replicate,family_score_shift_range_points,family_percentile_shift_range,kendall_tau_b,all_eligible_pairs,all_flips,all_flip_rate,cross_family_eligible_pairs,cross_family_flips,cross_family_flip_rate,close_cross_family_eligible_pairs,close_cross_family_flips,close_cross_family_flip_rate,benchmark,anchor_fraction,audit_half,target_half
0,0.22775352674816973,0.007779654654654657,0.9806443846043205,55491,528,0.009515056495647944,35060,241,0.006873930405019966,2264,241,0.10644876325088339,HellaSwag,0.5,discovery,validation
1,0.20617761134840543,0.0036724224224224224,0.978900267019314,55494,578,0.010415540418784012,35061,278,0.007929037962408373,2265,278,0.12273730684326711,HellaSwag,0.5,discovery,validation
2,0.10127167854530707,0.0034816066066066078,0.980752666897626,55492,526,0.009478843797304116,35060,249,0.007102110667427267,2264,249,0.10998233215547704,HellaSwag,0.5,discovery,validation
3,0.19332901316349693,0.006850600600600594,0.981076454506374,55492,515,0.009280617025877604,35061,258,0.007358603576623599,2265,258,0.11390728476821192,HellaSwag,0.5,discovery,validation
4,0.11988500976584537,0.003492434742434739,0.9819663765743765,55490,490,0.008830419895476662,35059,252,0.007187883282466699,2263,252,0.11135660627485638,HellaSwag,0.5,discovery,validation
5,0.18725727607530462,0.009794169169169175,0.9798708780733109,55490,548,0.009875653270859614,35060,294,0.00838562464346834,2264,294,0.12985865724381626,HellaSwag,0.5,discovery,validation
6,0.11655855074989155,0.003874066374066375,0.9817600061248419,55492,498,0.008974266560945722,35060,248,0.007073588134626355,2264,248,0.10954063604240283,HellaSwag,0.5,discovery,validation
7,0.17580997741260326,0.00829892392392392,0.9795386499711222,55493,559,0.010073342583749301,35060,278,0.007929264118653736,2264,278,0.12279151943462897,HellaSwag,0.5,discovery,validation
8,0.0983008095919411,0.006506506506506502,0.9826142867755685,55491,472,0.008505883837018616,35060,239,0.00681688533941814,2264,239,0.10556537102473498,HellaSwag,0.5,discovery,validation
9,0.2767559640309274,0.012461842007296546,0.9780180601036833,55491,602,0.010848606080265269,35061,298,0.008499472348193149,2265,298,0.1315673289183223,HellaSwag,0.5,discovery,validation
10,0.1594329279422351,0.004647209192663736,0.9806535552925746,55492,529,0.0095329056440568,35059,261,0.007444593399697653,2263,261,0.11533362792752982,HellaSwag,0.5,discovery,validation
11,0.14850736290236605,0.011458333333333341,0.9810492992616192,55492,517,0.00931665825704606,35060,253,0.007216200798630918,2264,253,0.11174911660777385,HellaSwag,0.5,discovery,validation
12,0.14848042659687755,0.005702818202818204,0.981516996679581,55492,503,0.009064369638866863,35060,231,0.006588705077010839,2264,231,0.10203180212014135,HellaSwag,0.5,discovery,validation
13,0.09885739306150251,0.005880880880880891,0.9811392410727657,55491,515,0.009280784271323278,35059,250,0.00713083658974871,2263,250,0.1104728236853734,HellaSwag,0.5,discovery,validation
14,0.255816365761719,0.003244980517707799,0.98208379373359,55492,489,0.008812081020687666,35061,221,0.006303299962921765,2265,221,0.09757174392935983,HellaSwag,0.5,discovery,validation
15,0.12830309055339129,0.00263725263725264,0.9794035518611761,55493,564,0.010163444037986772,35061,293,0.008356863751746955,2265,293,0.1293598233995585,HellaSwag,0.5,discovery,validation
16,0.22361236635245013,0.011284011284011287,0.979241279734117,55491,564,0.010163810347623939,35061,290,0.008271298593879239,2265,290,0.1280353200883002,HellaSwag,0.5,discovery,validation
17,0.34825597985442286,0.008963508963508955,0.9778745548198662,55492,603,0.0108664311972897,35061,282,0.00804312483956533,2265,282,0.12450331125827814,HellaSwag,0.5,discovery,validation
18,0.27927560093394227,0.0062466312466312405,0.9805636134814281,55491,531,0.009569119316645943,35061,248,0.007073386383731211,2265,248,0.10949227373068433,HellaSwag,0.5,discovery,validation
19,0.10872518146713829,0.005702818202818199,0.9802126600288732,55491,540,0.009731307779639941,35060,231,0.006588705077010839,2264,231,0.10203180212014135,HellaSwag,0.5,discovery,validation
20,0.2559921281004665,0.005824522869977411,0.9816422455527667,55487,499,0.00899309748229315,35058,231,0.006589080951565976,2262,231,0.10212201591511937,HellaSwag,0.5,discovery,validation
21,0.37389077868705217,0.017017017017017015,0.9801770444820741,55492,541,0.009749153031067541,35061,275,0.007843472804540657,2265,275,0.12141280353200883,HellaSwag,0.5,discovery,validation
22,0.16876798330834422,0.011699199199199197,0.9806715436548039,55491,528,0.009515056495647944,35061,267,0.007615299050226748,2265,267,0.11788079470198676,HellaSwag,0.5,discovery,validation
23,0.2905306668996617,0.013494744744744746,0.9794571420218406,55491,560,0.010091726586293273,35061,262,0.007472690453780554,2265,262,0.11567328918322296,HellaSwag,0.5,discovery,validation
24,0.2195437354754336,0.005869505869505865,0.9788719381288606,55487,576,0.01038080991944059,35058,280,0.00798676478977694,2262,280,0.1237842617152962,HellaSwag,0.5,discovery,validation
25,0.20158712297124246,0.005505505505505511,0.9834505943447271,55491,451,0.008127444090032618,35061,235,0.006702604032971108,2265,235,0.10375275938189846,HellaSwag,0.5,discovery,validation
26,0.2665862722474477,0.009398821898821897,0.9829295514701101,55494,466,0.00839730421306808,35061,227,0.006474430278657198,2265,227,0.10022075055187638,HellaSwag,0.5,discovery,validation
27,0.3138104563967064,0.016948198198198202,0.9791880730515138,55494,569,0.01025336072368184,35061,314,0.008955819856820969,2265,314,0.13863134657836645,HellaSwag,0.5,discovery,validation
28,0.15604084747082175,0.006381381381381376,0.9801862193660164,55493,542,0.009766997639341898,35061,257,0.00733008185733436,2265,257,0.11346578366445915,HellaSwag,0.5,discovery,validation
29,0.1613191066164943,0.007186421959149243,0.9799611860762422,55492,548,0.00987529734015714,35059,274,0.007815396902364585,2263,274,0.12107821475916924,HellaSwag,0.5,discovery,validation
30,0.28933135158237905,0.0073198198198198275,0.9790437878514563,55493,573,0.010325626655614222,35061,276,0.007871994523829896,2265,276,0.12185430463576159,HellaSwag,0.5,discovery,validation
31,0.24218297085362664,0.005038692538692525,0.9827225328293517,55494,471,0.008487404043680398,35061,212,0.006046604489318616,2265,212,0.09359823399558499,HellaSwag,0.5,discovery,validation
32,0.20082816449045524,0.009394009394009403,0.9798081022677975,55491,551,0.009929538123299273,35061,270,0.0077008642080944635,2265,270,0.11920529801324503,HellaSwag,0.5,discovery,validation
33,0.2942669979292907,0.014702202202202197,0.9795015534524757,55488,557,0.01003820645905421,35058,313,0.00892806206857208,2262,313,0.13837312113174183,HellaSwag,0.5,discovery,validation
34,0.15180113853315705,0.005391755391755399,0.9829200889334665,55492,466,0.008397606862250415,35061,227,0.006474430278657198,2265,227,0.10022075055187638,HellaSwag,0.5,discovery,validation
35,0.0895054563799336,0.0092977592977593,0.982011840931646,55492,490,0.008830101636271894,35061,241,0.00687373434870654,2265,241,0.106401766004415,HellaSwag,0.5,discovery,validation
36,0.18491791293634793,0.006037287287287292,0.9817868221130206,55491,496,0.008938386405002613,35060,263,0.007501426126640046,2264,263,0.11616607773851591,HellaSwag,0.5,discovery,validation
37,0.21007921850309252,0.012706456456456456,0.9805276367569694,55491,530,0.009551098376313277,35061,266,0.007586777330937509,2265,265,0.11699779249448124,HellaSwag,0.5,discovery,validation
38,0.29546183568616896,0.005726880726880726,0.9807163387002283,55491,526,0.009479014614982609,35061,237,0.006759647471549585,2265,237,0.10463576158940398,HellaSwag,0.5,discovery,validation
39,0.14169717186849773,0.006755722664813571,0.9766065996553516,55494,642,0.011568818250621688,35061,277,0.007900516243119136,2265,277,0.12229580573951435,HellaSwag,0.5,discovery,validation
40,0.23684235984900698,0.002627627627627618,0.9805819562184517,55493,531,0.009568774440019462,35061,235,0.006702604032971108,2265,235,0.10375275938189846,HellaSwag,0.5,discovery,validation
41,0.17524691148556154,0.009321821821821823,0.9818944218314606,55490,494,0.008902504955847901,35059,248,0.007073789897030719,2263,248,0.1095890410958904,HellaSwag,0.5,discovery,validation
42,0.1526029228393596,0.007319819819819809,0.9826496300705507,55487,471,0.008488474777875898,35061,249,0.00710190810302045,2265,249,0.10993377483443709,HellaSwag,0.5,discovery,validation
43,0.07553700774062193,0.0070680184316547915,0.9770199061222558,55492,628,0.011316946586895409,35059,307,0.008756667332211416,2263,305,0.13477684489615555,HellaSwag,0.5,discovery,validation
44,0.17070545944295185,0.007545045045045043,0.981391078143976,55491,507,0.009136616748661945,35061,241,0.00687373434870654,2265,241,0.106401766004415,HellaSwag,0.5,discovery,validation
45,0.2271517090859222,0.0031281281281281235,0.9799967977411497,55491,545,0.009821412481303275,35061,268,0.0076438207695159865,2265,268,0.11832229580573951,HellaSwag,0.5,discovery,validation
46,0.14550074594189777,0.005746130746130748,0.9769471141395233,55488,629,0.01133578431372549,35060,258,0.007358813462635482,2264,258,0.11395759717314488,HellaSwag,0.5,discovery,validation
47,0.1531765984793757,0.006451699633517813,0.9782607073142036,55490,595,0.010722652730221662,35060,275,0.007843696520250997,2264,275,0.12146643109540636,HellaSwag,0.5,discovery,validation
48,0.42569801248449485,0.008624249249249243,0.9776678939414281,55493,611,0.011010397707819005,35060,316,0.009013120365088419,2264,315,0.13913427561837455,HellaSwag,0.5,discovery,validation
49,0.19433589248933253,0.010673173173173171,0.9788191284212397,55493,579,0.010433748400699187,35061,288,0.008214255155300762,2265,288,0.1271523178807947,HellaSwag,0.5,discovery,validation
50,0.11241826267220266,0.0062202181520363345,0.9806895320170332,55492,525,0.009460823181719888,35061,261,0.007444168734491315,2265,261,0.1152317880794702,HellaSwag,0.5,discovery,validation
51,0.21450964557303592,0.0048173173173173146,0.9834594374898831,55489,449,0.008091693849231378,35060,213,0.00607529948659441,2264,213,0.09408127208480566,HellaSwag,0.5,discovery,validation
52,0.09781648912161478,0.004720345345345338,0.978304692867937,55484,591,0.010651719414606013,35059,303,0.008642573946775436,2263,303,0.13389306230667256,HellaSwag,0.5,discovery,validation
53,0.10212894312680233,0.0031719219219219228,0.9815163224880437,55488,503,0.00906502306805075,35061,256,0.007301560138045122,2265,256,0.1130242825607064,HellaSwag,0.5,discovery,validation
54,0.17801047091680888,0.011957722184994914,0.9778921404358445,55490,605,0.010902865381149757,35060,292,0.008328579577866514,2264,292,0.12897526501766785,HellaSwag,0.5,discovery,validation
55,0.17370465620825482,0.004166666666666664,0.9814990083173517,55491,504,0.009082553927663946,35061,239,0.006816690910128063,2265,239,0.1055187637969095,HellaSwag,0.5,discovery,validation
56,0.15314317586263906,0.0024608206426388196,0.9817423515872863,55494,498,0.008973943128986918,35061,248,0.007073386383731211,2265,248,0.10949227373068433,HellaSwag,0.5,discovery,validation
57,0.20732261682462338,0.01089527027027026,0.9802669854845041,55493,538,0.009694916475951922,35060,286,0.008157444381061038,2264,286,0.12632508833922262,HellaSwag,0.5,discovery,validation
58,0.38399746603217977,0.010926551551551545,0.9772629560033423,55492,621,0.01119080227780581,35060,289,0.008243011979463777,2264,289,0.12765017667844522,HellaSwag,0.5,discovery,validation
59,0.20074764717973903,0.0088400900900901,0.9831719260046767,55492,458,0.008253441937576588,35061,226,0.006445908559367958,2265,226,0.09977924944812362,HellaSwag,0.5,discovery,validation
60,0.20178569408696007,0.008195695695695688,0.9812559944195373,55491,512,0.009226721450325277,35060,237,0.006759840273816315,2264,237,0.10468197879858657,HellaSwag,0.5,discovery,validation
61,0.1539538824223112,0.005694227285136378,0.9798976777155421,55489,548,0.009875831245832507,35059,269,0.007672780170569611,2263,269,0.11886875828546177,HellaSwag,0.5,discovery,validation
62,0.17185644277376902,0.007334257334257341,0.9819124105171896,55491,493,0.008884323584004613,35060,225,0.006417569880205362,2264,225,0.09938162544169611,HellaSwag,0.5,discovery,validation
63,0.10976202402271515,0.00505313005313005,0.9797901139055681,55492,553,0.009965400418078281,35060,255,0.007273245864232744,2264,255,0.11263250883392226,HellaSwag,0.5,discovery,validation
64,0.28272829649329206,0.010019635019635017,0.9805459801409575,55493,531,0.009568774440019462,35060,260,0.007415858528237307,2264,260,0.11484098939929328,HellaSwag,0.5,discovery,validation
65,0.2313596362535305,0.012950450450450462,0.9817152026595164,55494,498,0.008973943128986918,35061,252,0.007187473260888167,2265,252,0.11125827814569536,HellaSwag,0.5,discovery,validation
66,0.16144208578624544,0.005421046046046043,0.9798800557167147,55491,549,0.00989349624263394,35058,285,0.008129385589594387,2262,285,0.1259946949602122,HellaSwag,0.5,discovery,validation
67,0.2857709941245107,0.009702009702009712,0.9815624728171615,55494,502,0.009046022993476772,35061,261,0.007444168734491315,2265,261,0.1152317880794702,HellaSwag,0.5,discovery,validation
68,0.15470914872503694,0.003753753753753756,0.9808694156393263,55492,522,0.009406761334967203,35061,262,0.007472690453780554,2265,262,0.11567328918322296,HellaSwag,0.5,discovery,validation
69,0.2208521806011151,0.006526257662621297,0.9804017182213645,55492,536,0.0096590499531464,35059,265,0.007558686785133632,2263,265,0.1171011931064958,HellaSwag,0.5,discovery,validation
70,0.3897249737526528,0.009485208348844715,0.9783966064629644,55494,589,0.010613760046131113,35061,334,0.009526254242605744,2265,334,0.14746136865342163,HellaSwag,0.5,discovery,validation
71,0.29664179724516787,0.01438626126126126,0.9795026738936281,55493,560,0.010091362874596796,35060,253,0.007216200798630918,2264,253,0.11174911660777385,HellaSwag,0.5,discovery,validation
72,0.43170504109416186,0.011045420420420424,0.9811205642846285,55488,514,0.009263264129181084,35059,275,0.00784392024872358,2263,275,0.12152010605391074,HellaSwag,0.5,discovery,validation
73,0.28437482996099034,0.00424856674856674,0.9815886141740676,55489,502,0.009046838112058246,35059,235,0.006702986394363787,2263,235,0.103844454264251,HellaSwag,0.5,discovery,validation
74,0.29587935167641316,0.0053793462884372005,0.9799340208034026,55492,548,0.00987529734015714,35061,299,0.008527994067482388,2265,299,0.13200883002207506,HellaSwag,0.5,discovery,validation
75,0.2273412290725012,0.005486255486255481,0.9831990621637219,55492,457,0.00823542132199236,35061,234,0.006674082313681869,2265,234,0.10331125827814569,HellaSwag,0.5,discovery,validation
76,0.22043891342300517,0.01058269808269808,0.9797082424443636,55487,554,0.009984320651684178,35059,238,0.006788556433440771,2263,238,0.10517012814847547,HellaSwag,0.5,discovery,validation
77,0.2777353119739645,0.009572072072072068,0.9799883509397987,55494,546,0.009838901502865175,35061,277,0.007900516243119136,2265,277,0.12229580573951435,HellaSwag,0.5,discovery,validation
78,0.18991723276618658,0.004995379995379997,0.9802394627443931,55490,538,0.009695440619931519,35060,250,0.00713063320022818,2264,250,0.11042402826855123,HellaSwag,0.5,discovery,validation
79,0.15817537899085768,0.005380380380380379,0.9815346481168806,55490,504,0.009082717606775996,35061,236,0.006731125752260346,2265,236,0.10419426048565121,HellaSwag,0.5,discovery,validation
80,0.12604009814828698,0.004087367723731353,0.9837655419582437,55491,441,0.007947234686705952,35061,218,0.0062177348050540485,2265,218,0.09624724061810154,HellaSwag,0.5,discovery,validation
81,0.2847895374215161,0.013715638715638712,0.9809413690882435,55492,519,0.009352699488214518,35061,272,0.007757907646672941,2265,272,0.12008830022075055,HellaSwag,0.5,discovery,validation
82,0.10585847924923582,0.002937312312312316,0.9793583932120649,55492,565,0.010181647805089022,35061,269,0.007672342488805225,2265,269,0.11876379690949228,HellaSwag,0.5,discovery,validation
83,0.24759680388018063,0.012806556556556561,0.9764986714228692,55494,645,0.01162287814898908,35061,352,0.010039645189812043,2265,352,0.1554083885209713,HellaSwag,0.5,discovery,validation
84,0.14120259919362502,0.004995379995379991,0.9831094302402349,55494,460,0.008289184416333297,35061,227,0.006474430278657198,2265,226,0.09977924944812362,HellaSwag,0.5,discovery,validation
85,0.18972647021575406,0.012144375780739416,0.9779197264838868,55493,603,0.01086623538103905,35061,299,0.008527994067482388,2265,299,0.13200883002207506,HellaSwag,0.5,discovery,validation
86,0.265291693147802,0.013169419419419428,0.9753294489043103,55493,675,0.012163696322058638,35060,293,0.008357102110667427,2264,293,0.12941696113074205,HellaSwag,0.5,discovery,validation
87,0.07952516740520583,0.002646396396396398,0.9845478943073221,55490,420,0.007568931338979996,35061,217,0.00618921308576481,2265,217,0.09580573951434879,HellaSwag,0.5,discovery,validation
88,0.29629279778724665,0.013043518725336914,0.9800959160634662,55491,540,0.009731307779639941,35059,294,0.008385863829544482,2263,294,0.12991604065399912,HellaSwag,0.5,discovery,validation
89,0.10859976276390702,0.0068818818818818725,0.9779996712380372,55489,602,0.010848997098524032,35059,300,0.008557003907698452,2263,300,0.13256738842244808,HellaSwag,0.5,discovery,validation
90,0.18478112348902712,0.005818318318318303,0.9817691667757575,55493,498,0.00897410484205215,35061,257,0.00733008185733436,2265,257,0.11346578366445915,HellaSwag,0.5,discovery,validation
91,0.2685832156333657,0.0041477427841064285,0.9792956226582601,55493,565,0.010181464328834267,35060,271,0.007729606389047347,2264,271,0.11969964664310954,HellaSwag,0.5,discovery,validation
92,0.12393577181618803,0.002449324324324323,0.98028497368499,55492,537,0.009677070568730628,35060,273,0.007786651454649173,2264,273,0.12058303886925795,HellaSwag,0.5,discovery,validation
93,0.10600110944290306,0.00211750211750211,0.982335628540394,55494,482,0.0086856236710275,35061,208,0.005932517612161661,2265,208,0.09183222958057395,HellaSwag,0.5,discovery,validation
94,0.0842393476062955,0.004567067067067056,0.9814898452312377,55490,504,0.009082717606775996,35058,241,0.0068743225512008675,2262,241,0.10654288240495137,HellaSwag,0.5,discovery,validation
95,0.2918056993423096,0.004320277047549779,0.9810852759860779,55492,517,0.00931665825704606,35061,256,0.007301560138045122,2265,256,0.1130242825607064,HellaSwag,0.5,discovery,validation
96,0.2566291515952558,0.006671444171444171,0.9816785576027127,55490,500,0.009010632546404758,35060,241,0.006873930405019966,2264,241,0.10644876325088339,HellaSwag,0.5,discovery,validation
97,0.1083629298043245,0.0072572572572572715,0.9837655419582437,55491,441,0.007947234686705952,35061,197,0.0056187786999800345,2265,197,0.0869757174392936,HellaSwag,0.5,discovery,validation
98,0.28497303482031533,0.0063164662596480806,0.9763631158978024,55491,646,0.011641527454902597,35060,339,0.009669138619509413,2264,338,0.14929328621908128,HellaSwag,0.5,discovery,validation
99,0.31911262994296635,0.011323823823823818,0.980320591172735,55491,536,0.009659224018309275,35061,270,0.0077008642080944635,2265,269,0.11876379690949228,HellaSwag,0.5,discovery,validation
100,0.14680209844320993,0.005544005544005542,0.9803301236759928,55493,537,0.009676896185104427,35061,238,0.006788169190838824,2265,238,0.10507726269315673,HellaSwag,0.5,discovery,validation
101,0.3048478391002764,0.002768393393393397,0.9814721949170659,55492,506,0.00911843148561955,35060,239,0.00681688533941814,2264,239,0.10556537102473498,HellaSwag,0.5,discovery,validation
102,0.1835848684463679,0.008133133133133127,0.9792508413511694,55493,567,0.010217504910529257,35061,279,0.007957559681697613,2265,279,0.12317880794701987,HellaSwag,0.5,discovery,validation
103,0.2392623537487483,0.007757757757757772,0.9799520091656319,55491,547,0.009857454361968608,35060,272,0.0077581289218482605,2264,272,0.12014134275618374,HellaSwag,0.5,discovery,validation
104,0.2080098842293368,0.005505505505505503,0.9785848936362049,55491,584,0.010524229154277271,35058,296,0.008443151349192766,2262,295,0.1304155614500442,HellaSwag,0.5,discovery,validation
105,0.20425326949529504,0.01032282282282282,0.981301477768334,55493,510,0.009190348332222082,35060,256,0.007301768397033657,2264,256,0.11307420494699646,HellaSwag,0.5,discovery,validation
106,0.13596645314568429,0.002177320359138535,0.9785313198012869,55493,587,0.010577910727479142,35060,289,0.008243011979463777,2264,288,0.127208480565371,HellaSwag,0.5,discovery,validation
107,0.2628155120309999,0.012331081081081077,0.979466697816134,55493,562,0.010127403456291784,35061,314,0.008955819856820969,2265,314,0.13863134657836645,HellaSwag,0.5,discovery,validation
108,0.10578129652414638,0.00961899399399399,0.9800327747891034,55491,546,0.009839433421635941,35060,298,0.008499714774671992,2264,298,0.13162544169611307,HellaSwag,0.5,discovery,validation
109,0.09080997945571248,0.005904943404943415,0.9815617993271457,55490,503,0.009064696341683186,35060,239,0.00681688533941814,2264,239,0.10556537102473498,HellaSwag,0.5,discovery,validation
110,0.22722676726843727,0.006643368575186753,0.9817148686641033,55491,499,0.008992449226000612,35061,251,0.007158951541598927,2265,251,0.11081677704194261,HellaSwag,0.5,discovery,validation
111,0.06988436263675053,0.005356317856317856,0.9804641433435353,55488,532,0.009587658592848904,35060,257,0.007330290929834569,2264,257,0.11351590106007067,HellaSwag,0.5,discovery,validation
112,0.03504191630819646,0.0033206283206283294,0.98025781132353,55492,540,0.009731132415483313,35061,255,0.007273038418755882,2265,254,0.11214128035320088,HellaSwag,0.5,discovery,validation
113,0.22121199162786656,0.003541367177730812,0.9790797642524282,55493,572,0.010307606364766728,35061,260,0.007415647015202077,2265,260,0.11479028697571744,HellaSwag,0.5,discovery,validation
114,0.11470454663661071,0.0059208246708246735,0.9787555895867389,55490,581,0.010470355018922328,35060,278,0.007929264118653736,2264,278,0.12279151943462897,HellaSwag,0.5,discovery,validation
115,0.2006905887787176,0.01016401016401016,0.9803477531346765,55491,536,0.009659224018309275,35061,245,0.006987821225863495,2265,245,0.10816777041942605,HellaSwag,0.5,discovery,validation
116,0.1321187675774492,0.007939189189189195,0.9801678695123835,55491,542,0.009767349660305276,35061,261,0.007444168734491315,2265,261,0.1152317880794702,HellaSwag,0.5,discovery,validation
117,0.30529503293096366,0.00926339562703199,0.9787823792003445,55489,577,0.010398457351907585,35058,303,0.00864282046893719,2262,303,0.13395225464190982,HellaSwag,0.5,discovery,validation
118,0.1583730001985284,0.007807807807807805,0.9808877528771517,55494,522,0.009406422315926047,35061,266,0.007586777330937509,2265,266,0.11743929359823399,HellaSwag,0.5,discovery,validation
119,0.20316680784522445,0.009697197197197202,0.9784857617270845,55491,587,0.01057829197527527,35061,331,0.009440689084738028,2265,331,0.14613686534216336,HellaSwag,0.5,discovery,validation
120,0.21560656890705626,0.007127478718387793,0.9817691667757575,55493,498,0.00897410484205215,35061,254,0.007244516699466644,2265,254,0.11214128035320088,HellaSwag,0.5,discovery,validation
121,0.1934935579745486,0.008522985795713072,0.9776490919994177,55490,611,0.011010992971706613,35061,291,0.008299820313168478,2265,291,0.12847682119205298,HellaSwag,0.5,discovery,validation
122,0.12658780772031528,0.00794544544544544,0.980356568220689,55491,537,0.009677244958641942,35061,231,0.006588517155814153,2265,231,0.10198675496688742,HellaSwag,0.5,discovery,validation
123,0.10607617592100038,0.005091532648350829,0.9814270548684346,55491,506,0.009118595808329279,35060,251,0.007159155733029093,2264,251,0.11086572438162544,HellaSwag,0.5,discovery,validation
124,0.14797851016177715,0.00999436936936937,0.978773578110716,55491,580,0.010452145392946604,35060,251,0.007159155733029093,2264,251,0.11086572438162544,HellaSwag,0.5,discovery,validation
125,0.20689720411532697,0.011899399399399406,0.975013522555463,55489,684,0.012326767467425977,35059,311,0.008870760717647395,2263,311,0.13742819266460451,HellaSwag,0.5,discovery,validation
126,0.2992805187589894,0.010918459782096154,0.9811932061594537,55492,512,0.009226555179124919,35061,262,0.007472690453780554,2265,262,0.11567328918322296,HellaSwag,0.5,discovery,validation
127,0.3350710725740261,0.005411661661661667,0.9793128571044706,55488,565,0.010182381776239908,35059,260,0.007416070053338658,2263,260,0.11489173663278833,HellaSwag,0.5,discovery,validation
128,0.2128889239593617,0.009043754498299951,0.9796825542810987,55493,556,0.010019281711206819,35061,320,0.009126950172556401,2265,320,0.141280353200883,HellaSwag,0.5,discovery,validation
129,0.18329859194377804,0.007239677694223146,0.980248997284018,55492,538,0.009695091184314856,35061,266,0.007586777330937509,2265,266,0.11743929359823399,HellaSwag,0.5,discovery,validation
130,0.12027509239776198,0.004717368353731993,0.9809861665598827,55490,518,0.009335015318075329,35061,251,0.007158951541598927,2265,251,0.11081677704194261,HellaSwag,0.5,discovery,validation
131,0.36986479879801326,0.0074501154046608484,0.980590773093252,55493,530,0.009550754149171968,35061,243,0.0069307777872850175,2265,243,0.10728476821192053,HellaSwag,0.5,discovery,validation
132,0.2510403705628588,0.0047258797258797275,0.9813635857178046,55488,506,0.009119088811995387,35059,243,0.006931173165235746,2263,243,0.10737958462218294,HellaSwag,0.5,discovery,validation
133,0.2001419758169513,0.007171298364480184,0.9788994977785547,55490,577,0.01039826995855109,35060,276,0.007872219053051912,2264,276,0.12190812720848057,HellaSwag,0.5,discovery,validation
134,0.19928095391077205,0.01376376376376376,0.98154414771901,55492,504,0.009082390254451091,35061,244,0.006959299506574256,2265,244,0.10772626931567329,HellaSwag,0.5,discovery,validation
135,0.1863614006051265,0.007945445445445445,0.9763727551516398,55493,647,0.011659128178328797,35060,312,0.00889903023388477,2264,312,0.13780918727915195,HellaSwag,0.5,discovery,validation
136,0.33394907209173325,0.00758506440324622,0.9836127907748998,55493,445,0.008019029427134955,35061,254,0.007244516699466644,2265,254,0.11214128035320088,HellaSwag,0.5,discovery,validation
137,0.22260666762556652,0.010260260260260256,0.9796909928335412,55490,555,0.010001802126509281,35060,266,0.007586993725042784,2264,266,0.11749116607773852,HellaSwag,0.5,discovery,validation
138,0.22144453486439694,0.011954261954261955,0.9801950326825601,55493,542,0.009766997639341898,35061,271,0.007729385927383703,2265,271,0.1196467991169978,HellaSwag,0.5,discovery,validation
139,0.11875636470504324,0.00869619619619621,0.98010509168013,55492,543,0.009785194262235997,35060,271,0.007729606389047347,2264,271,0.11969964664310954,HellaSwag,0.5,discovery,validation
140,0.1665444424817061,0.007897320397320403,0.9801862193660164,55493,542,0.009766997639341898,35061,257,0.00733008185733436,2265,257,0.11346578366445915,HellaSwag,0.5,discovery,validation
141,0.249614190067319,0.012040887040887037,0.9821102860602086,55490,488,0.008794377365291043,35060,267,0.007615516257843696,2264,267,0.11793286219081273,HellaSwag,0.5,discovery,validation
142,0.2579635926845505,0.004413504413504412,0.9788994977785547,55490,577,0.01039826995855109,35061,269,0.007672342488805225,2265,269,0.11876379690949228,HellaSwag,0.5,discovery,validation
143,0.12019034081844071,0.005396021021021011,0.9800599393390076,55491,543,0.009785370600637942,35060,308,0.008784940102681119,2264,308,0.13604240282685512,HellaSwag,0.5,discovery,validation
144,0.029035891611919468,0.002099214599214595,0.9799703629010517,55493,547,0.009857099093579371,35061,235,0.006702604032971108,2265,235,0.10375275938189846,HellaSwag,0.5,discovery,validation
145,0.11230648141475714,0.005086336336336334,0.9814545455550865,55494,507,0.00913612282408909,35061,268,0.0076438207695159865,2265,268,0.11832229580573951,HellaSwag,0.5,discovery,validation
146,0.2579431097179707,0.006850600600600601,0.9815801241199821,55492,503,0.009064369638866863,35061,242,0.006902256067995779,2265,242,0.10684326710816777,HellaSwag,0.5,discovery,validation
147,0.34390003657615076,0.011129879879879886,0.9765166594616163,55493,643,0.01158704701493882,35061,340,0.009697384558341177,2265,340,0.15011037527593818,HellaSwag,0.5,discovery,validation
148,0.16106049065588893,0.006867444367444365,0.981076454506374,55492,516,0.009298637641461832,35060,262,0.007472903593839133,2264,261,0.11528268551236749,HellaSwag,0.5,discovery,validation
149,0.13669284202739496,0.010823323323323322,0.9799516437727291,55490,547,0.009857632005766805,35060,272,0.0077581289218482605,2264,272,0.12014134275618374,HellaSwag,0.5,discovery,validation
150,0.1712706812993027,0.0060101423737787315,0.975633916464555,55487,666,0.012002811469353182,35059,298,0.008499957214980461,2263,297,0.1312417145382236,HellaSwag,0.5,discovery,validation
151,0.19740345167800874,0.008633633633633633,0.9809505371029721,55493,520,0.009370551240697024,35061,256,0.007301560138045122,2265,256,0.1130242825607064,HellaSwag,0.5,discovery,validation
152,0.24997726173344076,0.0058183183183183294,0.9826594161491419,55492,472,0.008505730555755785,35060,218,0.006217912150598973,2264,218,0.09628975265017668,HellaSwag,0.5,discovery,validation
153,0.25380420931397035,0.0030803212621394386,0.9837655419582437,55491,440,0.007929213746373285,35060,225,0.006417569880205362,2264,225,0.09938162544169611,HellaSwag,0.5,discovery,validation
154,0.18080639368096835,0.01014957264957264,0.9791153600662782,55490,571,0.010290142367994233,35061,301,0.008585037506060865,2265,301,0.13289183222958056,HellaSwag,0.5,discovery,validation
155,0.17583467041206532,0.007003878878878878,0.9810401321318136,55491,517,0.009316826151988611,35060,248,0.007073588134626355,2264,248,0.10954063604240283,HellaSwag,0.5,discovery,validation
156,0.18473427755773789,0.0029435685685685704,0.9814990083173517,55491,504,0.009082553927663946,35060,260,0.007415858528237307,2264,260,0.11484098939929328,HellaSwag,0.5,discovery,validation
157,0.17483370815199542,0.0028119803687985468,0.9822728318606753,55493,483,0.008703800479339736,35060,206,0.005875641756988021,2264,206,0.09098939929328621,HellaSwag,0.5,discovery,validation
158,0.08117806852571414,0.0061648186648186635,0.9818411189307459,55493,494,0.008902023678662174,35061,218,0.0062177348050540485,2265,218,0.09624724061810154,HellaSwag,0.5,discovery,validation
159,0.4284773836251364,0.020332832832832843,0.9776047318125763,55493,613,0.011046438289513993,35061,308,0.008784689541085536,2265,308,0.13598233995584988,HellaSwag,0.5,discovery,validation
160,0.08195571175170252,0.0031906906906906994,0.9827313689510859,55492,471,0.008487709940171556,35061,219,0.006246256524343287,2265,218,0.09624724061810154,HellaSwag,0.5,discovery,validation
161,0.21544151638489767,0.007695195195195188,0.9787643905146155,55490,580,0.010452333753829519,35061,278,0.007929037962408373,2265,277,0.12229580573951435,HellaSwag,0.5,discovery,validation
162,0.2701727383419405,0.010926215471670019,0.9782970798405363,55491,594,0.010704438557603935,35061,290,0.008271298593879239,2265,289,0.12759381898454747,HellaSwag,0.5,discovery,validation
163,0.10446584598279925,0.007218757218757216,0.9831268009131416,55491,459,0.008271611612693951,35060,230,0.006560182544209926,2264,230,0.10159010600706714,HellaSwag,0.5,discovery,validation
164,0.2055949239675464,0.0085951335951336,0.9822362068603114,55489,482,0.008686406314765088,35061,269,0.007672342488805225,2265,269,0.11876379690949228,HellaSwag,0.5,discovery,validation
165,0.22006541593298426,0.007856513538331722,0.9809325489024862,55492,518,0.009334678872630288,35061,277,0.007900516243119136,2265,277,0.12229580573951435,HellaSwag,0.5,discovery,validation
166,0.11328082314779424,0.004022100613009707,0.9797361488188803,55491,554,0.009983600944297273,35061,257,0.00733008185733436,2265,257,0.11346578366445915,HellaSwag,0.5,discovery,validation
167,0.11826584177965613,0.0024475405157223388,0.9798892332742981,55492,548,0.00987529734015714,35061,273,0.00778642936596218,2265,273,0.1205298013245033,HellaSwag,0.5,discovery,validation
168,0.24560547156826673,0.008136261261261258,0.980059575887103,55490,545,0.009821589475581186,35060,268,0.007644038790644609,2264,268,0.11837455830388692,HellaSwag,0.5,discovery,validation
169,0.1635459111382159,0.008821321321321319,0.9814986707454226,55490,503,0.009064696341683186,35061,268,0.0076438207695159865,2265,268,0.11832229580573951,HellaSwag,0.5,discovery,validation
170,0.15167337773288028,0.005858647904102445,0.9776766846145203,55493,610,0.01099237741697151,35061,298,0.008499472348193149,2265,298,0.1315673289183223,HellaSwag,0.5,discovery,validation
171,0.39804716625742587,0.017576951951951955,0.9722170134070324,55491,763,0.013749977473824584,35060,361,0.010296634341129492,2264,361,0.15945229681978798,HellaSwag,0.5,discovery,validation
172,0.13566588737395657,0.0036286286286286292,0.9819398881297019,55492,493,0.008884163483024581,35059,262,0.007473116746056647,2263,262,0.11577551922227132,HellaSwag,0.5,discovery,validation
173,0.21883052412780193,0.0101976976976977,0.9774696151779884,55491,615,0.011082878304589934,35061,321,0.00915547189184564,2265,321,0.14172185430463577,HellaSwag,0.5,discovery,validation
174,0.109741215848007,0.005067567567567573,0.9823447840156635,55493,482,0.008685780188492241,35061,239,0.006816690910128063,2265,239,0.1055187637969095,HellaSwag,0.5,discovery,validation
175,0.05416064564392159,0.004713908122999037,0.9797813040713821,55492,553,0.009965400418078281,35060,269,0.007672561323445522,2264,269,0.11881625441696113,HellaSwag,0.5,discovery,validation
176,0.1373246939044156,0.0015828328328328423,0.981436218516094,55492,507,0.009136452101203778,35061,213,0.006075126208607855,2265,213,0.09403973509933775,HellaSwag,0.5,discovery,validation
177,0.11543347161666109,0.006813063063063075,0.9756799943605745,55492,666,0.012001729979096086,35061,294,0.008385385471036195,2265,294,0.12980132450331125,HellaSwag,0.5,discovery,validation
178,0.22248415730365564,0.013231981981981972,0.9822728318606753,55493,483,0.008703800479339736,35061,271,0.007729385927383703,2265,271,0.1196467991169978,HellaSwag,0.5,discovery,validation
179,0.1234085022311801,0.004956879956879967,0.9815264970631364,55494,504,0.009082062925721699,35061,231,0.006588517155814153,2265,231,0.10198675496688742,HellaSwag,0.5,discovery,validation
180,0.169161792812786,0.005428505428505426,0.9799428321692187,55490,547,0.009857632005766805,35060,270,0.007701083856246435,2264,270,0.11925795053003534,HellaSwag,0.5,discovery,validation
181,0.09860619020805683,0.0036772309499582155,0.9799611860762422,55492,548,0.00987529734015714,35060,250,0.00713063320022818,2264,250,0.11042402826855123,HellaSwag,0.5,discovery,validation
182,0.15742070670487635,0.008946446446446456,0.9807078724896812,55494,526,0.0094785021804159,35061,242,0.006902256067995779,2265,240,0.10596026490066225,HellaSwag,0.5,discovery,validation
183,0.30778038452839684,0.001955467864558773,0.98082461969957,55492,523,0.009424781950551431,35060,274,0.007815173987450085,2264,274,0.12102473498233215,HellaSwag,0.5,discovery,validation
184,0.10506425362204848,0.0024062524062524035,0.9808337887609105,55493,523,0.009424612113239507,35061,224,0.006388865120789481,2265,224,0.0988962472406181,HellaSwag,0.5,discovery,validation
185,0.32168088693093966,0.010423885423885424,0.979763315870896,55493,552,0.009947200547816842,35061,289,0.00824277687459,2265,289,0.12759381898454747,HellaSwag,0.5,discovery,validation
186,0.20686801738431224,0.003034284284284282,0.9832795506325932,55489,455,0.008199823388419326,35061,218,0.0062177348050540485,2265,218,0.09624724061810154,HellaSwag,0.5,discovery,validation
187,0.2595696784309433,0.006179256179256187,0.9788631359173358,55489,576,0.010380435762042927,35060,295,0.008414147176269253,2264,295,0.13030035335689047,HellaSwag,0.5,discovery,validation
188,0.2938933956418207,0.005464736430645522,0.9785936928709462,55491,585,0.010542250094609937,35060,291,0.008300057045065602,2264,289,0.12765017667844522,HellaSwag,0.5,discovery,validation
189,0.146181350580815,0.006029273074727613,0.983063995831301,55492,462,0.0083255243999135,35061,243,0.0069307777872850175,2265,243,0.10728476821192053,HellaSwag,0.5,discovery,validation
190,0.13789650492683575,0.0048995276268003485,0.9799163987848105,55494,550,0.00991098136735503,35061,249,0.00710190810302045,2265,248,0.10949227373068433,HellaSwag,0.5,discovery,validation
191,0.2146052611724203,0.006699006699006697,0.9809057409158988,55493,521,0.009388571531544519,35061,277,0.007900516243119136,2265,277,0.12229580573951435,HellaSwag,0.5,discovery,validation
192,0.14570337603725803,0.0027965465465465407,0.9806267494942241,55493,529,0.009532733858324474,35061,260,0.007415647015202077,2265,260,0.11479028697571744,HellaSwag,0.5,discovery,validation
193,0.23980992736760912,0.009009009009009009,0.9775415686269056,55491,612,0.011028815483591933,35061,290,0.008271298593879239,2265,290,0.1280353200883002,HellaSwag,0.5,discovery,validation
194,0.31515587171139514,0.011638187774551407,0.9768404441590633,55493,634,0.011424864397311373,35060,310,0.008841985168282943,2264,310,0.13692579505300354,HellaSwag,0.5,discovery,validation
195,0.34657748232370794,0.014977477477477482,0.9783606307089395,55494,593,0.010685839910620968,35061,298,0.008499472348193149,2265,298,0.1315673289183223,HellaSwag,0.5,discovery,validation
196,0.23728087103225926,0.007647730375003102,0.9801502432885223,55493,542,0.009766997639341898,35061,280,0.007986081400986852,2265,280,0.12362030905077263,HellaSwag,0.5,discovery,validation
197,0.19476336990795795,0.013450950950950967,0.979142913118687,55493,568,0.010235525201376751,35061,277,0.007900516243119136,2265,277,0.12229580573951435,HellaSwag,0.5,discovery,validation
198,0.09438513101660782,0.0032195657195657253,0.9822368557831811,55493,483,0.008703800479339736,35061,237,0.006759647471549585,2265,237,0.10463576158940398,HellaSwag,0.5,discovery,validation
199,0.16983990530947235,0.004555692055692066,0.983010030744613,55491,462,0.00832567443369195,35061,231,0.006588517155814153,2265,231,0.10198675496688742,HellaSwag,0.5,discovery,validation
200,0.31923172605208894,0.012337337337337334,0.9786744470859704,55489,579,0.0104345005316369,35059,305,0.008699620639493425,2263,305,0.13477684489615555,HellaSwag,0.5,discovery,validation
201,0.1459953676552581,0.006672995309358954,0.98248868832564,55493,476,0.008577658443407276,35061,265,0.00755825561164827,2265,265,0.11699779249448124,HellaSwag,0.5,discovery,validation
202,0.17284727327284757,0.006401856401856398,0.9757874831305394,55491,661,0.011911841559892595,35061,298,0.008499472348193149,2265,298,0.1315673289183223,HellaSwag,0.5,discovery,validation
203,0.18891702157202953,0.00975975975975977,0.9807791233162628,55490,524,0.009443142908632187,35061,235,0.006702604032971108,2265,235,0.10375275938189846,HellaSwag,0.5,discovery,validation
204,0.20824909319287851,0.010691941941941945,0.9794483350232115,55491,561,0.01010974752662594,35059,294,0.008385863829544482,2263,294,0.12991604065399912,HellaSwag,0.5,discovery,validation
205,0.17442449646728048,0.007382382382382372,0.9808789334906871,55494,521,0.009388402349803582,35061,260,0.007415647015202077,2265,260,0.11479028697571744,HellaSwag,0.5,discovery,validation
206,0.09643662620180153,0.006179256179256177,0.9787112001887575,55493,581,0.010469788982394175,35061,290,0.008271298593879239,2265,290,0.1280353200883002,HellaSwag,0.5,discovery,validation
207,0.05325177584619947,0.0024062524062524095,0.9823169946345301,55489,482,0.008686406314765088,35060,237,0.006759840273816315,2264,237,0.10468197879858657,HellaSwag,0.5,discovery,validation
208,0.28934539160578265,0.012887887887887889,0.9783962126339601,55493,590,0.010631971600021625,35061,300,0.008556515786771626,2265,300,0.13245033112582782,HellaSwag,0.5,discovery,validation
209,0.13320891089433018,0.006350100100100108,0.9827310533856485,55491,471,0.008487862896685948,35060,253,0.007216200798630918,2264,253,0.11174911660777385,HellaSwag,0.5,discovery,validation
210,0.21089832998645341,0.011636636636636638,0.98298320375789,55492,462,0.0083255243999135,35060,248,0.007073588134626355,2264,248,0.10954063604240283,HellaSwag,0.5,discovery,validation
211,0.2779961609183561,0.013311388311388311,0.9826767715842378,55489,472,0.00850619041611851,35061,243,0.0069307777872850175,2265,243,0.10728476821192053,HellaSwag,0.5,discovery,validation
212,0.26997415630544547,0.008457838003292539,0.9794575164626341,55492,562,0.010127585958336337,35060,274,0.007815173987450085,2264,274,0.12102473498233215,HellaSwag,0.5,discovery,validation
213,0.20963514832953553,0.009134134134134133,0.9780904132256982,55492,600,0.010812369350537015,35061,268,0.0076438207695159865,2265,268,0.11832229580573951,HellaSwag,0.5,discovery,validation
214,0.3016822280339786,0.01233108108108108,0.9788187423451858,55492,579,0.010433936423268219,35061,297,0.00847095062890391,2265,297,0.13112582781456952,HellaSwag,0.5,discovery,validation
215,0.0738848468597502,0.00289853386444296,0.9822901729174984,55490,481,0.008668228509641376,35060,234,0.006674272675413577,2264,234,0.10335689045936396,HellaSwag,0.5,discovery,validation
216,0.1989987303813941,0.009510026555481107,0.98141789113533,55490,504,0.009082717606775996,35061,246,0.007016342945152734,2265,246,0.10860927152317881,HellaSwag,0.5,discovery,validation
217,0.10268918862677599,0.007444944944944943,0.9807339760558161,55489,525,0.009461334678945377,35060,246,0.007016543069024529,2264,246,0.10865724381625441,HellaSwag,0.5,discovery,validation
218,0.21796640812409424,0.0021800646800646806,0.9800691152791581,55492,543,0.009785194262235997,35061,269,0.007672342488805225,2265,269,0.11876379690949228,HellaSwag,0.5,discovery,validation
219,0.3390426655255184,0.01488988988988988,0.9810669422879268,55490,516,0.00929897278788971,35059,263,0.007501640092415642,2263,263,0.11621741051701281,HellaSwag,0.5,discovery,validation
220,0.1767629910264676,0.0052537041173404695,0.9820115124265698,55491,490,0.008830260763006614,35059,251,0.007159359936107704,2263,251,0.11091471498011489,HellaSwag,0.5,discovery,validation
221,0.18464195331241148,0.00465465465465466,0.9800235985156451,55490,546,0.009839610740673995,35061,261,0.007444168734491315,2265,261,0.1152317880794702,HellaSwag,0.5,discovery,validation
222,0.0853921593166298,0.006054131054131049,0.9803392971803127,55494,536,0.009658701841640537,35061,248,0.007073386383731211,2265,248,0.10949227373068433,HellaSwag,0.5,discovery,validation
223,0.1366147629795621,0.004047797797797803,0.9771910032013983,55492,625,0.011262884740142724,35061,269,0.007672342488805225,2265,269,0.11876379690949228,HellaSwag,0.5,discovery,validation
224,0.27777326440282296,0.008756173528900804,0.9761209226091809,55493,652,0.01174922963256627,35060,320,0.00912721049629207,2264,320,0.1413427561837456,HellaSwag,0.5,discovery,validation
225,0.32246553937386135,0.005021033430124335,0.980059575887103,55490,544,0.009803568210488377,35059,260,0.007416070053338658,2263,260,0.11489173663278833,HellaSwag,0.5,discovery,validation
226,0.03684518387951337,0.004417879417879424,0.982101781934076,55493,488,0.008793901933577208,35061,236,0.006731125752260346,2265,236,0.10419426048565121,HellaSwag,0.5,discovery,validation
227,0.21866163704796593,0.007132132132132137,0.981652076921926,55492,500,0.009010307792114178,35061,246,0.007016342945152734,2265,246,0.10860927152317881,HellaSwag,0.5,discovery,validation
228,0.37652824473159296,0.011444295535204627,0.9796730043095643,55491,555,0.01000162188462994,35061,279,0.007957559681697613,2265,278,0.12273730684326711,HellaSwag,0.5,discovery,validation
229,0.4830242109995796,0.02364864864864864,0.9772177781067781,55491,623,0.011227045827251265,35059,310,0.0088422373712884,2263,309,0.13654441007512153,HellaSwag,0.5,discovery,validation
230,0.1044460886598245,0.005861630861630864,0.9814626933739646,55490,505,0.009100738871868805,35059,273,0.00778687355600559,2263,273,0.12063632346442775,HellaSwag,0.5,discovery,validation
231,0.329346551013897,0.009509793884793883,0.9793844373661609,55487,561,0.010110476327788491,35058,316,0.009013634548462547,2262,316,0.13969938107869143,HellaSwag,0.5,discovery,validation
232,0.28293521790780907,0.004442846772392229,0.9803929028879061,55492,535,0.009641029337562172,35060,250,0.00713063320022818,2264,250,0.11042402826855123,HellaSwag,0.5,discovery,validation
233,0.4007028605482048,0.013206388206388208,0.9753290000727015,55492,671,0.012091833057017227,35059,390,0.011124105080007987,2263,390,0.1723376049491825,HellaSwag,0.5,discovery,validation
234,0.3230918643928664,0.00629186879186879,0.9796557578538383,55494,557,0.010037121130212275,35061,267,0.007615299050226748,2265,267,0.11788079470198676,HellaSwag,0.5,discovery,validation
235,0.19887841818079466,0.006131648177102718,0.98226367573845,55492,482,0.008685936711598069,35061,239,0.006816690910128063,2265,239,0.1055187637969095,HellaSwag,0.5,discovery,validation
236,0.3583928544942219,0.005860974610974613,0.9814538681832838,55490,505,0.009100738871868805,35059,235,0.006702986394363787,2263,235,0.103844454264251,HellaSwag,0.5,discovery,validation
237,0.31441605462179373,0.010510510510510513,0.9787827656207273,55492,580,0.010451957038852447,35061,285,0.008128689997433046,2265,285,0.12582781456953643,HellaSwag,0.5,discovery,validation
238,0.32085632461496033,0.012387387387387387,0.9782343188295862,55492,595,0.010722266272615872,35061,349,0.009954080031944326,2265,349,0.15408388520971303,HellaSwag,0.5,discovery,validation
239,0.12930252057600428,0.010407282282282276,0.9790066647749244,55486,573,0.01032692931550301,35058,299,0.008528723829083233,2262,299,0.13218390804597702,HellaSwag,0.5,discovery,validation
240,0.2902163344599607,0.006451492815129178,0.9772625420966508,55491,622,0.011209024886918599,35059,306,0.00872814398585242,2263,305,0.13477684489615555,HellaSwag,0.5,discovery,validation
241,0.19672968041052719,0.006186972096063005,0.9807710062286121,55494,525,0.009460482214293436,35061,247,0.0070448646644419724,2265,247,0.10905077262693157,HellaSwag,0.5,discovery,validation
242,0.18892863349727618,0.009121621621621612,0.9767228863773417,55491,638,0.011497359932241264,35061,313,0.008927298137531731,2265,313,0.1381898454746137,HellaSwag,0.5,discovery,validation
243,0.1363684648253937,0.005303380303380295,0.9816965462884417,55489,498,0.008974751752599614,35059,222,0.006332182891696854,2263,222,0.09809986743261158,HellaSwag,0.5,discovery,validation
244,0.0830030492155864,0.005949699699699691,0.9837829376530577,55488,440,0.007929642445213379,35059,210,0.005989902735388916,2263,210,0.09279717189571365,HellaSwag,0.5,discovery,validation
245,0.21698441585150988,0.014311186186186188,0.9804824878885278,55490,531,0.009569291764281852,35060,261,0.00744438106103822,2264,260,0.11484098939929328,HellaSwag,0.5,discovery,validation
246,0.12127717585406429,0.00696321321321322,0.9784953437237928,55493,588,0.010595931018326636,35061,274,0.00781495108525142,2265,274,0.12097130242825607,HellaSwag,0.5,discovery,validation
247,0.2194040175798639,0.012262262262262265,0.9801139044256956,55492,543,0.009785194262235997,35060,279,0.007957786651454649,2264,279,0.12323321554770318,HellaSwag,0.5,discovery,validation
248,0.09738456792349086,0.006453568953568957,0.9799699975278612,55492,548,0.00987529734015714,35061,265,0.00755825561164827,2265,265,0.11699779249448124,HellaSwag,0.5,discovery,validation
249,0.12514702079108952,0.004620219392946663,0.9815533103107928,55493,503,0.009064206296289621,35061,245,0.006987821225863495,2265,245,0.10816777041942605,HellaSwag,0.5,discovery,validation
250,0.16029005270627783,0.008110822599458964,0.9781711613049311,55492,597,0.010758307503784328,35060,331,0.009440958357102111,2264,331,0.14620141342756185,HellaSwag,0.5,discovery,validation
251,0.3891352763883058,0.014340787068059791,0.9773252956562959,55490,618,0.01113714182735628,35060,324,0.009241300627495721,2264,324,0.1431095406360424,HellaSwag,0.5,discovery,validation
252,0.2426898963969341,0.006493993993993988,0.9803749146874201,55493,536,0.009658875894256933,35061,274,0.00781495108525142,2265,274,0.12097130242825607,HellaSwag,0.5,discovery,validation
253,0.18815218335562672,0.005471817971817971,0.981112430907346,55492,514,0.009262596410293375,35060,253,0.007216200798630918,2264,253,0.11174911660777385,HellaSwag,0.5,discovery,validation
254,0.20206343243238611,0.005130130130130127,0.9794207901893828,55488,561,0.01011029411764706,35059,276,0.007872443595082575,2263,275,0.12152010605391074,HellaSwag,0.5,discovery,validation
255,0.24190038473346342,0.002984234234234229,0.980788643298598,55492,525,0.009460823181719888,35061,254,0.007244516699466644,2265,254,0.11214128035320088,HellaSwag,0.5,discovery,validation
256,0.11336261068134465,0.0023148148148148346,0.9823088079381694,55493,482,0.008685780188492241,35060,204,0.005818596691386195,2264,204,0.09010600706713781,HellaSwag,0.5,discovery,validation
257,0.17860123784521606,0.009428178178178181,0.9790166143297082,55491,573,0.010325998810617939,35061,269,0.007672342488805225,2265,269,0.11876379690949228,HellaSwag,0.5,discovery,validation
258,0.18847792376455794,0.009088427270245456,0.9780088657139977,55490,600,0.01081275905568571,35061,317,0.009041385014688685,2265,317,0.13995584988962473,HellaSwag,0.5,discovery,validation
259,0.22501146316452145,0.006506506506506494,0.9810136691483811,55493,519,0.00935253094984953,35061,266,0.007586777330937509,2265,266,0.11743929359823399,HellaSwag,0.5,discovery,validation
260,0.10118058943981115,0.0043572239594966864,0.9812291828839121,55492,513,0.009244575794709147,35060,248,0.007073588134626355,2264,248,0.10954063604240283,HellaSwag,0.5,discovery,validation
261,0.26708954038067034,0.011574074074074077,0.9779824840227822,55492,602,0.010848410581705471,35061,293,0.008356863751746955,2265,293,0.1293598233995585,HellaSwag,0.5,discovery,validation
262,0.1691922309072829,0.00832394894894895,0.9821371061596763,55489,487,0.008776514264088377,35060,242,0.006902452937820878,2264,242,0.1068904593639576,HellaSwag,0.5,discovery,validation
263,0.25135684920817764,0.010760760760760765,0.980536808491794,55492,530,0.009550926259641029,35059,281,0.008015060326877549,2263,281,0.1241714538223597,HellaSwag,0.5,discovery,validation
264,0.4778775468968405,0.010355396719033088,0.9776047318125763,55493,612,0.011028417998666499,35060,310,0.008841985168282943,2264,309,0.13648409893992933,HellaSwag,0.5,discovery,validation
265,0.14774805556577397,0.005522050976596431,0.9819850232407222,55493,492,0.008865983096967185,35060,263,0.007501426126640046,2264,263,0.11616607773851591,HellaSwag,0.5,discovery,validation
266,0.2833380950485673,0.013804429429429438,0.9751583365464804,55493,681,0.012271818067143603,35060,313,0.008927552766685682,2264,313,0.13825088339222616,HellaSwag,0.5,discovery,validation
267,0.13003778547639688,0.0051051051051051125,0.9778381748639137,55491,606,0.010920689841595934,35061,284,0.008100168278143806,2265,284,0.12538631346578366,HellaSwag,0.5,discovery,validation
268,0.15868208527857441,0.003426503426503424,0.9824618666677856,55494,479,0.008631563772660108,35061,231,0.006588517155814153,2265,231,0.10198675496688742,HellaSwag,0.5,discovery,validation
269,0.18134986735677386,0.004041231313958582,0.9790977524529142,55492,571,0.010289771498594393,35061,254,0.007244516699466644,2265,253,0.11169977924944813,HellaSwag,0.5,discovery,validation
270,0.3341187371718889,0.006684569184569177,0.981463031592893,55491,503,0.00906453298733128,35060,233,0.006645750142612664,2264,233,0.10291519434628975,HellaSwag,0.5,discovery,validation
271,0.37479372624213314,0.011372943191125019,0.9793671994019557,55490,561,0.010109929717066138,35060,311,0.008870507701083856,2264,311,0.13736749116607774,HellaSwag,0.5,discovery,validation
272,0.24818298202426772,0.00932182182182183,0.980851427277097,55491,523,0.00942495179398461,35061,274,0.00781495108525142,2265,274,0.12097130242825607,HellaSwag,0.5,discovery,validation
273,0.18223062525891404,0.0048442037078400765,0.9803392971803127,55494,538,0.009694741773885466,35061,257,0.00733008185733436,2265,257,0.11346578366445915,HellaSwag,0.5,discovery,validation
274,0.18921212694496123,0.006465840840840832,0.9812559944195373,55491,510,0.009190679569659944,35058,255,0.007273660790689715,2262,255,0.11273209549071618,HellaSwag,0.5,discovery,validation
275,0.2598212426150832,0.007132132132132143,0.980366099753487,55493,537,0.009676896185104427,35060,271,0.007729606389047347,2264,271,0.11969964664310954,HellaSwag,0.5,discovery,validation
276,0.1637321520986211,0.004879879879879881,0.9825420145177044,55490,474,0.00854207965399171,35061,231,0.006588517155814153,2265,231,0.10198675496688742,HellaSwag,0.5,discovery,validation
277,0.20926423643837982,0.007319819819819821,0.9782794872588281,55493,594,0.010704052763411602,35061,277,0.007900516243119136,2265,277,0.12229580573951435,HellaSwag,0.5,discovery,validation
278,0.1945607996878618,0.004720231992959267,0.9803385796967119,55490,535,0.00964137682465309,35060,294,0.00838562464346834,2264,294,0.12985865724381626,HellaSwag,0.5,discovery,validation
279,0.45288952927288983,0.019129706629706634,0.9798528895493338,55491,550,0.009911517182966607,35061,317,0.009041385014688685,2265,317,0.13995584988962473,HellaSwag,0.5,discovery,validation
280,0.12116888724998409,0.006024774774774769,0.9818407871997085,55492,494,0.008902184098608809,35059,237,0.006760033087081776,2263,237,0.10472823685373397,HellaSwag,0.5,discovery,validation
281,0.2940945412256138,0.01132382382382383,0.9802581715210046,55493,540,0.00973095705764691,35060,279,0.007957786651454649,2264,279,0.12323321554770318,HellaSwag,0.5,discovery,validation
282,0.09746990913025,0.00337620678529769,0.9824527122481458,55493,478,0.008613699025102265,35061,250,0.007130429822309689,2265,250,0.11037527593818984,HellaSwag,0.5,discovery,validation
283,0.1194986034768608,0.003954435204435204,0.9794127336998928,55494,564,0.010163260893069521,35061,313,0.008927298137531731,2265,312,0.13774834437086092,HellaSwag,0.5,discovery,validation
284,0.11471799202373421,0.00942192192192192,0.9814905213091115,55494,505,0.009100082891844163,35061,261,0.007444168734491315,2265,261,0.1152317880794702,HellaSwag,0.5,discovery,validation
285,0.38434095423619363,0.0062755062755062724,0.9818316271868002,55491,496,0.008938386405002613,35061,273,0.00778642936596218,2265,273,0.1205298013245033,HellaSwag,0.5,discovery,validation
286,0.09314259288268291,0.0025025025025024964,0.9817328570263326,55492,497,0.008956245945361494,35061,252,0.007187473260888167,2265,252,0.11125827814569536,HellaSwag,0.5,discovery,validation
287,0.4345997441412499,0.0073198198198198205,0.9800063389785457,55493,546,0.009839078802731877,35061,288,0.008214255155300762,2265,288,0.1271523178807947,HellaSwag,0.5,discovery,validation
288,0.32666559077141333,0.013138138138138137,0.9818143030953362,55494,495,0.008919883230619527,35061,242,0.006902256067995779,2265,242,0.10684326710816777,HellaSwag,0.5,discovery,validation
289,0.17081399203188366,0.007732732732732724,0.9785313198012869,55493,587,0.010577910727479142,35061,289,0.00824277687459,2265,289,0.12759381898454747,HellaSwag,0.5,discovery,validation
290,0.29493483071997983,0.004843786093786094,0.983675301718631,55489,444,0.00800158589990809,35058,217,0.00618974271207713,2262,217,0.09593280282935455,HellaSwag,0.5,discovery,validation
291,0.15060023779213594,0.006781781781781782,0.9787647772584981,55491,580,0.010452145392946604,35061,289,0.00824277687459,2265,289,0.12759381898454747,HellaSwag,0.5,discovery,validation
292,0.18505755102624646,0.005086698268516455,0.9807519649033015,55488,525,0.009461505190311418,35060,250,0.00713063320022818,2264,250,0.11042402826855123,HellaSwag,0.5,discovery,validation
293,0.35610325802725606,0.007415473324564232,0.9796094875079525,55488,555,0.010002162629757786,35059,301,0.008585527254057446,2263,301,0.13300927971718957,HellaSwag,0.5,discovery,validation
294,0.18582825708091374,0.006347256347256353,0.9816340887214401,55493,499,0.008992125132899645,35061,272,0.007757907646672941,2265,272,0.12008830022075055,HellaSwag,0.5,discovery,validation
295,0.1878135921748563,0.005743243243243247,0.9783062716315303,55492,593,0.010686225041447416,35061,269,0.007672342488805225,2265,269,0.11876379690949228,HellaSwag,0.5,discovery,validation
296,0.42210687460778173,0.0077962577962577915,0.982119770134562,55492,487,0.00877603978951921,35061,250,0.007130429822309689,2265,250,0.11037527593818984,HellaSwag,0.5,discovery,validation
297,0.33724403052662794,0.0046053284689648345,0.9784233915688045,55493,590,0.010631971600021625,35061,270,0.0077008642080944635,2265,270,0.11920529801324503,HellaSwag,0.5,discovery,validation
298,0.20692123978904384,0.006709834834834831,0.9789618831750914,55488,575,0.01036260092272203,35060,273,0.007786651454649173,2264,273,0.12058303886925795,HellaSwag,0.5,discovery,validation
299,0.24634896475928827,0.007768098677189582,0.9787559766436802,55493,582,0.01048780927324167,35061,253,0.007215994980177405,2265,253,0.11169977924944813,HellaSwag,0.5,discovery,validation
300,0.2216828849088572,0.007209132209132211,0.9797269698814951,55490,554,0.009983780861416472,35061,252,0.007187473260888167,2265,252,0.11125827814569536,HellaSwag,0.5,discovery,validation
301,0.45161528098400566,0.006237006237006241,0.9786744470859704,55489,581,0.010470543711366216,35061,295,0.008413907190325432,2265,295,0.13024282560706402,HellaSwag,0.5,discovery,validation
302,0.11315321907115708,0.0026214230759685347,0.981570961766269,55491,502,0.009046512046998613,35061,240,0.006845212629417301,2265,240,0.10596026490066225,HellaSwag,0.5,discovery,validation
303,0.1543281279015229,0.00672547547547547,0.9780004722232682,55493,602,0.010848215090191555,35060,297,0.008471192241871078,2264,297,0.13118374558303886,HellaSwag,0.5,discovery,validation
304,0.08335146414944868,0.005370755370755358,0.980806281320113,55490,523,0.009425121643539376,35058,237,0.006760225911346911,2262,237,0.10477453580901856,HellaSwag,0.5,discovery,validation
305,0.037484219674393734,0.003268366904730542,0.9814453820783104,55493,506,0.009118267168832106,35061,237,0.006759647471549585,2265,237,0.10463576158940398,HellaSwag,0.5,discovery,validation
306,0.1919953252927632,0.0072603853853853905,0.9790254174463935,55491,574,0.010344019750950605,35060,284,0.008100399315459212,2264,284,0.1254416961130742,HellaSwag,0.5,discovery,validation
307,0.27295842505169277,0.013638638638638638,0.9796106021261104,55493,555,0.010001261420359325,35060,265,0.0075584711922418715,2264,265,0.11704946996466431,HellaSwag,0.5,discovery,validation
308,0.20752048204864365,0.01006944444444444,0.9809322009879519,55491,521,0.009388909913319277,35060,243,0.006930975470621791,2264,243,0.1073321554770318,HellaSwag,0.5,discovery,validation
309,0.17024926652482641,0.005593093093093097,0.9825962984133392,55492,474,0.008541771786924241,35061,213,0.006075126208607855,2265,213,0.09403973509933775,HellaSwag,0.5,discovery,validation
310,0.18792544904818212,0.004498248248248249,0.9788191284212397,55493,578,0.010415728109851693,35061,290,0.008271298593879239,2265,290,0.1280353200883002,HellaSwag,0.5,discovery,validation
311,0.11801597700485644,0.0040763904400268,0.9782067412570166,55489,595,0.010722845969471427,35061,242,0.006902256067995779,2265,242,0.10684326710816777,HellaSwag,0.5,discovery,validation
312,0.25033563254078145,0.015061936936936943,0.9754461477542565,55493,674,0.012145676031211144,35060,306,0.008727895037079292,2264,303,0.1338339222614841,HellaSwag,0.5,discovery,validation
313,0.22295052749300645,0.01012069762069762,0.9813187838881328,55490,510,0.009190845197332853,35060,235,0.006702795208214489,2264,235,0.10379858657243816,HellaSwag,0.5,discovery,validation
314,0.29216390406983617,0.008883883883883883,0.9797721255433388,55491,551,0.009929538123299273,35060,276,0.007872219053051912,2264,276,0.12190812720848057,HellaSwag,0.5,discovery,validation
315,0.1664900144232354,0.008445945945945943,0.98028497368499,55492,539,0.009713111799899084,35060,253,0.007216200798630918,2264,253,0.11174911660777385,HellaSwag,0.5,discovery,validation
316,0.23832559830453764,0.009384384384384385,0.982857286354488,55493,467,0.008415475825779829,35061,225,0.00641738684007872,2265,225,0.09933774834437085,HellaSwag,0.5,discovery,validation
317,0.40711699596790657,0.012199699699699688,0.9779648974146649,55494,601,0.010829999639600678,35061,311,0.008870254698953252,2265,311,0.13730684326710818,HellaSwag,0.5,discovery,validation
318,0.3166484470108817,0.01780217717717717,0.9796641953699631,55491,555,0.01000162188462994,35060,317,0.009041642897889333,2264,317,0.14001766784452296,HellaSwag,0.5,discovery,validation
319,0.18470083585064045,0.004652948402948408,0.9793132338300249,55491,565,0.010181831287956605,35061,279,0.007957559681697613,2265,279,0.12317880794701987,HellaSwag,0.5,discovery,validation
320,0.05837951405408098,0.003618804755168398,0.9811212527105364,55492,515,0.009280617025877604,35060,261,0.00744438106103822,2264,261,0.11528268551236749,HellaSwag,0.5,discovery,validation
321,0.1743737039353418,0.008028689846871658,0.979277256782071,55491,567,0.010217873168621938,35061,288,0.008214255155300762,2265,288,0.1271523178807947,HellaSwag,0.5,discovery,validation
322,0.2522003433204236,0.007098203973203979,0.9810397864630677,55488,516,0.009299307958477509,35058,263,0.007501854070397627,2262,263,0.11626878868258178,HellaSwag,0.5,discovery,validation
323,0.27942984424993694,0.006193693693693691,0.9775767294631383,55489,614,0.011065256176899926,35059,291,0.008300293790467497,2263,291,0.12859036676977464,HellaSwag,0.5,discovery,validation
324,0.16049350031627133,0.0035660660660660603,0.982263028092074,55488,482,0.008686562860438294,35059,242,0.0069026498188767505,2263,241,0.10649580203269995,HellaSwag,0.5,discovery,validation
325,0.22007065822077518,0.009759759759759765,0.9809322009879519,55491,518,0.009334847092321278,35061,264,0.0075297338923590315,2265,264,0.11655629139072848,HellaSwag,0.5,discovery,validation
326,0.26050016986471936,0.010760760760760758,0.9808782354160209,55490,522,0.009407100378446567,35060,272,0.0077581289218482605,2264,272,0.12014134275618374,HellaSwag,0.5,discovery,validation
327,0.036446956122884004,0.0035443501352592196,0.9815706254883386,55490,503,0.009064696341683186,35060,234,0.006674272675413577,2264,234,0.10335689045936396,HellaSwag,0.5,discovery,validation
328,0.12481286033738921,0.006756756756756768,0.9850789659052165,55493,405,0.0072982177932351825,35061,214,0.006103647927897094,2265,214,0.09448123620309051,HellaSwag,0.5,discovery,validation
329,0.21897102264888568,0.008208621844985477,0.9796998021725232,55490,555,0.010001802126509281,35059,287,0.008186200405031518,2263,287,0.12682280159080866,HellaSwag,0.5,discovery,validation
330,0.14166218443048656,0.0049424424424424395,0.9826767715842378,55489,471,0.008488168826253853,35060,240,0.0068454078722190535,2264,240,0.10600706713780919,HellaSwag,0.5,discovery,validation
331,0.15769484927960234,0.008195695695695705,0.9775235802646762,55492,616,0.011100699199884668,35060,341,0.009726183685111238,2264,341,0.15061837455830387,HellaSwag,0.5,discovery,validation
332,0.2485398487466475,0.00984734734734735,0.9790613944943474,55491,572,0.010307977870285272,35061,293,0.008356863751746955,2265,293,0.1293598233995585,HellaSwag,0.5,discovery,validation
333,0.2178989042102838,0.0076923076923076945,0.9781259912475451,55491,598,0.010776522318934603,35059,298,0.008499957214980461,2263,298,0.1316836058329651,HellaSwag,0.5,discovery,validation
334,0.4543526366418545,0.0066445975536884635,0.981463031592893,55491,506,0.009118595808329279,35060,271,0.007729606389047347,2264,271,0.11969964664310954,HellaSwag,0.5,discovery,validation
335,0.17885282443795175,0.006656449838268023,0.9794751305458176,55492,561,0.010109565342752109,35061,267,0.007615299050226748,2265,267,0.11788079470198676,HellaSwag,0.5,discovery,validation
336,0.19797534608685993,0.0061792561792561726,0.9808426079000561,55493,523,0.009424612113239507,35061,275,0.007843472804540657,2265,275,0.12141280353200883,HellaSwag,0.5,discovery,validation
337,0.4430827127390643,0.009115365365365367,0.9790441700354138,55494,572,0.010307420622049231,35061,266,0.007586777330937509,2265,266,0.11743929359823399,HellaSwag,0.5,discovery,validation
338,0.1557164103095583,0.005174596083686995,0.9815078337552148,55491,503,0.00906453298733128,35060,241,0.006873930405019966,2264,241,0.10644876325088339,HellaSwag,0.5,discovery,validation
339,0.16572447207925955,0.012637637637637632,0.9786656469668541,55491,582,0.010488187273611936,35061,290,0.008271298593879239,2265,290,0.1280353200883002,HellaSwag,0.5,discovery,validation
340,0.0777831908653885,0.004304873054873058,0.9805459801409575,55493,532,0.009586794730866956,35061,259,0.007387125295912837,2265,259,0.11434878587196468,HellaSwag,0.5,discovery,validation
341,0.18878473356381506,0.006578453453453457,0.9783598420592456,55492,590,0.01063216319469473,35060,320,0.00912721049629207,2264,320,0.1413427561837456,HellaSwag,0.5,discovery,validation
342,0.19269494537689258,0.005705705705705709,0.9835408379729559,55493,448,0.008073090299677437,35061,221,0.006303299962921765,2265,221,0.09757174392935983,HellaSwag,0.5,discovery,validation
343,0.39560549818640556,0.009557634557634552,0.979295245306048,55490,565,0.010182014777437376,35061,268,0.0076438207695159865,2265,268,0.11832229580573951,HellaSwag,0.5,discovery,validation
344,0.5223495164116039,0.00934107184107184,0.9814267160025067,55490,507,0.009136781402054425,35061,270,0.0077008642080944635,2265,268,0.11832229580573951,HellaSwag,0.5,discovery,validation
345,0.10971937156462562,0.006308477899386998,0.9811307637688619,55494,514,0.009262262586946337,35061,223,0.006360343401500243,2265,223,0.09845474613686535,HellaSwag,0.5,discovery,validation
346,0.23437800764487937,0.014451951951951956,0.9775415686269056,55491,614,0.011064857364257268,35061,320,0.009126950172556401,2265,318,0.1403973509933775,HellaSwag,0.5,discovery,validation
347,0.2320466330120007,0.015332640332640333,0.9821917229365059,55492,484,0.008721977942766525,35061,264,0.0075297338923590315,2265,264,0.11655629139072848,HellaSwag,0.5,discovery,validation
348,0.06307143555982202,0.0031666281666281578,0.9816157648990766,55491,502,0.009046512046998613,35059,238,0.006788556433440771,2263,238,0.10517012814847547,HellaSwag,0.5,discovery,validation
349,0.32011950800872085,0.010339885339885342,0.9806355669303454,55491,528,0.009515056495647944,35060,282,0.008043354249857387,2264,282,0.12455830388692579,HellaSwag,0.5,discovery,validation
350,0.17960113621163246,0.006428303303303311,0.9790705794163961,55492,573,0.01032581272976285,35060,287,0.00818596691386195,2264,284,0.1254416961130742,HellaSwag,0.5,discovery,validation
351,0.3691494818406494,0.008604758604758605,0.9787559766436802,55493,580,0.010451768691546681,35061,273,0.00778642936596218,2265,273,0.1205298013245033,HellaSwag,0.5,discovery,validation
352,0.2924015941423668,0.008324957188593553,0.9790969909346458,55488,570,0.010272491349480968,35061,274,0.00781495108525142,2265,274,0.12097130242825607,HellaSwag,0.5,discovery,validation
353,0.09979894752548794,0.002571321321321319,0.981508171318038,55492,505,0.00910041087003532,35061,245,0.006987821225863495,2265,245,0.10816777041942605,HellaSwag,0.5,discovery,validation
354,0.11554617806340343,0.005446071071071075,0.978351044927224,55492,592,0.010668204425863187,35060,270,0.007701083856246435,2264,270,0.11925795053003534,HellaSwag,0.5,discovery,validation
355,0.06777897282052488,0.0014870639870639933,0.9834600424179811,55493,450,0.008109130881372426,35060,205,0.005847119224187108,2264,205,0.09054770318021202,HellaSwag,0.5,discovery,validation
356,0.3058964954369522,0.01107357357357357,0.9803392971803127,55494,536,0.009658701841640537,35061,245,0.006987821225863495,2265,245,0.10816777041942605,HellaSwag,0.5,discovery,validation
357,0.2188236754357834,0.01463963963963965,0.980860246892044,55491,520,0.00937088897298661,35060,248,0.007073588134626355,2264,248,0.10954063604240283,HellaSwag,0.5,discovery,validation
358,0.18773964650445774,0.007488738738738747,0.9797901139055681,55492,552,0.009947379802494053,35061,271,0.007729385927383703,2265,271,0.1196467991169978,HellaSwag,0.5,discovery,validation
359,0.04358761783706098,0.006435671208398493,0.983540536964612,55490,447,0.008055505496485853,35061,220,0.006274778243632526,2265,220,0.09713024282560706,HellaSwag,0.5,discovery,validation
360,0.23988016560235753,0.015852629488993117,0.9811843837092901,55492,513,0.009244575794709147,35061,286,0.008157211716722283,2265,286,0.1262693156732892,HellaSwag,0.5,discovery,validation
361,0.16063460389038156,0.004408254408254406,0.9821374320944086,55490,487,0.008776356100198234,35061,238,0.006788169190838824,2265,238,0.10507726269315673,HellaSwag,0.5,discovery,validation
362,0.13657382837013626,0.005640015015015014,0.9824788942618986,55488,476,0.00857843137254902,35059,218,0.006218089506260875,2263,218,0.0963323022536456,HellaSwag,0.5,discovery,validation
363,0.14801629243653724,0.006674546447273729,0.9788183565718025,55489,576,0.010380435762042927,35059,287,0.008186200405031518,2263,287,0.12682280159080866,HellaSwag,0.5,discovery,validation
364,0.4067881602538613,0.0114300250663887,0.9784142008344462,55492,590,0.01063216319469473,35061,353,0.01006816690910128,2265,353,0.15584988962472407,HellaSwag,0.5,discovery,validation
365,0.14943642492198955,0.006331331331331338,0.9781711613049311,55492,597,0.010758307503784328,35061,331,0.009440689084738028,2265,331,0.14613686534216336,HellaSwag,0.5,discovery,validation
366,0.14459524061493123,0.005310062128243942,0.9792324746764599,55491,568,0.010235894108954605,35060,245,0.006988020536223617,2264,245,0.10821554770318022,HellaSwag,0.5,discovery,validation
367,0.10044938376057859,0.0035949410949410936,0.9803392971803127,55494,537,0.009676721807763002,35061,227,0.006474430278657198,2265,227,0.10022075055187638,HellaSwag,0.5,discovery,validation
368,0.6007446102554141,0.015077577577577585,0.9772353522276509,55489,621,0.011191407305952531,35060,347,0.009897318881916714,2264,347,0.15326855123674912,HellaSwag,0.5,discovery,validation
369,0.18388319416729926,0.009791041041041035,0.9803301236759928,55493,536,0.009658875894256933,35061,292,0.008328342032457716,2265,292,0.12891832229580574,HellaSwag,0.5,discovery,validation
370,0.16488818221431698,0.006323631323631318,0.9808158007221635,55494,523,0.00942444228204851,35061,232,0.006617038875103391,2265,232,0.10242825607064018,HellaSwag,0.5,discovery,validation
371,0.1581742430200806,0.008816508816508816,0.9795294692645781,55492,559,0.010073524111583652,35061,247,0.0070448646644419724,2265,247,0.10905077262693157,HellaSwag,0.5,discovery,validation
372,0.10363489665062985,0.0034187079641625137,0.981112430907346,55492,515,0.009280617025877604,35059,270,0.007701303516928606,2263,270,0.11931064958020327,HellaSwag,0.5,discovery,validation
373,0.219909134422049,0.007357357357357364,0.9785041418368763,55493,587,0.010577910727479142,35061,262,0.007472690453780554,2265,262,0.11567328918322296,HellaSwag,0.5,discovery,validation
374,0.1505626030738692,0.006681268044904409,0.9779916786388752,55493,603,0.01086623538103905,35061,286,0.008157211716722283,2265,286,0.1262693156732892,HellaSwag,0.5,discovery,validation
375,0.24160163764906495,0.00558250558250559,0.98154414771901,55492,501,0.009028328407698407,35060,258,0.007358813462635482,2264,258,0.11395759717314488,HellaSwag,0.5,discovery,validation
376,0.12488412520915437,0.004504504504504501,0.9834234601184251,55491,452,0.008145465030365284,35059,239,0.006817079779799766,2263,239,0.10561201944321696,HellaSwag,0.5,discovery,validation
377,0.1191790233309952,0.009384384384384378,0.9779281174837985,55490,603,0.010866822850964138,35058,301,0.008585772149010212,2262,301,0.1330680813439434,HellaSwag,0.5,discovery,validation
378,0.08621771904603517,0.007391766766766772,0.9773169206048004,55493,620,0.011172580325446452,35061,283,0.008071646558854569,2265,282,0.12450331125827814,HellaSwag,0.5,discovery,validation
379,0.20409133621995573,0.009138946638946635,0.9777574289736571,55491,608,0.010956731722261267,35061,299,0.008527994067482388,2265,299,0.13200883002207506,HellaSwag,0.5,discovery,validation
380,0.09352637711420543,0.003500375375375371,0.982371604941366,55492,480,0.008649895480429612,35060,233,0.006645750142612664,2264,233,0.10291519434628975,HellaSwag,0.5,discovery,validation
381,0.22743763003323275,0.004948129948129957,0.9832255845754062,55490,456,0.00821769688232114,35061,222,0.0063318216822110035,2265,222,0.09801324503311258,HellaSwag,0.5,discovery,validation
382,0.25299443540962124,0.010197697697697702,0.9773708852062584,55492,620,0.011172781662221581,35061,299,0.008527994067482388,2265,299,0.13200883002207506,HellaSwag,0.5,discovery,validation
383,0.2540335764946467,0.00899024024024023,0.9833161381080048,55493,455,0.008199232335609897,35061,248,0.007073386383731211,2265,247,0.10905077262693157,HellaSwag,0.5,discovery,validation
384,0.15909328643476556,0.007319819819819827,0.9798264585910751,55493,552,0.009947200547816842,35060,250,0.00713063320022818,2264,250,0.11042402826855123,HellaSwag,0.5,discovery,validation
385,0.3083997018740682,0.0086600029781848,0.9791876934553442,55493,570,0.01027156578307174,35061,281,0.00801460312027609,2265,281,0.12406181015452539,HellaSwag,0.5,discovery,validation
386,0.15135797667418605,0.007433052887598339,0.9818051428532517,55493,496,0.008938064260357162,35061,280,0.007986081400986852,2265,280,0.12362030905077263,HellaSwag,0.5,discovery,validation
387,0.3881765813139312,0.005564939939939937,0.9799340208034026,55492,548,0.00987529734015714,35060,303,0.008642327438676555,2264,303,0.1338339222614841,HellaSwag,0.5,discovery,validation
388,0.24594569576217246,0.009788634788634785,0.9832441859530164,55493,456,0.00821725262645739,35061,224,0.006388865120789481,2265,224,0.0988962472406181,HellaSwag,0.5,discovery,validation
389,0.23993125824564046,0.0021959459459459487,0.9782611031160776,55491,593,0.010686417617271269,35061,280,0.007986081400986852,2265,280,0.12362030905077263,HellaSwag,0.5,discovery,validation
390,0.3196208025549576,0.01570320320320321,0.9816877189949845,55491,499,0.008992449226000612,35060,252,0.007187678265830006,2264,252,0.11130742049469965,HellaSwag,0.5,discovery,validation
391,0.23501875312933979,0.007222098131189041,0.980266266021196,55489,538,0.009695615347185929,35058,301,0.008585772149010212,2262,301,0.1330680813439434,HellaSwag,0.5,discovery,validation
392,0.3441508800940426,0.0047106865288683445,0.9805456251191987,55492,531,0.009568946875225257,35060,255,0.007273245864232744,2264,255,0.11263250883392226,HellaSwag,0.5,discovery,validation
393,0.270973426338677,0.018562312312312316,0.9732588821039279,55486,732,0.013192517031323217,35061,382,0.010895296768489205,2265,380,0.16777041942604856,HellaSwag,0.5,discovery,validation
394,0.28864978980039735,0.00595993720993721,0.9809590101735529,55490,519,0.009353036583168139,35059,281,0.008015060326877549,2263,280,0.1237295625276182,HellaSwag,0.5,discovery,validation
395,0.3295117963297601,0.00856800856800857,0.9805724305084125,55491,529,0.00953307743598061,35061,309,0.008813211260374775,2265,309,0.13642384105960265,HellaSwag,0.5,discovery,validation
396,0.20549914813727238,0.00628753753753755,0.9775331883663654,55494,614,0.011064259199192706,35061,275,0.007843472804540657,2265,274,0.12097130242825607,HellaSwag,0.5,discovery,validation
397,0.12384435411082514,0.007767382767382765,0.9796726340541783,55488,555,0.010002162629757786,35061,286,0.008157211716722283,2265,286,0.1262693156732892,HellaSwag,0.5,discovery,validation
398,0.15667728428888986,0.0040794927158563496,0.982515510545254,55492,476,0.008577813018092698,35060,223,0.006360524814603537,2264,223,0.09849823321554771,HellaSwag,0.5,discovery,validation
399,0.06602814251310682,0.004528567028567027,0.9814447046882357,55489,506,0.009118924471516876,35060,243,0.006930975470621791,2264,243,0.1073321554770318,HellaSwag,0.5,discovery,validation
400,0.28806755888700547,0.007329204204204215,0.9778289788567077,55490,607,0.010938907911335376,35058,287,0.008186433909521364,2262,287,0.1268788682581786,HellaSwag,0.5,discovery,validation
401,0.22179606332216184,0.005335914426823523,0.979384812494412,55488,562,0.01012831603229527,35061,275,0.007843472804540657,2265,275,0.12141280353200883,HellaSwag,0.5,discovery,validation
402,0.1534013453209894,0.010594969969969973,0.9797721255433388,55491,552,0.00994755906363194,35060,267,0.007615516257843696,2264,267,0.11793286219081273,HellaSwag,0.5,discovery,validation
403,0.18593998390249053,0.007897916988826078,0.9770922767015222,55493,627,0.011298722361378912,35061,312,0.008898776418242492,2265,310,0.1368653421633554,HellaSwag,0.5,discovery,validation
404,0.12111978020340239,0.006744244244244241,0.9784314035776865,55489,589,0.01061471643028348,35061,306,0.008727646102507059,2265,306,0.13509933774834437,HellaSwag,0.5,discovery,validation
405,0.14375579968590552,0.010022522522522514,0.9779820830557294,55491,602,0.010848606080265269,35061,305,0.008699124383217821,2265,305,0.1346578366445916,HellaSwag,0.5,discovery,validation
406,0.44719249499242875,0.007058711604166152,0.9805995902058867,55491,528,0.009515056495647944,35060,263,0.007501426126640046,2264,263,0.11616607773851591,HellaSwag,0.5,discovery,validation
407,0.12994472080240868,0.003395518452336631,0.9806895320170332,55492,526,0.009478843797304116,35060,256,0.007301768397033657,2264,256,0.11307420494699646,HellaSwag,0.5,discovery,validation
408,0.12701606401081914,0.0036036036036036206,0.9820654779985007,55490,488,0.008794377365291043,35061,217,0.00618921308576481,2265,217,0.09580573951434879,HellaSwag,0.5,discovery,validation
409,0.08069316462340162,0.0034560903879085683,0.984899085517746,55493,410,0.007388319247472654,35061,194,0.005533213542112319,2265,194,0.08565121412803532,HellaSwag,0.5,discovery,validation
410,0.1884354801663273,0.005688380688380688,0.9781807519388147,55494,597,0.010757919775110822,35061,265,0.00755825561164827,2265,265,0.11699779249448124,HellaSwag,0.5,discovery,validation
411,0.22894696504952286,0.01286382536382536,0.9825237070058276,55488,475,0.008560409457900807,35061,241,0.00687373434870654,2265,241,0.106401766004415,HellaSwag,0.5,discovery,validation
412,0.14877484250128065,0.0043529106029106006,0.9805816018436574,55492,531,0.009568946875225257,35061,249,0.00710190810302045,2265,249,0.10993377483443709,HellaSwag,0.5,discovery,validation
413,0.31134199756054665,0.004281444906444907,0.9832255845754062,55490,457,0.008235718147413949,35060,219,0.006246434683399886,2264,219,0.09673144876325088,HellaSwag,0.5,discovery,validation
414,0.31463907189591384,0.012575075075075071,0.9828749615774642,55491,467,0.008415779135355283,35061,255,0.007273038418755882,2265,255,0.11258278145695365,HellaSwag,0.5,discovery,validation
415,0.056910707593841627,0.0025313775313775353,0.9811663955088041,55493,512,0.00922638891391707,35061,229,0.006531473717235675,2265,229,0.1011037527593819,HellaSwag,0.5,discovery,validation
416,0.1646607993597501,0.004711322893141089,0.9772177781067781,55491,622,0.011209024886918599,35061,304,0.008670602663928582,2265,304,0.13421633554083887,HellaSwag,0.5,discovery,validation
417,0.17768898614549739,0.010293947793947792,0.9813279485154451,55491,510,0.009190679569659944,35060,252,0.007187678265830006,2264,252,0.11130742049469965,HellaSwag,0.5,discovery,validation
418,0.22095041498172405,0.009947447447447461,0.981562135919496,55493,503,0.009064206296289621,35061,253,0.007215994980177405,2265,253,0.11169977924944813,HellaSwag,0.5,discovery,validation
419,0.1938960786884579,0.008195695695695691,0.9829021005712372,55491,466,0.008397758195022616,35060,226,0.006446092413006275,2264,226,0.09982332155477032,HellaSwag,0.5,discovery,validation
420,0.2913514631858309,0.017329829829829828,0.9773077199179246,55492,620,0.011172781662221581,35061,358,0.010210775505547474,2265,358,0.15805739514348785,HellaSwag,0.5,discovery,validation
421,0.3469634800496438,0.009216909216909217,0.9776766846145203,55493,611,0.011010397707819005,35061,303,0.008642080944639342,2265,303,0.1337748344370861,HellaSwag,0.5,discovery,validation
422,0.12842160122487895,0.004301186119367935,0.9803385796967119,55490,537,0.00967741935483871,35060,245,0.006988020536223617,2264,245,0.10821554770318022,HellaSwag,0.5,discovery,validation
423,0.24373336210949362,0.005891221800312707,0.9797805671390906,55488,552,0.009948096885813149,35059,272,0.007758350209646596,2263,272,0.12019443216968625,HellaSwag,0.5,discovery,validation
424,0.21587576605010508,0.009384384384384386,0.9777574289736571,55491,607,0.0109387107819286,35061,289,0.00824277687459,2265,289,0.12759381898454747,HellaSwag,0.5,discovery,validation
425,0.18864339264133223,0.008176926926926925,0.9801862193660164,55493,541,0.009748977348494404,35061,274,0.00781495108525142,2265,274,0.12097130242825607,HellaSwag,0.5,discovery,validation
426,0.2215658635372782,0.012372949872949872,0.9824062976263844,55486,479,0.008632808275961504,35061,260,0.007415647015202077,2265,260,0.11479028697571744,HellaSwag,0.5,discovery,validation
427,0.25986517962951605,0.00674713174713174,0.9789806376052497,55493,574,0.010343646946461716,35061,259,0.007387125295912837,2265,259,0.11434878587196468,HellaSwag,0.5,discovery,validation
428,0.29939171599640557,0.006454284863375783,0.981076454506374,55492,515,0.009280617025877604,35061,271,0.007729385927383703,2265,271,0.1196467991169978,HellaSwag,0.5,discovery,validation
429,0.25411238690898796,0.0037162162162162255,0.9813282893131781,55492,509,0.009172493332372234,35059,267,0.0076157334778516215,2263,267,0.1179849756959788,HellaSwag,0.5,discovery,validation
430,0.11578495653832846,0.005962096871187784,0.980356568220689,55491,537,0.009677244958641942,35061,272,0.007757907646672941,2265,272,0.12008830022075055,HellaSwag,0.5,discovery,validation
431,0.24267686203003555,0.004817317317317323,0.9820743086887506,55490,487,0.008776356100198234,35058,220,0.006275315191967596,2262,220,0.09725906277630415,HellaSwag,0.5,discovery,validation
432,0.2486339486682474,0.015953453453453444,0.9794663233854408,55492,561,0.010109565342752109,35060,298,0.008499714774671992,2264,298,0.13162544169611307,HellaSwag,0.5,discovery,validation
433,0.2417947165592255,0.005466210011664561,0.9820654779985007,55490,489,0.008812398630383854,35058,268,0.007644474870215072,2262,265,0.11715296198054818,HellaSwag,0.5,discovery,validation
434,0.1338655624899005,0.004401043605589059,0.9782611031160776,55491,594,0.010704438557603935,35061,303,0.008642080944639342,2265,303,0.1337748344370861,HellaSwag,0.5,discovery,validation
435,0.30636157343590975,0.0063968927605291175,0.9818584444600026,55490,494,0.008902504955847901,35061,240,0.006845212629417301,2265,240,0.10596026490066225,HellaSwag,0.5,discovery,validation
436,0.16941204293348042,0.004842342342342344,0.9778837504063927,55493,605,0.010902275962734038,35061,289,0.00824277687459,2265,289,0.12759381898454747,HellaSwag,0.5,discovery,validation
437,0.1498217459903014,0.0058423808423808355,0.9736025971845925,55493,724,0.013046690573585857,35061,331,0.009440689084738028,2265,331,0.14613686534216336,HellaSwag,0.5,discovery,validation
438,0.29803633127277324,0.011636636636636635,0.9793760058294012,55490,563,0.010145972247251757,35060,264,0.007529948659440958,2264,264,0.1166077738515901,HellaSwag,0.5,discovery,validation
439,0.037631099919289625,0.0045514264264264245,0.980689179887618,55489,526,0.009479356268810035,35060,287,0.00818596691386195,2264,285,0.12588339222614842,HellaSwag,0.5,discovery,validation
440,0.25237751825112814,0.004739114114114109,0.9823444613421289,55492,480,0.008649895480429612,35060,250,0.00713063320022818,2264,247,0.10909893992932862,HellaSwag,0.5,discovery,validation
441,0.24089679896683575,0.004438813813813811,0.9803657414969058,55492,536,0.0096590499531464,35060,257,0.007330290929834569,2264,257,0.11351590106007067,HellaSwag,0.5,discovery,validation
442,0.25235921793825977,0.00994744744744745,0.9804017182213645,55492,535,0.009641029337562172,35061,237,0.006759647471549585,2265,237,0.10463576158940398,HellaSwag,0.5,discovery,validation
443,0.19575235995166126,0.005551522596977157,0.9814094060008165,55493,506,0.009118267168832106,35061,223,0.006360343401500243,2265,223,0.09845474613686535,HellaSwag,0.5,discovery,validation
444,0.3303703400072178,0.009759759759759758,0.9805540875809622,55489,529,0.009533421038404008,35060,259,0.007387335995436395,2264,259,0.11439929328621908,HellaSwag,0.5,discovery,validation
445,0.26733292196293695,0.013839252475616112,0.9806087612937381,55492,529,0.0095329056440568,35061,256,0.007301560138045122,2265,256,0.1130242825607064,HellaSwag,0.5,discovery,validation
446,0.36598788456928005,0.010260260260260265,0.9816704000792363,55494,501,0.009028003027354308,35061,253,0.007215994980177405,2265,253,0.11169977924944813,HellaSwag,0.5,discovery,validation
447,0.2757575458917687,0.0089079464079464,0.9793763815742942,55491,563,0.010145789407291272,35060,268,0.007644038790644609,2264,268,0.11837455830388692,HellaSwag,0.5,discovery,validation
448,0.14234472708721993,0.00460274323910687,0.9814721949170659,55492,506,0.00911843148561955,35060,246,0.007016543069024529,2264,246,0.10865724381625441,HellaSwag,0.5,discovery,validation
449,0.11582165348741236,0.003118503118503118,0.9803741991061083,55489,535,0.009641550577591956,35060,267,0.007615516257843696,2264,267,0.11793286219081273,HellaSwag,0.5,discovery,validation
450,0.19470762910914055,0.0042229729729729715,0.9811212527105364,55492,515,0.009280617025877604,35061,233,0.00664556059439263,2265,233,0.10286975717439294,HellaSwag,0.5,discovery,validation
451,0.2530017300683486,0.01036613536613536,0.9829563773330635,55493,465,0.00837943524408484,35061,236,0.006731125752260346,2265,236,0.10419426048565121,HellaSwag,0.5,discovery,validation
452,0.15287758929633607,0.004263004263004256,0.9844222597967698,55492,422,0.0076046997765443665,35061,235,0.006702604032971108,2265,235,0.10375275938189846,HellaSwag,0.5,discovery,validation
453,0.2862855139128596,0.0037708938277120066,0.9817600061248419,55492,498,0.008974266560945722,35060,260,0.007415858528237307,2264,260,0.11484098939929328,HellaSwag,0.5,discovery,validation
454,0.14364128137731863,0.004916564291564292,0.9782882834310442,55493,594,0.010704052763411602,35060,283,0.0080718767826583,2264,283,0.125,HellaSwag,0.5,discovery,validation
455,0.23411672582820106,0.0026613151613151674,0.9795654456655501,55492,558,0.010055503495999424,35060,252,0.007187678265830006,2264,252,0.11130742049469965,HellaSwag,0.5,discovery,validation
456,0.097173859572173,0.008145645645645645,0.9825962984133392,55492,474,0.008541771786924241,35061,245,0.006987821225863495,2265,245,0.10816777041942605,HellaSwag,0.5,discovery,validation
457,0.16534454372193746,0.007870473779564683,0.9793587695836516,55493,565,0.010181464328834267,35061,267,0.007615299050226748,2265,267,0.11788079470198676,HellaSwag,0.5,discovery,validation
458,0.20294900087361117,0.008054929929929932,0.9800419509767784,55492,545,0.009821235493404456,35060,236,0.006731317741015402,2264,236,0.10424028268551237,HellaSwag,0.5,discovery,validation
459,0.1751111692357072,0.0073385885885885824,0.9794215400616622,55492,562,0.010127585958336337,35061,250,0.007130429822309689,2265,250,0.11037527593818984,HellaSwag,0.5,discovery,validation
460,0.2392479452541403,0.007955070455070446,0.9794571420218406,55491,562,0.010127768466958606,35060,266,0.007586993725042784,2264,266,0.11749116607773852,HellaSwag,0.5,discovery,validation
461,0.17410644932542607,0.008558558558558554,0.9778209943985651,55494,608,0.010956139402457923,35061,306,0.008727646102507059,2265,306,0.13509933774834437,HellaSwag,0.5,discovery,validation
462,0.28670773465767463,0.005552668052668056,0.98172402972387,55492,499,0.00899228717652995,35061,250,0.007130429822309689,2265,250,0.11037527593818984,HellaSwag,0.5,discovery,validation
463,0.18486849516216805,0.007632632632632625,0.9784501772354183,55492,589,0.010614142579110503,35061,292,0.008328342032457716,2265,292,0.12891832229580574,HellaSwag,0.5,discovery,validation
464,0.19129132167190943,0.00863363363363363,0.9809325489024862,55492,518,0.009334678872630288,35060,279,0.007957786651454649,2264,279,0.12323321554770318,HellaSwag,0.5,discovery,validation
465,0.21700160886063244,0.004696845605936516,0.9809501895119289,55490,518,0.009335015318075329,35060,246,0.007016543069024529,2264,246,0.10865724381625441,HellaSwag,0.5,discovery,validation
466,0.12347248916139716,0.005799704663341031,0.982371604941366,55492,479,0.008631874864845382,35061,270,0.0077008642080944635,2265,270,0.11920529801324503,HellaSwag,0.5,discovery,validation
467,0.1468797709651297,0.006575325325325321,0.9797181604566509,55492,554,0.00998342103366251,35061,274,0.00781495108525142,2265,274,0.12097130242825607,HellaSwag,0.5,discovery,validation
468,0.2972442706580403,0.009947447447447447,0.9809858199206115,55489,518,0.009335183549892772,35059,262,0.007473116746056647,2263,262,0.11577551922227132,HellaSwag,0.5,discovery,validation
469,0.2199638905133504,0.008960883960883959,0.9794215400616622,55492,560,0.01009154472716788,35061,268,0.0076438207695159865,2265,268,0.11832229580573951,HellaSwag,0.5,discovery,validation
470,0.1787521558792429,0.008658451840270023,0.9798712450738121,55493,549,0.00989313967527436,35061,317,0.009041385014688685,2265,317,0.13995584988962473,HellaSwag,0.5,discovery,validation
471,0.21904551736132272,0.011968699468699474,0.9821554206183857,55491,486,0.008758177001675948,35061,232,0.006617038875103391,2265,232,0.10242825607064018,HellaSwag,0.5,discovery,validation
472,0.3726987444195409,0.004909351500260591,0.981885923528244,55493,495,0.008920043969509668,35061,216,0.0061606913664755715,2265,216,0.09536423841059603,HellaSwag,0.5,discovery,validation
473,0.18442743502766007,0.008936821436821443,0.9785940828393062,55492,586,0.010560080732357818,35060,271,0.007729606389047347,2264,271,0.11969964664310954,HellaSwag,0.5,discovery,validation
474,0.27070112888165815,0.006362612612612616,0.9808510780591788,55490,523,0.009425121643539376,35061,260,0.007415647015202077,2265,260,0.11479028697571744,HellaSwag,0.5,discovery,validation
475,0.208308892257289,0.0048991298991299045,0.9815984485711865,55494,502,0.009046022993476772,35061,260,0.007415647015202077,2265,260,0.11479028697571744,HellaSwag,0.5,discovery,validation
476,0.16041470040268332,0.007892507892507882,0.9792416580568022,55492,566,0.01019966842067325,35061,239,0.006816690910128063,2265,239,0.1055187637969095,HellaSwag,0.5,discovery,validation
477,0.28428808623250024,0.008012820512820519,0.979142913118687,55493,570,0.01027156578307174,35060,295,0.008414147176269253,2264,295,0.13030035335689047,HellaSwag,0.5,discovery,validation
478,0.2617853465957416,0.012218468468468462,0.9801407059329653,55491,542,0.009767349660305276,35061,282,0.00804312483956533,2265,282,0.12450331125827814,HellaSwag,0.5,discovery,validation
479,0.20240303193686474,0.004244629244629252,0.9814990083173517,55493,506,0.009118267168832106,35061,250,0.007130429822309689,2265,250,0.11037527593818984,HellaSwag,0.5,discovery,validation
480,0.2237608719029238,0.011699199199199196,0.980590773093252,55493,531,0.009568774440019462,35061,276,0.007871994523829896,2265,276,0.12185430463576159,HellaSwag,0.5,discovery,validation
481,0.09875433674850148,0.0045045045045045175,0.9792409017145289,55490,568,0.010236078572715804,35061,253,0.007215994980177405,2265,253,0.11169977924944813,HellaSwag,0.5,discovery,validation
482,0.2533046388086926,0.009384384384384388,0.981652076921926,55492,500,0.009010307792114178,35061,266,0.007586777330937509,2265,265,0.11699779249448124,HellaSwag,0.5,discovery,validation
483,0.1639507495769453,0.004379379379379369,0.9824167361706517,55493,480,0.008649739606797253,35061,228,0.006502951997946436,2265,228,0.10066225165562914,HellaSwag,0.5,discovery,validation
484,0.2623003422779307,0.017892892892892892,0.9767408749013187,55490,636,0.011461524599026851,35060,312,0.00889903023388477,2264,309,0.13648409893992933,HellaSwag,0.5,discovery,validation
485,0.14256907344085248,0.009947447447447437,0.9785217387750385,55491,588,0.010596312915607937,35061,286,0.008157211716722283,2265,286,0.1262693156732892,HellaSwag,0.5,discovery,validation
486,0.12918522856867354,0.014336451836451835,0.9794571420218406,55493,563,0.010145423747139278,35061,278,0.007929037962408373,2265,278,0.12273730684326711,HellaSwag,0.5,discovery,validation
487,0.17112849026786414,0.003118503118503124,0.9793587695836516,55493,565,0.010181464328834267,35060,248,0.007073588134626355,2264,248,0.10954063604240283,HellaSwag,0.5,discovery,validation
488,0.3560442660922444,0.009238577420395595,0.9786392480337692,55493,583,0.010505829564089164,35061,296,0.008442428909614672,2265,296,0.13068432671081678,HellaSwag,0.5,discovery,validation
489,0.09703068914658775,0.005489864864864861,0.9834777281625748,55491,450,0.008109423149699951,35060,227,0.006474614945807188,2264,227,0.10026501766784453,HellaSwag,0.5,discovery,validation
490,0.19816475299089392,0.0038220038220038188,0.9813819140873761,55490,508,0.009154802667147233,35061,230,0.006559995436524913,2265,230,0.10154525386313466,HellaSwag,0.5,discovery,validation
491,0.15135974930524304,0.008852602602602597,0.9800687518370574,55491,544,0.009803391540970608,35060,241,0.006873930405019966,2264,241,0.10644876325088339,HellaSwag,0.5,discovery,validation
492,0.15430227180784534,0.0075075075075075005,0.9804288792888781,55492,534,0.009623008721977943,35061,271,0.007729385927383703,2265,271,0.1196467991169978,HellaSwag,0.5,discovery,validation
493,0.32430171769251925,0.007679554554554557,0.980878584301028,55493,522,0.009406591822392013,35060,265,0.0075584711922418715,2264,265,0.11704946996466431,HellaSwag,0.5,discovery,validation
494,0.19944156965742213,0.003710441210441209,0.9842064013909378,55492,430,0.007748864701218194,35060,204,0.005818596691386195,2264,204,0.09010600706713781,HellaSwag,0.5,discovery,validation
495,0.27720843555791735,0.016938813813813812,0.9812651596083708,55492,511,0.00920853456354069,35060,270,0.007701083856246435,2264,270,0.11925795053003534,HellaSwag,0.5,discovery,validation
496,0.3378977619695452,0.015837953337953337,0.9782167276928396,55494,597,0.010757919775110822,35061,308,0.008784689541085536,2265,308,0.13598233995584988,HellaSwag,0.5,discovery,validation
497,0.2374827113349534,0.004850873600873598,0.9794303466609822,55492,563,0.010145606573920565,35061,266,0.007586777330937509,2265,265,0.11699779249448124,HellaSwag,0.5,discovery,validation
498,0.24884285850417273,0.013063063063063061,0.9774788144091743,55492,617,0.011118719815468896,35061,294,0.008385385471036195,2265,294,0.12980132450331125,HellaSwag,0.5,discovery,validation
499,0.215240366495795,0.00261319011319012,0.9831630857627499,55492,459,0.008271462553160816,35060,212,0.006046776953793497,2264,212,0.09363957597173145,HellaSwag,0.5,discovery,validation
500,0.18916547947777615,0.008277027027027008,0.9804556833080523,55491,532,0.00958714025697861,35061,280,0.007986081400986852,2265,280,0.12362030905077263,HellaSwag,0.5,discovery,validation
501,0.35092401420272756,0.009434020797657164,0.9804736716702817,55492,534,0.009623008721977943,35060,266,0.007586993725042784,2264,266,0.11749116607773852,HellaSwag,0.5,discovery,validation
502,0.284421205983869,0.011636636636636635,0.9783422480325021,55492,592,0.010668204425863187,35061,273,0.00778642936596218,2265,273,0.1205298013245033,HellaSwag,0.5,discovery,validation
503,0.025926431451104043,0.001674194856013028,0.9804472244423875,55494,534,0.00962266190939561,35061,240,0.006845212629417301,2265,239,0.1055187637969095,HellaSwag,0.5,discovery,validation
504,0.21368184734694373,0.004954954954954955,0.98235361674088,55493,481,0.008667759897644747,35061,227,0.006474430278657198,2265,227,0.10022075055187638,HellaSwag,0.5,discovery,validation
505,0.06371260213472994,0.007141516516516518,0.9799879858900905,55491,547,0.009857454361968608,35060,269,0.007672561323445522,2264,269,0.11881625441696113,HellaSwag,0.5,discovery,validation
506,0.2194521475424625,0.007019519519519526,0.9783778305832226,55491,591,0.010650375736605936,35061,257,0.00733008185733436,2265,257,0.11346578366445915,HellaSwag,0.5,discovery,validation
507,0.5154253958460217,0.019707207207207214,0.9785669052739757,55492,585,0.01054206011677359,35061,281,0.00801460312027609,2265,281,0.12406181015452539,HellaSwag,0.5,discovery,validation
508,0.07803360770644467,0.005269692769692767,0.9802313699182377,55494,540,0.009730781706130393,35061,229,0.006531473717235675,2265,229,0.1011037527593819,HellaSwag,0.5,discovery,validation
509,0.1255368196193283,0.0030030030030030043,0.9834149205695538,55492,452,0.008145318244071217,35061,235,0.006702604032971108,2265,235,0.10375275938189846,HellaSwag,0.5,discovery,validation
510,0.17687720596847892,0.012512512512512513,0.9801410680811021,55492,542,0.009767173646651769,35061,309,0.008813211260374775,2265,309,0.13642384105960265,HellaSwag,0.5,discovery,validation
511,0.32530423679329434,0.011706437842801481,0.9794391534978637,55490,558,0.01005586592178771,35061,261,0.007444168734491315,2265,261,0.1152317880794702,HellaSwag,0.5,discovery,validation
512,0.2398960509219945,0.0062273812273812195,0.9788998822475682,55493,576,0.010379687528156704,35061,271,0.007729385927383703,2265,269,0.11876379690949228,HellaSwag,0.5,discovery,validation
513,0.09482692798851393,0.0024774774774774747,0.982047817332618,55492,489,0.008812081020687666,35061,212,0.006046604489318616,2265,212,0.09359823399558499,HellaSwag,0.5,discovery,validation
514,0.2962522445334341,0.015452952952952952,0.9787739648441662,55492,580,0.010451957038852447,35061,306,0.008727646102507059,2265,305,0.1346578366445916,HellaSwag,0.5,discovery,validation
515,0.4434022966652085,0.005896392260028624,0.9789898232499982,55492,574,0.010343833345347078,35060,276,0.007872219053051912,2264,276,0.12190812720848057,HellaSwag,0.5,discovery,validation
516,0.20803284379702983,0.006506506506506507,0.9798260906300267,55492,550,0.009911338571325597,35061,260,0.007415647015202077,2265,260,0.11479028697571744,HellaSwag,0.5,discovery,validation
517,0.23698008504937468,0.009403153153153144,0.9798708780733109,55490,549,0.009893674535952425,35061,286,0.008157211716722283,2265,285,0.12582781456953643,HellaSwag,0.5,discovery,validation
518,0.30729374296251066,0.005646297123569849,0.9784677732031075,55490,586,0.010560461344386375,35059,294,0.008385863829544482,2263,294,0.12991604065399912,HellaSwag,0.5,discovery,validation
519,0.20506844977210545,0.009484484484484485,0.978045242769326,55491,600,0.010812564199599936,35061,303,0.008642080944639342,2265,303,0.1337748344370861,HellaSwag,0.5,discovery,validation
520,0.10433306572057398,0.002512127512127513,0.9810672876238485,55491,517,0.009316826151988611,35059,235,0.006702986394363787,2263,235,0.103844454264251,HellaSwag,0.5,discovery,validation
521,0.19480087977234475,0.005493199811381629,0.9792328533124223,55494,569,0.01025336072368184,35061,279,0.007957559681697613,2265,279,0.12317880794701987,HellaSwag,0.5,discovery,validation
522,0.22358818342676787,0.005760568260568254,0.982478574780098,55487,476,0.008578585975093264,35061,235,0.006702604032971108,2265,235,0.10375275938189846,HellaSwag,0.5,discovery,validation
523,0.1804010184125683,0.0034072534072533993,0.9819303992029186,55490,492,0.008866462425662282,35060,234,0.006674272675413577,2264,234,0.10335689045936396,HellaSwag,0.5,discovery,validation
524,0.26062044289752473,0.009071571571571568,0.9808697648384046,55493,522,0.009406591822392013,35061,253,0.007215994980177405,2265,253,0.11169977924944813,HellaSwag,0.5,discovery,validation
525,0.32628905132007613,0.01651651651651651,0.9823349834820155,55488,481,0.00866854094579008,35058,255,0.007273660790689715,2262,255,0.11273209549071618,HellaSwag,0.5,discovery,validation
526,0.15785512154682796,0.004976129976129985,0.9814715188027169,55488,504,0.009083044982698962,35061,246,0.007016342945152734,2265,246,0.10860927152317881,HellaSwag,0.5,discovery,validation
527,0.10808517290408129,0.006020443520443513,0.9776946728150062,55492,611,0.011010596121963527,35060,310,0.008841985168282943,2264,310,0.13692579505300354,HellaSwag,0.5,discovery,validation
528,0.1879733227715557,0.00671797830888741,0.9798617003440842,55489,550,0.009911874425561823,35061,288,0.008214255155300762,2265,288,0.1271523178807947,HellaSwag,0.5,discovery,validation
529,0.07927383730370757,0.006212462462462462,0.981058466305888,55493,517,0.009316490368154542,35061,253,0.007215994980177405,2265,253,0.11169977924944813,HellaSwag,0.5,discovery,validation
530,0.28952851580804795,0.00490875490875491,0.982470379877734,55491,478,0.008614009479014615,35060,224,0.006389047347404449,2264,224,0.0989399293286219,HellaSwag,0.5,discovery,validation
531,0.1954039634466195,0.007199507199507203,0.9806263960803434,55490,526,0.009479185438817804,35061,252,0.007187473260888167,2265,252,0.11125827814569536,HellaSwag,0.5,discovery,validation
532,0.27112347248520385,0.013571263571263571,0.9796465782036046,55493,556,0.010019281711206819,35060,262,0.007472903593839133,2264,262,0.1157243816254417,HellaSwag,0.5,discovery,validation
533,0.1726048840216483,0.006506506506506499,0.9842155400453577,55493,428,0.0077126844827275515,35060,192,0.005476326297775242,2264,192,0.08480565371024736,HellaSwag,0.5,discovery,validation
534,0.20458810827623664,0.003359609609609606,0.9807614854659503,55492,526,0.009478843797304116,35060,268,0.007644038790644609,2264,268,0.11837455830388692,HellaSwag,0.5,discovery,validation
535,0.16551930477248306,0.006584709709709712,0.980041587201374,55489,544,0.009803744886373877,35060,262,0.007472903593839133,2264,262,0.1157243816254417,HellaSwag,0.5,discovery,validation
536,0.21705230730588476,0.007849195349195351,0.9776586964140342,55492,612,0.011028616737547755,35060,298,0.008499714774671992,2264,298,0.13162544169611307,HellaSwag,0.5,discovery,validation
537,0.1200975193417538,0.005086336336336331,0.9813734299233223,55493,508,0.009154307750527094,35061,222,0.0063318216822110035,2265,222,0.09801324503311258,HellaSwag,0.5,discovery,validation
538,0.21873139245839035,0.00638138138138138,0.9805816018436574,55492,531,0.009568946875225257,35060,249,0.007102110667427267,2264,249,0.10998233215547704,HellaSwag,0.5,discovery,validation
539,0.15122327519534717,0.0052696927696927725,0.9827673453520579,55492,468,0.008433648093418872,35060,255,0.007273245864232744,2264,255,0.11263250883392226,HellaSwag,0.5,discovery,validation
540,0.171420446099328,0.0039040590176953765,0.9799431978757561,55493,548,0.009875119384426865,35061,261,0.007444168734491315,2265,261,0.1152317880794702,HellaSwag,0.5,discovery,validation
541,0.27109098548500327,0.003979941479941487,0.982515510545254,55492,477,0.008595833633676926,35060,245,0.006988020536223617,2264,245,0.10821554770318022,HellaSwag,0.5,discovery,validation
542,0.17883568123386986,0.006506506506506506,0.9776946728150062,55492,609,0.010974554890795069,35061,297,0.00847095062890391,2265,296,0.13068432671081678,HellaSwag,0.5,discovery,validation
543,0.22379516513657305,0.013826326326326337,0.9801227174089884,55490,542,0.009767525680302758,35061,272,0.007757907646672941,2265,272,0.12008830022075055,HellaSwag,0.5,discovery,validation
544,0.3179589593135564,0.01814001501501501,0.9746809588541336,55489,692,0.01247094018634324,35060,377,0.010752994865944096,2264,376,0.16607773851590105,HellaSwag,0.5,discovery,validation
545,0.2678883732419899,0.00954319704319704,0.9820474894745238,55491,486,0.008758177001675948,35060,259,0.007387335995436395,2264,259,0.11439929328621908,HellaSwag,0.5,discovery,validation
546,0.28719181036609,0.00464876033057851,0.9785940828393062,55492,585,0.01054206011677359,35061,259,0.007387125295912837,2265,259,0.11434878587196468,HellaSwag,0.5,discovery,validation
547,0.2524748399803357,0.008826133826133824,0.9797545064360869,55493,553,0.009965220838664336,35061,260,0.007415647015202077,2265,260,0.11479028697571744,HellaSwag,0.5,discovery,validation
548,0.20384743023040053,0.011011011011011,0.9793308459519559,55489,564,0.010164176683667033,35058,259,0.00738775743054367,2262,259,0.11450044208664899,HellaSwag,0.5,discovery,validation
549,0.3044163466161378,0.009105980980980985,0.980860246892044,55491,523,0.00942495179398461,35060,266,0.007586993725042784,2264,266,0.11749116607773852,HellaSwag,0.5,discovery,validation
550,0.07936955736451604,0.0041541859723677865,0.9798712450738121,55493,549,0.00989313967527436,35061,273,0.00778642936596218,2265,273,0.1205298013245033,HellaSwag,0.5,discovery,validation
551,0.10842951509181463,0.006256256256256258,0.9817148686641033,55491,497,0.008956407345335279,35061,229,0.006531473717235675,2265,229,0.1011037527593819,HellaSwag,0.5,discovery,validation
552,0.2396516118095278,0.006375125125125126,0.9791065561408547,55492,571,0.010289771498594393,35061,272,0.007757907646672941,2265,272,0.12008830022075055,HellaSwag,0.5,discovery,validation
553,0.20232603804670504,0.0038042850542850597,0.9809681780359059,55491,518,0.009334847092321278,35061,268,0.0076438207695159865,2265,268,0.11832229580573951,HellaSwag,0.5,discovery,validation
554,0.17153866896634648,0.007074740029285485,0.9805459801409575,55493,532,0.009586794730866956,35061,253,0.007215994980177405,2265,253,0.11169977924944813,HellaSwag,0.5,discovery,validation
555,0.09300945685516368,0.004687379687379676,0.9820291730747639,55489,490,0.008830579033682352,35060,233,0.006645750142612664,2264,233,0.10291519434628975,HellaSwag,0.5,discovery,validation
556,0.2778915429238052,0.00887907137907137,0.9815624728171615,55494,503,0.009064042959599236,35061,223,0.006360343401500243,2265,223,0.09845474613686535,HellaSwag,0.5,discovery,validation
557,0.1449684113217095,0.004138435956617772,0.980752666897626,55492,525,0.009460823181719888,35061,240,0.006845212629417301,2265,240,0.10596026490066225,HellaSwag,0.5,discovery,validation
558,0.19641877125626067,0.010571521935158298,0.9812831479706001,55491,511,0.00920870050999261,35061,269,0.007672342488805225,2265,269,0.11876379690949228,HellaSwag,0.5,discovery,validation
559,0.20477079102710088,0.0024399399399399383,0.9818764331457316,55489,494,0.008902665393140982,35060,234,0.006674272675413577,2264,234,0.10335689045936396,HellaSwag,0.5,discovery,validation
560,0.17280214698584248,0.004767267267267275,0.984287492200346,55493,426,0.007676643901032562,35061,220,0.006274778243632526,2265,220,0.09713024282560706,HellaSwag,0.5,discovery,validation
561,0.101846164632956,0.0071817685454049,0.9793583932120649,55492,562,0.010127585958336337,35059,282,0.008043583673236545,2263,282,0.12461334511710119,HellaSwag,0.5,discovery,validation
562,0.1535784561761313,0.008594855185764284,0.9821286009953774,55492,487,0.00877603978951921,35061,263,0.007501212173069793,2265,263,0.11611479028697572,HellaSwag,0.5,discovery,validation
563,0.1353595012063384,0.0023244398244398282,0.981589286388287,55493,503,0.009064206296289621,35061,248,0.007073386383731211,2265,248,0.10949227373068433,HellaSwag,0.5,discovery,validation
564,0.22851104177530743,0.0045526295526295505,0.9800320475225665,55487,544,0.009804098257249446,35060,281,0.008014831717056475,2264,281,0.12411660777385158,HellaSwag,0.5,discovery,validation
565,0.1868776798985928,0.00923423423423423,0.9794391534978637,55490,562,0.010127950982158948,35061,302,0.008613559225350105,2265,302,0.13333333333333333,HellaSwag,0.5,discovery,validation
566,0.10612613553371618,0.008133133133133142,0.9796634545356909,55487,555,0.010002342891127652,35060,300,0.008556759840273816,2264,299,0.13206713780918727,HellaSwag,0.5,discovery,validation
567,0.2483787836310394,0.015371621621621622,0.9786028819984343,55492,586,0.010560080732357818,35061,310,0.008841732979664015,2265,310,0.1368653421633554,HellaSwag,0.5,discovery,validation
568,0.21672986770167696,0.007195728786637873,0.9790074289224165,55490,573,0.010326184898179852,35061,263,0.007501212173069793,2265,263,0.11611479028697572,HellaSwag,0.5,discovery,validation
569,0.19681004193216686,0.006731731731731728,0.983118269681787,55494,459,0.008271164450210833,35061,248,0.007073386383731211,2265,248,0.10949227373068433,HellaSwag,0.5,discovery,validation
570,0.3917116215764429,0.007002194502194504,0.9790434059703704,55490,573,0.010326184898179852,35060,265,0.0075584711922418715,2264,265,0.11704946996466431,HellaSwag,0.5,discovery,validation
571,0.22299711017057414,0.005403130403130402,0.9790973715423013,55491,570,0.01027193598961994,35061,283,0.008071646558854569,2265,283,0.12494481236203091,HellaSwag,0.5,discovery,validation
572,0.11606748374930415,0.007319819819819814,0.9785764852330893,55494,584,0.010523660215518794,35061,277,0.007900516243119136,2265,277,0.12229580573951435,HellaSwag,0.5,discovery,validation
573,0.07154928070680772,0.005433558558558547,0.9835137048870335,55491,448,0.008073381269034619,35060,237,0.006759840273816315,2264,237,0.10468197879858657,HellaSwag,0.5,discovery,validation
574,0.09889086461172124,0.005236486486486485,0.981913071085734,55493,493,0.00888400338781468,35061,273,0.00778642936596218,2265,273,0.1205298013245033,HellaSwag,0.5,discovery,validation
575,0.1924292954280934,0.005681460226914767,0.9803741991061083,55489,536,0.009659572167456613,35061,272,0.007757907646672941,2265,272,0.12008830022075055,HellaSwag,0.5,discovery,validation
576,0.3885280303860524,0.012286324786324784,0.9788363452575314,55490,579,0.010434312488736708,35061,272,0.007757907646672941,2265,272,0.12008830022075055,HellaSwag,0.5,discovery,validation
577,0.1840612668488437,0.002752752752752754,0.9813007952024038,55489,510,0.009191010830975508,35059,268,0.007644256824210617,2263,268,0.11842686699072029,HellaSwag,0.5,discovery,validation
578,0.09453077878886526,0.0061311311311311265,0.9821740606355859,55494,487,0.008775723501639817,35061,228,0.006502951997946436,2265,228,0.10066225165562914,HellaSwag,0.5,discovery,validation
579,0.37043807813984997,0.006923325105143285,0.9796106021261104,55493,557,0.010037302002054313,35060,274,0.007815173987450085,2264,273,0.12058303886925795,HellaSwag,0.5,discovery,validation
580,0.2690185564311654,0.006597222222222232,0.9829289271493951,55490,465,0.008379888268156424,35058,220,0.006275315191967596,2262,220,0.09725906277630415,HellaSwag,0.5,discovery,validation
581,0.2287075215623086,0.013795045045045045,0.9805819562184517,55493,531,0.009568774440019462,35061,289,0.00824277687459,2265,289,0.12759381898454747,HellaSwag,0.5,discovery,validation
582,0.13633000059013767,0.01626626626626627,0.9798356366239631,55494,551,0.009929001333477494,35061,296,0.008442428909614672,2265,296,0.13068432671081678,HellaSwag,0.5,discovery,validation
583,0.17445290686758963,0.008508508508508516,0.9796730043095643,55491,556,0.010019642824962607,35060,280,0.007986309184255563,2264,280,0.12367491166077739,HellaSwag,0.5,discovery,validation
584,0.23295391838355456,0.012462462462462465,0.9799879858900905,55491,546,0.009839433421635941,35061,290,0.008271298593879239,2265,290,0.1280353200883002,HellaSwag,0.5,discovery,validation
585,0.15383998868764137,0.007798423423423417,0.983783530320473,55492,442,0.007965112088228934,35060,232,0.006617227609811751,2264,232,0.10247349823321555,HellaSwag,0.5,discovery,validation
586,0.11178066394651433,0.002762377762377755,0.98154414771901,55492,502,0.009046349023282635,35061,251,0.007158951541598927,2265,251,0.11081677704194261,HellaSwag,0.5,discovery,validation
587,0.2354021127106737,0.005946028673301396,0.9829740540201545,55491,463,0.008343695374024617,35061,225,0.00641738684007872,2265,225,0.09933774834437085,HellaSwag,0.5,discovery,validation
588,0.31635482882720806,0.016299953799953797,0.9799252096752702,55492,548,0.00987529734015714,35061,257,0.00733008185733436,2265,257,0.11346578366445915,HellaSwag,0.5,discovery,validation
589,0.0859057420183391,0.009071571571571572,0.97661495523348,55491,641,0.011551422753239265,35061,305,0.008699124383217821,2265,305,0.1346578366445916,HellaSwag,0.5,discovery,validation
590,0.21993455310711985,0.003153153153153151,0.980356568220689,55491,537,0.009677244958641942,35061,236,0.006731125752260346,2265,236,0.10419426048565121,HellaSwag,0.5,discovery,validation
591,0.2440446086527423,0.0033783783783783916,0.977325708280154,55491,617,0.011118920185255267,35061,271,0.007729385927383703,2265,271,0.1196467991169978,HellaSwag,0.5,discovery,validation
592,0.161145442326939,0.009040290290290309,0.9827130648616715,55490,470,0.008469994593620472,35059,255,0.007273453321543683,2263,255,0.11268228015908087,HellaSwag,0.5,discovery,validation
593,0.2733682093421255,0.005833829697466066,0.9812291828839121,55492,513,0.009244575794709147,35059,256,0.007301976667902678,2263,256,0.11312417145382236,HellaSwag,0.5,discovery,validation
594,0.04205975068291897,0.0061373873873873785,0.9794575164626341,55492,562,0.010127585958336337,35061,242,0.006902256067995779,2265,242,0.10684326710816777,HellaSwag,0.5,discovery,validation
595,0.14005547472972107,0.003561253561253557,0.9813459370394221,55490,507,0.009136781402054425,35059,239,0.006817079779799766,2263,239,0.10561201944321696,HellaSwag,0.5,discovery,validation
596,0.27338383407522443,0.018412162162162158,0.979178889196181,55493,570,0.01027156578307174,35061,302,0.008613559225350105,2265,302,0.13333333333333333,HellaSwag,0.5,discovery,validation
597,0.2208063839044328,0.004576692076692066,0.983055156559834,55492,462,0.0083255243999135,35061,230,0.006559995436524913,2265,230,0.10154525386313466,HellaSwag,0.5,discovery,validation
598,0.1635668089052934,0.005943443443443441,0.9794303466609822,55492,562,0.010127585958336337,35061,242,0.006902256067995779,2265,242,0.10684326710816777,HellaSwag,0.5,discovery,validation
599,0.059929137285330655,0.004294325317052596,0.9812468291452167,55490,512,0.009226887727518472,35060,239,0.00681688533941814,2264,239,0.10556537102473498,HellaSwag,0.5,discovery,validation
600,0.18972803304188904,0.0029936186186186172,0.9770470975975103,55492,628,0.011316946586895409,35060,301,0.008585282373074729,2264,301,0.1329505300353357,HellaSwag,0.5,discovery,validation
601,0.22830366441836136,0.01263763763763763,0.9790885677786254,55493,571,0.010289586073919233,35061,284,0.008100168278143806,2265,283,0.12494481236203091,HellaSwag,0.5,discovery,validation
602,0.22307610266785907,0.005780780780780781,0.981220360110262,55492,513,0.009244575794709147,35061,268,0.0076438207695159865,2265,268,0.11832229580573951,HellaSwag,0.5,discovery,validation
603,0.2064510802897313,0.003278278278278284,0.9818139707263001,55493,496,0.008938064260357162,35061,259,0.007387125295912837,2265,259,0.11434878587196468,HellaSwag,0.5,discovery,validation
604,0.18068226831271283,0.005852005852005843,0.982371604941366,55492,477,0.008595833633676926,35061,251,0.007158951541598927,2265,251,0.11081677704194261,HellaSwag,0.5,discovery,validation
605,0.13784247067787353,0.004999834545289087,0.9822545195309824,55491,482,0.00868609324034528,35061,248,0.007073386383731211,2265,248,0.10949227373068433,HellaSwag,0.5,discovery,validation
606,0.22559296154583008,0.006615603206512285,0.9803929028879061,55492,536,0.0096590499531464,35060,253,0.007216200798630918,2264,253,0.11174911660777385,HellaSwag,0.5,discovery,validation
607,0.15603896090666236,0.003528528528528549,0.9814453820783104,55493,506,0.009118267168832106,35061,229,0.006531473717235675,2265,229,0.1011037527593819,HellaSwag,0.5,discovery,validation
608,0.291260043999864,0.00882132132132132,0.9795026738936281,55493,560,0.010091362874596796,35061,288,0.008214255155300762,2265,288,0.1271523178807947,HellaSwag,0.5,discovery,validation
609,0.15349846064752015,0.005967227558136645,0.9777578341351634,55494,610,0.01099217933470285,35061,314,0.008955819856820969,2265,314,0.13863134657836645,HellaSwag,0.5,discovery,validation
610,0.26565618372732935,0.0052498262725535465,0.9808605961005421,55492,521,0.009388740719382975,35061,248,0.007073386383731211,2265,248,0.10949227373068433,HellaSwag,0.5,discovery,validation
611,0.2511251428811581,0.0016336047586047592,0.9825871451938328,55491,474,0.00854192571768395,35060,223,0.006360524814603537,2264,223,0.09849823321554771,HellaSwag,0.5,discovery,validation
612,0.4655378270791065,0.00882132132132132,0.980437694945823,55492,534,0.009623008721977943,35061,269,0.007672342488805225,2265,269,0.11876379690949228,HellaSwag,0.5,discovery,validation
613,0.2413141698367594,0.00788288288288289,0.9795834338660361,55493,558,0.010055322292901807,35061,278,0.007929037962408373,2265,278,0.12273730684326711,HellaSwag,0.5,discovery,validation
614,0.35405272114021424,0.018393393393393395,0.9770286912849502,55490,628,0.011317354478284376,35059,296,0.008442910522262473,2263,296,0.1307998232434821,HellaSwag,0.5,discovery,validation
615,0.291321245291983,0.006632510609783335,0.9799431978757561,55493,547,0.009857099093579371,35061,291,0.008299820313168478,2265,291,0.12847682119205298,HellaSwag,0.5,discovery,validation
616,0.2589965024164571,0.011523403568858104,0.9802570918408137,55488,539,0.00971381199538639,35060,263,0.007501426126640046,2264,263,0.11616607773851591,HellaSwag,0.5,discovery,validation
617,0.3240587078366906,0.00544294294294294,0.9771818013823195,55491,623,0.011227045827251265,35061,309,0.008813211260374775,2265,309,0.13642384105960265,HellaSwag,0.5,discovery,validation
618,0.26942193768127476,0.014139139139139131,0.9800151506777001,55493,546,0.009839078802731877,35060,267,0.007615516257843696,2264,266,0.11749116607773852,HellaSwag,0.5,discovery,validation
619,0.15451424849185774,0.005549971459062371,0.9803209500859621,55492,536,0.0096590499531464,35061,257,0.00733008185733436,2265,257,0.11346578366445915,HellaSwag,0.5,discovery,validation
620,0.14143157228127548,0.006164818664818666,0.9793756303877527,55487,562,0.010128498567231964,35060,255,0.007273245864232744,2264,255,0.11263250883392226,HellaSwag,0.5,discovery,validation
621,0.2811977803682785,0.008591764841764844,0.9783330565649948,55491,591,0.010650375736605936,35061,318,0.009069906733977924,2265,318,0.1403973509933775,HellaSwag,0.5,discovery,validation
622,0.24370913751683926,0.009572072072072078,0.9777398460964163,55493,609,0.010974357126124016,35061,275,0.007843472804540657,2265,275,0.12141280353200883,HellaSwag,0.5,discovery,validation
623,0.30400966844658134,0.009872372372372375,0.9806898844509341,55493,525,0.009460652694934497,35061,250,0.007130429822309689,2265,250,0.11037527593818984,HellaSwag,0.5,discovery,validation
624,0.180296373011064,0.0013980923071832223,0.9821737347360199,55493,485,0.008739841061034726,35061,237,0.006759647471549585,2265,237,0.10463576158940398,HellaSwag,0.5,discovery,validation
625,0.1464272932951976,0.00791175791175791,0.9820926242709187,55492,489,0.008812081020687666,35060,246,0.007016543069024529,2264,246,0.10865724381625441,HellaSwag,0.5,discovery,validation
626,0.09418682362714383,0.0061092342342342265,0.9792776344577743,55492,565,0.010181647805089022,35060,271,0.007729606389047347,2264,271,0.11969964664310954,HellaSwag,0.5,discovery,validation
627,0.3550151055469433,0.004966504966504963,0.9813011363328294,55492,510,0.009190513947956462,35061,237,0.006759647471549585,2265,237,0.10463576158940398,HellaSwag,0.5,discovery,validation
628,0.1465295568753334,0.004601709147163698,0.9796182965893073,55486,554,0.00998450059474462,35060,258,0.007358813462635482,2264,258,0.11395759717314488,HellaSwag,0.5,discovery,validation
629,0.2663607839376073,0.010573073073073064,0.9807618366059222,55493,525,0.009460652694934497,35061,264,0.0075297338923590315,2265,264,0.11655629139072848,HellaSwag,0.5,discovery,validation
630,0.2577735337891499,0.0038663663663663587,0.9802130208830462,55492,541,0.009749153031067541,35061,261,0.007444168734491315,2265,261,0.1152317880794702,HellaSwag,0.5,discovery,validation
631,0.07903974119574611,0.007247632247632247,0.9795647009692658,55488,557,0.01003820645905421,35061,262,0.007472690453780554,2265,262,0.11567328918322296,HellaSwag,0.5,discovery,validation
632,0.2551885583733009,0.016718641718641722,0.9802394627443931,55490,538,0.009695440619931519,35059,272,0.007758350209646596,2263,272,0.12019443216968625,HellaSwag,0.5,discovery,validation
633,0.12807249352525638,0.006741245377609011,0.9807434971037211,55491,524,0.009442972734317276,35061,245,0.006987821225863495,2265,244,0.10772626931567329,HellaSwag,0.5,discovery,validation
634,0.1609002310945654,0.007594132594132593,0.984071052804669,55489,432,0.007785326821532196,35061,219,0.006246256524343287,2265,219,0.09668874172185431,HellaSwag,0.5,discovery,validation
635,0.16044146872772436,0.010660660660660671,0.9816612385432752,55493,501,0.009028165714594633,35061,254,0.007244516699466644,2265,254,0.11214128035320088,HellaSwag,0.5,discovery,validation
636,0.27485589129363713,0.0022616366366366384,0.9820295009505468,55490,490,0.008830419895476662,35058,220,0.006275315191967596,2262,220,0.09725906277630415,HellaSwag,0.5,discovery,validation
637,0.14967349802314792,0.008998151043605577,0.9803385796967119,55490,537,0.00967741935483871,35060,263,0.007501426126640046,2264,263,0.11616607773851591,HellaSwag,0.5,discovery,validation
638,0.13264639292775468,0.0034159159159159102,0.9808429577366622,55494,524,0.009442462248170974,35061,272,0.007757907646672941,2265,272,0.12008830022075055,HellaSwag,0.5,discovery,validation
639,0.09926595800522396,0.0032177759450486764,0.9829286154490332,55489,464,0.008362017697201247,35060,244,0.006959498003422704,2264,244,0.10777385159010601,HellaSwag,0.5,discovery,validation
640,0.23635548189031796,0.004574526449526449,0.982101781934076,55493,488,0.008793901933577208,35060,241,0.006873930405019966,2264,241,0.10644876325088339,HellaSwag,0.5,discovery,validation
641,0.232483957505863,0.01010698198198198,0.980248997284018,55492,539,0.009713111799899084,35060,263,0.007501426126640046,2264,263,0.11616607773851591,HellaSwag,0.5,discovery,validation
642,0.14661035281286172,0.00424462924462924,0.9807255087414919,55492,526,0.009478843797304116,35061,233,0.00664556059439263,2265,233,0.10286975717439294,HellaSwag,0.5,discovery,validation
643,0.21538702457639536,0.012481231231231231,0.9789354748265086,55490,575,0.010362227428365471,35061,290,0.008271298593879239,2265,290,0.1280353200883002,HellaSwag,0.5,discovery,validation
644,0.22169470139915176,0.0152027027027027,0.9790166143297082,55491,572,0.010307977870285272,35059,282,0.008043583673236545,2263,282,0.12461334511710119,HellaSwag,0.5,discovery,validation
645,0.2340047186996915,0.006766063584245393,0.9809149092447121,55494,520,0.009370382383681118,35061,257,0.00733008185733436,2265,257,0.11346578366445915,HellaSwag,0.5,discovery,validation
646,0.24391896574807426,0.011430180180180173,0.9788899271381067,55488,576,0.010380622837370242,35058,309,0.008813965428718123,2262,305,0.1348364279398762,HellaSwag,0.5,discovery,validation
647,0.40300763993985494,0.01870620620620621,0.9801403440887982,55488,542,0.009767877739331026,35061,271,0.007729385927383703,2265,271,0.1196467991169978,HellaSwag,0.5,discovery,validation
648,0.12601938879611355,0.002965465465465467,0.9815617993271457,55490,502,0.009046675076590377,35061,225,0.00641738684007872,2265,225,0.09933774834437085,HellaSwag,0.5,discovery,validation
649,0.19041224447728614,0.007680757680757683,0.9797996608699381,55494,552,0.009947021299599956,35061,275,0.007843472804540657,2265,275,0.12141280353200883,HellaSwag,0.5,discovery,validation
650,0.17491062937699015,0.005928449110267291,0.9829200889334665,55492,466,0.008397606862250415,35060,234,0.006674272675413577,2264,234,0.10335689045936396,HellaSwag,0.5,discovery,validation
651,0.279701013643236,0.005818318318318321,0.9827670304336025,55491,470,0.008469841956353282,35059,247,0.007045266550671725,2263,247,0.10914714980114892,HellaSwag,0.5,discovery,validation
652,0.26360573410148636,0.009071571571571575,0.981391078143976,55491,507,0.009136616748661945,35061,242,0.006902256067995779,2265,242,0.10684326710816777,HellaSwag,0.5,discovery,validation
653,0.18575586832473176,0.00468236831873196,0.9803297647724472,55492,536,0.0096590499531464,35061,236,0.006731125752260346,2265,236,0.10419426048565121,HellaSwag,0.5,discovery,validation
654,0.16818569199465344,0.0046921921921921905,0.9773892853502654,55494,619,0.011154359029805024,35061,271,0.007729385927383703,2265,271,0.1196467991169978,HellaSwag,0.5,discovery,validation
655,0.1904217726448481,0.004301176176176174,0.981516996679581,55492,505,0.00910041087003532,35060,237,0.006759840273816315,2264,237,0.10468197879858657,HellaSwag,0.5,discovery,validation
656,0.21006834987320927,0.011036036036036038,0.9820929514732047,55493,489,0.008811922224424703,35061,241,0.00687373434870654,2265,241,0.106401766004415,HellaSwag,0.5,discovery,validation
657,0.10437340360407077,0.00528413028413028,0.9823892714300861,55490,478,0.008614164714362948,35060,252,0.007187678265830006,2264,252,0.11130742049469965,HellaSwag,0.5,discovery,validation
658,0.09598730733499784,0.004537078400714762,0.9802941475984986,55493,539,0.009712936766799416,35061,265,0.00755825561164827,2265,265,0.11699779249448124,HellaSwag,0.5,discovery,validation
659,0.24080110219667797,0.008229383229383231,0.9827755531352736,55488,469,0.008452277970011534,35060,235,0.006702795208214489,2264,235,0.10379858657243816,HellaSwag,0.5,discovery,validation
660,0.29636986308248603,0.014076576576576582,0.9788455322066237,55491,578,0.01041610351228127,35061,303,0.008642080944639342,2265,303,0.1337748344370861,HellaSwag,0.5,discovery,validation
661,0.2442010389067572,0.005555555555555556,0.9823084846176703,55492,483,0.008703957327182297,35061,255,0.007273038418755882,2265,255,0.11258278145695365,HellaSwag,0.5,discovery,validation
662,0.2809283276895571,0.01219969969969971,0.9797453276704102,55492,553,0.009965400418078281,35060,266,0.007586993725042784,2264,266,0.11749116607773852,HellaSwag,0.5,discovery,validation
663,0.1564767470133555,0.003892322074140253,0.9810849309736558,55489,515,0.009281118780298797,35059,252,0.007187883282466699,2263,252,0.11135660627485638,HellaSwag,0.5,discovery,validation
664,0.1687699039999315,0.007301051051051046,0.9809505371029721,55493,519,0.00935253094984953,35061,253,0.007215994980177405,2265,253,0.11169977924944813,HellaSwag,0.5,discovery,validation
665,0.17761850268680102,0.013410285285285279,0.9811032643483072,55491,516,0.009298805211655945,35060,282,0.008043354249857387,2264,282,0.12455830388692579,HellaSwag,0.5,discovery,validation
666,0.0947680996551343,0.0035472972972972958,0.9777214522491985,55491,609,0.010974752662593934,35061,281,0.00801460312027609,2265,281,0.12406181015452539,HellaSwag,0.5,discovery,validation
667,0.3426928251173576,0.004608120517211425,0.981913071085734,55493,493,0.00888400338781468,35061,262,0.007472690453780554,2265,262,0.11567328918322296,HellaSwag,0.5,discovery,validation
668,0.16977028000331054,0.005762012012012006,0.9787108121718101,55492,582,0.010487998270020903,35061,303,0.008642080944639342,2265,303,0.1337748344370861,HellaSwag,0.5,discovery,validation
669,0.18780695534589956,0.00857313925495743,0.9763811044217794,55490,646,0.011641737249954947,35059,316,0.009013377449442368,2263,316,0.13963764913831198,HellaSwag,0.5,discovery,validation
670,0.1889394030211107,0.010635635635635632,0.9786748354473515,55492,583,0.010506018885605132,35061,259,0.007387125295912837,2265,258,0.11390728476821192,HellaSwag,0.5,discovery,validation
671,0.35777385563619385,0.009962958826595189,0.976650932281434,55491,637,0.011479338991908597,35061,334,0.009526254242605744,2265,334,0.14746136865342163,HellaSwag,0.5,discovery,validation
672,0.21273110973843443,0.005067567567567555,0.9832261979142694,55494,457,0.008235124517965906,35061,239,0.006816690910128063,2265,238,0.10507726269315673,HellaSwag,0.5,discovery,validation
673,0.31744096503813185,0.0063428813428813464,0.9799520091656319,55491,547,0.009857454361968608,35061,257,0.00733008185733436,2265,257,0.11346578366445915,HellaSwag,0.5,discovery,validation
674,0.13338435180522307,0.009509509509509507,0.98136426571415,55492,509,0.009172493332372234,35061,255,0.007273038418755882,2265,255,0.11258278145695365,HellaSwag,0.5,discovery,validation
675,0.20517306203325378,0.0029067529067529144,0.9807794738281796,55491,524,0.009442972734317276,35061,271,0.007729385927383703,2265,271,0.1196467991169978,HellaSwag,0.5,discovery,validation
676,0.09423079240633858,0.004345691845691848,0.9807611346305338,55489,525,0.009461334678945377,35061,238,0.006788169190838824,2265,238,0.10507726269315673,HellaSwag,0.5,discovery,validation
677,0.16947078232552845,0.004598348348348344,0.9837746845792739,55492,441,0.007947091472644706,35061,238,0.006788169190838824,2265,238,0.10507726269315673,HellaSwag,0.5,discovery,validation
678,0.23372585792944142,0.0043059588514134,0.9800687518370574,55491,545,0.009821412481303275,35060,265,0.0075584711922418715,2264,265,0.11704946996466431,HellaSwag,0.5,discovery,validation
679,0.038833298699614986,0.004071379071379071,0.9811752177972244,55491,512,0.009226721450325277,35061,237,0.006759647471549585,2265,237,0.10463576158940398,HellaSwag,0.5,discovery,validation
680,0.10308048598507437,0.009167821667821673,0.9827758674321814,55491,469,0.008451821016020615,35061,235,0.006702604032971108,2265,235,0.10375275938189846,HellaSwag,0.5,discovery,validation
681,0.1570130504957722,0.0032444634717362034,0.9827578787464523,55490,468,0.008433952063434853,35059,216,0.006161042813542885,2263,216,0.09544851966416261,HellaSwag,0.5,discovery,validation
682,0.13295142355397827,0.005755755755755751,0.9784138076311766,55491,590,0.01063235479627327,35061,257,0.00733008185733436,2265,257,0.11346578366445915,HellaSwag,0.5,discovery,validation
683,0.1288739105153353,0.003493878493878496,0.9829380772956958,55491,464,0.008361716314357283,35060,225,0.006417569880205362,2264,225,0.09938162544169611,HellaSwag,0.5,discovery,validation
684,0.07874478635102444,0.006747449929268116,0.98352284977247,55492,449,0.008091256397318532,35061,219,0.006246256524343287,2265,219,0.09668874172185431,HellaSwag,0.5,discovery,validation
685,0.17799811188443687,0.01286286286286286,0.9780632311315554,55492,601,0.010830389966121243,35061,307,0.008756167821796298,2265,307,0.13554083885209714,HellaSwag,0.5,discovery,validation
686,0.27038382540268485,0.013412450912450916,0.9817691667757575,55493,498,0.00897410484205215,35060,246,0.007016543069024529,2264,246,0.10865724381625441,HellaSwag,0.5,discovery,validation
687,0.16932542678906692,0.003783225374134459,0.9812386910309367,55494,511,0.009208202688578946,35061,250,0.007130429822309689,2265,250,0.11037527593818984,HellaSwag,0.5,discovery,validation
688,0.17887419146239333,0.003997747747747754,0.9808334389148676,55492,522,0.009406761334967203,35061,267,0.007615299050226748,2265,267,0.11788079470198676,HellaSwag,0.5,discovery,validation
689,0.2006618442131488,0.010073089618544162,0.981742017924356,55493,499,0.008992125132899645,35061,253,0.007215994980177405,2265,253,0.11169977924944813,HellaSwag,0.5,discovery,validation
690,0.1561717275179153,0.003768191268191272,0.9808066314990841,55493,524,0.009442632404087001,35061,264,0.0075297338923590315,2265,263,0.11611479028697572,HellaSwag,0.5,discovery,validation
691,0.23623159441647987,0.005760926215471665,0.9823353058581552,55491,481,0.008668072300012614,35060,249,0.007102110667427267,2264,249,0.10998233215547704,HellaSwag,0.5,discovery,validation
692,0.2463510817098325,0.00510738010738011,0.9831091211612919,55493,460,0.008289333789847367,35060,235,0.006702795208214489,2264,235,0.10379858657243816,HellaSwag,0.5,discovery,validation
693,0.18946119226640246,0.0038788788788788743,0.9820115124265698,55491,490,0.008830260763006614,35061,235,0.006702604032971108,2265,234,0.10331125827814569,HellaSwag,0.5,discovery,validation
694,0.18952763044892956,0.01189001501501501,0.9804648556898501,55492,533,0.009604988106393715,35060,275,0.007843696520250997,2264,275,0.12146643109540636,HellaSwag,0.5,discovery,validation
695,0.42413969211477565,0.022334834834834835,0.977955702561381,55493,603,0.01086623538103905,35061,317,0.009041385014688685,2265,317,0.13995584988962473,HellaSwag,0.5,discovery,validation
696,0.24791045267926048,0.009635668726577815,0.98100450170443,55492,519,0.009352699488214518,35061,263,0.007501212173069793,2265,263,0.11611479028697572,HellaSwag,0.5,discovery,validation
697,0.22937813841597451,0.014711827211827214,0.9818770950082399,55493,495,0.008920043969509668,35061,227,0.006474430278657198,2265,227,0.10022075055187638,HellaSwag,0.5,discovery,validation
698,0.231849068602872,0.004066566566566569,0.9801946715048963,55490,541,0.009749504415209947,35059,276,0.007872443595082575,2263,276,0.12196199734865223,HellaSwag,0.5,discovery,validation
699,0.1143173802615725,0.004553106825834095,0.9812739829435142,55490,509,0.009172823932240044,35060,227,0.006474614945807188,2264,227,0.10026501766784453,HellaSwag,0.5,discovery,validation
700,0.25337848552005293,0.010409447909447912,0.9795650731657024,55491,559,0.010073705645960607,35061,302,0.008613559225350105,2265,302,0.13333333333333333,HellaSwag,0.5,discovery,validation
701,0.02748428733079157,0.0034722222222222246,0.9793495872597181,55492,564,0.010163627189504794,35061,264,0.0075297338923590315,2265,264,0.11655629139072848,HellaSwag,0.5,discovery,validation
702,0.13910773833963425,0.003472222222222216,0.9841884131904518,55493,430,0.00774872506442254,35061,197,0.0056187786999800345,2265,197,0.0869757174392936,HellaSwag,0.5,discovery,validation
703,0.18354097648014156,0.008532571032571028,0.979304428125377,55491,565,0.010181831287956605,35061,298,0.008499472348193149,2265,298,0.1315673289183223,HellaSwag,0.5,discovery,validation
704,0.18109681112152762,0.008445945945945943,0.9823807600931577,55493,481,0.008667759897644747,35061,244,0.006959299506574256,2265,244,0.10772626931567329,HellaSwag,0.5,discovery,validation
705,0.20797953864641075,0.003586851314124042,0.9809233807260141,55491,521,0.009388909913319277,35061,264,0.0075297338923590315,2265,263,0.11611479028697572,HellaSwag,0.5,discovery,validation
706,0.15293356477634637,0.008489258489258484,0.981849947127272,55493,494,0.008902023678662174,35061,270,0.0077008642080944635,2265,270,0.11920529801324503,HellaSwag,0.5,discovery,validation
707,0.2620213393275712,0.005503204650931925,0.9802581715210046,55493,538,0.009694916475951922,35060,276,0.007872219053051912,2264,276,0.12190812720848057,HellaSwag,0.5,discovery,validation
708,0.23213645358528953,0.005329709875164422,0.9810404781054021,55492,517,0.00931665825704606,35061,271,0.007729385927383703,2265,271,0.1196467991169978,HellaSwag,0.5,discovery,validation
709,0.3351878003447268,0.008279974189065105,0.9817776616148692,55492,496,0.008938225329777266,35060,237,0.006759840273816315,2264,237,0.10468197879858657,HellaSwag,0.5,discovery,validation
710,0.23130826807065238,0.0051614114114114165,0.9771813861704638,55490,624,0.011245269417913137,35059,334,0.009526797683904275,2263,334,0.14759169244365886,HellaSwag,0.5,discovery,validation
711,0.2819607310754506,0.00788288288288289,0.9809501895119289,55490,518,0.009335015318075329,35060,248,0.007073588134626355,2264,248,0.10954063604240283,HellaSwag,0.5,discovery,validation
712,0.21358502804696716,0.0040938407415680115,0.981696880301874,55492,500,0.009010307792114178,35060,274,0.007815173987450085,2264,274,0.12102473498233215,HellaSwag,0.5,discovery,validation
713,0.13078346224519438,0.011711711711711719,0.9807794738281796,55491,525,0.009460993674649943,35059,266,0.007587210131492626,2263,266,0.1175430844012373,HellaSwag,0.5,discovery,validation
714,0.12211464957319193,0.00449487949487949,0.9781983424286143,55492,596,0.0107402868882001,35061,264,0.0075297338923590315,2265,264,0.11655629139072848,HellaSwag,0.5,discovery,validation
715,0.19325168503456588,0.004013629013629021,0.9806084075563665,55491,528,0.009515056495647944,35061,243,0.0069307777872850175,2265,243,0.10728476821192053,HellaSwag,0.5,discovery,validation
716,0.17946275569116096,0.003941441441441434,0.9793580171436722,55489,563,0.010146155093802376,35061,286,0.008157211716722283,2265,285,0.12582781456953643,HellaSwag,0.5,discovery,validation
717,0.3078510705149896,0.007738507738507733,0.98310028164304,55493,461,0.008307354080694862,35061,245,0.006987821225863495,2265,245,0.10816777041942605,HellaSwag,0.5,discovery,validation
718,0.23011288154475787,0.011511511511511505,0.9814545455550865,55494,506,0.009118102857966628,35061,229,0.006531473717235675,2265,229,0.1011037527593819,HellaSwag,0.5,discovery,validation
719,0.30906236441208734,0.006283194351376172,0.9779189222853526,55489,601,0.010830975508659375,35061,302,0.008613559225350105,2265,302,0.13333333333333333,HellaSwag,0.5,discovery,validation
720,0.1691976981210657,0.012829461693098062,0.9800419509767784,55492,546,0.009839256108988684,35060,269,0.007672561323445522,2264,269,0.11881625441696113,HellaSwag,0.5,discovery,validation
721,0.11096641777412844,0.00467775467775468,0.9775687554116044,55493,613,0.011046438289513993,35060,281,0.008014831717056475,2264,281,0.12411660777385158,HellaSwag,0.5,discovery,validation
722,0.34564030600956325,0.0020501270501270493,0.9825426524418812,55494,477,0.00859552384041518,35061,237,0.006759647471549585,2265,237,0.10463576158940398,HellaSwag,0.5,discovery,validation
723,0.2786669945074396,0.005544005544005548,0.9842420893997137,55491,428,0.007712962462381287,35061,208,0.005932517612161661,2265,207,0.0913907284768212,HellaSwag,0.5,discovery,validation
724,0.05651259351829492,0.0036182877091968015,0.9810404781054021,55492,517,0.00931665825704606,35061,257,0.00733008185733436,2265,257,0.11346578366445915,HellaSwag,0.5,discovery,validation
725,0.17112702226347618,0.011232386232386224,0.9769471141395233,55488,631,0.011371828143021914,35059,335,0.00955532103026327,2263,335,0.14803358373840036,HellaSwag,0.5,discovery,validation
726,0.24225389774835202,0.005067567567567564,0.980077564572832,55489,543,0.009785723296509218,35061,262,0.007472690453780554,2265,262,0.11567328918322296,HellaSwag,0.5,discovery,validation
727,0.17369473289759427,0.007288538538538537,0.9776411156284401,55494,611,0.011010199300825314,35061,296,0.008442428909614672,2265,296,0.13068432671081678,HellaSwag,0.5,discovery,validation
728,0.2928059460814978,0.009442293533202625,0.9754457011749772,55490,672,0.012110290142367993,35061,313,0.008927298137531731,2265,312,0.13774834437086092,HellaSwag,0.5,discovery,validation
729,0.24163243675924045,0.012137137137137143,0.9802038462368421,55491,541,0.009749328719972607,35059,262,0.007473116746056647,2263,262,0.11577551922227132,HellaSwag,0.5,discovery,validation
730,0.2409206647489657,0.006443943943943929,0.9772621284911364,55488,619,0.011155565167243368,35061,311,0.008870254698953252,2265,311,0.13730684326710818,HellaSwag,0.5,discovery,validation
731,0.1704055048251832,0.005192692692692695,0.980770655098112,55493,525,0.009460652694934497,35061,275,0.007843472804540657,2265,275,0.12141280353200883,HellaSwag,0.5,discovery,validation
732,0.15079629929238592,0.0054429429429429434,0.9798881341544763,55487,548,0.00987618721502334,35060,284,0.008100399315459212,2264,284,0.1254416961130742,HellaSwag,0.5,discovery,validation
733,0.1564069534852207,0.0017454954954954885,0.9809590101735529,55490,519,0.009353036583168139,35059,263,0.007501640092415642,2263,263,0.11621741051701281,HellaSwag,0.5,discovery,validation
734,0.1409036504948953,0.008201951951951949,0.9809233807260141,55491,521,0.009388909913319277,35061,219,0.006246256524343287,2265,219,0.09668874172185431,HellaSwag,0.5,discovery,validation
735,0.09772004951813841,0.005824574574574573,0.9805276367569694,55491,531,0.009569119316645943,35061,260,0.007415647015202077,2265,259,0.11434878587196468,HellaSwag,0.5,discovery,validation
736,0.20659595521752674,0.0024348211848211855,0.981022489904916,55493,517,0.009316490368154542,35061,251,0.007158951541598927,2265,251,0.11081677704194261,HellaSwag,0.5,discovery,validation
737,0.16573345769424463,0.00957207207207207,0.9835856583359507,55491,446,0.008037339388369286,35061,215,0.006132169647186332,2265,215,0.09492273730684327,HellaSwag,0.5,discovery,validation
738,0.10485029554164094,0.009848174620901881,0.9803741991061083,55489,535,0.009641550577591956,35060,274,0.007815173987450085,2264,274,0.12102473498233215,HellaSwag,0.5,discovery,validation
739,0.14945649389662935,0.004620004620004619,0.9830905150764018,55488,459,0.008272058823529412,35059,243,0.006931173165235746,2263,243,0.10737958462218294,HellaSwag,0.5,discovery,validation
740,0.1958807905945768,0.007631598540689436,0.9792236698563161,55493,569,0.010253545492224245,35061,288,0.008214255155300762,2265,288,0.1271523178807947,HellaSwag,0.5,discovery,validation
741,0.17176572262250497,0.004937629937629936,0.9821371061596763,55489,486,0.00875849267422372,35061,254,0.007244516699466644,2265,254,0.11214128035320088,HellaSwag,0.5,discovery,validation
742,0.24861634983676592,0.005473448655266839,0.9817060415233839,55493,499,0.008992125132899645,35061,249,0.00710190810302045,2265,249,0.10993377483443709,HellaSwag,0.5,discovery,validation
743,0.11440341672276641,0.004414383391656113,0.980419349601683,55490,533,0.009605334294467471,35059,255,0.007273453321543683,2263,255,0.11268228015908087,HellaSwag,0.5,discovery,validation
744,0.21844291762446655,0.005067567567567573,0.9778021978159598,55491,606,0.010920689841595934,35060,289,0.008243011979463777,2264,289,0.12765017667844522,HellaSwag,0.5,discovery,validation
745,0.13810069425707572,0.007695195195195206,0.9813276080228338,55488,507,0.009137110726643598,35057,253,0.0072168183244430495,2261,253,0.11189739053516143,HellaSwag,0.5,discovery,validation
746,0.2529389706754283,0.012387387387387398,0.9793679518216385,55494,562,0.010127220960824595,35061,284,0.008100168278143806,2265,284,0.12538631346578366,HellaSwag,0.5,discovery,validation
747,0.25394286852425174,0.005334880334880343,0.9813099599914682,55490,510,0.009190845197332853,35061,255,0.007273038418755882,2265,255,0.11258278145695365,HellaSwag,0.5,discovery,validation
748,0.18711303103480184,0.0063188188188188195,0.9826325926356164,55493,474,0.008541617861712288,35061,246,0.007016342945152734,2265,246,0.10860927152317881,HellaSwag,0.5,discovery,validation
749,0.25469196008338596,0.007540598449689347,0.982047817332618,55492,490,0.008830101636271894,35061,277,0.007900516243119136,2265,277,0.12229580573951435,HellaSwag,0.5,discovery,validation
750,0.24016238913174415,0.004316816816816817,0.979304428125377,55491,566,0.010199852228289272,35061,302,0.008613559225350105,2265,302,0.13333333333333333,HellaSwag,0.5,discovery,validation
751,0.17584972060730944,0.015500521182339362,0.980311417487309,55490,538,0.009695440619931519,35060,289,0.008243011979463777,2264,289,0.12765017667844522,HellaSwag,0.5,discovery,validation
752,0.21522553272094336,0.0021945021945021957,0.9825151910979248,55491,477,0.008595988538681949,35060,210,0.005989731888191671,2264,210,0.09275618374558305,HellaSwag,0.5,discovery,validation
753,0.11950787751585375,0.00637104046194955,0.9806447376947101,55492,528,0.009514885028472572,35061,260,0.007415647015202077,2265,260,0.11479028697571744,HellaSwag,0.5,discovery,validation
754,0.09224780745301847,0.0034936398572762155,0.9820295009505468,55490,490,0.008830419895476662,35061,216,0.0061606913664755715,2265,216,0.09536423841059603,HellaSwag,0.5,discovery,validation
755,0.1421233248699391,0.006049799799799793,0.9799075881320131,55494,548,0.009874941435110102,35061,259,0.007387125295912837,2265,259,0.11434878587196468,HellaSwag,0.5,discovery,validation
756,0.28188741580688575,0.007609882609882613,0.9804380519084752,55493,534,0.009622835312561945,35061,261,0.007444168734491315,2265,261,0.1152317880794702,HellaSwag,0.5,discovery,validation
757,0.18813693280613508,0.002168490804854436,0.9810492992616192,55492,518,0.009334678872630288,35061,272,0.007757907646672941,2265,272,0.12008830022075055,HellaSwag,0.5,discovery,validation
758,0.13645881199013016,0.00649688149688149,0.981048608247644,55488,515,0.009281286043829296,35060,250,0.00713063320022818,2264,250,0.11042402826855123,HellaSwag,0.5,discovery,validation
759,0.2403365362456294,0.007069569569569573,0.983136257720534,55493,458,0.008253293208152379,35061,248,0.007073386383731211,2265,248,0.10949227373068433,HellaSwag,0.5,discovery,validation
760,0.10181065163257184,0.004129129129129135,0.9793947456611457,55493,563,0.010145423747139278,35060,270,0.007701083856246435,2264,270,0.11925795053003534,HellaSwag,0.5,discovery,validation
761,0.18033493175303844,0.006709834834834845,0.9813364323955822,55488,509,0.009173154555940023,35060,263,0.007501426126640046,2264,262,0.1157243816254417,HellaSwag,0.5,discovery,validation
762,0.17837126775366213,0.006118618618618623,0.9809597050321398,55494,520,0.009370382383681118,35061,260,0.007415647015202077,2265,260,0.11479028697571744,HellaSwag,0.5,discovery,validation
763,0.09372222209956693,0.004004004004003999,0.9789358586485402,55493,577,0.010397707819004199,35061,251,0.007158951541598927,2265,251,0.11081677704194261,HellaSwag,0.5,discovery,validation
764,0.0787398571955071,0.004206129206129202,0.981463031592893,55491,506,0.009118595808329279,35060,243,0.006930975470621791,2264,243,0.1073321554770318,HellaSwag,0.5,discovery,validation
765,0.25080620330183895,0.0054682085932085955,0.980455326973141,55490,533,0.009605334294467471,35060,256,0.007301768397033657,2264,256,0.11307420494699646,HellaSwag,0.5,discovery,validation
766,0.21407227855115007,0.007301206164842532,0.9805279921022104,55494,533,0.009604641943273146,35061,267,0.007615299050226748,2265,267,0.11788079470198676,HellaSwag,0.5,discovery,validation
767,0.12171791823597766,0.0038644413644413644,0.9778561633878907,55490,606,0.010920886646242566,35059,286,0.008157677058672524,2263,286,0.12638091029606716,HellaSwag,0.5,discovery,validation
768,0.17580572762389426,0.007719496355859995,0.9816337534230536,55490,500,0.009010632546404758,35060,249,0.007102110667427267,2264,249,0.10998233215547704,HellaSwag,0.5,discovery,validation
769,0.2695640278005343,0.007719496355859986,0.9802842548686813,55488,535,0.009641724336793542,35059,279,0.00795801363415956,2263,279,0.1232876712328767,HellaSwag,0.5,discovery,validation
770,0.19327173516036303,0.003791291291291284,0.9812651596083708,55492,511,0.00920853456354069,35061,258,0.007358603576623599,2265,258,0.11390728476821192,HellaSwag,0.5,discovery,validation
771,0.3374206759781828,0.0056311735289008,0.9798172804723541,55492,552,0.009947379802494053,35060,290,0.00827153451226469,2264,290,0.12809187279151943,HellaSwag,0.5,discovery,validation
772,0.1554740156189749,0.006228749410567593,0.9792864397631478,55492,566,0.01019966842067325,35061,293,0.008356863751746955,2265,293,0.1293598233995585,HellaSwag,0.5,discovery,validation
773,0.19513164798081634,0.010604354354354351,0.9788994977785547,55490,577,0.01039826995855109,35059,303,0.008642573946775436,2263,303,0.13389306230667256,HellaSwag,0.5,discovery,validation
774,0.22795415042384387,0.002393018018018011,0.9801142672110281,55493,544,0.009803038221036887,35060,274,0.007815173987450085,2264,274,0.12102473498233215,HellaSwag,0.5,discovery,validation
775,0.16012103798987148,0.007007007007007002,0.9791968772349281,55494,569,0.01025336072368184,35061,298,0.008499472348193149,2265,298,0.1315673289183223,HellaSwag,0.5,discovery,validation
776,0.1442697026603903,0.0030318780318780297,0.9820474894745238,55491,490,0.008830260763006614,35060,219,0.006246434683399886,2264,219,0.09673144876325088,HellaSwag,0.5,discovery,validation
777,0.3461416698323677,0.009538384538384535,0.9798521558124537,55487,548,0.00987618721502334,35059,266,0.007587210131492626,2263,266,0.1175430844012373,HellaSwag,0.5,discovery,validation
778,0.26440849308699427,0.014451951951951956,0.9808697648384046,55493,523,0.009424612113239507,35061,264,0.0075297338923590315,2265,264,0.11655629139072848,HellaSwag,0.5,discovery,validation
779,0.17425221712121203,0.005042232314959582,0.976578978185526,55491,641,0.011551422753239265,35061,310,0.008841732979664015,2265,310,0.1368653421633554,HellaSwag,0.5,discovery,validation
780,0.30507686857693733,0.004395924850470302,0.9812736414803777,55489,510,0.009191010830975508,35061,263,0.007501212173069793,2265,263,0.11611479028697572,HellaSwag,0.5,discovery,validation
781,0.18567647616902921,0.00569319319319321,0.9784677732031075,55490,588,0.010596503874571995,35061,299,0.008527994067482388,2265,299,0.13200883002207506,HellaSwag,0.5,discovery,validation
782,0.2685847456971698,0.006791166166166162,0.9835493809185282,55490,447,0.008055505496485853,35060,262,0.007472903593839133,2264,262,0.1157243816254417,HellaSwag,0.5,discovery,validation
783,0.4666194558655124,0.011303141984960168,0.9815529734040397,55492,503,0.009064369638866863,35061,279,0.007957559681697613,2265,279,0.12317880794701987,HellaSwag,0.5,discovery,validation
784,0.1338430806641804,0.010784823284823292,0.9792056816558302,55492,569,0.010253730267425935,35061,255,0.007273038418755882,2265,255,0.11258278145695365,HellaSwag,0.5,discovery,validation
785,0.10346222934396967,0.003999191499191493,0.9806990547205623,55494,526,0.0094785021804159,35061,256,0.007301560138045122,2265,256,0.1130242825607064,HellaSwag,0.5,discovery,validation
786,0.16349993519379416,0.00432116000297819,0.9805540875809622,55489,530,0.009551442628268667,35059,266,0.007587210131492626,2263,266,0.1175430844012373,HellaSwag,0.5,discovery,validation
787,0.45294137565977294,0.011472216017670562,0.9813459370394221,55490,509,0.009172823932240044,35060,268,0.007644038790644609,2264,268,0.11837455830388692,HellaSwag,0.5,discovery,validation
788,0.17439054471790905,0.006381381381381378,0.9796102302832751,55492,557,0.010037482880415194,35061,264,0.0075297338923590315,2265,264,0.11655629139072848,HellaSwag,0.5,discovery,validation
789,0.2986266128986679,0.008883883883883881,0.982839298154002,55492,467,0.008415627477834644,35061,222,0.0063318216822110035,2265,222,0.09801324503311258,HellaSwag,0.5,discovery,validation
790,0.3364934419810503,0.010885885885885883,0.9804472244423875,55494,534,0.00962266190939561,35061,280,0.007986081400986852,2265,280,0.12362030905077263,HellaSwag,0.5,discovery,validation
791,0.29297954430035167,0.01332582582582583,0.9794307217386399,55493,563,0.010145423747139278,35061,299,0.008527994067482388,2265,299,0.13200883002207506,HellaSwag,0.5,discovery,validation
792,0.23598041886497115,0.005576460121914664,0.981831958926786,55492,496,0.008938225329777266,35061,269,0.007672342488805225,2265,269,0.11876379690949228,HellaSwag,0.5,discovery,validation
793,0.37273851788789475,0.005616193116193119,0.9805819562184517,55493,531,0.009568774440019462,35060,248,0.007073588134626355,2264,248,0.10954063604240283,HellaSwag,0.5,discovery,validation
794,0.2300181990417325,0.009071571571571572,0.9784233915688045,55493,588,0.010595931018326636,35060,285,0.008128921848260126,2264,285,0.12588339222614842,HellaSwag,0.5,discovery,validation
795,0.08821359635414806,0.005192692692692693,0.9818770950082399,55493,494,0.008902023678662174,35061,274,0.00781495108525142,2265,274,0.12097130242825607,HellaSwag,0.5,discovery,validation
796,0.1974038676230859,0.005183067683067686,0.9790977524529142,55492,571,0.010289771498594393,35061,278,0.007929037962408373,2265,278,0.12273730684326711,HellaSwag,0.5,discovery,validation
797,0.1704653750426551,0.004831754831754829,0.9831271093617778,55492,459,0.008271462553160816,35061,231,0.006588517155814153,2265,231,0.10198675496688742,HellaSwag,0.5,discovery,validation
798,0.21103556844570623,0.0035805035805035745,0.9833066861529115,55491,455,0.008199527851363284,35061,205,0.005846952454293945,2265,205,0.09050772626931568,HellaSwag,0.5,discovery,validation
799,0.1358494632133369,0.005450698632516816,0.9789722185273639,55494,574,0.010343460554294158,35061,269,0.007672342488805225,2265,269,0.11876379690949228,HellaSwag,0.5,discovery,validation
800,0.2160475244541279,0.01499624624624624,0.9800871034796441,55493,544,0.009803038221036887,35061,287,0.008185733436011523,2265,286,0.1262693156732892,HellaSwag,0.5,discovery,validation
801,0.3081009569948275,0.01301301301301302,0.9775775453513642,55491,613,0.011046836423924601,35061,327,0.009326602207581074,2265,326,0.14392935982339955,HellaSwag,0.5,discovery,validation
802,0.116602413524036,0.004047539274812001,0.9809776930708869,55493,518,0.009334510659002036,35061,246,0.007016342945152734,2265,246,0.10860927152317881,HellaSwag,0.5,discovery,validation
803,0.19965208064720674,0.007507507507507503,0.9811029196593848,55490,515,0.0092809515227969,35061,251,0.007158951541598927,2265,251,0.11081677704194261,HellaSwag,0.5,discovery,validation
804,0.359396519226471,0.012324824824824825,0.9831264927713727,55488,459,0.008272058823529412,35057,249,0.007102718429985453,2261,249,0.11012826183104821,HellaSwag,0.5,discovery,validation
805,0.12097924782791328,0.009634634634634629,0.9789990088087105,55493,574,0.010343646946461716,35061,286,0.008157211716722283,2265,286,0.1262693156732892,HellaSwag,0.5,discovery,validation
806,0.10829900107974953,0.00234428643519553,0.9816788919396449,55491,499,0.008992449226000612,35060,240,0.0068454078722190535,2264,240,0.10600706713780919,HellaSwag,0.5,discovery,validation
807,0.24711438539960748,0.007360769860769862,0.978936242773339,55494,575,0.010361480520416622,35061,303,0.008642080944639342,2265,303,0.1337748344370861,HellaSwag,0.5,discovery,validation
808,0.1363249425904584,0.005471817971817975,0.9815533103107928,55493,504,0.009082226587137117,35060,259,0.007387335995436395,2264,259,0.11439929328621908,HellaSwag,0.5,discovery,validation
809,0.18641777522902364,0.00645356895356896,0.978998625967479,55492,573,0.01032581272976285,35061,278,0.007929037962408373,2265,278,0.12273730684326711,HellaSwag,0.5,discovery,validation
810,0.20076754462468138,0.01157407407407407,0.9791873141621861,55490,568,0.010236078572715804,35061,285,0.008128689997433046,2265,285,0.12582781456953643,HellaSwag,0.5,discovery,validation
811,0.1587741484438392,0.007219719719719718,0.9797449584054722,55491,553,0.009965580003964606,35061,253,0.007215994980177405,2265,253,0.11169977924944813,HellaSwag,0.5,discovery,validation
812,0.044371610969597026,0.0024255024255024097,0.981301477768334,55493,511,0.009208368623069577,35061,228,0.006502951997946436,2265,228,0.10066225165562914,HellaSwag,0.5,discovery,validation
813,0.26647298259973257,0.007636251954433779,0.9821825660820651,55491,484,0.008722135121010614,35061,232,0.006617038875103391,2265,232,0.10242825607064018,HellaSwag,0.5,discovery,validation
814,0.22927313984284878,0.0076910071228253,0.9781171962182431,55491,598,0.010776522318934603,35059,312,0.008899284064006389,2263,312,0.137870083959346,HellaSwag,0.5,discovery,validation
815,0.21156459942596423,0.0047643797643797635,0.9812919714674911,55491,508,0.009154637688994612,35061,236,0.006731125752260346,2265,236,0.10419426048565121,HellaSwag,0.5,discovery,validation
816,0.2673668848430904,0.012449949949949963,0.9805364534604586,55491,530,0.009551098376313277,35061,287,0.008185733436011523,2265,287,0.12671081677704193,HellaSwag,0.5,discovery,validation
817,0.3182697534846432,0.004704704704704704,0.9811572294349951,55492,512,0.009226555179124919,35061,269,0.007672342488805225,2265,269,0.11876379690949228,HellaSwag,0.5,discovery,validation
818,0.0912034304646591,0.008896396396396392,0.9787915666346929,55490,579,0.010434312488736708,35061,260,0.007415647015202077,2265,259,0.11434878587196468,HellaSwag,0.5,discovery,validation
819,0.21731791466366385,0.010010010010010003,0.9798712450738121,55493,550,0.009911159966121854,35061,273,0.00778642936596218,2265,273,0.1205298013245033,HellaSwag,0.5,discovery,validation
820,0.07534818205291534,0.008633633633633633,0.9809233807260141,55491,520,0.00937088897298661,35061,256,0.007301560138045122,2265,256,0.1130242825607064,HellaSwag,0.5,discovery,validation
821,0.14256035278071175,0.0030607530607530643,0.9793492108779788,55491,564,0.010163810347623939,35059,264,0.007530163438774637,2263,264,0.11665930181175431,HellaSwag,0.5,discovery,validation
822,0.3033873590181439,0.011886886886886893,0.9810401321318136,55491,518,0.009334847092321278,35060,272,0.0077581289218482605,2264,272,0.12014134275618374,HellaSwag,0.5,discovery,validation
823,0.20053244951768143,0.012987987987987984,0.9773524847165356,55490,619,0.01115516309244909,35059,301,0.008585527254057446,2263,301,0.13300927971718957,HellaSwag,0.5,discovery,validation
824,0.10645989979423949,0.006006006006006013,0.983010030744613,55491,462,0.00832567443369195,35061,246,0.007016342945152734,2265,246,0.10860927152317881,HellaSwag,0.5,discovery,validation
825,0.2382858630588947,0.00857732732732732,0.980788643298598,55492,525,0.009460823181719888,35061,297,0.00847095062890391,2265,297,0.13112582781456952,HellaSwag,0.5,discovery,validation
826,0.16256428463814296,0.006981981981981987,0.9819941818654611,55494,492,0.008865823332252136,35061,243,0.0069307777872850175,2265,243,0.10728476821192053,HellaSwag,0.5,discovery,validation
827,0.28813815813743215,0.005788846697937609,0.98100450170443,55492,519,0.009352699488214518,35059,253,0.007216406628825694,2263,253,0.11179849756959788,HellaSwag,0.5,discovery,validation
828,0.32415903365101884,0.007235360360360351,0.9790525910541669,55491,572,0.010307977870285272,35060,284,0.008100399315459212,2264,278,0.12279151943462897,HellaSwag,0.5,discovery,validation
829,0.3748592861842093,0.01332582582582582,0.9810129762307398,55489,516,0.009299140370163456,35061,274,0.00781495108525142,2265,274,0.12097130242825607,HellaSwag,0.5,discovery,validation
830,0.3275265555010285,0.009509509509509517,0.9796550157855872,55490,556,0.01001982339160209,35060,286,0.008157444381061038,2264,286,0.12632508833922262,HellaSwag,0.5,discovery,validation
831,0.11967319529737225,0.005630630630630632,0.9809325489024862,55492,519,0.009352699488214518,35060,244,0.006959498003422704,2264,244,0.10777385159010601,HellaSwag,0.5,discovery,validation
832,0.13902528784144033,0.0063441540714268075,0.9780636307938634,55493,599,0.010794154217649073,35061,287,0.008185733436011523,2265,287,0.12671081677704193,HellaSwag,0.5,discovery,validation
833,0.11621205635010197,0.003561253561253556,0.9817773292099685,55489,496,0.008938708572870298,35061,253,0.007215994980177405,2265,253,0.11169977924944813,HellaSwag,0.5,discovery,validation
834,0.20394316921355546,0.0038735493280947896,0.9796638248010652,55490,555,0.010001802126509281,35060,262,0.007472903593839133,2264,262,0.1157243816254417,HellaSwag,0.5,discovery,validation
835,0.3128060293102448,0.009471009471009473,0.9817783273413112,55494,496,0.00893790319674199,35061,256,0.007301560138045122,2265,256,0.1130242825607064,HellaSwag,0.5,discovery,validation
836,0.2756109451767504,0.0065065065065065,0.9805636134814281,55491,531,0.009569119316645943,35060,264,0.007529948659440958,2264,264,0.1166077738515901,HellaSwag,0.5,discovery,validation
837,0.22906289297834967,0.007695195195195185,0.9799428321692187,55490,546,0.009839610740673995,35061,294,0.008385385471036195,2265,294,0.12980132450331125,HellaSwag,0.5,discovery,validation
838,0.2042628624524642,0.011477823977823978,0.9788003678860735,55490,580,0.010452333753829519,35060,266,0.007586993725042784,2264,266,0.11749116607773852,HellaSwag,0.5,discovery,validation
839,0.22088394998028715,0.011452051224778508,0.9789990088087105,55493,574,0.010343646946461716,35061,269,0.007672342488805225,2265,269,0.11876379690949228,HellaSwag,0.5,discovery,validation
840,0.2625543295093785,0.012262262262262265,0.9794391534978637,55490,560,0.010091908451973329,35058,276,0.007872668149922985,2262,276,0.1220159151193634,HellaSwag,0.5,discovery,validation
841,0.3209223940427688,0.013025525525525517,0.9806179322959458,55493,530,0.009550754149171968,35061,286,0.008157211716722283,2265,285,0.12582781456953643,HellaSwag,0.5,discovery,validation
842,0.2285306746014226,0.013544536271809005,0.9748161028357832,55491,689,0.012416427889207259,35061,333,0.009497732523316505,2265,333,0.14701986754966886,HellaSwag,0.5,discovery,validation
843,0.29327093657773695,0.0030795218295218306,0.982461545943796,55493,477,0.00859567873425477,35061,257,0.00733008185733436,2265,257,0.11346578366445915,HellaSwag,0.5,discovery,validation
844,0.24119174520094303,0.007086632086632088,0.9780636307938634,55493,599,0.010794154217649073,35061,285,0.008128689997433046,2265,285,0.12582781456953643,HellaSwag,0.5,discovery,validation
845,0.25517408380799467,0.011983136983136983,0.9790525910541669,55491,572,0.010307977870285272,35060,285,0.008128921848260126,2264,285,0.12588339222614842,HellaSwag,0.5,discovery,validation
846,0.21872407574808675,0.006227381227381227,0.9804824878885278,55490,530,0.009551270499189043,35061,245,0.006987821225863495,2265,245,0.10816777041942605,HellaSwag,0.5,discovery,validation
847,0.3360366036345196,0.0028008778008777957,0.9766513571868184,55492,639,0.01151517335832192,35060,290,0.00827153451226469,2264,290,0.12809187279151943,HellaSwag,0.5,discovery,validation
848,0.1336435004687077,0.00555824419460783,0.9797453276704102,55492,553,0.009965400418078281,35061,264,0.0075297338923590315,2265,264,0.11655629139072848,HellaSwag,0.5,discovery,validation
849,0.1652820345618028,0.002940440440440447,0.9816432505045282,55494,499,0.00899196309510938,35061,243,0.0069307777872850175,2265,243,0.10728476821192053,HellaSwag,0.5,discovery,validation
850,0.20390649052527385,0.003716216216216215,0.982371604941366,55492,480,0.008649895480429612,35061,255,0.007273038418755882,2265,255,0.11258278145695365,HellaSwag,0.5,discovery,validation
851,0.34948901470755595,0.013888888888888892,0.9779648974146649,55494,604,0.01088405953796807,35061,310,0.008841732979664015,2265,310,0.1368653421633554,HellaSwag,0.5,discovery,validation
852,0.2639036501567897,0.008478519842156201,0.9821639268209048,55488,484,0.008722606689734718,35061,269,0.007672342488805225,2265,269,0.11876379690949228,HellaSwag,0.5,discovery,validation
853,0.288880602933904,0.0011369840915295421,0.9800327747891034,55491,545,0.009821412481303275,35061,269,0.007672342488805225,2265,269,0.11876379690949228,HellaSwag,0.5,discovery,validation
854,0.24614829275917613,0.0072179617634163095,0.9810944427068601,55493,514,0.00926242949561206,35061,266,0.007586777330937509,2265,266,0.11743929359823399,HellaSwag,0.5,discovery,validation
855,0.17820494747635715,0.0030968468468468373,0.9812824653678438,55487,510,0.009191342116171355,35059,276,0.007872443595082575,2263,276,0.12196199734865223,HellaSwag,0.5,discovery,validation
856,0.26779277402376717,0.0047216638125729,0.9787200002427082,55493,581,0.010469788982394175,35060,309,0.008813462635482031,2264,309,0.13648409893992933,HellaSwag,0.5,discovery,validation
857,0.2333098577534866,0.011136136136136144,0.9782611031160776,55491,594,0.010704438557603935,35060,306,0.008727895037079292,2264,306,0.1351590106007067,HellaSwag,0.5,discovery,validation
858,0.21563180955195949,0.005755755755755751,0.9801410680811021,55492,542,0.009767173646651769,35061,268,0.0076438207695159865,2265,268,0.11832229580573951,HellaSwag,0.5,discovery,validation
859,0.21980922774502376,0.006769269269269275,0.9774428380082023,55492,618,0.011136740431053125,35060,275,0.007843696520250997,2264,275,0.12146643109540636,HellaSwag,0.5,discovery,validation
860,0.16218811418304466,0.008973332836969208,0.9806898844509341,55493,526,0.009478672985781991,35060,277,0.007900741585852824,2264,277,0.12234982332155477,HellaSwag,0.5,discovery,validation
861,0.33673851344847927,0.005467005467005465,0.9815438108031687,55491,504,0.009082553927663946,35060,243,0.006930975470621791,2264,243,0.1073321554770318,HellaSwag,0.5,discovery,validation
862,0.13643200337372657,0.003955878955878958,0.9817688337507913,55492,496,0.008938225329777266,35060,238,0.006788362806617228,2264,238,0.10512367491166077,HellaSwag,0.5,discovery,validation
863,0.11646649206844062,0.004807692307692309,0.9833158329025112,55492,455,0.008199380090823903,35060,220,0.006274957216200799,2264,220,0.09717314487632508,HellaSwag,0.5,discovery,validation
864,0.17202664339201307,0.009196696696696703,0.981436218516094,55492,506,0.00911843148561955,35060,247,0.0070450656018254424,2264,247,0.10909893992932862,HellaSwag,0.5,discovery,validation
865,0.2583714948211416,0.010010010010010017,0.9783154633363222,55493,594,0.010704052763411602,35060,280,0.007986309184255563,2264,280,0.12367491166077739,HellaSwag,0.5,discovery,validation
866,0.18981988832386773,0.002018364518364512,0.9829024132168223,55494,467,0.008415324179190543,35061,242,0.006902256067995779,2265,241,0.106401766004415,HellaSwag,0.5,discovery,validation
867,0.19235834693332424,0.011683558558558568,0.9824527122481458,55493,479,0.008631719315949759,35060,252,0.007187678265830006,2264,252,0.11130742049469965,HellaSwag,0.5,discovery,validation
868,0.09944865720027066,0.006068568568568567,0.9840088240908591,55494,435,0.007838685263271705,35061,219,0.006246256524343287,2265,219,0.09668874172185431,HellaSwag,0.5,discovery,validation
869,0.27789231556874794,0.005048798798798799,0.980302961885476,55493,539,0.009712936766799416,35061,277,0.007900516243119136,2265,277,0.12229580573951435,HellaSwag,0.5,discovery,validation
870,0.4389152221619754,0.009997978747978756,0.975427266047627,55488,673,0.012128748558246829,35058,349,0.009954931827257688,2262,349,0.15428824049513704,HellaSwag,0.5,discovery,validation
871,0.11194841253538748,0.007920420420420415,0.9802394627443931,55490,540,0.009731483150117138,35061,268,0.0076438207695159865,2265,268,0.11832229580573951,HellaSwag,0.5,discovery,validation
872,0.22622017240782566,0.005255255255255247,0.9787460150641376,55488,580,0.01045271049596309,35061,278,0.007929037962408373,2265,278,0.12273730684326711,HellaSwag,0.5,discovery,validation
873,0.26192178258793153,0.011988744943290395,0.9799244779189736,55488,546,0.009839965397923875,35057,296,0.008443392189862224,2261,296,0.1309155241043786,HellaSwag,0.5,discovery,validation
874,0.17061791203981566,0.0091966966966967,0.9832441859530164,55493,456,0.00821725262645739,35061,232,0.006617038875103391,2265,232,0.10242825607064018,HellaSwag,0.5,discovery,validation
875,0.18369176321283212,0.0034233613779068328,0.9793136108587461,55492,565,0.010181647805089022,35061,246,0.007016342945152734,2265,246,0.10860927152317881,HellaSwag,0.5,discovery,validation
876,0.21922621116575755,0.0075794544544544595,0.9813822539146361,55493,509,0.009172328041374588,35060,265,0.0075584711922418715,2264,265,0.11704946996466431,HellaSwag,0.5,discovery,validation
877,0.3078147591428309,0.010474834338470707,0.9817681686174896,55488,497,0.008956891580161476,35060,253,0.007216200798630918,2264,253,0.11174911660777385,HellaSwag,0.5,discovery,validation
878,0.10630572077431541,0.0024117867867867893,0.9799340208034026,55492,548,0.00987529734015714,35060,239,0.00681688533941814,2264,239,0.10556537102473498,HellaSwag,0.5,discovery,validation
879,0.25600311860202196,0.012825325325325324,0.9812380058955602,55490,510,0.009190845197332853,35061,241,0.00687373434870654,2265,241,0.106401766004415,HellaSwag,0.5,discovery,validation
880,0.2977989408915565,0.008239008239008236,0.9775415686269056,55491,615,0.011082878304589934,35060,289,0.008243011979463777,2264,289,0.12765017667844522,HellaSwag,0.5,discovery,validation
881,0.18058865121544315,0.0018191268191268205,0.9826950763376945,55491,471,0.008487862896685948,35061,247,0.0070448646644419724,2265,247,0.10905077262693157,HellaSwag,0.5,discovery,validation
882,0.1443597748105673,0.007188438438438445,0.9782435111813339,55493,595,0.010722073054259096,35061,294,0.008385385471036195,2265,294,0.12980132450331125,HellaSwag,0.5,discovery,validation
883,0.23481075265808815,0.006419881419881418,0.9812291828839121,55492,512,0.009226555179124919,35061,256,0.007301560138045122,2265,256,0.1130242825607064,HellaSwag,0.5,discovery,validation
884,0.15963384849502063,0.005317817817817818,0.9808154505526383,55491,523,0.00942495179398461,35060,244,0.006959498003422704,2264,244,0.10777385159010601,HellaSwag,0.5,discovery,validation
885,0.19949165590914106,0.004668129668129676,0.9832167435330266,55490,457,0.008235718147413949,35060,212,0.006046776953793497,2264,212,0.09363957597173145,HellaSwag,0.5,discovery,validation
886,0.48705744585452804,0.009164122800486446,0.9803297647724472,55492,537,0.009677070568730628,35061,265,0.00755825561164827,2265,265,0.11699779249448124,HellaSwag,0.5,discovery,validation
887,0.3006466320955523,0.007444944944944949,0.9791785095897719,55492,569,0.010253730267425935,35061,285,0.008128689997433046,2265,284,0.12538631346578366,HellaSwag,0.5,discovery,validation
888,0.1767966200458803,0.0105762012012012,0.9779373125959502,55491,602,0.010848606080265269,35060,311,0.008870507701083856,2264,311,0.13736749116607774,HellaSwag,0.5,discovery,validation
889,0.21140486353689028,0.00619297181797182,0.9786472697475112,55489,583,0.010506586891095532,35060,290,0.00827153451226469,2264,290,0.12809187279151943,HellaSwag,0.5,discovery,validation
890,0.14521929106718023,0.004091591591591597,0.9800959160634662,55491,544,0.009803391540970608,35061,268,0.0076438207695159865,2265,268,0.11832229580573951,HellaSwag,0.5,discovery,validation
891,0.2675176013257885,0.007435319935319938,0.9798888665972878,55491,549,0.00989349624263394,35061,266,0.007586777330937509,2265,266,0.11743929359823399,HellaSwag,0.5,discovery,validation
892,0.40301161625761334,0.008962087087087081,0.9789898232499982,55492,574,0.010343833345347078,35060,316,0.009013120365088419,2264,315,0.13913427561837455,HellaSwag,0.5,discovery,validation
893,0.11290805131187966,0.004201316701316699,0.9794479605723173,55490,562,0.010127950982158948,35059,249,0.0071023132433897145,2263,249,0.1100309323906319,HellaSwag,0.5,discovery,validation
894,0.315912891964352,0.002512127512127511,0.980518820291308,55493,533,0.00960481502171445,35060,294,0.00838562464346834,2264,294,0.12985865724381626,HellaSwag,0.5,discovery,validation
895,0.1563372207564076,0.002890366526730163,0.9803569264869341,55492,536,0.0096590499531464,35061,279,0.007957559681697613,2265,279,0.12317880794701987,HellaSwag,0.5,discovery,validation
896,0.11786842775738621,0.004228401955674688,0.9822005544442944,55492,485,0.008739998558350753,35059,220,0.006275136198978864,2263,220,0.09721608484312859,HellaSwag,0.5,discovery,validation
897,0.40792636454343045,0.012986126622490267,0.9792324746764599,55491,568,0.010235894108954605,35059,320,0.009127470834878347,2263,320,0.14140521431727796,HellaSwag,0.5,discovery,validation
898,0.23454850165398833,0.007507507507507506,0.9801223552413129,55489,542,0.00976770170664456,35061,281,0.00801460312027609,2265,280,0.12362030905077263,HellaSwag,0.5,discovery,validation
899,0.12115978601128083,0.00613113113113112,0.9816962125805051,55488,496,0.008938869665513265,35061,258,0.007358603576623599,2265,258,0.11390728476821192,HellaSwag,0.5,discovery,validation
900,0.30801330957208,0.010395010395010394,0.9791697052548581,55492,569,0.010253730267425935,35061,246,0.007016342945152734,2265,246,0.10860927152317881,HellaSwag,0.5,discovery,validation
901,0.3107874573262791,0.007367982652073563,0.9757330764548785,55489,660,0.011894249310674187,35058,327,0.009327400308060927,2262,327,0.14456233421750664,HellaSwag,0.5,discovery,validation
902,0.17862706678395393,0.006506506506506503,0.980051127078672,55493,545,0.009821058511884383,35061,246,0.007016342945152734,2265,246,0.10860927152317881,HellaSwag,0.5,discovery,validation
903,0.2453620260364532,0.012274774774774774,0.9795026738936281,55493,560,0.010091362874596796,35061,273,0.00778642936596218,2265,273,0.1205298013245033,HellaSwag,0.5,discovery,validation
904,0.14164830958382119,0.005564939939939937,0.9799343868235576,55493,548,0.009875119384426865,35060,257,0.007330290929834569,2264,257,0.11351590106007067,HellaSwag,0.5,discovery,validation
905,0.320152214264515,0.007507507507507511,0.9832975393183222,55490,454,0.00818165435213552,35060,219,0.006246434683399886,2264,219,0.09673144876325088,HellaSwag,0.5,discovery,validation
906,0.29558231687527814,0.014464464464464474,0.9757159707615464,55492,664,0.01196568874792763,35061,375,0.010695644733464533,2265,374,0.16512141280353201,HellaSwag,0.5,discovery,validation
907,0.1663717006407468,0.008821321321321317,0.981418230315608,55493,508,0.009154307750527094,35061,255,0.007273038418755882,2265,255,0.11258278145695365,HellaSwag,0.5,discovery,validation
908,0.12144417081484996,0.006597222222222232,0.9788367307074152,55491,577,0.010398082571948604,35060,264,0.007529948659440958,2264,263,0.11616607773851591,HellaSwag,0.5,discovery,validation
909,0.26812672675169785,0.01092001092001092,0.9809776930708869,55493,520,0.009370551240697024,35061,272,0.007757907646672941,2265,272,0.12008830022075055,HellaSwag,0.5,discovery,validation
910,0.36131767557304634,0.006023068523068531,0.9813635857178046,55488,507,0.009137110726643598,35061,263,0.007501212173069793,2265,262,0.11567328918322296,HellaSwag,0.5,discovery,validation
911,0.24917819334038155,0.006564256564256559,0.9818316271868002,55491,495,0.008920365464669946,35060,243,0.006930975470621791,2264,243,0.1073321554770318,HellaSwag,0.5,discovery,validation
912,0.43674244587227995,0.00975975975975976,0.9801142672110281,55493,544,0.009803038221036887,35061,273,0.00778642936596218,2265,273,0.1205298013245033,HellaSwag,0.5,discovery,validation
913,0.41912756893446623,0.01476476476476476,0.9787203882491892,55494,581,0.010469600317151403,35061,309,0.008813211260374775,2265,309,0.13642384105960265,HellaSwag,0.5,discovery,validation
914,0.06910301309870417,0.004249441749441743,0.9846287020622677,55490,417,0.007514867543701568,35060,212,0.006046776953793497,2264,212,0.09363957597173145,HellaSwag,0.5,discovery,validation
915,0.15407341392389165,0.005507189882189878,0.9802218345990714,55492,540,0.009731132415483313,35060,260,0.007415858528237307,2264,260,0.11484098939929328,HellaSwag,0.5,discovery,validation
916,0.29773118975865975,0.014139139139139136,0.9817148686641033,55491,498,0.008974428285667945,35061,268,0.0076438207695159865,2265,268,0.11832229580573951,HellaSwag,0.5,discovery,validation
917,0.42535937631851894,0.014679969225423773,0.9787471762662516,55493,579,0.010433748400699187,35061,308,0.008784689541085536,2265,306,0.13509933774834437,HellaSwag,0.5,discovery,validation
918,0.27067232564841304,0.012950450450450447,0.9825962984133392,55492,473,0.008523751171340013,35061,245,0.006987821225863495,2265,245,0.10816777041942605,HellaSwag,0.5,discovery,validation
919,0.2573844414301558,0.004354354354354344,0.9811928630880298,55489,513,0.009245075600569481,35061,254,0.007244516699466644,2265,254,0.11214128035320088,HellaSwag,0.5,discovery,validation
920,0.3311244155357645,0.011617867867867867,0.9818679353277581,55492,495,0.008920204714193037,35061,250,0.007130429822309689,2265,250,0.11037527593818984,HellaSwag,0.5,discovery,validation
921,0.23496532517249166,0.009525150150150138,0.9719554184829472,55489,769,0.013858602605921894,35060,350,0.009982886480319452,2264,348,0.15371024734982333,HellaSwag,0.5,discovery,validation
922,0.18361293893750757,0.0030825763780309196,0.9811307637688619,55494,516,0.009298302519191264,35061,243,0.0069307777872850175,2265,243,0.10728476821192053,HellaSwag,0.5,discovery,validation
923,0.12297623468692555,0.004851004851004852,0.9815166594311516,55489,502,0.009046838112058246,35061,248,0.007073386383731211,2265,248,0.10949227373068433,HellaSwag,0.5,discovery,validation
924,0.223697283938082,0.004799220708311613,0.98154414771901,55492,503,0.009064369638866863,35061,254,0.007244516699466644,2265,254,0.11214128035320088,HellaSwag,0.5,discovery,validation
925,0.09181814461899174,0.004488838011565285,0.980617578568116,55492,530,0.009550926259641029,35061,279,0.007957559681697613,2265,279,0.12317880794701987,HellaSwag,0.5,discovery,validation
926,0.1332428283692556,0.006634759759759768,0.9788367307074152,55491,579,0.010434124452613937,35060,282,0.008043354249857387,2264,282,0.12455830388692579,HellaSwag,0.5,discovery,validation
927,0.11517388238384327,0.0031656656656656643,0.9823804380665876,55492,481,0.00866791609601384,35061,227,0.006474430278657198,2265,227,0.10022075055187638,HellaSwag,0.5,discovery,validation
928,0.07527698951030097,0.004066566566566575,0.9815258222791917,55490,504,0.009082717606775996,35059,244,0.00695969651159474,2263,244,0.10782147591692444,HellaSwag,0.5,discovery,validation
929,0.13982113051011902,0.007194694694694683,0.9820030112794693,55494,491,0.008847803366129671,35061,229,0.006531473717235675,2265,229,0.1011037527593819,HellaSwag,0.5,discovery,validation
930,0.17457282382008213,0.008880755755755752,0.9800691152791581,55492,544,0.009803214877820226,35060,279,0.007957786651454649,2264,279,0.12323321554770318,HellaSwag,0.5,discovery,validation
931,0.15831151760190093,0.005425880425880416,0.9801579717196452,55486,541,0.00975020725948888,35059,249,0.0071023132433897145,2263,249,0.1100309323906319,HellaSwag,0.5,discovery,validation
932,0.17783812168827415,0.009928678678678672,0.9781084014261842,55493,600,0.010812174508496567,35061,310,0.008841732979664015,2265,310,0.1368653421633554,HellaSwag,0.5,discovery,validation
933,0.13896347488082111,0.013200700700700712,0.9754281595537705,55492,673,0.012127874288185684,35061,326,0.009298080488291834,2265,326,0.14392935982339955,HellaSwag,0.5,discovery,validation
934,0.2068682803965116,0.009009009009009014,0.9763727551516398,55493,648,0.011677148469176293,35061,325,0.009269558769002595,2265,323,0.14260485651214128,HellaSwag,0.5,discovery,validation
935,0.20268553945894222,0.008474099099099101,0.9771550268004262,55492,625,0.011262884740142724,35060,342,0.00975470621791215,2264,342,0.15106007067137808,HellaSwag,0.5,discovery,validation
936,0.08715246039452593,0.007507507507507517,0.9808874040015555,55491,521,0.009388909913319277,35060,251,0.007159155733029093,2264,251,0.11086572438162544,HellaSwag,0.5,discovery,validation
937,0.1672687590305427,0.007770270270270269,0.9802673456722627,55494,540,0.009730781706130393,35061,275,0.007843472804540657,2265,275,0.12141280353200883,HellaSwag,0.5,discovery,validation
938,0.21376598258494034,0.008508508508508506,0.9810228365067869,55494,519,0.009352362417558656,35061,213,0.006075126208607855,2265,213,0.09403973509933775,HellaSwag,0.5,discovery,validation
939,0.30685873797859514,0.01309482559482559,0.9772897315556953,55491,619,0.0111549620659206,35060,297,0.008471192241871078,2264,297,0.13118374558303886,HellaSwag,0.5,discovery,validation
940,0.22200384873812518,0.004658504658504658,0.9820743086887506,55490,488,0.008794377365291043,35060,242,0.006902452937820878,2264,242,0.1068904593639576,HellaSwag,0.5,discovery,validation
941,0.2755921641712084,0.00883838383838384,0.981688053322898,55492,499,0.00899228717652995,35060,279,0.007957786651454649,2264,279,0.12323321554770318,HellaSwag,0.5,discovery,validation
942,0.14578196423479195,0.005255255255255246,0.9829109386254181,55491,465,0.00837973725468995,35060,244,0.006959498003422704,2264,244,0.10777385159010601,HellaSwag,0.5,discovery,validation
943,0.2548945031065512,0.008571071071071069,0.982227699337478,55492,483,0.008703957327182297,35060,241,0.006873930405019966,2264,241,0.10644876325088339,HellaSwag,0.5,discovery,validation
944,0.07261763119396641,0.0037349849849849814,0.9808694156393263,55492,522,0.009406761334967203,35061,255,0.007273038418755882,2265,255,0.11258278145695365,HellaSwag,0.5,discovery,validation
945,0.19655309806846516,0.008413372049735687,0.980752666897626,55492,525,0.009460823181719888,35061,258,0.007358603576623599,2265,258,0.11390728476821192,HellaSwag,0.5,discovery,validation
946,0.27682161595954086,0.00912162162162163,0.9772629560033423,55492,620,0.011172781662221581,35061,298,0.008499472348193149,2265,298,0.1315673289183223,HellaSwag,0.5,discovery,validation
947,0.19633971512445034,0.00506756756756757,0.9838551885759209,55490,439,0.007911335375743378,35061,217,0.00618921308576481,2265,217,0.09580573951434879,HellaSwag,0.5,discovery,validation
948,0.10143173617727294,0.004254254254254262,0.9806535552925746,55492,529,0.0095329056440568,35061,238,0.006788169190838824,2265,238,0.10507726269315673,HellaSwag,0.5,discovery,validation
949,0.1954113333011965,0.010297797797797801,0.9781443778271562,55493,599,0.010794154217649073,35061,328,0.009355123926870311,2265,326,0.14392935982339955,HellaSwag,0.5,discovery,validation
950,0.16674284541746642,0.007796257796257795,0.9837655419582437,55491,442,0.007965255627038618,35060,213,0.00607529948659441,2264,213,0.09408127208480566,HellaSwag,0.5,discovery,validation
951,0.1909167560984344,0.006944289330652969,0.9794123582987528,55491,562,0.010127768466958606,35061,312,0.008898776418242492,2265,312,0.13774834437086092,HellaSwag,0.5,discovery,validation
952,0.20913668695512677,0.011180136748318564,0.9756712216405045,55494,668,0.012037337369805745,35061,356,0.010153732066968997,2265,356,0.15717439293598234,HellaSwag,0.5,discovery,validation
953,0.2619315280159452,0.00583083083083084,0.9817508453885619,55491,498,0.008974428285667945,35061,236,0.006731125752260346,2265,236,0.10419426048565121,HellaSwag,0.5,discovery,validation
954,0.1693944658385463,0.005305305305305307,0.9785940828393062,55492,585,0.01054206011677359,35061,279,0.007957559681697613,2265,279,0.12317880794701987,HellaSwag,0.5,discovery,validation
955,0.15053194444268017,0.009525150150150152,0.9815617993271457,55490,502,0.009046675076590377,35060,255,0.007273245864232744,2264,255,0.11263250883392226,HellaSwag,0.5,discovery,validation
956,0.13101567915002096,0.00446119196119196,0.982209711136992,55493,485,0.008739841061034726,35061,265,0.00755825561164827,2265,265,0.11699779249448124,HellaSwag,0.5,discovery,validation
957,0.1523108497145561,0.005058183183183192,0.9796194102670082,55493,556,0.010019281711206819,35060,275,0.007843696520250997,2264,275,0.12146643109540636,HellaSwag,0.5,discovery,validation
958,0.152309947595406,0.005067567567567562,0.9800419509767784,55492,546,0.009839256108988684,35061,252,0.007187473260888167,2265,251,0.11081677704194261,HellaSwag,0.5,discovery,validation
959,0.08977686498024597,0.007902132902132906,0.9813815745652901,55489,506,0.009118924471516876,35061,249,0.00710190810302045,2265,249,0.10993377483443709,HellaSwag,0.5,discovery,validation
960,0.4771807151389956,0.01605451605451605,0.9763995223800144,55492,647,0.011659338282995747,35061,319,0.009098428453267164,2265,318,0.1403973509933775,HellaSwag,0.5,discovery,validation
961,0.23340959979980644,0.005604338842975214,0.9797813040713821,55492,552,0.009947379802494053,35060,271,0.007729606389047347,2264,271,0.11969964664310954,HellaSwag,0.5,discovery,validation
962,0.145812983230603,0.005309028036300764,0.98235361674088,55493,481,0.008667759897644747,35060,236,0.006731317741015402,2264,236,0.10424028268551237,HellaSwag,0.5,discovery,validation
963,0.15961278000680684,0.00446632264814083,0.9764530585176872,55492,646,0.011641317667411518,35060,316,0.009013120365088419,2264,316,0.13957597173144876,HellaSwag,0.5,discovery,validation
964,0.19405309761432565,0.0044419419419419424,0.9819938527311599,55493,490,0.008829942515272197,35061,268,0.0076438207695159865,2265,268,0.11832229580573951,HellaSwag,0.5,discovery,validation
965,0.11305296214172945,0.003638013013013011,0.9795834338660361,55493,557,0.010037302002054313,35060,249,0.007102110667427267,2264,249,0.10998233215547704,HellaSwag,0.5,discovery,validation
966,0.28217839580395326,0.011939824439824444,0.9779013358714915,55491,605,0.010902668901263268,35060,284,0.008100399315459212,2264,284,0.1254416961130742,HellaSwag,0.5,discovery,validation
967,0.16777728867842026,0.006626819126819125,0.982011840931646,55492,490,0.008830101636271894,35060,233,0.006645750142612664,2264,233,0.10291519434628975,HellaSwag,0.5,discovery,validation
968,0.18604267112475303,0.0052552552552552565,0.9786384697145124,55489,584,0.01052460848096019,35060,283,0.0080718767826583,2264,283,0.125,HellaSwag,0.5,discovery,validation
969,0.5695488742754206,0.008099445599445605,0.9774867844169076,55488,616,0.011101499423298732,35060,307,0.008756417569880205,2264,307,0.1356007067137809,HellaSwag,0.5,discovery,validation
970,0.24916555737181573,0.005565482838210115,0.9822725078932117,55492,483,0.008703957327182297,35061,258,0.007358603576623599,2265,258,0.11390728476821192,HellaSwag,0.5,discovery,validation
971,0.45046007871567506,0.007039063857245676,0.981570961766269,55491,503,0.00906453298733128,35061,239,0.006816690910128063,2265,239,0.1055187637969095,HellaSwag,0.5,discovery,validation
972,0.3705121260455143,0.011579244533789987,0.9792504630386891,55492,568,0.010235709651841706,35060,284,0.008100399315459212,2264,284,0.1254416961130742,HellaSwag,0.5,discovery,validation
973,0.16290338539915733,0.007807807807807805,0.9790166143297082,55491,573,0.010325998810617939,35061,289,0.00824277687459,2265,289,0.12759381898454747,HellaSwag,0.5,discovery,validation
974,0.337443536712841,0.010025650650650647,0.9764350699937102,55491,645,0.01162350651456993,35060,348,0.009925841414717628,2264,348,0.15371024734982333,HellaSwag,0.5,discovery,validation
975,0.13297620006587826,0.0030984576439121968,0.981292312912206,55492,510,0.009190513947956462,35061,254,0.007244516699466644,2265,254,0.11214128035320088,HellaSwag,0.5,discovery,validation
976,0.16055944710586323,0.010620641302459483,0.9786124609871143,55494,586,0.010559700147763721,35061,317,0.009041385014688685,2265,317,0.13995584988962473,HellaSwag,0.5,discovery,validation
977,0.2440603342560188,0.014667792792792794,0.9811663955088041,55493,512,0.00922638891391707,35060,264,0.007529948659440958,2264,264,0.1166077738515901,HellaSwag,0.5,discovery,validation
978,0.32231038202036794,0.0075959223686496505,0.9825871451938328,55491,474,0.00854192571768395,35060,234,0.006674272675413577,2264,234,0.10335689045936396,HellaSwag,0.5,discovery,validation
979,0.3245174138460222,0.008884917975827075,0.9805452704017859,55489,529,0.009533421038404008,35060,281,0.008014831717056475,2264,281,0.12411660777385158,HellaSwag,0.5,discovery,validation
980,0.17488236640716304,0.009572072072072071,0.9747446079353024,55492,691,0.012452245368701795,35060,320,0.00912721049629207,2264,318,0.14045936395759717,HellaSwag,0.5,discovery,validation
981,0.3086513767360808,0.009288134288134277,0.980023962614549,55491,544,0.009803391540970608,35061,280,0.007986081400986852,2265,280,0.12362030905077263,HellaSwag,0.5,discovery,validation
982,0.2995991258006561,0.013195888195888197,0.9802218345990714,55492,538,0.009695091184314856,35060,260,0.007415858528237307,2264,260,0.11484098939929328,HellaSwag,0.5,discovery,validation
983,0.1836991428016046,0.006284409409409409,0.9777754173358865,55492,607,0.010938513659626612,35060,302,0.008613804905875641,2264,301,0.1329505300353357,HellaSwag,0.5,discovery,validation
984,0.22847389811395813,0.009095634095634096,0.979844078992256,55491,551,0.009929538123299273,35060,269,0.007672561323445522,2264,269,0.11881625441696113,HellaSwag,0.5,discovery,validation
985,0.14101637511842544,0.007094594594594605,0.9793404048498356,55491,564,0.010163810347623939,35061,275,0.007843472804540657,2265,275,0.12141280353200883,HellaSwag,0.5,discovery,validation
986,0.19619294215518965,0.0078002847889211534,0.9742662847396496,55486,704,0.012687885232310854,35060,336,0.009583571021106674,2264,334,0.14752650176678445,HellaSwag,0.5,discovery,validation
987,0.25985820408847293,0.017392392392392392,0.978890695794103,55492,577,0.010397895192099762,35060,280,0.007986309184255563,2264,280,0.12367491166077739,HellaSwag,0.5,discovery,validation
988,0.15808324333894044,0.0038354470172651993,0.9777398460964163,55493,610,0.01099237741697151,35061,285,0.008128689997433046,2265,285,0.12582781456953643,HellaSwag,0.5,discovery,validation
989,0.2516689962954673,0.007449757449757445,0.978944660880791,55491,575,0.010362040691283271,35061,273,0.00778642936596218,2265,273,0.1205298013245033,HellaSwag,0.5,discovery,validation
990,0.12351131840260621,0.005616193116193119,0.9795294692645781,55492,560,0.01009154472716788,35060,262,0.007472903593839133,2264,262,0.1157243816254417,HellaSwag,0.5,discovery,validation
991,0.26333917695116793,0.005515130515130514,0.9828121587600908,55492,469,0.0084516687090031,35061,225,0.00641738684007872,2265,225,0.09933774834437085,HellaSwag,0.5,discovery,validation
992,0.17013738357814562,0.0112529885257158,0.9764354987809863,55492,644,0.011605276436243062,35060,364,0.01038220193953223,2264,364,0.1607773851590106,HellaSwag,0.5,discovery,validation
993,0.25095267441664204,0.004417879417879413,0.9798260906300267,55492,552,0.009947379802494053,35061,256,0.007301560138045122,2265,256,0.1130242825607064,HellaSwag,0.5,discovery,validation
994,0.20398413304655985,0.002471221221221227,0.9769123963140515,55493,631,0.01137080352476889,35060,315,0.008984597832287507,2264,315,0.13913427561837455,HellaSwag,0.5,discovery,validation
995,0.2536392938265572,0.00670622545622546,0.9777214522491985,55491,609,0.010974752662593934,35060,305,0.00869937250427838,2264,305,0.13471731448763252,HellaSwag,0.5,discovery,validation
996,0.242130406530691,0.003816316316316316,0.9805096483947402,55492,533,0.009604988106393715,35061,262,0.007472690453780554,2265,262,0.11567328918322296,HellaSwag,0.5,discovery,validation
997,0.13007539608494859,0.003209304345667993,0.9818044784028156,55489,495,0.008920686983005641,35061,246,0.007016342945152734,2265,246,0.10860927152317881,HellaSwag,0.5,discovery,validation
998,0.16066689116637764,0.006506506506506504,0.979898044078944,55492,549,0.009893317955741368,35061,264,0.0075297338923590315,2265,264,0.11655629139072848,HellaSwag,0.5,discovery,validation
999,0.20467839117639464,0.0037248787248787326,0.9813282893131781,55492,508,0.009154472716788006,35061,224,0.006388865120789481,2265,223,0.09845474613686535,HellaSwag,0.5,discovery,validation
0,0.07722144606031474,0.005874894336432803,0.9791086637111326,57174,588,0.010284395004722426,36224,298,0.008226590106007067,2268,298,0.13139329805996472,HellaSwag,0.5,validation,discovery
1,0.2076641266737246,0.008369122606095314,0.9798159872020484,57175,568,0.009934411893310013,36224,297,0.008198984098939929,2268,297,0.13095238095238096,HellaSwag,0.5,validation,discovery
2,0.19154777118032704,0.009063964709125998,0.9801213661595105,57174,558,0.009759680973869242,36223,288,0.007950749523783232,2267,288,0.12704014115571238,HellaSwag,0.5,validation,discovery
3,0.21146770209544358,0.004660937353245037,0.981212805973119,57175,529,0.00925229558373415,36222,238,0.006570592457622439,2266,238,0.10503089143865843,HellaSwag,0.5,validation,discovery
4,0.2962278881634152,0.00675542406311638,0.9821467710562666,57174,502,0.008780214782943297,36222,222,0.00612887195626967,2266,222,0.09796999117387467,HellaSwag,0.5,validation,discovery
5,0.25561406625586675,0.010296327604019918,0.9792052455036061,57177,587,0.010266365846406772,36224,289,0.007978136042402826,2268,289,0.12742504409171077,HellaSwag,0.5,validation,discovery
6,0.32173569044394834,0.005658681682254885,0.9834565922363357,57176,466,0.008150272841751785,36224,224,0.006183745583038869,2268,224,0.09876543209876543,HellaSwag,0.5,validation,discovery
7,0.2049548372988051,0.0034103299153466415,0.9827321513323194,57177,488,0.008534900397012785,36223,260,0.007177759986748751,2267,260,0.11468901632112924,HellaSwag,0.5,validation,discovery
8,0.3253039581688091,0.005083591622053154,0.9820070879599386,57174,505,0.008832686186028614,36222,230,0.006349732206946055,2266,229,0.10105913503971757,HellaSwag,0.5,validation,discovery
9,0.24788203367317688,0.004677790502852532,0.9845479840362115,57177,436,0.007625443797331094,36224,212,0.0058524734982332155,2268,212,0.09347442680776014,HellaSwag,0.5,validation,discovery
10,0.26739623366513354,0.008417864187094948,0.9840591060005482,57177,448,0.007835318397257639,36224,211,0.0058248674911660775,2268,211,0.09303350970017636,HellaSwag,0.5,validation,discovery
11,0.25619806830521247,0.00823285826387563,0.9846616093221737,57178,431,0.0075378642135086925,36224,219,0.00604571554770318,2268,219,0.09656084656084656,HellaSwag,0.5,validation,discovery
12,0.23873228547671987,0.003564384333615109,0.9832381931911712,57175,470,0.008220376038478356,36224,222,0.006128533568904594,2268,222,0.09788359788359788,HellaSwag,0.5,validation,discovery
13,0.27488967023970967,0.008394383394383403,0.9826185082888276,57176,490,0.008570029382957884,36223,246,0.0067912652182315104,2267,246,0.10851345390383767,HellaSwag,0.5,validation,discovery
14,0.31770010071117627,0.005736357659434577,0.979431862040004,57175,580,0.01014429383471797,36224,298,0.008226590106007067,2268,298,0.13139329805996472,HellaSwag,0.5,validation,discovery
15,0.2152599594339901,0.004180717270047303,0.9811340686078887,57174,530,0.009269947878406268,36223,256,0.0070673329100295395,2267,256,0.1129245699161888,HellaSwag,0.5,validation,discovery
16,0.09838687017300879,0.004882111271689436,0.981352487850226,57175,526,0.00919982509838216,36223,256,0.0070673329100295395,2267,256,0.1129245699161888,HellaSwag,0.5,validation,discovery
17,0.3080724764485617,0.010338593030900721,0.9844083045974504,57177,440,0.007695401997306609,36223,242,0.006680838141512299,2267,242,0.10674900749889722,HellaSwag,0.5,validation,discovery
18,0.23006425031851532,0.0035996055226824373,0.9815791461262933,57173,517,0.009042729959946129,36222,230,0.006349732206946055,2266,230,0.10150044130626655,HellaSwag,0.5,validation,discovery
19,0.3007298418282161,0.006938574246266548,0.9830985113140641,57175,477,0.008342807170966332,36223,233,0.0064323772188940725,2267,233,0.1027790030877812,HellaSwag,0.5,validation,discovery
20,0.14208474765062415,0.004355687047994728,0.9831511896486022,57177,473,0.008272557147104604,36223,223,0.006156309527096044,2267,223,0.09836788707543008,HellaSwag,0.5,validation,discovery
21,0.2853559575841288,0.005450096169159709,0.9815797959625419,57177,519,0.009077076446823023,36224,231,0.006376987632508834,2268,231,0.10185185185185185,HellaSwag,0.5,validation,discovery
22,0.27696887919038204,0.012836949375410921,0.9812213705430937,57175,529,0.00925229558373415,36223,289,0.007978356292963035,2267,289,0.1274812527569475,HellaSwag,0.5,validation,discovery
23,0.12616075268222982,0.003091501586484873,0.9829239089676802,57175,481,0.008412767818102317,36223,239,0.00659801783397289,2267,239,0.10542567269519189,HellaSwag,0.5,validation,discovery
24,0.43760931617284926,0.01204799474030244,0.9803576008733837,57177,554,0.009689210696608776,36224,281,0.007757287985865724,2268,281,0.12389770723104056,HellaSwag,0.5,validation,discovery
25,0.21989670442789344,0.008046223834065034,0.981754395260993,57177,515,0.00900711824684751,36224,257,0.007094743816254417,2268,257,0.11331569664902998,HellaSwag,0.5,validation,discovery
26,0.16417018092306507,0.005013149243918492,0.9825918574142547,57173,489,0.00855298829867245,36222,262,0.007233173209651593,2266,262,0.11562224183583407,HellaSwag,0.5,validation,discovery
27,0.329753480522549,0.010075077941082904,0.9805143965875837,57175,547,0.009567118495846086,36223,323,0.008916986445076333,2267,323,0.14247904719894133,HellaSwag,0.5,validation,discovery
28,0.10543248747016329,0.004092702169625242,0.9806105988312559,57177,547,0.009566783846651626,36223,248,0.006846478756591116,2267,248,0.10939567710630789,HellaSwag,0.5,validation,discovery
29,0.29166387533696864,0.01245656053348361,0.9808026597358932,57176,540,0.00944452217713726,36224,288,0.007950530035335688,2268,288,0.12698412698412698,HellaSwag,0.5,validation,discovery
30,0.18623151676049002,0.0036747440593594425,0.9808026597358932,57176,539,0.009427032321253673,36223,255,0.007039726140849736,2267,255,0.11248345831495368,HellaSwag,0.5,validation,discovery
31,0.2578473817105941,0.005881938574246268,0.9816496356819223,57177,515,0.00900711824684751,36224,233,0.006432199646643109,2268,233,0.1027336860670194,HellaSwag,0.5,validation,discovery
32,0.2262614852016462,0.004071569456184845,0.9777991346830576,57175,626,0.01094884127678181,36223,285,0.007867929216243822,2267,285,0.12571680635200705,HellaSwag,0.5,validation,discovery
33,0.20842293798823286,0.005523848252297922,0.9817194754013028,57177,517,0.009042097346835266,36223,262,0.007232973525108356,2267,262,0.11557123952359948,HellaSwag,0.5,validation,discovery
34,0.19335280845174652,0.007182774490466785,0.9836134435677107,57174,459,0.008028124672053731,36223,232,0.00640477044971427,2267,232,0.1023378914865461,HellaSwag,0.5,validation,discovery
35,0.24474077995862725,0.00610030994646379,0.9836140226749057,57178,459,0.008027563048725034,36224,236,0.006515017667844523,2268,236,0.10405643738977072,HellaSwag,0.5,validation,discovery
36,0.07212720644057527,0.009188034188034187,0.9812826469116724,57175,528,0.009234805421950152,36223,253,0.006984512602490131,2267,251,0.11071901191001324,HellaSwag,0.5,validation,discovery
37,0.24839420012733845,0.011213099423801755,0.9815969311351633,57175,520,0.009094884127678182,36223,257,0.007094939679209342,2267,257,0.1133656815174239,HellaSwag,0.5,validation,discovery
38,0.14934893757612344,0.004855411338041601,0.9824877123144878,57177,492,0.008604858596988299,36224,252,0.006956713780918728,2268,251,0.11067019400352733,HellaSwag,0.5,validation,discovery
39,0.050966411459969156,0.004121900024910056,0.9811169412162087,57176,533,0.009322093185952148,36223,242,0.006680838141512299,2267,242,0.10674900749889722,HellaSwag,0.5,validation,discovery
40,0.15701229540207884,0.00789087187970563,0.9806978992424548,57176,543,0.009496991744788023,36222,261,0.007205565678317045,2266,261,0.11518093556928509,HellaSwag,0.5,validation,discovery
41,0.6311046053245009,0.018714191791114873,0.9818064539508239,57175,510,0.008919982509838217,36223,298,0.00822681721558126,2267,293,0.12924569916188797,HellaSwag,0.5,validation,discovery
42,0.16213952003144189,0.0019559500328731067,0.9837708737166513,57176,457,0.007992864138799497,36224,193,0.005327959363957597,2268,193,0.08509700176366843,HellaSwag,0.5,validation,discovery
43,0.29263885394104333,0.009443872738187116,0.9780610404886726,57174,619,0.010826599503270718,36223,289,0.007978356292963035,2267,289,0.1274812527569475,HellaSwag,0.5,validation,discovery
44,0.1513628950291598,0.008957922419460886,0.9816667720737169,57175,516,0.009024923480542195,36224,287,0.007922924028268552,2268,287,0.12654320987654322,HellaSwag,0.5,validation,discovery
45,0.12334667277917168,0.0035338593030900863,0.9823124887830929,57173,497,0.008692914487607787,36222,239,0.006598199988956987,2266,239,0.10547219770520741,HellaSwag,0.5,validation,discovery
46,0.23748080522277773,0.011212078519770845,0.9790655660648453,57177,591,0.010336324046382286,36224,280,0.007729681978798587,2268,280,0.12345679012345678,HellaSwag,0.5,validation,discovery
47,0.2683605008997585,0.013132807363576606,0.9827664628087307,57173,485,0.008483025204204781,36224,247,0.006818683745583039,2268,247,0.10890652557319223,HellaSwag,0.5,validation,discovery
48,0.103895644661848,0.008168967784352393,0.98244390746643,57176,494,0.008639988806492235,36223,255,0.007039726140849736,2267,255,0.11248345831495368,HellaSwag,0.5,validation,discovery
49,0.3795496710801793,0.010460693153000834,0.9798070791927725,57174,568,0.009934585650820303,36223,273,0.007536647986086188,2267,273,0.12042346713718571,HellaSwag,0.5,validation,discovery
50,0.16730730577716146,0.008070348454963853,0.9822693066440324,57176,499,0.008727438085910172,36224,242,0.00668065371024735,2268,242,0.10670194003527336,HellaSwag,0.5,validation,discovery
51,0.13296942268958153,0.006768593725115464,0.9805054946744126,57174,549,0.009602266764613286,36221,286,0.007895971949973771,2265,286,0.1262693156732892,HellaSwag,0.5,validation,discovery
52,0.12816094777603432,0.0028435239973701445,0.983709907403646,57177,455,0.007957745247214789,36224,195,0.005383171378091873,2268,195,0.08597883597883597,HellaSwag,0.5,validation,discovery
53,0.2146848417115222,0.00877712031558185,0.9829505511316359,57178,480,0.00839483717513729,36224,234,0.006459805653710247,2268,234,0.10317460317460317,HellaSwag,0.5,validation,discovery
54,0.29644345482872014,0.01341222879684419,0.9795277130001165,57174,578,0.010109490327771364,36222,282,0.0077853238363425545,2266,282,0.12444836716681378,HellaSwag,0.5,validation,discovery
55,0.2384020996480229,0.005365361134591901,0.9799382088445171,57176,567,0.009916748285994124,36224,233,0.006432199646643109,2268,233,0.1027336860670194,HellaSwag,0.5,validation,discovery
56,0.24205983318797636,0.013442753827369217,0.9833956286664338,57177,467,0.008167619847141334,36223,256,0.0070673329100295395,2267,256,0.1129245699161888,HellaSwag,0.5,validation,discovery
57,0.335562128293802,0.011193293885601592,0.9811511968965801,57172,529,0.00925278108164836,36222,296,0.008171829275026228,2266,296,0.13062665489849956,HellaSwag,0.5,validation,discovery
58,0.33118114033020574,0.009362710867727594,0.9832464799195654,57172,469,0.008203316308682571,36224,249,0.006873895759717315,2268,249,0.10978835978835978,HellaSwag,0.5,validation,discovery
59,0.08782830794315657,0.0033228351466564844,0.9851416216509454,57177,418,0.007310631897441279,36223,205,0.005659387681859592,2267,205,0.09042787825319806,HellaSwag,0.5,validation,discovery
60,0.24416902301205595,0.009210085715102427,0.982208353436966,57177,503,0.008797243646920964,36224,248,0.006846289752650177,2268,248,0.10934744268077601,HellaSwag,0.5,validation,discovery
61,0.2866491273941421,0.00670452376407712,0.9794927922260346,57174,579,0.010126980795466471,36222,282,0.0077853238363425545,2266,282,0.12444836716681378,HellaSwag,0.5,validation,discovery
62,0.249075206546817,0.006756219380288867,0.9792921801628971,57175,584,0.010214254481853957,36224,284,0.007840106007067138,2268,284,0.12522045855379188,HellaSwag,0.5,validation,discovery
63,0.18932221569006957,0.001048672620578969,0.9810991478338066,57174,532,0.00930492881379648,36224,234,0.006459805653710247,2268,234,0.10317460317460317,HellaSwag,0.5,validation,discovery
64,0.3324021366856128,0.007182774490466797,0.982374067137471,57176,496,0.00867496851825941,36224,227,0.006266563604240283,2268,227,0.10008818342151675,HellaSwag,0.5,validation,discovery
65,0.14414903680238741,0.004184277261200346,0.9837270797610459,57175,458,0.008010494097070399,36222,206,0.0056871514549169016,2266,206,0.09090909090909091,HellaSwag,0.5,validation,discovery
66,0.08567704600339171,0.003455653114462054,0.9790737429370505,57174,589,0.010301885472417532,36224,272,0.007508833922261484,2268,272,0.11992945326278659,HellaSwag,0.5,validation,discovery
67,0.2167533831368983,0.0073964497041420114,0.9812819872872393,57171,525,0.009182977383638559,36223,222,0.006128702757916241,2267,222,0.09792677547419497,HellaSwag,0.5,validation,discovery
68,0.23180587392822916,0.002959905410277606,0.9827759533570912,57178,484,0.008464794151596768,36224,230,0.006349381625441696,2268,230,0.10141093474426807,HellaSwag,0.5,validation,discovery
69,0.1854027486538143,0.007689959613036547,0.9828019910516999,57177,484,0.00846494219703727,36224,244,0.006735865724381626,2268,244,0.10758377425044091,HellaSwag,0.5,validation,discovery
70,0.17775125838377873,0.00832394101624872,0.9793791181558944,57173,580,0.010144648697811905,36223,274,0.0075642547552659915,2267,274,0.12086457873842082,HellaSwag,0.5,validation,discovery
71,0.24548382006108227,0.005414262437673813,0.979938562557101,57177,563,0.009846616646553685,36223,266,0.007343400601827568,2267,266,0.11733568592853992,HellaSwag,0.5,validation,discovery
72,0.45322508169157205,0.010336142861226468,0.9818502646702784,57176,510,0.008919826500629635,36224,281,0.007757287985865724,2268,281,0.12389770723104056,HellaSwag,0.5,validation,discovery
73,0.08978877247952827,0.003775711468019167,0.9813874083195028,57175,525,0.009182334936598164,36222,249,0.006874275302302468,2266,249,0.10988526037069726,HellaSwag,0.5,validation,discovery
74,0.3452646753075236,0.00846482577251808,0.9813874083195028,57175,524,0.009164844774814168,36221,267,0.007371414372877612,2265,267,0.11788079470198676,HellaSwag,0.5,validation,discovery
75,0.28697935016559745,0.00810030540179423,0.9803918294438557,57173,552,0.009654907036538226,36222,267,0.007371210866324333,2266,267,0.117828773168579,HellaSwag,0.5,validation,discovery
76,0.33994807845675334,0.00721013471849593,0.9826273917532488,57177,490,0.008569879497000542,36224,231,0.006376987632508834,2268,231,0.10185185185185185,HellaSwag,0.5,validation,discovery
77,0.1833235352375397,0.008591417872354313,0.9783671688710406,57177,611,0.01068611504625986,36224,290,0.008005742049469964,2268,290,0.12786596119929453,HellaSwag,0.5,validation,discovery
78,0.27300562337404216,0.015713346482577262,0.979894735459426,57176,569,0.009951727997761298,36223,287,0.00792314275460343,2267,287,0.12659902955447727,HellaSwag,0.5,validation,discovery
79,0.15114280108469794,0.008727810650887582,0.9805232984200571,57176,550,0.009619420735973135,36223,261,0.007205366755928554,2267,261,0.11513012792236436,HellaSwag,0.5,validation,discovery
80,0.1498115205591556,0.002069528899553708,0.9807417193299763,57177,544,0.00951431519666999,36224,246,0.006791077738515901,2268,246,0.10846560846560846,HellaSwag,0.5,validation,discovery
81,0.3078923993899582,0.00793181177796563,0.9810299756116445,57178,535,0.009356745601455106,36224,262,0.007232773851590106,2268,262,0.11552028218694885,HellaSwag,0.5,validation,discovery
82,0.2890820465898575,0.007445759368836289,0.9823480328757269,57177,497,0.008692306346957692,36223,253,0.006984512602490131,2267,253,0.11160123511248346,HellaSwag,0.5,validation,discovery
83,0.05299745270489247,0.0020213899812562106,0.9838933791141773,57178,455,0.007957606072265557,36224,208,0.005742049469964664,2268,208,0.09171075837742504,HellaSwag,0.5,validation,discovery
84,0.2110578161271356,0.005433893434217093,0.9805054946744126,57174,549,0.009602266764613286,36223,271,0.007481434447726583,2267,271,0.11954124393471548,HellaSwag,0.5,validation,discovery
85,0.30147971583750177,0.004154206697631005,0.9812217017096473,57176,528,0.00923464390653421,36223,272,0.007509041216906385,2267,269,0.11865902073224525,HellaSwag,0.5,validation,discovery
86,0.24035588247006962,0.010612807853610521,0.9826273917532488,57177,487,0.008517410847018906,36223,243,0.006708444910692102,2267,243,0.10719011910013233,HellaSwag,0.5,validation,discovery
87,0.16003874320962028,0.005460988556522052,0.9811169412162087,57176,530,0.009269623618301385,36224,280,0.007729681978798587,2268,280,0.12345679012345678,HellaSwag,0.5,validation,discovery
88,0.062269783258510195,0.0011857800319338763,0.9847921540739871,57176,426,0.0074506786064082835,36224,186,0.0051347173144876326,2268,186,0.082010582010582,HellaSwag,0.5,validation,discovery
89,0.15900985923792524,0.0027285059853298047,0.980846478909047,57177,540,0.009444356996694474,36224,254,0.007011925795053004,2268,254,0.11199294532627865,HellaSwag,0.5,validation,discovery
90,0.16228493411502942,0.006073868532062522,0.9789864410018456,57175,593,0.010371665937909925,36223,292,0.008061176600502443,2267,292,0.12880458756065286,HellaSwag,0.5,validation,discovery
91,0.05534100574976483,0.002453742838358224,0.9829416704904608,57177,478,0.008360004897073997,36223,223,0.006156309527096044,2267,223,0.09836788707543008,HellaSwag,0.5,validation,discovery
92,0.19346042554199236,0.002906513776078995,0.9822432732966563,57177,502,0.008779754096927087,36224,227,0.006266563604240283,2268,227,0.10008818342151675,HellaSwag,0.5,validation,discovery
93,0.0641845498527059,0.0011436660940382947,0.9811334040889788,57170,529,0.009253104775231766,36222,248,0.0068466677709679204,2266,248,0.10944395410414828,HellaSwag,0.5,validation,discovery
94,0.17130958415792738,0.01186954071569456,0.9820686739982051,57177,504,0.008814733196914844,36224,265,0.007315591872791519,2268,265,0.11684303350970017,HellaSwag,0.5,validation,discovery
95,0.1964473027861886,0.006821170282708741,0.9838407140456102,57176,455,0.007957884427032321,36223,220,0.0060734892195566355,2267,220,0.09704455227172475,HellaSwag,0.5,validation,discovery
96,0.1237222142514969,0.00298959725138385,0.9816667720737169,57175,516,0.009024923480542195,36224,250,0.006901501766784452,2268,250,0.11022927689594356,HellaSwag,0.5,validation,discovery
97,0.2208567258843297,0.006703051686329274,0.9785328490447253,57176,606,0.010598852665454036,36223,321,0.008861772906716726,2267,321,0.1415968239964711,HellaSwag,0.5,validation,discovery
98,0.19494794266655352,0.007128427817013424,0.9801912077076746,57174,558,0.009759680973869242,36222,262,0.007233173209651593,2266,262,0.11562224183583407,HellaSwag,0.5,validation,discovery
99,0.24839828636152808,0.005966469428007878,0.9804096351797534,57175,553,0.009672059466550066,36224,281,0.007757287985865724,2268,281,0.12389770723104056,HellaSwag,0.5,validation,discovery
100,0.27639153901606794,0.009009618035672618,0.9815880386709547,57174,518,0.009060062266064995,36222,267,0.007371210866324333,2266,267,0.117828773168579,HellaSwag,0.5,validation,discovery
101,0.12875656345059458,0.0071389595947261245,0.980986158347808,57177,534,0.009339419696731204,36224,295,0.008143772084805654,2268,295,0.1300705467372134,HellaSwag,0.5,validation,discovery
102,0.17133648573877058,0.007459745754060129,0.9822953405206986,57175,498,0.008710100568430258,36222,222,0.00612887195626967,2266,222,0.09796999117387467,HellaSwag,0.5,validation,discovery
103,0.22265494579638262,0.007976235922886052,0.9810210782074982,57177,536,0.00937439879671896,36224,257,0.007094743816254417,2268,257,0.11331569664902998,HellaSwag,0.5,validation,discovery
104,0.19881275598402862,0.006773451252359437,0.9797639632586499,57177,571,0.009986533046504714,36223,266,0.007343400601827568,2267,266,0.11733568592853992,HellaSwag,0.5,validation,discovery
105,0.23197120434055063,0.009682739582135414,0.9768916013141886,57176,652,0.011403386036099063,36224,377,0.010407464664310953,2268,376,0.1657848324514991,HellaSwag,0.5,validation,discovery
106,0.13347224943075947,0.005506245890861277,0.983290278992159,57173,471,0.008238154373567943,36224,224,0.006183745583038869,2268,224,0.09876543209876543,HellaSwag,0.5,validation,discovery
107,0.20934179871896194,0.006727247111862505,0.9812655172253297,57177,529,0.009251971946761809,36224,273,0.007536439929328622,2268,273,0.12037037037037036,HellaSwag,0.5,validation,discovery
108,0.1944514576004221,0.004831551822866955,0.9800429702523474,57176,563,0.009846788862459774,36224,277,0.007646863957597173,2268,277,0.12213403880070546,HellaSwag,0.5,validation,discovery
109,0.20935641237661995,0.012836949375410928,0.9803308908040026,57174,554,0.009689719103088816,36222,295,0.00814422174369168,2266,295,0.13018534863195058,HellaSwag,0.5,validation,discovery
110,0.19227983835756376,0.007640956219551528,0.9808813987687371,57177,539,0.009426867446700597,36224,246,0.006791077738515901,2268,246,0.10846560846560846,HellaSwag,0.5,validation,discovery
111,0.11034852272720948,0.00496959616066316,0.9810991478338066,57174,533,0.009322419281491587,36223,268,0.007398614140187174,2267,268,0.11821790913101014,HellaSwag,0.5,validation,discovery
112,0.1437321572508673,0.004442463890624421,0.9821296259861144,57176,503,0.008797397509444521,36224,232,0.006404593639575972,2268,232,0.10229276895943562,HellaSwag,0.5,validation,discovery
113,0.1450954949898051,0.007509770051576083,0.984600091492965,57175,431,0.0075382597289024925,36223,206,0.005686994451039395,2267,206,0.09086898985443317,HellaSwag,0.5,validation,discovery
114,0.2293913991139277,0.007660229899684004,0.9833607088067435,57177,469,0.00820259894712909,36224,223,0.006156139575971732,2268,223,0.09832451499118165,HellaSwag,0.5,validation,discovery
115,0.10413319652964514,0.0068476808551250126,0.983290278992159,57173,469,0.008203172826334109,36223,205,0.005659387681859592,2267,205,0.09042787825319806,HellaSwag,0.5,validation,discovery
116,0.08583278529607521,0.004425618974113961,0.9836489422298147,57178,461,0.008062541536954774,36224,231,0.006376987632508834,2268,231,0.10185185185185185,HellaSwag,0.5,validation,discovery
117,0.09688323560175266,0.004268202159021026,0.9834216720718562,57176,466,0.008150272841751785,36223,230,0.006349556911354664,2267,230,0.10145566828407587,HellaSwag,0.5,validation,discovery
118,0.4949811762562604,0.015555078365252061,0.9769350484867155,57176,651,0.011385896180215476,36224,392,0.010821554770318022,2268,392,0.1728395061728395,HellaSwag,0.5,validation,discovery
119,0.18010516996211998,0.00770874424720578,0.9832731136604479,57175,470,0.008220376038478356,36224,212,0.0058524734982332155,2268,212,0.09347442680776014,HellaSwag,0.5,validation,discovery
120,0.19942799638136424,0.005937838009798316,0.9830286703755106,57176,477,0.008342661256471246,36224,235,0.006487411660777385,2268,235,0.10361552028218694,HellaSwag,0.5,validation,discovery
121,0.2637321497130645,0.01155489809335962,0.9795804539791104,57176,578,0.010109136700713586,36223,314,0.008668525522458106,2267,314,0.13850904278782533,HellaSwag,0.5,validation,discovery
122,0.11774211928829063,0.0077956231802385765,0.9809074202293318,57176,537,0.009392052609486497,36223,256,0.0070673329100295395,2267,256,0.1129245699161888,HellaSwag,0.5,validation,discovery
123,0.1730383662502786,0.0030078895463510934,0.9823651814592521,57175,497,0.008692610406646262,36224,227,0.006266563604240283,2268,227,0.10008818342151675,HellaSwag,0.5,validation,discovery
124,0.2622488732038788,0.009685826993519312,0.981675663847881,57176,515,0.009007275780047572,36224,254,0.007011925795053004,2268,254,0.11199294532627865,HellaSwag,0.5,validation,discovery
125,0.16008721908643378,0.005598168419130767,0.97678684082075,57176,655,0.011455855603749825,36224,288,0.007950530035335688,2268,286,0.12610229276895943,HellaSwag,0.5,validation,discovery
126,0.26296472719743563,0.0063609467455621235,0.9813353569447102,57177,526,0.009199503296780175,36223,262,0.007232973525108356,2267,262,0.11557123952359948,HellaSwag,0.5,validation,discovery
127,0.3171946314509504,0.0074378061971114,0.982225813366811,57178,499,0.008727132813319808,36224,253,0.006984319787985866,2268,253,0.11155202821869488,HellaSwag,0.5,validation,discovery
128,0.11799659804275645,0.007710599987274917,0.9827842270905733,57175,484,0.008465238303454307,36222,244,0.006736237645629728,2266,244,0.10767872903795234,HellaSwag,0.5,validation,discovery
129,0.26583491506301327,0.008274479862569193,0.9812305973656396,57177,527,0.009216992846774052,36223,274,0.0075642547552659915,2267,274,0.12086457873842082,HellaSwag,0.5,validation,discovery
130,0.36354732275892043,0.01287921480229173,0.9782713307738385,57178,614,0.010738395886529785,36224,331,0.009137588339222616,2268,331,0.14594356261022928,HellaSwag,0.5,validation,discovery
131,0.297372272038171,0.006171364867017039,0.9801830015749327,57177,560,0.009794147996572048,36224,274,0.00756404593639576,2268,273,0.12037037037037036,HellaSwag,0.5,validation,discovery
132,0.2102271284180197,0.011446886446886448,0.9801217165285429,57177,561,0.009811637546565928,36224,288,0.007950530035335688,2268,288,0.12698412698412698,HellaSwag,0.5,validation,discovery
133,0.4677093644767006,0.015499671268902036,0.9829854706865448,57178,479,0.008377347931022421,36224,287,0.007922924028268552,2268,287,0.12654320987654322,HellaSwag,0.5,validation,discovery
134,0.25191264100544436,0.004261763877148488,0.9821385137175855,57177,505,0.008832222746908721,36224,241,0.006653047703180212,2268,241,0.10626102292768959,HellaSwag,0.5,validation,discovery
135,0.14473146675477272,0.0024813895781637682,0.9806540784646908,57175,545,0.009532138172278094,36223,248,0.006846478756591116,2267,248,0.10939567710630789,HellaSwag,0.5,validation,discovery
136,0.148856925637041,0.0065701299815012154,0.9820077231490947,57178,508,0.008884536010353633,36224,261,0.007205167844522968,2268,261,0.11507936507936507,HellaSwag,0.5,validation,discovery
137,0.5452565517091273,0.021238377007607768,0.979545533814631,57176,578,0.010109136700713586,36223,308,0.00850288490737929,2267,308,0.13586237318041464,HellaSwag,0.5,validation,discovery
138,0.28559818250759716,0.007512566011325314,0.979938562557101,57177,564,0.009864106196547562,36223,266,0.007343400601827568,2267,266,0.11733568592853992,HellaSwag,0.5,validation,discovery
139,0.25159612034281736,0.008271916076156016,0.9786814476082527,57177,604,0.010563688196302708,36224,354,0.009772526501766785,2268,354,0.15608465608465608,HellaSwag,0.5,validation,discovery
140,0.23369417448837315,0.012869822485207096,0.9832032727218945,57175,473,0.008272846523830346,36223,247,0.006818871987411313,2267,247,0.10895456550507278,HellaSwag,0.5,validation,discovery
141,0.1875157525129864,0.004473091011552563,0.9862939770207231,57177,384,0.006715987197649404,36224,181,0.004996687279151943,2268,181,0.07980599647266313,HellaSwag,0.5,validation,discovery
142,0.14936620286937896,0.007231063251130142,0.9815448761028516,57177,520,0.009094565996816902,36224,267,0.007370803886925795,2268,267,0.11772486772486772,HellaSwag,0.5,validation,discovery
143,0.21987474185349354,0.008622759626104114,0.9824696336381213,57174,495,0.008657781509077552,36223,234,0.006459983988073876,2267,234,0.10322011468901632,HellaSwag,0.5,validation,discovery
144,0.1465973132235975,0.004734442443472538,0.9815531178968726,57174,520,0.009095043201455207,36222,264,0.007288388272320689,2266,264,0.11650485436893204,HellaSwag,0.5,validation,discovery
145,0.2804401185932019,0.011719263642340567,0.9789169708539998,57176,595,0.010406464250734574,36222,327,0.009027662746397217,2266,327,0.1443071491615181,HellaSwag,0.5,validation,discovery
146,0.19543739013764155,0.004589474071079417,0.9824788276309095,57176,492,0.00860500909472506,36224,243,0.006708259717314488,2268,243,0.10714285714285714,HellaSwag,0.5,validation,discovery
147,0.1569429175150811,0.004637456560533483,0.9841289457199287,57177,447,0.00781782884726376,36224,225,0.006211351590106007,2268,225,0.0992063492063492,HellaSwag,0.5,validation,discovery
148,0.1656860074422426,0.0060237322644270536,0.9820597856571555,57176,506,0.008849867077095284,36223,249,0.006874085525770919,2267,249,0.10983678870754301,HellaSwag,0.5,validation,discovery
149,0.1510452253197362,0.004713143421472259,0.9827931091112251,57176,482,0.008430110535889185,36224,236,0.006515017667844523,2268,236,0.10405643738977072,HellaSwag,0.5,validation,discovery
150,0.1907008940187894,0.006962055038978119,0.9807417193299763,57177,543,0.00949682564667611,36223,267,0.007371007371007371,2267,267,0.11777679752977503,HellaSwag,0.5,validation,discovery
151,0.14395745613489475,0.005438378825475607,0.9810642270597246,57174,532,0.00930492881379648,36221,253,0.006984898263438337,2265,253,0.11169977924944813,HellaSwag,0.5,validation,discovery
152,0.20265840595722115,0.0037968441814595576,0.9827321513323194,57177,486,0.008499921297025028,36224,251,0.00692910777385159,2268,251,0.11067019400352733,HellaSwag,0.5,validation,discovery
153,0.2032435219727471,0.0064382160077488555,0.9811778855038422,57175,528,0.009234805421950152,36223,275,0.007591861524445794,2267,275,0.12130569033965594,HellaSwag,0.5,validation,discovery
154,0.20798855937859892,0.004707660178854486,0.9812655172253297,57177,527,0.009216992846774052,36224,252,0.006956713780918728,2268,252,0.1111111111111111,HellaSwag,0.5,validation,discovery
155,0.1852511384245618,0.004490701606086219,0.9836400676842655,57177,461,0.008062682547178061,36224,203,0.005604019434628975,2268,203,0.08950617283950617,HellaSwag,0.5,validation,discovery
156,0.28979831568196707,0.004731379731379728,0.9833607088067435,57177,468,0.008185109397135211,36223,220,0.0060734892195566355,2267,220,0.09704455227172475,HellaSwag,0.5,validation,discovery
157,0.38313955397103194,0.010963182117028292,0.9810382036267351,57175,535,0.009357236554438129,36224,264,0.007287985865724381,2268,264,0.1164021164021164,HellaSwag,0.5,validation,discovery
158,0.20660430720344738,0.006977368599442177,0.9812217017096473,57176,528,0.00923464390653421,36223,231,0.006377163680534467,2267,231,0.10189677988531098,HellaSwag,0.5,validation,discovery
159,0.15155199894343338,0.005689699051981932,0.9799645757883851,57176,566,0.009899258430110535,36223,273,0.007536647986086188,2267,273,0.12042346713718571,HellaSwag,0.5,validation,discovery
160,0.31022959056745625,0.00609796186719264,0.9848179421868043,57172,427,0.007468690967606521,36221,201,0.005549266999806742,2265,201,0.08874172185430464,HellaSwag,0.5,validation,discovery
161,0.2366467418582926,0.00723045070871158,0.9813963025320448,57176,523,0.009147194627116273,36224,253,0.006984319787985866,2268,253,0.11155202821869488,HellaSwag,0.5,validation,discovery
162,0.142686518962662,0.005665506919687519,0.981309332050916,57178,528,0.00923432089265102,36224,252,0.006956713780918728,2268,252,0.1111111111111111,HellaSwag,0.5,validation,discovery
163,0.37140469460269165,0.006663432376831879,0.9826356618934147,57174,487,0.008517857767516703,36224,246,0.006791077738515901,2268,246,0.10846560846560846,HellaSwag,0.5,validation,discovery
164,0.1708425286126663,0.002302649041779485,0.9795195242408182,57177,579,0.010126449446455743,36224,281,0.007757287985865724,2268,281,0.12389770723104056,HellaSwag,0.5,validation,discovery
165,0.20795983110820157,0.0070748649343967095,0.9824350223978057,57175,494,0.008640139921294272,36223,246,0.0067912652182315104,2267,246,0.10851345390383767,HellaSwag,0.5,validation,discovery
166,0.10226116214917848,0.004462371519227709,0.9814743828896075,57173,521,0.009112693054413796,36221,231,0.006377515805748047,2265,231,0.10198675496688742,HellaSwag,0.5,validation,discovery
167,0.25492894567007834,0.008714947260097763,0.9813439222853255,57177,527,0.009216992846774052,36224,282,0.007784893992932862,2268,282,0.12433862433862433,HellaSwag,0.5,validation,discovery
168,0.1455485725205046,0.005903071287686666,0.980715699617464,57178,545,0.0095316380426038,36224,263,0.007260379858657244,2268,263,0.11596119929453262,HellaSwag,0.5,validation,discovery
169,0.37334144700833527,0.006574621959237357,0.9820337541385149,57177,506,0.0088497122969026,36223,238,0.0065704110647930875,2267,238,0.10498456109395678,HellaSwag,0.5,validation,discovery
170,0.16083262903226894,0.0069385742462665595,0.981946135827931,57175,509,0.008902492348054219,36224,252,0.006956713780918728,2268,252,0.1111111111111111,HellaSwag,0.5,validation,discovery
171,0.18647232527432447,0.003644627390446792,0.9817455041768399,57176,515,0.009007275780047572,36223,224,0.006183916296275847,2267,224,0.09880899867666519,HellaSwag,0.5,validation,discovery
172,0.05735072865924334,0.004707898938668155,0.9811080445652888,57175,531,0.009287275907302142,36223,246,0.0067912652182315104,2267,246,0.10851345390383767,HellaSwag,0.5,validation,discovery
173,0.22138106294680698,0.010733070348454964,0.9805671200315251,57177,548,0.009584273396645504,36224,283,0.0078125,2268,283,0.1247795414462081,HellaSwag,0.5,validation,discovery
174,0.12842029505799207,0.008441344979806528,0.9808375799003727,57176,540,0.00944452217713726,36224,282,0.007784893992932862,2268,282,0.12433862433862433,HellaSwag,0.5,validation,discovery
175,0.1358141347740766,0.008103221564760028,0.9808026597358932,57176,542,0.009479501888904436,36224,280,0.007729681978798587,2268,280,0.12345679012345678,HellaSwag,0.5,validation,discovery
176,0.4162053866262193,0.006821170282708734,0.9811162755128636,57172,532,0.00930525432029665,36221,251,0.006929681676375583,2265,251,0.11081677704194261,HellaSwag,0.5,validation,discovery
177,0.34863657563921346,0.008793556870479946,0.9834039189232187,57174,465,0.008133067478224367,36223,245,0.006763658449051708,2267,245,0.10807234230260256,HellaSwag,0.5,validation,discovery
178,0.21160940415572096,0.003985798698011455,0.97979852696741,57176,570,0.009969217853644886,36224,268,0.0073984098939929325,2268,268,0.11816578483245149,HellaSwag,0.5,validation,discovery
179,0.2198539488712161,0.004937594112532069,0.9826185082888276,57176,488,0.00853504967119071,36224,244,0.006735865724381626,2268,244,0.10758377425044091,HellaSwag,0.5,validation,discovery
180,0.21457076775824738,0.00549507357820013,0.9821645461505939,57176,502,0.008779907653560935,36224,253,0.006984319787985866,2268,253,0.11155202821869488,HellaSwag,0.5,validation,discovery
181,0.2624248527142462,0.009886434635598509,0.9807239194032442,57175,543,0.009497157848710101,36223,303,0.008364851061480275,2267,303,0.13365681517423908,HellaSwag,0.5,validation,discovery
182,0.21019631308488285,0.0067042767711664045,0.9791874187550668,57175,585,0.010231744643637953,36224,297,0.008198984098939929,2268,296,0.13051146384479717,HellaSwag,0.5,validation,discovery
183,0.06481090007349549,0.0030308598870471717,0.9842425746632666,57178,441,0.007712756654657386,36224,206,0.005686837455830388,2268,206,0.09082892416225749,HellaSwag,0.5,validation,discovery
184,0.1653494736725159,0.007163683585088268,0.9803226810136936,57177,556,0.009724189796596533,36224,298,0.008226590106007067,2268,298,0.13139329805996472,HellaSwag,0.5,validation,discovery
185,0.22032018147378152,0.003895463510848134,0.9807937603417978,57175,539,0.009427197201574115,36223,267,0.007371007371007371,2267,267,0.11777679752977503,HellaSwag,0.5,validation,discovery
186,0.38743337783150916,0.011862394387478,0.9806718796105958,57177,545,0.009531804746663868,36224,250,0.006901501766784452,2268,250,0.11022927689594356,HellaSwag,0.5,validation,discovery
187,0.2152494378528787,0.004688501762080357,0.9817366130122704,57175,512,0.008954962833406209,36223,270,0.00745382767854678,2267,270,0.11910013233348037,HellaSwag,0.5,validation,discovery
188,0.18472819828542789,0.008821392971517038,0.9815620106658866,57175,519,0.009077393965894185,36224,267,0.007370803886925795,2268,267,0.11772486772486772,HellaSwag,0.5,validation,discovery
189,0.12761260744461356,0.002982060674368371,0.9823391469729914,57176,496,0.00867496851825941,36222,212,0.00585279664292419,2266,212,0.09355692850838482,HellaSwag,0.5,validation,discovery
190,0.24778822485143703,0.0039218028348463035,0.9819899453281965,57176,508,0.00888484678886246,36223,227,0.006266736603815256,2267,227,0.10013233348037054,HellaSwag,0.5,validation,discovery
191,0.16643651630034625,0.007666478820324977,0.9821385137175855,57177,502,0.008779754096927087,36223,245,0.006763658449051708,2267,244,0.10763123070136744,HellaSwag,0.5,validation,discovery
192,0.07162598564142261,0.004612839600432649,0.9795195242408182,57177,577,0.010091470346467986,36223,282,0.0077851089087044145,2267,282,0.12439347154830172,HellaSwag,0.5,validation,discovery
193,0.14815081782386152,0.011357659434582522,0.9831423107560201,57176,474,0.008290191688820484,36224,244,0.006735865724381626,2268,244,0.10758377425044091,HellaSwag,0.5,validation,discovery
194,0.14536519674559847,0.010076833237368348,0.9787683731237455,57175,599,0.010476606908613904,36224,306,0.008447438162544169,2268,306,0.1349206349206349,HellaSwag,0.5,validation,discovery
195,0.283776213274955,0.00560486522024984,0.9821645461505939,57176,502,0.008779907653560935,36223,246,0.0067912652182315104,2267,246,0.10851345390383767,HellaSwag,0.5,validation,discovery
196,0.31191749372631317,0.010304659498207884,0.9816845555416125,57177,515,0.00900711824684751,36223,266,0.007343400601827568,2267,266,0.11733568592853992,HellaSwag,0.5,validation,discovery
197,0.12522688081061611,0.005224476378322542,0.979885828140602,57175,566,0.00989943156974202,36223,247,0.006818871987411313,2267,247,0.10895456550507278,HellaSwag,0.5,validation,discovery
198,0.11305824102111339,0.013001314924391855,0.9807848608670686,57174,542,0.009479833490747543,36223,265,0.007315793832647765,2267,265,0.11689457432730481,HellaSwag,0.5,validation,discovery
199,0.1483283220833838,0.004355176595979271,0.9813696196529219,57173,526,0.009200146922498383,36222,243,0.006708630114295179,2266,243,0.10723742277140336,HellaSwag,0.5,validation,discovery
200,0.31243555904549986,0.004402648633417855,0.9830813499292218,57177,474,0.008290046697098484,36224,242,0.00668065371024735,2268,242,0.10670194003527336,HellaSwag,0.5,validation,discovery
201,0.21069817680801914,0.005185171573131439,0.9812039101560526,57174,528,0.009234966943016057,36222,261,0.007205565678317045,2266,261,0.11518093556928509,HellaSwag,0.5,validation,discovery
202,0.24896597168862694,0.01097670250896058,0.9809594647374785,57174,537,0.009392381152272011,36223,271,0.007481434447726583,2267,271,0.11954124393471548,HellaSwag,0.5,validation,discovery
203,0.3102256514953496,0.00906613824674024,0.9798598152949466,57176,567,0.009916748285994124,36224,255,0.007039531802120141,2268,255,0.11243386243386243,HellaSwag,0.5,validation,discovery
204,0.3231233072516557,0.006116746501361893,0.9810642270597246,57174,532,0.00930492881379648,36224,250,0.006901501766784452,2268,250,0.11022927689594356,HellaSwag,0.5,validation,discovery
205,0.2756110993417189,0.002941878221034554,0.9821734335772757,57177,502,0.008779754096927087,36224,248,0.006846289752650177,2268,248,0.10934744268077601,HellaSwag,0.5,validation,discovery
206,0.2083460566621078,0.005933596318211687,0.9829765903501511,57177,479,0.008377494447067877,36224,243,0.006708259717314488,2268,243,0.10714285714285714,HellaSwag,0.5,validation,discovery
207,0.26893209424270176,0.006689677843523997,0.9814312226965244,57176,522,0.009129704771232684,36224,277,0.007646863957597173,2268,277,0.12213403880070546,HellaSwag,0.5,validation,discovery
208,0.4034882932589051,0.014579224194608801,0.9777905999839962,57175,625,0.010931351114997814,36224,362,0.009993374558303887,2268,362,0.15961199294532627,HellaSwag,0.5,validation,discovery
209,0.14390487563193652,0.003928336620644306,0.9825486679598685,57176,492,0.00860500909472506,36223,213,0.005880241835298015,2267,213,0.09395677106307895,HellaSwag,0.5,validation,discovery
210,0.09476350374831262,0.0029389785242628056,0.98244390746643,57176,493,0.008622498950608647,36222,244,0.006736237645629728,2266,244,0.10767872903795234,HellaSwag,0.5,validation,discovery
211,0.43839737052056266,0.008182488176284707,0.9821645461505939,57176,502,0.008779907653560935,36224,257,0.007094743816254417,2268,257,0.11331569664902998,HellaSwag,0.5,validation,discovery
212,0.12261900868247812,0.005255001408847559,0.9823651814592521,57175,497,0.008692610406646262,36222,256,0.007067528021644304,2266,256,0.11297440423654016,HellaSwag,0.5,validation,discovery
213,0.20522630972107658,0.0025500140884756276,0.9823912164748406,57174,494,0.008640291041382447,36223,232,0.00640477044971427,2267,232,0.1023378914865461,HellaSwag,0.5,validation,discovery
214,0.14216407876862902,0.004495927976076858,0.9819029644843679,57178,512,0.00895449298681311,36224,232,0.006404593639575972,2268,232,0.10229276895943562,HellaSwag,0.5,validation,discovery
215,0.47108439418460674,0.01661266084343007,0.9809943855115606,57174,535,0.009357400216881799,36223,272,0.007509041216906385,2267,272,0.1199823555359506,HellaSwag,0.5,validation,discovery
216,0.194423631788781,0.004516076011113226,0.9814661428610039,57176,523,0.009147194627116273,36224,244,0.006735865724381626,2268,244,0.10758377425044091,HellaSwag,0.5,validation,discovery
217,0.22392020393329254,0.010883347421808952,0.9812648564162363,57173,528,0.009235128469732217,36222,240,0.006625807520291536,2266,240,0.1059135039717564,HellaSwag,0.5,validation,discovery
218,0.2586661675598015,0.0069197896120973025,0.9807328194069341,57176,541,0.009462012033020849,36223,252,0.006956905833310328,2267,252,0.11116012351124835,HellaSwag,0.5,validation,discovery
219,0.22471163285968176,0.002636476426799008,0.9836661132232127,57176,460,0.00804533370645026,36223,215,0.0059354553736576205,2267,215,0.09483899426554919,HellaSwag,0.5,validation,discovery
220,0.10970416516327994,0.005086848635235728,0.9789258866260844,57178,596,0.010423589492462136,36224,281,0.007757287985865724,2268,280,0.12345679012345678,HellaSwag,0.5,validation,discovery
221,0.39314567422628555,0.008859303090072325,0.9786465277485624,57177,603,0.01054619864630883,36224,280,0.007729681978798587,2268,280,0.12345679012345678,HellaSwag,0.5,validation,discovery
222,0.271445826326317,0.006591058514135436,0.9795106136501515,57176,577,0.010091646844829999,36224,266,0.007343197879858657,2268,261,0.11507936507936507,HellaSwag,0.5,validation,discovery
223,0.1601585191352115,0.00624986744713793,0.9806458605076461,57178,546,0.009549127286718667,36224,280,0.007729681978798587,2268,280,0.12345679012345678,HellaSwag,0.5,validation,discovery
224,0.2524701455585074,0.007109340204873709,0.9808286808110745,57175,540,0.009444687363358111,36222,291,0.008033791618353487,2266,291,0.12842012356575463,HellaSwag,0.5,validation,discovery
225,0.1232426777734777,0.006545526194355622,0.980986158347808,57177,535,0.009356909246725081,36224,245,0.006763471731448764,2268,245,0.10802469135802469,HellaSwag,0.5,validation,discovery
226,0.1941240148728522,0.006240058535343896,0.9785937707773618,57175,602,0.010529077393965894,36223,289,0.007978356292963035,2267,289,0.1274812527569475,HellaSwag,0.5,validation,discovery
227,0.25338597079669023,0.00891708625822339,0.9827321513323194,57177,488,0.008534900397012785,36223,232,0.00640477044971427,2267,230,0.10145566828407587,HellaSwag,0.5,validation,discovery
228,0.3173306618538597,0.012001237335685488,0.9810648951665534,57178,535,0.009356745601455106,36224,267,0.007370803886925795,2268,267,0.11772486772486772,HellaSwag,0.5,validation,discovery
229,0.12409713093586014,0.0036207382361228505,0.9840940258602384,57177,447,0.00781782884726376,36223,202,0.0055765673743201835,2267,202,0.08910454344949272,HellaSwag,0.5,validation,discovery
230,0.26198443939155897,0.010834037757114678,0.9814394618107124,57173,520,0.009095202280796879,36224,254,0.007011925795053004,2268,254,0.11199294532627865,HellaSwag,0.5,validation,discovery
231,0.08522864017807835,0.006832910679064525,0.982374067137471,57176,497,0.008692458374142996,36224,240,0.0066254416961130744,2268,240,0.10582010582010581,HellaSwag,0.5,validation,discovery
232,0.08676532150966444,0.0050295857988165715,0.9847575031943528,57177,427,0.007468037847386187,36224,211,0.0058248674911660775,2268,211,0.09303350970017636,HellaSwag,0.5,validation,discovery
233,0.10795959668814846,0.007084155161078249,0.9830197904083167,57174,476,0.008325462622870535,36223,210,0.005797421527758606,2267,210,0.09263343625937362,HellaSwag,0.5,validation,discovery
234,0.19258350092889276,0.010225885225885224,0.9822604200514219,57175,500,0.00874508089199825,36222,246,0.006791452708298824,2266,246,0.10856134157105031,HellaSwag,0.5,validation,discovery
235,0.1443962780243727,0.004391929141093021,0.9819023256376926,57174,508,0.008885157589113932,36223,264,0.0072881870634679624,2267,264,0.1164534627260697,HellaSwag,0.5,validation,discovery
236,0.2599226603173896,0.008662064431295205,0.9842686251586896,57177,443,0.007747870647288245,36223,207,0.005714601220219198,2267,207,0.09131010145566829,HellaSwag,0.5,validation,discovery
237,0.30387489232437104,0.005311355311355312,0.979938562557101,57177,565,0.009881595746541441,36224,286,0.007895318021201414,2268,286,0.12610229276895943,HellaSwag,0.5,validation,discovery
238,0.054123178052036286,0.007264957264957282,0.9801391766107825,57176,560,0.009794319294809012,36222,246,0.006791452708298824,2266,246,0.10856134157105031,HellaSwag,0.5,validation,discovery
239,0.15974954963142854,0.009506147884074301,0.9806629790779752,57176,546,0.009549461312438785,36224,274,0.00756404593639576,2268,274,0.12081128747795414,HellaSwag,0.5,validation,discovery
240,0.37609209907623253,0.010411383488306567,0.9827931091112251,57176,485,0.008482580103539947,36223,219,0.006045882450376832,2267,219,0.09660344067048963,HellaSwag,0.5,validation,discovery
241,0.2591683305845712,0.01238203453922517,0.9801830015749327,57177,557,0.009741679346590412,36223,295,0.008143996908041852,2267,295,0.1301279223643582,HellaSwag,0.5,validation,discovery
242,0.24717570269432865,0.014226808123129184,0.9788991390666406,57174,593,0.010371847343197958,36224,309,0.008530256183745583,2268,308,0.13580246913580246,HellaSwag,0.5,validation,discovery
243,0.2444260946608411,0.006257631257631264,0.9826185082888276,57176,489,0.008552539527074297,36223,225,0.00621152306545565,2267,225,0.0992501102779003,HellaSwag,0.5,validation,discovery
244,0.2875977221719469,0.005432016288095685,0.9831162697889121,57177,476,0.00832502579708624,36223,250,0.006901692294950722,2267,250,0.11027790030877813,HellaSwag,0.5,validation,discovery
245,0.2686629185637594,0.006374467137494438,0.9817455041768399,57176,516,0.00902476563593116,36224,237,0.00654262367491166,2268,237,0.10449735449735449,HellaSwag,0.5,validation,discovery
246,0.29318608130353646,0.0067742086972856245,0.9827931091112251,57176,484,0.008465090247656359,36223,238,0.0065704110647930875,2267,238,0.10498456109395678,HellaSwag,0.5,validation,discovery
247,0.175845766857152,0.006130834976988832,0.9804972803121447,57177,550,0.009619252496633262,36223,280,0.007729895370344808,2267,279,0.12307013674459638,HellaSwag,0.5,validation,discovery
248,0.2764207359723088,0.007735900294428715,0.9809772605582907,57176,538,0.009409542465370086,36224,262,0.007232773851590106,2268,262,0.11552028218694885,HellaSwag,0.5,validation,discovery
249,0.06580512251752331,0.005013149243918486,0.9808286808110745,57175,540,0.009444687363358111,36224,246,0.006791077738515901,2268,246,0.10846560846560846,HellaSwag,0.5,validation,discovery
250,0.26875294826333407,0.008511787357941215,0.981675663847881,57176,515,0.009007275780047572,36223,255,0.007039726140849736,2267,255,0.11248345831495368,HellaSwag,0.5,validation,discovery
251,0.2370420963326008,0.008339254576712767,0.9812217017096473,57176,529,0.009252133762417798,36224,272,0.007508833922261484,2268,272,0.11992945326278659,HellaSwag,0.5,validation,discovery
252,0.1353247207950444,0.009157509157509156,0.9788731345315758,57175,596,0.010424136423261916,36221,316,0.008724220755915077,2265,315,0.1390728476821192,HellaSwag,0.5,validation,discovery
253,0.34342488342787014,0.0028763971071663393,0.9831861095082924,57177,473,0.008272557147104604,36223,212,0.005852635066118213,2267,212,0.09351565946184384,HellaSwag,0.5,validation,discovery
254,0.1945436612391141,0.003181647412416646,0.9827143861520197,57175,486,0.0085002186270223,36224,220,0.006073321554770318,2268,220,0.09700176366843033,HellaSwag,0.5,validation,discovery
255,0.2915185449702925,0.0099838815719709,0.9804185379266186,57176,552,0.00965440044774031,36223,290,0.008005963062142837,2267,290,0.12792236435818263,HellaSwag,0.5,validation,discovery
256,0.3124152973646574,0.006981559245827241,0.9817626425413646,57174,515,0.009007590862979677,36222,229,0.006322124675611507,2266,229,0.10105913503971757,HellaSwag,0.5,validation,discovery
257,0.13975530856541163,0.0032919050477578974,0.9838756342100897,57176,452,0.007905414859381558,36222,223,0.006156479487604219,2266,223,0.09841129744042365,HellaSwag,0.5,validation,discovery
258,0.12500743515593013,0.005142293603832063,0.9797112257942182,57175,573,0.010021862702229996,36224,278,0.007674469964664311,2268,278,0.12257495590828923,HellaSwag,0.5,validation,discovery
259,0.24156329151629755,0.00703855697652225,0.9818591548400637,57177,511,0.008937160046871994,36223,248,0.006846478756591116,2267,248,0.10939567710630789,HellaSwag,0.5,validation,discovery
260,0.25917440610586634,0.006776556776556777,0.9825664360276376,57178,489,0.008552240372171114,36224,257,0.007094743816254417,2268,257,0.11331569664902998,HellaSwag,0.5,validation,discovery
261,0.11338951808199586,0.00660984314830469,0.980986158347808,57177,537,0.009391888346712838,36224,261,0.007205167844522968,2268,261,0.11507936507936507,HellaSwag,0.5,validation,discovery
262,0.2267870825804444,0.006514899073427488,0.9839798289776103,57172,448,0.007836003638144547,36221,215,0.005935783109246018,2265,215,0.09492273730684327,HellaSwag,0.5,validation,discovery
263,0.16940949068633937,0.005178840321520216,0.9818591548400637,57177,510,0.008919670496878116,36224,248,0.006846289752650177,2268,248,0.10934744268077601,HellaSwag,0.5,validation,discovery
264,0.2459668067154036,0.009914509496449295,0.9819201049992373,57176,510,0.008919826500629635,36223,267,0.007371007371007371,2267,267,0.11777679752977503,HellaSwag,0.5,validation,discovery
265,0.22992990940685648,0.0068047337278106515,0.9812394929410981,57178,527,0.00921683164853615,36224,270,0.0074536219081272085,2268,270,0.11904761904761904,HellaSwag,0.5,validation,discovery
266,0.2922169051479551,0.007741617357001976,0.9815004107337444,57172,520,0.009095361365703492,36223,259,0.007150153217568948,2267,259,0.11424790471989413,HellaSwag,0.5,validation,discovery
267,0.32528645765450903,0.007806038047973523,0.9815969311351633,57175,518,0.009059903804110188,36222,257,0.007095135552978853,2266,256,0.11297440423654016,HellaSwag,0.5,validation,discovery
268,0.186168097415278,0.0016906170752324608,0.9830724704270611,57176,477,0.008342661256471246,36223,201,0.00554896060514038,2267,201,0.0886634318482576,HellaSwag,0.5,validation,discovery
269,0.2868299339706927,0.004998346135469883,0.9833515377620957,57175,469,0.00820288587669436,36224,241,0.006653047703180212,2268,241,0.10626102292768959,HellaSwag,0.5,validation,discovery
270,0.07510150938904124,0.002434345661770408,0.9829410682032068,57173,479,0.00837808056250328,36222,239,0.006598199988956987,2266,239,0.10547219770520741,HellaSwag,0.5,validation,discovery
271,0.08251110437866387,0.004143849461575207,0.9786636117159152,57175,602,0.010529077393965894,36222,244,0.006736237645629728,2266,244,0.10767872903795234,HellaSwag,0.5,validation,discovery
272,0.14090040158929312,0.004578754578754583,0.9828718307710804,57177,483,0.008447452647043392,36224,221,0.006100927561837456,2268,221,0.0974426807760141,HellaSwag,0.5,validation,discovery
273,0.1068247789574016,0.00843899690053536,0.9815010630254833,57176,519,0.009077235203581922,36224,238,0.006570229681978798,2268,238,0.10493827160493827,HellaSwag,0.5,validation,discovery
274,0.054418889273183065,0.0034583041717036766,0.979336012827754,57176,584,0.01021407583601511,36224,245,0.006763471731448764,2268,245,0.10802469135802469,HellaSwag,0.5,validation,discovery
275,0.21769262855566643,0.007772899832453182,0.9814134348005445,57174,525,0.009182495539930738,36223,278,0.007674681831985203,2267,278,0.12262902514336127,HellaSwag,0.5,validation,discovery
276,0.2582040786706843,0.007253012687795305,0.982862949440184,57176,481,0.008412620680005596,36223,224,0.006183916296275847,2267,224,0.09880899867666519,HellaSwag,0.5,validation,discovery
277,0.20205256464955978,0.00984549638395793,0.9841810458616438,57175,445,0.007783121993878444,36224,206,0.005686837455830388,2268,206,0.09082892416225749,HellaSwag,0.5,validation,discovery
278,0.14185656868779306,0.006050898191366421,0.9822515333785126,57174,498,0.008710252912162871,36223,242,0.006680838141512299,2267,242,0.10674900749889722,HellaSwag,0.5,validation,discovery
279,0.2204508528736538,0.006873236388286553,0.9772757231234631,57176,641,0.0112109976213796,36224,313,0.008640680212014135,2268,313,0.13800705467372135,HellaSwag,0.5,validation,discovery
280,0.14742453886871643,0.002484472049689441,0.979475693485672,57176,578,0.010109136700713586,36224,257,0.007094743816254417,2268,257,0.11331569664902998,HellaSwag,0.5,validation,discovery
281,0.19105890626808106,0.00712693103997452,0.9792839978661977,57178,585,0.010231207807198573,36224,326,0.008999558303886926,2268,326,0.1437389770723104,HellaSwag,0.5,validation,discovery
282,0.3143684750880065,0.008664412510566365,0.9789608064857745,57177,594,0.010388792696363922,36223,301,0.00830963752312067,2267,301,0.13277459197176886,HellaSwag,0.5,validation,discovery
283,0.16769376679039819,0.0029347203664821494,0.9808026597358932,57176,539,0.009427032321253673,36223,279,0.007702288601165006,2267,279,0.12307013674459638,HellaSwag,0.5,validation,discovery
284,0.10435351947330046,0.009059457911815245,0.9809512384881177,57177,536,0.00937439879671896,36224,261,0.007205167844522968,2268,261,0.11507936507936507,HellaSwag,0.5,validation,discovery
285,0.3056648902492092,0.013097688264912342,0.9777467535219346,57174,628,0.010984013712526672,36223,340,0.009386301521132982,2267,340,0.14997794441993825,HellaSwag,0.5,validation,discovery
286,0.3440524982276245,0.009525248669169255,0.9802788572687007,57176,554,0.009689380159507486,36223,294,0.00811639013886205,2267,294,0.12968681076312308,HellaSwag,0.5,validation,discovery
287,0.06491187518097115,0.00411709189624821,0.981885184834758,57176,509,0.008902336644746047,36223,263,0.00726058029428816,2267,263,0.11601235112483459,HellaSwag,0.5,validation,discovery
288,0.1289115474465992,0.005331011007189672,0.98244390746643,57176,495,0.008657478662375822,36224,227,0.006266563604240283,2268,227,0.10008818342151675,HellaSwag,0.5,validation,discovery
289,0.05905676397763358,0.002923358692589455,0.9855601491203484,57173,405,0.007083763314851416,36223,160,0.004417083068768462,2267,160,0.070577856197618,HellaSwag,0.5,validation,discovery
290,0.17817029763035033,0.007412886259040115,0.9800775397337987,57173,562,0.009829814772707397,36222,280,0.007730108773673458,2266,280,0.1235657546337158,HellaSwag,0.5,validation,discovery
291,0.20570013869330503,0.005755033616723118,0.9829671088498341,57172,478,0.00836073602462744,36221,253,0.006984898263438337,2265,253,0.11169977924944813,HellaSwag,0.5,validation,discovery
292,0.2962762448014395,0.010581670280666929,0.9817893151206832,57177,514,0.00898962869685363,36223,264,0.0072881870634679624,2267,264,0.1164534627260697,HellaSwag,0.5,validation,discovery
293,0.21353873533001802,0.008167907361455744,0.9800693362818236,57176,560,0.009794319294809012,36223,265,0.007315793832647765,2267,265,0.11689457432730481,HellaSwag,0.5,validation,discovery
294,0.17056685039970318,0.006692025922795157,0.9814140907156428,57178,524,0.009164363916191543,36224,250,0.006901501766784452,2268,250,0.11022927689594356,HellaSwag,0.5,validation,discovery
295,0.3658202428780035,0.009911242603550299,0.9820686739982051,57177,504,0.008814733196914844,36223,219,0.006045882450376832,2267,219,0.09660344067048963,HellaSwag,0.5,validation,discovery
296,0.1436602198027573,0.005867850098619343,0.9825575520338683,57177,492,0.008604858596988299,36223,233,0.0064323772188940725,2267,233,0.1027790030877812,HellaSwag,0.5,validation,discovery
297,0.2646399248899441,0.00864450488196308,0.9831511896486022,57177,473,0.008272557147104604,36224,226,0.006238957597173145,2268,226,0.09964726631393298,HellaSwag,0.5,validation,discovery
298,0.4037033088275925,0.005818540433925051,0.9833169115784176,57176,469,0.008202742409402547,36224,227,0.006266563604240283,2268,227,0.10008818342151675,HellaSwag,0.5,validation,discovery
299,0.26579615236872706,0.00826993519301212,0.9817975633154467,57174,508,0.008885157589113932,36222,257,0.007095135552978853,2266,257,0.11341571050308914,HellaSwag,0.5,validation,discovery
300,0.30827316797103554,0.011986944679252381,0.9809252169469176,57178,536,0.009374234845569974,36224,266,0.007343197879858657,2268,266,0.11728395061728394,HellaSwag,0.5,validation,discovery
301,0.33437403760846535,0.0077063961679346305,0.981344251605825,57178,525,0.00918185316030641,36224,261,0.007205167844522968,2268,261,0.11507936507936507,HellaSwag,0.5,validation,discovery
302,0.3114282437568817,0.007009016624401241,0.9787423700316024,57176,601,0.0105114033860361,36224,280,0.007729681978798587,2268,280,0.12345679012345678,HellaSwag,0.5,validation,discovery
303,0.23253140570598657,0.006919789612097306,0.9811251721006554,57173,532,0.009305091564199884,36223,237,0.006542804295613284,2267,237,0.10454344949272165,HellaSwag,0.5,validation,discovery
304,0.20339936965791788,0.0059664694280078924,0.9836572388224923,57175,460,0.00804547442063839,36223,198,0.005466140297600972,2267,198,0.08734009704455227,HellaSwag,0.5,validation,discovery
305,0.3368781936813708,0.010999730481335821,0.982583588124348,57176,492,0.00860500909472506,36223,267,0.007371007371007371,2267,267,0.11777679752977503,HellaSwag,0.5,validation,discovery
306,0.23778504560493705,0.007774490466798166,0.9796763053249414,57175,575,0.010056843025797988,36223,269,0.0074262209093669766,2267,269,0.11865902073224525,HellaSwag,0.5,validation,discovery
307,0.18426613183025325,0.004738526059596294,0.9825308995711687,57174,490,0.008570329170602022,36222,221,0.006101264424935122,2266,221,0.09752868490732568,HellaSwag,0.5,validation,discovery
308,0.10635865961888097,0.003420436865252921,0.9819899453281965,57176,508,0.00888484678886246,36224,244,0.006735865724381626,2268,244,0.10758377425044091,HellaSwag,0.5,validation,discovery
309,0.102425290289241,0.004888701042547191,0.9828280292757046,57176,485,0.008482580103539947,36224,241,0.006653047703180212,2268,241,0.10626102292768959,HellaSwag,0.5,validation,discovery
310,0.16455190595616584,0.003181647412416634,0.9811950142584459,57173,529,0.009252619243349133,36220,278,0.007675317504141358,2264,278,0.12279151943462897,HellaSwag,0.5,validation,discovery
311,0.20013895119710984,0.010225885225885242,0.9821816918303486,57174,502,0.008780214782943297,36221,248,0.006846856795781453,2265,248,0.10949227373068433,HellaSwag,0.5,validation,discovery
312,0.2542219881029064,0.007577251808021042,0.9828369109113901,57177,484,0.00846494219703727,36224,258,0.007122349823321555,2268,258,0.11375661375661375,HellaSwag,0.5,validation,discovery
313,0.16918453162977648,0.008065652296421527,0.9802439371042211,57176,556,0.00972435987127466,36224,230,0.006349381625441696,2268,230,0.10141093474426807,HellaSwag,0.5,validation,discovery
314,0.11656517957884038,0.005942171912071568,0.9827931091112251,57176,485,0.008482580103539947,36224,243,0.006708259717314488,2268,243,0.10714285714285714,HellaSwag,0.5,validation,discovery
315,0.2494314712431268,0.007548053952736241,0.9831683522526177,57175,474,0.008290336685614342,36224,223,0.006156139575971732,2268,223,0.09832451499118165,HellaSwag,0.5,validation,discovery
316,0.277876795731106,0.011456278763971088,0.9833429545990016,57175,468,0.008185395714910363,36221,236,0.006515557273404931,2265,235,0.10375275938189846,HellaSwag,0.5,validation,discovery
317,0.1540491189657323,0.00573748065386862,0.9820070879599386,57174,505,0.008832686186028614,36222,250,0.006901882833637016,2266,250,0.11032656663724624,HellaSwag,0.5,validation,discovery
318,0.20837992152003335,0.007708744247205803,0.9804972803121447,57177,549,0.009601762946639383,36224,264,0.007287985865724381,2268,264,0.1164021164021164,HellaSwag,0.5,validation,discovery
319,0.11967638556823923,0.007396960156157485,0.9835785227936287,57174,461,0.008063105607443943,36223,225,0.00621152306545565,2267,225,0.0992501102779003,HellaSwag,0.5,validation,discovery
320,0.18710749852137687,0.0030366790400235223,0.9824965969178198,57178,493,0.008622197348630593,36224,240,0.0066254416961130744,2268,240,0.10582010582010581,HellaSwag,0.5,validation,discovery
321,0.18001781054602645,0.006241194702733163,0.9820337541385149,57177,505,0.008832222746908721,36223,245,0.006763658449051708,2267,245,0.10807234230260256,HellaSwag,0.5,validation,discovery
322,0.23660083337947183,0.007220343758805311,0.9808115590493568,57177,541,0.009461846546688354,36224,257,0.007094743816254417,2268,257,0.11331569664902998,HellaSwag,0.5,validation,discovery
323,0.1242027821437308,0.007478632478632484,0.9809512384881177,57177,538,0.009409377896706718,36224,247,0.006818683745583039,2268,247,0.10890652557319223,HellaSwag,0.5,validation,discovery
324,0.1330881458525271,0.009003863100853058,0.9823391469729914,57176,497,0.008692458374142996,36223,234,0.006459983988073876,2267,234,0.10322011468901632,HellaSwag,0.5,validation,discovery
325,0.21755879124278646,0.008911528917732397,0.97961537414359,57176,576,0.010074156988946412,36224,305,0.008419832155477033,2268,303,0.1335978835978836,HellaSwag,0.5,validation,discovery
326,0.14690736618571512,0.005509308602954078,0.9812039101560526,57174,529,0.009252457410711162,36223,248,0.006846478756591116,2267,245,0.10807234230260256,HellaSwag,0.5,validation,discovery
327,0.3073065465491245,0.0028216717112498784,0.9821556586435916,57175,504,0.008815041539134236,36221,244,0.0067364236216559455,2265,244,0.10772626931567329,HellaSwag,0.5,validation,discovery
328,0.26434786256465775,0.005772594812674652,0.9803219872860653,57173,556,0.009724870131005894,36224,284,0.007840106007067138,2268,284,0.12522045855379188,HellaSwag,0.5,validation,discovery
329,0.11976746300003563,0.005054882812731555,0.981885184834758,57176,509,0.008902336644746047,36222,265,0.0073159958036552375,2266,265,0.11694616063548102,HellaSwag,0.5,validation,discovery
330,0.16064478932629714,0.003169907016060862,0.9820686739982051,57177,505,0.008832222746908721,36224,247,0.006818683745583039,2268,247,0.10890652557319223,HellaSwag,0.5,validation,discovery
331,0.10469558599881322,0.005623649854419093,0.9807506191723729,57178,543,0.00949665955437406,36224,273,0.007536439929328622,2268,273,0.12037037037037036,HellaSwag,0.5,validation,discovery
332,0.1283308164550256,0.0019864750633981415,0.9820762979103136,57170,502,0.008780829106174568,36220,229,0.006322473771397019,2264,229,0.10114840989399293,HellaSwag,0.5,validation,discovery
333,0.11874269142075991,0.006958481874869826,0.9829067506307706,57177,481,0.008412473547055634,36224,229,0.006321775618374558,2268,229,0.1009700176366843,HellaSwag,0.5,validation,discovery
334,0.24758787332411258,0.007005035098680585,0.9795982738603781,57178,575,0.01005631536604988,36224,295,0.008143772084805654,2268,295,0.1300705467372134,HellaSwag,0.5,validation,discovery
335,0.09653905732910775,0.0024667083195511327,0.9854470416116675,57176,408,0.007135861200503708,36223,202,0.0055765673743201835,2267,202,0.08910454344949272,HellaSwag,0.5,validation,discovery
336,0.12423326275925635,0.005900723208415499,0.9810032831574584,57175,535,0.009357236554438129,36223,261,0.007205366755928554,2267,261,0.11513012792236436,HellaSwag,0.5,validation,discovery
337,0.180725690181799,0.005107072414764736,0.9839099862101774,57172,452,0.007905967956342266,36223,204,0.005631780912679789,2267,204,0.08998676665196295,HellaSwag,0.5,validation,discovery
338,0.18058189050370985,0.006228128777756566,0.9818064539508239,57175,510,0.008919982509838217,36224,233,0.006432199646643109,2268,233,0.1027336860670194,HellaSwag,0.5,validation,discovery
339,0.36199809702293667,0.005341880341880358,0.982880712021818,57178,481,0.00841232641925216,36224,235,0.006487411660777385,2268,235,0.10361552028218694,HellaSwag,0.5,validation,discovery
340,0.2668422106711846,0.006103367718698391,0.9804534580910982,57176,552,0.00965440044774031,36224,287,0.007922924028268552,2268,286,0.12610229276895943,HellaSwag,0.5,validation,discovery
341,0.3234494805286963,0.00870739751012705,0.9832642358268907,57174,470,0.008220519816699898,36222,245,0.006763845176964276,2266,245,0.10812003530450133,HellaSwag,0.5,validation,discovery
342,0.21946990902938507,0.0049407720879832235,0.9809512384881177,57177,537,0.009391888346712838,36224,281,0.007757287985865724,2268,281,0.12389770723104056,HellaSwag,0.5,validation,discovery
343,0.203322947883436,0.003660553493329419,0.9821645461505939,57176,502,0.008779907653560935,36224,230,0.006349381625441696,2268,230,0.10141093474426807,HellaSwag,0.5,validation,discovery
344,0.17600471408015028,0.0054522400676246825,0.9819639144191343,57177,506,0.0088497122969026,36224,234,0.006459805653710247,2268,233,0.1027336860670194,HellaSwag,0.5,validation,discovery
345,0.23956863983925744,0.009174354074019616,0.9798598152949466,57176,567,0.009916748285994124,36224,276,0.007619257950530036,2268,276,0.12169312169312169,HellaSwag,0.5,validation,discovery
346,0.11044996924754738,0.009122287968441813,0.9799734824167913,57177,564,0.009864106196547562,36224,285,0.007867712014134276,2268,285,0.12566137566137567,HellaSwag,0.5,validation,discovery
347,0.30723491413910253,0.011949375410913874,0.97915249828579,57175,589,0.01030170529077394,36224,306,0.008447438162544169,2268,306,0.1349206349206349,HellaSwag,0.5,validation,discovery
348,0.27730483377253173,0.005748552522746062,0.9806020398912154,57177,547,0.009566783846651626,36223,277,0.0076470750628053995,2267,277,0.12218791354212616,HellaSwag,0.5,validation,discovery
349,0.1619068858128238,0.004750164365548973,0.9802781623036696,57172,554,0.009690058070384104,36221,234,0.006460340686342177,2265,234,0.10331125827814569,HellaSwag,0.5,validation,discovery
350,0.198055580705861,0.0067225509533202004,0.9816496356819223,57177,517,0.009042097346835266,36224,233,0.006432199646643109,2268,233,0.1027336860670194,HellaSwag,0.5,validation,discovery
351,0.20007209495769032,0.007577251808021046,0.9831162697889121,57177,473,0.008272557147104604,36224,237,0.00654262367491166,2268,237,0.10449735449735449,HellaSwag,0.5,validation,discovery
352,0.16847709638376596,0.004443995246670829,0.9833346662356343,57178,468,0.008184966245758858,36224,225,0.006211351590106007,2268,225,0.0992063492063492,HellaSwag,0.5,validation,discovery
353,0.2728570936022988,0.012409598948060476,0.9817283667098232,57178,512,0.00895449298681311,36224,242,0.00668065371024735,2268,242,0.10670194003527336,HellaSwag,0.5,validation,discovery
354,0.28424284534643884,0.008472074191137725,0.9839454745390488,57176,449,0.007852945291730796,36223,245,0.006763658449051708,2267,245,0.10807234230260256,HellaSwag,0.5,validation,discovery
355,0.21123406352101412,0.00885481111233619,0.9811429650345654,57175,532,0.009304766069086139,36223,242,0.006680838141512299,2267,242,0.10674900749889722,HellaSwag,0.5,validation,discovery
356,0.14067403106528062,0.005113889419100342,0.9835785227936287,57174,462,0.008080596075139048,36223,224,0.006183916296275847,2267,224,0.09880899867666519,HellaSwag,0.5,validation,discovery
357,0.15722442192544817,0.010042735042735057,0.9813778580426582,57170,523,0.009148154626552388,36221,245,0.006764031915187322,2265,245,0.10816777041942605,HellaSwag,0.5,validation,discovery
358,0.3479885164746652,0.009544942237249915,0.9791354057842258,57177,587,0.010266365846406772,36224,272,0.007508833922261484,2268,272,0.11992945326278659,HellaSwag,0.5,validation,discovery
359,0.14102303537154853,0.0036630036630036656,0.983709907403646,57177,457,0.007992724347202546,36223,202,0.0055765673743201835,2267,202,0.08910454344949272,HellaSwag,0.5,validation,discovery
360,0.26277639586862517,0.011893021508406126,0.98031377743318,57176,556,0.00972435987127466,36224,312,0.008613074204946997,2268,312,0.13756613756613756,HellaSwag,0.5,validation,discovery
361,0.22385240687148295,0.009656879424384007,0.9782274894322797,57177,616,0.010773562796229253,36223,339,0.00935869475195318,2267,337,0.14865460961623292,HellaSwag,0.5,validation,discovery
362,0.19700366211381415,0.008226230620771562,0.9837448272633362,57177,456,0.007975234797208668,36223,218,0.006018275681197029,2267,218,0.09616232906925452,HellaSwag,0.5,validation,discovery
363,0.1445135272278309,0.005834976988823136,0.9818762948893774,57175,511,0.008937472671622213,36223,257,0.007094939679209342,2267,257,0.1133656815174239,HellaSwag,0.5,validation,discovery
364,0.2076906856736056,0.005604865220249828,0.9820508972357613,57175,505,0.008832531700918234,36223,237,0.006542804295613284,2267,237,0.10454344949272165,HellaSwag,0.5,validation,discovery
365,0.31677807772112926,0.004026577227569782,0.9824610580230045,57174,491,0.008587819638297129,36223,266,0.007343400601827568,2267,266,0.11733568592853992,HellaSwag,0.5,validation,discovery
366,0.08671439575270799,0.004227110771775792,0.9821905791128682,57175,500,0.00874508089199825,36222,224,0.006184087018938767,2266,224,0.09885260370697264,HellaSwag,0.5,validation,discovery
367,0.17994566925968467,0.006393819855358326,0.9830197904083167,57174,475,0.00830797215517543,36224,215,0.005935291519434629,2268,215,0.09479717813051146,HellaSwag,0.5,validation,discovery
368,0.08208139050242647,0.008229146783737358,0.9830026300981021,57176,478,0.008360151112354833,36224,240,0.0066254416961130744,2268,240,0.10582010582010581,HellaSwag,0.5,validation,discovery
369,0.22436020195444484,0.0076027381831675804,0.9816318516044401,57175,517,0.009042413642326191,36223,307,0.008475278138199486,2267,307,0.13542126157917952,HellaSwag,0.5,validation,discovery
370,0.10309343129242786,0.0036911806142575386,0.9821988384080728,57172,499,0.008728048695165466,36222,238,0.006570592457622439,2266,238,0.10503089143865843,HellaSwag,0.5,validation,discovery
371,0.17689953731736863,0.00485541133804161,0.9827931091112251,57176,484,0.008465090247656359,36224,250,0.006901501766784452,2268,250,0.11022927689594356,HellaSwag,0.5,validation,discovery
372,0.10678355978163932,0.004881656804733722,0.9806280589134956,57176,545,0.009531971456555198,36224,237,0.00654262367491166,2268,237,0.10449735449735449,HellaSwag,0.5,validation,discovery
373,0.077689274755862,0.006848476172297507,0.9823651814592521,57176,496,0.00867496851825941,36223,248,0.006846478756591116,2267,248,0.10939567710630789,HellaSwag,0.5,validation,discovery
374,0.4808783287604107,0.026413339540429834,0.9730244303384353,57177,766,0.013396995295311052,36224,474,0.01308524734982332,2268,473,0.20855379188712522,HellaSwag,0.5,validation,discovery
375,0.39298396015323767,0.013803132950290143,0.9799029343393227,57173,566,0.009899777867175065,36222,305,0.00842029705703716,2266,304,0.13415710503089143,HellaSwag,0.5,validation,discovery
376,0.19087591945997465,0.004567014182398809,0.9830286703755106,57175,477,0.008342807170966332,36224,237,0.00654262367491166,2268,237,0.10449735449735449,HellaSwag,0.5,validation,discovery
377,0.17566619299135203,0.007549074856767167,0.9826534284533069,57176,489,0.008552539527074297,36223,235,0.006487590757253679,2267,235,0.10366122629025143,HellaSwag,0.5,validation,discovery
378,0.26807619553834183,0.006558715615787572,0.9805842375261372,57175,544,0.009514648010494097,36223,257,0.007094939679209342,2267,257,0.1133656815174239,HellaSwag,0.5,validation,discovery
379,0.25541289671037315,0.011916502301117678,0.9804185379266186,57176,551,0.009636910591856724,36224,285,0.007867712014134276,2268,285,0.12566137566137567,HellaSwag,0.5,validation,discovery
380,0.2291455101592007,0.0035706118482038154,0.9823391469729914,57176,498,0.008709948230026585,36224,261,0.007205167844522968,2268,261,0.11507936507936507,HellaSwag,0.5,validation,discovery
381,0.1265752487817246,0.006717248838836933,0.9811080445652888,57175,533,0.009322256230870135,36222,272,0.007509248522997073,2266,272,0.12003530450132392,HellaSwag,0.5,validation,discovery
382,0.1821887552614668,0.0070512820512820444,0.9814832763487087,57174,522,0.00913002413684542,36223,269,0.0074262209093669766,2267,268,0.11821790913101014,HellaSwag,0.5,validation,discovery
383,0.2429181877736875,0.002634544942237259,0.9817283667098232,57178,515,0.009006960719157717,36224,237,0.00654262367491166,2268,237,0.10449735449735449,HellaSwag,0.5,validation,discovery
384,0.19156626387149975,0.0034236016677488155,0.9829150280860706,57174,481,0.008412914961346066,36222,243,0.006708630114295179,2266,243,0.10723742277140336,HellaSwag,0.5,validation,discovery
385,0.17139386656721534,0.0036721917992821006,0.9810648951665534,57178,535,0.009356745601455106,36224,260,0.00717756183745583,2268,260,0.1146384479717813,HellaSwag,0.5,validation,discovery
386,0.14264495409943567,0.004753329168044885,0.9836832851158747,57174,457,0.007993143736663518,36223,215,0.0059354553736576205,2267,215,0.09483899426554919,HellaSwag,0.5,validation,discovery
387,0.3379789315166434,0.010042735042735043,0.9822432732966563,57177,501,0.008762264546933208,36223,252,0.006956905833310328,2267,252,0.11116012351124835,HellaSwag,0.5,validation,discovery
388,0.24843992105062365,0.0063938198553583105,0.9818762948893774,57175,510,0.008919982509838217,36223,252,0.006956905833310328,2267,252,0.11116012351124835,HellaSwag,0.5,validation,discovery
389,0.27427706658084244,0.0057461665712286066,0.9805671200315251,57177,548,0.009584273396645504,36224,286,0.007895318021201414,2268,286,0.12610229276895943,HellaSwag,0.5,validation,discovery
390,0.26870676677348954,0.008733908082543311,0.9835092640101789,57178,463,0.008097520025184511,36224,254,0.007011925795053004,2268,254,0.11199294532627865,HellaSwag,0.5,validation,discovery
391,0.258750914242279,0.0029886965505694567,0.9826178950126698,57172,488,0.008535646820121737,36221,216,0.005963391402777394,2265,216,0.09536423841059603,HellaSwag,0.5,validation,discovery
392,0.2948036151133697,0.011590833915248632,0.9805493170568604,57175,548,0.009584608657630084,36223,296,0.008171603677221655,2267,296,0.1305690339655933,HellaSwag,0.5,validation,discovery
393,0.21669050758093972,0.008771780328852286,0.9780439667420122,57176,618,0.010808730936057087,36224,316,0.008723498233215547,2268,315,0.1388888888888889,HellaSwag,0.5,validation,discovery
394,0.1209582129283915,0.0040769802475487974,0.9810121807227703,57176,535,0.009357072897719323,36224,288,0.007950530035335688,2268,288,0.12698412698412698,HellaSwag,0.5,validation,discovery
395,0.14137587807077343,0.006229454306377379,0.9817804243413194,57176,512,0.00895480621239681,36223,239,0.00659801783397289,2267,239,0.10542567269519189,HellaSwag,0.5,validation,discovery
396,0.2050510444520347,0.0045823277428628665,0.9839016821074297,57175,452,0.007905553126366418,36223,227,0.006266736603815256,2267,227,0.10013233348037054,HellaSwag,0.5,validation,discovery
397,0.3720009364772665,0.013139545330180788,0.9795982738603781,57178,576,0.010073804610164749,36224,284,0.007840106007067138,2268,284,0.12522045855379188,HellaSwag,0.5,validation,discovery
398,0.14011100584711095,0.006410256410256404,0.9844604096158579,57175,435,0.007608220376038479,36221,218,0.006018607989840148,2265,218,0.09624724061810154,HellaSwag,0.5,validation,discovery
399,0.1520445339764103,0.003439936132243815,0.9804096351797534,57175,551,0.009637079142982072,36222,269,0.0074264259289934294,2266,268,0.11827007943512798,HellaSwag,0.5,validation,discovery
400,0.38824337942405185,0.011414126953829186,0.9813264622030858,57176,528,0.00923464390653421,36224,282,0.007784893992932862,2268,282,0.12433862433862433,HellaSwag,0.5,validation,discovery
401,0.22525169901099,0.0067976894899971895,0.9825924718935585,57177,490,0.008569879497000542,36223,264,0.0072881870634679624,2267,264,0.1164534627260697,HellaSwag,0.5,validation,discovery
402,0.16207343674814603,0.004979821667166584,0.9833423669114301,57171,466,0.00815098563957251,36221,216,0.005963391402777394,2265,216,0.09536423841059603,HellaSwag,0.5,validation,discovery
403,0.31748395514071337,0.004878233482991276,0.9825048633363591,57175,492,0.00860515959772628,36224,266,0.007343197879858657,2268,266,0.11728395061728394,HellaSwag,0.5,validation,discovery
404,0.2252097644377923,0.009405078385011485,0.9803384102986656,57167,551,0.009638427764269595,36222,297,0.008199436806360776,2266,297,0.13106796116504854,HellaSwag,0.5,validation,discovery
405,0.28800595798342016,0.01486181043037231,0.9813785140264627,57174,522,0.00913002413684542,36224,262,0.007232773851590106,2268,262,0.11552028218694885,HellaSwag,0.5,validation,discovery
406,0.23712614427982187,0.004606829439605366,0.9815531178968726,57174,519,0.0090775527337601,36223,257,0.007094939679209342,2267,257,0.1133656815174239,HellaSwag,0.5,validation,discovery
407,0.09986357959101957,0.00418060200668896,0.9812826469116724,57175,526,0.00919982509838216,36222,238,0.006570592457622439,2266,238,0.10503089143865843,HellaSwag,0.5,validation,discovery
408,0.2564511505423031,0.006069784915938764,0.9838318411688761,57175,454,0.007940533449934412,36222,213,0.005880404174258738,2266,213,0.0939982347749338,HellaSwag,0.5,validation,discovery
409,0.19070460894563082,0.010502958579881658,0.9823131130160366,57177,497,0.008692306346957692,36223,236,0.006515197526433481,2267,236,0.10410233789148654,HellaSwag,0.5,validation,discovery
410,0.17022542828964748,0.004637456560533474,0.9838318411688761,57175,454,0.007940533449934412,36223,222,0.006128702757916241,2267,222,0.09792677547419497,HellaSwag,0.5,validation,discovery
411,0.20401011866863417,0.008593402048737042,0.9820686739982051,57177,505,0.008832222746908721,36224,236,0.006515017667844523,2268,236,0.10405643738977072,HellaSwag,0.5,validation,discovery
412,0.2316597884678504,0.00346341692495539,0.9787512873276331,57177,597,0.010441261346345558,36224,279,0.007702075971731449,2268,279,0.12301587301587301,HellaSwag,0.5,validation,discovery
413,0.10987844407131743,0.002736533254927915,0.9810909179268786,57177,532,0.009304440596743445,36223,266,0.007343400601827568,2267,266,0.11733568592853992,HellaSwag,0.5,validation,discovery
414,0.16938681656233417,0.003939872836193908,0.9824527924547977,57177,495,0.008657327246969935,36224,223,0.006156139575971732,2268,223,0.09832451499118165,HellaSwag,0.5,validation,discovery
415,0.18427066326613462,0.004704325774559889,0.980619157995414,57175,546,0.00954962833406209,36223,258,0.007122546448389145,2267,258,0.11380679311865902,HellaSwag,0.5,validation,discovery
416,0.2131417825740482,0.0050994156345326854,0.9806978992424548,57177,544,0.00951431519666999,36224,258,0.007122349823321555,2268,258,0.11375661375661375,HellaSwag,0.5,validation,discovery
417,0.10358159145055744,0.006084971686708664,0.9813791711607338,57178,525,0.00918185316030641,36224,242,0.00668065371024735,2268,242,0.10670194003527336,HellaSwag,0.5,validation,discovery
418,0.31981190494569367,0.011226166995397776,0.9819893101057743,57172,505,0.008832995172462044,36222,234,0.006460162332284247,2266,234,0.10326566637246248,HellaSwag,0.5,validation,discovery
419,0.22353781627812014,0.00667955278080426,0.9808108823905983,57173,540,0.00944501775313522,36222,276,0.007619678648335266,2266,276,0.12180052956751986,HellaSwag,0.5,validation,discovery
420,0.26338927019098735,0.009607826632316869,0.9775981431322383,57173,632,0.011054168925891592,36223,363,0.010021257212268448,2267,363,0.16012351124834584,HellaSwag,0.5,validation,discovery
421,0.23367139637572007,0.010977270592655214,0.9817715334815471,57175,511,0.008937472671622213,36224,259,0.007149955830388692,2268,259,0.11419753086419752,HellaSwag,0.5,validation,discovery
422,0.1760527004875056,0.005212735981966756,0.9798509076713252,57175,567,0.009916921731526017,36222,267,0.007371210866324333,2266,267,0.117828773168579,HellaSwag,0.5,validation,discovery
423,0.4324785300182235,0.014616793462947314,0.9824616773629108,57178,493,0.008622197348630593,36224,233,0.006432199646643109,2268,233,0.1027336860670194,HellaSwag,0.5,validation,discovery
424,0.1752740038917149,0.008548029451039484,0.9771011223010656,57176,648,0.011333426612564713,36224,306,0.008447438162544169,2268,305,0.13447971781305115,HellaSwag,0.5,validation,discovery
425,0.249414797757644,0.008270854006639955,0.9812826469116724,57175,527,0.009217315260166156,36223,276,0.007619468293625597,2267,276,0.12174680194089105,HellaSwag,0.5,validation,discovery
426,0.15693000236814722,0.006088671640511111,0.9762800810104905,57174,670,0.011718613355721132,36223,319,0.008806559368357121,2267,319,0.1407146007940009,HellaSwag,0.5,validation,discovery
427,0.28946164183688045,0.012777124399197976,0.9832819914139382,57176,469,0.008202742409402547,36224,250,0.006901501766784452,2268,250,0.11022927689594356,HellaSwag,0.5,validation,discovery
428,0.17649763924486417,0.005395886165116928,0.9811080445652888,57175,530,0.009269785745518146,36223,249,0.006874085525770919,2267,249,0.10983678870754301,HellaSwag,0.5,validation,discovery
429,0.3703781193502717,0.009041430722572161,0.9833340773750546,57174,466,0.008150557945919474,36223,231,0.006377163680534467,2267,231,0.10189677988531098,HellaSwag,0.5,validation,discovery
430,0.1767143752110571,0.010360644557968968,0.9807766391896665,57177,541,0.009461846546688354,36223,263,0.00726058029428816,2267,263,0.11601235112483459,HellaSwag,0.5,validation,discovery
431,0.1535257257703887,0.0051141166525782,0.9831251489061806,57178,473,0.008272412466333205,36224,217,0.005990503533568905,2268,217,0.09567901234567901,HellaSwag,0.5,validation,discovery
432,0.14686798711398166,0.004174476582503343,0.9832819914139382,57176,469,0.008202742409402547,36223,237,0.006542804295613284,2267,237,0.10454344949272165,HellaSwag,0.5,validation,discovery
433,0.38002227042168923,0.004240631163708077,0.9812559610477294,57172,527,0.0092177989225495,36223,264,0.0072881870634679624,2267,264,0.1164534627260697,HellaSwag,0.5,validation,discovery
434,0.23895933707654124,0.008254066721808657,0.9798159872020484,57175,569,0.00995190205509401,36224,310,0.008557862190812721,2268,310,0.13668430335097,HellaSwag,0.5,validation,discovery
435,0.39976164869095804,0.011193293885601575,0.9787156176568852,57173,598,0.010459482622916412,36222,287,0.007923361493015294,2266,287,0.1266548984995587,HellaSwag,0.5,validation,discovery
436,0.1794030418792683,0.004720207418718586,0.9815270901966099,57175,521,0.009112374289462178,36222,245,0.006763845176964276,2266,245,0.10812003530450133,HellaSwag,0.5,validation,discovery
437,0.09314817991134204,0.004167840706302242,0.9817366130122704,57175,515,0.009007433318758199,36222,241,0.006653415051626084,2266,241,0.10635481023830538,HellaSwag,0.5,validation,discovery
438,0.1937235036363566,0.008844602072026829,0.9798159872020484,57175,567,0.009916921731526017,36223,298,0.00822681721558126,2267,298,0.13145125716806352,HellaSwag,0.5,validation,discovery
439,0.14474701823421338,0.004700752610451609,0.9818762948893774,57175,511,0.008937472671622213,36222,257,0.007095135552978853,2266,257,0.11341571050308914,HellaSwag,0.5,validation,discovery
440,0.1114845037664625,0.005621301775147931,0.9835264325652947,57176,464,0.008115293129984609,36222,217,0.00599083429959693,2266,217,0.09576345984112974,HellaSwag,0.5,validation,discovery
441,0.23160794523145772,0.0064925297488141395,0.9790655660648453,57177,591,0.010336324046382286,36224,279,0.007702075971731449,2268,279,0.12301587301587301,HellaSwag,0.5,validation,discovery
442,0.2937530559900357,0.008808870430944,0.984478144316831,57177,438,0.007660422897318852,36224,253,0.006984319787985866,2268,253,0.11155202821869488,HellaSwag,0.5,validation,discovery
443,0.2298796928343286,0.008497698882314275,0.9816236080450964,57178,518,0.009059428451502326,36224,239,0.0065978356890459364,2268,238,0.10493827160493827,HellaSwag,0.5,validation,discovery
444,0.14352916180126987,0.0034296200616731436,0.9819378840392768,57178,509,0.008902025254468503,36224,242,0.00668065371024735,2268,242,0.10670194003527336,HellaSwag,0.5,validation,discovery
445,0.11092551094808345,0.00487226448764911,0.9808461410457129,57176,539,0.009427032321253673,36224,269,0.0074260159010600705,2268,269,0.11860670194003527,HellaSwag,0.5,validation,discovery
446,0.21146806543353808,0.011423405654174892,0.9831594735046446,57174,475,0.00830797215517543,36224,232,0.006404593639575972,2268,232,0.10229276895943562,HellaSwag,0.5,validation,discovery
447,0.1829435972595163,0.009115243730628343,0.9823829527354171,57177,495,0.008657327246969935,36224,257,0.007094743816254417,2268,257,0.11331569664902998,HellaSwag,0.5,validation,discovery
448,0.2797155243901258,0.006468958392035308,0.9827670711920097,57177,484,0.00846494219703727,36223,242,0.006680838141512299,2267,242,0.10674900749889722,HellaSwag,0.5,validation,discovery
449,0.37499626732016555,0.01569690992767915,0.9807759613117032,57173,542,0.009479999300369055,36221,317,0.008751829049446453,2265,317,0.13995584988962473,HellaSwag,0.5,validation,discovery
450,0.26638102135494535,0.008430362028376926,0.97961537414359,57176,576,0.010074156988946412,36223,277,0.0076470750628053995,2267,277,0.12218791354212616,HellaSwag,0.5,validation,discovery
451,0.04985512419972808,0.0029769561542136794,0.9808375799003727,57176,538,0.009409542465370086,36223,253,0.006984512602490131,2267,253,0.11160123511248346,HellaSwag,0.5,validation,discovery
452,0.241009935689455,0.007877805954729027,0.9805931387490162,57176,546,0.009549461312438785,36223,257,0.007094939679209342,2267,257,0.1133656815174239,HellaSwag,0.5,validation,discovery
453,0.23801105773303655,0.002874049027895188,0.9799727764971131,57173,564,0.009864796319941232,36222,279,0.00770250124233891,2266,279,0.12312444836716681,HellaSwag,0.5,validation,discovery
454,0.22950626124699897,0.005560592564314647,0.9835003882455046,57177,464,0.008115151197159698,36224,218,0.006018109540636043,2268,218,0.09611992945326278,HellaSwag,0.5,validation,discovery
455,0.34572338640555383,0.010634451019066397,0.9811867815451678,57176,530,0.009269623618301385,36224,255,0.007039531802120141,2268,254,0.11199294532627865,HellaSwag,0.5,validation,discovery
456,0.30076826939892487,0.008003276706750662,0.9795975545482806,57174,574,0.01003952845699094,36222,309,0.008530727182375353,2266,309,0.13636363636363635,HellaSwag,0.5,validation,discovery
457,0.21022117098821969,0.009886434635598516,0.9753282730040489,57173,697,0.012191069210991202,36223,352,0.009717582751290617,2267,349,0.15394794883105425,HellaSwag,0.5,validation,discovery
458,0.09543256791443847,0.0030659476999427416,0.9839715230459832,57175,447,0.007818102317446436,36224,211,0.0058248674911660775,2268,211,0.09303350970017636,HellaSwag,0.5,validation,discovery
459,0.09709570276452353,0.007591952826066533,0.9811778855038422,57175,531,0.009287275907302142,36224,261,0.007205167844522968,2268,261,0.11507936507936507,HellaSwag,0.5,validation,discovery
460,0.28441894009773266,0.011728655959425186,0.9791004859245355,57177,589,0.01030134494639453,36224,317,0.008751104240282685,2268,317,0.13977072310405644,HellaSwag,0.5,validation,discovery
461,0.16432425779172805,0.003789799943646096,0.9802439371042211,57176,554,0.009689380159507486,36224,245,0.006763471731448764,2268,245,0.10802469135802469,HellaSwag,0.5,validation,discovery
462,0.20766051968044993,0.007185122569737945,0.980741040232808,57173,540,0.00944501775313522,36220,248,0.006847045831032579,2264,248,0.10954063604240283,HellaSwag,0.5,validation,discovery
463,0.2566069385507113,0.008124354278200442,0.9846610667901707,57174,428,0.007485920173505439,36222,206,0.0056871514549169016,2266,206,0.09090909090909091,HellaSwag,0.5,validation,discovery
464,0.5037347211069516,0.020463510848126244,0.9795544441005085,57177,577,0.010091470346467986,36224,310,0.008557862190812721,2268,309,0.13624338624338625,HellaSwag,0.5,validation,discovery
465,0.18850049537166821,0.007511505588428663,0.9820597856571555,57176,503,0.008797397509444521,36223,255,0.007039726140849736,2267,255,0.11248345831495368,HellaSwag,0.5,validation,discovery
466,0.23776580330058814,0.006633323941016239,0.9811607576462591,57177,531,0.009286951046749568,36224,257,0.007094743816254417,2268,257,0.11331569664902998,HellaSwag,0.5,validation,discovery
467,0.24965744671087753,0.009615384615384607,0.9789868111829589,57176,593,0.010371484538967399,36224,307,0.008475044169611307,2268,307,0.1353615520282187,HellaSwag,0.5,validation,discovery
468,0.22138365543516503,0.0073377477223630985,0.9804965926805413,57173,548,0.009584943942070557,36221,261,0.007205764611689352,2265,261,0.1152317880794702,HellaSwag,0.5,validation,discovery
469,0.2568125633519946,0.004870522364318896,0.9806280589134956,57176,546,0.009549461312438785,36223,281,0.007757502139524612,2267,281,0.1239523599470666,HellaSwag,0.5,validation,discovery
470,0.21501236524365158,0.0090588898281206,0.9829327897691431,57176,482,0.008430110535889185,36223,244,0.006736051679871904,2267,244,0.10763123070136744,HellaSwag,0.5,validation,discovery
471,0.23820028563411827,0.005175983436853003,0.9800953509562625,57175,561,0.009811980760822037,36223,314,0.008668525522458106,2267,314,0.13850904278782533,HellaSwag,0.5,validation,discovery
472,0.38764603738608344,0.01377148492533108,0.9784540889002546,57175,607,0.010616528202885877,36224,299,0.008254196113074205,2268,299,0.1318342151675485,HellaSwag,0.5,validation,discovery
473,0.25797519390353474,0.005506245890861272,0.9817105840123603,57176,515,0.009007275780047572,36224,251,0.00692910777385159,2268,251,0.11067019400352733,HellaSwag,0.5,validation,discovery
474,0.28603159370417713,0.009756269371653999,0.9819283569152455,57173,509,0.008902803771010792,36224,281,0.007757287985865724,2268,281,0.12389770723104056,HellaSwag,0.5,validation,discovery
475,0.2827581145582191,0.008134052866494334,0.9819372464117746,57174,507,0.008867667121418827,36222,247,0.006819060239633372,2266,247,0.10900264783759929,HellaSwag,0.5,validation,discovery
476,0.37535873746401116,0.010207100591715968,0.9812388309301346,57174,529,0.009252457410711162,36222,263,0.007260780740986141,2266,263,0.11606354810238305,HellaSwag,0.5,validation,discovery
477,0.13798441577310347,0.005582813693181575,0.9824788276309095,57176,494,0.008639988806492235,36223,232,0.00640477044971427,2267,232,0.1023378914865461,HellaSwag,0.5,validation,discovery
478,0.25930542785297367,0.005972831965387789,0.9830896319564807,57174,474,0.008290481687480323,36223,239,0.00659801783397289,2267,239,0.10542567269519189,HellaSwag,0.5,validation,discovery
479,0.17192016017488032,0.007899090157154677,0.984146125392367,57175,445,0.007783121993878444,36223,210,0.005797421527758606,2267,210,0.09263343625937362,HellaSwag,0.5,validation,discovery
480,0.07731190734413133,0.003603280777193828,0.9812826469116724,57175,529,0.00925229558373415,36222,244,0.006736237645629728,2266,244,0.10767872903795234,HellaSwag,0.5,validation,discovery
481,0.21142379238210984,0.00862388920701575,0.9802610492558386,57174,555,0.009707209570783923,36222,266,0.007343603334989785,2266,265,0.11694616063548102,HellaSwag,0.5,validation,discovery
482,0.09311297880409816,0.002901771512193352,0.9817886725996645,57173,513,0.00897276686547846,36221,234,0.006460340686342177,2265,234,0.10331125827814569,HellaSwag,0.5,validation,discovery
483,0.12663028252726852,0.005822517019787491,0.9815797959625419,57177,520,0.009094565996816902,36224,276,0.007619257950530036,2268,276,0.12169312169312169,HellaSwag,0.5,validation,discovery
484,0.2143775916508487,0.0031438739632719684,0.9837353792915954,57172,453,0.007923459035891695,36222,233,0.006432554800949699,2266,233,0.1028243601059135,HellaSwag,0.5,validation,discovery
485,0.2189580955612298,0.007417127950626707,0.9817194754013028,57177,517,0.009042097346835266,36223,271,0.007481434447726583,2267,271,0.11954124393471548,HellaSwag,0.5,validation,discovery
486,0.10961080603531105,0.006854349663714203,0.9802785096428795,57175,557,0.009742020113686052,36223,271,0.007481434447726583,2267,271,0.11954124393471548,HellaSwag,0.5,validation,discovery
487,0.3901206052766713,0.015369199733748222,0.9794935151956513,57178,579,0.010126272342509356,36224,253,0.006984319787985866,2268,253,0.11155202821869488,HellaSwag,0.5,validation,discovery
488,0.1985307122500191,0.006550400187793655,0.9808286808110745,57175,539,0.009427197201574115,36223,277,0.0076470750628053995,2267,277,0.12218791354212616,HellaSwag,0.5,validation,discovery
489,0.24951467107786418,0.007758360183109346,0.9812641967572554,57169,526,0.009200790638282986,36222,262,0.007233173209651593,2266,262,0.11562224183583407,HellaSwag,0.5,validation,discovery
490,0.1675982200352648,0.007090791037279334,0.9818940746997539,57177,511,0.008937160046871994,36224,229,0.006321775618374558,2268,229,0.1009700176366843,HellaSwag,0.5,validation,discovery
491,0.12520782443794193,0.003934434052300049,0.9818762948893774,57175,510,0.008919982509838217,36224,250,0.006901501766784452,2268,250,0.11022927689594356,HellaSwag,0.5,validation,discovery
492,0.14085988588798104,0.003688221639187219,0.9819289945594442,57177,511,0.008937160046871994,36224,244,0.006735865724381626,2268,244,0.10758377425044091,HellaSwag,0.5,validation,discovery
493,0.27539174462304195,0.011686390532544375,0.982374067137471,57176,496,0.00867496851825941,36223,259,0.007150153217568948,2267,259,0.11424790471989413,HellaSwag,0.5,validation,discovery
494,0.2739536938488887,0.006220368260502043,0.9814045407318172,57173,524,0.009165165375264548,36223,259,0.007150153217568948,2267,259,0.11424790471989413,HellaSwag,0.5,validation,discovery
495,0.11664500556739547,0.006600655012026255,0.9811258377865688,57177,531,0.009286951046749568,36224,266,0.007343197879858657,2268,265,0.11684303350970017,HellaSwag,0.5,validation,discovery
496,0.2131619821423455,0.00644320526454522,0.9813613823675653,57176,526,0.009199664194767036,36223,244,0.006736051679871904,2267,244,0.10763123070136744,HellaSwag,0.5,validation,discovery
497,0.12456070914050656,0.004059829059829044,0.982662311612939,57177,489,0.008552389947006663,36224,241,0.006653047703180212,2268,241,0.10626102292768959,HellaSwag,0.5,validation,discovery
498,0.2358022702385298,0.011686390532544376,0.9818940746997539,57177,509,0.008902180946884237,36224,259,0.007149955830388692,2268,259,0.11419753086419752,HellaSwag,0.5,validation,discovery
499,0.22633883602554034,0.0053583168967784225,0.9804007323521666,57174,554,0.009689719103088816,36223,262,0.007232973525108356,2267,262,0.11557123952359948,HellaSwag,0.5,validation,discovery
500,0.16962088708282952,0.0014864774345300855,0.9842425746632666,57178,444,0.007765224387001994,36224,195,0.005383171378091873,2268,195,0.08597883597883597,HellaSwag,0.5,validation,discovery
501,0.23669369610128443,0.006252526737476569,0.9820337541385149,57177,508,0.008884691396890358,36224,223,0.006156139575971732,2268,223,0.09832451499118165,HellaSwag,0.5,validation,discovery
502,0.17077656955446194,0.003909551986475049,0.9815709033544424,57176,516,0.00902476563593116,36224,265,0.007315591872791519,2268,265,0.11684303350970017,HellaSwag,0.5,validation,discovery
503,0.33143279591148705,0.010897435897435906,0.9805493170568604,57175,549,0.00960209881941408,36223,286,0.007895535985423625,2267,286,0.12615791795324216,HellaSwag,0.5,validation,discovery
504,0.2305442770602638,0.008004602235371461,0.9809074202293318,57176,535,0.009357072897719323,36224,276,0.007619257950530036,2268,276,0.12169312169312169,HellaSwag,0.5,validation,discovery
505,0.25336819654769077,0.009732788578942435,0.9812039101560526,57174,528,0.009234966943016057,36222,294,0.008116614212357131,2266,294,0.1297440423654016,HellaSwag,0.5,validation,discovery
506,0.2705603908735434,0.007258594727577367,0.9803226810136936,57177,556,0.009724189796596533,36223,284,0.00784032244706402,2267,284,0.12527569475077194,HellaSwag,0.5,validation,discovery
507,0.13412730579689522,0.0034352399737015158,0.9833607088067435,57177,467,0.008167619847141334,36224,215,0.005935291519434629,2268,215,0.09479717813051146,HellaSwag,0.5,validation,discovery
508,0.1625533897279395,0.006832910679064529,0.9788211270470136,57177,598,0.010458750896339438,36224,283,0.0078125,2268,283,0.1247795414462081,HellaSwag,0.5,validation,discovery
509,0.4489088151067718,0.012146614069691003,0.983866761638153,57175,453,0.007923043288150416,36224,241,0.006653047703180212,2268,241,0.10626102292768959,HellaSwag,0.5,validation,discovery
510,0.22685940614478148,0.011517328825021142,0.9808108823905983,57173,537,0.00939254543228447,36224,253,0.006984319787985866,2268,253,0.11155202821869488,HellaSwag,0.5,validation,discovery
511,0.16825886734246512,0.005965101087282553,0.9827321513323194,57177,485,0.008482431747031149,36224,255,0.007039531802120141,2268,255,0.11243386243386243,HellaSwag,0.5,validation,discovery
512,0.0632277036464457,0.006696313719725089,0.9815797959625419,57177,519,0.009077076446823023,36224,244,0.006735865724381626,2268,244,0.10758377425044091,HellaSwag,0.5,validation,discovery
513,0.36901198617610687,0.009976988823142678,0.9829416704904608,57177,481,0.008412473547055634,36224,261,0.007205167844522968,2268,261,0.11507936507936507,HellaSwag,0.5,validation,discovery
514,0.46022813525021034,0.00935239973701513,0.9804534580910982,57176,550,0.009619420735973135,36223,303,0.008364851061480275,2267,303,0.13365681517423908,HellaSwag,0.5,validation,discovery
515,0.32868096126942614,0.00530556085767004,0.979885828140602,57175,567,0.009916921731526017,36224,288,0.007950530035335688,2268,287,0.12654320987654322,HellaSwag,0.5,validation,discovery
516,0.22207157420968032,0.009932885769006174,0.981946135827931,57175,509,0.008902492348054219,36223,242,0.006680838141512299,2267,242,0.10674900749889722,HellaSwag,0.5,validation,discovery
517,0.0997987273152008,0.0033665775911433495,0.9814045407318172,57173,523,0.00914767460164763,36224,272,0.007508833922261484,2268,272,0.11992945326278659,HellaSwag,0.5,validation,discovery
518,0.1815347811962983,0.009357095895557435,0.9807848608670686,57174,542,0.009479833490747543,36224,256,0.007067137809187279,2268,256,0.1128747795414462,HellaSwag,0.5,validation,discovery
519,0.2943372388964996,0.009111683739475305,0.9819988342788246,57177,506,0.0088497122969026,36223,260,0.007177759986748751,2267,260,0.11468901632112924,HellaSwag,0.5,validation,discovery
520,0.14172409906882394,0.005682541197429522,0.9835175569453853,57175,462,0.008080454744206383,36224,217,0.005990503533568905,2268,217,0.09567901234567901,HellaSwag,0.5,validation,discovery
521,0.16353762634907068,0.005867850098619332,0.9841727355534488,57178,446,0.007800202875231733,36224,228,0.00629416961130742,2268,228,0.10052910052910052,HellaSwag,0.5,validation,discovery
522,0.3568178899859091,0.004208553371084385,0.9823829527354171,57177,495,0.008657327246969935,36224,237,0.00654262367491166,2268,237,0.10449735449735449,HellaSwag,0.5,validation,discovery
523,0.13443899771652978,0.002220935553819363,0.9801569867389212,57178,559,0.00977648746021197,36224,273,0.007536439929328622,2268,273,0.12037037037037036,HellaSwag,0.5,validation,discovery
524,0.1794549720273341,0.00589860236262222,0.9790566515119179,57176,590,0.010319014971316636,36223,285,0.007867929216243822,2267,285,0.12571680635200705,HellaSwag,0.5,validation,discovery
525,0.2236738150334578,0.005280906025322903,0.9805582185845366,57176,547,0.009566951168322372,36223,272,0.007509041216906385,2267,272,0.1199823555359506,HellaSwag,0.5,validation,discovery
526,0.26373975536696287,0.009075326383018691,0.9833169115784176,57176,471,0.008237722121169721,36223,223,0.006156309527096044,2267,223,0.09836788707543008,HellaSwag,0.5,validation,discovery
527,0.08796194694244688,0.004092702169625263,0.9818674048636106,57174,507,0.008867667121418827,36222,255,0.007039920490309756,2266,255,0.11253309796999117,HellaSwag,0.5,validation,discovery
528,0.14598333293961394,0.004655445877530246,0.9814134348005445,57174,522,0.00913002413684542,36221,216,0.005963391402777394,2265,216,0.09536423841059603,HellaSwag,0.5,validation,discovery
529,0.18049690108102867,0.007506468579669567,0.9832648271258164,57178,471,0.008237433978103467,36224,241,0.006653047703180212,2268,241,0.10626102292768959,HellaSwag,0.5,validation,discovery
530,0.1796057055765612,0.007413681576212596,0.9822953405206986,57175,497,0.008692610406646262,36224,254,0.007011925795053004,2268,254,0.11199294532627865,HellaSwag,0.5,validation,discovery
531,0.320248728881605,0.0077132510445165415,0.9803576008733837,57177,555,0.009706700246602655,36224,242,0.00668065371024735,2268,242,0.10670194003527336,HellaSwag,0.5,validation,discovery
532,0.14851503726810011,0.004581026913533107,0.9845479840362115,57177,432,0.00755548559735558,36223,232,0.00640477044971427,2267,232,0.1023378914865461,HellaSwag,0.5,validation,discovery
533,0.21181347208371493,0.004817236113762165,0.9807506191723729,57178,541,0.00946168106614432,36224,253,0.006984319787985866,2268,253,0.11155202821869488,HellaSwag,0.5,validation,discovery
534,0.364989452865872,0.005751773310301743,0.9823918382530931,57178,494,0.008639686592745461,36224,238,0.006570229681978798,2268,238,0.10493827160493827,HellaSwag,0.5,validation,discovery
535,0.3149532931257049,0.010058111174736479,0.9806889989339674,57175,543,0.009497157848710101,36222,248,0.0068466677709679204,2266,248,0.10944395410414828,HellaSwag,0.5,validation,discovery
536,0.44289013944486166,0.01788062364985442,0.9788649632072904,57178,596,0.010423589492462136,36224,313,0.008640680212014135,2268,313,0.13800705467372135,HellaSwag,0.5,validation,discovery
537,0.1355179952340601,0.003604812133240231,0.9814921697273331,57175,521,0.009112374289462178,36224,230,0.006349381625441696,2268,230,0.10141093474426807,HellaSwag,0.5,validation,discovery
538,0.22142845766112756,0.005579036348267125,0.9820940742569235,57172,504,0.008815504092912615,36220,245,0.006764218663721701,2264,245,0.10821554770318022,HellaSwag,0.5,validation,discovery
539,0.15301263168768375,0.0035267129748735152,0.9832648271258164,57178,472,0.008254923222218337,36224,228,0.00629416961130742,2268,228,0.10052910052910052,HellaSwag,0.5,validation,discovery
540,0.32371488439283735,0.010902234146381305,0.9791346706036278,57173,587,0.010267084113130324,36221,333,0.009193561745948483,2265,330,0.1456953642384106,HellaSwag,0.5,validation,discovery
541,0.17434859508835573,0.006269371653987036,0.9772757231234631,57176,641,0.0112109976213796,36223,325,0.008972199983435939,2267,325,0.14336127040141156,HellaSwag,0.5,validation,discovery
542,0.10945947522426398,0.007651165259860917,0.9802172240493797,57173,557,0.009742360904622811,36223,268,0.007398614140187174,2267,268,0.11821790913101014,HellaSwag,0.5,validation,discovery
543,0.180502628805598,0.007767862823694086,0.9809423403938112,57176,538,0.009409542465370086,36224,269,0.0074260159010600705,2268,269,0.11860670194003527,HellaSwag,0.5,validation,discovery
544,0.13064213998993815,0.006982316690753411,0.9825217072306083,57172,490,0.008570628979220597,36220,264,0.007288790723357261,2264,264,0.1166077738515901,HellaSwag,0.5,validation,discovery
545,0.21355676336850993,0.007942773323342962,0.9783760894385654,57178,610,0.010668438910070306,36224,330,0.009109982332155478,2268,330,0.1455026455026455,HellaSwag,0.5,validation,discovery
546,0.3572271759389073,0.013322287151718588,0.978698532185192,57175,602,0.010529077393965894,36223,315,0.008696132291637909,2267,315,0.13895015438906044,HellaSwag,0.5,validation,discovery
547,0.2953239443898462,0.012705456936226163,0.982513747795389,57176,491,0.008587519238841473,36223,269,0.0074262209093669766,2267,269,0.11865902073224525,HellaSwag,0.5,validation,discovery
548,0.17466901242629776,0.0123702941428694,0.9791874187550668,57175,585,0.010231744643637953,36222,305,0.00842029705703716,2266,304,0.13415710503089143,HellaSwag,0.5,validation,discovery
549,0.0996322165791725,0.003522118906734295,0.9822432732966563,57177,500,0.008744774996939328,36224,249,0.006873895759717315,2268,249,0.10978835978835978,HellaSwag,0.5,validation,discovery
550,0.17544457299159427,0.004468887192212254,0.9832991566009727,57174,466,0.008150557945919474,36224,243,0.006708259717314488,2268,243,0.10714285714285714,HellaSwag,0.5,validation,discovery
551,0.13344141643818458,0.0063842233574675,0.9819201049992373,57176,508,0.00888484678886246,36224,247,0.006818683745583039,2268,247,0.10890652557319223,HellaSwag,0.5,validation,discovery
552,0.2576052373887074,0.008385705710120438,0.9834826364761085,57175,464,0.008115435067774377,36222,214,0.0059080117055932855,2266,214,0.09443954104148279,HellaSwag,0.5,validation,discovery
553,0.24716276024187941,0.006774208697285606,0.9809505667061793,57173,536,0.009375054658667554,36222,248,0.0068466677709679204,2266,248,0.10944395410414828,HellaSwag,0.5,validation,discovery
554,0.21860345525185343,0.004916877993801076,0.9816312041726953,57171,517,0.0090430462996974,36219,227,0.006267428697644882,2263,227,0.10030932390631904,HellaSwag,0.5,validation,discovery
555,0.15241369928435605,0.005629264826589245,0.9829677099336226,57176,479,0.008377640968238422,36223,194,0.005355713220881761,2267,194,0.08557565063961182,HellaSwag,0.5,validation,discovery
556,0.20102182623270676,0.010155442847750551,0.9820248654926759,57176,506,0.008849867077095284,36223,240,0.006625624603152693,2267,240,0.105866784296427,HellaSwag,0.5,validation,discovery
557,0.18889542195954642,0.00826758711374095,0.9793709329922334,57176,582,0.010179096124247937,36223,275,0.007591861524445794,2267,275,0.12130569033965594,HellaSwag,0.5,validation,discovery
558,0.23648773171081883,0.00926317272471119,0.9835873978839388,57175,459,0.008027984258854395,36222,234,0.006460162332284247,2266,234,0.10326566637246248,HellaSwag,0.5,validation,discovery
559,0.18192862548321237,0.005804451958298117,0.9819023256376926,57174,511,0.008937628992199251,36222,238,0.006570592457622439,2266,238,0.10503089143865843,HellaSwag,0.5,validation,discovery
560,0.19042456220322038,0.0056776556776556774,0.9824699428670824,57175,493,0.008622649759510275,36224,246,0.006791077738515901,2268,246,0.10846560846560846,HellaSwag,0.5,validation,discovery
561,0.2587005664550064,0.008859303090072325,0.9808889501352993,57170,538,0.00941052999825083,36223,272,0.007509041216906385,2267,272,0.1199823555359506,HellaSwag,0.5,validation,discovery
562,0.20797008089617977,0.005968613326472864,0.982304226808512,57176,496,0.00867496851825941,36224,243,0.006708259717314488,2268,243,0.10714285714285714,HellaSwag,0.5,validation,discovery
563,0.1438810146711494,0.003599605522682458,0.9814483555746266,57174,523,0.009147514604540526,36223,238,0.0065704110647930875,2267,238,0.10498456109395678,HellaSwag,0.5,validation,discovery
564,0.1411492931269782,0.007201661215039142,0.9805671200315251,57177,549,0.009601762946639383,36223,241,0.006653231372332496,2267,241,0.10630789589766211,HellaSwag,0.5,validation,discovery
565,0.28013959431164587,0.005370465654746593,0.9788122103605613,57176,597,0.010441443962501748,36223,285,0.007867929216243822,2267,285,0.12571680635200705,HellaSwag,0.5,validation,discovery
566,0.23799696265071188,0.009169249553864924,0.9809505667061793,57173,536,0.009375054658667554,36224,247,0.006818683745583039,2268,247,0.10890652557319223,HellaSwag,0.5,validation,discovery
567,0.3692523812152516,0.01314669165839734,0.9809074202293318,57176,537,0.009392052609486497,36223,302,0.008337244292300473,2267,301,0.13277459197176886,HellaSwag,0.5,validation,discovery
568,0.3203072717830096,0.011587771203155812,0.9808547024152325,57174,538,0.009409871619967118,36223,254,0.007012119371669933,2267,254,0.11204234671371857,HellaSwag,0.5,validation,discovery
569,0.23053797093356707,0.009537795909033359,0.9783233280578483,57176,612,0.010703791800755562,36223,278,0.007674681831985203,2267,278,0.12262902514336127,HellaSwag,0.5,validation,discovery
570,0.3760072874394662,0.019871794871794857,0.9785417681694917,57177,605,0.010581177746296588,36224,335,0.009248012367491166,2268,335,0.14770723104056438,HellaSwag,0.5,validation,discovery
571,0.17450288508830256,0.005651214263254391,0.9818242349803735,57177,512,0.008954649596865873,36224,241,0.006653047703180212,2268,240,0.10582010582010581,HellaSwag,0.5,validation,discovery
572,0.355825948567329,0.013442753827369223,0.9821474013687305,57178,501,0.008762111301549547,36224,256,0.007067137809187279,2268,256,0.1128747795414462,HellaSwag,0.5,validation,discovery
573,0.17961904556519437,0.0032329643061653076,0.981274412496007,57178,529,0.00925181013676589,36224,233,0.006432199646643109,2268,233,0.1027336860670194,HellaSwag,0.5,validation,discovery
574,0.16641859606303624,0.005856374807987703,0.9815099562431614,57177,522,0.009129545096804659,36224,235,0.006487411660777385,2268,235,0.10361552028218694,HellaSwag,0.5,validation,discovery
575,0.13754404020509928,0.007412886259040111,0.9811867815451678,57176,529,0.009252133762417798,36223,230,0.006349556911354664,2267,230,0.10145566828407587,HellaSwag,0.5,validation,discovery
576,0.10273282452496067,0.00776040199117123,0.9823651814592521,57175,497,0.008692610406646262,36224,227,0.006266563604240283,2268,227,0.10008818342151675,HellaSwag,0.5,validation,discovery
577,0.18059851699440327,0.005722677545420029,0.9858837937439866,57178,396,0.006925740669488265,36224,189,0.005217535335689046,2268,189,0.08333333333333333,HellaSwag,0.5,validation,discovery
578,0.17598385339890554,0.004091906852452766,0.9801740967752621,57176,558,0.009759339583041836,36224,266,0.007343197879858657,2268,266,0.11728395061728394,HellaSwag,0.5,validation,discovery
579,0.12887188048437018,0.00843899690053537,0.9832642358268907,57174,470,0.008220519816699898,36223,223,0.006156309527096044,2267,223,0.09836788707543008,HellaSwag,0.5,validation,discovery
580,0.17375204062122687,0.003559044346885539,0.9793969415707273,57175,581,0.010161783996501968,36224,283,0.0078125,2268,283,0.1247795414462081,HellaSwag,0.5,validation,discovery
581,0.22835156567469414,0.007144334160463199,0.980532200171835,57177,548,0.009584273396645504,36224,272,0.007508833922261484,2268,272,0.11992945326278659,HellaSwag,0.5,validation,discovery
582,0.27295975580937004,0.01087620109359239,0.9810210782074982,57177,535,0.009356909246725081,36224,245,0.006763471731448764,2268,245,0.10802469135802469,HellaSwag,0.5,validation,discovery
583,0.21706311600494785,0.00903449022178118,0.9811080445652888,57175,532,0.009304766069086139,36224,265,0.007315591872791519,2268,265,0.11684303350970017,HellaSwag,0.5,validation,discovery
584,0.1177330463380177,0.005834976988823139,0.9826362751374554,57178,488,0.008534751128056245,36224,230,0.006349381625441696,2268,230,0.10141093474426807,HellaSwag,0.5,validation,discovery
585,0.1720095431732424,0.00694179338720282,0.9785856067680189,57178,605,0.01058099268949596,36224,300,0.008281802120141343,2268,300,0.13227513227513227,HellaSwag,0.5,validation,discovery
586,0.3861870075920782,0.011000751385366768,0.9803747147104765,57175,553,0.009672059466550066,36222,280,0.007730108773673458,2266,280,0.1235657546337158,HellaSwag,0.5,validation,discovery
587,0.13515858704986863,0.0015007289254780854,0.9837359535521717,57176,457,0.007992864138799497,36223,193,0.005328106451701957,2267,193,0.08513453903837671,HellaSwag,0.5,validation,discovery
588,0.40180948085979595,0.009976988823142671,0.9796759473265039,57174,573,0.010022037989295834,36222,286,0.007895753961680747,2266,286,0.1262135922330097,HellaSwag,0.5,validation,discovery
589,0.1144340702478823,0.0044848314079083225,0.9835962728942538,57176,461,0.008062823562333846,36223,232,0.00640477044971427,2267,232,0.1023378914865461,HellaSwag,0.5,validation,discovery
590,0.32221346116236366,0.006649987729392194,0.9801042564463031,57176,558,0.009759339583041836,36223,307,0.008475278138199486,2267,307,0.13542126157917952,HellaSwag,0.5,validation,discovery
591,0.1197962988245092,0.005914121750511868,0.9801905102676439,57170,555,0.009707888752842399,36220,280,0.007730535615681944,2264,280,0.12367491166077739,HellaSwag,0.5,validation,discovery
592,0.22844738950050045,0.007032497417112806,0.9803486975976596,57176,553,0.009671890303623898,36224,288,0.007950530035335688,2268,288,0.12698412698412698,HellaSwag,0.5,validation,discovery
593,0.11727331957896846,0.007183284942482274,0.9789778959394062,57175,595,0.01040664626147792,36223,278,0.007674681831985203,2267,278,0.12262902514336127,HellaSwag,0.5,validation,discovery
594,0.3120362074991262,0.01158777120315582,0.9811340686078887,57174,531,0.009287438346101375,36222,255,0.007039920490309756,2266,255,0.11253309796999117,HellaSwag,0.5,validation,discovery
595,0.08355454820891005,0.008517402330111355,0.9826972314726292,57177,486,0.008499921297025028,36224,267,0.007370803886925795,2268,267,0.11772486772486772,HellaSwag,0.5,validation,discovery
596,0.13145930360559532,0.00242344504131104,0.9827493066212964,57175,484,0.008465238303454307,36223,236,0.006515197526433481,2267,236,0.10410233789148654,HellaSwag,0.5,validation,discovery
597,0.1767049124644039,0.004742915946929333,0.980706799470286,57177,545,0.009531804746663868,36223,263,0.00726058029428816,2267,263,0.11601235112483459,HellaSwag,0.5,validation,discovery
598,0.33384361055118694,0.005903071287686674,0.9834216720718562,57176,465,0.008132782985868196,36224,237,0.00654262367491166,2268,237,0.10449735449735449,HellaSwag,0.5,validation,discovery
599,0.21568515208523495,0.0041208791208791114,0.9841028964436309,57178,445,0.007782713631116863,36224,217,0.005990503533568905,2268,217,0.09567901234567901,HellaSwag,0.5,validation,discovery
600,0.1875901946023007,0.007133464825772512,0.9804007323521666,57174,554,0.009689719103088816,36222,262,0.007233173209651593,2266,262,0.11562224183583407,HellaSwag,0.5,validation,discovery
601,0.12547103040224955,0.0019151237513520376,0.9822858298706102,57170,497,0.008693370648941753,36221,231,0.006377515805748047,2265,231,0.10198675496688742,HellaSwag,0.5,validation,discovery
602,0.13735617234637817,0.0057150207651879914,0.9827670711920097,57177,484,0.00846494219703727,36223,235,0.006487590757253679,2267,235,0.10366122629025143,HellaSwag,0.5,validation,discovery
603,0.262887582885835,0.011312127114802699,0.9829150280860706,57174,482,0.008430405429041173,36222,229,0.006322124675611507,2266,229,0.10105913503971757,HellaSwag,0.5,validation,discovery
604,0.21810677106021284,0.005401092775674708,0.983709907403646,57177,458,0.008010213897196425,36223,216,0.005963062142837424,2267,215,0.09483899426554919,HellaSwag,0.5,validation,discovery
605,0.21050954300046487,0.006262735777785935,0.9817105840123603,57176,516,0.00902476563593116,36223,269,0.0074262209093669766,2267,269,0.11865902073224525,HellaSwag,0.5,validation,discovery
606,0.21496588430213545,0.006334913692773224,0.9829416704904608,57177,480,0.008394983997061756,36224,239,0.0065978356890459364,2268,239,0.10537918871252204,HellaSwag,0.5,validation,discovery
607,0.18198230006009739,0.005604865220249843,0.9812477264423957,57175,528,0.009234805421950152,36222,283,0.007812931367677103,2266,283,0.12488967343336276,HellaSwag,0.5,validation,discovery
608,0.1827806015570166,0.006196581196581201,0.9821035938578953,57177,503,0.008797243646920964,36224,243,0.006708259717314488,2268,243,0.10714285714285714,HellaSwag,0.5,validation,discovery
609,0.16508696798788255,0.008432747979894384,0.9817455041768399,57176,512,0.00895480621239681,36223,249,0.006874085525770919,2267,249,0.10983678870754301,HellaSwag,0.5,validation,discovery
610,0.39620883765286335,0.005395886165116933,0.9809163186284274,57177,539,0.009426867446700597,36224,243,0.006708259717314488,2268,243,0.10714285714285714,HellaSwag,0.5,validation,discovery
611,0.17205842370826646,0.004125983641033811,0.9845302505544113,57175,433,0.007573240052470486,36221,210,0.005797741641589134,2265,210,0.09271523178807947,HellaSwag,0.5,validation,discovery
612,0.12714927385114197,0.0034351378832984092,0.9819988342788246,57177,506,0.0088497122969026,36224,242,0.00668065371024735,2268,242,0.10670194003527336,HellaSwag,0.5,validation,discovery
613,0.17342938911142144,0.009521537189030989,0.9802350328333697,57175,555,0.009707039790118058,36223,309,0.008530491676559093,2267,308,0.13586237318041464,HellaSwag,0.5,validation,discovery
614,0.17093024533034384,0.004983543027021287,0.9814401165237809,57177,522,0.009129545096804659,36223,248,0.006846478756591116,2267,248,0.10939567710630789,HellaSwag,0.5,validation,discovery
615,0.1886760169012965,0.008040129695648088,0.981675663847881,57176,516,0.00902476563593116,36223,258,0.007122546448389145,2267,258,0.11380679311865902,HellaSwag,0.5,validation,discovery
616,0.10038847984960113,0.003468378189221854,0.9840153148680079,57176,449,0.007852945291730796,36224,207,0.005714443462897526,2268,207,0.09126984126984126,HellaSwag,0.5,validation,discovery
617,0.19029828191676734,0.0022322066636448028,0.9805232984200571,57176,551,0.009636910591856724,36223,251,0.0069292990641305246,2267,251,0.11071901191001324,HellaSwag,0.5,validation,discovery
618,0.21718698310690576,0.01000986193293885,0.9823131130160366,57177,498,0.008709795896951571,36224,246,0.006791077738515901,2268,246,0.10846560846560846,HellaSwag,0.5,validation,discovery
619,0.1644447283223226,0.006566138576064136,0.9819201049992373,57176,509,0.008902336644746047,36223,257,0.007094939679209342,2267,257,0.1133656815174239,HellaSwag,0.5,validation,discovery
620,0.38333197315789225,0.007478632478632464,0.9819289945594442,57177,508,0.008884691396890358,36224,235,0.006487411660777385,2268,235,0.10361552028218694,HellaSwag,0.5,validation,discovery
621,0.33712609094175355,0.006919789612097296,0.9817893151206832,57177,514,0.00898962869685363,36223,239,0.00659801783397289,2267,238,0.10498456109395678,HellaSwag,0.5,validation,discovery
622,0.19961446920536619,0.005331671301570965,0.9826883486177865,57176,486,0.008500069959423534,36223,236,0.006515197526433481,2267,236,0.10410233789148654,HellaSwag,0.5,validation,discovery
623,0.3874099731746486,0.012672583826429978,0.9817715334815471,57175,514,0.008989943156974201,36222,251,0.006929490364971564,2266,251,0.11076787290379524,HellaSwag,0.5,validation,discovery
624,0.1869424602092305,0.008415023768621781,0.9796673960964446,57174,571,0.009987057053905622,36223,299,0.008254423984761063,2267,299,0.13189236876929863,HellaSwag,0.5,validation,discovery
625,0.09504335134755658,0.004911429330190792,0.9814312226965244,57176,523,0.009147194627116273,36224,277,0.007646863957597173,2268,277,0.12213403880070546,HellaSwag,0.5,validation,discovery
626,0.12564806704379122,0.005005904118537631,0.9801391766107825,57176,557,0.009741849727158249,36222,260,0.007177958146982496,2266,260,0.1147396293027361,HellaSwag,0.5,validation,discovery
627,0.2644971646835769,0.0076015279179050856,0.9829067506307706,57177,480,0.008394983997061756,36224,241,0.006653047703180212,2268,241,0.10626102292768959,HellaSwag,0.5,validation,discovery
628,0.3120591549871746,0.00461151407181183,0.9837442530177969,57173,457,0.007993283542931103,36222,215,0.005935619236927834,2266,215,0.09488084730803177,HellaSwag,0.5,validation,discovery
629,0.1572524821815069,0.004987964200123013,0.980426750522751,57173,550,0.009619925489304392,36222,259,0.007150350615647949,2266,259,0.11429832303618712,HellaSwag,0.5,validation,discovery
630,0.1071616727380775,0.005930680155245909,0.9830724704270611,57176,474,0.008290191688820484,36224,236,0.006515017667844523,2268,236,0.10405643738977072,HellaSwag,0.5,validation,discovery
631,0.22783763368156798,0.007971729125575276,0.9810032831574584,57175,534,0.009339746392654133,36223,269,0.0074262209093669766,2267,269,0.11865902073224525,HellaSwag,0.5,validation,discovery
632,0.1586963349099332,0.007860914932875223,0.9802699533026463,57175,555,0.009707039790118058,36223,275,0.007591861524445794,2267,275,0.12130569033965594,HellaSwag,0.5,validation,discovery
633,0.13716556188956755,0.004695022374923128,0.9786465277485624,57177,602,0.010528709096314951,36223,284,0.00784032244706402,2267,284,0.12527569475077194,HellaSwag,0.5,validation,discovery
634,0.4045499046558327,0.007380013149243934,0.9820426427040037,57178,506,0.008849557522123894,36224,240,0.0066254416961130744,2268,240,0.10582010582010581,HellaSwag,0.5,validation,discovery
635,0.2363336045025851,0.005866931284991487,0.9807677395714137,57176,540,0.00944452217713726,36224,251,0.00692910777385159,2268,251,0.11067019400352733,HellaSwag,0.5,validation,discovery
636,0.13068343671371363,0.007879847762790895,0.9815880386709547,57174,518,0.009060062266064995,36221,279,0.007702713895254135,2265,279,0.12317880794701987,HellaSwag,0.5,validation,discovery
637,0.34629301650487965,0.014349112426035517,0.9797112257942182,57175,573,0.010021862702229996,36222,298,0.008227044337695322,2266,298,0.13150926743159752,HellaSwag,0.5,validation,discovery
638,0.2984563206789118,0.007149901380670625,0.9837531266640386,57174,454,0.007940672333578199,36222,205,0.005659543923582353,2266,205,0.09046778464254192,HellaSwag,0.5,validation,discovery
639,0.2979891064545377,0.012271776903883935,0.9813613823675653,57176,524,0.00916468448299986,36223,266,0.007343400601827568,2267,266,0.11733568592853992,HellaSwag,0.5,validation,discovery
640,0.1833584540848206,0.007453109877859043,0.9781487272354508,57176,614,0.010738771512522737,36224,330,0.009109982332155478,2268,329,0.14506172839506173,HellaSwag,0.5,validation,discovery
641,0.1766963043962721,0.007840236686390526,0.9802699533026463,57175,556,0.009724529951902055,36222,264,0.007288388272320689,2266,264,0.11650485436893204,HellaSwag,0.5,validation,discovery
642,0.26543310331971104,0.008199492814877434,0.9813353569447102,57177,524,0.009164524196792416,36223,268,0.007398614140187174,2267,268,0.11821790913101014,HellaSwag,0.5,validation,discovery
643,0.23914949991352938,0.008609308392186802,0.9846699324315185,57175,431,0.0075382597289024925,36224,222,0.006128533568904594,2268,222,0.09788359788359788,HellaSwag,0.5,validation,discovery
644,0.15170172143844884,0.007058439905834438,0.9814134348005445,57174,523,0.009147514604540526,36222,248,0.0068466677709679204,2266,248,0.10944395410414828,HellaSwag,0.5,validation,discovery
645,0.3056318912249937,0.006591058514135446,0.9817455041768399,57176,515,0.009007275780047572,36224,268,0.0073984098939929325,2268,268,0.11816578483245149,HellaSwag,0.5,validation,discovery
646,0.3681731148345872,0.007924767540152169,0.9810032831574584,57176,533,0.009322093185952148,36224,254,0.007011925795053004,2268,253,0.11155202821869488,HellaSwag,0.5,validation,discovery
647,0.29651780638798303,0.007431670893209348,0.9818502646702784,57176,511,0.008937316356513222,36224,229,0.006321775618374558,2268,229,0.1009700176366843,HellaSwag,0.5,validation,discovery
648,0.23195489532280403,0.0031152573646370165,0.9830375502625817,57176,476,0.00832517140058766,36224,222,0.006128533568904594,2268,222,0.09788359788359788,HellaSwag,0.5,validation,discovery
649,0.11609656186509883,0.006681989777523271,0.9814312226965244,57176,521,0.009112214915349097,36224,277,0.007646863957597173,2268,277,0.12213403880070546,HellaSwag,0.5,validation,discovery
650,0.2659237694957883,0.004050436742744446,0.9845651710236881,57175,433,0.007573240052470486,36223,214,0.005907848604477818,2267,214,0.09439788266431408,HellaSwag,0.5,validation,discovery
651,0.15650337686572655,0.00466328543251622,0.9813353569447102,57177,523,0.009147034646798538,36224,237,0.00654262367491166,2268,237,0.10449735449735449,HellaSwag,0.5,validation,discovery
652,0.10835750480178248,0.004603256275497078,0.984198785439309,57177,445,0.007782849747276003,36224,231,0.006376987632508834,2268,231,0.10185185185185185,HellaSwag,0.5,validation,discovery
653,0.2013955775169658,0.003322532168686019,0.9837010333876923,57176,458,0.008010353994683084,36223,244,0.006736051679871904,2267,244,0.10763123070136744,HellaSwag,0.5,validation,discovery
654,0.11057877049320043,0.007067718606180137,0.9793181883556246,57174,583,0.010196942666246895,36222,236,0.006515377394953344,2266,236,0.10414827890556046,HellaSwag,0.5,validation,discovery
655,0.15426256425548585,0.006443129520052606,0.9815797959625419,57177,520,0.009094565996816902,36223,246,0.0067912652182315104,2267,246,0.10851345390383767,HellaSwag,0.5,validation,discovery
656,0.25229226192529486,0.009757216177811699,0.9832997466807253,57178,470,0.008219944733988597,36224,228,0.00629416961130742,2268,228,0.10052910052910052,HellaSwag,0.5,validation,discovery
657,0.08072447345156386,0.004881656804733723,0.9849670223524942,57177,422,0.007380590097416794,36224,181,0.004996687279151943,2268,181,0.07980599647266313,HellaSwag,0.5,validation,discovery
658,0.38903436747315456,0.013275169137452004,0.9797899749659875,57176,569,0.009951727997761298,36224,274,0.00756404593639576,2268,274,0.12081128747795414,HellaSwag,0.5,validation,discovery
659,0.2257217316428839,0.005513933956861998,0.9779213573923445,57174,622,0.010879070906356036,36224,313,0.008640680212014135,2268,313,0.13800705467372135,HellaSwag,0.5,validation,discovery
660,0.20009942813159573,0.005477354306785745,0.9825918574142547,57173,489,0.00855298829867245,36224,248,0.006846289752650177,2268,248,0.10934744268077601,HellaSwag,0.5,validation,discovery
661,0.18236578697848146,0.0020538547294400127,0.9841023344048586,57174,446,0.007800748592017351,36223,221,0.006101095988736438,2267,221,0.09748566387295986,HellaSwag,0.5,validation,discovery
662,0.25023482951144954,0.005309927692331403,0.982208353436966,57177,502,0.008779754096927087,36224,260,0.00717756183745583,2268,260,0.1146384479717813,HellaSwag,0.5,validation,discovery
663,0.1524126799078688,0.005431966889513553,0.980392520733074,57177,554,0.009689210696608776,36223,282,0.0077851089087044145,2267,282,0.12439347154830172,HellaSwag,0.5,validation,discovery
664,0.1505786454146695,0.008323941016248683,0.9832381931911712,57175,470,0.008220376038478356,36224,235,0.006487411660777385,2268,235,0.10361552028218694,HellaSwag,0.5,validation,discovery
665,0.2601134682317277,0.008596318211702828,0.9801042564463031,57176,558,0.009759339583041836,36224,287,0.007922924028268552,2268,287,0.12654320987654322,HellaSwag,0.5,validation,discovery
666,0.16277901050639731,0.006468579669572225,0.9826972314726292,57177,486,0.008499921297025028,36223,238,0.0065704110647930875,2267,237,0.10454344949272165,HellaSwag,0.5,validation,discovery
667,0.29374697748578577,0.01044914211787661,0.9792921801628971,57175,582,0.010179274158285965,36223,286,0.007895535985423625,2267,286,0.12615791795324216,HellaSwag,0.5,validation,discovery
668,0.39379168205296067,0.009111683739475303,0.9829499488601526,57176,481,0.008412620680005596,36224,226,0.006238957597173145,2268,225,0.0992063492063492,HellaSwag,0.5,validation,discovery
669,0.17275908226194311,0.007577251808021038,0.9803486975976596,57176,553,0.009671890303623898,36224,252,0.006956713780918728,2268,252,0.1111111111111111,HellaSwag,0.5,validation,discovery
670,0.39745306846015827,0.011620644312952004,0.9825924718935585,57177,492,0.008604858596988299,36224,250,0.006901501766784452,2268,250,0.11022927689594356,HellaSwag,0.5,validation,discovery
671,0.1016944631124688,0.005521559451325331,0.9815359831899628,57176,521,0.009112214915349097,36224,262,0.007232773851590106,2268,262,0.11552028218694885,HellaSwag,0.5,validation,discovery
672,0.1859724039229323,0.005669080083795797,0.9809505667061793,57173,534,0.009340073111433719,36222,267,0.007371210866324333,2266,267,0.117828773168579,HellaSwag,0.5,validation,discovery
673,0.28247769488460134,0.008248764607325395,0.9835353081051948,57177,464,0.008115151197159698,36223,215,0.0059354553736576205,2267,215,0.09483899426554919,HellaSwag,0.5,validation,discovery
674,0.16287055852148044,0.008278510786871994,0.9776159976376123,57175,631,0.011036292085701793,36224,309,0.008530256183745583,2268,309,0.13624338624338625,HellaSwag,0.5,validation,discovery
675,0.07321879286855817,0.004023662711223399,0.979824895130467,57176,570,0.009969217853644886,36223,290,0.008005963062142837,2267,290,0.12792236435818263,HellaSwag,0.5,validation,discovery
676,0.18579093794554935,0.007885973186976529,0.9796592036795791,57177,572,0.010004022596498591,36224,265,0.007315591872791519,2268,265,0.11684303350970017,HellaSwag,0.5,validation,discovery
677,0.2881560408865276,0.013073688787088304,0.9791004859245355,57177,589,0.01030134494639453,36223,292,0.008061176600502443,2267,292,0.12880458756065286,HellaSwag,0.5,validation,discovery
678,0.09894487448584574,0.005318399549168785,0.9832731136604479,57175,470,0.008220376038478356,36224,242,0.00668065371024735,2268,242,0.10670194003527336,HellaSwag,0.5,validation,discovery
679,0.32575051631796564,0.007642998027613414,0.9800433221361716,57177,562,0.009829127096559805,36223,294,0.00811639013886205,2267,294,0.12968681076312308,HellaSwag,0.5,validation,discovery
680,0.23054773243467827,0.010339205573319278,0.9838318411688761,57175,454,0.007940533449934412,36223,236,0.006515197526433481,2267,236,0.10410233789148654,HellaSwag,0.5,validation,discovery
681,0.43940192119193605,0.01615713346482578,0.9788731345315758,57175,594,0.010389156099693922,36221,313,0.008641395875320946,2265,313,0.1381898454746137,HellaSwag,0.5,validation,discovery
682,0.1576829349128681,0.003578472809242045,0.9824959787970866,57174,491,0.008587819638297129,36222,214,0.0059080117055932855,2266,214,0.09443954104148279,HellaSwag,0.5,validation,discovery
683,0.13119854661241212,0.004570076894491616,0.9819372464117746,57174,509,0.00890264805680904,36224,255,0.007039531802120141,2268,255,0.11243386243386243,HellaSwag,0.5,validation,discovery
684,0.31993812839713387,0.013546902504718874,0.9788991390666406,57174,594,0.010389337810893063,36223,304,0.008392457830660078,2267,304,0.1340979267754742,HellaSwag,0.5,validation,discovery
685,0.10515134903665953,0.0037419672965578656,0.9819988342788246,57177,506,0.0088497122969026,36224,236,0.006515017667844523,2268,236,0.10405643738977072,HellaSwag,0.5,validation,discovery
686,0.2555887957868405,0.008438996900535371,0.9797365243536679,57170,570,0.009970264124540842,36224,253,0.006984319787985866,2268,253,0.11155202821869488,HellaSwag,0.5,validation,discovery
687,0.10005275725842114,0.0033460129613975802,0.9821994663150735,57176,500,0.008744927941793759,36222,241,0.006653415051626084,2266,241,0.10635481023830538,HellaSwag,0.5,validation,discovery
688,0.1499675355016395,0.003528557188606816,0.9822693066440324,57176,499,0.008727438085910172,36223,220,0.0060734892195566355,2267,220,0.09704455227172475,HellaSwag,0.5,validation,discovery
689,0.2575454863197357,0.008298112144265988,0.980619157995414,57175,547,0.009567118495846086,36222,292,0.008061399149688035,2266,292,0.12886142983230361,HellaSwag,0.5,validation,discovery
690,0.2540967550014993,0.007044919513902148,0.9810909179268786,57177,532,0.009304440596743445,36223,273,0.007536647986086188,2267,273,0.12042346713718571,HellaSwag,0.5,validation,discovery
691,0.177920713994048,0.00901203033310056,0.9823651814592521,57175,496,0.008675120244862266,36223,271,0.007481434447726583,2267,271,0.11954124393471548,HellaSwag,0.5,validation,discovery
692,0.20315559293571572,0.01135765943458251,0.9810293062856427,57174,534,0.009339909749186694,36222,284,0.007840538899011651,2266,284,0.12533097969991175,HellaSwag,0.5,validation,discovery
693,0.09824231889604654,0.004998568429089525,0.9819899453281965,57176,508,0.00888484678886246,36224,259,0.007149955830388692,2268,259,0.11419753086419752,HellaSwag,0.5,validation,discovery
694,0.29855964266630636,0.003238001314924384,0.9814312226965244,57176,521,0.009112214915349097,36224,252,0.006956713780918728,2268,252,0.1111111111111111,HellaSwag,0.5,validation,discovery
695,0.20551343105423095,0.004403488409314282,0.9836400676842655,57177,462,0.008080172097171939,36223,217,0.005990668912017227,2267,217,0.09572121746801941,HellaSwag,0.5,validation,discovery
696,0.21902806514126658,0.009089414858645624,0.9824610580230045,57174,492,0.008605310105992234,36222,240,0.006625807520291536,2266,240,0.1059135039717564,HellaSwag,0.5,validation,discovery
697,0.2818647788361651,0.005050922693063165,0.9799823889643764,57178,565,0.009881422924901186,36224,271,0.0074812279151943465,2268,271,0.11948853615520282,HellaSwag,0.5,validation,discovery
698,0.12020185527124803,0.004070698394519742,0.9835003882455046,57177,464,0.008115151197159698,36224,233,0.006432199646643109,2268,233,0.1027336860670194,HellaSwag,0.5,validation,discovery
699,0.06768124229378311,0.0028225806451612915,0.981885184834758,57176,509,0.008902336644746047,36224,237,0.00654262367491166,2268,237,0.10449735449735449,HellaSwag,0.5,validation,discovery
700,0.09566182471261836,0.0026452199758381636,0.9817283667098232,57178,514,0.00898947147504285,36224,229,0.006321775618374558,2268,229,0.1009700176366843,HellaSwag,0.5,validation,discovery
701,0.2917513880575619,0.008480732115967851,0.9820680412308264,57173,504,0.008815349902926206,36223,268,0.007398614140187174,2267,268,0.11821790913101014,HellaSwag,0.5,validation,discovery
702,0.08677089990114041,0.004284108502470773,0.9831772309204997,57176,472,0.00825521197705331,36223,229,0.006321950142174861,2267,229,0.10101455668284076,HellaSwag,0.5,validation,discovery
703,0.05422554358742167,0.00468441814595659,0.981352487850226,57175,523,0.00914735461303017,36222,250,0.006901882833637016,2266,250,0.11032656663724624,HellaSwag,0.5,validation,discovery
704,0.17000120707329486,0.0016472286539176116,0.9819899453281965,57176,508,0.00888484678886246,36224,237,0.00654262367491166,2268,236,0.10405643738977072,HellaSwag,0.5,validation,discovery
705,0.14692107223063178,0.010460693153000855,0.9818242349803735,57177,512,0.008954649596865873,36223,262,0.007232973525108356,2267,262,0.11557123952359948,HellaSwag,0.5,validation,discovery
706,0.2880717738509304,0.007914838425141584,0.9806020398912154,57177,546,0.009549294296657747,36223,309,0.008530491676559093,2267,309,0.13630348478164975,HellaSwag,0.5,validation,discovery
707,0.16702726547723315,0.007708744247205792,0.9808636012803513,57175,540,0.009444687363358111,36223,231,0.006377163680534467,2267,231,0.10189677988531098,HellaSwag,0.5,validation,discovery
708,0.17461639881076643,0.008267587113740966,0.9817804243413194,57176,514,0.008989785924163985,36224,252,0.006956713780918728,2268,252,0.1111111111111111,HellaSwag,0.5,validation,discovery
709,0.15357171097646938,0.003240349394195548,0.9814661428610039,57176,523,0.009147194627116273,36223,259,0.007150153217568948,2267,259,0.11424790471989413,HellaSwag,0.5,validation,discovery
710,0.21951240740764313,0.007283741899126504,0.9828369109113901,57177,484,0.00846494219703727,36223,246,0.0067912652182315104,2267,246,0.10851345390383767,HellaSwag,0.5,validation,discovery
711,0.16433192199274388,0.007418399140807165,0.9764725593404344,57176,664,0.011613264306702113,36223,345,0.009524335367031997,2267,345,0.1521835024261138,HellaSwag,0.5,validation,discovery
712,0.16494284150848665,0.004442641725520143,0.9805315137594367,57173,549,0.009602434715687475,36221,254,0.007012506556969713,2265,254,0.11214128035320088,HellaSwag,0.5,validation,discovery
713,0.14117378982794596,0.009615384615384625,0.9791695916825232,57173,586,0.010249593339513407,36221,299,0.00825487976588167,2265,298,0.1315673289183223,HellaSwag,0.5,validation,discovery
714,0.12444558130377063,0.008441344979806517,0.9814312226965244,57176,522,0.009129704771232684,36223,256,0.0070673329100295395,2267,256,0.1129245699161888,HellaSwag,0.5,validation,discovery
715,0.1846532552361057,0.00429851642226223,0.9787512873276331,57177,600,0.010493729996327195,36224,284,0.007840106007067138,2268,284,0.12522045855379188,HellaSwag,0.5,validation,discovery
716,0.2831664158446766,0.010575034404465836,0.9794496845214378,57177,582,0.01017891809643738,36224,279,0.007702075971731449,2268,279,0.12301587301587301,HellaSwag,0.5,validation,discovery
717,0.11589471862176239,0.007034580390659802,0.9815531178968726,57174,519,0.0090775527337601,36221,239,0.006598382153999062,2265,239,0.1055187637969095,HellaSwag,0.5,validation,discovery
718,0.15198363402831747,0.006562881562881565,0.9847746938393488,57175,428,0.007485789243550503,36224,224,0.006183745583038869,2268,224,0.09876543209876543,HellaSwag,0.5,validation,discovery
719,0.15269088159524788,0.006832910679064518,0.9802788572687007,57176,557,0.009741849727158249,36224,268,0.0073984098939929325,2268,268,0.11816578483245149,HellaSwag,0.5,validation,discovery
720,0.14792151352784844,0.0028763971071663333,0.9818585147574551,57173,511,0.008937785318244625,36224,263,0.007260379858657244,2268,263,0.11596119929453262,HellaSwag,0.5,validation,discovery
721,0.2504405955883301,0.003250229110623974,0.9794667825092809,57175,578,0.010109313511149978,36223,285,0.007867929216243822,2267,285,0.12571680635200705,HellaSwag,0.5,validation,discovery
722,0.144430222733717,0.006619031284583115,0.9810471008872498,57176,535,0.009357072897719323,36224,247,0.006818683745583039,2268,247,0.10890652557319223,HellaSwag,0.5,validation,discovery
723,0.25535645345659275,0.006888039496735149,0.9813874083195028,57175,523,0.00914735461303017,36224,256,0.007067137809187279,2268,256,0.1128747795414462,HellaSwag,0.5,validation,discovery
724,0.23697832440735025,0.007167487275913211,0.9799556690791554,57175,567,0.009916921731526017,36223,304,0.008392457830660078,2267,302,0.13321570357300397,HellaSwag,0.5,validation,discovery
725,0.16632414739735238,0.006393819855358317,0.9811956775059494,57177,529,0.009251971946761809,36224,243,0.006708259717314488,2268,243,0.10714285714285714,HellaSwag,0.5,validation,discovery
726,0.2094203284633407,0.007610124917817219,0.9837270797610459,57175,458,0.008010494097070399,36224,228,0.00629416961130742,2268,228,0.10052910052910052,HellaSwag,0.5,validation,discovery
727,0.14574837396613433,0.004421433267587115,0.9812388309301346,57174,526,0.009199986007625845,36222,244,0.006736237645629728,2266,244,0.10767872903795234,HellaSwag,0.5,validation,discovery
728,0.11035813922844742,0.0020428289659058857,0.9829937499062339,57175,480,0.00839527765631832,36224,201,0.0055488074204947,2268,201,0.08862433862433862,HellaSwag,0.5,validation,discovery
729,0.10966917509572102,0.0034164553395322674,0.9818153445057989,57176,512,0.00895480621239681,36224,224,0.006183745583038869,2268,224,0.09876543209876543,HellaSwag,0.5,validation,discovery
730,0.1726414682995044,0.004973844438727378,0.9818413744201008,57175,508,0.008885002186270223,36222,224,0.006184087018938767,2266,224,0.09885260370697264,HellaSwag,0.5,validation,discovery
731,0.13551458910488903,0.008874035393886518,0.9816578802191186,57174,514,0.00899010039528457,36222,262,0.007233173209651593,2266,262,0.11562224183583407,HellaSwag,0.5,validation,discovery
732,0.10574912809526024,0.002689673759907874,0.98031377743318,57176,554,0.009689380159507486,36223,286,0.007895535985423625,2267,286,0.12615791795324216,HellaSwag,0.5,validation,discovery
733,0.19534437111955277,0.0041165616847998986,0.9802001123640929,57175,559,0.009777000437254045,36223,289,0.007978356292963035,2267,289,0.1274812527569475,HellaSwag,0.5,validation,discovery
734,0.17458070216225913,0.00464862887319463,0.9808204582821908,57178,541,0.00946168106614432,36224,230,0.006349381625441696,2268,230,0.10141093474426807,HellaSwag,0.5,validation,discovery
735,0.20797232303729885,0.006263122733346064,0.9810299756116445,57178,534,0.009339256357340236,36224,264,0.007287985865724381,2268,264,0.1164021164021164,HellaSwag,0.5,validation,discovery
736,0.19436486540400044,0.006140984738999623,0.9809074202293318,57176,538,0.009409542465370086,36223,265,0.007315793832647765,2267,265,0.11689457432730481,HellaSwag,0.5,validation,discovery
737,0.1815697808834432,0.0058467173851789195,0.9800953509562625,57175,558,0.009759510275470049,36224,282,0.007784893992932862,2268,282,0.12433862433862433,HellaSwag,0.5,validation,discovery
738,0.17941131928943546,0.005435803512726586,0.980426750522751,57173,552,0.009654907036538226,36223,272,0.007509041216906385,2267,272,0.1199823555359506,HellaSwag,0.5,validation,discovery
739,0.19275578814051947,0.007572555649478736,0.9813874083195028,57175,523,0.00914735461303017,36224,248,0.006846289752650177,2268,248,0.10934744268077601,HellaSwag,0.5,validation,discovery
740,0.10717781530161753,0.005400998918368648,0.9813874083195028,57175,524,0.009164844774814168,36224,255,0.007039531802120141,2268,255,0.11243386243386243,HellaSwag,0.5,validation,discovery
741,0.21884892403347841,0.0021062649784734135,0.9814140907156428,57178,521,0.009111896183846934,36224,243,0.006708259717314488,2268,243,0.10714285714285714,HellaSwag,0.5,validation,discovery
742,0.09650919207611101,0.003955377404508927,0.983133431783341,57175,472,0.00825535636204635,36223,221,0.006101095988736438,2267,221,0.09748566387295986,HellaSwag,0.5,validation,discovery
743,0.2556194714682438,0.006072132995209922,0.9804965926805413,57173,546,0.009549962394836724,36222,295,0.00814422174369168,2266,295,0.13018534863195058,HellaSwag,0.5,validation,discovery
744,0.18023061360899142,0.0039674224254545734,0.9824267578080018,57178,493,0.008622197348630593,36224,241,0.006653047703180212,2268,240,0.10582010582010581,HellaSwag,0.5,validation,discovery
745,0.09770723652198868,0.00656216199020169,0.9846089576641593,57176,432,0.007555617741709809,36224,227,0.006266563604240283,2268,227,0.10008818342151675,HellaSwag,0.5,validation,discovery
746,0.1571620556517727,0.006351554428477514,0.9831683522526177,57175,473,0.008272846523830346,36224,257,0.007094743816254417,2268,257,0.11331569664902998,HellaSwag,0.5,validation,discovery
747,0.21957679173011607,0.005506245890861292,0.980898521749628,57175,537,0.009392216878006121,36223,270,0.00745382767854678,2267,270,0.11910013233348037,HellaSwag,0.5,validation,discovery
748,0.2415306878837134,0.007840236686390535,0.9796064643863879,57175,574,0.010039352864013992,36224,319,0.008806316254416961,2268,319,0.140652557319224,HellaSwag,0.5,validation,discovery
749,0.26081009940721767,0.005597328643234348,0.9821905791128682,57175,502,0.008780061215566244,36223,247,0.006818871987411313,2267,247,0.10895456550507278,HellaSwag,0.5,validation,discovery
750,0.16142130170149238,0.004543533389687236,0.9836134435677107,57174,461,0.008063105607443943,36223,216,0.005963062142837424,2267,216,0.0952801058667843,HellaSwag,0.5,validation,discovery
751,0.24954317798295844,0.008988549540389003,0.978437008590421,57177,610,0.01066862549626598,36224,293,0.008088560070671378,2268,293,0.12918871252204586,HellaSwag,0.5,validation,discovery
752,0.11707361371146975,0.006311637080867857,0.981885184834758,57176,509,0.008902336644746047,36224,222,0.006128533568904594,2268,221,0.0974426807760141,HellaSwag,0.5,validation,discovery
753,0.18387887011411197,0.008089133089133092,0.9828540680291268,57175,480,0.00839527765631832,36224,246,0.006791077738515901,2268,246,0.10846560846560846,HellaSwag,0.5,validation,discovery
754,0.33162103488340744,0.006466610312764163,0.9812302662077573,57176,531,0.009287113474184972,36224,256,0.007067137809187279,2268,256,0.1128747795414462,HellaSwag,0.5,validation,discovery
755,0.20364600112144365,0.0038604695552586403,0.9795804539791104,57176,575,0.010056667133062823,36223,251,0.0069292990641305246,2267,251,0.11071901191001324,HellaSwag,0.5,validation,discovery
756,0.19924267223349526,0.004238283084436928,0.9807417193299763,57177,541,0.009461846546688354,36223,267,0.007371007371007371,2267,267,0.11777679752977503,HellaSwag,0.5,validation,discovery
757,0.21755763507396642,0.005050922693063158,0.9840940258602384,57177,446,0.007800339297269881,36224,218,0.006018109540636043,2268,218,0.09611992945326278,HellaSwag,0.5,validation,discovery
758,0.09172482098711153,0.0075772518080210564,0.9835524774146621,57175,463,0.008097944905990381,36222,210,0.0057975815802550935,2266,210,0.09267431597528684,HellaSwag,0.5,validation,discovery
759,0.16998629640858628,0.0036489151873767335,0.9842503308136157,57171,442,0.007731192387749034,36224,199,0.005493595406360424,2268,199,0.08774250440917107,HellaSwag,0.5,validation,discovery
760,0.36685055909193315,0.00919885577076212,0.9815880386709547,57174,520,0.009095043201455207,36221,264,0.007288589492283482,2265,264,0.11655629139072848,HellaSwag,0.5,validation,discovery
761,0.17484199180714538,0.00696818046316373,0.9791963321698359,57176,588,0.01028403525954946,36223,285,0.007867929216243822,2267,284,0.12527569475077194,HellaSwag,0.5,validation,discovery
762,0.17848172344034893,0.004678055608576696,0.9821994663150735,57176,500,0.008744927941793759,36223,256,0.0070673329100295395,2267,256,0.1129245699161888,HellaSwag,0.5,validation,discovery
763,0.2327197638284415,0.0051141166525781896,0.9831597708382599,57177,474,0.008290046697098484,36223,223,0.006156309527096044,2267,223,0.09836788707543008,HellaSwag,0.5,validation,discovery
764,0.18693243989702057,0.00535821480637533,0.9819289945594442,57177,509,0.008902180946884237,36224,241,0.006653047703180212,2268,241,0.10626102292768959,HellaSwag,0.5,validation,discovery
765,0.27945597351703205,0.011357659434582522,0.9827232687822661,57176,486,0.008500069959423534,36224,242,0.00668065371024735,2268,242,0.10670194003527336,HellaSwag,0.5,validation,discovery
766,0.3671556260792954,0.010524091293322059,0.9821734335772757,57177,504,0.008814733196914844,36224,259,0.007149955830388692,2268,259,0.11419753086419752,HellaSwag,0.5,validation,discovery
767,0.1167215024011502,0.005802103879026958,0.9809074202293318,57176,535,0.009357072897719323,36222,266,0.007343603334989785,2266,266,0.11738746690203,HellaSwag,0.5,validation,discovery
768,0.295207993866349,0.006623931623931621,0.9814312226965244,57176,522,0.009129704771232684,36223,242,0.006680838141512299,2267,242,0.10674900749889722,HellaSwag,0.5,validation,discovery
769,0.2557879517491484,0.005341880341880349,0.9800515246113466,57174,563,0.009847133312344773,36224,291,0.008033348056537102,2268,290,0.12786596119929453,HellaSwag,0.5,validation,discovery
770,0.18397562156846428,0.004551600178151048,0.9822686811755056,57172,496,0.008675575456517176,36222,232,0.006404947269615151,2266,232,0.10238305383936452,HellaSwag,0.5,validation,discovery
771,0.13224674758589722,0.006210101588513498,0.9817016925429937,57175,516,0.009024923480542195,36224,261,0.007205167844522968,2268,260,0.1146384479717813,HellaSwag,0.5,validation,discovery
772,0.2691869586633034,0.012475345167652873,0.9814397890234179,57176,524,0.00916468448299986,36224,269,0.0074260159010600705,2268,269,0.11860670194003527,HellaSwag,0.5,validation,discovery
773,0.074999379312981,0.004055549495996148,0.9821645461505939,57176,502,0.008779907653560935,36224,264,0.007287985865724381,2268,264,0.1164021164021164,HellaSwag,0.5,validation,discovery
774,0.26089653814911756,0.004399429492481607,0.9806020398912154,57177,547,0.009566783846651626,36224,246,0.006791077738515901,2268,246,0.10846560846560846,HellaSwag,0.5,validation,discovery
775,0.1836649187809747,0.00413962588280205,0.98130043708502,57177,526,0.009199503296780175,36224,268,0.0073984098939929325,2268,268,0.11816578483245149,HellaSwag,0.5,validation,discovery
776,0.19435846630264292,0.004136498952552462,0.9798419999668546,57174,568,0.009934585650820303,36223,275,0.007591861524445794,2267,275,0.12130569033965594,HellaSwag,0.5,validation,discovery
777,0.16895527442563396,0.0012353926745986355,0.9841810458616438,57175,444,0.007765631832094447,36223,203,0.005604174143499986,2267,203,0.08954565505072784,HellaSwag,0.5,validation,discovery
778,0.3139965013186645,0.010601577909270223,0.980898521749628,57175,538,0.009409707039790119,36223,287,0.00792314275460343,2267,287,0.12659902955447727,HellaSwag,0.5,validation,discovery
779,0.2808627634121696,0.007783882783882789,0.9809943855115606,57174,536,0.009374890684576906,36221,276,0.007619889014660004,2265,275,0.12141280353200883,HellaSwag,0.5,validation,discovery
780,0.09733138863482341,0.004543533389687242,0.9830896319564807,57174,475,0.00830797215517543,36223,201,0.00554896060514038,2267,201,0.0886634318482576,HellaSwag,0.5,validation,discovery
781,0.34672115767521666,0.00904938389429706,0.9806978992424548,57176,543,0.009496991744788023,36222,258,0.007122743084313401,2266,258,0.11385701676963812,HellaSwag,0.5,validation,discovery
782,0.07714271276894301,0.0044516520269028475,0.9827315417298355,57173,485,0.008483025204204781,36221,238,0.006570773860467684,2265,238,0.10507726269315673,HellaSwag,0.5,validation,discovery
783,0.14449009841609456,0.005020041992746711,0.9818502646702784,57176,512,0.00895480621239681,36222,255,0.007039920490309756,2266,255,0.11253309796999117,HellaSwag,0.5,validation,discovery
784,0.2994411100205106,0.006878653766128142,0.9762630383535573,57176,669,0.01170071358612005,36223,315,0.008696132291637909,2267,315,0.13895015438906044,HellaSwag,0.5,validation,discovery
785,0.3231548691532369,0.014135437212360276,0.9812915420386062,57176,526,0.009199664194767036,36223,258,0.007122546448389145,2267,258,0.11380679311865902,HellaSwag,0.5,validation,discovery
786,0.1781613120153683,0.006728165925490343,0.9823918382530931,57178,497,0.00869215432509007,36224,224,0.006183745583038869,2268,224,0.09876543209876543,HellaSwag,0.5,validation,discovery
787,0.06661172302897571,0.002876397107166351,0.9787505387357804,57173,597,0.010441991849299495,36222,267,0.007371210866324333,2266,266,0.11738746690203,HellaSwag,0.5,validation,discovery
788,0.3720594562387104,0.00876068376068375,0.9813175673809493,57175,526,0.00919982509838216,36224,272,0.007508833922261484,2268,272,0.11992945326278659,HellaSwag,0.5,validation,discovery
789,0.13445112444539276,0.007631768083273092,0.9817455041768399,57176,514,0.008989785924163985,36223,229,0.006321950142174861,2267,229,0.10101455668284076,HellaSwag,0.5,validation,discovery
790,0.2392884371535858,0.005407626561472715,0.9822426466253025,57173,500,0.008745386808458539,36222,235,0.006487769863618795,2266,235,0.10370697263901148,HellaSwag,0.5,validation,discovery
791,0.16155286256926352,0.0036277824739363064,0.9848445347779022,57175,425,0.007433318758198513,36223,217,0.005990668912017227,2267,217,0.09572121746801941,HellaSwag,0.5,validation,discovery
792,0.13972241976934824,0.005047612988059637,0.9833429545990016,57175,467,0.008167905553126367,36223,222,0.006128702757916241,2267,222,0.09792677547419497,HellaSwag,0.5,validation,discovery
793,0.2881110965730457,0.011154323344149645,0.9807937603417978,57175,540,0.009444687363358111,36222,281,0.007757716305008006,2266,281,0.12400706090026478,HellaSwag,0.5,validation,discovery
794,0.12507059590184294,0.004938845543279677,0.9819289945594442,57177,507,0.00886720184689648,36224,265,0.007315591872791519,2268,265,0.11684303350970017,HellaSwag,0.5,validation,discovery
795,0.1692057087602343,0.007431670893209357,0.9820331201519311,57173,506,0.00885033145016004,36222,261,0.007205565678317045,2266,261,0.11518093556928509,HellaSwag,0.5,validation,discovery
796,0.26984023020715836,0.0072703680563212456,0.9818940746997539,57177,509,0.008902180946884237,36224,261,0.007205167844522968,2268,261,0.11507936507936507,HellaSwag,0.5,validation,discovery
797,0.0637697856402274,0.00564050300402658,0.9813613823675653,57176,523,0.009147194627116273,36224,256,0.007067137809187279,2268,256,0.1128747795414462,HellaSwag,0.5,validation,discovery
798,0.23720261666746187,0.009803230957077101,0.981412780036041,57170,521,0.009113171243659263,36222,237,0.006542984926287891,2266,237,0.10458958517210945,HellaSwag,0.5,validation,discovery
799,0.272951445401359,0.01116042077580539,0.9785068483098016,57177,606,0.010598667296290467,36223,295,0.008143996908041852,2267,295,0.1301279223643582,HellaSwag,0.5,validation,discovery
800,0.2277727721479965,0.010224864321854281,0.9795633543054691,57178,576,0.010073804610164749,36224,302,0.008337014134275619,2268,302,0.13315696649029982,HellaSwag,0.5,validation,discovery
801,0.23780844092462006,0.008015117546890127,0.9780878099935189,57177,618,0.01080854189621701,36224,307,0.008475044169611307,2268,306,0.1349206349206349,HellaSwag,0.5,validation,discovery
802,0.2295793155471665,0.008023424741787017,0.9812305973656396,57177,529,0.009251971946761809,36224,268,0.0073984098939929325,2268,268,0.11816578483245149,HellaSwag,0.5,validation,discovery
803,0.1969468700395839,0.008112613881844657,0.9816667720737169,57175,518,0.009059903804110188,36224,257,0.007094743816254417,2268,257,0.11331569664902998,HellaSwag,0.5,validation,discovery
804,0.19847766164033925,0.01069315300084531,0.9822172404785483,57178,498,0.00870964356920494,36224,240,0.0066254416961130744,2268,240,0.10582010582010581,HellaSwag,0.5,validation,discovery
805,0.1671485584916106,0.007248520710059173,0.9823131130160366,57177,500,0.008744774996939328,36223,247,0.006818871987411313,2267,247,0.10895456550507278,HellaSwag,0.5,validation,discovery
806,0.23969782378573923,0.011869540715694567,0.9806889989339674,57175,544,0.009514648010494097,36223,289,0.007978356292963035,2267,289,0.1274812527569475,HellaSwag,0.5,validation,discovery
807,0.13220433684298935,0.004663646042165838,0.982801383887626,57173,483,0.008448043656970947,36222,231,0.0063773397382806025,2266,231,0.10194174757281553,HellaSwag,0.5,validation,discovery
808,0.166199036288233,0.005748438906007145,0.9829671088498341,57172,477,0.00834324494507801,36222,234,0.006460162332284247,2266,234,0.10326566637246248,HellaSwag,0.5,validation,discovery
809,0.1804564871532112,0.006894675372936241,0.9817455041768399,57176,514,0.008989785924163985,36224,232,0.006404593639575972,2268,232,0.10229276895943562,HellaSwag,0.5,validation,discovery
810,0.23834358354026622,0.009867547911026174,0.9802090169397416,57176,559,0.009776829438925423,36224,297,0.008198984098939929,2268,297,0.13095238095238096,HellaSwag,0.5,validation,discovery
811,0.20734036268921305,0.011560206794320502,0.9788820506895204,57176,596,0.010423954106618161,36224,312,0.008613074204946997,2268,311,0.1371252204585538,HellaSwag,0.5,validation,discovery
812,0.24988285476400776,0.008089133089133092,0.9825315164727286,57178,492,0.008604708104515723,36224,272,0.007508833922261484,2268,272,0.11992945326278659,HellaSwag,0.5,validation,discovery
813,0.18452656309882137,0.005459284305438148,0.9842769382752686,57174,442,0.007730786721236926,36224,204,0.005631625441696113,2268,204,0.08994708994708994,HellaSwag,0.5,validation,discovery
814,0.08954935524965613,0.002265328412971085,0.9842242786636252,57172,442,0.007731057160847967,36224,201,0.0055488074204947,2268,201,0.08862433862433862,HellaSwag,0.5,validation,discovery
815,0.1528166802049948,0.004440520879726833,0.9833340773750546,57174,467,0.00816804841361458,36223,204,0.005631780912679789,2267,204,0.08998676665196295,HellaSwag,0.5,validation,discovery
816,0.3949906011490303,0.00973513665821357,0.9787772901960818,57176,599,0.010476423674268924,36224,271,0.0074812279151943465,2268,271,0.11948853615520282,HellaSwag,0.5,validation,discovery
817,0.16121280612329175,0.006131549609810481,0.980392520733074,57177,554,0.009689210696608776,36224,257,0.007094743816254417,2268,257,0.11331569664902998,HellaSwag,0.5,validation,discovery
818,0.23798647943323228,0.005634822167080224,0.9797290433989596,57177,572,0.010004022596498591,36224,279,0.007702075971731449,2268,279,0.12301587301587301,HellaSwag,0.5,validation,discovery
819,0.20947064068460317,0.005160669876388947,0.9817715334815471,57175,512,0.008954962833406209,36223,240,0.006625624603152693,2267,240,0.105866784296427,HellaSwag,0.5,validation,discovery
820,0.15199997532905984,0.0032755705832629004,0.9838928097603666,57174,453,0.007923181865883094,36224,239,0.0065978356890459364,2268,239,0.10537918871252204,HellaSwag,0.5,validation,discovery
821,0.29497961658993405,0.006514388621412034,0.9797194201642068,57172,571,0.00998740642272441,36221,308,0.008503354407664062,2265,308,0.13598233995584988,HellaSwag,0.5,validation,discovery
822,0.2067307486577421,0.00521728065152383,0.9833607088067435,57177,468,0.008185109397135211,36223,214,0.005907848604477818,2267,214,0.09439788266431408,HellaSwag,0.5,validation,discovery
823,0.28423002763095256,0.01158777120315583,0.9823823309408833,57173,495,0.008657932940373952,36224,243,0.006708259717314488,2268,243,0.10714285714285714,HellaSwag,0.5,validation,discovery
824,0.16521550746595146,0.006163708086785015,0.9837359535521717,57176,458,0.008010353994683084,36223,251,0.0069292990641305246,2267,251,0.11071901191001324,HellaSwag,0.5,validation,discovery
825,0.12369664811687188,0.0026137530790136254,0.9815099562431614,57177,521,0.00911205554681078,36224,246,0.006791077738515901,2268,246,0.10846560846560846,HellaSwag,0.5,validation,discovery
826,0.2206193036338944,0.0035772477244049175,0.9822077255464072,57173,500,0.008745386808458539,36224,249,0.006873895759717315,2268,248,0.10934744268077601,HellaSwag,0.5,validation,discovery
827,0.177345647220107,0.0034007762295603546,0.9823823309408833,57173,494,0.008640442166757035,36223,237,0.006542804295613284,2267,237,0.10454344949272165,HellaSwag,0.5,validation,discovery
828,0.23124039684422568,0.007616752560921288,0.9812566218741269,57176,528,0.00923464390653421,36224,287,0.007922924028268552,2268,285,0.12566137566137567,HellaSwag,0.5,validation,discovery
829,0.1860226931630866,0.005999342537804068,0.9816839093629789,57173,515,0.009007748412712294,36223,255,0.007039726140849736,2267,255,0.11248345831495368,HellaSwag,0.5,validation,discovery
830,0.10875812105949328,0.004158448389217629,0.9850019422121845,57177,421,0.007363100547422915,36223,195,0.005383319990061563,2267,195,0.08601676224084694,HellaSwag,0.5,validation,discovery
831,0.27560196169308476,0.004372219106818313,0.9814394618107124,57173,521,0.009112693054413796,36223,243,0.006708444910692102,2267,243,0.10719011910013233,HellaSwag,0.5,validation,discovery
832,0.18912260001725706,0.00649243918474688,0.9797372376446086,57174,572,0.010004547521600727,36223,279,0.007702288601165006,2267,279,0.12307013674459638,HellaSwag,0.5,validation,discovery
833,0.28302273409923195,0.010984655680685466,0.9832032727218945,57175,473,0.008272846523830346,36224,242,0.00668065371024735,2268,242,0.10670194003527336,HellaSwag,0.5,validation,discovery
834,0.3300925370783213,0.004379167840706299,0.9792401653632964,57177,587,0.010266365846406772,36224,277,0.007646863957597173,2268,277,0.12213403880070546,HellaSwag,0.5,validation,discovery
835,0.17027160938235586,0.005271248602514114,0.9813613823675653,57176,524,0.00916468448299986,36222,252,0.006957097896306112,2266,252,0.11120917917034422,HellaSwag,0.5,validation,discovery
836,0.1434628941219089,0.006187290969899662,0.9800597281881431,57171,562,0.009830158646866418,36222,298,0.008227044337695322,2266,298,0.13150926743159752,HellaSwag,0.5,validation,discovery
837,0.14047243308618387,0.009686847897550248,0.9819029644843679,57178,510,0.00891951449858337,36224,276,0.007619257950530036,2268,276,0.12169312169312169,HellaSwag,0.5,validation,discovery
838,0.17362806925703003,0.007290786136939998,0.9812648564162363,57173,528,0.009235128469732217,36221,241,0.006653598741061815,2265,241,0.106401766004415,HellaSwag,0.5,validation,discovery
839,0.35094436119479644,0.006412133556377814,0.979824895130467,57176,569,0.009951727997761298,36223,271,0.007481434447726583,2267,271,0.11954124393471548,HellaSwag,0.5,validation,discovery
840,0.3481841973821102,0.010182710865093004,0.9783671688710406,57177,610,0.01066862549626598,36223,322,0.008889379675896529,2267,322,0.14203793559770622,HellaSwag,0.5,validation,discovery
841,0.17459774799647737,0.006877107590507095,0.9806020398912154,57177,547,0.009566783846651626,36224,281,0.007757287985865724,2268,281,0.12389770723104056,HellaSwag,0.5,validation,discovery
842,0.22866277571464477,0.009881815868168232,0.9785677692092049,57176,605,0.01058136280957045,36224,293,0.008088560070671378,2268,293,0.12918871252204586,HellaSwag,0.5,validation,discovery
843,0.18429914912286766,0.008666964770643694,0.9817626425413646,57174,513,0.008972609927589463,36221,263,0.007260981198752105,2265,263,0.11611479028697572,HellaSwag,0.5,validation,discovery
844,0.21704225640921637,0.00402695595003288,0.9814134348005445,57174,525,0.009182495539930738,36221,220,0.0060738245769029016,2265,220,0.09713024282560706,HellaSwag,0.5,validation,discovery
845,0.2953583600178395,0.006938574246266548,0.9829239089676802,57175,481,0.008412767818102317,36222,228,0.006294517144276959,2266,228,0.10061782877316858,HellaSwag,0.5,validation,discovery
846,0.4063598139054487,0.012869822485207093,0.9811258377865688,57177,531,0.009286951046749568,36224,287,0.007922924028268552,2268,287,0.12654320987654322,HellaSwag,0.5,validation,discovery
847,0.3983973841707118,0.009674086597163515,0.9791614120053563,57176,590,0.010319014971316636,36223,276,0.007619468293625597,2267,276,0.12174680194089105,HellaSwag,0.5,validation,discovery
848,0.3262656538222396,0.008333333333333316,0.9820769295081027,57174,503,0.008797705250638402,36221,243,0.006708815328124568,2265,243,0.10728476821192053,HellaSwag,0.5,validation,discovery
849,0.3859892485531076,0.005339532262609181,0.9840502350324872,57176,445,0.007782985868196446,36224,253,0.006984319787985866,2268,253,0.11155202821869488,HellaSwag,0.5,validation,discovery
850,0.1557361870559183,0.005440499671268903,0.9817455041768399,57176,514,0.008989785924163985,36224,244,0.006735865724381626,2268,244,0.10758377425044091,HellaSwag,0.5,validation,discovery
851,0.09075005490538003,0.004507744116925255,0.9811607576462591,57177,530,0.009269461496755688,36224,244,0.006735865724381626,2268,244,0.10758377425044091,HellaSwag,0.5,validation,discovery
852,0.11887182065030502,0.004709940746730036,0.9833601211499495,57173,465,0.00813320973186644,36221,198,0.005466442119212611,2265,198,0.08741721854304636,HellaSwag,0.5,validation,discovery
853,0.2209213274330431,0.008290761635243244,0.9820337541385149,57177,507,0.00886720184689648,36223,249,0.006874085525770919,2267,249,0.10983678870754301,HellaSwag,0.5,validation,discovery
854,0.3589154996768305,0.0060642934402239555,0.9825575520338683,57177,491,0.008587369046994421,36224,247,0.006818683745583039,2268,247,0.10890652557319223,HellaSwag,0.5,validation,discovery
855,0.3964498635606082,0.011376444068751768,0.9816407436834014,57176,517,0.009042255491814748,36224,255,0.007039531802120141,2268,255,0.11243386243386243,HellaSwag,0.5,validation,discovery
856,0.4244345787848098,0.014169900956501459,0.9797461462634949,57175,571,0.009986882378662002,36223,327,0.009027413521795544,2267,326,0.14380238200264667,HellaSwag,0.5,validation,discovery
857,0.14269688439752742,0.00858478199615323,0.9811080445652888,57175,530,0.009269785745518146,36222,277,0.007647286179669814,2266,277,0.12224183583406885,HellaSwag,0.5,validation,discovery
858,0.16072248968550182,0.0046914623837700856,0.9822604200514219,57175,499,0.008727590730214254,36222,250,0.006901882833637016,2266,249,0.10988526037069726,HellaSwag,0.5,validation,discovery
859,0.22215836695249175,0.004020328306928799,0.9824959787970866,57174,494,0.008640291041382447,36224,220,0.006073321554770318,2268,220,0.09700176366843033,HellaSwag,0.5,validation,discovery
860,0.14182058360160948,0.007210875697228046,0.9831073905915406,57176,474,0.008290191688820484,36223,239,0.00659801783397289,2267,239,0.10542567269519189,HellaSwag,0.5,validation,discovery
861,0.15175093111347815,0.008826429980276135,0.979668112970196,57178,572,0.010003847633705272,36224,284,0.007840106007067138,2268,284,0.12522045855379188,HellaSwag,0.5,validation,discovery
862,0.29001457451648266,0.008269935193012126,0.9816229594450365,57174,517,0.009042571798369889,36222,235,0.006487769863618795,2266,235,0.10370697263901148,HellaSwag,0.5,validation,discovery
863,0.1254664210476894,0.004370490156443332,0.9821289956406399,57172,504,0.008815504092912615,36220,249,0.006874654886802872,2264,249,0.10998233215547704,HellaSwag,0.5,validation,discovery
864,0.41220627786509234,0.0063985160139006375,0.9814832763487087,57174,522,0.00913002413684542,36223,261,0.007205366755928554,2267,261,0.11513012792236436,HellaSwag,0.5,validation,discovery
865,0.06420591243827,0.006108035884710823,0.9823391469729914,57176,498,0.008709948230026585,36223,223,0.006156309527096044,2267,223,0.09836788707543008,HellaSwag,0.5,validation,discovery
866,0.3484170376188107,0.017176199868507568,0.9810115113617144,57172,535,0.009357727558944939,36222,272,0.007509248522997073,2266,272,0.12003530450132392,HellaSwag,0.5,validation,discovery
867,0.2148043927416888,0.006277028434219061,0.9814921697273331,57175,522,0.009129864451246174,36224,219,0.00604571554770318,2268,219,0.09656084656084656,HellaSwag,0.5,validation,discovery
868,0.28640426938588326,0.009782401221607171,0.9793271006321738,57175,584,0.010214254481853957,36222,293,0.008089006681022583,2266,293,0.1293027360988526,HellaSwag,0.5,validation,discovery
869,0.13229105636218239,0.007995209918286856,0.9807417193299763,57177,541,0.009461846546688354,36224,255,0.007039531802120141,2268,254,0.11199294532627865,HellaSwag,0.5,validation,discovery
870,0.22903636644000439,0.004644602888750062,0.9826362751374554,57178,490,0.008569729616285984,36224,236,0.006515017667844523,2268,236,0.10405643738977072,HellaSwag,0.5,validation,discovery
871,0.09202746741202124,0.004848783694937539,0.9818242349803735,57177,512,0.008954649596865873,36224,260,0.00717756183745583,2268,260,0.1146384479717813,HellaSwag,0.5,validation,discovery
872,0.15760251603102568,0.009714003944773182,0.9815010630254833,57176,521,0.009112214915349097,36223,257,0.007094939679209342,2267,257,0.1133656815174239,HellaSwag,0.5,validation,discovery
873,0.08699223044831311,0.002512649000943311,0.9815797959625419,57177,518,0.009059586896829145,36224,229,0.006321775618374558,2268,229,0.1009700176366843,HellaSwag,0.5,validation,discovery
874,0.16513093555113367,0.003416455339532269,0.9832642358268907,57174,471,0.008238010284395005,36222,203,0.005604328860913257,2266,203,0.08958517210944396,HellaSwag,0.5,validation,discovery
875,0.3183838898133212,0.006512057008334917,0.9783931683868072,57176,610,0.010668812088988388,36223,279,0.007702288601165006,2267,279,0.12307013674459638,HellaSwag,0.5,validation,discovery
876,0.1985297860864749,0.0029983951388633688,0.9835086812454646,57174,463,0.008098086542834155,36223,226,0.006239129834635452,2267,226,0.09969122187913543,HellaSwag,0.5,validation,discovery
877,0.11305157102679989,0.0022846811308349876,0.9823569186981841,57178,498,0.00870964356920494,36224,216,0.005962897526501767,2268,216,0.09523809523809523,HellaSwag,0.5,validation,discovery
878,0.1389902853873598,0.007970708221544335,0.982513747795389,57176,492,0.00860500909472506,36224,244,0.006735865724381626,2268,244,0.10758377425044091,HellaSwag,0.5,validation,discovery
879,0.43083123019603453,0.013491757220854205,0.9807417193299763,57177,542,0.009479336096682233,36224,249,0.006873895759717315,2268,249,0.10978835978835978,HellaSwag,0.5,validation,discovery
880,0.16532179948855522,0.0073847093077862285,0.9836134435677107,57174,459,0.008028124672053731,36222,223,0.006156479487604219,2266,223,0.09841129744042365,HellaSwag,0.5,validation,discovery
881,0.27374895993637793,0.006179021647249064,0.9817194754013028,57177,514,0.00898962869685363,36224,269,0.0074260159010600705,2268,268,0.11816578483245149,HellaSwag,0.5,validation,discovery
882,0.27725573116618385,0.006727247111862509,0.9817804243413194,57176,513,0.008972296068280398,36224,236,0.006515017667844523,2268,236,0.10405643738977072,HellaSwag,0.5,validation,discovery
883,0.18714657462013926,0.010672020287404903,0.9782014916640207,57178,615,0.010755885130644653,36224,309,0.008530256183745583,2268,309,0.13624338624338625,HellaSwag,0.5,validation,discovery
884,0.23901533234865474,0.002946839485301013,0.9824616773629108,57178,495,0.00865717583686033,36224,245,0.006763471731448764,2268,245,0.10802469135802469,HellaSwag,0.5,validation,discovery
885,0.2647446399440176,0.008037475345167654,0.9819378840392768,57178,509,0.008902025254468503,36224,234,0.006459805653710247,2268,234,0.10317460317460317,HellaSwag,0.5,validation,discovery
886,0.22246602643703453,0.009797105532891495,0.9826013555825466,57178,490,0.008569729616285984,36224,244,0.006735865724381626,2268,244,0.10758377425044091,HellaSwag,0.5,validation,discovery
887,0.24693564754442854,0.008926109732561353,0.9818235936785599,57173,510,0.00892029454462771,36221,262,0.007233372905220728,2265,262,0.11567328918322296,HellaSwag,0.5,validation,discovery
888,0.21382297431626357,0.005933596318211714,0.9817283667098232,57178,515,0.009006960719157717,36224,248,0.006846289752650177,2268,248,0.10934744268077601,HellaSwag,0.5,validation,discovery
889,0.13525121734826914,0.0057034845496384,0.9837708737166513,57176,457,0.007992864138799497,36222,211,0.005825189111589642,2266,211,0.09311562224183584,HellaSwag,0.5,validation,discovery
890,0.07797669734104262,0.00460386881791564,0.9832032727218945,57175,472,0.00825535636204635,36224,208,0.005742049469964664,2268,208,0.09171075837742504,HellaSwag,0.5,validation,discovery
891,0.12146821032383578,0.006821170282708757,0.9841549955259258,57176,444,0.007765496012312858,36224,222,0.006128533568904594,2268,222,0.09788359788359788,HellaSwag,0.5,validation,discovery
892,0.2845381316376373,0.007610124917817239,0.9816928009932007,57174,516,0.009025081330674782,36222,262,0.007233173209651593,2266,262,0.11562224183583407,HellaSwag,0.5,validation,discovery
893,0.22976199725540764,0.006587383259624053,0.9828540680291268,57175,483,0.00844774814167031,36224,216,0.005962897526501767,2268,216,0.09523809523809523,HellaSwag,0.5,validation,discovery
894,0.16009982237331846,0.0038743307974077237,0.9818934358363502,57173,509,0.008902803771010792,36222,257,0.007095135552978853,2266,257,0.11341571050308914,HellaSwag,0.5,validation,discovery
895,0.4121369350940238,0.01193998309382924,0.9822254995821451,57175,498,0.008710100568430258,36223,277,0.0076470750628053995,2267,277,0.12218791354212616,HellaSwag,0.5,validation,discovery
896,0.1839996656191792,0.003934359954426842,0.9806280589134956,57176,545,0.009531971456555198,36223,247,0.006818871987411313,2267,247,0.10895456550507278,HellaSwag,0.5,validation,discovery
897,0.2809600537841993,0.005520538547294406,0.9842769382752686,57174,438,0.007660824850456501,36224,196,0.005410777385159011,2268,196,0.08641975308641975,HellaSwag,0.5,validation,discovery
898,0.18703195139709713,0.004848783694937539,0.9820686739982051,57177,504,0.008814733196914844,36223,225,0.00621152306545565,2267,225,0.0992501102779003,HellaSwag,0.5,validation,discovery
899,0.12219344444147028,0.003910574537125403,0.9811867815451678,57176,528,0.00923464390653421,36224,274,0.00756404593639576,2268,274,0.12081128747795414,HellaSwag,0.5,validation,discovery
900,0.22465363131173782,0.00620877605989269,0.9835353081051948,57177,462,0.008080172097171939,36223,221,0.006101095988736438,2267,221,0.09748566387295986,HellaSwag,0.5,validation,discovery
901,0.2160998998826309,0.007758870635124811,0.9796324753223625,57174,574,0.01003952845699094,36222,298,0.008227044337695322,2266,298,0.13150926743159752,HellaSwag,0.5,validation,discovery
902,0.235393925716871,0.008563445101906646,0.9817016925429937,57175,515,0.009007433318758199,36224,262,0.007232773851590106,2268,262,0.11552028218694885,HellaSwag,0.5,validation,discovery
903,0.3975201711199364,0.01311708544150015,0.979336012827754,57176,584,0.01021407583601511,36224,344,0.009496466431095406,2268,344,0.15167548500881833,HellaSwag,0.5,validation,discovery
904,0.0959120012598572,0.0026462853385930234,0.981946135827931,57175,510,0.008919982509838217,36223,231,0.006377163680534467,2267,231,0.10189677988531098,HellaSwag,0.5,validation,discovery
905,0.17468475996004332,0.00522682445759369,0.9817982058196411,57178,511,0.00893700374269824,36224,243,0.006708259717314488,2268,243,0.10714285714285714,HellaSwag,0.5,validation,discovery
906,0.2529317217499429,0.007675871137409595,0.9814312226965244,57176,522,0.009129704771232684,36224,249,0.006873895759717315,2268,247,0.10890652557319223,HellaSwag,0.5,validation,discovery
907,0.30372072175737413,0.00874557438102589,0.9815886884901874,57178,520,0.009094406939732064,36224,259,0.007149955830388692,2268,259,0.11419753086419752,HellaSwag,0.5,validation,discovery
908,0.14017505082751222,0.006703766319150945,0.9831511896486022,57177,474,0.008290046697098484,36223,221,0.006101095988736438,2267,221,0.09748566387295986,HellaSwag,0.5,validation,discovery
909,0.3240270149569539,0.009766988863978825,0.9791703256439159,57177,588,0.01028385539640065,36224,305,0.008419832155477033,2268,305,0.13447971781305115,HellaSwag,0.5,validation,discovery
910,0.29841174498105716,0.00833333333333332,0.9824527924547977,57177,494,0.008639837696976058,36224,255,0.007039531802120141,2268,255,0.11243386243386243,HellaSwag,0.5,validation,discovery
911,0.30165387251497583,0.011538461538461536,0.9789258866260844,57177,597,0.010441261346345558,36224,287,0.007922924028268552,2268,286,0.12610229276895943,HellaSwag,0.5,validation,discovery
912,0.32062973515481163,0.008826429980276135,0.9828369109113901,57177,483,0.008447452647043392,36224,241,0.006653047703180212,2268,241,0.10626102292768959,HellaSwag,0.5,validation,discovery
913,0.2049251978414174,0.008136094674556225,0.9807588398725211,57175,541,0.009462177525142107,36223,240,0.006625624603152693,2267,240,0.105866784296427,HellaSwag,0.5,validation,discovery
914,0.1550149020712542,0.009239691931999632,0.980986158347808,57177,538,0.009409377896706718,36224,280,0.007729681978798587,2268,280,0.12345679012345678,HellaSwag,0.5,validation,discovery
915,0.2132241129566989,0.009292268489592909,0.9814223287887796,57175,523,0.00914735461303017,36223,248,0.006846478756591116,2267,248,0.10939567710630789,HellaSwag,0.5,validation,discovery
916,0.11026469638356876,0.008495350803043108,0.9816928009932007,57174,516,0.009025081330674782,36224,251,0.00692910777385159,2268,251,0.11067019400352733,HellaSwag,0.5,validation,discovery
917,0.2617596814903328,0.012940469044147977,0.980226825848739,57178,558,0.0097589982160971,36224,301,0.00830940812720848,2268,301,0.13271604938271606,HellaSwag,0.5,validation,discovery
918,0.12996572279447993,0.009079340841127439,0.9799987912339382,57172,562,0.009829986706779542,36223,285,0.007867929216243822,2267,285,0.12571680635200705,HellaSwag,0.5,validation,discovery
919,0.22825337609162893,0.007776226003650744,0.9818413744201008,57175,512,0.008954962833406209,36224,239,0.0065978356890459364,2268,239,0.10537918871252204,HellaSwag,0.5,validation,discovery
920,0.23873223513714106,0.011775617544848316,0.9821029623097215,57173,503,0.008797859129309289,36222,253,0.006984705427640661,2266,253,0.11165048543689321,HellaSwag,0.5,validation,discovery
921,0.08301364176433912,0.0031324134922149837,0.9828099626231102,57173,481,0.008413062109737114,36222,235,0.006487769863618795,2266,235,0.10370697263901148,HellaSwag,0.5,validation,discovery
922,0.2122034905625668,0.007445759368836289,0.9807848608670686,57174,541,0.009462343023052436,36223,236,0.006515197526433481,2267,236,0.10410233789148654,HellaSwag,0.5,validation,discovery
923,0.040384542172379946,0.005425388644991629,0.9830203902414538,57178,480,0.00839483717513729,36224,248,0.006846289752650177,2268,248,0.10934744268077601,HellaSwag,0.5,validation,discovery
924,0.3191978006395959,0.013109939113283595,0.9802870662071701,57173,555,0.009707379357388978,36224,276,0.007619257950530036,2268,276,0.12169312169312169,HellaSwag,0.5,validation,discovery
925,0.1785657527838127,0.005276134122287983,0.9804445556490302,57175,550,0.009619588981198076,36224,282,0.007784893992932862,2268,282,0.12433862433862433,HellaSwag,0.5,validation,discovery
926,0.193839196575476,0.005637738330046028,0.9841378159985398,57178,446,0.007800202875231733,36224,194,0.005355565371024735,2268,194,0.0855379188712522,HellaSwag,0.5,validation,discovery
927,0.2961879814615817,0.003968253968253962,0.9830197904083167,57174,477,0.008342953090565642,36221,231,0.006377515805748047,2265,231,0.10198675496688742,HellaSwag,0.5,validation,discovery
928,0.2122448904012851,0.00800460223537147,0.9809594647374785,57174,537,0.009392381152272011,36223,266,0.007343400601827568,2267,266,0.11733568592853992,HellaSwag,0.5,validation,discovery
929,0.12172637848233922,0.004305051854679644,0.9830902293512717,57178,476,0.008324880198677814,36224,206,0.005686837455830388,2268,206,0.09082892416225749,HellaSwag,0.5,validation,discovery
930,0.20061581965975303,0.0019478848910287007,0.9842076551083577,57178,446,0.007800202875231733,36224,193,0.005327959363957597,2268,193,0.08509700176366843,HellaSwag,0.5,validation,discovery
931,0.13032122009460567,0.002119396768226203,0.9830813499292218,57177,477,0.00834251534708012,36223,212,0.005852635066118213,2267,212,0.09351565946184384,HellaSwag,0.5,validation,discovery
932,0.2915832061604567,0.007957436469142147,0.9815709033544424,57176,520,0.00909472505946551,36224,262,0.007232773851590106,2268,262,0.11552028218694885,HellaSwag,0.5,validation,discovery
933,0.17763706304716498,0.00596010689062798,0.9819893101057743,57172,505,0.008832995172462044,36221,265,0.0073161977858148585,2265,265,0.11699779249448124,HellaSwag,0.5,validation,discovery
934,0.25505874863277167,0.0032005341369889897,0.9815537689352786,57178,521,0.009111896183846934,36224,229,0.006321775618374558,2268,229,0.1009700176366843,HellaSwag,0.5,validation,discovery
935,0.26106023576398707,0.008948908824839341,0.9820508972357613,57175,505,0.008832531700918234,36223,291,0.00803356983132264,2267,291,0.12836347595941774,HellaSwag,0.5,validation,discovery
936,0.19924506579932452,0.00259120262626574,0.9821816918303486,57174,502,0.008780214782943297,36221,232,0.006405124099279423,2265,232,0.10242825607064018,HellaSwag,0.5,validation,discovery
937,0.30735557486399656,0.01246818731310046,0.98130043708502,57177,526,0.009199503296780175,36224,280,0.007729681978798587,2268,280,0.12345679012345678,HellaSwag,0.5,validation,discovery
938,0.1789324167424041,0.0018027189243070272,0.9815797959625419,57177,521,0.00911205554681078,36223,245,0.006763658449051708,2267,245,0.10807234230260256,HellaSwag,0.5,validation,discovery
939,0.2435650613193491,0.006468958392035319,0.9821296259861144,57176,502,0.008779907653560935,36224,224,0.006183745583038869,2268,224,0.09876543209876543,HellaSwag,0.5,validation,discovery
940,0.07986656570904725,0.005013679455366804,0.9793531091297066,57174,583,0.010196942666246895,36223,256,0.0070673329100295395,2267,256,0.1129245699161888,HellaSwag,0.5,validation,discovery
941,0.36767384566493155,0.013841927303465777,0.9827410338021823,57178,486,0.008499772639826507,36224,249,0.006873895759717315,2268,249,0.10978835978835978,HellaSwag,0.5,validation,discovery
942,0.14372761840172463,0.006092129541261064,0.9804534580910982,57176,552,0.00965440044774031,36222,280,0.007730108773673458,2266,280,0.1235657546337158,HellaSwag,0.5,validation,discovery
943,0.2862199491878647,0.010026109126605405,0.9786457754990948,57173,600,0.010494464170150247,36222,289,0.00797857655568439,2266,289,0.12753751103265668,HellaSwag,0.5,validation,discovery
944,0.19908801645967594,0.013330046022353728,0.9782096456153174,57175,614,0.010738959335373853,36224,303,0.008364620141342757,2268,303,0.1335978835978836,HellaSwag,0.5,validation,discovery
945,0.1284224651316188,0.006765531013022654,0.9810648951665534,57178,535,0.009356745601455106,36224,291,0.008033348056537102,2268,291,0.1283068783068783,HellaSwag,0.5,validation,discovery
946,0.15226650412042578,0.005999342537804073,0.9833950422288447,57173,466,0.008150700505483357,36221,225,0.0062118660445597855,2265,225,0.09933774834437085,HellaSwag,0.5,validation,discovery
947,0.1817788335506459,0.005301554632658311,0.9802610492558386,57174,554,0.009689719103088816,36224,241,0.006653047703180212,2268,241,0.10626102292768959,HellaSwag,0.5,validation,discovery
948,0.16624956450901557,0.005616503526202521,0.9835613527297742,57176,463,0.008097803274101022,36222,218,0.006018441830931478,2266,218,0.09620476610767872,HellaSwag,0.5,validation,discovery
949,0.3647397037990956,0.007202273757457709,0.9794147646617475,57177,583,0.010196407646431257,36224,289,0.007978136042402826,2268,289,0.12742504409171077,HellaSwag,0.5,validation,discovery
950,0.2810316388993795,0.0021218469379004484,0.9846876634749724,57177,430,0.007520506497367823,36224,195,0.005383171378091873,2268,195,0.08597883597883597,HellaSwag,0.5,validation,discovery
951,0.14802258890851608,0.005424063116370809,0.9842769382752686,57174,441,0.00771329625354182,36224,209,0.005769655477031802,2268,209,0.09215167548500881,HellaSwag,0.5,validation,discovery
952,0.11393507997573848,0.008582229736075902,0.978437008590421,57177,608,0.010633646396278224,36224,314,0.008668286219081271,2268,314,0.1384479717813051,HellaSwag,0.5,validation,discovery
953,0.29904575940286554,0.0035103785103785074,0.9823569186981841,57178,497,0.00869215432509007,36224,216,0.005962897526501767,2268,216,0.09523809523809523,HellaSwag,0.5,validation,discovery
954,0.2913586936646789,0.013888888888888897,0.9803836177621391,57176,552,0.00965440044774031,36223,323,0.008916986445076333,2267,323,0.14247904719894133,HellaSwag,0.5,validation,discovery
955,0.12407781687289854,0.005539119000657466,0.9829848696342346,57174,477,0.008342953090565642,36224,242,0.00668065371024735,2268,242,0.10670194003527336,HellaSwag,0.5,validation,discovery
956,0.08469803912095121,0.003431793599287398,0.979824895130467,57176,569,0.009951727997761298,36224,278,0.007674469964664311,2268,278,0.12257495590828923,HellaSwag,0.5,validation,discovery
957,0.223265089020039,0.010927246295139265,0.9806109409527372,57178,547,0.009566616530833537,36224,309,0.008530256183745583,2268,309,0.13624338624338625,HellaSwag,0.5,validation,discovery
958,0.12752808791684334,0.0042455117436237325,0.980392520733074,57177,553,0.009671721146614897,36223,280,0.007729895370344808,2267,280,0.12351124834583149,HellaSwag,0.5,validation,discovery
959,0.3576716157660764,0.006720202874049024,0.98130043708502,57177,526,0.009199503296780175,36224,275,0.007591651943462898,2268,275,0.12125220458553791,HellaSwag,0.5,validation,discovery
960,0.20915510789210728,0.004986095287098634,0.9798598152949466,57176,568,0.00993423814187771,36223,290,0.008005963062142837,2267,290,0.12792236435818263,HellaSwag,0.5,validation,discovery
961,0.10659946611172588,0.005177514792899417,0.9820947058216349,57176,504,0.00881488736532811,36223,247,0.006818871987411313,2267,247,0.10895456550507278,HellaSwag,0.5,validation,discovery
962,0.06797885000387488,0.003104364977274684,0.9838928097603666,57174,453,0.007923181865883094,36224,234,0.006459805653710247,2268,234,0.10317460317460317,HellaSwag,0.5,validation,discovery
963,0.18965238897800624,0.0058601620326186165,0.9797899749659875,57176,571,0.009986707709528473,36224,270,0.0074536219081272085,2268,270,0.11904761904761904,HellaSwag,0.5,validation,discovery
964,0.2629896493490465,0.006560839754819689,0.9829588294369571,57175,479,0.008377787494534324,36224,226,0.006238957597173145,2268,226,0.09964726631393298,HellaSwag,0.5,validation,discovery
965,0.24561077374531973,0.011840947169731286,0.9813702768044005,57177,525,0.009182013746786295,36224,278,0.007674469964664311,2268,278,0.12257495590828923,HellaSwag,0.5,validation,discovery
966,0.16937441033584194,0.005307680056843939,0.982085817705038,57175,502,0.008780061215566244,36222,261,0.007205565678317045,2266,261,0.11518093556928509,HellaSwag,0.5,validation,discovery
967,0.1234226390351708,0.005534320751712054,0.9816578802191186,57174,517,0.009042571798369889,36222,250,0.006901882833637016,2266,250,0.11032656663724624,HellaSwag,0.5,validation,discovery
968,0.25269099787967864,0.009418145956607494,0.9824178725951074,57177,496,0.008674816796963815,36223,248,0.006846478756591116,2267,248,0.10939567710630789,HellaSwag,0.5,validation,discovery
969,0.19274487703661347,0.0047520201056181245,0.9841112049230902,57175,448,0.007835592479230434,36224,230,0.006349381625441696,2268,230,0.10141093474426807,HellaSwag,0.5,validation,discovery
970,0.21816782464815168,0.008464825772518083,0.9804089450735991,57171,549,0.009602770635462035,36220,273,0.0075372722252898955,2264,273,0.12058303886925795,HellaSwag,0.5,validation,discovery
971,0.10552690476186619,0.004644306497257195,0.9814134348005445,57174,522,0.00913002413684542,36223,279,0.007702288601165006,2267,279,0.12307013674459638,HellaSwag,0.5,validation,discovery
972,0.31898254859667036,0.008113560688002357,0.9819378840392768,57178,509,0.008902025254468503,36224,255,0.007039531802120141,2268,255,0.11243386243386243,HellaSwag,0.5,validation,discovery
973,0.2822243861193954,0.005152329749103954,0.9812651866770341,57176,527,0.009217154050650623,36224,259,0.007149955830388692,2268,259,0.11419753086419752,HellaSwag,0.5,validation,discovery
974,0.2048539551571683,0.005438643931199758,0.9834471319770669,57171,461,0.008063528712109287,36222,219,0.006046049362266027,2266,219,0.09664607237422772,HellaSwag,0.5,validation,discovery
975,0.2879116219287144,0.007266813005026403,0.9833607088067435,57177,469,0.00820259894712909,36224,247,0.006818683745583039,2268,247,0.10890652557319223,HellaSwag,0.5,validation,discovery
976,0.26868261189450365,0.011608979661088852,0.9817626425413646,57174,514,0.00899010039528457,36223,264,0.0072881870634679624,2267,264,0.1164534627260697,HellaSwag,0.5,validation,discovery
977,0.13345983036344775,0.01167505849780098,0.9805232984200571,57176,549,0.009601930880089548,36223,292,0.008061176600502443,2267,292,0.12880458756065286,HellaSwag,0.5,validation,discovery
978,0.2047950050735212,0.004619088521073634,0.9815709033544424,57176,521,0.009112214915349097,36224,241,0.006653047703180212,2268,241,0.10626102292768959,HellaSwag,0.5,validation,discovery
979,0.1778562826150081,0.009052866494338068,0.9824877123144878,57177,492,0.008604858596988299,36224,238,0.006570229681978798,2268,238,0.10493827160493827,HellaSwag,0.5,validation,discovery
980,0.24498972338914876,0.004783832792517648,0.9810731240960119,57175,534,0.009339746392654133,36222,255,0.007039920490309756,2266,255,0.11253309796999117,HellaSwag,0.5,validation,discovery
981,0.20936705292293553,0.007179268837754115,0.97961537414359,57176,576,0.010074156988946412,36224,311,0.008585468197879859,2268,311,0.1371252204585538,HellaSwag,0.5,validation,discovery
982,0.3065897998399657,0.006345494869068069,0.979824184315356,57172,566,0.009899951024977262,36223,287,0.00792314275460343,2267,286,0.12615791795324216,HellaSwag,0.5,validation,discovery
983,0.2221710385208095,0.008688914207308853,0.9817982058196411,57178,514,0.00898947147504285,36224,269,0.0074260159010600705,2268,269,0.11860670194003527,HellaSwag,0.5,validation,discovery
984,0.2360981589808299,0.010524432143538839,0.9767779063749701,57175,655,0.011456055968517708,36222,330,0.009110485340400862,2266,330,0.14563106796116504,HellaSwag,0.5,validation,discovery
985,0.3100372063729649,0.013744430968511235,0.9782616436312473,57173,613,0.010721844227170168,36222,328,0.009055270277731765,2266,327,0.1443071491615181,HellaSwag,0.5,validation,discovery
986,0.14640421387876706,0.0050154973231896355,0.9843035450183798,57177,440,0.007695401997306609,36223,197,0.0054385335284211685,2267,197,0.08689898544331716,HellaSwag,0.5,validation,discovery
987,0.3053549228573169,0.008662064431295219,0.9804534580910982,57176,551,0.009636910591856724,36223,250,0.006901692294950722,2267,250,0.11027790030877813,HellaSwag,0.5,validation,discovery
988,0.26440478717741966,0.009050824686276182,0.9780788869064917,57176,619,0.010826220791940674,36223,318,0.008778952599177318,2267,317,0.13983237759153067,HellaSwag,0.5,validation,discovery
989,0.2012128375351901,0.006535121206337093,0.9794058531567129,57176,579,0.010126626556597174,36224,301,0.00830940812720848,2268,301,0.13271604938271606,HellaSwag,0.5,validation,discovery
990,0.24507851388253601,0.008136094674556222,0.9811956775059494,57177,530,0.009269461496755688,36224,257,0.007094743816254417,2268,257,0.11331569664902998,HellaSwag,0.5,validation,discovery
991,0.37975006036219516,0.009286653517422742,0.9827061142472734,57178,487,0.008517261883941377,36224,224,0.006183745583038869,2268,224,0.09876543209876543,HellaSwag,0.5,validation,discovery
992,0.2295892360980537,0.00784922064186279,0.9825397838056359,57175,491,0.008587669435942283,36223,229,0.006321950142174861,2267,229,0.10101455668284076,HellaSwag,0.5,validation,discovery
993,0.25742257553741904,0.004073407083440523,0.9815880386709547,57174,517,0.009042571798369889,36223,234,0.006459983988073876,2267,234,0.10322011468901632,HellaSwag,0.5,validation,discovery
994,0.15988221776697167,0.007355358316896774,0.9810032831574584,57175,536,0.009374726716222125,36222,282,0.0077853238363425545,2266,282,0.12444836716681378,HellaSwag,0.5,validation,discovery
995,0.17917275068391436,0.008179837119043071,0.9822426466253025,57173,499,0.008727896034841622,36222,236,0.006515377394953344,2266,236,0.10414827890556046,HellaSwag,0.5,validation,discovery
996,0.14294047762384168,0.0028998778998779026,0.9813264622030858,57176,526,0.009199664194767036,36224,260,0.00717756183745583,2268,260,0.1146384479717813,HellaSwag,0.5,validation,discovery
997,0.18582573518003556,0.00690488441324561,0.9820331201519311,57173,505,0.008832840676543123,36223,246,0.0067912652182315104,2267,246,0.10851345390383767,HellaSwag,0.5,validation,discovery
998,0.08756904652265263,0.004033962315600032,0.9814223287887796,57175,522,0.009129864451246174,36224,241,0.006653047703180212,2268,241,0.10626102292768959,HellaSwag,0.5,validation,discovery
999,0.17072755138870488,0.007453447434837018,0.9824616773629108,57178,493,0.008622197348630593,36224,230,0.006349381625441696,2268,230,0.10141093474426807,HellaSwag,0.5,validation,discovery
