replicate,family_score_shift_range_points,family_percentile_shift_range,kendall_tau_b,all_eligible_pairs,all_flips,all_flip_rate,cross_family_eligible_pairs,cross_family_flips,cross_family_flip_rate,close_cross_family_eligible_pairs,close_cross_family_flips,close_cross_family_flip_rate,benchmark,anchor_fraction,audit_half,target_half
0,0.2830844685012666,0.01362268335181372,0.9621376511101499,27866,523,0.01876839158831551,19886,311,0.01563914311575983,1074,282,0.26256983240223464,BBH,0.5,discovery,validation
1,0.5236486280063015,0.011801716063929428,0.9664300341175563,27866,463,0.016615230029426543,19886,301,0.015136276777632506,1074,265,0.2467411545623836,BBH,0.5,discovery,validation
2,0.3437474895689104,0.013324124200606902,0.9602776184736072,27866,550,0.019737314289815545,19886,318,0.015991149552448958,1074,286,0.26629422718808193,BBH,0.5,discovery,validation
3,0.21156925202842253,0.004500128896798712,0.9670738915686673,27866,455,0.016328141821574677,19886,260,0.013074524791310469,1074,243,0.22625698324022347,BBH,0.5,discovery,validation
4,0.6522278604290678,0.011122007808350643,0.9639261440299026,27866,499,0.017907126964759924,19886,307,0.0154379965805089,1074,285,0.26536312849162014,BBH,0.5,discovery,validation
5,0.39089791159734233,0.008189217394545326,0.9599914596064466,27866,553,0.019844972367759995,19886,332,0.016695162425827217,1074,292,0.2718808193668529,BBH,0.5,discovery,validation
6,0.11657726986899374,0.00472446297471223,0.9648561603481739,27866,487,0.01747649465298213,19886,284,0.014281404002816052,1074,260,0.24208566108007448,BBH,0.5,discovery,validation
7,0.1909578434797967,0.0046624146252830225,0.9665015738343463,27866,460,0.016507571951482093,19886,288,0.014482550538066982,1074,264,0.24581005586592178,BBH,0.5,discovery,validation
8,0.18354844928218517,0.0027210335205741475,0.9670023518518772,27866,456,0.01636402784755616,19886,269,0.013527104495625063,1074,258,0.24022346368715083,BBH,0.5,discovery,validation
9,0.36758185466684284,0.009716872110939911,0.966143875250396,27866,468,0.016794660159333955,19886,280,0.01408025746756512,1074,262,0.24394785847299813,BBH,0.5,discovery,validation
10,0.7412857452726823,0.012589315387171823,0.9646415411978037,27866,489,0.017548266704945095,19886,284,0.014281404002816052,1074,264,0.24581005586592178,BBH,0.5,discovery,validation
11,0.12027719813051489,0.009909476117103229,0.9649277000649642,27866,484,0.01736883657503768,19886,297,0.014935130242381574,1074,275,0.25605214152700184,BBH,0.5,discovery,validation
12,0.6420697021015971,0.008671900963775328,0.9668592724182969,27866,459,0.01647168592550061,19886,277,0.013929397566126923,1074,248,0.2309124767225326,BBH,0.5,discovery,validation
13,0.45089547885582204,0.006146144898637422,0.9674315901526179,27866,449,0.01611282566568578,19886,252,0.01267223172080861,1074,241,0.22439478584729983,BBH,0.5,discovery,validation
14,0.3316180724986842,0.009134615384615383,0.9553413780150898,27866,617,0.022141678030574895,19886,374,0.018807201045961983,1074,328,0.3054003724394786,BBH,0.5,discovery,validation
15,0.23987689584099686,0.006763799510559228,0.9682900667540991,27866,438,0.01571807937988947,19886,255,0.012823091622246806,1074,243,0.22625698324022347,BBH,0.5,discovery,validation
16,0.38787792484771483,0.0026124896339020324,0.9607068567743478,27866,544,0.01952199813392665,19886,333,0.01674544905963995,1074,315,0.29329608938547486,BBH,0.5,discovery,validation
17,0.5377466531065251,0.007622382074958921,0.963568445445952,27866,505,0.01812244312064882,19886,297,0.014935130242381574,1074,273,0.2541899441340782,BBH,0.5,discovery,validation
18,0.40495130450280087,0.007909274512909868,0.9654284780824949,27866,477,0.0171176343931673,19886,286,0.014381977270441517,1074,263,0.24487895716945995,BBH,0.5,discovery,validation
19,0.49002655264432754,0.022726602125088903,0.9590614432881753,27866,566,0.02031149070551927,19886,378,0.019008347581212913,1074,339,0.31564245810055863,BBH,0.5,discovery,validation
20,0.3419759834394891,0.008198888183933042,0.9668592724182969,27866,459,0.01647168592550061,19886,272,0.01367796439706326,1074,254,0.23649906890130354,BBH,0.5,discovery,validation
21,0.21652958179523918,0.007617299616302608,0.967574669586198,27866,445,0.015969281561759852,19886,266,0.013376244594186865,1074,247,0.22998137802607077,BBH,0.5,discovery,validation
22,0.504958316595342,0.010724092291888901,0.9597053007392864,27866,559,0.02006028852364889,19886,332,0.016695162425827217,1074,285,0.26536312849162014,BBH,0.5,discovery,validation
23,0.341557389056673,0.009774803315908962,0.9615653333758291,27866,532,0.019091365822148855,19886,314,0.015790003017198028,1074,289,0.26908752327746743,BBH,0.5,discovery,validation
24,0.5425301434852308,0.019123703655388975,0.9636399851627421,27866,504,0.018086557094667336,19886,312,0.015689429749572565,1074,272,0.2532588454376164,BBH,0.5,discovery,validation
25,0.5260574956383889,0.010528830176138256,0.967574669586198,27866,448,0.0160769396397043,19886,261,0.013124811425123202,1074,251,0.23370577281191807,BBH,0.5,discovery,validation
26,0.2810527424453342,0.009236872715187777,0.9663584944007663,27866,465,0.016687002081389506,19886,281,0.014130544101377854,1074,254,0.23649906890130354,BBH,0.5,discovery,validation
27,0.5413791176026314,0.018357805371763503,0.9639976837466927,27866,499,0.017907126964759924,19886,333,0.01674544905963995,1074,295,0.2746741154562384,BBH,0.5,discovery,validation
28,0.2835116700789368,0.009095319182638995,0.965500017799285,27866,476,0.017081748367185817,19886,282,0.014180830735190586,1074,264,0.24581005586592178,BBH,0.5,discovery,validation
29,0.28049202468248724,0.005030469339644629,0.9647130809145937,27866,489,0.017548266704945095,19886,274,0.013778537664688726,1074,256,0.2383612662942272,BBH,0.5,discovery,validation
30,0.49230133173543167,0.015290718046935372,0.9664300341175563,27866,462,0.01657934400344506,19886,295,0.01483455697475611,1074,278,0.25884543761638734,BBH,0.5,discovery,validation
31,0.4160040822611258,0.012865467601726115,0.9606353170575577,27866,545,0.019557884159908133,19886,310,0.015588856481947098,1074,284,0.2644320297951583,BBH,0.5,discovery,validation
32,0.0913718765708454,0.004701697795314149,0.9697208610899012,27866,419,0.015036244886241298,19886,264,0.0132756713265614,1074,252,0.2346368715083799,BBH,0.5,discovery,validation
33,0.512054844974222,0.02204096433441109,0.9556990765990403,27866,613,0.021998133926648962,19886,401,0.020164940158905763,1074,320,0.297951582867784,BBH,0.5,discovery,validation
34,0.5909255469361558,0.02226226305507154,0.9561998546165711,27866,606,0.021746931744778583,19886,401,0.020164940158905763,1074,346,0.3221601489757914,BBH,0.5,discovery,validation
35,0.6934958238191941,0.012105851801717471,0.9710801157089133,27866,399,0.014318524366611641,19886,257,0.012923664889872273,1074,243,0.22625698324022347,BBH,0.5,discovery,validation
36,0.6174668067804706,0.010525242454454822,0.9693631625059508,27866,421,0.015108016938204263,19886,270,0.013577391129437795,1074,251,0.23370577281191807,BBH,0.5,discovery,validation
37,0.41719502476400916,0.012669863533161489,0.9629961277116312,27866,512,0.018373645302519198,19886,316,0.015890576284823495,1074,290,0.27001862197392923,BBH,0.5,discovery,validation
38,0.18940003111131593,0.01067397495985563,0.9629961277116312,27866,510,0.018301873250556232,19886,300,0.015085990143819773,1074,276,0.2569832402234637,BBH,0.5,discovery,validation
39,0.2246525298644258,0.012652463171233959,0.9617799525261994,27866,528,0.018947821718222926,19886,322,0.01619229608769989,1074,288,0.2681564245810056,BBH,0.5,discovery,validation
40,0.4610675176199062,0.014666795069337445,0.9610645553582983,27866,539,0.019342568004019234,19886,330,0.01659458915820175,1074,289,0.26908752327746743,BBH,0.5,discovery,validation
41,0.6859413111139054,0.012162252974861879,0.966143875250396,27866,468,0.016794660159333955,19886,275,0.013828824298501458,1074,260,0.24208566108007448,BBH,0.5,discovery,validation
42,0.6542122797255965,0.011741291277682106,0.9685762256212597,27866,434,0.015574535275963539,19886,262,0.013175098058935936,1074,246,0.22905027932960895,BBH,0.5,discovery,validation
43,0.6463012171430244,0.014301791594912239,0.9662154149671861,27866,466,0.01672288810737099,19886,296,0.014884843608568843,1074,269,0.2504655493482309,BBH,0.5,discovery,validation
44,0.22710024291804162,0.010389286685398345,0.9637830645963225,27866,500,0.017943012990741407,19886,294,0.014784270340943378,1074,266,0.24767225325884543,BBH,0.5,discovery,validation
45,0.2839686410556327,0.007551721781695405,0.9613507142254588,27866,534,0.01916313787411182,19886,314,0.015790003017198028,1074,283,0.2635009310986965,BBH,0.5,discovery,validation
46,0.26024960279570253,0.007612578929877042,0.9688623844884199,27866,429,0.015395105146056126,19886,267,0.013426531227999597,1074,250,0.23277467411545624,BBH,0.5,discovery,validation
47,0.4939122049309758,0.021673615517085104,0.9597053007392864,27866,557,0.019988516471685924,19886,353,0.0177511817358946,1074,323,0.30074487895716945,BBH,0.5,discovery,validation
48,0.24865294252757542,0.007716434031239612,0.9705077979745924,27866,408,0.014641498600444986,19886,252,0.01267223172080861,1074,237,0.2206703910614525,BBH,0.5,discovery,validation
49,0.5197343225483063,0.01962764354910346,0.9622807305437301,27866,521,0.018696619536352543,19886,345,0.017348888665392737,1074,308,0.28677839851024206,BBH,0.5,discovery,validation
50,0.16312427013949382,0.0032227036838203276,0.9686477653380497,27866,432,0.015502763224000574,19886,265,0.013325957960374132,1074,251,0.23370577281191807,BBH,0.5,discovery,validation
51,0.5062647005793471,0.011159702710051653,0.9649277000649642,27866,485,0.017404722601019162,19886,288,0.014482550538066982,1074,271,0.25232774674115455,BBH,0.5,discovery,validation
52,0.44073858601947935,0.008976857306867274,0.9649277000649642,27866,483,0.017332950549056196,19886,269,0.013527104495625063,1074,257,0.239292364990689,BBH,0.5,discovery,validation
53,0.5332227901241428,0.023486359104504674,0.9616368730926191,27866,531,0.019055479796167372,19886,361,0.01815347480639646,1074,315,0.29329608938547486,BBH,0.5,discovery,validation
54,0.25173640436049244,0.008326973201042578,0.9662154149671861,27866,465,0.016687002081389506,19886,275,0.013828824298501458,1074,253,0.23556797020484171,BBH,0.5,discovery,validation
55,0.343318426260139,0.01304797728028038,0.9597768404560764,27866,557,0.019988516471685924,19886,329,0.01654430252438902,1074,291,0.2709497206703911,BBH,0.5,discovery,validation
56,0.15114861112770053,0.0032810447163183335,0.9692916227891606,27866,423,0.015179788990167229,19886,247,0.012420798551744947,1074,235,0.21880819366852886,BBH,0.5,discovery,validation
57,0.3049111156555239,0.007760953735530013,0.9649277000649642,27866,485,0.017404722601019162,19886,285,0.014331690636628784,1074,264,0.24581005586592178,BBH,0.5,discovery,validation
58,0.36747958681133164,0.010260884014622797,0.9631392071452114,27866,510,0.018301873250556232,19886,300,0.015085990143819773,1074,282,0.26256983240223464,BBH,0.5,discovery,validation
59,0.3120847869285753,0.0058916125455409415,0.9656430972328651,27866,475,0.017045862341204334,19886,265,0.013325957960374132,1074,255,0.23743016759776536,BBH,0.5,discovery,validation
60,0.2550071463346059,0.010471417805490359,0.964140763180273,27866,494,0.017727696834852508,19886,299,0.01503570351000704,1074,279,0.25977653631284914,BBH,0.5,discovery,validation
61,0.5940549455648075,0.017134203450255295,0.9659292561000256,27866,470,0.01686643221129692,19886,295,0.01483455697475611,1074,278,0.25884543761638734,BBH,0.5,discovery,validation
62,0.33044214043232306,0.016378046545721087,0.9657146369496553,27866,474,0.01700997631522285,19886,309,0.015538569848134365,1074,282,0.26256983240223464,BBH,0.5,discovery,validation
63,0.36925717306185224,0.007529494848786971,0.9697208610899012,27866,417,0.014964472834278332,19886,267,0.013426531227999597,1074,251,0.23370577281191807,BBH,0.5,discovery,validation
64,0.23764644636991178,0.007329752458851145,0.9692916227891606,27866,424,0.015215675016148712,19886,264,0.0132756713265614,1074,252,0.2346368715083799,BBH,0.5,discovery,validation
65,0.3254378238215637,0.016471542608086257,0.9645700014810136,27866,489,0.017548266704945095,19886,315,0.01584028965101076,1074,286,0.26629422718808193,BBH,0.5,discovery,validation
66,0.36165617952570284,0.010336414997431941,0.9639976837466927,27866,498,0.01787124093877844,19886,290,0.014583123805692447,1074,269,0.2504655493482309,BBH,0.5,discovery,validation
67,0.6250993776009863,0.01283881998863223,0.9594906815889159,27866,560,0.020096174549630374,19886,329,0.01654430252438902,1074,310,0.2886405959031657,BBH,0.5,discovery,validation
68,0.3076319406023656,0.005884299316502696,0.9634253660123718,27866,505,0.01812244312064882,19886,302,0.015186563411445237,1074,279,0.25977653631284914,BBH,0.5,discovery,validation
69,0.3605278416987738,0.011013739085772986,0.9608499362079279,27866,539,0.019342568004019234,19886,321,0.016142009453887156,1074,297,0.276536312849162,BBH,0.5,discovery,validation
70,0.35615355149799827,0.01370668509905006,0.9633538262955817,27866,506,0.018158329146630302,19886,315,0.01584028965101076,1074,288,0.2681564245810056,BBH,0.5,discovery,validation
71,0.15362213929596574,0.010268437112903712,0.9683616064708892,27866,437,0.015682193353907987,19886,287,0.014432263904254249,1074,273,0.2541899441340782,BBH,0.5,discovery,validation
72,0.3744944007322477,0.007340552683495814,0.9665731135511366,27866,463,0.016615230029426543,19886,274,0.013778537664688726,1074,253,0.23556797020484171,BBH,0.5,discovery,validation
73,0.3916108822052823,0.0111134664542199,0.9621376511101499,27866,524,0.018804277614296993,19886,333,0.01674544905963995,1074,298,0.2774674115456238,BBH,0.5,discovery,validation
74,0.18539556976400964,0.0059566492829204575,0.9613507142254588,27866,534,0.01916313787411182,19886,295,0.01483455697475611,1074,268,0.24953445065176907,BBH,0.5,discovery,validation
75,0.19168444317566408,0.003869641076769688,0.9676462093029881,27866,446,0.016005167587741332,19886,259,0.013024238157497738,1074,240,0.22346368715083798,BBH,0.5,discovery,validation
76,0.4435071862409163,0.01524631712339616,0.96220919082694,27866,522,0.018732505562334027,19886,307,0.0154379965805089,1074,282,0.26256983240223464,BBH,0.5,discovery,validation
77,0.10458618628488031,0.00539066212577221,0.9692916227891606,27866,423,0.015179788990167229,19886,257,0.012923664889872273,1074,246,0.22905027932960895,BBH,0.5,discovery,validation
78,0.22133367571344045,0.013527881379932698,0.9639976837466927,27866,498,0.01787124093877844,19886,300,0.015085990143819773,1074,286,0.26629422718808193,BBH,0.5,discovery,validation
79,0.5457163614335286,0.015294318121816943,0.9637115248795324,27866,501,0.017978899016722887,19886,294,0.014784270340943378,1074,280,0.260707635009311,BBH,0.5,discovery,validation
80,0.27677780275432406,0.00561616432753022,0.9597768404560764,27866,556,0.01995263044570444,19886,331,0.01664487579201448,1074,301,0.2802607076350093,BBH,0.5,discovery,validation
81,0.3632122286301759,0.017271006295754475,0.9660723355336057,27866,467,0.016758774133352472,19886,311,0.01563914311575983,1074,288,0.2681564245810056,BBH,0.5,discovery,validation
82,0.3086945230260977,0.009996207921124758,0.9616368730926191,27866,529,0.018983707744204405,19886,334,0.01679573569345268,1074,299,0.2783985102420857,BBH,0.5,discovery,validation
83,0.5662792743995679,0.013697543732439041,0.9696493213731111,27866,420,0.015072130912222781,19886,242,0.012169365382681284,1074,232,0.21601489757914338,BBH,0.5,discovery,validation
84,0.42038662357081463,0.0112821500533365,0.966143875250396,27866,468,0.016794660159333955,19886,260,0.013074524791310469,1074,249,0.23184357541899442,BBH,0.5,discovery,validation
85,0.17188674366121165,0.011293434903445988,0.9678608284533585,27866,443,0.015897509509796886,19886,265,0.013325957960374132,1074,257,0.239292364990689,BBH,0.5,discovery,validation
86,0.8110533162290634,0.018818791430861757,0.9572014106516324,27866,592,0.021244527381037825,19886,344,0.017298602031580006,1074,313,0.2914338919925512,BBH,0.5,discovery,validation
87,0.3152452437607034,0.005749319585847389,0.9639976837466927,27866,497,0.017835354912796957,19886,279,0.01402997083375239,1074,267,0.24860335195530725,BBH,0.5,discovery,validation
88,0.33954177825684384,0.002871194109977766,0.9674315901526179,27866,449,0.01611282566568578,19886,266,0.013376244594186865,1074,249,0.23184357541899442,BBH,0.5,discovery,validation
89,0.32827409997248175,0.006755215123859196,0.9663584944007663,27866,463,0.016615230029426543,19886,260,0.013074524791310469,1074,244,0.2271880819366853,BBH,0.5,discovery,validation
90,0.3428936680461204,0.010191776694837607,0.9622807305437301,27866,522,0.018732505562334027,19886,285,0.014331690636628784,1074,262,0.24394785847299813,BBH,0.5,discovery,validation
91,0.46609373017345856,0.01994081476894719,0.9670023518518772,27866,457,0.016399913873537644,19886,298,0.014985416876194308,1074,266,0.24767225325884543,BBH,0.5,discovery,validation
92,0.33004085151447676,0.00927898123810386,0.9651423192153344,27866,481,0.017261178497093233,19886,265,0.013325957960374132,1074,245,0.22811918063314712,BBH,0.5,discovery,validation
93,0.5720000960650778,0.01946055772077706,0.9613507142254588,27866,534,0.01916313787411182,19886,350,0.017600321834456402,1074,322,0.29981378026070765,BBH,0.5,discovery,validation
94,0.43804623655700126,0.002837205167713648,0.9691485433555804,27866,427,0.01532333309409316,19886,253,0.012722518354621341,1074,236,0.21973929236499068,BBH,0.5,discovery,validation
95,0.5019114703465372,0.022199367629199624,0.9544113616968184,27866,629,0.02257231034235269,19886,404,0.02031580006034396,1074,342,0.31843575418994413,BBH,0.5,discovery,validation
96,0.4305243090891031,0.00912036617420467,0.965500017799285,27866,475,0.017045862341204334,19886,287,0.014432263904254249,1074,271,0.25232774674115455,BBH,0.5,discovery,validation
97,0.24771599232413363,0.007707370313302521,0.9643553823306432,27866,491,0.01762003875690806,19886,309,0.015538569848134365,1074,280,0.260707635009311,BBH,0.5,discovery,validation
98,0.5309163600441318,0.0032601378108664553,0.9667161929847168,27866,458,0.016435799899519127,19886,271,0.013627677763250528,1074,259,0.24115456238361266,BBH,0.5,discovery,validation
99,0.37115518262109637,0.01936000268805592,0.9588468241378051,27866,568,0.020383262757482236,19886,350,0.017600321834456402,1074,302,0.2811918063314711,BBH,0.5,discovery,validation
100,0.19158997438865677,0.008572200066467256,0.9614222539422489,27866,533,0.019127251848130338,19886,309,0.015538569848134365,1074,284,0.2644320297951583,BBH,0.5,discovery,validation
101,0.2622107034318482,0.009440428713858423,0.9694347022227409,27866,422,0.015143902964185746,19886,254,0.012772804988434075,1074,248,0.2309124767225326,BBH,0.5,discovery,validation
102,0.42979499237093405,0.015139514901909953,0.9592760624385457,27866,564,0.020239718653556307,19886,344,0.017298602031580006,1074,303,0.28212290502793297,BBH,0.5,discovery,validation
103,0.3291220305952973,0.008596805736636244,0.9683616064708892,27866,437,0.015682193353907987,19886,252,0.01267223172080861,1074,236,0.21973929236499068,BBH,0.5,discovery,validation
104,0.2351085957361227,0.002422250382807957,0.9639976837466927,27866,498,0.01787124093877844,19886,276,0.013879110932314191,1074,265,0.2467411545623836,BBH,0.5,discovery,validation
105,0.6606680238771913,0.011412237374537395,0.9615653333758291,27866,532,0.019091365822148855,19886,307,0.0154379965805089,1074,277,0.2579143389199255,BBH,0.5,discovery,validation
106,0.35474639283459436,0.005842568448500646,0.9657146369496553,27866,475,0.017045862341204334,19886,275,0.013828824298501458,1074,257,0.239292364990689,BBH,0.5,discovery,validation
107,0.1442278571023135,0.004680097346024796,0.966143875250396,27866,467,0.016758774133352472,19886,289,0.014532837171879715,1074,267,0.24860335195530725,BBH,0.5,discovery,validation
108,0.4028988465345087,0.008306572776713761,0.9649277000649642,27866,483,0.017332950549056196,19886,269,0.013527104495625063,1074,256,0.2383612662942272,BBH,0.5,discovery,validation
109,0.5107473501999444,0.0157382020604852,0.9609930156415082,27866,537,0.01927079595205627,19886,306,0.015387709946696169,1074,266,0.24767225325884543,BBH,0.5,discovery,validation
110,0.6547555206666832,0.012195043656908058,0.9566290929173117,27866,601,0.02156750161487117,19886,346,0.017399175299205472,1074,309,0.2877094972067039,BBH,0.5,discovery,validation
111,0.20302774874910628,0.005510551678298431,0.9631392071452114,27866,509,0.018265987224574752,19886,306,0.015387709946696169,1074,287,0.2672253258845438,BBH,0.5,discovery,validation
112,0.672067001615911,0.011015467583264198,0.9698639405234815,27866,417,0.014964472834278332,19886,255,0.012823091622246806,1074,246,0.22905027932960895,BBH,0.5,discovery,validation
113,0.25233834066696376,0.010857225830297267,0.9644269220474333,27866,492,0.01765592478288954,19886,310,0.015588856481947098,1074,275,0.25605214152700184,BBH,0.5,discovery,validation
114,0.24295878036675694,0.005212943723347099,0.9587752844210148,27866,571,0.020490920835426685,19886,351,0.017650608468269133,1074,320,0.297951582867784,BBH,0.5,discovery,validation
115,0.203663363527498,0.011960331127828627,0.9631392071452114,27866,509,0.018265987224574752,19886,331,0.01664487579201448,1074,304,0.28305400372439476,BBH,0.5,discovery,validation
116,0.541182306001899,0.020774796821656248,0.9615653333758291,27866,531,0.019055479796167372,19886,311,0.01563914311575983,1074,279,0.25977653631284914,BBH,0.5,discovery,validation
117,0.37142450680618,0.010625321006676932,0.9634253660123718,27866,502,0.01801478504270437,19886,319,0.016041436186261693,1074,286,0.26629422718808193,BBH,0.5,discovery,validation
118,0.26525735544199963,0.010667051874678998,0.9680039078869387,27866,441,0.01582573745783392,19886,275,0.013828824298501458,1074,257,0.239292364990689,BBH,0.5,discovery,validation
119,0.35118322513482103,0.016392340960691986,0.9652853986489146,27866,479,0.017189406445130267,19886,286,0.014381977270441517,1074,260,0.24208566108007448,BBH,0.5,discovery,validation
120,0.3146213766657293,0.007390808344198163,0.9622807305437301,27866,520,0.01866073351037106,19886,300,0.015085990143819773,1074,275,0.25605214152700184,BBH,0.5,discovery,validation
121,0.49317256285940525,0.0062605302190285525,0.9651423192153344,27866,483,0.017332950549056196,19886,293,0.014733983707130645,1074,276,0.2569832402234637,BBH,0.5,discovery,validation
122,0.38227418660400586,0.015566723787854786,0.9626384291276807,27866,514,0.018445417354482165,19886,339,0.017047168862516345,1074,305,0.2839851024208566,BBH,0.5,discovery,validation
123,0.2662498894123835,0.011125431408973303,0.9617084128094093,27866,529,0.018983707744204405,19886,299,0.01503570351000704,1074,270,0.25139664804469275,BBH,0.5,discovery,validation
124,0.35981491836311114,0.01643233179250128,0.9683616064708892,27866,435,0.015610421301945022,19886,247,0.012420798551744947,1074,233,0.2169459962756052,BBH,0.5,discovery,validation
125,0.18766190185539833,0.002698925368416887,0.9683616064708892,27866,435,0.015610421301945022,19886,250,0.012571658453183143,1074,243,0.22625698324022347,BBH,0.5,discovery,validation
126,0.3831963146209808,0.008100653108969272,0.9649992397817543,27866,484,0.01736883657503768,19886,283,0.014231117369003319,1074,276,0.2569832402234637,BBH,0.5,discovery,validation
127,0.23537866813279681,0.008976857306867278,0.9659292561000256,27866,471,0.016902318237278405,19886,292,0.014683697073317912,1074,268,0.24953445065176907,BBH,0.5,discovery,validation
128,0.30559438806021033,0.011421837574221548,0.9665015738343463,27866,463,0.016615230029426543,19886,284,0.014281404002816052,1074,258,0.24022346368715083,BBH,0.5,discovery,validation
129,0.5206420461204786,0.00914869029275809,0.9677892887365684,27866,444,0.01593339553577837,19886,270,0.013577391129437795,1074,253,0.23556797020484171,BBH,0.5,discovery,validation
130,0.3333348954417861,0.00841849451645065,0.9691485433555804,27866,427,0.01532333309409316,19886,273,0.013728251030875993,1074,260,0.24208566108007448,BBH,0.5,discovery,validation
131,0.5024470145666162,0.016785439137134053,0.9667161929847168,27866,461,0.016543457977463576,19886,271,0.013627677763250528,1074,256,0.2383612662942272,BBH,0.5,discovery,validation
132,0.5190184570983766,0.01340565530821864,0.9612076347918784,27866,537,0.01927079595205627,19886,327,0.016443729256763552,1074,304,0.28305400372439476,BBH,0.5,discovery,validation
133,0.3262471652956846,0.012572132088582726,0.9615653333758291,27866,528,0.018947821718222926,19886,307,0.0154379965805089,1074,283,0.2635009310986965,BBH,0.5,discovery,validation
134,0.6599447899577526,0.016686347076019174,0.9657861766664454,27866,473,0.01697409028924137,19886,293,0.014733983707130645,1074,266,0.24767225325884543,BBH,0.5,discovery,validation
135,0.3735147962199756,0.00730660582355498,0.9647130809145937,27866,488,0.017512380678963612,19886,299,0.01503570351000704,1074,293,0.27281191806331473,BBH,0.5,discovery,validation
136,0.4475997842749136,0.015450144892425521,0.9639261440299026,27866,498,0.01787124093877844,19886,328,0.016494015890576284,1074,300,0.27932960893854747,BBH,0.5,discovery,validation
137,0.3255857887853448,0.01271924103080167,0.9652138589321245,27866,480,0.01722529247111175,19886,279,0.01402997083375239,1074,261,0.2430167597765363,BBH,0.5,discovery,validation
138,0.6703534260352423,0.007933365013992288,0.9623522702605202,27866,518,0.018588961458408097,19886,320,0.016091722820074424,1074,299,0.2783985102420857,BBH,0.5,discovery,validation
139,0.4888510502153779,0.010848225643093373,0.9624238099773103,27866,519,0.018624847484389577,19886,311,0.01563914311575983,1074,291,0.2709497206703911,BBH,0.5,discovery,validation
140,0.5791173384098393,0.02548253003662476,0.9604922376239775,27866,545,0.019557884159908133,19886,347,0.017449461933018204,1074,297,0.276536312849162,BBH,0.5,discovery,validation
141,0.2826185567749153,0.012141460234680579,0.9615653333758291,27866,531,0.019055479796167372,19886,312,0.015689429749572565,1074,287,0.2672253258845438,BBH,0.5,discovery,validation
142,0.3570673438396814,0.010511018629187475,0.9698639405234815,27866,416,0.014928586808296848,19886,240,0.012068792115055817,1074,231,0.21508379888268156,BBH,0.5,discovery,validation
143,0.3578679444343586,0.004994750949643277,0.9694347022227409,27866,422,0.015143902964185746,19886,245,0.01232022528411948,1074,229,0.2132216014897579,BBH,0.5,discovery,validation
144,0.1409848667295989,0.008493459016888718,0.9672885107190375,27866,452,0.01622048374363023,19886,280,0.01408025746756512,1074,270,0.25139664804469275,BBH,0.5,discovery,validation
145,0.2951093344298636,0.010046608969466572,0.9604922376239775,27866,546,0.019593770185889616,19886,288,0.014482550538066982,1074,262,0.24394785847299813,BBH,0.5,discovery,validation
146,0.24406361166275098,0.004341725602010164,0.9659292561000256,27866,469,0.01683054618531544,19886,285,0.014331690636628784,1074,257,0.239292364990689,BBH,0.5,discovery,validation
147,0.45272679268316224,0.011204633056367576,0.9643553823306432,27866,494,0.017727696834852508,19886,312,0.015689429749572565,1074,290,0.27001862197392923,BBH,0.5,discovery,validation
148,0.3196500193352078,0.004807692307692301,0.9653569383657048,27866,479,0.017189406445130267,19886,291,0.01463341043950518,1074,270,0.25139664804469275,BBH,0.5,discovery,validation
149,0.6466741177197567,0.016496072530073326,0.9617799525261994,27866,528,0.018947821718222926,19886,323,0.016242582721512622,1074,297,0.276536312849162,BBH,0.5,discovery,validation
150,0.5331533134768182,0.02226286306755181,0.9637830645963225,27866,501,0.017978899016722887,19886,317,0.015940862918636226,1074,282,0.26256983240223464,BBH,0.5,discovery,validation
151,0.4293118746718375,0.010525242454454815,0.9662154149671861,27866,466,0.01672288810737099,19886,272,0.01367796439706326,1074,250,0.23277467411545624,BBH,0.5,discovery,validation
152,0.26926837338441395,0.004488481595711304,0.9687908447716298,27866,431,0.015466877198019091,19886,253,0.012722518354621341,1074,243,0.22625698324022347,BBH,0.5,discovery,validation
153,0.3683246211443349,0.024253704477053127,0.956843712067682,27866,598,0.02145984353692672,19886,390,0.019611787186965705,1074,336,0.3128491620111732,BBH,0.5,discovery,validation
154,0.17391369517439542,0.006664973925575291,0.9667877327015069,27866,459,0.01647168592550061,19886,279,0.01402997083375239,1074,256,0.2383612662942272,BBH,0.5,discovery,validation
155,0.8002229066569402,0.01902586632625488,0.9587752844210148,27866,569,0.02041914878346372,19886,375,0.018857487679774715,1074,341,0.31750465549348234,BBH,0.5,discovery,validation
156,0.5263798506710393,0.013131555489295354,0.9629245879948412,27866,513,0.01840953132850068,19886,304,0.015287136679070702,1074,275,0.25605214152700184,BBH,0.5,discovery,validation
157,0.18742631124027892,0.005361000332336327,0.9699354802402715,27866,416,0.014928586808296848,19886,253,0.012722518354621341,1074,237,0.2206703910614525,BBH,0.5,discovery,validation
158,0.2593701878469369,0.001963079293587775,0.9651423192153344,27866,483,0.017332950549056196,19886,283,0.014231117369003319,1074,261,0.2430167597765363,BBH,0.5,discovery,validation
159,0.18355914162514073,0.008822054086960296,0.9624953496941006,27866,516,0.01851718940644513,19886,314,0.015790003017198028,1074,277,0.2579143389199255,BBH,0.5,discovery,validation
160,0.42074395025841854,0.021175181620248288,0.9607068567743478,27866,543,0.019486112107945167,19886,369,0.018555767876898322,1074,321,0.2988826815642458,BBH,0.5,discovery,validation
161,0.15565826669636784,0.0022245762711864403,0.9644984617642235,27866,491,0.01762003875690806,19886,281,0.014130544101377854,1074,259,0.24115456238361266,BBH,0.5,discovery,validation
162,0.3636190609949316,0.00844341974077767,0.9569867915012622,27866,596,0.021388071484963755,19886,349,0.01755003520064367,1074,310,0.2886405959031657,BBH,0.5,discovery,validation
163,0.48336249705813383,0.01866868242624152,0.9651423192153344,27866,482,0.017297064523074716,19886,315,0.01584028965101076,1074,291,0.2709497206703911,BBH,0.5,discovery,validation
164,0.2886151950898273,0.0033135989228575864,0.9674315901526179,27866,450,0.016148711691667265,19886,256,0.01287337825605954,1074,235,0.21880819366852886,BBH,0.5,discovery,validation
165,0.5466198575857659,0.005760929827340411,0.9634253660123718,27866,506,0.018158329146630302,19886,298,0.014985416876194308,1074,268,0.24953445065176907,BBH,0.5,discovery,validation
166,0.5171697906528043,0.012831055121240626,0.9577737283859534,27866,582,0.020885667121222997,19886,343,0.017248315397767274,1074,305,0.2839851024208566,BBH,0.5,discovery,validation
167,0.2531673933937006,0.004344090357079426,0.967574669586198,27866,448,0.0160769396397043,19886,259,0.013024238157497738,1074,243,0.22625698324022347,BBH,0.5,discovery,validation
168,0.4242861299741604,0.01121423325605173,0.9607068567743478,27866,542,0.019450226081963683,19886,311,0.01563914311575983,1074,283,0.2635009310986965,BBH,0.5,discovery,validation
169,0.20943671477943598,0.007783467778482725,0.9654284780824949,27866,478,0.017153520419148784,19886,279,0.01402997083375239,1074,260,0.24208566108007448,BBH,0.5,discovery,validation
170,0.39273423449236244,0.006720104484055621,0.9589183638545952,27866,568,0.020383262757482236,19886,325,0.016343155989138086,1074,301,0.2802607076350093,BBH,0.5,discovery,validation
171,0.4369622034864195,0.004773122357868111,0.9687193050548397,27866,431,0.015466877198019091,19886,264,0.0132756713265614,1074,250,0.23277467411545624,BBH,0.5,discovery,validation
172,0.4122610872246767,0.007645359023467687,0.9706508774081727,27866,404,0.014497954496519055,19886,251,0.012621945086995877,1074,236,0.21973929236499068,BBH,0.5,discovery,validation
173,0.2599126667115167,0.005667964952494537,0.9586322049874346,27866,572,0.02052680686140817,19886,352,0.017700895102081865,1074,301,0.2802607076350093,BBH,0.5,discovery,validation
174,0.4979798746885623,0.010432717000513615,0.9632822865787917,27866,507,0.018194215172611786,19886,299,0.01503570351000704,1074,273,0.2541899441340782,BBH,0.5,discovery,validation
175,0.17433458164366683,0.0061129271488847,0.9636399851627421,27866,503,0.018050671068685853,19886,294,0.014784270340943378,1074,266,0.24767225325884543,BBH,0.5,discovery,validation
176,0.48519301248734475,0.009193214748278524,0.9610645553582983,27866,539,0.019342568004019234,19886,328,0.016494015890576284,1074,303,0.28212290502793297,BBH,0.5,discovery,validation
177,0.44288322985342204,0.016597933472310342,0.9665015738343463,27866,463,0.016615230029426543,19886,283,0.014231117369003319,1074,259,0.24115456238361266,BBH,0.5,discovery,validation
178,0.47404954654971626,0.007064863102998691,0.9693631625059508,27866,424,0.015215675016148712,19886,249,0.012521371819370412,1074,243,0.22625698324022347,BBH,0.5,discovery,validation
179,0.41970239553626215,0.007012945869274076,0.9706508774081727,27866,403,0.014462068470537572,19886,235,0.011817358945992154,1074,229,0.2132216014897579,BBH,0.5,discovery,validation
180,0.34421415111862824,0.012743065055753159,0.9622807305437301,27866,521,0.018696619536352543,19886,325,0.016343155989138086,1074,304,0.28305400372439476,BBH,0.5,discovery,validation
181,0.2692551185799317,0.008067144719687103,0.9654284780824949,27866,477,0.0171176343931673,19886,267,0.013426531227999597,1074,256,0.2383612662942272,BBH,0.5,discovery,validation
182,0.24464482168419874,0.005350911298955013,0.9662869546839762,27866,465,0.016687002081389506,19886,259,0.013024238157497738,1074,250,0.23277467411545624,BBH,0.5,discovery,validation
183,0.40806040819848477,0.011659442516404338,0.9644984617642235,27866,492,0.01765592478288954,19886,290,0.014583123805692447,1074,264,0.24581005586592178,BBH,0.5,discovery,validation
184,0.1288591547172933,0.004052237227710804,0.9629961277116312,27866,512,0.018373645302519198,19886,310,0.015588856481947098,1074,278,0.25884543761638734,BBH,0.5,discovery,validation
185,0.4472743519709948,0.007322728783346942,0.9651423192153344,27866,481,0.017261178497093233,19886,287,0.014432263904254249,1074,273,0.2541899441340782,BBH,0.5,discovery,validation
186,0.24102946839194514,0.008111591798032475,0.9644984617642235,27866,490,0.01758415273092658,19886,273,0.013728251030875993,1074,258,0.24022346368715083,BBH,0.5,discovery,validation
187,0.19963903222028115,0.009807698117767903,0.9707224171249628,27866,403,0.014462068470537572,19886,253,0.012722518354621341,1074,251,0.23370577281191807,BBH,0.5,discovery,validation
188,0.3968517013911022,0.016219643250932565,0.9576306489523733,27866,585,0.020993325199167443,19886,344,0.017298602031580006,1074,308,0.28677839851024206,BBH,0.5,discovery,validation
189,0.46375758708686926,0.00721153846153846,0.9629245879948412,27866,514,0.018445417354482165,19886,307,0.0154379965805089,1074,281,0.2616387337057728,BBH,0.5,discovery,validation
190,0.26743705832761916,0.011996649530310235,0.9644269220474333,27866,491,0.01762003875690806,19886,288,0.014482550538066982,1074,273,0.2541899441340782,BBH,0.5,discovery,validation
191,0.30934608311054834,0.01391658358258558,0.9609214759247181,27866,540,0.019378454030000717,19886,336,0.016896308961078146,1074,293,0.27281191806331473,BBH,0.5,discovery,validation
192,0.3574643909120229,0.016986353316148978,0.9632107468620015,27866,508,0.01823010119859327,19886,320,0.016091722820074424,1074,287,0.2672253258845438,BBH,0.5,discovery,validation
193,0.1792319912410092,0.008893773225777219,0.9664300341175563,27866,464,0.016651116055408022,19886,279,0.01402997083375239,1074,254,0.23649906890130354,BBH,0.5,discovery,validation
194,0.3868095147757076,0.007060069790628112,0.9658577163832355,27866,473,0.01697409028924137,19886,287,0.014432263904254249,1074,267,0.24860335195530725,BBH,0.5,discovery,validation
195,0.3727868576029871,0.01758738934711019,0.9572014106516324,27866,591,0.021208641355056342,19886,355,0.017851755003520063,1074,318,0.29608938547486036,BBH,0.5,discovery,validation
196,0.34792934586166024,0.00466200696974498,0.963568445445952,27866,500,0.017943012990741407,19886,277,0.013929397566126923,1074,263,0.24487895716945995,BBH,0.5,discovery,validation
197,0.5846097736196693,0.014483632436025245,0.9660007958168156,27866,469,0.01683054618531544,19886,315,0.01584028965101076,1074,273,0.2541899441340782,BBH,0.5,discovery,validation
198,0.31372651358204573,0.010298155378102455,0.9671454312854574,27866,454,0.016292255795593198,19886,252,0.01267223172080861,1074,240,0.22346368715083798,BBH,0.5,discovery,validation
199,0.33669563217972925,0.007578898817565999,0.9691485433555804,27866,426,0.015287447068111677,19886,273,0.013728251030875993,1074,249,0.23184357541899442,BBH,0.5,discovery,validation
200,0.2580658378734425,0.009526998161561755,0.9633538262955817,27866,506,0.018158329146630302,19886,302,0.015186563411445237,1074,278,0.25884543761638734,BBH,0.5,discovery,validation
201,0.3418188905734493,0.015708714976565636,0.9598483801728664,27866,556,0.01995263044570444,19886,339,0.017047168862516345,1074,312,0.2905027932960894,BBH,0.5,discovery,validation
202,0.3055904204410353,0.00916568476389016,0.9680039078869387,27866,442,0.015861623483815403,19886,268,0.01347681786181233,1074,259,0.24115456238361266,BBH,0.5,discovery,validation
203,0.5500887554201436,0.00922699192143197,0.9680039078869387,27866,441,0.01582573745783392,19886,252,0.01267223172080861,1074,247,0.22998137802607077,BBH,0.5,discovery,validation
204,0.1584873360702465,0.008130169107517432,0.9650707794985444,27866,483,0.017332950549056196,19886,301,0.015136276777632506,1074,279,0.25977653631284914,BBH,0.5,discovery,validation
205,0.3381030361554773,0.006597419579268421,0.9703647185410122,27866,409,0.01467738462642647,19886,235,0.011817358945992154,1074,221,0.20577281191806332,BBH,0.5,discovery,validation
206,0.4956827279903455,0.018214296504426117,0.9645700014810136,27866,490,0.01758415273092658,19886,323,0.016242582721512622,1074,291,0.2709497206703911,BBH,0.5,discovery,validation
207,0.5893116898964412,0.005319456798547569,0.966143875250396,27866,468,0.016794660159333955,19886,268,0.01347681786181233,1074,246,0.22905027932960895,BBH,0.5,discovery,validation
208,0.24923588811656558,0.007212150012720258,0.9659292561000256,27866,471,0.016902318237278405,19886,271,0.013627677763250528,1074,253,0.23556797020484171,BBH,0.5,discovery,validation
209,0.4467033370658899,0.011305666334330345,0.9639261440299026,27866,499,0.017907126964759924,19886,295,0.01483455697475611,1074,273,0.2541899441340782,BBH,0.5,discovery,validation
210,0.26718286438821065,0.0048223903057183605,0.9663584944007663,27866,464,0.016651116055408022,19886,284,0.014281404002816052,1074,264,0.24581005586592178,BBH,0.5,discovery,validation
211,0.7369310132379002,0.017489199069458297,0.9651423192153344,27866,482,0.017297064523074716,19886,314,0.015790003017198028,1074,279,0.25977653631284914,BBH,0.5,discovery,validation
212,0.48700004767744537,0.0072927052176802905,0.9690770036387903,27866,425,0.015251561042130194,19886,259,0.013024238157497738,1074,248,0.2309124767225326,BBH,0.5,discovery,validation
213,0.16410133884191958,0.009422490105441246,0.9662869546839762,27866,465,0.016687002081389506,19886,272,0.01367796439706326,1074,251,0.23370577281191807,BBH,0.5,discovery,validation
214,0.23459681018558187,0.008102775008308395,0.9619945716765697,27866,524,0.018804277614296993,19886,307,0.0154379965805089,1074,272,0.2532588454376164,BBH,0.5,discovery,validation
215,0.5940845249292712,0.007675269645608624,0.9669308121350871,27866,456,0.01636402784755616,19886,274,0.013778537664688726,1074,254,0.23649906890130354,BBH,0.5,discovery,validation
216,0.33286306377754077,0.010384345406149149,0.9662154149671861,27866,467,0.016758774133352472,19886,298,0.014985416876194308,1074,285,0.26536312849162014,BBH,0.5,discovery,validation
217,0.24765675831539594,0.006983856123935898,0.9685046859044694,27866,436,0.015646307327926507,19886,256,0.01287337825605954,1074,242,0.22532588454376165,BBH,0.5,discovery,validation
218,0.3245481574833732,0.007238700564971748,0.9657146369496553,27866,473,0.01697409028924137,19886,285,0.014331690636628784,1074,269,0.2504655493482309,BBH,0.5,discovery,validation
219,0.5133395665194513,0.014415899850716896,0.9626384291276807,27866,517,0.018553075432426614,19886,308,0.015488283214321634,1074,285,0.26536312849162014,BBH,0.5,discovery,validation
220,0.3413844513703346,0.005108073216248685,0.9670023518518772,27866,455,0.016328141821574677,19886,277,0.013929397566126923,1074,261,0.2430167597765363,BBH,0.5,discovery,validation
221,0.41674550899738716,0.010540348651016655,0.9699354802402715,27866,416,0.014928586808296848,19886,252,0.01267223172080861,1074,238,0.22160148975791433,BBH,0.5,discovery,validation
222,0.35129237752799525,0.011957048706613096,0.9648561603481739,27866,485,0.017404722601019162,19886,315,0.01584028965101076,1074,291,0.2709497206703911,BBH,0.5,discovery,validation
223,0.2509475107388529,0.011936542397728922,0.9654284780824949,27866,478,0.017153520419148784,19886,290,0.014583123805692447,1074,274,0.25512104283054005,BBH,0.5,discovery,validation
224,0.5129367241958237,0.016277138564482138,0.9646415411978037,27866,488,0.017512380678963612,19886,293,0.014733983707130645,1074,269,0.2504655493482309,BBH,0.5,discovery,validation
225,0.20362864150835422,0.007048565840938723,0.9702931788242222,27866,411,0.014749156678389436,19886,258,0.012973951523685004,1074,241,0.22439478584729983,BBH,0.5,discovery,validation
226,0.33324329517580364,0.009747273331520588,0.963568445445952,27866,502,0.01801478504270437,19886,296,0.014884843608568843,1074,277,0.2579143389199255,BBH,0.5,discovery,validation
227,0.39164464470749105,0.012851596724976587,0.9666977073449794,27865,458,0.016436389736228244,19886,265,0.013325957960374132,1074,247,0.22998137802607077,BBH,0.5,discovery,validation
228,0.27404422039812465,0.005419159189099366,0.9705793376913826,27866,407,0.014605612574463503,19886,233,0.01171678567836669,1074,220,0.2048417132216015,BBH,0.5,discovery,validation
229,0.17806750099306048,0.006782871083718544,0.9679323681701486,27866,443,0.015897509509796886,19886,249,0.012521371819370412,1074,239,0.22253258845437615,BBH,0.5,discovery,validation
230,0.2952534124176133,0.002414660224932675,0.9631392071452114,27866,511,0.018337759276537715,19886,286,0.014381977270441517,1074,272,0.2532588454376164,BBH,0.5,discovery,validation
231,0.45408578139086014,0.01163649203903441,0.9612076347918784,27866,536,0.019234909926074788,19886,327,0.016443729256763552,1074,290,0.27001862197392923,BBH,0.5,discovery,validation
232,0.37468024067769934,0.007217929544699244,0.9659292561000256,27866,470,0.01686643221129692,19886,267,0.013426531227999597,1074,255,0.23743016759776536,BBH,0.5,discovery,validation
233,0.3246960249002213,0.01605633397174661,0.9607068567743478,27866,542,0.019450226081963683,19886,331,0.01664487579201448,1074,311,0.28957169459962756,BBH,0.5,discovery,validation
234,0.4947028153349629,0.010236212913228591,0.9672885107190375,27866,450,0.016148711691667265,19886,282,0.014180830735190586,1074,262,0.24394785847299813,BBH,0.5,discovery,validation
235,0.24707716583297168,0.007920149806989293,0.9683616064708892,27866,435,0.015610421301945022,19886,259,0.013024238157497738,1074,236,0.21973929236499068,BBH,0.5,discovery,validation
236,0.31372419530557116,0.004686697483307654,0.9686477653380497,27866,431,0.015466877198019091,19886,248,0.012471085185557678,1074,233,0.2169459962756052,BBH,0.5,discovery,validation
237,0.41640312560261433,0.014860791457403492,0.9640692234634828,27866,495,0.01776358286083399,19886,306,0.015387709946696169,1074,277,0.2579143389199255,BBH,0.5,discovery,validation
238,0.5120147546863857,0.008303455019556706,0.966143875250396,27866,468,0.016794660159333955,19886,287,0.014432263904254249,1074,276,0.2569832402234637,BBH,0.5,discovery,validation
239,0.31367081937537866,0.010366627390555602,0.9599199198896565,27866,554,0.019880858393741478,19886,315,0.01584028965101076,1074,288,0.2681564245810056,BBH,0.5,discovery,validation
240,0.28227355891527856,0.009198191322379506,0.9605637773407676,27866,547,0.019629656211871096,19886,318,0.015991149552448958,1074,281,0.2616387337057728,BBH,0.5,discovery,validation
241,0.34076509958326895,0.012796546258659919,0.9660007958168156,27866,469,0.01683054618531544,19886,291,0.01463341043950518,1074,270,0.25139664804469275,BBH,0.5,discovery,validation
242,0.5129980433635456,0.015188468861328778,0.9671454312854574,27866,453,0.016256369769611714,19886,274,0.013778537664688726,1074,250,0.23277467411545624,BBH,0.5,discovery,validation
243,0.24389069278407402,0.006043784534247728,0.964140763180273,27866,495,0.01776358286083399,19886,272,0.01367796439706326,1074,254,0.23649906890130354,BBH,0.5,discovery,validation
244,0.247710401559307,0.009062764976099742,0.9629961277116312,27866,511,0.018337759276537715,19886,310,0.015588856481947098,1074,288,0.2681564245810056,BBH,0.5,discovery,validation
245,0.22006326908808968,0.007719190559163614,0.9660723355336057,27866,467,0.016758774133352472,19886,284,0.014281404002816052,1074,270,0.25139664804469275,BBH,0.5,discovery,validation
246,0.41669031661989864,0.011106231009604992,0.9597053007392864,27866,556,0.01995263044570444,19886,329,0.01654430252438902,1074,292,0.2718808193668529,BBH,0.5,discovery,validation
247,0.4216924351298538,0.007944915254237279,0.9669308121350871,27866,455,0.016328141821574677,19886,264,0.0132756713265614,1074,256,0.2383612662942272,BBH,0.5,discovery,validation
248,0.47373992304920776,0.01568400858031965,0.9670738915686673,27866,454,0.016292255795593198,19886,291,0.01463341043950518,1074,270,0.25139664804469275,BBH,0.5,discovery,validation
249,0.5467438231481059,0.01095061777284967,0.9626384291276807,27866,515,0.018481303380463648,19886,292,0.014683697073317912,1074,274,0.25512104283054005,BBH,0.5,discovery,validation
250,0.4099684257650039,0.004899611911927773,0.9656430972328651,27866,473,0.01697409028924137,19886,294,0.014784270340943378,1074,273,0.2541899441340782,BBH,0.5,discovery,validation
251,0.09564951157172014,0.0077533612699144175,0.968146987320519,27866,440,0.015789851431852436,19886,260,0.013074524791310469,1074,238,0.22160148975791433,BBH,0.5,discovery,validation
252,0.27921683576130335,0.007836339466449141,0.9662154149671861,27866,465,0.016687002081389506,19886,259,0.013024238157497738,1074,241,0.22439478584729983,BBH,0.5,discovery,validation
253,0.35552924228111676,0.013055530378561277,0.9622807305437301,27866,521,0.018696619536352543,19886,324,0.016292869355325354,1074,296,0.2756052141527002,BBH,0.5,discovery,validation
254,0.4783359115141414,0.01766292032991933,0.9653569383657048,27866,478,0.017153520419148784,19886,297,0.014935130242381574,1074,272,0.2532588454376164,BBH,0.5,discovery,validation
255,0.32688788783108175,0.006484334874165382,0.9662869546839762,27866,465,0.016687002081389506,19886,261,0.013124811425123202,1074,248,0.2309124767225326,BBH,0.5,discovery,validation
256,0.679399680663075,0.02124195947981601,0.9594906815889159,27866,560,0.020096174549630374,19886,353,0.0177511817358946,1074,317,0.2951582867783985,BBH,0.5,discovery,validation
257,0.5945742272443368,0.008366664026611759,0.9666446532679267,27866,460,0.016507571951482093,19886,252,0.01267223172080861,1074,232,0.21601489757914338,BBH,0.5,discovery,validation
258,0.687385868316912,0.013939242877428315,0.962853048278051,27866,512,0.018373645302519198,19886,300,0.015085990143819773,1074,282,0.26256983240223464,BBH,0.5,discovery,validation
259,0.44412202764000364,0.010383912365467696,0.9622807305437301,27866,522,0.018732505562334027,19886,302,0.015186563411445237,1074,282,0.26256983240223464,BBH,0.5,discovery,validation
260,0.42986054924431677,0.007933803484650937,0.9690054639220003,27866,428,0.015359219120074643,19886,238,0.011968218847430353,1074,223,0.20763500931098697,BBH,0.5,discovery,validation
261,0.3367192506750964,0.01010925556663344,0.9663584944007663,27866,463,0.016615230029426543,19886,289,0.014532837171879715,1074,265,0.2467411545623836,BBH,0.5,discovery,validation
262,0.4630306929958958,0.008773911909132421,0.9670738915686673,27866,456,0.01636402784755616,19886,262,0.013175098058935936,1074,245,0.22811918063314712,BBH,0.5,discovery,validation
263,0.380306666043927,0.009207793286806251,0.963568445445952,27866,505,0.01812244312064882,19886,290,0.014583123805692447,1074,275,0.25605214152700184,BBH,0.5,discovery,validation
264,0.4097780510295702,0.015384319993855866,0.962853048278051,27866,513,0.01840953132850068,19886,299,0.01503570351000704,1074,278,0.25884543761638734,BBH,0.5,discovery,validation
265,0.5916470292229727,0.005933193410422932,0.9702216391074321,27866,411,0.014749156678389436,19886,230,0.011565925776928493,1074,217,0.20204841713221602,BBH,0.5,discovery,validation
266,0.24135921138425048,0.006010415016632345,0.9670023518518772,27866,456,0.01636402784755616,19886,255,0.012823091622246806,1074,240,0.22346368715083798,BBH,0.5,discovery,validation
267,0.3823270608092901,0.020481778962178877,0.9593476021553358,27866,563,0.020203832627574823,19886,349,0.01755003520064367,1074,310,0.2886405959031657,BBH,0.5,discovery,validation
268,0.31955547124897105,0.010268437112903704,0.964140763180273,27866,497,0.017835354912796957,19886,287,0.014432263904254249,1074,270,0.25139664804469275,BBH,0.5,discovery,validation
269,0.5001555019085467,0.010084621524833604,0.9637115248795324,27866,502,0.01801478504270437,19886,290,0.014583123805692447,1074,256,0.2383612662942272,BBH,0.5,discovery,validation
270,0.23299287636629695,0.009112813075923744,0.9667161929847168,27866,459,0.01647168592550061,19886,280,0.01408025746756512,1074,261,0.2430167597765363,BBH,0.5,discovery,validation
271,0.39688242285063596,0.014726459251528908,0.9650707794985444,27866,481,0.017261178497093233,19886,303,0.01523685004525797,1074,269,0.2504655493482309,BBH,0.5,discovery,validation
272,0.3535333950472318,0.010455817481003597,0.9649277000649642,27866,483,0.017332950549056196,19886,300,0.015085990143819773,1074,274,0.25512104283054005,BBH,0.5,discovery,validation
273,0.3343824956826178,0.005018598051997836,0.9694347022227409,27866,421,0.015108016938204263,19886,253,0.012722518354621341,1074,237,0.2206703910614525,BBH,0.5,discovery,validation
274,0.5602067512402747,0.007724560670861956,0.9677177490197784,27866,445,0.015969281561759852,19886,274,0.013778537664688726,1074,251,0.23370577281191807,BBH,0.5,discovery,validation
275,0.1318822597680412,0.004642225970064878,0.9688623844884199,27866,429,0.015395105146056126,19886,258,0.012973951523685004,1074,241,0.22439478584729983,BBH,0.5,discovery,validation
276,0.3358259315020874,0.005446800623769717,0.9602060787568171,27866,551,0.01977320031579703,19886,293,0.014733983707130645,1074,262,0.24394785847299813,BBH,0.5,discovery,validation
277,0.6005267108386957,0.014797119544792429,0.9612791745086687,27866,535,0.019199023900093305,19886,342,0.017198028763954543,1074,305,0.2839851024208566,BBH,0.5,discovery,validation
278,0.21429208701383975,0.007194326112571389,0.966143875250396,27866,468,0.016794660159333955,19886,279,0.01402997083375239,1074,262,0.24394785847299813,BBH,0.5,discovery,validation
279,0.39211116685434666,0.009891798962088104,0.9652138589321245,27866,480,0.01722529247111175,19886,303,0.01523685004525797,1074,281,0.2616387337057728,BBH,0.5,discovery,validation
280,0.22271106316206776,0.00758708722317894,0.9638546043131125,27866,498,0.01787124093877844,19886,302,0.015186563411445237,1074,276,0.2569832402234637,BBH,0.5,discovery,validation
281,0.38960975281239574,0.011786609867367594,0.9582745064034841,27866,576,0.020670350965334098,19886,347,0.017449461933018204,1074,301,0.2802607076350093,BBH,0.5,discovery,validation
282,0.834373708403726,0.010069979455572671,0.9692200830723705,27866,424,0.015215675016148712,19886,252,0.01267223172080861,1074,243,0.22625698324022347,BBH,0.5,discovery,validation
283,0.7168042496536368,0.016309539238416153,0.9530521070778063,27866,650,0.023325916887963826,19886,401,0.020164940158905763,1074,349,0.3249534450651769,BBH,0.5,discovery,validation
284,0.37472504973934306,0.007979848333786524,0.9594906815889159,27866,560,0.020096174549630374,19886,295,0.01483455697475611,1074,271,0.25232774674115455,BBH,0.5,discovery,validation
285,0.3908376709528025,0.013338277436170677,0.9609214759247181,27866,540,0.019378454030000717,19886,313,0.015739716383385297,1074,289,0.26908752327746743,BBH,0.5,discovery,validation
286,0.39918695703631313,0.014275320456077252,0.9624238099773103,27866,520,0.01866073351037106,19886,312,0.015689429749572565,1074,277,0.2579143389199255,BBH,0.5,discovery,validation
287,0.5437085660853598,0.021572848715253272,0.962853048278051,27866,514,0.018445417354482165,19886,311,0.01563914311575983,1074,273,0.2541899441340782,BBH,0.5,discovery,validation
288,0.32829066527068695,0.014762530590048038,0.9654284780824949,27866,475,0.017045862341204334,19886,309,0.015538569848134365,1074,279,0.25977653631284914,BBH,0.5,discovery,validation
289,0.31316108624735406,0.010832625318606619,0.9677177490197784,27866,446,0.016005167587741332,19886,276,0.013879110932314191,1074,267,0.24860335195530725,BBH,0.5,discovery,validation
290,0.38682760484235124,0.008389894419306184,0.9602776184736072,27866,549,0.019701428263834062,19886,340,0.017097455496329076,1074,317,0.2951582867783985,BBH,0.5,discovery,validation
291,0.4518417758503926,0.008714096637825465,0.9648561603481739,27866,485,0.017404722601019162,19886,308,0.015488283214321634,1074,283,0.2635009310986965,BBH,0.5,discovery,validation
292,0.437757762522341,0.010368515665125838,0.9673600504358278,27866,451,0.016184597717648748,19886,266,0.013376244594186865,1074,257,0.239292364990689,BBH,0.5,discovery,validation
293,0.4955847079801749,0.01496646424363273,0.9652138589321245,27866,480,0.01722529247111175,19886,280,0.01408025746756512,1074,262,0.24394785847299813,BBH,0.5,discovery,validation
294,0.5100166767640824,0.02128724277464971,0.9637830645963225,27866,499,0.017907126964759924,19886,294,0.014784270340943378,1074,267,0.24860335195530725,BBH,0.5,discovery,validation
295,0.44343536643273895,0.015588578088578088,0.9647130809145937,27866,485,0.017404722601019162,19886,309,0.015538569848134365,1074,288,0.2681564245810056,BBH,0.5,discovery,validation
296,0.4322139547462969,0.012233160332087855,0.9670738915686673,27866,455,0.016328141821574677,19886,278,0.013979684199939656,1074,255,0.23743016759776536,BBH,0.5,discovery,validation
297,0.48602580996883854,0.009510797824594745,0.964140763180273,27866,493,0.017691810808871025,19886,285,0.014331690636628784,1074,264,0.24581005586592178,BBH,0.5,discovery,validation
298,0.2297240137667907,0.009863322804173149,0.968146987320519,27866,440,0.015789851431852436,19886,258,0.012973951523685004,1074,242,0.22532588454376165,BBH,0.5,discovery,validation
299,0.08267341879128197,0.002219303627578803,0.9680754476037288,27866,441,0.01582573745783392,19886,253,0.012722518354621341,1074,239,0.22253258845437615,BBH,0.5,discovery,validation
300,0.20197517608274237,0.012360257093347536,0.9695062419395309,27866,422,0.015143902964185746,19886,246,0.012370511917932214,1074,238,0.22160148975791433,BBH,0.5,discovery,validation
301,0.36598093652628605,0.010963322154747874,0.9663584944007663,27866,465,0.016687002081389506,19886,271,0.013627677763250528,1074,254,0.23649906890130354,BBH,0.5,discovery,validation
302,0.1774580283755836,0.006027478312725371,0.965500017799285,27866,477,0.0171176343931673,19886,282,0.014180830735190586,1074,261,0.2430167597765363,BBH,0.5,discovery,validation
303,0.5880803046705794,0.01634674001219226,0.9599914596064466,27866,553,0.019844972367759995,19886,341,0.017147742130141808,1074,298,0.2774674115456238,BBH,0.5,discovery,validation
304,0.439459265203469,0.013110590347338046,0.965571557516075,27866,477,0.0171176343931673,19886,289,0.014532837171879715,1074,262,0.24394785847299813,BBH,0.5,discovery,validation
305,0.428042154955882,0.004440205025947804,0.9700070199570616,27866,414,0.014856814756333884,19886,229,0.01151563914311576,1074,214,0.19925512104283055,BBH,0.5,discovery,validation
306,0.4348070358819572,0.013103072543908922,0.9640692234634828,27866,496,0.017799468886815474,19886,303,0.01523685004525797,1074,273,0.2541899441340782,BBH,0.5,discovery,validation
307,0.32264641008655087,0.003387753406447308,0.9652853986489146,27866,479,0.017189406445130267,19886,289,0.014532837171879715,1074,263,0.24487895716945995,BBH,0.5,discovery,validation
308,0.420068510066301,0.013980290790048424,0.9684331461876793,27866,436,0.015646307327926507,19886,259,0.013024238157497738,1074,246,0.22905027932960895,BBH,0.5,discovery,validation
309,0.44239291068726455,0.010334650254842957,0.9629245879948412,27866,512,0.018373645302519198,19886,303,0.01523685004525797,1074,279,0.25977653631284914,BBH,0.5,discovery,validation
310,0.10861647142534744,0.0023850796096558874,0.9659292561000256,27866,470,0.01686643221129692,19886,267,0.013426531227999597,1074,249,0.23184357541899442,BBH,0.5,discovery,validation
311,0.18086203197492542,0.00603372550149044,0.9644984617642235,27866,490,0.01758415273092658,19886,274,0.013778537664688726,1074,255,0.23743016759776536,BBH,0.5,discovery,validation
312,0.2832544099769049,0.004357120944857722,0.9693631625059508,27866,421,0.015108016938204263,19886,258,0.012973951523685004,1074,243,0.22625698324022347,BBH,0.5,discovery,validation
313,0.4546416144608708,0.01233265651925559,0.9627815085612609,27866,515,0.018481303380463648,19886,291,0.01463341043950518,1074,256,0.2383612662942272,BBH,0.5,discovery,validation
314,0.33291779919117925,0.006009056164838814,0.9663584944007663,27866,465,0.016687002081389506,19886,264,0.0132756713265614,1074,244,0.2271880819366853,BBH,0.5,discovery,validation
315,0.3284141878910168,0.009007069699990948,0.9644984617642235,27866,491,0.01762003875690806,19886,304,0.015287136679070702,1074,271,0.25232774674115455,BBH,0.5,discovery,validation
316,0.45312083976550194,0.009091475573280158,0.9663584944007663,27866,465,0.016687002081389506,19886,268,0.01347681786181233,1074,251,0.23370577281191807,BBH,0.5,discovery,validation
317,0.34510221535586066,0.008394324601951716,0.9656430972328651,27866,474,0.01700997631522285,19886,286,0.014381977270441517,1074,263,0.24487895716945995,BBH,0.5,discovery,validation
318,0.28703502940289044,0.0061741284218711865,0.9644269220474333,27866,493,0.017691810808871025,19886,278,0.013979684199939656,1074,258,0.24022346368715083,BBH,0.5,discovery,validation
319,0.357568023934494,0.01851398509088989,0.9647846206313838,27866,488,0.017512380678963612,19886,312,0.015689429749572565,1074,272,0.2532588454376164,BBH,0.5,discovery,validation
320,0.5261961990841277,0.017255053022749937,0.9642123028970631,27866,494,0.017727696834852508,19886,301,0.015136276777632506,1074,275,0.25605214152700184,BBH,0.5,discovery,validation
321,0.2426218330131407,0.00820817072995117,0.9660723355336057,27866,469,0.01683054618531544,19886,278,0.013979684199939656,1074,261,0.2430167597765363,BBH,0.5,discovery,validation
322,0.24612458049578081,0.004658427664526193,0.9660007958168156,27866,469,0.01683054618531544,19886,270,0.013577391129437795,1074,258,0.24022346368715083,BBH,0.5,discovery,validation
323,0.27298618189191454,0.016743948274124097,0.9621376511101499,27866,523,0.01876839158831551,19886,331,0.01664487579201448,1074,298,0.2774674115456238,BBH,0.5,discovery,validation
324,0.5377415255528875,0.013331407293271692,0.9631392071452114,27866,509,0.018265987224574752,19886,323,0.016242582721512622,1074,297,0.276536312849162,BBH,0.5,discovery,validation
325,0.40212906121123865,0.007915835825855767,0.963568445445952,27866,503,0.018050671068685853,19886,302,0.015186563411445237,1074,280,0.260707635009311,BBH,0.5,discovery,validation
326,0.239345487427047,0.008515167115476003,0.9653569383657048,27866,478,0.017153520419148784,19886,288,0.014482550538066982,1074,259,0.24115456238361266,BBH,0.5,discovery,validation
327,0.40283082037602685,0.00881729810568296,0.9613507142254588,27866,535,0.019199023900093305,19886,331,0.01664487579201448,1074,290,0.27001862197392923,BBH,0.5,discovery,validation
328,0.3826388414025117,0.010179877035559986,0.9626384291276807,27866,516,0.01851718940644513,19886,286,0.014381977270441517,1074,259,0.24115456238361266,BBH,0.5,discovery,validation
329,0.5052190899941664,0.007032252153197715,0.9632822865787917,27866,505,0.01812244312064882,19886,273,0.013728251030875993,1074,259,0.24115456238361266,BBH,0.5,discovery,validation
330,0.5938054978102496,0.010201019873521065,0.9638546043131125,27866,499,0.017907126964759924,19886,289,0.014532837171879715,1074,266,0.24767225325884543,BBH,0.5,discovery,validation
331,0.39597308080172283,0.010208012326656395,0.9659292561000256,27866,471,0.016902318237278405,19886,277,0.013929397566126923,1074,250,0.23277467411545624,BBH,0.5,discovery,validation
332,0.37460534038524385,0.007714007510179748,0.9670023518518772,27866,453,0.016256369769611714,19886,255,0.012823091622246806,1074,239,0.22253258845437615,BBH,0.5,discovery,validation
333,0.3498385224056294,0.00627772057658799,0.9637830645963225,27866,501,0.017978899016722887,19886,291,0.01463341043950518,1074,272,0.2532588454376164,BBH,0.5,discovery,validation
334,0.36256446270026516,0.009236698005671456,0.9612791745086687,27866,536,0.019234909926074788,19886,323,0.016242582721512622,1074,306,0.2849162011173184,BBH,0.5,discovery,validation
335,0.3609613245028221,0.014324450889754977,0.9644269220474333,27866,491,0.01762003875690806,19886,306,0.015387709946696169,1074,276,0.2569832402234637,BBH,0.5,discovery,validation
336,0.34011609308136587,0.020198820135458817,0.9660007958168156,27866,469,0.01683054618531544,19886,324,0.016292869355325354,1074,294,0.2737430167597765,BBH,0.5,discovery,validation
337,0.5733516964255374,0.0161674068702982,0.9579883475363237,27866,581,0.020849781095241514,19886,328,0.016494015890576284,1074,295,0.2746741154562384,BBH,0.5,discovery,validation
338,0.40770084512490246,0.007060069790628113,0.9677177490197784,27866,445,0.015969281561759852,19886,256,0.01287337825605954,1074,250,0.23277467411545624,BBH,0.5,discovery,validation
339,0.30863911840133434,0.007491932302780134,0.972224751177555,27866,384,0.013780233976889399,19886,240,0.012068792115055817,1074,232,0.21601489757914338,BBH,0.5,discovery,validation
340,0.32884641355244854,0.010795454545454546,0.9649992397817543,27866,483,0.017332950549056196,19886,297,0.014935130242381574,1074,281,0.2616387337057728,BBH,0.5,discovery,validation
341,0.37368057151573686,0.014060692462403214,0.9602776184736072,27866,550,0.019737314289815545,19886,330,0.01659458915820175,1074,302,0.2811918063314711,BBH,0.5,discovery,validation
342,0.38608749725901365,0.007548157001665634,0.9671454312854574,27866,455,0.016328141821574677,19886,267,0.013426531227999597,1074,249,0.23184357541899442,BBH,0.5,discovery,validation
343,0.26159540365408346,0.012883467976133904,0.9638546043131125,27866,500,0.017943012990741407,19886,284,0.014281404002816052,1074,263,0.24487895716945995,BBH,0.5,discovery,validation
344,0.5908096798324889,0.01631437463311001,0.9623522702605202,27866,521,0.018696619536352543,19886,323,0.016242582721512622,1074,287,0.2672253258845438,BBH,0.5,discovery,validation
345,0.41827611191398506,0.0083437188434696,0.965571557516075,27866,474,0.01700997631522285,19886,282,0.014180830735190586,1074,257,0.239292364990689,BBH,0.5,discovery,validation
346,0.3887285708919432,0.012703464232056032,0.962853048278051,27866,514,0.018445417354482165,19886,314,0.015790003017198028,1074,290,0.27001862197392923,BBH,0.5,discovery,validation
347,0.7004774121016694,0.008006296530967853,0.9649992397817543,27866,484,0.01736883657503768,19886,298,0.014985416876194308,1074,266,0.24767225325884543,BBH,0.5,discovery,validation
348,0.1500592510078706,0.00939587778719915,0.9667161929847168,27866,458,0.016435799899519127,19886,290,0.014583123805692447,1074,265,0.2467411545623836,BBH,0.5,discovery,validation
349,0.28275564527359526,0.007494271265457698,0.9645700014810136,27866,490,0.01758415273092658,19886,309,0.015538569848134365,1074,273,0.2541899441340782,BBH,0.5,discovery,validation
350,0.3900877634088849,0.005907452875019797,0.9647130809145937,27866,487,0.01747649465298213,19886,280,0.01408025746756512,1074,257,0.239292364990689,BBH,0.5,discovery,validation
351,0.25987472403918654,0.001763648448593611,0.9682900667540991,27866,439,0.015753965405870953,19886,276,0.013879110932314191,1074,270,0.25139664804469275,BBH,0.5,discovery,validation
352,0.6794668594329997,0.014588809329586998,0.9574875695187929,27866,590,0.02117275532907486,19886,322,0.01619229608769989,1074,278,0.25884543761638734,BBH,0.5,discovery,validation
353,0.3946188397130084,0.0019960950481887627,0.9692200830723705,27866,426,0.015287447068111677,19886,264,0.0132756713265614,1074,249,0.23184357541899442,BBH,0.5,discovery,validation
354,0.3513559574050597,0.010718622947357308,0.9636399851627421,27866,503,0.018050671068685853,19886,296,0.014884843608568843,1074,282,0.26256983240223464,BBH,0.5,discovery,validation
355,0.1158244675522474,0.003889280897042661,0.9670738915686673,27866,455,0.016328141821574677,19886,257,0.012923664889872273,1074,238,0.22160148975791433,BBH,0.5,discovery,validation
356,0.3365592226154767,0.013567164549963824,0.9610645553582983,27866,538,0.01930668197803775,19886,312,0.015689429749572565,1074,273,0.2541899441340782,BBH,0.5,discovery,validation
357,0.2818924753784471,0.009997407946085266,0.9700070199570616,27866,414,0.014856814756333884,19886,257,0.012923664889872273,1074,249,0.23184357541899442,BBH,0.5,discovery,validation
358,0.47835420104971726,0.012314309983801522,0.9632107468620015,27866,509,0.018265987224574752,19886,308,0.015488283214321634,1074,276,0.2569832402234637,BBH,0.5,discovery,validation
359,0.38876020824237434,0.008003074111000319,0.9654284780824949,27866,478,0.017153520419148784,19886,295,0.01483455697475611,1074,274,0.25512104283054005,BBH,0.5,discovery,validation
360,0.3174409895593487,0.005505264509501802,0.9647846206313838,27866,486,0.017440608627000646,19886,298,0.014985416876194308,1074,268,0.24953445065176907,BBH,0.5,discovery,validation
361,0.30591556794887176,0.013983890864929993,0.9619230319597796,27866,527,0.018911935692241442,19886,328,0.016494015890576284,1074,300,0.27932960893854747,BBH,0.5,discovery,validation
362,0.19471664532590854,0.007294704671033618,0.9667161929847168,27866,460,0.016507571951482093,19886,287,0.014432263904254249,1074,272,0.2532588454376164,BBH,0.5,discovery,validation
363,0.25135424265892026,0.007178943937418506,0.9672885107190375,27866,451,0.016184597717648748,19886,258,0.012973951523685004,1074,240,0.22346368715083798,BBH,0.5,discovery,validation
364,0.1713563484842777,0.004822390305718357,0.9644269220474333,27866,493,0.017691810808871025,19886,279,0.01402997083375239,1074,263,0.24487895716945995,BBH,0.5,discovery,validation
365,0.5281173152148217,0.006537206562131791,0.9653569383657048,27866,479,0.017189406445130267,19886,287,0.014432263904254249,1074,261,0.2430167597765363,BBH,0.5,discovery,validation
366,0.5974270135494277,0.00842642526964561,0.9670023518518772,27866,457,0.016399913873537644,19886,254,0.012772804988434075,1074,238,0.22160148975791433,BBH,0.5,discovery,validation
367,0.4338696440424899,0.006295507417142511,0.968146987320519,27866,440,0.015789851431852436,19886,265,0.013325957960374132,1074,245,0.22811918063314712,BBH,0.5,discovery,validation
368,0.3346070233600609,0.006150163217512579,0.9672885107190375,27866,450,0.016148711691667265,19886,261,0.013124811425123202,1074,231,0.21508379888268156,BBH,0.5,discovery,validation
369,0.3252805269401981,0.01591060152874709,0.9596337610224961,27866,560,0.020096174549630374,19886,347,0.017449461933018204,1074,323,0.30074487895716945,BBH,0.5,discovery,validation
370,0.32705062063423834,0.01688915129434692,0.9592045227217555,27866,565,0.020275604679537786,19886,343,0.017248315397767274,1074,296,0.2756052141527002,BBH,0.5,discovery,validation
371,0.48991831314178763,0.012181912207303329,0.9672169710022475,27866,453,0.016256369769611714,19886,293,0.014733983707130645,1074,271,0.25232774674115455,BBH,0.5,discovery,validation
372,0.6237895775142936,0.014566716517115328,0.9642123028970631,27866,496,0.017799468886815474,19886,299,0.01503570351000704,1074,275,0.25605214152700184,BBH,0.5,discovery,validation
373,0.23218985927906952,0.005077835030733339,0.9700070199570616,27866,414,0.014856814756333884,19886,240,0.012068792115055817,1074,233,0.2169459962756052,BBH,0.5,discovery,validation
374,0.299180023117814,0.014051092262719061,0.9617084128094093,27866,529,0.018983707744204405,19886,331,0.01664487579201448,1074,299,0.2783985102420857,BBH,0.5,discovery,validation
375,0.31677679796931346,0.014647257604134633,0.9602060787568171,27866,549,0.019701428263834062,19886,321,0.016142009453887156,1074,284,0.2644320297951583,BBH,0.5,discovery,validation
376,0.7039188517358752,0.02027799178222906,0.9629245879948412,27866,512,0.018373645302519198,19886,316,0.015890576284823495,1074,288,0.2681564245810056,BBH,0.5,discovery,validation
377,0.11647257985813284,0.005789449832321217,0.9592760624385457,27866,562,0.02016794660159334,19886,316,0.015890576284823495,1074,279,0.25977653631284914,BBH,0.5,discovery,validation
378,0.24505051027681624,0.004946219035202084,0.9644269220474333,27866,490,0.01758415273092658,19886,291,0.01463341043950518,1074,279,0.25977653631284914,BBH,0.5,discovery,validation
379,0.27062197714922476,0.007240950611772717,0.9714378142928639,27866,394,0.014139094236704227,19886,254,0.012772804988434075,1074,236,0.21973929236499068,BBH,0.5,discovery,validation
380,0.3517124245404923,0.0029281762906822268,0.9657146369496553,27866,473,0.01697409028924137,19886,259,0.013024238157497738,1074,251,0.23370577281191807,BBH,0.5,discovery,validation
381,0.5246595399376246,0.008860984308473615,0.9663584944007663,27866,463,0.016615230029426543,19886,272,0.01367796439706326,1074,253,0.23556797020484171,BBH,0.5,discovery,validation
382,0.578055763698645,0.008376174224423872,0.969577781656321,27866,421,0.015108016938204263,19886,243,0.012219652016494015,1074,228,0.2122905027932961,BBH,0.5,discovery,validation
383,0.3012030828508875,0.009088989050972256,0.968146987320519,27866,441,0.01582573745783392,19886,264,0.0132756713265614,1074,245,0.22811918063314712,BBH,0.5,discovery,validation
384,0.43313172144774925,0.009960837185413456,0.9663584944007663,27866,466,0.01672288810737099,19886,277,0.013929397566126923,1074,261,0.2430167597765363,BBH,0.5,discovery,validation
385,0.4964822414321222,0.008575378367870057,0.9643553823306432,27866,493,0.017691810808871025,19886,294,0.014784270340943378,1074,271,0.25232774674115455,BBH,0.5,discovery,validation
386,0.4010852819086282,0.011007828962842428,0.9657861766664454,27866,474,0.01700997631522285,19886,302,0.015186563411445237,1074,287,0.2672253258845438,BBH,0.5,discovery,validation
387,0.30929656034634195,0.006310613613704332,0.9663584944007663,27866,466,0.01672288810737099,19886,258,0.012973951523685004,1074,249,0.23184357541899442,BBH,0.5,discovery,validation
388,0.6154473985579706,0.0034572419106317417,0.9599199198896565,27866,553,0.019844972367759995,19886,308,0.015488283214321634,1074,282,0.26256983240223464,BBH,0.5,discovery,validation
389,0.23029778062030928,0.00838941508806913,0.9662869546839762,27866,467,0.016758774133352472,19886,260,0.013074524791310469,1074,245,0.22811918063314712,BBH,0.5,discovery,validation
390,0.275939679165852,0.009525798136601243,0.9700785596738517,27866,413,0.0148209287303524,19886,228,0.011465352509303027,1074,216,0.2011173184357542,BBH,0.5,discovery,validation
391,0.40140690445106925,0.011786645162219372,0.9665731135511366,27866,461,0.016543457977463576,19886,277,0.013929397566126923,1074,253,0.23556797020484171,BBH,0.5,discovery,validation
392,0.5927340272826574,0.005916153055983568,0.9650707794985444,27866,482,0.017297064523074716,19886,280,0.01408025746756512,1074,257,0.239292364990689,BBH,0.5,discovery,validation
393,0.26804934209944825,0.007866551859572801,0.9624953496941006,27866,517,0.018553075432426614,19886,300,0.015085990143819773,1074,277,0.2579143389199255,BBH,0.5,discovery,validation
394,0.5039364758680316,0.02223508601920096,0.9579883475363237,27866,578,0.020742123017297064,19886,396,0.0199135069898421,1074,338,0.31471135940409684,BBH,0.5,discovery,validation
395,0.57776098388394,0.009606199808956032,0.9680754476037288,27866,439,0.015753965405870953,19886,278,0.013979684199939656,1074,264,0.24581005586592178,BBH,0.5,discovery,validation
396,0.2404769018501251,0.003465564843929751,0.9663584944007663,27866,465,0.016687002081389506,19886,279,0.01402997083375239,1074,256,0.2383612662942272,BBH,0.5,discovery,validation
397,0.17833685250563755,0.009884928547690255,0.9679323681701486,27866,442,0.015861623483815403,19886,269,0.013527104495625063,1074,260,0.24208566108007448,BBH,0.5,discovery,validation
398,0.2313744883745237,0.005239569752281622,0.966143875250396,27866,468,0.016794660159333955,19886,278,0.013979684199939656,1074,259,0.24115456238361266,BBH,0.5,discovery,validation
399,0.27160951983305054,0.0073218817069042146,0.9667161929847168,27866,459,0.01647168592550061,19886,288,0.014482550538066982,1074,272,0.2532588454376164,BBH,0.5,discovery,validation
400,0.30305331447792233,0.003443196052867044,0.9691485433555804,27866,426,0.015287447068111677,19886,242,0.012169365382681284,1074,232,0.21601489757914338,BBH,0.5,discovery,validation
401,0.3828851367000891,0.007123877588418551,0.9691485433555804,27866,425,0.015251561042130194,19886,256,0.01287337825605954,1074,240,0.22346368715083798,BBH,0.5,discovery,validation
402,0.18023907532219655,0.007926976645820125,0.9622807305437301,27866,521,0.018696619536352543,19886,298,0.014985416876194308,1074,273,0.2541899441340782,BBH,0.5,discovery,validation
403,0.5570950576790383,0.01706315491362221,0.9614222539422489,27866,533,0.019127251848130338,19886,318,0.015991149552448958,1074,282,0.26256983240223464,BBH,0.5,discovery,validation
404,0.5812084773133595,0.020720830993284662,0.9619945716765697,27866,524,0.018804277614296993,19886,315,0.01584028965101076,1074,273,0.2541899441340782,BBH,0.5,discovery,validation
405,0.23696877300132327,0.0068855932203389855,0.9689339242052102,27866,430,0.015430991172037608,19886,237,0.011917932213617621,1074,226,0.21042830540037244,BBH,0.5,discovery,validation
406,0.4824947992785999,0.006062526100542894,0.9627099688444708,27866,515,0.018481303380463648,19886,288,0.014482550538066982,1074,273,0.2541899441340782,BBH,0.5,discovery,validation
407,0.2744484866252741,0.005952935585766076,0.9632107468620015,27866,510,0.018301873250556232,19886,301,0.015136276777632506,1074,276,0.2569832402234637,BBH,0.5,discovery,validation
408,0.478366139885153,0.00878933711685456,0.9647130809145937,27866,487,0.01747649465298213,19886,270,0.013577391129437795,1074,240,0.22346368715083798,BBH,0.5,discovery,validation
409,0.3581804120380851,0.009581105169340461,0.9673600504358278,27866,450,0.016148711691667265,19886,270,0.013577391129437795,1074,261,0.2430167597765363,BBH,0.5,discovery,validation
410,0.14574269921415667,0.0034334496510468587,0.9637830645963225,27866,501,0.017978899016722887,19886,272,0.01367796439706326,1074,257,0.239292364990689,BBH,0.5,discovery,validation
411,0.45843174393448133,0.008274419166742191,0.9646415411978037,27866,488,0.017512380678963612,19886,297,0.014935130242381574,1074,269,0.2504655493482309,BBH,0.5,discovery,validation
412,0.2334655687145686,0.008445775672133967,0.9690770036387903,27866,427,0.01532333309409316,19886,260,0.013074524791310469,1074,249,0.23184357541899442,BBH,0.5,discovery,validation
413,0.4149739433278057,0.005904122805754365,0.9647846206313838,27866,488,0.017512380678963612,19886,298,0.014985416876194308,1074,277,0.2579143389199255,BBH,0.5,discovery,validation
414,0.1724997532005609,0.01239085772984079,0.9615653333758291,27866,533,0.019127251848130338,19886,329,0.01654430252438902,1074,284,0.2644320297951583,BBH,0.5,discovery,validation
415,0.7548363357443534,0.03013022670871554,0.9529805673610162,27866,651,0.02336180291394531,19886,394,0.019812933722216635,1074,327,0.30446927374301674,BBH,0.5,discovery,validation
416,0.27366576495163647,0.00950500770416025,0.9683616064708892,27866,436,0.015646307327926507,19886,275,0.013828824298501458,1074,265,0.2467411545623836,BBH,0.5,discovery,validation
417,0.33037886645887976,0.00489732724902216,0.9632822865787917,27866,508,0.01823010119859327,19886,300,0.015085990143819773,1074,275,0.25605214152700184,BBH,0.5,discovery,validation
418,0.31812428485046035,0.008580755402789299,0.9636399851627421,27866,502,0.01801478504270437,19886,300,0.015085990143819773,1074,275,0.25605214152700184,BBH,0.5,discovery,validation
419,0.5544640072481578,0.017711274276857897,0.9598483801728664,27866,555,0.01991674441972296,19886,363,0.018254048074021926,1074,310,0.2886405959031657,BBH,0.5,discovery,validation
420,0.3422504405949115,0.009108092389498161,0.9658577163832355,27866,471,0.016902318237278405,19886,296,0.014884843608568843,1074,272,0.2532588454376164,BBH,0.5,discovery,validation
421,0.47260637539757794,0.00488102998696218,0.9683616064708892,27866,438,0.01571807937988947,19886,246,0.012370511917932214,1074,224,0.2085661080074488,BBH,0.5,discovery,validation
422,0.568843351200685,0.020591263592400367,0.9572014106516324,27866,590,0.02117275532907486,19886,365,0.01835462134164739,1074,305,0.2839851024208566,BBH,0.5,discovery,validation
423,0.10540029381281392,0.005272164276401557,0.9662154149671861,27866,467,0.016758774133352472,19886,280,0.01408025746756512,1074,262,0.24394785847299813,BBH,0.5,discovery,validation
424,0.405611148821274,0.008322947823197074,0.9642838426138531,27866,494,0.017727696834852508,19886,269,0.013527104495625063,1074,250,0.23277467411545624,BBH,0.5,discovery,validation
425,0.46006367053257463,0.007164113719447717,0.9665731135511366,27866,462,0.01657934400344506,19886,245,0.01232022528411948,1074,232,0.21601489757914338,BBH,0.5,discovery,validation
426,0.0924604218483077,0.004174886837646222,0.9690770036387903,27866,428,0.015359219120074643,19886,234,0.011767072312179423,1074,220,0.2048417132216015,BBH,0.5,discovery,validation
427,0.3873342922285931,0.006782999909927555,0.9659292561000256,27866,468,0.016794660159333955,19886,301,0.015136276777632506,1074,281,0.2616387337057728,BBH,0.5,discovery,validation
428,0.47544138540543124,0.016129535494338286,0.9647846206313838,27866,486,0.017440608627000646,19886,289,0.014532837171879715,1074,272,0.2532588454376164,BBH,0.5,discovery,validation
429,0.2985313629209685,0.007399353906561256,0.9666446532679267,27866,459,0.01647168592550061,19886,278,0.013979684199939656,1074,258,0.24022346368715083,BBH,0.5,discovery,validation
430,0.42095088339102504,0.011987014035774301,0.9637115248795324,27866,501,0.017978899016722887,19886,283,0.014231117369003319,1074,262,0.24394785847299813,BBH,0.5,discovery,validation
431,0.18334440541127145,0.008041217257318944,0.9711516554257034,27866,395,0.01417498026268571,19886,232,0.011666499044553958,1074,221,0.20577281191806332,BBH,0.5,discovery,validation
432,0.441255720684543,0.010117375147285414,0.9658577163832355,27866,471,0.016902318237278405,19886,275,0.013828824298501458,1074,262,0.24394785847299813,BBH,0.5,discovery,validation
433,0.4848590756495826,0.01985282470345971,0.9574875695187929,27866,588,0.021100983277111893,19886,405,0.020366086694156692,1074,335,0.31191806331471134,BBH,0.5,discovery,validation
434,0.5838082594406476,0.021366698273477938,0.9585606652706447,27866,573,0.020562692887389652,19886,349,0.01755003520064367,1074,304,0.28305400372439476,BBH,0.5,discovery,validation
435,0.37717859551985095,0.011723008544460081,0.9624953496941006,27866,518,0.018588961458408097,19886,319,0.016041436186261693,1074,279,0.25977653631284914,BBH,0.5,discovery,validation
436,0.413950051417261,0.011157726198351975,0.9639261440299026,27866,497,0.017835354912796957,19886,305,0.015337423312883436,1074,282,0.26256983240223464,BBH,0.5,discovery,validation
437,0.22605964467534628,0.005736578144354809,0.9653569383657048,27866,477,0.0171176343931673,19886,275,0.013828824298501458,1074,256,0.2383612662942272,BBH,0.5,discovery,validation
438,0.41303024365014396,0.010109010267413551,0.9637115248795324,27866,501,0.017978899016722887,19886,298,0.014985416876194308,1074,280,0.260707635009311,BBH,0.5,discovery,validation
439,0.26796232196132036,0.0053413477516169395,0.9643553823306432,27866,494,0.017727696834852508,19886,299,0.01503570351000704,1074,273,0.2541899441340782,BBH,0.5,discovery,validation
440,0.3362104549383621,0.015962732024826117,0.9643553823306432,27866,493,0.017691810808871025,19886,305,0.015337423312883436,1074,279,0.25977653631284914,BBH,0.5,discovery,validation
441,0.19572027726434665,0.007209749962799222,0.9672885107190375,27866,452,0.01622048374363023,19886,270,0.013577391129437795,1074,256,0.2383612662942272,BBH,0.5,discovery,validation
442,0.36423893150338316,0.007284963291942363,0.9662869546839762,27866,467,0.016758774133352472,19886,267,0.013426531227999597,1074,249,0.23184357541899442,BBH,0.5,discovery,validation
443,0.3254552635282805,0.013581792501284034,0.9624238099773103,27866,518,0.018588961458408097,19886,305,0.015337423312883436,1074,284,0.2644320297951583,BBH,0.5,discovery,validation
444,0.2641854716924501,0.01485302659001189,0.9597768404560764,27866,555,0.01991674441972296,19886,347,0.017449461933018204,1074,312,0.2905027932960894,BBH,0.5,discovery,validation
445,0.41340645673153853,0.01888599282865083,0.9622807305437301,27866,522,0.018732505562334027,19886,337,0.016946595594890878,1074,302,0.2811918063314711,BBH,0.5,discovery,validation
446,0.5311970790590157,0.016023898002960814,0.9622807305437301,27866,521,0.018696619536352543,19886,323,0.016242582721512622,1074,299,0.2783985102420857,BBH,0.5,discovery,validation
447,0.32106547165436117,0.008336573400726736,0.9664300341175563,27866,464,0.016651116055408022,19886,269,0.013527104495625063,1074,258,0.24022346368715083,BBH,0.5,discovery,validation
448,0.48361033927647995,0.009253722477427527,0.9648561603481739,27866,484,0.01736883657503768,19886,272,0.01367796439706326,1074,259,0.24115456238361266,BBH,0.5,discovery,validation
449,0.41887936584445895,0.01696595289182015,0.9659292561000256,27866,470,0.01686643221129692,19886,297,0.014935130242381574,1074,278,0.25884543761638734,BBH,0.5,discovery,validation
450,0.2711150620967632,0.014140211763463499,0.9631392071452114,27866,509,0.018265987224574752,19886,325,0.016343155989138086,1074,294,0.2737430167597765,BBH,0.5,discovery,validation
451,0.5132099681731027,0.007294704671033618,0.9634253660123718,27866,506,0.018158329146630302,19886,295,0.01483455697475611,1074,272,0.2532588454376164,BBH,0.5,discovery,validation
452,0.22988845486370588,0.009819804251928445,0.9646415411978037,27866,487,0.01747649465298213,19886,295,0.01483455697475611,1074,276,0.2569832402234637,BBH,0.5,discovery,validation
453,0.32228223591699984,0.012353056943584425,0.9582745064034841,27866,576,0.020670350965334098,19886,343,0.017248315397767274,1074,305,0.2839851024208566,BBH,0.5,discovery,validation
454,0.528654594701925,0.012579685186863651,0.9604922376239775,27866,546,0.019593770185889616,19886,321,0.016142009453887156,1074,294,0.2737430167597765,BBH,0.5,discovery,validation
455,0.38196982356094544,0.014912816068927175,0.9617799525261994,27866,529,0.018983707744204405,19886,343,0.017248315397767274,1074,317,0.2951582867783985,BBH,0.5,discovery,validation
456,0.55297094130261,0.0033531997465547267,0.9643553823306432,27866,494,0.017727696834852508,19886,302,0.015186563411445237,1074,278,0.25884543761638734,BBH,0.5,discovery,validation
457,0.2602057073229762,0.018103400080133426,0.9647846206313838,27866,487,0.01747649465298213,19886,289,0.014532837171879715,1074,266,0.24767225325884543,BBH,0.5,discovery,validation
458,0.24816715558786412,0.008062932414876572,0.965500017799285,27866,477,0.0171176343931673,19886,277,0.013929397566126923,1074,259,0.24115456238361266,BBH,0.5,discovery,validation
459,0.44695913440838664,0.004323689932750606,0.9657146369496553,27866,475,0.017045862341204334,19886,274,0.013778537664688726,1074,256,0.2383612662942272,BBH,0.5,discovery,validation
460,0.29863688634313545,0.007944915254237288,0.9658577163832355,27866,473,0.01697409028924137,19886,267,0.013426531227999597,1074,250,0.23277467411545624,BBH,0.5,discovery,validation
461,0.5330833079231376,0.006971073957614329,0.966143875250396,27866,468,0.016794660159333955,19886,274,0.013778537664688726,1074,257,0.239292364990689,BBH,0.5,discovery,validation
462,0.5919424612691718,0.023003807890968835,0.9584891255538546,27866,574,0.020598578913371135,19886,383,0.019259780750276578,1074,326,0.30353817504655495,BBH,0.5,discovery,validation
463,0.317188344436505,0.005539315217756518,0.9662869546839762,27866,466,0.01672288810737099,19886,278,0.013979684199939656,1074,256,0.2383612662942272,BBH,0.5,discovery,validation
464,0.34616930311037464,0.010587820226660712,0.9653569383657048,27866,477,0.0171176343931673,19886,277,0.013929397566126923,1074,265,0.2467411545623836,BBH,0.5,discovery,validation
465,0.3674413077412131,0.012563167196230615,0.961493793659039,27866,533,0.019127251848130338,19886,328,0.016494015890576284,1074,294,0.2737430167597765,BBH,0.5,discovery,validation
466,0.47944628556718416,0.013697543732439045,0.9670023518518772,27866,457,0.016399913873537644,19886,249,0.012521371819370412,1074,236,0.21973929236499068,BBH,0.5,discovery,validation
467,0.2569361955540273,0.006447557638610645,0.9658577163832355,27866,472,0.016938204263259888,19886,293,0.014733983707130645,1074,271,0.25232774674115455,BBH,0.5,discovery,validation
468,0.8151550255248274,0.02463520652994288,0.9537675042457074,27866,641,0.02300294265413048,19886,441,0.022176405511415066,1074,377,0.351024208566108,BBH,0.5,discovery,validation
469,0.04705720228198989,0.0030471086739780524,0.9670738915686673,27866,453,0.016256369769611714,19886,261,0.013124811425123202,1074,240,0.22346368715083798,BBH,0.5,discovery,validation
470,0.29721294440369406,0.009862546317433996,0.9696493213731111,27866,418,0.015000358860259815,19886,262,0.013175098058935936,1074,245,0.22811918063314712,BBH,0.5,discovery,validation
471,0.4233470306526181,0.0075913226053925375,0.9670023518518772,27866,454,0.016292255795593198,19886,275,0.013828824298501458,1074,254,0.23649906890130354,BBH,0.5,discovery,validation
472,0.3741662012746185,0.010274613711965207,0.9657861766664454,27866,473,0.01697409028924137,19886,295,0.01483455697475611,1074,276,0.2569832402234637,BBH,0.5,discovery,validation
473,0.37350746827232545,0.013638601329966487,0.957559109235583,27866,587,0.02106509725113041,19886,361,0.01815347480639646,1074,322,0.29981378026070765,BBH,0.5,discovery,validation
474,0.22083697459289384,0.003780470941487879,0.972868608628666,27866,373,0.013385487691093089,19886,221,0.011113346072613899,1074,216,0.2011173184357542,BBH,0.5,discovery,validation
475,0.2411440632709135,0.005827321208281137,0.9714378142928639,27866,393,0.014103208210722744,19886,232,0.011666499044553958,1074,226,0.21042830540037244,BBH,0.5,discovery,validation
476,0.27804363663171655,0.003190195767836683,0.963568445445952,27866,502,0.01801478504270437,19886,292,0.014683697073317912,1074,277,0.2579143389199255,BBH,0.5,discovery,validation
477,0.5108581317508915,0.0187959909566119,0.9627815085612609,27866,515,0.018481303380463648,19886,334,0.01679573569345268,1074,293,0.27281191806331473,BBH,0.5,discovery,validation
478,0.7338157068226966,0.011392166957072701,0.9657146369496553,27866,474,0.01700997631522285,19886,314,0.015790003017198028,1074,289,0.26908752327746743,BBH,0.5,discovery,validation
479,0.35406535323318994,0.01442910012528261,0.9630676674284213,27866,510,0.018301873250556232,19886,300,0.015085990143819773,1074,285,0.26536312849162014,BBH,0.5,discovery,validation
480,0.46566377880928617,0.011744644288601202,0.9593476021553358,27866,563,0.020203832627574823,19886,336,0.016896308961078146,1074,299,0.2783985102420857,BBH,0.5,discovery,validation
481,0.18093204117519157,0.00443409222911837,0.9657861766664454,27866,472,0.016938204263259888,19886,286,0.014381977270441517,1074,272,0.2532588454376164,BBH,0.5,discovery,validation
482,0.282509222518748,0.003606604429136833,0.9657861766664454,27866,474,0.01700997631522285,19886,276,0.013879110932314191,1074,257,0.239292364990689,BBH,0.5,discovery,validation
483,0.23000001888215568,0.005104906182048589,0.9662869546839762,27866,466,0.01672288810737099,19886,295,0.01483455697475611,1074,272,0.2532588454376164,BBH,0.5,discovery,validation
484,0.5549900841963599,0.020978730475240938,0.9607068567743478,27866,542,0.019450226081963683,19886,317,0.015940862918636226,1074,284,0.2644320297951583,BBH,0.5,discovery,validation
485,0.147743130154727,0.007110297894196201,0.9609214759247181,27866,539,0.019342568004019234,19886,329,0.01654430252438902,1074,293,0.27281191806331473,BBH,0.5,discovery,validation
486,0.1643296912214328,0.013244357835584142,0.9592045227217555,27866,563,0.020203832627574823,19886,326,0.01639344262295082,1074,293,0.27281191806331473,BBH,0.5,discovery,validation
487,0.31721754106405436,0.015122714552462693,0.9618514922429895,27866,528,0.018947821718222926,19886,311,0.01563914311575983,1074,277,0.2579143389199255,BBH,0.5,discovery,validation
488,0.40020764908910617,0.004733851405285702,0.9626384291276807,27866,517,0.018553075432426614,19886,301,0.015136276777632506,1074,281,0.2616387337057728,BBH,0.5,discovery,validation
489,0.6818196844465779,0.008824473549049819,0.9637115248795324,27866,501,0.017978899016722887,19886,304,0.015287136679070702,1074,290,0.27001862197392923,BBH,0.5,discovery,validation
490,0.36635531792523995,0.0053221745021346115,0.9687193050548397,27866,430,0.015430991172037608,19886,268,0.01347681786181233,1074,243,0.22625698324022347,BBH,0.5,discovery,validation
491,0.25230827276071455,0.008256480558325034,0.9702931788242222,27866,409,0.01467738462642647,19886,236,0.011867645579804888,1074,223,0.20763500931098697,BBH,0.5,discovery,validation
492,0.357977907909557,0.008220170979556372,0.9652853986489146,27866,480,0.01722529247111175,19886,280,0.01408025746756512,1074,265,0.2467411545623836,BBH,0.5,discovery,validation
493,0.28201356866820276,0.010817024994119882,0.9665015738343463,27866,461,0.016543457977463576,19886,275,0.013828824298501458,1074,257,0.239292364990689,BBH,0.5,discovery,validation
494,0.1963829987202168,0.005426901114837294,0.9674315901526179,27866,450,0.016148711691667265,19886,258,0.012973951523685004,1074,243,0.22625698324022347,BBH,0.5,discovery,validation
495,0.29953134662188824,0.009716566810472014,0.9634253660123718,27866,505,0.01812244312064882,19886,307,0.0154379965805089,1074,293,0.27281191806331473,BBH,0.5,discovery,validation
496,0.24832855255090955,0.0062243194658448825,0.9609930156415082,27866,540,0.019378454030000717,19886,314,0.015790003017198028,1074,282,0.26256983240223464,BBH,0.5,discovery,validation
497,0.4211468270952935,0.010171568627450979,0.9680039078869387,27866,442,0.015861623483815403,19886,272,0.01367796439706326,1074,259,0.24115456238361266,BBH,0.5,discovery,validation
498,0.2473081848530568,0.012265665125834628,0.966143875250396,27866,468,0.016794660159333955,19886,293,0.014733983707130645,1074,261,0.2430167597765363,BBH,0.5,discovery,validation
499,0.13535397972393448,0.003277162282622528,0.9670738915686673,27866,455,0.016328141821574677,19886,277,0.013929397566126923,1074,257,0.239292364990689,BBH,0.5,discovery,validation
500,0.41918524619355757,0.009935156651258343,0.9645700014810136,27866,489,0.017548266704945095,19886,274,0.013778537664688726,1074,260,0.24208566108007448,BBH,0.5,discovery,validation
501,0.5434591474389395,0.012842721834496515,0.9662869546839762,27866,463,0.016615230029426543,19886,275,0.013828824298501458,1074,257,0.239292364990689,BBH,0.5,discovery,validation
502,0.4072184633572309,0.011382130865969075,0.9662869546839762,27866,465,0.016687002081389506,19886,275,0.013828824298501458,1074,258,0.24022346368715083,BBH,0.5,discovery,validation
503,0.47546857794158043,0.013739085772984081,0.96220919082694,27866,522,0.018732505562334027,19886,327,0.016443729256763552,1074,297,0.276536312849162,BBH,0.5,discovery,validation
504,0.635719581281818,0.005707468715349279,0.9665015738343463,27866,464,0.016651116055408022,19886,282,0.014180830735190586,1074,255,0.23743016759776536,BBH,0.5,discovery,validation
505,0.4257073194319092,0.011544910722378315,0.9680039078869387,27866,442,0.015861623483815403,19886,255,0.012823091622246806,1074,248,0.2309124767225326,BBH,0.5,discovery,validation
506,0.36177449210015583,0.016250490951388252,0.9687193050548397,27866,431,0.015466877198019091,19886,275,0.013828824298501458,1074,257,0.239292364990689,BBH,0.5,discovery,validation
507,0.2573781495512587,0.007043264146953085,0.9685762256212597,27866,433,0.015538649249982057,19886,254,0.012772804988434075,1074,238,0.22160148975791433,BBH,0.5,discovery,validation
508,0.38434245736037986,0.01468605546995377,0.9651423192153344,27866,481,0.017261178497093233,19886,307,0.0154379965805089,1074,287,0.2672253258845438,BBH,0.5,discovery,validation
509,0.4495705507973565,0.009826769690927233,0.961493793659039,27866,531,0.019055479796167372,19886,327,0.016443729256763552,1074,299,0.2783985102420857,BBH,0.5,discovery,validation
510,0.23287518107160407,0.004207393396135578,0.969577781656321,27866,419,0.015036244886241298,19886,265,0.013325957960374132,1074,262,0.24394785847299813,BBH,0.5,discovery,validation
511,0.4226890001115375,0.009585825855766034,0.9644269220474333,27866,490,0.01758415273092658,19886,294,0.014784270340943378,1074,266,0.24767225325884543,BBH,0.5,discovery,validation
512,0.33356584316288274,0.0148984863591045,0.9659292561000256,27866,469,0.01683054618531544,19886,290,0.014583123805692447,1074,272,0.2532588454376164,BBH,0.5,discovery,validation
513,0.18493659453477007,0.005454023443687624,0.9608499362079279,27866,543,0.019486112107945167,19886,297,0.014935130242381574,1074,273,0.2541899441340782,BBH,0.5,discovery,validation
514,0.44051913052520364,0.004734354628422422,0.965500017799285,27866,476,0.017081748367185817,19886,304,0.015287136679070702,1074,274,0.25512104283054005,BBH,0.5,discovery,validation
515,0.2786199304273413,0.008190170355543397,0.9716524334432342,27866,391,0.01403143615875978,19886,239,0.012018505481243086,1074,232,0.21601489757914338,BBH,0.5,discovery,validation
516,0.5064427998494994,0.007547839347999621,0.9660723355336057,27866,468,0.016794660159333955,19886,276,0.013879110932314191,1074,261,0.2430167597765363,BBH,0.5,discovery,validation
517,0.3490985452282179,0.007148938697924914,0.9690054639220003,27866,427,0.01532333309409316,19886,245,0.01232022528411948,1074,230,0.21415270018621974,BBH,0.5,discovery,validation
518,0.14660969627555162,0.007594640321459864,0.9662869546839762,27866,464,0.016651116055408022,19886,290,0.014583123805692447,1074,271,0.25232774674115455,BBH,0.5,discovery,validation
519,0.2836021959313869,0.007473790748965221,0.967503129869408,27866,449,0.01611282566568578,19886,271,0.013627677763250528,1074,249,0.23184357541899442,BBH,0.5,discovery,validation
520,0.5762129415281456,0.010885612393588453,0.962853048278051,27866,514,0.018445417354482165,19886,301,0.015136276777632506,1074,273,0.2541899441340782,BBH,0.5,discovery,validation
521,0.621290541810675,0.01584032947885316,0.9626384291276807,27866,518,0.018588961458408097,19886,303,0.01523685004525797,1074,287,0.2672253258845438,BBH,0.5,discovery,validation
522,0.2446707333536525,0.008023049232365211,0.9587752844210148,27866,572,0.02052680686140817,19886,373,0.018756914412149252,1074,310,0.2886405959031657,BBH,0.5,discovery,validation
523,0.579679436890761,0.02242966653706397,0.9638546043131125,27866,500,0.017943012990741407,19886,315,0.01584028965101076,1074,276,0.2569832402234637,BBH,0.5,discovery,validation
524,0.33985320467676927,0.01352368129257088,0.9613507142254588,27866,535,0.019199023900093305,19886,333,0.01674544905963995,1074,300,0.27932960893854747,BBH,0.5,discovery,validation
525,0.470725501600764,0.012703464232056021,0.9629245879948412,27866,513,0.01840953132850068,19886,312,0.015689429749572565,1074,277,0.2579143389199255,BBH,0.5,discovery,validation
526,0.3503954130696326,0.013903383308019868,0.9637830645963225,27866,501,0.017978899016722887,19886,313,0.015739716383385297,1074,281,0.2616387337057728,BBH,0.5,discovery,validation
527,0.40754491488570604,0.010547901749297551,0.9651423192153344,27866,482,0.017297064523074716,19886,274,0.013778537664688726,1074,251,0.23370577281191807,BBH,0.5,discovery,validation
528,0.1821960701317051,0.002850269285601139,0.970150099390642,27866,411,0.014749156678389436,19886,247,0.012420798551744947,1074,236,0.21973929236499068,BBH,0.5,discovery,validation
529,0.4125782721621129,0.005619822774666648,0.9631392071452114,27866,510,0.018301873250556232,19886,293,0.014733983707130645,1074,280,0.260707635009311,BBH,0.5,discovery,validation
530,0.06650600376114538,0.0031294550926659294,0.9689339242052102,27866,428,0.015359219120074643,19886,268,0.01347681786181233,1074,248,0.2309124767225326,BBH,0.5,discovery,validation
531,0.5422155736923345,0.01488390958531938,0.9592760624385457,27866,563,0.020203832627574823,19886,370,0.018606054510711054,1074,316,0.2942271880819367,BBH,0.5,discovery,validation
532,0.32057174419898626,0.01368748469968175,0.9590614432881753,27866,566,0.02031149070551927,19886,335,0.01684602232726541,1074,292,0.2718808193668529,BBH,0.5,discovery,validation
533,0.39386533511409483,0.009829404451612596,0.9636399851627421,27866,499,0.017907126964759924,19886,261,0.013124811425123202,1074,237,0.2206703910614525,BBH,0.5,discovery,validation
534,0.37453941253096185,0.012729864781187449,0.9666446532679267,27866,460,0.016507571951482093,19886,306,0.015387709946696169,1074,287,0.2672253258845438,BBH,0.5,discovery,validation
535,0.5531904522909333,0.005774790115634399,0.9624238099773103,27866,520,0.01866073351037106,19886,299,0.01503570351000704,1074,286,0.26629422718808193,BBH,0.5,discovery,validation
536,0.14389133253492306,0.007209432309133198,0.96220919082694,27866,523,0.01876839158831551,19886,297,0.014935130242381574,1074,273,0.2541899441340782,BBH,0.5,discovery,validation
537,0.35233757031779744,0.012356657018465974,0.965500017799285,27866,477,0.0171176343931673,19886,283,0.014231117369003319,1074,266,0.24767225325884543,BBH,0.5,discovery,validation
538,0.366239041812135,0.010034291066195338,0.9692200830723705,27866,425,0.015251561042130194,19886,248,0.012471085185557678,1074,238,0.22160148975791433,BBH,0.5,discovery,validation
539,0.2509766905026288,0.012883079732764317,0.9615653333758291,27866,529,0.018983707744204405,19886,328,0.016494015890576284,1074,280,0.260707635009311,BBH,0.5,discovery,validation
540,0.8406676184622714,0.013030401801588248,0.9604206979071873,27866,548,0.01966554223785258,19886,333,0.01674544905963995,1074,293,0.27281191806331473,BBH,0.5,discovery,validation
541,0.3359880518927547,0.011450638173274004,0.96220919082694,27866,523,0.01876839158831551,19886,312,0.015689429749572565,1074,274,0.25512104283054005,BBH,0.5,discovery,validation
542,0.4439789272195892,0.011430273043796957,0.9674315901526179,27866,449,0.01611282566568578,19886,303,0.01523685004525797,1074,281,0.2616387337057728,BBH,0.5,discovery,validation
543,0.3060854164811959,0.010303414311017662,0.968146987320519,27866,439,0.015753965405870953,19886,250,0.012571658453183143,1074,234,0.21787709497206703,BBH,0.5,discovery,validation
544,0.16131777419167506,0.011546610169491519,0.9630676674284213,27866,511,0.018337759276537715,19886,330,0.01659458915820175,1074,294,0.2737430167597765,BBH,0.5,discovery,validation
545,0.24350910666220454,0.006560882620204648,0.9618514922429895,27866,527,0.018911935692241442,19886,302,0.015186563411445237,1074,275,0.25605214152700184,BBH,0.5,discovery,validation
546,0.7737223394326005,0.018527023823633984,0.9631392071452114,27866,507,0.018194215172611786,19886,319,0.016041436186261693,1074,282,0.26256983240223464,BBH,0.5,discovery,validation
547,0.32269814504010524,0.009711802005481721,0.9668592724182969,27866,459,0.01647168592550061,19886,267,0.013426531227999597,1074,256,0.2383612662942272,BBH,0.5,discovery,validation
548,0.6335100787561283,0.008211735509980961,0.9649992397817543,27866,483,0.017332950549056196,19886,271,0.013627677763250528,1074,248,0.2309124767225326,BBH,0.5,discovery,validation
549,0.42316677868061825,0.019318601826918008,0.9533382659449667,27866,647,0.02321825881001938,19886,388,0.01951121391934024,1074,331,0.30819366852886404,BBH,0.5,discovery,validation
550,0.12034232386459942,0.007904317350977363,0.9665015738343463,27866,463,0.016615230029426543,19886,282,0.014180830735190586,1074,264,0.24581005586592178,BBH,0.5,discovery,validation
551,0.08907975555061247,0.0050928943937418375,0.9653569383657048,27866,479,0.017189406445130267,19886,264,0.0132756713265614,1074,252,0.2346368715083799,BBH,0.5,discovery,validation
552,0.8263072920161705,0.012963869648488686,0.9609214759247181,27866,540,0.019378454030000717,19886,341,0.017147742130141808,1074,318,0.29608938547486036,BBH,0.5,discovery,validation
553,0.43683451621021757,0.018184084111302456,0.9647846206313838,27866,487,0.01747649465298213,19886,316,0.015890576284823495,1074,299,0.2783985102420857,BBH,0.5,discovery,validation
554,0.4464791336675572,0.0070225460689582395,0.9684331461876793,27866,436,0.015646307327926507,19886,266,0.013376244594186865,1074,240,0.22346368715083798,BBH,0.5,discovery,validation
555,0.4188556573596989,0.016874221572043997,0.9640692234634828,27866,495,0.01776358286083399,19886,313,0.015739716383385297,1074,276,0.2569832402234637,BBH,0.5,discovery,validation
556,0.16377687024218762,0.005132519109338651,0.9627099688444708,27866,515,0.018481303380463648,19886,299,0.01503570351000704,1074,272,0.2532588454376164,BBH,0.5,discovery,validation
557,0.12629801753572953,0.007576957600718088,0.9684331461876793,27866,436,0.015646307327926507,19886,274,0.013778537664688726,1074,255,0.23743016759776536,BBH,0.5,discovery,validation
558,0.16732156142089613,0.007420192801548733,0.9615653333758291,27866,532,0.019091365822148855,19886,306,0.015387709946696169,1074,271,0.25232774674115455,BBH,0.5,discovery,validation
559,0.641893969483623,0.015238375781745667,0.9626384291276807,27866,516,0.01851718940644513,19886,298,0.014985416876194308,1074,276,0.2569832402234637,BBH,0.5,discovery,validation
560,0.37971681270786123,0.016442742009033787,0.9621376511101499,27866,523,0.01876839158831551,19886,314,0.015790003017198028,1074,293,0.27281191806331473,BBH,0.5,discovery,validation
561,0.19194819692582682,0.0028152285567539827,0.9695062419395309,27866,421,0.015108016938204263,19886,251,0.012621945086995877,1074,237,0.2206703910614525,BBH,0.5,discovery,validation
562,0.42165765506365777,0.01586093990755008,0.9603491581903972,27866,548,0.01966554223785258,19886,349,0.01755003520064367,1074,314,0.29236499068901306,BBH,0.5,discovery,validation
563,0.3768681344724045,0.011134043352807614,0.9644799364715145,27865,491,0.017620671092768707,19885,310,0.0155896404324868,1073,290,0.2702702702702703,BBH,0.5,discovery,validation
564,0.7787802517450135,0.00824401794616151,0.9672885107190375,27866,449,0.01611282566568578,19886,282,0.014180830735190586,1074,265,0.2467411545623836,BBH,0.5,discovery,validation
565,0.31279895702387966,0.012934680806066644,0.9626384291276807,27866,516,0.01851718940644513,19886,303,0.01523685004525797,1074,275,0.25605214152700184,BBH,0.5,discovery,validation
566,0.2627427437228061,0.0054062889213978005,0.966143875250396,27866,469,0.01683054618531544,19886,280,0.01408025746756512,1074,256,0.2383612662942272,BBH,0.5,discovery,validation
567,0.42489378150702367,0.004121231875469168,0.9613507142254588,27866,532,0.019091365822148855,19886,338,0.01699688222870361,1074,303,0.28212290502793297,BBH,0.5,discovery,validation
568,0.3983594226814692,0.00879099461739392,0.9695062419395309,27866,420,0.015072130912222781,19886,247,0.012420798551744947,1074,235,0.21880819366852886,BBH,0.5,discovery,validation
569,0.38509660566920306,0.013145223420647136,0.9668592724182969,27866,457,0.016399913873537644,19886,302,0.015186563411445237,1074,281,0.2616387337057728,BBH,0.5,discovery,validation
570,0.27660110798987275,0.009989007771361646,0.9612076347918784,27866,538,0.01930668197803775,19886,306,0.015387709946696169,1074,281,0.2616387337057728,BBH,0.5,discovery,validation
571,0.3445197134443797,0.012608203427101868,0.9604922376239775,27866,545,0.019557884159908133,19886,318,0.015991149552448958,1074,290,0.27001862197392923,BBH,0.5,discovery,validation
572,0.18820124214582382,0.0036094986069827857,0.9672169710022475,27866,451,0.016184597717648748,19886,265,0.013325957960374132,1074,258,0.24022346368715083,BBH,0.5,discovery,validation
573,0.20963853872265834,0.011167255808332579,0.9617799525261994,27866,528,0.018947821718222926,19886,301,0.015136276777632506,1074,274,0.25512104283054005,BBH,0.5,discovery,validation
574,0.3537167647821571,0.008108251004562075,0.9634969057291619,27866,505,0.01812244312064882,19886,293,0.014733983707130645,1074,277,0.2579143389199255,BBH,0.5,discovery,validation
575,0.31280987352178874,0.006110407096467605,0.9671269533204887,27865,453,0.016256953167055447,19885,256,0.01287402564747297,1073,244,0.22739981360671016,BBH,0.5,discovery,validation
576,0.4308502170655255,0.017226358308252806,0.9582745064034841,27866,577,0.02070623699131558,19886,352,0.017700895102081865,1074,315,0.29329608938547486,BBH,0.5,discovery,validation
577,0.194500056421055,0.011091724825523428,0.9656430972328651,27866,475,0.017045862341204334,19886,293,0.014733983707130645,1074,277,0.2579143389199255,BBH,0.5,discovery,validation
578,0.23145733785203482,0.013727756125562707,0.9622807305437301,27866,521,0.018696619536352543,19886,316,0.015890576284823495,1074,295,0.2746741154562384,BBH,0.5,discovery,validation
579,0.1741184883410162,0.006770030816640991,0.9682900667540991,27866,437,0.015682193353907987,19886,266,0.013376244594186865,1074,244,0.2271880819366853,BBH,0.5,discovery,validation
580,0.4089108167582312,0.010034291066195354,0.9618514922429895,27866,528,0.018947821718222926,19886,316,0.015890576284823495,1074,280,0.260707635009311,BBH,0.5,discovery,validation
581,0.297016834920121,0.013492621823004508,0.9624238099773103,27866,521,0.018696619536352543,19886,300,0.015085990143819773,1074,269,0.2504655493482309,BBH,0.5,discovery,validation
582,0.29927498753440357,0.012146398798941183,0.9614222539422489,27866,533,0.019127251848130338,19886,351,0.017650608468269133,1074,328,0.3054003724394786,BBH,0.5,discovery,validation
583,0.3971454030308827,0.006666138655684034,0.9685762256212597,27866,435,0.015610421301945022,19886,276,0.013879110932314191,1074,252,0.2346368715083799,BBH,0.5,discovery,validation
584,0.6183835103989119,0.00915921358856572,0.9594906815889159,27866,560,0.020096174549630374,19886,347,0.017449461933018204,1074,315,0.29329608938547486,BBH,0.5,discovery,validation
585,0.21369564954909398,0.0071732645885188235,0.9607783964911378,27866,541,0.0194143400559822,19886,314,0.015790003017198028,1074,281,0.2616387337057728,BBH,0.5,discovery,validation
586,0.2763468361888774,0.00857654309797879,0.9657146369496553,27866,474,0.01700997631522285,19886,292,0.014683697073317912,1074,278,0.25884543761638734,BBH,0.5,discovery,validation
587,0.6183035158064136,0.0075568748300552865,0.9639976837466927,27866,498,0.01787124093877844,19886,285,0.014331690636628784,1074,267,0.24860335195530725,BBH,0.5,discovery,validation
588,0.4172317417926605,0.008590632531310495,0.9678608284533585,27866,443,0.015897509509796886,19886,280,0.01408025746756512,1074,268,0.24953445065176907,BBH,0.5,discovery,validation
589,0.5949709843619329,0.017135897603140732,0.9623522702605202,27866,521,0.018696619536352543,19886,321,0.016142009453887156,1074,303,0.28212290502793297,BBH,0.5,discovery,validation
590,0.4969212668805263,0.011135343968095717,0.9682900667540991,27866,438,0.01571807937988947,19886,272,0.01367796439706326,1074,252,0.2346368715083799,BBH,0.5,discovery,validation
591,0.5614673043633059,0.01211545200140163,0.9622807305437301,27866,520,0.01866073351037106,19886,293,0.014733983707130645,1074,272,0.2532588454376164,BBH,0.5,discovery,validation
592,0.15542078860177952,0.008662874305432604,0.963568445445952,27866,501,0.017978899016722887,19886,282,0.014180830735190586,1074,256,0.2383612662942272,BBH,0.5,discovery,validation
593,0.2986192657272935,0.0097238022550869,0.9678608284533585,27866,444,0.01593339553577837,19886,273,0.013728251030875993,1074,260,0.24208566108007448,BBH,0.5,discovery,validation
594,0.3926396048919747,0.008959386355236194,0.9626384291276807,27866,516,0.01851718940644513,19886,313,0.015739716383385297,1074,293,0.27281191806331473,BBH,0.5,discovery,validation
595,0.4505189339514638,0.025256395921270457,0.9569152517844721,27866,594,0.02131629943300079,19886,401,0.020164940158905763,1074,336,0.3128491620111732,BBH,0.5,discovery,validation
596,0.46465069251633323,0.01833091069470715,0.9531236467945964,27866,649,0.023290030861982343,19886,389,0.01956150055315297,1074,319,0.29702048417132215,BBH,0.5,discovery,validation
597,0.47249995443964415,0.010117375147285421,0.9690770036387903,27866,427,0.01532333309409316,19886,253,0.012722518354621341,1074,238,0.22160148975791433,BBH,0.5,discovery,validation
598,0.2944811214514617,0.007504148393978905,0.9707224171249628,27866,405,0.014533840522500539,19886,236,0.011867645579804888,1074,230,0.21415270018621974,BBH,0.5,discovery,validation
599,0.5274309370581081,0.017523364485981303,0.9577737283859534,27866,584,0.02095743917318596,19886,358,0.01800261490495826,1074,316,0.2942271880819367,BBH,0.5,discovery,validation
600,0.3552247102527593,0.006463087373393836,0.9682900667540991,27866,439,0.015753965405870953,19886,262,0.013175098058935936,1074,249,0.23184357541899442,BBH,0.5,discovery,validation
601,0.28115133039727347,0.010242190096377536,0.9624953496941006,27866,518,0.018588961458408097,19886,308,0.015488283214321634,1074,284,0.2644320297951583,BBH,0.5,discovery,validation
602,0.11016142969837288,0.00514743647844345,0.9651423192153344,27866,480,0.01722529247111175,19886,266,0.013376244594186865,1074,261,0.2430167597765363,BBH,0.5,discovery,validation
603,0.2945727642407634,0.004888931689779149,0.9618514922429895,27866,528,0.018947821718222926,19886,320,0.016091722820074424,1074,277,0.2579143389199255,BBH,0.5,discovery,validation
604,0.2562421714912597,0.005054620520722214,0.9665731135511366,27866,463,0.016615230029426543,19886,276,0.013879110932314191,1074,250,0.23277467411545624,BBH,0.5,discovery,validation
605,0.21520701471069592,0.0028850364793469997,0.9667877327015069,27866,460,0.016507571951482093,19886,266,0.013376244594186865,1074,244,0.2271880819366853,BBH,0.5,discovery,validation
606,0.45052791606379466,0.012219591226321035,0.9632107468620015,27866,510,0.018301873250556232,19886,302,0.015186563411445237,1074,274,0.25512104283054005,BBH,0.5,discovery,validation
607,0.5231420904771634,0.02252326848398447,0.9631392071452114,27866,510,0.018301873250556232,19886,322,0.01619229608769989,1074,290,0.27001862197392923,BBH,0.5,discovery,validation
608,0.2551491112664372,0.008584978567554205,0.9649277000649642,27866,484,0.01736883657503768,19886,281,0.014130544101377854,1074,258,0.24022346368715083,BBH,0.5,discovery,validation
609,0.49786335872439996,0.008882007822685792,0.9648561603481739,27866,483,0.017332950549056196,19886,300,0.015085990143819773,1074,270,0.25139664804469275,BBH,0.5,discovery,validation
610,0.42364269657708503,0.011707478809676881,0.9617799525261994,27866,529,0.018983707744204405,19886,326,0.01639344262295082,1074,301,0.2802607076350093,BBH,0.5,discovery,validation
611,0.3437931386539597,0.010153411190952767,0.9676462093029881,27866,447,0.016041053613722815,19886,273,0.013728251030875993,1074,255,0.23743016759776536,BBH,0.5,discovery,validation
612,0.4473363748258798,0.012914098613251148,0.968146987320519,27866,438,0.01571807937988947,19886,277,0.013929397566126923,1074,257,0.239292364990689,BBH,0.5,discovery,validation
613,0.3873878845248431,0.013395419801202454,0.9683616064708892,27866,438,0.01571807937988947,19886,260,0.013074524791310469,1074,244,0.2271880819366853,BBH,0.5,discovery,validation
614,0.24023153958245919,0.012979999395752142,0.9672169710022475,27866,452,0.01622048374363023,19886,270,0.013577391129437795,1074,256,0.2383612662942272,BBH,0.5,discovery,validation
615,0.30631960608588765,0.009879805499954394,0.9637830645963225,27866,500,0.017943012990741407,19886,284,0.014281404002816052,1074,261,0.2430167597765363,BBH,0.5,discovery,validation
616,0.31366029072143764,0.01100108764615244,0.9652853986489146,27866,479,0.017189406445130267,19886,296,0.014884843608568843,1074,270,0.25139664804469275,BBH,0.5,discovery,validation
617,0.1598309530954141,0.009505007704160247,0.9664300341175563,27866,465,0.016687002081389506,19886,296,0.014884843608568843,1074,283,0.2635009310986965,BBH,0.5,discovery,validation
618,0.488080545416509,0.01034396809571286,0.9631392071452114,27866,508,0.01823010119859327,19886,310,0.015588856481947098,1074,279,0.25977653631284914,BBH,0.5,discovery,validation
619,0.14964126793728416,0.003220536987169332,0.9639976837466927,27866,497,0.017835354912796957,19886,275,0.013828824298501458,1074,262,0.24394785847299813,BBH,0.5,discovery,validation
620,0.42847151457556903,0.007572667511484233,0.9696493213731111,27866,419,0.015036244886241298,19886,262,0.013175098058935936,1074,248,0.2309124767225326,BBH,0.5,discovery,validation
621,0.48128344813313084,0.014996676636756391,0.9614222539422489,27866,533,0.019127251848130338,19886,316,0.015890576284823495,1074,272,0.2532588454376164,BBH,0.5,discovery,validation
622,0.4287096848386224,0.010618067914636153,0.967503129869408,27866,450,0.016148711691667265,19886,268,0.01347681786181233,1074,259,0.24115456238361266,BBH,0.5,discovery,validation
623,0.42262425178228247,0.010142489199069455,0.963568445445952,27866,505,0.01812244312064882,19886,281,0.014130544101377854,1074,266,0.24767225325884543,BBH,0.5,discovery,validation
624,0.298968996414871,0.009959007147348674,0.9587752844210148,27866,572,0.02052680686140817,19886,349,0.01755003520064367,1074,306,0.2849162011173184,BBH,0.5,discovery,validation
625,0.4830493464145306,0.019946003112158838,0.9588468241378051,27866,569,0.02041914878346372,19886,366,0.018404907975460124,1074,324,0.3016759776536313,BBH,0.5,discovery,validation
626,0.5052503060932597,0.011204633056367572,0.9697924008066915,27866,417,0.014964472834278332,19886,253,0.012722518354621341,1074,238,0.22160148975791433,BBH,0.5,discovery,validation
627,0.310400603345622,0.0033025922233300108,0.9688623844884199,27866,431,0.015466877198019091,19886,249,0.012521371819370412,1074,232,0.21601489757914338,BBH,0.5,discovery,validation
628,0.20218341568998496,0.007900364327578008,0.9669308121350871,27866,458,0.016435799899519127,19886,271,0.013627677763250528,1074,256,0.2383612662942272,BBH,0.5,discovery,validation
629,0.3173090973954026,0.009578635887210162,0.9677892887365684,27866,446,0.016005167587741332,19886,266,0.013376244594186865,1074,245,0.22811918063314712,BBH,0.5,discovery,validation
630,0.3723707340429726,0.005910154152925831,0.9653569383657048,27866,479,0.017189406445130267,19886,267,0.013426531227999597,1074,256,0.2383612662942272,BBH,0.5,discovery,validation
631,0.5923008635162059,0.0074485549299425375,0.9567721723508918,27866,598,0.02145984353692672,19886,332,0.016695162425827217,1074,304,0.28305400372439476,BBH,0.5,discovery,validation
632,0.4383646017486355,0.02091523503688877,0.9583460461202742,27866,577,0.02070623699131558,19886,377,0.01895806094740018,1074,319,0.29702048417132215,BBH,0.5,discovery,validation
633,0.302622538345504,0.004619155354449476,0.9698639405234815,27866,415,0.014892700782315367,19886,237,0.011917932213617621,1074,224,0.2085661080074488,BBH,0.5,discovery,validation
634,0.2961323912948607,0.014019079832154634,0.96220919082694,27866,522,0.018732505562334027,19886,333,0.01674544905963995,1074,294,0.2737430167597765,BBH,0.5,discovery,validation
635,0.2010547710424368,0.005166107455035059,0.9634253660123718,27866,504,0.018086557094667336,19886,297,0.014935130242381574,1074,275,0.25605214152700184,BBH,0.5,discovery,validation
636,0.2494246873391745,0.0063121312923308855,0.9652853986489146,27866,478,0.017153520419148784,19886,273,0.013728251030875993,1074,260,0.24208566108007448,BBH,0.5,discovery,validation
637,0.4196432084561083,0.015547108673978077,0.9677892887365684,27866,446,0.016005167587741332,19886,284,0.014281404002816052,1074,260,0.24208566108007448,BBH,0.5,discovery,validation
638,0.269551393729845,0.0033563639300168055,0.9647846206313838,27866,486,0.017440608627000646,19886,296,0.014884843608568843,1074,279,0.25977653631284914,BBH,0.5,discovery,validation
639,0.30837358904590473,0.014528384543339679,0.9645700014810136,27866,490,0.01758415273092658,19886,312,0.015689429749572565,1074,278,0.25884543761638734,BBH,0.5,discovery,validation
640,0.5452146921951111,0.019599690026493723,0.9600629993232369,27866,552,0.019809086341778512,19886,358,0.01800261490495826,1074,311,0.28957169459962756,BBH,0.5,discovery,validation
641,0.6192107853332032,0.0064813348117640866,0.9654284780824949,27866,477,0.0171176343931673,19886,272,0.01367796439706326,1074,259,0.24115456238361266,BBH,0.5,discovery,validation
642,0.6808881632540573,0.017088884860569805,0.9624953496941006,27866,519,0.018624847484389577,19886,332,0.016695162425827217,1074,303,0.28212290502793297,BBH,0.5,discovery,validation
643,0.3691095835319736,0.013826687595101972,0.958202966686694,27866,577,0.02070623699131558,19886,362,0.01820376144020919,1074,317,0.2951582867783985,BBH,0.5,discovery,validation
644,0.1686163123091315,0.00989049984004373,0.9579883475363237,27866,582,0.020885667121222997,19886,344,0.017298602031580006,1074,297,0.276536312849162,BBH,0.5,discovery,validation
645,0.4672952354721008,0.014130525091392489,0.9608499362079279,27866,540,0.019378454030000717,19886,305,0.015337423312883436,1074,277,0.2579143389199255,BBH,0.5,discovery,validation
646,0.23028110368136043,0.006737930148947092,0.9602776184736072,27866,549,0.019701428263834062,19886,311,0.01563914311575983,1074,284,0.2644320297951583,BBH,0.5,discovery,validation
647,0.10151778962070945,0.00529849844406176,0.9690770036387903,27866,427,0.01532333309409316,19886,265,0.013325957960374132,1074,257,0.239292364990689,BBH,0.5,discovery,validation
648,0.28819073966400904,0.003221585244267206,0.967503129869408,27866,448,0.0160769396397043,19886,266,0.013376244594186865,1074,251,0.23370577281191807,BBH,0.5,discovery,validation
649,0.2066968565521213,0.004562494899893909,0.9584175858370643,27866,576,0.020670350965334098,19886,324,0.016292869355325354,1074,299,0.2783985102420857,BBH,0.5,discovery,validation
650,0.40044708023229947,0.01762741370902867,0.9620661113933598,27866,523,0.01876839158831551,19886,323,0.016242582721512622,1074,291,0.2709497206703911,BBH,0.5,discovery,validation
651,0.28049566301835566,0.006242490477286096,0.9606353170575577,27866,545,0.019557884159908133,19886,297,0.014935130242381574,1074,269,0.2504655493482309,BBH,0.5,discovery,validation
652,0.3163921894246095,0.00800250762862927,0.965500017799285,27866,477,0.0171176343931673,19886,271,0.013627677763250528,1074,256,0.2383612662942272,BBH,0.5,discovery,validation
653,0.47727474295324834,0.012170264906215936,0.9640692234634828,27866,496,0.017799468886815474,19886,311,0.01563914311575983,1074,289,0.26908752327746743,BBH,0.5,discovery,validation
654,0.3465546894469946,0.00996631318166712,0.9642838426138531,27866,493,0.017691810808871025,19886,291,0.01463341043950518,1074,267,0.24860335195530725,BBH,0.5,discovery,validation
655,0.3456386657884716,0.004490316928003877,0.9668592724182969,27866,458,0.016435799899519127,19886,283,0.014231117369003319,1074,264,0.24581005586592178,BBH,0.5,discovery,validation
656,0.17411906494620355,0.006502688197090963,0.9672169710022475,27866,452,0.01622048374363023,19886,270,0.013577391129437795,1074,253,0.23556797020484171,BBH,0.5,discovery,validation
657,0.4573818485237205,0.013724791358013187,0.9579883475363237,27866,581,0.020849781095241514,19886,343,0.017248315397767274,1074,290,0.27001862197392923,BBH,0.5,discovery,validation
658,0.6260786077185295,0.02652055162747385,0.952193630476325,27866,661,0.023720663173760138,19886,418,0.021019812933722216,1074,353,0.3286778398510242,BBH,0.5,discovery,validation
659,0.36400739496398316,0.011541310647496769,0.9654284780824949,27866,477,0.0171176343931673,19886,281,0.014130544101377854,1074,269,0.2504655493482309,BBH,0.5,discovery,validation
660,0.4947976266368465,0.014579703257827762,0.9579168078195336,27866,581,0.020849781095241514,19886,348,0.017499748566830935,1074,310,0.2886405959031657,BBH,0.5,discovery,validation
661,0.3525564411915484,0.01400309126429829,0.9614222539422489,27866,533,0.019127251848130338,19886,364,0.018304334707834657,1074,319,0.29702048417132215,BBH,0.5,discovery,validation
662,0.3573798605970924,0.013410278933801827,0.9593476021553358,27866,563,0.020203832627574823,19886,344,0.017298602031580006,1074,293,0.27281191806331473,BBH,0.5,discovery,validation
663,0.47455070527938675,0.015054136655454207,0.9653569383657048,27866,479,0.017189406445130267,19886,302,0.015186563411445237,1074,276,0.2569832402234637,BBH,0.5,discovery,validation
664,0.41393456313227794,0.0031749198844874434,0.9676462093029881,27866,448,0.0160769396397043,19886,263,0.013225384692748667,1074,247,0.22998137802607077,BBH,0.5,discovery,validation
665,0.08441936299577009,0.0017880071905495573,0.9683616064708892,27866,436,0.015646307327926507,19886,248,0.012471085185557678,1074,239,0.22253258845437615,BBH,0.5,discovery,validation
666,0.5659517350048107,0.015593124336986194,0.96220919082694,27866,520,0.01866073351037106,19886,319,0.016041436186261693,1074,291,0.2709497206703911,BBH,0.5,discovery,validation
667,0.28350265082909204,0.009041625124626137,0.965500017799285,27866,476,0.017081748367185817,19886,273,0.013728251030875993,1074,252,0.2346368715083799,BBH,0.5,discovery,validation
668,0.3212652060572154,0.009569049262469011,0.9637830645963225,27866,501,0.017978899016722887,19886,297,0.014935130242381574,1074,263,0.24487895716945995,BBH,0.5,discovery,validation
669,0.568267376680333,0.017338137103839996,0.9630676674284213,27866,510,0.018301873250556232,19886,312,0.015689429749572565,1074,281,0.2616387337057728,BBH,0.5,discovery,validation
670,0.5793349422428276,0.012668663508200966,0.96220919082694,27866,521,0.018696619536352543,19886,326,0.01639344262295082,1074,302,0.2811918063314711,BBH,0.5,discovery,validation
671,0.4690963485009631,0.005014835077800385,0.9673600504358278,27866,451,0.016184597717648748,19886,258,0.012973951523685004,1074,245,0.22811918063314712,BBH,0.5,discovery,validation
672,0.35256606817829694,0.009066188576722395,0.9663584944007663,27866,466,0.01672288810737099,19886,281,0.014130544101377854,1074,257,0.239292364990689,BBH,0.5,discovery,validation
673,0.20886085552149344,0.0023472488227755154,0.9682900667540991,27866,438,0.01571807937988947,19886,243,0.012219652016494015,1074,233,0.2169459962756052,BBH,0.5,discovery,validation
674,0.34275159753551465,0.009800145019486985,0.9584175858370643,27866,575,0.020634464939352615,19886,346,0.017399175299205472,1074,308,0.28677839851024206,BBH,0.5,discovery,validation
675,0.5302272928508731,0.007571835774727109,0.9644269220474333,27866,492,0.01765592478288954,19886,276,0.013879110932314191,1074,252,0.2346368715083799,BBH,0.5,discovery,validation
676,0.13934671539235546,0.006082713398266745,0.9674315901526179,27866,450,0.016148711691667265,19886,261,0.013124811425123202,1074,253,0.23556797020484171,BBH,0.5,discovery,validation
677,0.4398596161149456,0.024080018511443854,0.9580598872531139,27866,578,0.020742123017297064,19886,388,0.01951121391934024,1074,338,0.31471135940409684,BBH,0.5,discovery,validation
678,0.1616586984524415,0.005362805664004871,0.966143875250396,27866,468,0.016794660159333955,19886,273,0.013728251030875993,1074,256,0.2383612662942272,BBH,0.5,discovery,validation
679,0.6150899862929011,0.01563868999063415,0.9658577163832355,27866,471,0.016902318237278405,19886,281,0.014130544101377854,1074,264,0.24581005586592178,BBH,0.5,discovery,validation
680,0.49538391463662035,0.014089740125418134,0.9597053007392864,27866,557,0.019988516471685924,19886,340,0.017097455496329076,1074,310,0.2886405959031657,BBH,0.5,discovery,validation
681,0.4288947684174151,0.01187724704673856,0.963568445445952,27866,503,0.018050671068685853,19886,305,0.015337423312883436,1074,288,0.2681564245810056,BBH,0.5,discovery,validation
682,0.22964399591467588,0.006074526350148086,0.9639976837466927,27866,498,0.01787124093877844,19886,291,0.01463341043950518,1074,261,0.2430167597765363,BBH,0.5,discovery,validation
683,0.22947293826787854,0.005442828595450172,0.96220919082694,27866,523,0.01876839158831551,19886,313,0.015739716383385297,1074,289,0.26908752327746743,BBH,0.5,discovery,validation
684,0.21673376491875862,0.0076333499501495565,0.9695062419395309,27866,422,0.015143902964185746,19886,244,0.012269938650306749,1074,238,0.22160148975791433,BBH,0.5,discovery,validation
685,0.5292409127808994,0.018304933683797098,0.9666446532679267,27866,459,0.01647168592550061,19886,286,0.014381977270441517,1074,256,0.2383612662942272,BBH,0.5,discovery,validation
686,0.29882099981558474,0.006795741351420112,0.9668592724182969,27866,458,0.016435799899519127,19886,247,0.012420798551744947,1074,240,0.22346368715083798,BBH,0.5,discovery,validation
687,0.5908820012999229,0.01555885303590785,0.9603491581903972,27866,549,0.019701428263834062,19886,345,0.017348888665392737,1074,311,0.28957169459962756,BBH,0.5,discovery,validation
688,0.15699172560157842,0.003900081121687331,0.9682900667540991,27866,437,0.015682193353907987,19886,244,0.012269938650306749,1074,238,0.22160148975791433,BBH,0.5,discovery,validation
689,0.3918799669598868,0.011233433655420032,0.9644269220474333,27866,492,0.01765592478288954,19886,298,0.014985416876194308,1074,279,0.25977653631284914,BBH,0.5,discovery,validation
690,0.7837952807541073,0.028330506921602785,0.9519074716091646,27866,664,0.023828321251704587,19886,451,0.022679271849542392,1074,361,0.3361266294227188,BBH,0.5,discovery,validation
691,0.48850396487616815,0.011633848454636098,0.9598483801728664,27866,554,0.019880858393741478,19886,318,0.015991149552448958,1074,289,0.26908752327746743,BBH,0.5,discovery,validation
692,0.3031513256024454,0.009349036224659364,0.9679323681701486,27866,443,0.015897509509796886,19886,276,0.013879110932314191,1074,255,0.23743016759776536,BBH,0.5,discovery,validation
693,0.492707171282605,0.008494376683034998,0.9610645553582983,27866,539,0.019342568004019234,19886,334,0.01679573569345268,1074,305,0.2839851024208566,BBH,0.5,discovery,validation
694,0.5285889131886333,0.020754431692179203,0.9573444900852128,27866,591,0.021208641355056342,19886,369,0.018555767876898322,1074,315,0.29329608938547486,BBH,0.5,discovery,validation
695,0.7108747372013025,0.011940424831424722,0.9612076347918784,27866,536,0.019234909926074788,19886,326,0.01639344262295082,1074,285,0.26536312849162014,BBH,0.5,discovery,validation
696,0.5138528421556152,0.020608628659476116,0.964140763180273,27866,496,0.017799468886815474,19886,291,0.01463341043950518,1074,270,0.25139664804469275,BBH,0.5,discovery,validation
697,0.4939953856922025,0.005835721383004765,0.9622807305437301,27866,523,0.01876839158831551,19886,298,0.014985416876194308,1074,277,0.2579143389199255,BBH,0.5,discovery,validation
698,0.4619414493819731,0.013962290415640649,0.9589899035713852,27866,567,0.020347376731500753,19886,356,0.017902041637332798,1074,322,0.29981378026070765,BBH,0.5,discovery,validation
699,0.48089194307989314,0.007745702287078155,0.9645700014810136,27866,490,0.01758415273092658,19886,281,0.014130544101377854,1074,261,0.2430167597765363,BBH,0.5,discovery,validation
700,0.4097989556264813,0.011895847433626618,0.9651423192153344,27866,481,0.017261178497093233,19886,291,0.01463341043950518,1074,270,0.25139664804469275,BBH,0.5,discovery,validation
701,0.550015165422351,0.01202434363575939,0.9633538262955817,27866,506,0.018158329146630302,19886,319,0.016041436186261693,1074,286,0.26629422718808193,BBH,0.5,discovery,validation
702,0.3141790831198312,0.002841659106509411,0.9666446532679267,27866,460,0.016507571951482093,19886,274,0.013778537664688726,1074,256,0.2383612662942272,BBH,0.5,discovery,validation
703,0.667560579468234,0.01418849512069852,0.9644984617642235,27866,490,0.01758415273092658,19886,297,0.014935130242381574,1074,260,0.24208566108007448,BBH,0.5,discovery,validation
704,0.3927480596164294,0.018477666688408296,0.9625668894108906,27866,518,0.018588961458408097,19886,328,0.016494015890576284,1074,299,0.2783985102420857,BBH,0.5,discovery,validation
705,0.4935529512408489,0.016454424604972956,0.9617084128094093,27866,530,0.01901959377018589,19886,331,0.01664487579201448,1074,294,0.2737430167597765,BBH,0.5,discovery,validation
706,0.3397667164473699,0.011090171852045095,0.9596337610224961,27866,558,0.020024402497667407,19886,364,0.018304334707834657,1074,308,0.28677839851024206,BBH,0.5,discovery,validation
707,0.4582838455344148,0.016310915737635566,0.9586322049874346,27866,574,0.020598578913371135,19886,359,0.018052901538770996,1074,312,0.2905027932960894,BBH,0.5,discovery,validation
708,0.3949456860584571,0.01694675249245184,0.9602776184736072,27866,550,0.019737314289815545,19886,326,0.01639344262295082,1074,288,0.2681564245810056,BBH,0.5,discovery,validation
709,0.5478769501227496,0.008689650744735485,0.9629245879948412,27866,513,0.01840953132850068,19886,286,0.014381977270441517,1074,253,0.23556797020484171,BBH,0.5,discovery,validation
710,0.5460507751184885,0.008862994350282491,0.9664300341175563,27866,463,0.016615230029426543,19886,288,0.014482550538066982,1074,279,0.25977653631284914,BBH,0.5,discovery,validation
711,0.3857554285471436,0.005972347754245053,0.9640692234634828,27866,496,0.017799468886815474,19886,281,0.014130544101377854,1074,266,0.24767225325884543,BBH,0.5,discovery,validation
712,0.10466659508900898,0.0026989253684168986,0.9610645553582983,27866,537,0.01927079595205627,19886,289,0.014532837171879715,1074,266,0.24767225325884543,BBH,0.5,discovery,validation
713,0.4798503867101534,0.01645954235848105,0.9650707794985444,27866,484,0.01736883657503768,19886,269,0.013527104495625063,1074,247,0.22998137802607077,BBH,0.5,discovery,validation
714,0.7419323416610218,0.01999601591713108,0.9644269220474333,27866,491,0.01762003875690806,19886,313,0.015739716383385297,1074,289,0.26908752327746743,BBH,0.5,discovery,validation
715,0.1938666663930374,0.00720187921085229,0.96220919082694,27866,523,0.01876839158831551,19886,303,0.01523685004525797,1074,282,0.26256983240223464,BBH,0.5,discovery,validation
716,0.46670774089960987,0.024750126567338472,0.9567006326341018,27866,600,0.021531615588889687,19886,389,0.01956150055315297,1074,324,0.3016759776536313,BBH,0.5,discovery,validation
717,0.24416124103581746,0.008437693151076366,0.9577021886691633,27866,583,0.02092155314720448,19886,313,0.015739716383385297,1074,275,0.25605214152700184,BBH,0.5,discovery,validation
718,0.21513253347045994,0.005751684340916639,0.9665015738343463,27866,463,0.016615230029426543,19886,264,0.0132756713265614,1074,244,0.2271880819366853,BBH,0.5,discovery,validation
719,0.16363353723897056,0.005647248231993999,0.9669308121350871,27866,458,0.016435799899519127,19886,277,0.013929397566126923,1074,260,0.24208566108007448,BBH,0.5,discovery,validation
720,0.25579165501705153,0.005897028540546578,0.967503129869408,27866,448,0.0160769396397043,19886,256,0.01287337825605954,1074,242,0.22532588454376165,BBH,0.5,discovery,validation
721,0.5074132194874517,0.014668999232831097,0.9587752844210148,27866,570,0.020455034809445202,19886,366,0.018404907975460124,1074,321,0.2988826815642458,BBH,0.5,discovery,validation
722,0.5134619199362948,0.010788224395067419,0.9665731135511366,27866,459,0.01647168592550061,19886,249,0.012521371819370412,1074,234,0.21787709497206703,BBH,0.5,discovery,validation
723,0.2146765549490404,0.008050226268235785,0.967503129869408,27866,448,0.0160769396397043,19886,268,0.01347681786181233,1074,258,0.24022346368715083,BBH,0.5,discovery,validation
724,0.1858273402998077,0.005608175473579256,0.9620661113933598,27866,526,0.01887604966625996,19886,318,0.015991149552448958,1074,300,0.27932960893854747,BBH,0.5,discovery,validation
725,0.21924330966751274,0.00784665235064038,0.9587752844210148,27866,569,0.02041914878346372,19886,327,0.016443729256763552,1074,287,0.2672253258845438,BBH,0.5,discovery,validation
726,0.25057597100246215,0.01248865976412309,0.9622807305437301,27866,523,0.01876839158831551,19886,303,0.01523685004525797,1074,281,0.2616387337057728,BBH,0.5,discovery,validation
727,0.3744810064497719,0.005699248408620289,0.9692916227891606,27866,424,0.015215675016148712,19886,265,0.013325957960374132,1074,250,0.23277467411545624,BBH,0.5,discovery,validation
728,0.5449374820198049,0.009569810816770873,0.9616368730926191,27866,530,0.01901959377018589,19886,329,0.01654430252438902,1074,295,0.2746741154562384,BBH,0.5,discovery,validation
729,0.44987380649592146,0.013395608628659478,0.9646415411978037,27866,489,0.017548266704945095,19886,294,0.014784270340943378,1074,272,0.2532588454376164,BBH,0.5,discovery,validation
730,0.3087870628073596,0.011265446085984468,0.9664300341175563,27866,464,0.016651116055408022,19886,281,0.014130544101377854,1074,255,0.23743016759776536,BBH,0.5,discovery,validation
731,0.43742216746290796,0.012708087857639203,0.9581314269699039,27866,578,0.020742123017297064,19886,352,0.017700895102081865,1074,313,0.2914338919925512,BBH,0.5,discovery,validation
732,0.2432623052169061,0.007414264216695708,0.9646415411978037,27866,485,0.017404722601019162,19886,283,0.014231117369003319,1074,263,0.24487895716945995,BBH,0.5,discovery,validation
733,0.3494592521020215,0.007951612452362531,0.9623522702605202,27866,520,0.01866073351037106,19886,330,0.01659458915820175,1074,284,0.2644320297951583,BBH,0.5,discovery,validation
734,0.5052269889263279,0.011306035165531442,0.9650707794985444,27866,484,0.01736883657503768,19886,305,0.015337423312883436,1074,281,0.2616387337057728,BBH,0.5,discovery,validation
735,0.5088430311940448,0.014417099875677408,0.9639976837466927,27866,497,0.017835354912796957,19886,301,0.015136276777632506,1074,279,0.25977653631284914,BBH,0.5,discovery,validation
736,0.2579425575174483,0.015903048430466173,0.9596337610224961,27866,558,0.020024402497667407,19886,320,0.016091722820074424,1074,288,0.2681564245810056,BBH,0.5,discovery,validation
737,0.4152658507466935,0.0071971585244267194,0.9627815085612609,27866,515,0.018481303380463648,19886,290,0.014583123805692447,1074,266,0.24767225325884543,BBH,0.5,discovery,validation
738,0.23237566351727285,0.007836339466449137,0.9684331461876793,27866,436,0.015646307327926507,19886,256,0.01287337825605954,1074,241,0.22439478584729983,BBH,0.5,discovery,validation
739,0.3704157518439903,0.011603429586629514,0.9605637773407676,27866,544,0.01952199813392665,19886,314,0.015790003017198028,1074,295,0.2746741154562384,BBH,0.5,discovery,validation
740,0.14343800631275874,0.0060124550590652335,0.9718670525936045,27866,388,0.013923778080815331,19886,237,0.011917932213617621,1074,223,0.20763500931098697,BBH,0.5,discovery,validation
741,0.2697534466173531,0.0081439393939394,0.968146987320519,27866,439,0.015753965405870953,19886,282,0.014180830735190586,1074,271,0.25232774674115455,BBH,0.5,discovery,validation
742,0.29646605588282515,0.004457054245189849,0.968146987320519,27866,439,0.015753965405870953,19886,255,0.012823091622246806,1074,245,0.22811918063314712,BBH,0.5,discovery,validation
743,0.22946518342820463,0.0075265565523762925,0.965571557516075,27866,475,0.017045862341204334,19886,297,0.014935130242381574,1074,279,0.25977653631284914,BBH,0.5,discovery,validation
744,0.34304646137699607,0.009581105169340472,0.9630676674284213,27866,511,0.018337759276537715,19886,343,0.017248315397767274,1074,321,0.2988826815642458,BBH,0.5,discovery,validation
745,0.3552034238629667,0.013526787239527516,0.9639976837466927,27866,497,0.017835354912796957,19886,298,0.014985416876194308,1074,288,0.2681564245810056,BBH,0.5,discovery,validation
746,0.46640834462805786,0.0077893267238782005,0.9657861766664454,27866,472,0.016938204263259888,19886,271,0.013627677763250528,1074,259,0.24115456238361266,BBH,0.5,discovery,validation
747,0.4956462701129754,0.017522587999242147,0.9585606652706447,27866,571,0.020490920835426685,19886,353,0.0177511817358946,1074,315,0.29329608938547486,BBH,0.5,discovery,validation
748,0.1242708549678628,0.009837910510891563,0.9685762256212597,27866,433,0.015538649249982057,19886,267,0.013426531227999597,1074,248,0.2309124767225326,BBH,0.5,discovery,validation
749,0.45554847284791655,0.012033700300966252,0.9551267588647194,27866,622,0.022321108160482307,19886,337,0.016946595594890878,1074,298,0.2774674115456238,BBH,0.5,discovery,validation
750,0.24506713918657128,0.004294081624590091,0.9698639405234815,27866,415,0.014892700782315367,19886,256,0.01287337825605954,1074,241,0.22439478584729983,BBH,0.5,discovery,validation
751,0.2794555234021934,0.010610620700910577,0.9607783964911378,27866,541,0.0194143400559822,19886,322,0.01619229608769989,1074,294,0.2737430167597765,BBH,0.5,discovery,validation
752,0.3048478656347101,0.009543339677935886,0.9667877327015069,27866,458,0.016435799899519127,19886,279,0.01402997083375239,1074,260,0.24208566108007448,BBH,0.5,discovery,validation
753,0.3140246322367762,0.011951078582434521,0.9684331461876793,27866,433,0.015538649249982057,19886,268,0.01347681786181233,1074,247,0.22998137802607077,BBH,0.5,discovery,validation
754,0.26864451377359944,0.005190677966101685,0.9699354802402715,27866,414,0.014856814756333884,19886,238,0.011968218847430353,1074,231,0.21508379888268156,BBH,0.5,discovery,validation
755,0.454261326865712,0.0069065821184465205,0.9639976837466927,27866,498,0.01787124093877844,19886,290,0.014583123805692447,1074,273,0.2541899441340782,BBH,0.5,discovery,validation
756,0.47218436096777405,0.013206874702993813,0.964140763180273,27866,496,0.017799468886815474,19886,308,0.015488283214321634,1074,273,0.2541899441340782,BBH,0.5,discovery,validation
757,0.4399651411204479,0.01895919435124251,0.9609214759247181,27866,542,0.019450226081963683,19886,330,0.01659458915820175,1074,287,0.2672253258845438,BBH,0.5,discovery,validation
758,0.5143588704205586,0.015480074926734942,0.9647130809145937,27866,489,0.017548266704945095,19886,309,0.015538569848134365,1074,282,0.26256983240223464,BBH,0.5,discovery,validation
759,0.5082881551483578,0.006087267791640649,0.9623522702605202,27866,521,0.018696619536352543,19886,309,0.015538569848134365,1074,279,0.25977653631284914,BBH,0.5,discovery,validation
760,0.2521649288777575,0.008596096445864893,0.9653569383657048,27866,478,0.017153520419148784,19886,281,0.014130544101377854,1074,263,0.24487895716945995,BBH,0.5,discovery,validation
761,0.3062385181805723,0.009601309707241917,0.9639976837466927,27866,497,0.017835354912796957,19886,341,0.017147742130141808,1074,307,0.28584729981378026,BBH,0.5,discovery,validation
762,0.5411723569723687,0.010699399470585921,0.9663584944007663,27866,464,0.016651116055408022,19886,264,0.0132756713265614,1074,247,0.22998137802607077,BBH,0.5,discovery,validation
763,0.2928260336929279,0.01149263904689218,0.9674315901526179,27866,450,0.016148711691667265,19886,258,0.012973951523685004,1074,244,0.2271880819366853,BBH,0.5,discovery,validation
764,0.6028400478404062,0.006520502594779775,0.9629961277116312,27866,511,0.018337759276537715,19886,302,0.015186563411445237,1074,279,0.25977653631284914,BBH,0.5,discovery,validation
765,0.36169175344363214,0.011363036351156108,0.9674315901526179,27866,450,0.016148711691667265,19886,257,0.012923664889872273,1074,245,0.22811918063314712,BBH,0.5,discovery,validation
766,0.4565782201993943,0.008848984058868428,0.9690770036387903,27866,427,0.01532333309409316,19886,251,0.012621945086995877,1074,238,0.22160148975791433,BBH,0.5,discovery,validation
767,0.3534927207704449,0.00699039245898667,0.964140763180273,27866,493,0.017691810808871025,19886,283,0.014231117369003319,1074,261,0.2430167597765363,BBH,0.5,discovery,validation
768,0.3482416352114262,0.009046988177354097,0.9637115248795324,27866,501,0.017978899016722887,19886,283,0.014231117369003319,1074,260,0.24208566108007448,BBH,0.5,discovery,validation
769,0.2515191008016739,0.005374029426870904,0.9685762256212597,27866,433,0.015538649249982057,19886,263,0.013225384692748667,1074,249,0.23184357541899442,BBH,0.5,discovery,validation
770,0.6490029136953941,0.008808989697573936,0.9660723355336057,27866,467,0.016758774133352472,19886,297,0.014935130242381574,1074,276,0.2569832402234637,BBH,0.5,discovery,validation
771,0.2888195128268759,0.006166538263995891,0.968218527037309,27866,440,0.015789851431852436,19886,240,0.012068792115055817,1074,228,0.2122905027932961,BBH,0.5,discovery,validation
772,0.2969504703121879,0.011384636800445443,0.9634253660123718,27866,505,0.01812244312064882,19886,298,0.014985416876194308,1074,274,0.25512104283054005,BBH,0.5,discovery,validation
773,0.5160800659156131,0.018519985215692487,0.9614222539422489,27866,532,0.019091365822148855,19886,341,0.017147742130141808,1074,304,0.28305400372439476,BBH,0.5,discovery,validation
774,0.5028265202886376,0.01327475905616484,0.9663584944007663,27866,465,0.016687002081389506,19886,279,0.01402997083375239,1074,254,0.23649906890130354,BBH,0.5,discovery,validation
775,0.30415531048823746,0.0066801489470981,0.9707939568417528,27866,401,0.014390296418574608,19886,239,0.012018505481243086,1074,226,0.21042830540037244,BBH,0.5,discovery,validation
776,0.31177792607015065,0.00622092057161849,0.9651423192153344,27866,480,0.01722529247111175,19886,270,0.013577391129437795,1074,252,0.2346368715083799,BBH,0.5,discovery,validation
777,0.5617830824660207,0.011812479228979732,0.9639976837466927,27866,498,0.01787124093877844,19886,327,0.016443729256763552,1074,302,0.2811918063314711,BBH,0.5,discovery,validation
778,0.2680017260141722,0.00840737487339736,0.9642123028970631,27866,494,0.017727696834852508,19886,299,0.01503570351000704,1074,275,0.25605214152700184,BBH,0.5,discovery,validation
779,0.4219157045482671,0.015377119844092757,0.9648561603481739,27866,484,0.01736883657503768,19886,300,0.015085990143819773,1074,273,0.2541899441340782,BBH,0.5,discovery,validation
780,0.3630111363735594,0.010566058235549777,0.966143875250396,27866,467,0.016758774133352472,19886,301,0.015136276777632506,1074,278,0.25884543761638734,BBH,0.5,discovery,validation
781,0.20198452082220067,0.00712310110167938,0.9618514922429895,27866,529,0.018983707744204405,19886,312,0.015689429749572565,1074,280,0.260707635009311,BBH,0.5,discovery,validation
782,0.24945430986591297,0.007824443336656696,0.9619945716765697,27866,526,0.01887604966625996,19886,305,0.015337423312883436,1074,276,0.2569832402234637,BBH,0.5,discovery,validation
783,0.6190983353422617,0.00866359255566633,0.9632107468620015,27866,508,0.01823010119859327,19886,283,0.014231117369003319,1074,260,0.24208566108007448,BBH,0.5,discovery,validation
784,0.4125284891955146,0.008999516601710014,0.9649992397817543,27866,484,0.01736883657503768,19886,299,0.01503570351000704,1074,278,0.25884543761638734,BBH,0.5,discovery,validation
785,0.4652193545895937,0.004467657633161117,0.9678608284533585,27866,443,0.015897509509796886,19886,264,0.0132756713265614,1074,247,0.22998137802607077,BBH,0.5,discovery,validation
786,0.3114102081082358,0.009958760083386194,0.9636399851627421,27866,501,0.017978899016722887,19886,295,0.01483455697475611,1074,270,0.25139664804469275,BBH,0.5,discovery,validation
787,0.2891058334066349,0.007429793951478903,0.9646415411978037,27866,489,0.017548266704945095,19886,293,0.014733983707130645,1074,276,0.2569832402234637,BBH,0.5,discovery,validation
788,0.2511360205287624,0.015331772747026982,0.964140763180273,27866,497,0.017835354912796957,19886,305,0.015337423312883436,1074,280,0.260707635009311,BBH,0.5,discovery,validation
789,0.3807167970463293,0.0018714689265536678,0.9617084128094093,27866,527,0.018911935692241442,19886,319,0.016041436186261693,1074,293,0.27281191806331473,BBH,0.5,discovery,validation
790,0.3148610297117443,0.013681484574879159,0.9719385923103946,27866,386,0.013852006028852365,19886,224,0.011264205974052097,1074,218,0.20297951582867785,BBH,0.5,discovery,validation
791,0.3639259458635637,0.005810220852593734,0.968218527037309,27866,438,0.01571807937988947,19886,255,0.012823091622246806,1074,240,0.22346368715083798,BBH,0.5,discovery,validation
792,0.4956675355834009,0.007342555666334332,0.9647846206313838,27866,487,0.01747649465298213,19886,298,0.014985416876194308,1074,285,0.26536312849162014,BBH,0.5,discovery,validation
793,0.3243001529135955,0.01585772984078069,0.9680754476037288,27866,441,0.01582573745783392,19886,285,0.014331690636628784,1074,268,0.24953445065176907,BBH,0.5,discovery,validation
794,0.5604267613408235,0.01411829366050814,0.9642123028970631,27866,494,0.017727696834852508,19886,320,0.016091722820074424,1074,292,0.2718808193668529,BBH,0.5,discovery,validation
795,0.171365981632703,0.00805537931659566,0.9627815085612609,27866,516,0.01851718940644513,19886,296,0.014884843608568843,1074,273,0.2541899441340782,BBH,0.5,discovery,validation
796,0.37008716569460787,0.012783689430151905,0.9631392071452114,27866,508,0.01823010119859327,19886,305,0.015337423312883436,1074,275,0.25605214152700184,BBH,0.5,discovery,validation
797,0.46980914693762604,0.013924136680866494,0.9639976837466927,27866,497,0.017835354912796957,19886,291,0.01463341043950518,1074,266,0.24767225325884543,BBH,0.5,discovery,validation
798,0.19025786289210309,0.007071747092339513,0.9629245879948412,27866,513,0.01840953132850068,19886,306,0.015387709946696169,1074,287,0.2672253258845438,BBH,0.5,discovery,validation
799,0.32475640399586864,0.009593881905684805,0.9647130809145937,27866,487,0.01747649465298213,19886,295,0.01483455697475611,1074,273,0.2541899441340782,BBH,0.5,discovery,validation
800,0.40873223252337715,0.008076731344428248,0.9629245879948412,27866,512,0.018373645302519198,19886,316,0.015890576284823495,1074,299,0.2783985102420857,BBH,0.5,discovery,validation
801,0.46342486349852174,0.017115956011885054,0.9639261440299026,27866,499,0.017907126964759924,19886,282,0.014180830735190586,1074,264,0.24581005586592178,BBH,0.5,discovery,validation
802,0.548184133368361,0.0146154216478291,0.9658577163832355,27866,472,0.016938204263259888,19886,284,0.014281404002816052,1074,261,0.2430167597765363,BBH,0.5,discovery,validation
803,0.32503176754391605,0.008734591679506937,0.9644984617642235,27866,489,0.017548266704945095,19886,292,0.014683697073317912,1074,277,0.2579143389199255,BBH,0.5,discovery,validation
804,0.3432893885796622,0.016016203725272772,0.9639976837466927,27866,498,0.01787124093877844,19886,294,0.014784270340943378,1074,274,0.25512104283054005,BBH,0.5,discovery,validation
805,0.33082055384067743,0.006162128172265984,0.9730116880622462,27866,372,0.013349601665111606,19886,218,0.0109624861711757,1074,204,0.18994413407821228,BBH,0.5,discovery,validation
806,1.0841054170095648,0.01448703133025167,0.9627815085612609,27866,515,0.018481303380463648,19886,315,0.01584028965101076,1074,284,0.2644320297951583,BBH,0.5,discovery,validation
807,0.3987759496119998,0.00969249572155807,0.9624238099773103,27866,520,0.01866073351037106,19886,315,0.01584028965101076,1074,284,0.2644320297951583,BBH,0.5,discovery,validation
808,0.31198575742627566,0.005303792671828759,0.9602060787568171,27866,552,0.019809086341778512,19886,323,0.016242582721512622,1074,284,0.2644320297951583,BBH,0.5,discovery,validation
809,0.31881033628986405,0.01915631609843367,0.9599914596064466,27866,553,0.019844972367759995,19886,355,0.017851755003520063,1074,318,0.29608938547486036,BBH,0.5,discovery,validation
810,0.283073480235335,0.01368451463790447,0.9694347022227409,27866,420,0.015072130912222781,19886,270,0.013577391129437795,1074,258,0.24022346368715083,BBH,0.5,discovery,validation
811,0.14334946203180418,0.00242360041088854,0.9652138589321245,27866,481,0.017261178497093233,19886,275,0.013828824298501458,1074,263,0.24487895716945995,BBH,0.5,discovery,validation
812,0.24994816425265343,0.007962165613044756,0.9660007958168156,27866,468,0.016794660159333955,19886,273,0.013728251030875993,1074,261,0.2430167597765363,BBH,0.5,discovery,validation
813,0.3187700844900119,0.009000242861160116,0.967503129869408,27866,447,0.016041053613722815,19886,279,0.01402997083375239,1074,246,0.22905027932960895,BBH,0.5,discovery,validation
814,0.4994104905849318,0.01844078356829822,0.9639261440299026,27866,498,0.01787124093877844,19886,336,0.016896308961078146,1074,302,0.2811918063314711,BBH,0.5,discovery,validation
815,0.4685564681042707,0.009671742348711446,0.9697208610899012,27866,417,0.014964472834278332,19886,236,0.011867645579804888,1074,227,0.21135940409683426,BBH,0.5,discovery,validation
816,0.39396600076963895,0.012957622459723619,0.9609214759247181,27866,539,0.019342568004019234,19886,323,0.016242582721512622,1074,289,0.26908752327746743,BBH,0.5,discovery,validation
817,0.19875857915327733,0.009380348052415954,0.9642123028970631,27866,495,0.01776358286083399,19886,296,0.014884843608568843,1074,281,0.2616387337057728,BBH,0.5,discovery,validation
818,0.22064616445087176,0.012141605486570594,0.965571557516075,27866,475,0.017045862341204334,19886,282,0.014180830735190586,1074,268,0.24953445065176907,BBH,0.5,discovery,validation
819,0.36269543865945336,0.012277561255627064,0.9619945716765697,27866,525,0.018840163640278476,19886,301,0.015136276777632506,1074,278,0.25884543761638734,BBH,0.5,discovery,validation
820,0.3694178808212395,0.016044933734621677,0.960134539040027,27866,550,0.019737314289815545,19886,328,0.016494015890576284,1074,294,0.2737430167597765,BBH,0.5,discovery,validation
821,0.2597389001823833,0.008308972826634797,0.9632107468620015,27866,509,0.018265987224574752,19886,303,0.01523685004525797,1074,275,0.25605214152700184,BBH,0.5,discovery,validation
822,0.3597912471271554,0.003109264672705196,0.9651423192153344,27866,482,0.017297064523074716,19886,283,0.014231117369003319,1074,261,0.2430167597765363,BBH,0.5,discovery,validation
823,0.5638094933252609,0.014082562917308677,0.9657146369496553,27866,472,0.016938204263259888,19886,282,0.014180830735190586,1074,264,0.24581005586592178,BBH,0.5,discovery,validation
824,0.2351060845627957,0.009055598356445814,0.9677892887365684,27866,443,0.015897509509796886,19886,275,0.013828824298501458,1074,267,0.24860335195530725,BBH,0.5,discovery,validation
825,0.4662273663327908,0.01613422970962502,0.9608499362079279,27866,541,0.0194143400559822,19886,337,0.016946595594890878,1074,298,0.2774674115456238,BBH,0.5,discovery,validation
826,0.3437193214753145,0.012605932203389826,0.9653569383657048,27866,478,0.017153520419148784,19886,261,0.013124811425123202,1074,239,0.22253258845437615,BBH,0.5,discovery,validation
827,0.3878399817997361,0.010472370766488423,0.9680754476037288,27866,441,0.01582573745783392,19886,276,0.013879110932314191,1074,253,0.23556797020484171,BBH,0.5,discovery,validation
828,0.34677364100986896,0.007105286703990594,0.9688623844884199,27866,430,0.015430991172037608,19886,268,0.01347681786181233,1074,252,0.2346368715083799,BBH,0.5,discovery,validation
829,0.5077059331498869,0.02029139853167769,0.9620661113933598,27866,525,0.018840163640278476,19886,325,0.016343155989138086,1074,295,0.2746741154562384,BBH,0.5,discovery,validation
830,0.29546793598258325,0.006036019666856127,0.9637115248795324,27866,501,0.017978899016722887,19886,284,0.014281404002816052,1074,263,0.24487895716945995,BBH,0.5,discovery,validation
831,0.4777452189526615,0.01640056466115672,0.9650707794985444,27866,482,0.017297064523074716,19886,310,0.015588856481947098,1074,282,0.26256983240223464,BBH,0.5,discovery,validation
832,0.157180582599155,0.009269310448716157,0.9646415411978037,27866,486,0.017440608627000646,19886,292,0.014683697073317912,1074,261,0.2430167597765363,BBH,0.5,discovery,validation
833,0.3717142133802842,0.010245777818060964,0.9644984617642235,27866,487,0.01747649465298213,19886,287,0.014432263904254249,1074,264,0.24581005586592178,BBH,0.5,discovery,validation
834,0.5639863966868827,0.007781942633637552,0.9600629993232369,27866,553,0.019844972367759995,19886,327,0.016443729256763552,1074,287,0.2672253258845438,BBH,0.5,discovery,validation
835,0.37124148549573865,0.016796572898128047,0.9646415411978037,27866,490,0.01758415273092658,19886,312,0.015689429749572565,1074,276,0.2569832402234637,BBH,0.5,discovery,validation
836,0.5506417901998092,0.01168824311545681,0.9627099688444708,27866,515,0.018481303380463648,19886,300,0.015085990143819773,1074,276,0.2569832402234637,BBH,0.5,discovery,validation
837,0.24583635192268077,0.01375228604754978,0.9652138589321245,27866,480,0.01722529247111175,19886,313,0.015739716383385297,1074,293,0.27281191806331473,BBH,0.5,discovery,validation
838,0.30648657951071523,0.007889211154415538,0.967503129869408,27866,447,0.016041053613722815,19886,250,0.012571658453183143,1074,236,0.21973929236499068,BBH,0.5,discovery,validation
839,0.2786937329178095,0.008180676040414574,0.9632107468620015,27866,507,0.018194215172611786,19886,297,0.014935130242381574,1074,285,0.26536312849162014,BBH,0.5,discovery,validation
840,0.48267736447759646,0.008065387171817887,0.9625668894108906,27866,518,0.018588961458408097,19886,279,0.01402997083375239,1074,256,0.2383612662942272,BBH,0.5,discovery,validation
841,0.24473259038113046,0.0037659457524861417,0.9657146369496553,27866,473,0.01697409028924137,19886,305,0.015337423312883436,1074,289,0.26908752327746743,BBH,0.5,discovery,validation
842,0.14712960279940737,0.006219976434333366,0.9634253660123718,27866,506,0.018158329146630302,19886,290,0.014583123805692447,1074,267,0.24860335195530725,BBH,0.5,discovery,validation
843,0.5215370166123725,0.01808631737187193,0.9594191418721258,27866,562,0.02016794660159334,19886,339,0.017047168862516345,1074,295,0.2746741154562384,BBH,0.5,discovery,validation
844,0.5987888456255561,0.00816112269252848,0.9612791745086687,27866,535,0.019199023900093305,19886,322,0.01619229608769989,1074,293,0.27281191806331473,BBH,0.5,discovery,validation
845,0.6389317976464493,0.012364988368228635,0.9646415411978037,27866,489,0.017548266704945095,19886,298,0.014985416876194308,1074,277,0.2579143389199255,BBH,0.5,discovery,validation
846,0.5466846972658734,0.014155450315719485,0.9607068567743478,27866,542,0.019450226081963683,19886,322,0.01619229608769989,1074,289,0.26908752327746743,BBH,0.5,discovery,validation
847,0.3630883764541105,0.008594578767238348,0.9629961277116312,27866,513,0.01840953132850068,19886,293,0.014733983707130645,1074,266,0.24767225325884543,BBH,0.5,discovery,validation
848,0.3077921892472324,0.005970724191063178,0.9686477653380497,27866,433,0.015538649249982057,19886,255,0.012823091622246806,1074,241,0.22439478584729983,BBH,0.5,discovery,validation
849,0.4087229593967701,0.004687747505148105,0.9697924008066915,27866,417,0.014964472834278332,19886,240,0.012068792115055817,1074,223,0.20763500931098697,BBH,0.5,discovery,validation
850,0.20455373604475832,0.008825795341248974,0.970150099390642,27866,411,0.014749156678389436,19886,220,0.011063059438801167,1074,214,0.19925512104283055,BBH,0.5,discovery,validation
851,0.6757192705220992,0.012063109736211925,0.9656430972328651,27866,474,0.01700997631522285,19886,288,0.014482550538066982,1074,270,0.25139664804469275,BBH,0.5,discovery,validation
852,0.5922792872499625,0.015638054683302115,0.9631392071452114,27866,509,0.018265987224574752,19886,325,0.016343155989138086,1074,291,0.2709497206703911,BBH,0.5,discovery,validation
853,0.5660043041216631,0.01252586053789919,0.9597053007392864,27866,555,0.01991674441972296,19886,344,0.017298602031580006,1074,300,0.27932960893854747,BBH,0.5,discovery,validation
854,0.9102479007239185,0.010670073113991358,0.967503129869408,27866,450,0.016148711691667265,19886,245,0.01232022528411948,1074,226,0.21042830540037244,BBH,0.5,discovery,validation
855,0.1898857584087037,0.0031109941204424084,0.9673600504358278,27866,450,0.016148711691667265,19886,278,0.013979684199939656,1074,264,0.24581005586592178,BBH,0.5,discovery,validation
856,0.29153873591043383,0.013231722278646923,0.9632822865787917,27866,507,0.018194215172611786,19886,298,0.014985416876194308,1074,280,0.260707635009311,BBH,0.5,discovery,validation
857,0.35810955655935306,0.008605433698903285,0.9660723355336057,27866,469,0.01683054618531544,19886,264,0.0132756713265614,1074,249,0.23184357541899442,BBH,0.5,discovery,validation
858,0.5605266577112926,0.005879360752242108,0.9644269220474333,27866,492,0.01765592478288954,19886,315,0.01584028965101076,1074,298,0.2774674115456238,BBH,0.5,discovery,validation
859,0.5229703401742579,0.013135273666180945,0.9662869546839762,27866,467,0.016758774133352472,19886,278,0.013979684199939656,1074,257,0.239292364990689,BBH,0.5,discovery,validation
860,0.20344260168075606,0.006250188827457022,0.9636399851627421,27866,501,0.017978899016722887,19886,287,0.014432263904254249,1074,272,0.2532588454376164,BBH,0.5,discovery,validation
861,0.4143372280143214,0.010009408195690465,0.9647130809145937,27866,489,0.017548266704945095,19886,285,0.014331690636628784,1074,257,0.239292364990689,BBH,0.5,discovery,validation
862,0.35877082632992235,0.008727605063597085,0.9657146369496553,27866,474,0.01700997631522285,19886,268,0.01347681786181233,1074,245,0.22811918063314712,BBH,0.5,discovery,validation
863,0.2918714959267808,0.007109337874227777,0.9578452681027435,27866,582,0.020885667121222997,19886,342,0.017198028763954543,1074,298,0.2774674115456238,BBH,0.5,discovery,validation
864,0.567606510481086,0.01323510529019003,0.9656430972328651,27866,475,0.017045862341204334,19886,291,0.01463341043950518,1074,262,0.24394785847299813,BBH,0.5,discovery,validation
865,0.5620774027828322,0.00813720771545894,0.9629245879948412,27866,513,0.01840953132850068,19886,303,0.01523685004525797,1074,278,0.25884543761638734,BBH,0.5,discovery,validation
866,0.19343635111189555,0.012198218428825666,0.9624238099773103,27866,520,0.01866073351037106,19886,333,0.01674544905963995,1074,301,0.2802607076350093,BBH,0.5,discovery,validation
867,0.3232446425838599,0.011893059140336008,0.9642123028970631,27866,495,0.01776358286083399,19886,301,0.015136276777632506,1074,272,0.2532588454376164,BBH,0.5,discovery,validation
868,0.2491706246240404,0.007734808395326835,0.967574669586198,27866,447,0.016041053613722815,19886,248,0.012471085185557678,1074,228,0.2122905027932961,BBH,0.5,discovery,validation
869,0.7079586276226904,0.012021850054481129,0.96220919082694,27866,523,0.01876839158831551,19886,303,0.01523685004525797,1074,276,0.2569832402234637,BBH,0.5,discovery,validation
870,0.6443450459814891,0.01778376990241398,0.9678608284533585,27866,444,0.01593339553577837,19886,283,0.014231117369003319,1074,262,0.24394785847299813,BBH,0.5,discovery,validation
871,0.38259848039098643,0.01243560983715521,0.9649277000649642,27866,484,0.01736883657503768,19886,299,0.01503570351000704,1074,263,0.24487895716945995,BBH,0.5,discovery,validation
872,0.5230509286282149,0.01212134624164889,0.9665731135511366,27866,462,0.01657934400344506,19886,291,0.01463341043950518,1074,270,0.25139664804469275,BBH,0.5,discovery,validation
873,0.2827597915255382,0.01311387276855358,0.9594191418721258,27866,561,0.020132060575611857,19886,317,0.015940862918636226,1074,290,0.27001862197392923,BBH,0.5,discovery,validation
874,0.2958318995190908,0.008248971578608833,0.9691485433555804,27866,426,0.015287447068111677,19886,235,0.011817358945992154,1074,221,0.20577281191806332,BBH,0.5,discovery,validation
875,0.17320116177194012,0.007951365388400078,0.9657146369496553,27866,474,0.01700997631522285,19886,280,0.01408025746756512,1074,261,0.2430167597765363,BBH,0.5,discovery,validation
876,0.3804301769064856,0.011077940421160755,0.9642838426138531,27866,495,0.01776358286083399,19886,277,0.013929397566126923,1074,263,0.24487895716945995,BBH,0.5,discovery,validation
877,0.3095566505301025,0.012807760519065858,0.9613507142254588,27866,534,0.01916313787411182,19886,295,0.01483455697475611,1074,267,0.24860335195530725,BBH,0.5,discovery,validation
878,0.36189053407941435,0.008545624807819533,0.9652138589321245,27866,480,0.01722529247111175,19886,287,0.014432263904254249,1074,257,0.239292364990689,BBH,0.5,discovery,validation
879,0.20385778550186442,0.009540828449231747,0.9642838426138531,27866,493,0.017691810808871025,19886,287,0.014432263904254249,1074,261,0.2430167597765363,BBH,0.5,discovery,validation
880,0.4058845192654441,0.005934123429767332,0.9683616064708892,27866,436,0.015646307327926507,19886,262,0.013175098058935936,1074,253,0.23556797020484171,BBH,0.5,discovery,validation
881,0.4708706486604699,0.00686482220006648,0.9687908447716298,27866,431,0.015466877198019091,19886,240,0.012068792115055817,1074,230,0.21415270018621974,BBH,0.5,discovery,validation
882,0.4125136866010066,0.0127646655050425,0.9594191418721258,27866,558,0.020024402497667407,19886,329,0.01654430252438902,1074,283,0.2635009310986965,BBH,0.5,discovery,validation
883,0.28070755447039475,0.006110562393815434,0.9706508774081727,27866,405,0.014533840522500539,19886,253,0.012722518354621341,1074,236,0.21973929236499068,BBH,0.5,discovery,validation
884,0.5645278110690772,0.020999236784125113,0.9612076347918784,27866,536,0.019234909926074788,19886,334,0.01679573569345268,1074,300,0.27932960893854747,BBH,0.5,discovery,validation
885,0.34872017591914933,0.009107199429748136,0.960134539040027,27866,549,0.019701428263834062,19886,320,0.016091722820074424,1074,287,0.2672253258845438,BBH,0.5,discovery,validation
886,0.3698598439495192,0.012979810568295128,0.9649277000649642,27866,486,0.017440608627000646,19886,280,0.01408025746756512,1074,270,0.25139664804469275,BBH,0.5,discovery,validation
887,0.4982148400861692,0.005244003192913478,0.9631392071452114,27866,507,0.018194215172611786,19886,292,0.014683697073317912,1074,268,0.24953445065176907,BBH,0.5,discovery,validation
888,0.2637579808993981,0.016502953261427835,0.9631392071452114,27866,509,0.018265987224574752,19886,306,0.015387709946696169,1074,283,0.2635009310986965,BBH,0.5,discovery,validation
889,0.3192737210811315,0.008322773113680758,0.9671454312854574,27866,453,0.016256369769611714,19886,269,0.013527104495625063,1074,257,0.239292364990689,BBH,0.5,discovery,validation
890,0.33275146465989774,0.015438321117079233,0.9654284780824949,27866,478,0.017153520419148784,19886,296,0.014884843608568843,1074,276,0.2569832402234637,BBH,0.5,discovery,validation
891,0.228466270817565,0.0037239243807040386,0.9665015738343463,27866,463,0.016615230029426543,19886,270,0.013577391129437795,1074,256,0.2383612662942272,BBH,0.5,discovery,validation
892,0.42036691333560783,0.010910450466781475,0.9625668894108906,27866,518,0.018588961458408097,19886,287,0.014432263904254249,1074,266,0.24767225325884543,BBH,0.5,discovery,validation
893,0.1567782750107411,0.008027999335327345,0.9647130809145937,27866,487,0.01747649465298213,19886,265,0.013325957960374132,1074,245,0.22811918063314712,BBH,0.5,discovery,validation
894,0.6528553681948965,0.00978020342823131,0.9689339242052102,27866,428,0.015359219120074643,19886,258,0.012973951523685004,1074,239,0.22253258845437615,BBH,0.5,discovery,validation
895,0.18674874938499525,0.004594860278976148,0.967503129869408,27866,450,0.016148711691667265,19886,253,0.012722518354621341,1074,239,0.22253258845437615,BBH,0.5,discovery,validation
896,0.3616797737703783,0.01467321520287622,0.9683616064708892,27866,436,0.015646307327926507,19886,281,0.014130544101377854,1074,255,0.23743016759776536,BBH,0.5,discovery,validation
897,0.6318316503000271,0.011771503670805764,0.9638546043131125,27866,500,0.017943012990741407,19886,297,0.014935130242381574,1074,272,0.2532588454376164,BBH,0.5,discovery,validation
898,0.5322249220335495,0.012330432943593463,0.963568445445952,27866,503,0.018050671068685853,19886,306,0.015387709946696169,1074,282,0.26256983240223464,BBH,0.5,discovery,validation
899,0.2982543221589161,0.008578528433391408,0.9660007958168156,27866,469,0.01683054618531544,19886,291,0.01463341043950518,1074,281,0.2616387337057728,BBH,0.5,discovery,validation
900,0.27948967244764533,0.012024343635759382,0.9589899035713852,27866,568,0.020383262757482236,19886,351,0.017650608468269133,1074,301,0.2802607076350093,BBH,0.5,discovery,validation
901,0.2246993875134679,0.005290378863409771,0.9659292561000256,27866,470,0.01686643221129692,19886,265,0.013325957960374132,1074,249,0.23184357541899442,BBH,0.5,discovery,validation
902,0.3766855693987435,0.009810457903678248,0.9619945716765697,27866,524,0.018804277614296993,19886,303,0.01523685004525797,1074,280,0.260707635009311,BBH,0.5,discovery,validation
903,0.4605851565504175,0.013495727769961146,0.9617799525261994,27866,529,0.018983707744204405,19886,324,0.016292869355325354,1074,291,0.2709497206703911,BBH,0.5,discovery,validation
904,0.24963240230278708,0.00967193117616846,0.9660723355336057,27866,468,0.016794660159333955,19886,275,0.013828824298501458,1074,256,0.2383612662942272,BBH,0.5,discovery,validation
905,0.3313840961927228,0.007703971419076105,0.96220919082694,27866,523,0.01876839158831551,19886,303,0.01523685004525797,1074,282,0.26256983240223464,BBH,0.5,discovery,validation
906,0.5230081596341395,0.01287425601981933,0.9639261440299026,27866,499,0.017907126964759924,19886,308,0.015488283214321634,1074,275,0.25605214152700184,BBH,0.5,discovery,validation
907,0.42942138668449664,0.014218707513822173,0.9611360950750883,27866,538,0.01930668197803775,19886,326,0.01639344262295082,1074,286,0.26629422718808193,BBH,0.5,discovery,validation
908,0.47710736922102237,0.018775590532283074,0.9660007958168156,27866,467,0.016758774133352472,19886,290,0.014583123805692447,1074,267,0.24860335195530725,BBH,0.5,discovery,validation
909,0.18930286041252503,0.0069231408339085415,0.9656430972328651,27866,476,0.017081748367185817,19886,281,0.014130544101377854,1074,264,0.24581005586592178,BBH,0.5,discovery,validation
910,0.33332456993812365,0.009871405325230762,0.970150099390642,27866,412,0.014785042704370917,19886,254,0.012772804988434075,1074,246,0.22905027932960895,BBH,0.5,discovery,validation
911,0.2730480163517504,0.00414719626168224,0.9687908447716298,27866,431,0.015466877198019091,19886,274,0.013778537664688726,1074,256,0.2383612662942272,BBH,0.5,discovery,validation
912,0.32252219541044824,0.012956323337679276,0.9651423192153344,27866,483,0.017332950549056196,19886,287,0.014432263904254249,1074,269,0.2504655493482309,BBH,0.5,discovery,validation
913,0.37856026028109935,0.005494878999365542,0.9690770036387903,27866,426,0.015287447068111677,19886,259,0.013024238157497738,1074,242,0.22532588454376165,BBH,0.5,discovery,validation
914,0.3344533988117379,0.0106036058491193,0.9639261440299026,27866,499,0.017907126964759924,19886,302,0.015186563411445237,1074,282,0.26256983240223464,BBH,0.5,discovery,validation
915,0.2611747787725363,0.008788175101734427,0.972224751177555,27866,384,0.013780233976889399,19886,220,0.011063059438801167,1074,210,0.19553072625698323,BBH,0.5,discovery,validation
916,0.33308612458824943,0.0031861147327249,0.9653569383657048,27866,479,0.017189406445130267,19886,286,0.014381977270441517,1074,271,0.25232774674115455,BBH,0.5,discovery,validation
917,0.4137639812359293,0.007881803308024649,0.9671454312854574,27866,455,0.016328141821574677,19886,267,0.013426531227999597,1074,249,0.23184357541899442,BBH,0.5,discovery,validation
918,0.20268025072578147,0.004294359910921447,0.9613507142254588,27866,534,0.01916313787411182,19886,325,0.016343155989138086,1074,285,0.26536312849162014,BBH,0.5,discovery,validation
919,0.38174323624117673,0.01748676372468548,0.9623522702605202,27866,521,0.018696619536352543,19886,334,0.01679573569345268,1074,303,0.28212290502793297,BBH,0.5,discovery,validation
920,0.46424512446906674,0.012798725037010185,0.9616368730926191,27866,532,0.019091365822148855,19886,305,0.015337423312883436,1074,280,0.260707635009311,BBH,0.5,discovery,validation
921,0.45025450535019124,0.009830604476573114,0.9619945716765697,27866,524,0.018804277614296993,19886,285,0.014331690636628784,1074,260,0.24208566108007448,BBH,0.5,discovery,validation
922,0.2309614362979846,0.008447414167753155,0.967574669586198,27866,448,0.0160769396397043,19886,271,0.013627677763250528,1074,253,0.23556797020484171,BBH,0.5,discovery,validation
923,0.44726271445663274,0.013709085148971106,0.9613507142254588,27866,535,0.019199023900093305,19886,334,0.01679573569345268,1074,300,0.27932960893854747,BBH,0.5,discovery,validation
924,0.2338337761556247,0.004339254962385577,0.9687193050548397,27866,432,0.015502763224000574,19886,245,0.01232022528411948,1074,231,0.21508379888268156,BBH,0.5,discovery,validation
925,0.33577276228802244,0.005887640109973106,0.9632822865787917,27866,509,0.018265987224574752,19886,305,0.015337423312883436,1074,279,0.25977653631284914,BBH,0.5,discovery,validation
926,0.522084763476143,0.013000581588567628,0.9682900667540991,27866,438,0.01571807937988947,19886,260,0.013074524791310469,1074,247,0.22998137802607077,BBH,0.5,discovery,validation
927,0.32727286471170786,0.006726034019154659,0.9607783964911378,27866,542,0.019450226081963683,19886,329,0.01654430252438902,1074,294,0.2737430167597765,BBH,0.5,discovery,validation
928,0.45632676654506393,0.01112949031692801,0.9647130809145937,27866,489,0.017548266704945095,19886,297,0.014935130242381574,1074,262,0.24394785847299813,BBH,0.5,discovery,validation
929,0.3878921853790709,0.0062666168162180125,0.9698639405234815,27866,415,0.014892700782315367,19886,252,0.01267223172080861,1074,241,0.22439478584729983,BBH,0.5,discovery,validation
930,0.599342209472261,0.016310915737635576,0.9627815085612609,27866,514,0.018445417354482165,19886,313,0.015739716383385297,1074,280,0.260707635009311,BBH,0.5,discovery,validation
931,0.0865463304263211,0.007554420073113995,0.9631392071452114,27866,509,0.018265987224574752,19886,301,0.015136276777632506,1074,279,0.25977653631284914,BBH,0.5,discovery,validation
932,0.2808083346946333,0.009436996289522817,0.9632107468620015,27866,510,0.018301873250556232,19886,317,0.015940862918636226,1074,286,0.26629422718808193,BBH,0.5,discovery,validation
933,0.2868874567153699,0.014898486359104499,0.9682900667540991,27866,437,0.015682193353907987,19886,272,0.01367796439706326,1074,262,0.24394785847299813,BBH,0.5,discovery,validation
934,0.34957066691460964,0.007026836158192095,0.9694347022227409,27866,422,0.015143902964185746,19886,237,0.011917932213617621,1074,224,0.2085661080074488,BBH,0.5,discovery,validation
935,0.44692211890024863,0.013745756499970486,0.9669308121350871,27866,457,0.016399913873537644,19886,286,0.014381977270441517,1074,262,0.24394785847299813,BBH,0.5,discovery,validation
936,0.43434988801872176,0.005109191655801819,0.9660723355336057,27866,468,0.016794660159333955,19886,293,0.014733983707130645,1074,270,0.25139664804469275,BBH,0.5,discovery,validation
937,0.2593309534485262,0.008269372002937661,0.9677892887365684,27866,444,0.01593339553577837,19886,254,0.012772804988434075,1074,246,0.22905027932960895,BBH,0.5,discovery,validation
938,0.30355103752734564,0.005585327351279496,0.9694347022227409,27866,421,0.015108016938204263,19886,241,0.01211907874886855,1074,227,0.21135940409683426,BBH,0.5,discovery,validation
939,0.6593790584249527,0.011711078884558447,0.9626384291276807,27866,517,0.018553075432426614,19886,317,0.015940862918636226,1074,275,0.25605214152700184,BBH,0.5,discovery,validation
940,0.5033705987362873,0.01101619384271428,0.9647846206313838,27866,488,0.017512380678963612,19886,301,0.015136276777632506,1074,277,0.2579143389199255,BBH,0.5,discovery,validation
941,0.867293276291018,0.017675555886856556,0.9602060787568171,27866,550,0.019737314289815545,19886,352,0.017700895102081865,1074,316,0.2942271880819367,BBH,0.5,discovery,validation
942,0.37768758073328584,0.007778747092057153,0.9660007958168156,27866,471,0.016902318237278405,19886,274,0.013778537664688726,1074,262,0.24394785847299813,BBH,0.5,discovery,validation
943,0.22649353930724328,0.012549472793740003,0.9703647185410122,27866,408,0.014641498600444986,19886,259,0.013024238157497738,1074,247,0.22998137802607077,BBH,0.5,discovery,validation
944,0.4140488203285328,0.014059492437442698,0.9662154149671861,27866,466,0.01672288810737099,19886,301,0.015136276777632506,1074,279,0.25977653631284914,BBH,0.5,discovery,validation
945,0.46578323732796195,0.00888184356587559,0.9647130809145937,27866,488,0.017512380678963612,19886,315,0.01584028965101076,1074,267,0.24860335195530725,BBH,0.5,discovery,validation
946,0.1361357323950029,0.0028522493267859944,0.9652853986489146,27866,480,0.01722529247111175,19886,293,0.014733983707130645,1074,272,0.2532588454376164,BBH,0.5,discovery,validation
947,0.39208414313392614,0.007380103279903883,0.9617084128094093,27866,526,0.01887604966625996,19886,321,0.016142009453887156,1074,299,0.2783985102420857,BBH,0.5,discovery,validation
948,0.31194599168787523,0.010472370766488406,0.9629961277116312,27866,510,0.018301873250556232,19886,308,0.015488283214321634,1074,281,0.2616387337057728,BBH,0.5,discovery,validation
949,0.28740319139057496,0.007103688933200399,0.9660723355336057,27866,469,0.01683054618531544,19886,281,0.014130544101377854,1074,260,0.24208566108007448,BBH,0.5,discovery,validation
950,0.33457074698583095,0.0069073083778966125,0.9644269220474333,27866,491,0.01762003875690806,19886,294,0.014784270340943378,1074,279,0.25977653631284914,BBH,0.5,discovery,validation
951,0.4274647867586683,0.004754675367835881,0.9631392071452114,27866,509,0.018265987224574752,19886,315,0.01584028965101076,1074,292,0.2718808193668529,BBH,0.5,discovery,validation
952,0.18364595401393763,0.0045228940761967784,0.9603491581903972,27866,548,0.01966554223785258,19886,305,0.015337423312883436,1074,279,0.25977653631284914,BBH,0.5,discovery,validation
953,0.2886026339016301,0.007519885825389879,0.9625668894108906,27866,517,0.018553075432426614,19886,326,0.01639344262295082,1074,298,0.2774674115456238,BBH,0.5,discovery,validation
954,0.668799326392109,0.019792011673842813,0.9581314269699039,27866,580,0.02081389506926003,19886,335,0.01684602232726541,1074,289,0.26908752327746743,BBH,0.5,discovery,validation
955,0.3930395350853962,0.008856007734372635,0.9636399851627421,27866,503,0.018050671068685853,19886,295,0.01483455697475611,1074,277,0.2579143389199255,BBH,0.5,discovery,validation
956,0.22139385748134346,0.003772816166883968,0.9679323681701486,27866,444,0.01593339553577837,19886,257,0.012923664889872273,1074,242,0.22532588454376165,BBH,0.5,discovery,validation
957,0.3945631369022543,0.015091408018933855,0.9616898376307039,27865,529,0.018984389018481967,19885,319,0.016042242896655772,1073,295,0.2749301025163094,BBH,0.5,discovery,validation
958,0.4758861489192544,0.00602257911579946,0.9657861766664454,27866,474,0.01700997631522285,19886,279,0.01402997083375239,1074,261,0.2430167597765363,BBH,0.5,discovery,validation
959,0.7086708252859724,0.01462439604264131,0.96220919082694,27866,522,0.018732505562334027,19886,305,0.015337423312883436,1074,275,0.25605214152700184,BBH,0.5,discovery,validation
960,0.22796795831896213,0.00977748572464425,0.9644984617642235,27866,491,0.01762003875690806,19886,307,0.0154379965805089,1074,280,0.260707635009311,BBH,0.5,discovery,validation
961,0.28611429241745256,0.008270860495436766,0.9599914596064466,27866,554,0.019880858393741478,19886,323,0.016242582721512622,1074,293,0.27281191806331473,BBH,0.5,discovery,validation
962,0.3048053944165769,0.008297078461584943,0.9615653333758291,27866,532,0.019091365822148855,19886,306,0.015387709946696169,1074,283,0.2635009310986965,BBH,0.5,discovery,validation
963,0.35964961683950636,0.008655284147557327,0.9634969057291619,27866,505,0.01812244312064882,19886,311,0.01563914311575983,1074,286,0.26629422718808193,BBH,0.5,discovery,validation
964,0.4559187649392553,0.011657480937141947,0.9662869546839762,27866,466,0.01672288810737099,19886,285,0.014331690636628784,1074,269,0.2504655493482309,BBH,0.5,discovery,validation
965,0.33070103761513775,0.012045850553691513,0.9665015738343463,27866,462,0.01657934400344506,19886,281,0.014130544101377854,1074,265,0.2467411545623836,BBH,0.5,discovery,validation
966,0.25906216402217735,0.007571133950174405,0.9645700014810136,27866,490,0.01758415273092658,19886,289,0.014532837171879715,1074,261,0.2430167597765363,BBH,0.5,discovery,validation
967,0.35589839090750525,0.012170264906215936,0.9640692234634828,27866,494,0.017727696834852508,19886,296,0.014884843608568843,1074,279,0.25977653631284914,BBH,0.5,discovery,validation
968,0.19855326543126584,0.0024198238617480715,0.9597053007392864,27866,557,0.019988516471685924,19886,325,0.016343155989138086,1074,295,0.2746741154562384,BBH,0.5,discovery,validation
969,0.2857866574831961,0.00600554106910039,0.9629245879948412,27866,513,0.01840953132850068,19886,297,0.014935130242381574,1074,270,0.25139664804469275,BBH,0.5,discovery,validation
970,0.2992518364132429,0.008564260489559354,0.9626384291276807,27866,515,0.018481303380463648,19886,305,0.015337423312883436,1074,285,0.26536312849162014,BBH,0.5,discovery,validation
971,0.2602830792239264,0.006172928396910651,0.9697924008066915,27866,417,0.014964472834278332,19886,244,0.012269938650306749,1074,229,0.2132216014897579,BBH,0.5,discovery,validation
972,0.06785868288351905,0.0065806668778710525,0.9697208610899012,27866,418,0.015000358860259815,19886,270,0.013577391129437795,1074,256,0.2383612662942272,BBH,0.5,discovery,validation
973,0.4323920898191852,0.00541541264058292,0.9667877327015069,27866,458,0.016435799899519127,19886,297,0.014935130242381574,1074,282,0.26256983240223464,BBH,0.5,discovery,validation
974,0.309498418774025,0.012126499290008768,0.9617084128094093,27866,529,0.018983707744204405,19886,312,0.015689429749572565,1074,279,0.25977653631284914,BBH,0.5,discovery,validation
975,0.35246534801240464,0.009997407946085283,0.9616368730926191,27866,530,0.01901959377018589,19886,303,0.01523685004525797,1074,268,0.24953445065176907,BBH,0.5,discovery,validation
976,0.7639574631524837,0.008531616688396342,0.9676462093029881,27866,448,0.0160769396397043,19886,266,0.013376244594186865,1074,246,0.22905027932960895,BBH,0.5,discovery,validation
977,0.2651416756394408,0.005495604308569621,0.9663584944007663,27866,465,0.016687002081389506,19886,286,0.014381977270441517,1074,266,0.24767225325884543,BBH,0.5,discovery,validation
978,0.45028350294905645,0.013131555489295354,0.9660723355336057,27866,470,0.01686643221129692,19886,292,0.014683697073317912,1074,272,0.2532588454376164,BBH,0.5,discovery,validation
979,0.46632058754531197,0.020924835236572917,0.951478233308424,27866,672,0.02411540945955645,19886,395,0.019863220356029367,1074,317,0.2951582867783985,BBH,0.5,discovery,validation
980,0.26450509291345264,0.01551784041813952,0.9632107468620015,27866,510,0.018301873250556232,19886,310,0.015588856481947098,1074,277,0.2579143389199255,BBH,0.5,discovery,validation
981,0.40993244465127676,0.006128227467131315,0.965571557516075,27866,477,0.0171176343931673,19886,278,0.013979684199939656,1074,249,0.23184357541899442,BBH,0.5,discovery,validation
982,0.34519716024122754,0.012352525756065144,0.9652138589321245,27866,480,0.01722529247111175,19886,292,0.014683697073317912,1074,270,0.25139664804469275,BBH,0.5,discovery,validation
983,0.5231945091832683,0.004688889836600907,0.9684331461876793,27866,435,0.015610421301945022,19886,269,0.013527104495625063,1074,255,0.23743016759776536,BBH,0.5,discovery,validation
984,0.21196086161529284,0.008525067321400289,0.9632822865787917,27866,506,0.018158329146630302,19886,303,0.01523685004525797,1074,275,0.25605214152700184,BBH,0.5,discovery,validation
985,0.29054541196275196,0.010523336532458698,0.9616368730926191,27866,531,0.019055479796167372,19886,312,0.015689429749572565,1074,296,0.2756052141527002,BBH,0.5,discovery,validation
986,0.3730799037603402,0.006727733466267852,0.963568445445952,27866,504,0.018086557094667336,19886,301,0.015136276777632506,1074,274,0.25512104283054005,BBH,0.5,discovery,validation
987,0.21865723181524388,0.005224591024434486,0.9647846206313838,27866,487,0.01747649465298213,19886,292,0.014683697073317912,1074,269,0.2504655493482309,BBH,0.5,discovery,validation
988,0.1927575220227644,0.005087011692196143,0.9599914596064466,27866,554,0.019880858393741478,19886,315,0.01584028965101076,1074,289,0.26908752327746743,BBH,0.5,discovery,validation
989,0.34587433964712067,0.011912557781201843,0.9677177490197784,27866,447,0.016041053613722815,19886,260,0.013074524791310469,1074,248,0.2309124767225326,BBH,0.5,discovery,validation
990,0.5015945140546265,0.007933365013992288,0.9693631625059508,27866,421,0.015108016938204263,19886,271,0.013627677763250528,1074,257,0.239292364990689,BBH,0.5,discovery,validation
991,0.20735921887473904,0.01056111967128916,0.9604206979071873,27866,547,0.019629656211871096,19886,338,0.01699688222870361,1074,289,0.26908752327746743,BBH,0.5,discovery,validation
992,0.5358481773758511,0.008251336333678078,0.9665015738343463,27866,462,0.01657934400344506,19886,266,0.013376244594186865,1074,250,0.23277467411545624,BBH,0.5,discovery,validation
993,0.18779332367085214,0.008630358923230306,0.9593476021553358,27866,562,0.02016794660159334,19886,310,0.015588856481947098,1074,281,0.2616387337057728,BBH,0.5,discovery,validation
994,0.5889301906496006,0.007111317915412641,0.9612791745086687,27866,535,0.019199023900093305,19886,293,0.014733983707130645,1074,281,0.2616387337057728,BBH,0.5,discovery,validation
995,0.4921766159063189,0.005075115562403708,0.9653569383657048,27866,479,0.017189406445130267,19886,281,0.014130544101377854,1074,268,0.24953445065176907,BBH,0.5,discovery,validation
996,0.6606657068175344,0.011330882741184538,0.9623522702605202,27866,518,0.018588961458408097,19886,319,0.016041436186261693,1074,296,0.2756052141527002,BBH,0.5,discovery,validation
997,0.35689943177199573,0.022080565158108224,0.9587037447042247,27866,568,0.020383262757482236,19886,393,0.019762647088403903,1074,345,0.32122905027932963,BBH,0.5,discovery,validation
998,0.2391027149912332,0.009180790960451976,0.961493793659039,27866,531,0.019055479796167372,19886,290,0.014583123805692447,1074,265,0.2467411545623836,BBH,0.5,discovery,validation
999,0.4737794607174936,0.014101387426505525,0.9668592724182969,27866,457,0.016399913873537644,19886,305,0.015337423312883436,1074,275,0.25605214152700184,BBH,0.5,discovery,validation
0,0.18426043698747407,0.0033302067200372213,0.9719251684322253,33532,468,0.013956817368483837,24493,283,0.011554321642918385,1152,267,0.23177083333333334,BBH,0.5,validation,discovery
1,0.33313412527959874,0.0035802035802035797,0.9672905871613885,33532,545,0.01625313133723011,24493,312,0.012738333401379986,1152,285,0.24739583333333334,BBH,0.5,validation,discovery
2,0.6111058510815509,0.00967554405054405,0.9682412704989961,33532,528,0.015746152928545868,24493,328,0.013391581268117422,1152,296,0.2569444444444444,BBH,0.5,validation,discovery
3,0.08707574213862568,0.006267306267306264,0.9667558277839842,33532,554,0.016521531671239414,24493,316,0.012901645368064344,1152,285,0.24739583333333334,BBH,0.5,validation,discovery
4,0.4321288934081308,0.006187478062478059,0.9672905871613885,33532,546,0.016282953596564474,24493,353,0.014412281059894665,1152,318,0.2760416666666667,BBH,0.5,validation,discovery
5,0.3247276776050115,0.01213912776412776,0.9655674736119748,33532,575,0.017147799117261123,24493,377,0.015392152860000816,1152,323,0.2803819444444444,BBH,0.5,validation,discovery
6,0.7716573521223042,0.014519714519714521,0.9675282579957903,33532,542,0.016163664559227006,24493,333,0.01359572122647287,1152,310,0.2690972222222222,BBH,0.5,validation,discovery
7,0.4802258023846345,0.013996138996138989,0.9688948652936012,33532,519,0.015477752594536561,24493,314,0.012819989384722166,1152,286,0.2482638888888889,BBH,0.5,validation,discovery
8,0.4846089426936441,0.006314009227144819,0.9705585611344144,33532,489,0.014583084814505548,24493,303,0.01237088147634018,1152,279,0.2421875,BBH,0.5,validation,discovery
9,0.4200514947263357,0.00772443145324501,0.9687166121677997,33532,522,0.015567219372539664,24493,318,0.012983301351406525,1152,290,0.2517361111111111,BBH,0.5,validation,discovery
10,0.4664173468691838,0.013251360126360131,0.969251371545204,33532,511,0.015239174519861625,24493,307,0.012534193443024538,1152,287,0.24913194444444445,BBH,0.5,validation,discovery
11,0.4288158387819949,0.014359814359814363,0.9682412704989961,33532,529,0.015775975187880233,24493,341,0.013922345159841587,1152,295,0.2560763888888889,BBH,0.5,validation,discovery
12,0.3937840063899774,0.010713838838838833,0.9650327142345705,33532,582,0.017356554932601694,24493,330,0.0134732372514596,1152,299,0.2595486111111111,BBH,0.5,validation,discovery
13,0.4228675657518326,0.006877413127413119,0.9722222569752277,33532,463,0.013807706071812,24493,284,0.011595149634589474,1152,270,0.234375,BBH,0.5,validation,discovery
14,0.3505355869547365,0.00784804174634683,0.9732917757300361,33532,445,0.01327090540379339,24493,286,0.011676805617931654,1152,265,0.2300347222222222,BBH,0.5,validation,discovery
15,0.23951645820633657,0.0017017017017017051,0.9726975986440315,33532,454,0.013539305737802695,24493,280,0.011431837667905115,1152,266,0.2309027777777778,BBH,0.5,validation,discovery
16,0.5216785249081558,0.00868725868725869,0.969251371545204,33532,511,0.015239174519861625,24493,316,0.012901645368064344,1152,292,0.2534722222222222,BBH,0.5,validation,discovery
17,0.5095967649088454,0.011463452088452088,0.967350004869989,33532,544,0.01622330907789574,24493,330,0.0134732372514596,1152,299,0.2595486111111111,BBH,0.5,validation,discovery
18,0.3578703322189221,0.011551202176202181,0.9682412704989961,33532,529,0.015775975187880233,24493,332,0.01355489323480178,1152,306,0.265625,BBH,0.5,validation,discovery
19,0.5931540918238178,0.019356572481572475,0.9665181569495823,33532,559,0.01667064296791125,24493,384,0.015677948801698444,1152,343,0.2977430555555556,BBH,0.5,validation,discovery
20,0.40761845073519953,0.012132546507546508,0.9664587392409819,33532,559,0.01667064296791125,24493,343,0.014004001143183767,1152,299,0.2595486111111111,BBH,0.5,validation,discovery
21,0.4495270575920614,0.0096637572802827,0.967350004869989,33532,544,0.01622330907789574,24493,343,0.014004001143183767,1152,317,0.2751736111111111,BBH,0.5,validation,discovery
22,0.38054923149628656,0.005176976310450891,0.9706773965516154,33532,489,0.014583084814505548,24493,279,0.011391009676234026,1152,260,0.22569444444444445,BBH,0.5,validation,discovery
23,0.35514962103907644,0.005978904283989032,0.9711527382204193,33532,481,0.01434450673983061,24493,314,0.012819989384722166,1152,291,0.2526041666666667,BBH,0.5,validation,discovery
24,0.6642871191925296,0.014074342199342199,0.9709744850946177,33532,482,0.014374328999164977,24493,301,0.012289225492998,1152,276,0.23958333333333334,BBH,0.5,validation,discovery
25,0.3050739200780001,0.01278628466128467,0.9700238017570101,33532,499,0.014881307407849218,24493,317,0.012942473359735435,1152,289,0.2508680555555556,BBH,0.5,validation,discovery
26,0.3655739417940729,0.004152204152204153,0.9699049663398093,33532,501,0.014940951926517954,24493,281,0.011472665659576206,1152,266,0.2309027777777778,BBH,0.5,validation,discovery
27,0.5882891030597606,0.014958099333099339,0.9637255246453601,33532,605,0.01804246689729214,24493,368,0.01502470093496101,1152,308,0.2673611111111111,BBH,0.5,validation,discovery
28,0.3977132820946681,0.01381515444015444,0.9680035996645941,33532,533,0.0158952642252177,24493,330,0.0134732372514596,1152,308,0.2673611111111111,BBH,0.5,validation,discovery
29,0.3359207361463171,0.013995042120042125,0.9665775746581828,33532,558,0.016640820708576882,24493,350,0.014289797084881395,1152,327,0.2838541666666667,BBH,0.5,validation,discovery
30,0.3849149913472535,0.004568358805646936,0.9639631954797621,33532,600,0.017893355600620303,24493,351,0.014330625076552484,1152,318,0.2760416666666667,BBH,0.5,validation,discovery
31,0.4732642827684697,0.016289706914706905,0.9677065111215918,33532,539,0.016074197781223907,24493,327,0.013350753276446331,1152,298,0.2586805555555556,BBH,0.5,validation,discovery
32,0.4643582821051614,0.009163709163709163,0.9653892204861733,33532,576,0.01717762137659549,24493,349,0.014248969093210304,1152,321,0.2786458333333333,BBH,0.5,validation,discovery
33,0.36376278304239157,0.018992409617409618,0.9668152454925847,33532,553,0.016491709411905045,24493,348,0.014208141101539215,1152,312,0.2708333333333333,BBH,0.5,validation,discovery
34,0.4815483436714816,0.0030910526143577005,0.970736814260216,33532,487,0.014523440295836812,24493,279,0.011391009676234026,1152,266,0.2309027777777778,BBH,0.5,validation,discovery
35,0.36967467337124255,0.008291773916773916,0.9684195236247974,33532,526,0.015686508409877134,24493,330,0.0134732372514596,1152,292,0.2534722222222222,BBH,0.5,validation,discovery
36,0.4207258212430838,0.009827359138799816,0.9688948652936012,33532,517,0.015418108075867827,24493,304,0.012411709468011269,1152,278,0.24131944444444445,BBH,0.5,validation,discovery
37,0.22977825689273448,0.004044304044304043,0.9688354475850007,33532,519,0.015477752594536561,24493,333,0.01359572122647287,1152,310,0.2690972222222222,BBH,0.5,validation,discovery
38,0.37308557525655844,0.004867204867204864,0.969132536128003,33532,514,0.015328641297864726,24493,315,0.012860817376393255,1152,292,0.2534722222222222,BBH,0.5,validation,discovery
39,0.22342766448081533,0.005248552123552122,0.9674094225785894,33532,543,0.016193486818561375,24493,309,0.012615849426366716,1152,290,0.2517361111111111,BBH,0.5,validation,discovery
40,0.35151653162283636,0.006527108222023478,0.965329802777573,33532,578,0.017237265895264225,24493,351,0.014330625076552484,1152,309,0.2682291666666667,BBH,0.5,validation,discovery
41,0.18364574758389304,0.0030992030992030915,0.9729352694784332,33532,449,0.01339019444113086,24493,275,0.011227697709549667,1152,259,0.2248263888888889,BBH,0.5,validation,discovery
42,0.24681492044765332,0.008475598782802176,0.969132536128003,33532,515,0.015358463557199093,24493,307,0.012534193443024538,1152,289,0.2508680555555556,BBH,0.5,validation,discovery
43,0.40698245911641956,0.010512744887744872,0.971509244472022,33532,475,0.014165573183824406,24493,287,0.011717633609602743,1152,271,0.23524305555555555,BBH,0.5,validation,discovery
44,0.28943034746065727,0.007618734048818798,0.9710339028032182,33532,482,0.014374328999164977,24493,290,0.011840117584616013,1152,273,0.23697916666666666,BBH,0.5,validation,discovery
45,0.4332694226043633,0.008782686907686913,0.9721628392666272,33532,463,0.013807706071812,24493,282,0.011513493651247295,1152,267,0.23177083333333334,BBH,0.5,validation,discovery
46,0.3080103456014758,0.00668211340880832,0.9711527382204193,33532,479,0.014284862221161876,24493,296,0.012085085534642551,1152,281,0.2439236111111111,BBH,0.5,validation,discovery
47,0.4606556687617516,0.012733634608634616,0.9661616506979795,33532,563,0.01678993200524872,24493,346,0.014126485118197037,1152,307,0.2664930555555556,BBH,0.5,validation,discovery
48,0.38299678427413775,0.00870809933309933,0.9690137007108022,33532,517,0.015418108075867827,24493,329,0.013432409259788511,1152,297,0.2578125,BBH,0.5,validation,discovery
49,0.2973453803850136,0.011112451737451734,0.9667558277839842,33532,555,0.01655135393057378,24493,320,0.013064957334748703,1152,282,0.24479166666666666,BBH,0.5,validation,discovery
50,0.4480460523109558,0.006141409266409275,0.9721034215580266,33532,464,0.013837528331146367,24493,276,0.011268525701220757,1152,257,0.2230902777777778,BBH,0.5,validation,discovery
51,0.31311184890497346,0.010410451035451039,0.9709150673860173,33532,483,0.014404151258499344,24493,306,0.012493365451353449,1152,290,0.2517361111111111,BBH,0.5,validation,discovery
52,0.24098074309399578,0.01008298704273281,0.9705585611344144,33532,490,0.014612907073839915,24493,320,0.013064957334748703,1152,297,0.2578125,BBH,0.5,validation,discovery
53,0.12191507752016763,0.0027520621270621303,0.9623589173475493,33532,628,0.018728378861982583,24493,366,0.01494304495161883,1152,317,0.2751736111111111,BBH,0.5,validation,discovery
54,0.9462488844455439,0.014816155441155427,0.9658645621549771,33532,570,0.01699868782058929,24493,370,0.015106356918303188,1152,313,0.2717013888888889,BBH,0.5,validation,discovery
55,0.43239598514400057,0.012816997191997186,0.9668746632011852,33532,552,0.01646188715257068,24493,349,0.014248969093210304,1152,319,0.2769097222222222,BBH,0.5,validation,discovery
56,0.6241015236910918,0.022798569673569677,0.9670529163269865,33532,548,0.01634259811523321,24493,368,0.01502470093496101,1152,331,0.2873263888888889,BBH,0.5,validation,discovery
57,0.5486208169006119,0.012097446472446484,0.9687760298764002,33532,519,0.015477752594536561,24493,346,0.014126485118197037,1152,311,0.2699652777777778,BBH,0.5,validation,discovery
58,0.4934701197526907,0.013868325044172496,0.9670529163269865,33532,548,0.01634259811523321,24493,325,0.013269097293104153,1152,307,0.2664930555555556,BBH,0.5,validation,discovery
59,0.5218946107579744,0.011064333098231406,0.9675876757043907,33532,539,0.016074197781223907,24493,349,0.014248969093210304,1152,318,0.2760416666666667,BBH,0.5,validation,discovery
60,0.667462333145448,0.010669151294151288,0.965092131943171,33532,582,0.017356554932601694,24493,379,0.015473808843342996,1152,330,0.2864583333333333,BBH,0.5,validation,discovery
61,0.07230482776999063,0.004479926354926351,0.9750743069880503,33532,415,0.012376237623762377,24493,246,0.010043685951088066,1152,237,0.20572916666666666,BBH,0.5,validation,discovery
62,0.40071498881984574,0.009089812214812212,0.9691919538366035,33532,512,0.015268996779195992,24493,317,0.012942473359735435,1152,297,0.2578125,BBH,0.5,validation,discovery
63,0.301383032810867,0.004931573522675224,0.971390409054821,33532,476,0.014195395443158773,24493,285,0.011635977626260565,1152,262,0.22743055555555555,BBH,0.5,validation,discovery
64,0.5002329548136962,0.009436425061425058,0.968478941333398,33532,525,0.015656686150542765,24493,326,0.013309925284775242,1152,294,0.2552083333333333,BBH,0.5,validation,discovery
65,0.5917332923379759,0.011932915057915057,0.969132536128003,33532,515,0.015358463557199093,24493,302,0.012330053484669088,1152,281,0.2439236111111111,BBH,0.5,validation,discovery
66,0.278267047474421,0.009984863109863105,0.9671717517441875,33532,547,0.016312775855898843,24493,337,0.013759033193157228,1152,312,0.2708333333333333,BBH,0.5,validation,discovery
67,0.30528878854335706,0.006242452005163864,0.9718657507236248,33532,469,0.013986639627818204,24493,298,0.01216674151798473,1152,275,0.2387152777777778,BBH,0.5,validation,discovery
68,0.27087525604289636,0.009039355914355906,0.970736814260216,33532,487,0.014523440295836812,24493,286,0.011676805617931654,1152,265,0.2300347222222222,BBH,0.5,validation,discovery
69,0.30284248578071216,0.008613524238524236,0.9715686621806225,33532,472,0.014076106405821305,24493,281,0.011472665659576206,1152,265,0.2300347222222222,BBH,0.5,validation,discovery
70,0.3144372983635047,0.007716807716807729,0.9720440038494261,33532,466,0.013897172849815101,24493,290,0.011840117584616013,1152,271,0.23524305555555555,BBH,0.5,validation,discovery
71,0.44400119817060774,0.00977316602316602,0.9688354475850007,33532,520,0.015507574853870928,24493,328,0.013391581268117422,1152,303,0.2630208333333333,BBH,0.5,validation,discovery
72,0.17093646888975553,0.006410306410306408,0.9727570163526319,33532,453,0.013509483478468328,24493,269,0.010982729759523129,1152,262,0.22743055555555555,BBH,0.5,validation,discovery
73,0.26342274070901894,0.006444701359955597,0.9722222569752277,33532,461,0.013748061553143266,24493,268,0.01094190176785204,1152,252,0.21875,BBH,0.5,validation,discovery
74,0.44317189855493466,0.008344717295988478,0.9713309913462206,33532,477,0.01422521770249314,24493,288,0.011758461601273834,1152,273,0.23697916666666666,BBH,0.5,validation,discovery
75,0.17989008313172894,0.006654747279747275,0.9720440038494261,33532,463,0.013807706071812,24493,271,0.011064385742865309,1152,259,0.2248263888888889,BBH,0.5,validation,discovery
76,0.16825481541683418,0.0056039399789399764,0.9729352694784332,33532,450,0.013420016700465227,24493,273,0.011146041726207487,1152,252,0.21875,BBH,0.5,validation,discovery
77,0.2538550550170696,0.007792207792207792,0.9702020548828116,33532,497,0.014821662889180484,24493,303,0.01237088147634018,1152,284,0.2465277777777778,BBH,0.5,validation,discovery
78,0.27338851445271123,0.007165647790647786,0.9689542830022017,33532,517,0.015418108075867827,24493,307,0.012534193443024538,1152,282,0.24479166666666666,BBH,0.5,validation,discovery
79,0.3601934485252203,0.01009191009191009,0.9675876757043907,33532,539,0.016074197781223907,24493,339,0.013840689176499409,1152,302,0.2621527777777778,BBH,0.5,validation,discovery
80,0.4349247934285774,0.00903358715858715,0.9685977767505989,33532,523,0.015597041631874031,24493,313,0.012779161393051075,1152,281,0.2439236111111111,BBH,0.5,validation,discovery
81,0.49916359751536465,0.010104535528264345,0.9641414486055634,33532,598,0.01783371108195157,24493,358,0.014616421018250112,1152,320,0.2777777777777778,BBH,0.5,validation,discovery
82,0.2759439868965877,0.008443711568711564,0.9634284361023577,33532,609,0.018161755934629608,24493,375,0.015310496876658638,1152,326,0.2829861111111111,BBH,0.5,validation,discovery
83,0.5637949279073166,0.009431306306306309,0.9644385371485659,33532,593,0.017684599785279732,24493,343,0.014004001143183767,1152,300,0.2604166666666667,BBH,0.5,validation,discovery
84,0.2705004872560521,0.005565437768827601,0.9697267132140078,33532,504,0.015030418704521055,24493,304,0.012411709468011269,1152,285,0.24739583333333334,BBH,0.5,validation,discovery
85,0.34677138700623805,0.011152711152711155,0.9682412704989961,33532,530,0.015805797447214602,24493,318,0.012983301351406525,1152,304,0.2638888888888889,BBH,0.5,validation,discovery
86,0.36991615839140396,0.008786312176142678,0.9676470934129913,33532,540,0.016104020040558272,24493,347,0.014167313109868126,1152,320,0.2777777777777778,BBH,0.5,validation,discovery
87,0.2398649192529684,0.011962363392448137,0.9702614725914122,33532,495,0.01476201837051175,24493,293,0.011962601559629282,1152,270,0.234375,BBH,0.5,validation,discovery
88,0.27233905788925233,0.0036975693225693306,0.9718657507236248,33532,469,0.013986639627818204,24493,262,0.0106969338178255,1152,245,0.2126736111111111,BBH,0.5,validation,discovery
89,0.29124385519389895,0.005179337382727215,0.9691919538366035,33532,513,0.01529881903853036,24493,325,0.013269097293104153,1152,303,0.2630208333333333,BBH,0.5,validation,discovery
90,0.42887149149331527,0.009787425412425412,0.964082030896963,33532,599,0.017863533341285934,24493,379,0.015473808843342996,1152,327,0.2838541666666667,BBH,0.5,validation,discovery
91,0.6511264230023702,0.009310649935649937,0.9674688402871898,33532,543,0.016193486818561375,24493,334,0.013636549218143959,1152,306,0.265625,BBH,0.5,validation,discovery
92,0.9631588483308158,0.019570910195910198,0.965092131943171,33532,582,0.017356554932601694,24493,374,0.015269668884987547,1152,336,0.2916666666666667,BBH,0.5,validation,discovery
93,0.5472131318600557,0.008295673920673912,0.9703208903000126,33532,495,0.01476201837051175,24493,307,0.012534193443024538,1152,291,0.2526041666666667,BBH,0.5,validation,discovery
94,0.38967384867915256,0.003680019305019301,0.9647356256915681,33532,587,0.01750566622927353,24493,359,0.014657249009921202,1152,314,0.2725694444444444,BBH,0.5,validation,discovery
95,0.43253657994412315,0.007939802696158628,0.9693107892538045,33532,510,0.015209352260527258,24493,296,0.012085085534642551,1152,283,0.2456597222222222,BBH,0.5,validation,discovery
96,0.5339616343450241,0.01266668454168453,0.9706179788430149,33532,489,0.014583084814505548,24493,322,0.013146613318090883,1152,303,0.2630208333333333,BBH,0.5,validation,discovery
97,0.380028993112479,0.01099090161590162,0.9666369923667832,33532,556,0.016581176189908148,24493,320,0.013064957334748703,1152,290,0.2517361111111111,BBH,0.5,validation,discovery
98,0.16330027628311986,0.005474415643907171,0.9664587392409819,33532,558,0.016640820708576882,24493,319,0.013024129343077614,1152,285,0.24739583333333334,BBH,0.5,validation,discovery
99,0.3249810014189103,0.007884419748826518,0.9708556496774168,33532,485,0.014463795777168078,24493,287,0.011717633609602743,1152,273,0.23697916666666666,BBH,0.5,validation,discovery
100,0.2670125042753947,0.008422911547911542,0.9690137007108022,33532,515,0.015358463557199093,24493,321,0.013105785326419794,1152,301,0.2612847222222222,BBH,0.5,validation,discovery
101,0.37723569063749834,0.003662469287469294,0.9706179788430149,33532,488,0.014553262555171179,24493,292,0.011921773567958193,1152,279,0.2421875,BBH,0.5,validation,discovery
102,0.22813514050017142,0.005436239811239816,0.9741236236504427,33532,431,0.01285339377311225,24493,258,0.010533621851141142,1152,249,0.21614583333333334,BBH,0.5,validation,discovery
103,0.5182563982780432,0.0073699104949104905,0.975668484074055,33532,402,0.011988548252415602,24493,250,0.010206997917772425,1152,234,0.203125,BBH,0.5,validation,discovery
104,0.1564318231090349,0.003000768625768622,0.9659833975721781,33532,566,0.016879398783251818,24493,350,0.014289797084881395,1152,332,0.2881944444444444,BBH,0.5,validation,discovery
105,0.5412133300448411,0.0037107318357318293,0.9718063330150244,33532,470,0.014016461887152571,24493,299,0.01220756950965582,1152,285,0.24739583333333334,BBH,0.5,validation,discovery
106,0.242322900147348,0.003822613197613198,0.9712121559290195,33532,480,0.014314684480496243,24493,290,0.011840117584616013,1152,268,0.2326388888888889,BBH,0.5,validation,discovery
107,0.24663950615948757,0.008340930215930221,0.9681224350817951,33532,532,0.015865441965883336,24493,344,0.014044829134854856,1152,314,0.2725694444444444,BBH,0.5,validation,discovery
108,0.6622290235500299,0.011686285256200512,0.9646762079829676,33532,589,0.017565310747942264,24493,342,0.013963173151512676,1152,298,0.2586805555555556,BBH,0.5,validation,discovery
109,0.5178190834891201,0.008586711711711714,0.9702614725914122,33532,495,0.01476201837051175,24493,296,0.012085085534642551,1152,282,0.24479166666666666,BBH,0.5,validation,discovery
110,0.29650218905887576,0.008201906506991251,0.9680035996645941,33532,534,0.01592508648455207,24493,305,0.012452537459682358,1152,286,0.2482638888888889,BBH,0.5,validation,discovery
111,0.3353809281953704,0.006062192502870466,0.9740642059418424,33532,432,0.012883216032446618,24493,257,0.010492793859470053,1152,238,0.2065972222222222,BBH,0.5,validation,discovery
112,0.5897580923870469,0.018454940329940328,0.969132536128003,33532,514,0.015328641297864726,24493,318,0.012983301351406525,1152,291,0.2526041666666667,BBH,0.5,validation,discovery
113,0.6252121971416216,0.01455696768196767,0.9652109673603719,33532,581,0.017326732673267328,24493,391,0.015963744743396072,1152,334,0.2899305555555556,BBH,0.5,validation,discovery
114,0.20111625435443675,0.004222972972972973,0.9706773965516154,33532,489,0.014583084814505548,24493,300,0.01224839750132691,1152,281,0.2439236111111111,BBH,0.5,validation,discovery
115,0.6724407346093529,0.008085073710073717,0.9622400819303483,33532,629,0.01875820112131695,24493,380,0.015514636835014086,1152,328,0.2847222222222222,BBH,0.5,validation,discovery
116,0.5338458946005042,0.011611611611611613,0.9693702069624051,33532,510,0.015209352260527258,24493,328,0.013391581268117422,1152,306,0.265625,BBH,0.5,validation,discovery
117,0.3529108467848837,0.010033125658125657,0.9693107892538045,33532,512,0.015268996779195992,24493,308,0.012575021434695627,1152,286,0.2482638888888889,BBH,0.5,validation,discovery
118,0.5026274953946126,0.005424424121458021,0.9654486381947738,33532,576,0.01717762137659549,24493,357,0.014575593026579023,1152,314,0.2725694444444444,BBH,0.5,validation,discovery
119,0.20573409234065543,0.00309428746928746,0.974658383027847,33532,422,0.012584993439102946,24493,260,0.010615277834483322,1152,245,0.2126736111111111,BBH,0.5,validation,discovery
120,0.3280933941063686,0.009149043524043526,0.9660428152807785,33532,565,0.016849576523917453,24493,361,0.014738904993263382,1152,320,0.2777777777777778,BBH,0.5,validation,discovery
121,0.5245353051153436,0.011689501520009997,0.9641414486055634,33532,596,0.017774066563282835,24493,371,0.015147184909974278,1152,317,0.2751736111111111,BBH,0.5,validation,discovery
122,0.5700031376624269,0.016771235521235526,0.9660428152807785,33532,566,0.016879398783251818,24493,372,0.015188012901645368,1152,332,0.2881944444444444,BBH,0.5,validation,discovery
123,0.3738326676351933,0.005792528303121528,0.967112334035587,33532,547,0.016312775855898843,24493,346,0.014126485118197037,1152,312,0.2708333333333333,BBH,0.5,validation,discovery
124,0.533309465949195,0.013086828711828704,0.9669934986183861,33532,550,0.016402242633901946,24493,324,0.013228269301433063,1152,289,0.2508680555555556,BBH,0.5,validation,discovery
125,0.5340793883172499,0.00733992921492921,0.9672905871613885,33532,546,0.016282953596564474,24493,307,0.012534193443024538,1152,292,0.2534722222222222,BBH,0.5,validation,discovery
126,0.30488905343158634,0.008712821477651997,0.9646762079829676,33532,589,0.017565310747942264,24493,373,0.015228840893316458,1152,336,0.2916666666666667,BBH,0.5,validation,discovery
127,0.2002438985473919,0.005808163435282076,0.9710933205118187,33532,482,0.014374328999164977,24493,308,0.012575021434695627,1152,283,0.2456597222222222,BBH,0.5,validation,discovery
128,0.19639762981923325,0.006583206583206583,0.9698455486312088,33532,501,0.014940951926517954,24493,324,0.013228269301433063,1152,299,0.2595486111111111,BBH,0.5,validation,discovery
129,0.31982896818050516,0.013889742014742018,0.9665775746581828,33532,558,0.016640820708576882,24493,347,0.014167313109868126,1152,319,0.2769097222222222,BBH,0.5,validation,discovery
130,0.3274327245705843,0.01229707792207792,0.9702020548828116,33532,497,0.014821662889180484,24493,318,0.012983301351406525,1152,293,0.2543402777777778,BBH,0.5,validation,discovery
131,0.3517065779877482,0.008756361881361877,0.9722222569752277,33532,463,0.013807706071812,24493,298,0.01216674151798473,1152,281,0.2439236111111111,BBH,0.5,validation,discovery
132,0.6392875261244071,0.010579776204776204,0.9690137007108022,33532,517,0.015418108075867827,24493,299,0.01220756950965582,1152,280,0.24305555555555555,BBH,0.5,validation,discovery
133,0.3008264982088419,0.012564715689715691,0.9684195236247974,33532,526,0.015686508409877134,24493,334,0.013636549218143959,1152,312,0.2708333333333333,BBH,0.5,validation,discovery
134,0.1721345096083214,0.005847365222365216,0.9677065111215918,33532,538,0.016044375521889538,24493,342,0.013963173151512676,1152,317,0.2751736111111111,BBH,0.5,validation,discovery
135,0.22936590085001232,0.008877180752180762,0.9715686621806225,33532,472,0.014076106405821305,24493,288,0.011758461601273834,1152,276,0.23958333333333334,BBH,0.5,validation,discovery
136,0.19428275622952332,0.005083555931013558,0.9705585611344144,33532,491,0.014642729333174282,24493,321,0.013105785326419794,1152,288,0.25,BBH,0.5,validation,discovery
137,0.26504900308175305,0.002679018304018311,0.9699049663398093,33532,502,0.01497077418585232,24493,289,0.011799289592944923,1152,273,0.23697916666666666,BBH,0.5,validation,discovery
138,0.11300065370275456,0.006998069498069505,0.9652703850689724,33532,578,0.017237265895264225,24493,355,0.014493937043236843,1152,317,0.2751736111111111,BBH,0.5,validation,discovery
139,0.21827804247780863,0.008083976833976835,0.9663399038237809,33532,560,0.016700465227245616,24493,327,0.013350753276446331,1152,296,0.2569444444444444,BBH,0.5,validation,discovery
140,0.27465833748900115,0.002949946011386692,0.9716280798892228,33532,472,0.014076106405821305,24493,273,0.011146041726207487,1152,250,0.2170138888888889,BBH,0.5,validation,discovery
141,0.2430209222310055,0.011110257985257992,0.9680630173731946,33532,532,0.015865441965883336,24493,328,0.013391581268117422,1152,307,0.2664930555555556,BBH,0.5,validation,discovery
142,0.26991715610344985,0.009725107977226618,0.9616459048443435,33532,639,0.019056423714660622,24493,358,0.014616421018250112,1152,307,0.2664930555555556,BBH,0.5,validation,discovery
143,0.5218296351091596,0.005827702702702699,0.9763814965772607,33532,393,0.011720147918406299,24493,253,0.010329481892785694,1152,240,0.20833333333333334,BBH,0.5,validation,discovery
144,0.4408740377710144,0.007062785187785197,0.9683601059161969,33532,526,0.015686508409877134,24493,320,0.013064957334748703,1152,297,0.2578125,BBH,0.5,validation,discovery
145,0.26274600414508326,0.004010707135707122,0.9656863090291757,33532,571,0.017028510079923655,24493,349,0.014248969093210304,1152,316,0.2743055555555556,BBH,0.5,validation,discovery
146,0.3243506278028301,0.01285429097929099,0.9718063330150244,33532,470,0.014016461887152571,24493,297,0.01212591352631364,1152,276,0.23958333333333334,BBH,0.5,validation,discovery
147,0.3976580636143593,0.009243618618618622,0.9703208903000126,33532,494,0.014732196111177383,24493,316,0.012901645368064344,1152,279,0.2421875,BBH,0.5,validation,discovery
148,0.5893743110407309,0.012277278378973293,0.9661616506979795,33532,564,0.016819754264583084,24493,376,0.015351324868329727,1152,332,0.2881944444444444,BBH,0.5,validation,discovery
149,0.40750213835896504,0.010858050847457628,0.9666369923667832,33532,557,0.016610998449242513,24493,335,0.01367737720981505,1152,308,0.2673611111111111,BBH,0.5,validation,discovery
150,0.3967937709483926,0.010726351351351356,0.967112334035587,33532,547,0.016312775855898843,24493,341,0.013922345159841587,1152,308,0.2673611111111111,BBH,0.5,validation,discovery
151,0.3493980302125734,0.0031823591145625036,0.9735888642730386,33532,440,0.013121794107121556,24493,276,0.011268525701220757,1152,254,0.2204861111111111,BBH,0.5,validation,discovery
152,0.5388788545504773,0.008538994502977553,0.9688948652936012,33532,519,0.015477752594536561,24493,330,0.0134732372514596,1152,305,0.2647569444444444,BBH,0.5,validation,discovery
153,0.39303556537691253,0.009688297559060267,0.9663399038237809,33532,562,0.01676010974591435,24493,350,0.014289797084881395,1152,307,0.2664930555555556,BBH,0.5,validation,discovery
154,0.6285788722641111,0.006714303589303607,0.9697861309226083,33532,503,0.015000596445186688,24493,311,0.012697505409708897,1152,289,0.2508680555555556,BBH,0.5,validation,discovery
155,0.2596978151139209,0.007842664092664098,0.9687166121677997,33532,520,0.015507574853870928,24493,307,0.012534193443024538,1152,284,0.2465277777777778,BBH,0.5,validation,discovery
156,0.14445742100010944,0.00584289646789647,0.9674688402871898,33532,542,0.016163664559227006,24493,329,0.013432409259788511,1152,292,0.2534722222222222,BBH,0.5,validation,discovery
157,0.9099708390312938,0.008653515803939537,0.9696078777968068,33532,506,0.015090063223189789,24493,331,0.01351406524313069,1152,302,0.2621527777777778,BBH,0.5,validation,discovery
158,0.3606111548898989,0.005427302302302287,0.9739453705246414,33532,433,0.012913038291780985,24493,259,0.010574449842812233,1152,253,0.21961805555555555,BBH,0.5,validation,discovery
159,0.4264255799927563,0.009264624518861809,0.9731729403128353,33532,447,0.013330549922462126,24493,280,0.011431837667905115,1152,265,0.2300347222222222,BBH,0.5,validation,discovery
160,0.5619387863511891,0.007724607724607718,0.968478941333398,33532,525,0.015656686150542765,24493,325,0.013269097293104153,1152,294,0.2552083333333333,BBH,0.5,validation,discovery
161,0.3475757953416333,0.0022190361173411947,0.9680630173731946,33532,533,0.0158952642252177,24493,333,0.01359572122647287,1152,304,0.2638888888888889,BBH,0.5,validation,discovery
162,0.33876474702566833,0.007299710424710421,0.9700832194656106,33532,499,0.014881307407849218,24493,317,0.012942473359735435,1152,299,0.2595486111111111,BBH,0.5,validation,discovery
163,0.33951245235492644,0.005220033345033345,0.9674094225785894,33532,543,0.016193486818561375,24493,343,0.014004001143183767,1152,313,0.2717013888888889,BBH,0.5,validation,discovery
164,0.4525445543681044,0.011583011583011577,0.9669340809097857,33532,550,0.016402242633901946,24493,330,0.0134732372514596,1152,303,0.2630208333333333,BBH,0.5,validation,discovery
165,0.4413463081602136,0.006776184477455661,0.9701426371742111,33532,497,0.014821662889180484,24493,295,0.01204425754297146,1152,279,0.2421875,BBH,0.5,validation,discovery
166,0.41034348822344724,0.006829355081473733,0.9715686621806225,33532,472,0.014076106405821305,24493,296,0.012085085534642551,1152,285,0.24739583333333334,BBH,0.5,validation,discovery
167,0.4763102308999574,0.005757990132990124,0.9679441819559936,33532,534,0.01592508648455207,24493,308,0.012575021434695627,1152,288,0.25,BBH,0.5,validation,discovery
168,0.6082875769796625,0.010137410137410128,0.9629530944335539,33532,618,0.018430156268638913,24493,361,0.014738904993263382,1152,326,0.2829861111111111,BBH,0.5,validation,discovery
169,0.4454387518708019,0.007407204282204276,0.9688354475850007,33532,520,0.015507574853870928,24493,345,0.014085657126525946,1152,319,0.2769097222222222,BBH,0.5,validation,discovery
170,0.5134586760023447,0.006636100386100392,0.9711527382204193,33532,480,0.014314684480496243,24493,309,0.012615849426366716,1152,285,0.24739583333333334,BBH,0.5,validation,discovery
171,0.6129249446381883,0.007963320463320465,0.9647950434001686,33532,587,0.01750566622927353,24493,368,0.01502470093496101,1152,337,0.2925347222222222,BBH,0.5,validation,discovery
172,0.3694317622838581,0.012546028171028173,0.9709744850946177,33532,484,0.014433973517833711,24493,280,0.011431837667905115,1152,255,0.22135416666666666,BBH,0.5,validation,discovery
173,0.25481119808324687,0.007129897754897752,0.9689542830022017,33532,517,0.015418108075867827,24493,314,0.012819989384722166,1152,292,0.2534722222222222,BBH,0.5,validation,discovery
174,0.2137971170911454,0.0027323183573183534,0.969489042379606,33532,509,0.01517953000119289,24493,300,0.01224839750132691,1152,271,0.23524305555555555,BBH,0.5,validation,discovery
175,0.374105077347601,0.005467937671327501,0.9733511934386366,33532,443,0.013211260885124657,24493,290,0.011840117584616013,1152,272,0.2361111111111111,BBH,0.5,validation,discovery
176,0.4431110885916103,0.004912908037908025,0.9702614725914122,33532,495,0.01476201837051175,24493,290,0.011840117584616013,1152,273,0.23697916666666666,BBH,0.5,validation,discovery
177,0.3261598041074364,0.009127431002430998,0.9660428152807785,33532,566,0.016879398783251818,24493,344,0.014044829134854856,1152,306,0.265625,BBH,0.5,validation,discovery
178,0.4336869070108102,0.010226744601744605,0.9689542830022017,33532,516,0.01538828581653346,24493,299,0.01220756950965582,1152,278,0.24131944444444445,BBH,0.5,validation,discovery
179,0.20975497960423248,0.009169884169884176,0.9697267132140078,33532,503,0.015000596445186688,24493,297,0.01212591352631364,1152,271,0.23524305555555555,BBH,0.5,validation,discovery
180,0.3773128774558928,0.010825557700557709,0.9633096006851567,33532,610,0.018191578193963973,24493,377,0.015392152860000816,1152,326,0.2829861111111111,BBH,0.5,validation,discovery
181,0.5096705480967141,0.0035798131666775674,0.9717469153064239,33532,469,0.013986639627818204,24493,311,0.012697505409708897,1152,284,0.2465277777777778,BBH,0.5,validation,discovery
182,0.5190849366439152,0.0065355534105534015,0.9671717517441875,33532,548,0.01634259811523321,24493,343,0.014004001143183767,1152,305,0.2647569444444444,BBH,0.5,validation,discovery
183,0.4921215903278906,0.013802884300765653,0.9701426371742111,33532,497,0.014821662889180484,24493,338,0.013799861184828318,1152,278,0.24131944444444445,BBH,0.5,validation,discovery
184,0.5039707607010928,0.008421408421408424,0.969251371545204,33532,512,0.015268996779195992,24493,327,0.013350753276446331,1152,301,0.2612847222222222,BBH,0.5,validation,discovery
185,0.259823334266745,0.004935663569138147,0.9708556496774168,33532,486,0.014493618036502445,24493,295,0.01204425754297146,1152,269,0.23350694444444445,BBH,0.5,validation,discovery
186,0.2701839571917845,0.005332208722039223,0.9693107892538045,33532,511,0.015239174519861625,24493,315,0.012860817376393255,1152,288,0.25,BBH,0.5,validation,discovery
187,0.3159978803399906,0.009149774774774775,0.9691172192131016,33531,515,0.015358921594941994,24492,305,0.012453045892536338,1151,277,0.24066029539530842,BBH,0.5,validation,discovery
188,0.40612454443461665,0.004002500877500882,0.9683601059161969,33532,528,0.015746152928545868,24493,328,0.013391581268117422,1152,287,0.24913194444444445,BBH,0.5,validation,discovery
189,0.4266941796023279,0.009490097625690846,0.9719251684322253,33532,467,0.01392699510914947,24493,304,0.012411709468011269,1152,286,0.2482638888888889,BBH,0.5,validation,discovery
190,0.3567888200442665,0.00625109687609688,0.9697861309226083,33532,502,0.01497077418585232,24493,301,0.012289225492998,1152,270,0.234375,BBH,0.5,validation,discovery
191,0.4458615367550929,0.012816997191997196,0.9700832194656106,33532,498,0.01485148514851485,24493,304,0.012411709468011269,1152,282,0.24479166666666666,BBH,0.5,validation,discovery
192,0.37455280160132615,0.008807915057915061,0.9696672955054073,33532,505,0.015060240963855422,24493,290,0.011840117584616013,1152,270,0.234375,BBH,0.5,validation,discovery
193,0.46521958692509036,0.010574982449982454,0.9682412704989961,33532,530,0.015805797447214602,24493,344,0.014044829134854856,1152,295,0.2560763888888889,BBH,0.5,validation,discovery
194,0.2492264923550656,0.002292471042471045,0.9710933205118187,33532,482,0.014374328999164977,24493,281,0.011472665659576206,1152,256,0.2222222222222222,BBH,0.5,validation,discovery
195,0.2706694117650243,0.007134063542961855,0.9711527382204193,33532,480,0.014314684480496243,24493,301,0.012289225492998,1152,274,0.2378472222222222,BBH,0.5,validation,discovery
196,0.29115886021816195,0.009353861896234779,0.968478941333398,33532,524,0.015626863891208397,24493,306,0.012493365451353449,1152,289,0.2508680555555556,BBH,0.5,validation,discovery
197,0.32826225212070315,0.008479949104949112,0.9739453705246414,33532,434,0.012942860551115352,24493,262,0.0106969338178255,1152,249,0.21614583333333334,BBH,0.5,validation,discovery
198,0.4151782053185604,0.016052781677781673,0.9693107892538045,33532,511,0.015239174519861625,24493,316,0.012901645368064344,1152,293,0.2543402777777778,BBH,0.5,validation,discovery
199,0.1847600096089701,0.004456607581607588,0.9704397257172135,33532,493,0.014702373851843016,24493,297,0.01212591352631364,1152,286,0.2482638888888889,BBH,0.5,validation,discovery
200,0.3692229249556751,0.008659836784836783,0.9701426371742111,33532,497,0.014821662889180484,24493,326,0.013309925284775242,1152,294,0.2552083333333333,BBH,0.5,validation,discovery
201,0.33074718139622433,0.00639369076869078,0.966102232989379,33532,564,0.016819754264583084,24493,315,0.012860817376393255,1152,292,0.2534722222222222,BBH,0.5,validation,discovery
202,0.30111975853181944,0.007774007774007767,0.9680630173731946,33532,532,0.015865441965883336,24493,328,0.013391581268117422,1152,300,0.2604166666666667,BBH,0.5,validation,discovery
203,0.25879000960597875,0.006430575551338257,0.9690731184194027,33532,515,0.015358463557199093,24493,340,0.013881517168170498,1152,317,0.2751736111111111,BBH,0.5,validation,discovery
204,0.3959305055166471,0.009857625482625467,0.9609923100497384,33532,651,0.01941429082667303,24493,414,0.016902788551831135,1152,356,0.3090277777777778,BBH,0.5,validation,discovery
205,0.44503865469205045,0.009945213070213071,0.9701426371742111,33532,498,0.01485148514851485,24493,309,0.012615849426366716,1152,279,0.2421875,BBH,0.5,validation,discovery
206,0.5513420818806579,0.015562437437437439,0.9704397257172135,33532,493,0.014702373851843016,24493,335,0.01367737720981505,1152,305,0.2647569444444444,BBH,0.5,validation,discovery
207,0.6186101256774466,0.005791505791505791,0.9654486381947738,33532,577,0.017207443635929857,24493,376,0.015351324868329727,1152,334,0.2899305555555556,BBH,0.5,validation,discovery
208,0.5749570170657257,0.008012855470482588,0.9720440038494261,33532,466,0.013897172849815101,24493,274,0.011186869717878578,1152,258,0.22395833333333334,BBH,0.5,validation,discovery
209,0.412260379650508,0.013229422604422602,0.9661616506979795,33532,563,0.01678993200524872,24493,363,0.01482056097660556,1152,309,0.2682291666666667,BBH,0.5,validation,discovery
210,0.25430466629195647,0.006969022594022599,0.9704991434258139,33532,491,0.014642729333174282,24493,275,0.011227697709549667,1152,261,0.2265625,BBH,0.5,validation,discovery
211,0.5187592684571929,0.006274131274131274,0.9710339028032182,33532,482,0.014374328999164977,24493,302,0.012330053484669088,1152,282,0.24479166666666666,BBH,0.5,validation,discovery
212,0.3143906998184389,0.006022946647946648,0.9677065111215918,33532,539,0.016074197781223907,24493,325,0.013269097293104153,1152,303,0.2630208333333333,BBH,0.5,validation,discovery
213,0.1549189908625316,0.008148773773773783,0.969489042379606,33532,508,0.015149707741858523,24493,296,0.012085085534642551,1152,283,0.2456597222222222,BBH,0.5,validation,discovery
214,0.20304690723087146,0.0061699280449280455,0.9714498267634215,33532,476,0.014195395443158773,24493,303,0.01237088147634018,1152,282,0.24479166666666666,BBH,0.5,validation,discovery
215,0.12822449883103712,0.00723938223938224,0.967112334035587,33532,548,0.01634259811523321,24493,323,0.013187441309761972,1152,300,0.2604166666666667,BBH,0.5,validation,discovery
216,0.22391528924564477,0.0069888668935279095,0.9694296246710055,33532,508,0.015149707741858523,24493,320,0.013064957334748703,1152,296,0.2569444444444444,BBH,0.5,validation,discovery
217,0.5411353009460188,0.013690110565110568,0.9698455486312088,33532,503,0.015000596445186688,24493,308,0.012575021434695627,1152,289,0.2508680555555556,BBH,0.5,validation,discovery
218,0.38242953393132795,0.005244462077089197,0.9697861309226083,33532,503,0.015000596445186688,24493,311,0.012697505409708897,1152,281,0.2439236111111111,BBH,0.5,validation,discovery
219,0.25464300297309095,0.010039706914706912,0.9684195236247974,33532,526,0.015686508409877134,24493,297,0.01212591352631364,1152,276,0.23958333333333334,BBH,0.5,validation,discovery
220,0.4856793521961293,0.009296024921024923,0.9700238017570101,33532,498,0.01485148514851485,24493,279,0.011391009676234026,1152,271,0.23524305555555555,BBH,0.5,validation,discovery
221,0.20211098547311557,0.010928339053339054,0.9695484600882064,33532,506,0.015090063223189789,24493,312,0.012738333401379986,1152,293,0.2543402777777778,BBH,0.5,validation,discovery
222,0.4223631751856735,0.0049175744090998365,0.9687760298764002,33532,518,0.015447930335202194,24493,304,0.012411709468011269,1152,285,0.24739583333333334,BBH,0.5,validation,discovery
223,0.19362593453191743,0.004907504907504907,0.9730541048956343,33532,447,0.013330549922462126,24493,253,0.010329481892785694,1152,241,0.2092013888888889,BBH,0.5,validation,discovery
224,0.5472972736856134,0.01245813279711585,0.9656268913205752,33532,574,0.017117976857926757,24493,350,0.014289797084881395,1152,320,0.2777777777777778,BBH,0.5,validation,discovery
225,0.42014728448206556,0.007655544466985145,0.9682412704989961,33532,529,0.015775975187880233,24493,329,0.013432409259788511,1152,304,0.2638888888888889,BBH,0.5,validation,discovery
226,0.662228270371442,0.01799858410027902,0.9608734746325374,33532,652,0.019444113086007395,24493,422,0.017229412485199852,1152,352,0.3055555555555556,BBH,0.5,validation,discovery
227,0.2722488223560884,0.01172471172471173,0.9686571944591994,33532,521,0.015537397113205297,24493,341,0.013922345159841587,1152,296,0.2569444444444444,BBH,0.5,validation,discovery
228,0.5034004992738084,0.0034606440856440805,0.9680630173731946,33532,531,0.015835619706548967,24493,317,0.012942473359735435,1152,304,0.2638888888888889,BBH,0.5,validation,discovery
229,0.23999768083005282,0.0044005044005043965,0.9744207121934452,33532,426,0.012704282476440416,24493,259,0.010574449842812233,1152,245,0.2126736111111111,BBH,0.5,validation,discovery
230,0.1488610308023114,0.00399086283620182,0.9644979548571664,33532,593,0.017684599785279732,24493,359,0.014657249009921202,1152,324,0.28125,BBH,0.5,validation,discovery
231,0.38717879407271555,0.007818085943085938,0.9776292684578707,33532,371,0.011064058213050221,24493,223,0.009104642142653004,1152,211,0.1831597222222222,BBH,0.5,validation,discovery
232,0.5465314543192737,0.006144272298933305,0.9693107892538045,33532,511,0.015239174519861625,24493,310,0.012656677418037807,1152,271,0.23524305555555555,BBH,0.5,validation,discovery
233,0.24287483843267108,0.010353210353210351,0.9677659288301923,33532,537,0.016014553262555173,24493,334,0.013636549218143959,1152,305,0.2647569444444444,BBH,0.5,validation,discovery
234,0.2717295732718228,0.004281107406107402,0.9729352694784332,33532,449,0.01339019444113086,24493,302,0.012330053484669088,1152,292,0.2534722222222222,BBH,0.5,validation,discovery
235,0.5927938740068692,0.00935495877233165,0.9689542830022017,33532,516,0.01538828581653346,24493,319,0.013024129343077614,1152,288,0.25,BBH,0.5,validation,discovery
236,0.4883541220578866,0.010713838838838844,0.9666369923667832,33532,556,0.016581176189908148,24493,327,0.013350753276446331,1152,299,0.2595486111111111,BBH,0.5,validation,discovery
237,0.23922813377318985,0.013387372762372772,0.9657457267377763,33532,570,0.01699868782058929,24493,348,0.014208141101539215,1152,315,0.2734375,BBH,0.5,validation,discovery
238,0.3908147172120461,0.0038989882739882795,0.9722816746838282,33532,461,0.013748061553143266,24493,285,0.011635977626260565,1152,270,0.234375,BBH,0.5,validation,discovery
239,0.45781882891848863,0.014927760690472556,0.9645573725657667,33532,591,0.017624955266611,24493,365,0.01490221695994774,1152,316,0.2743055555555556,BBH,0.5,validation,discovery
240,0.5447054130938218,0.010485856619331197,0.9678253465387928,33532,535,0.015954908743886435,24493,324,0.013228269301433063,1152,294,0.2552083333333333,BBH,0.5,validation,discovery
241,0.4280851759245291,0.010708764151560761,0.9718657507236248,33532,468,0.013956817368483837,24493,270,0.01102355775119422,1152,259,0.2248263888888889,BBH,0.5,validation,discovery
242,0.291829818903027,0.008565505440505437,0.9680035996645941,33532,534,0.01592508648455207,24493,324,0.013228269301433063,1152,285,0.24739583333333334,BBH,0.5,validation,discovery
243,0.32412450113918156,0.005614705614705609,0.9708556496774168,33532,486,0.014493618036502445,24493,308,0.012575021434695627,1152,290,0.2517361111111111,BBH,0.5,validation,discovery
244,0.2508542685249466,0.0050072393822393835,0.9702020548828116,33532,496,0.014791840629846117,24493,309,0.012615849426366716,1152,282,0.24479166666666666,BBH,0.5,validation,discovery
245,0.6349889559856575,0.01329776356259407,0.9700238017570101,33532,499,0.014881307407849218,24493,315,0.012860817376393255,1152,288,0.25,BBH,0.5,validation,discovery
246,0.5248395811505485,0.01161470944309927,0.9613488163013412,33532,645,0.019235357270666827,24493,390,0.015922916751724983,1152,331,0.2873263888888889,BBH,0.5,validation,discovery
247,0.3979034289256056,0.007326295726719454,0.9668152454925847,33532,553,0.016491709411905045,24493,325,0.013269097293104153,1152,298,0.2586805555555556,BBH,0.5,validation,discovery
248,0.3751489400262189,0.010114230453213503,0.9707962319688163,33532,486,0.014493618036502445,24493,309,0.012615849426366716,1152,274,0.2378472222222222,BBH,0.5,validation,discovery
249,0.7513107944447015,0.008148395065767939,0.9690137007108022,33532,516,0.01538828581653346,24493,310,0.012656677418037807,1152,288,0.25,BBH,0.5,validation,discovery
250,0.4772696345701588,0.01028483840983841,0.9709744850946177,33532,483,0.014404151258499344,24493,299,0.01220756950965582,1152,277,0.2404513888888889,BBH,0.5,validation,discovery
251,0.6504776073865077,0.011170939401871608,0.9675282579957903,33532,541,0.01613384229989264,24493,328,0.013391581268117422,1152,293,0.2543402777777778,BBH,0.5,validation,discovery
252,0.5844117769959869,0.005682305682305683,0.9709744850946177,33532,484,0.014433973517833711,24493,296,0.012085085534642551,1152,269,0.23350694444444445,BBH,0.5,validation,discovery
253,0.34757728659998127,0.006539226878209929,0.969251371545204,33532,513,0.01529881903853036,24493,317,0.012942473359735435,1152,288,0.25,BBH,0.5,validation,discovery
254,0.17005293632153945,0.006899834018478085,0.9676470934129913,33532,538,0.016044375521889538,24493,348,0.014208141101539215,1152,316,0.2743055555555556,BBH,0.5,validation,discovery
255,0.23872776993289524,0.004958158824684247,0.9733511934386366,33532,443,0.013211260885124657,24493,243,0.009921201976074797,1152,235,0.20399305555555555,BBH,0.5,validation,discovery
256,0.26960899841893937,0.007254227593210644,0.9702614725914122,33532,495,0.01476201837051175,24493,298,0.01216674151798473,1152,272,0.2361111111111111,BBH,0.5,validation,discovery
257,0.09425469862913158,0.004222972972972974,0.9699643840484097,33532,500,0.014911129667183587,24493,315,0.012860817376393255,1152,297,0.2578125,BBH,0.5,validation,discovery
258,0.4514139562172673,0.004348741901708003,0.9675282579957903,33532,541,0.01613384229989264,24493,324,0.013228269301433063,1152,301,0.2612847222222222,BBH,0.5,validation,discovery
259,0.33372309325860006,0.014862206334663966,0.9693107892538045,33532,510,0.015209352260527258,24493,323,0.013187441309761972,1152,298,0.2586805555555556,BBH,0.5,validation,discovery
260,0.35417759314884895,0.006237097762521488,0.9684195236247974,33532,527,0.0157163306692115,24493,295,0.01204425754297146,1152,275,0.2387152777777778,BBH,0.5,validation,discovery
261,0.4456201348390626,0.010723358180985295,0.9671717517441875,33532,548,0.01634259811523321,24493,381,0.015555464826685175,1152,341,0.2960069444444444,BBH,0.5,validation,discovery
262,0.22722951010276313,0.005010205010205006,0.9751337246966508,33532,412,0.012286770845759274,24493,259,0.010574449842812233,1152,250,0.2170138888888889,BBH,0.5,validation,discovery
263,0.32784075978278,0.008078957231499605,0.9631313475593555,33532,615,0.01834068949063581,24493,387,0.015800432776711712,1152,338,0.2934027777777778,BBH,0.5,validation,discovery
264,0.2525899786584251,0.007475007475007474,0.9694296246710055,33532,510,0.015209352260527258,24493,301,0.012289225492998,1152,274,0.2378472222222222,BBH,0.5,validation,discovery
265,0.5078296123453981,0.0043589670178653195,0.970736814260216,33532,488,0.014553262555171179,24493,289,0.011799289592944923,1152,276,0.23958333333333334,BBH,0.5,validation,discovery
266,0.5288285155808767,0.012718111023195769,0.9688354475850007,33532,519,0.015477752594536561,24493,334,0.013636549218143959,1152,302,0.2621527777777778,BBH,0.5,validation,discovery
267,0.19906051204569541,0.007393107393107397,0.968478941333398,33532,525,0.015656686150542765,24493,315,0.012860817376393255,1152,288,0.25,BBH,0.5,validation,discovery
268,0.12316833828052325,0.0038453632203632277,0.9704991434258139,33532,491,0.014642729333174282,24493,301,0.012289225492998,1152,282,0.24479166666666666,BBH,0.5,validation,discovery
269,0.2622905069991353,0.007816533240262047,0.9728758517698328,33532,452,0.013479661219133961,24493,281,0.011472665659576206,1152,266,0.2309027777777778,BBH,0.5,validation,discovery
270,0.4367766133138306,0.010107713232713228,0.969251371545204,33532,512,0.015268996779195992,24493,304,0.012411709468011269,1152,281,0.2439236111111111,BBH,0.5,validation,discovery
271,0.502693989181052,0.01365867298070688,0.9668746632011852,33532,551,0.01643206489323631,24493,357,0.014575593026579023,1152,313,0.2717013888888889,BBH,0.5,validation,discovery
272,0.36776588159330803,0.005556896181896174,0.9713309913462206,33532,477,0.01422521770249314,24493,264,0.01077858980116768,1152,248,0.2152777777777778,BBH,0.5,validation,discovery
273,0.3183760672241519,0.008246723500960788,0.9722222569752277,33532,462,0.013777883812477633,24493,300,0.01224839750132691,1152,276,0.23958333333333334,BBH,0.5,validation,discovery
274,0.383460733704798,0.008687258687258687,0.9706773965516154,33532,487,0.014523440295836812,24493,282,0.011513493651247295,1152,269,0.23350694444444445,BBH,0.5,validation,discovery
275,0.37569775151369433,0.012067871442871452,0.970736814260216,33532,486,0.014493618036502445,24493,318,0.012983301351406525,1152,289,0.2508680555555556,BBH,0.5,validation,discovery
276,0.2872692770004174,0.006064175555700985,0.9709744850946177,33532,482,0.014374328999164977,24493,304,0.012411709468011269,1152,288,0.25,BBH,0.5,validation,discovery
277,0.5956876130003107,0.008671493417256126,0.9728164340612324,33532,452,0.013479661219133961,24493,263,0.010737761809496591,1152,252,0.21875,BBH,0.5,validation,discovery
278,0.39499736184536066,0.006877413127413139,0.9686571944591994,33532,522,0.015567219372539664,24493,326,0.013309925284775242,1152,302,0.2621527777777778,BBH,0.5,validation,discovery
279,0.17922066146876442,0.004680370305370307,0.9720440038494261,33532,465,0.013867350590480734,24493,270,0.01102355775119422,1152,258,0.22395833333333334,BBH,0.5,validation,discovery
280,0.5244249345848778,0.012018715143715154,0.9687760298764002,33532,521,0.015537397113205297,24493,316,0.012901645368064344,1152,288,0.25,BBH,0.5,validation,discovery
281,0.40757182797651337,0.005811615186615193,0.9732323580214357,33532,445,0.01327090540379339,24493,250,0.010206997917772425,1152,244,0.21180555555555555,BBH,0.5,validation,discovery
282,0.5508282802855275,0.015678625053625043,0.9719251684322253,33532,467,0.01392699510914947,24493,305,0.012452537459682358,1152,286,0.2482638888888889,BBH,0.5,validation,discovery
283,0.39679314075899524,0.00417124145937706,0.9698455486312088,33532,502,0.01497077418585232,24493,300,0.01224839750132691,1152,285,0.24739583333333334,BBH,0.5,validation,discovery
284,0.2539887119217713,0.009046993421993416,0.9615270694271427,33532,640,0.01908624597399499,24493,387,0.015800432776711712,1152,346,0.3003472222222222,BBH,0.5,validation,discovery
285,0.3937090636059357,0.0036361256700239777,0.969251371545204,33532,513,0.01529881903853036,24493,309,0.012615849426366716,1152,284,0.2465277777777778,BBH,0.5,validation,discovery
286,0.3985866569885083,0.00991734016098423,0.9631907652679559,33532,614,0.018310867231301445,24493,367,0.014983872943289919,1152,318,0.2760416666666667,BBH,0.5,validation,discovery
287,0.18881717141967236,0.006685459810459805,0.9693702069624051,33532,510,0.015209352260527258,24493,306,0.012493365451353449,1152,275,0.2387152777777778,BBH,0.5,validation,discovery
288,0.33488814471868134,0.0014918444473529181,0.974539547610646,33532,422,0.012584993439102946,24493,249,0.010166169926101335,1152,233,0.20225694444444445,BBH,0.5,validation,discovery
289,0.559996867451492,0.01176501176501176,0.9687760298764002,33532,518,0.015447930335202194,24493,320,0.013064957334748703,1152,291,0.2526041666666667,BBH,0.5,validation,discovery
290,0.25815747825103014,0.005244164619164628,0.9716280798892228,33532,473,0.014105928665155672,24493,284,0.011595149634589474,1152,269,0.23350694444444445,BBH,0.5,validation,discovery
291,0.5547356536132495,0.011285839410839412,0.969132536128003,33532,515,0.015358463557199093,24493,314,0.012819989384722166,1152,289,0.2508680555555556,BBH,0.5,validation,discovery
292,0.40232928191105777,0.014881318006318008,0.966102232989379,33532,564,0.016819754264583084,24493,353,0.014412281059894665,1152,296,0.2569444444444444,BBH,0.5,validation,discovery
293,0.4151722917454689,0.004148329625024532,0.9731729403128353,33532,446,0.01330072766312776,24493,279,0.011391009676234026,1152,267,0.23177083333333334,BBH,0.5,validation,discovery
294,0.3087024367306136,0.01196509009009009,0.9693702069624051,33532,510,0.015209352260527258,24493,304,0.012411709468011269,1152,280,0.24305555555555555,BBH,0.5,validation,discovery
295,0.4356112455288267,0.006794589686538836,0.9710339028032182,33532,482,0.014374328999164977,24493,295,0.01204425754297146,1152,276,0.23958333333333334,BBH,0.5,validation,discovery
296,0.3161185685423738,0.007117507117507107,0.9690137007108022,33532,517,0.015418108075867827,24493,293,0.011962601559629282,1152,269,0.23350694444444445,BBH,0.5,validation,discovery
297,0.6326071240441229,0.01640816953316953,0.967350004869989,33532,543,0.016193486818561375,24493,328,0.013391581268117422,1152,302,0.2621527777777778,BBH,0.5,validation,discovery
298,0.4229205510440825,0.006628422253422254,0.9686571944591994,33532,522,0.015567219372539664,24493,307,0.012534193443024538,1152,274,0.2378472222222222,BBH,0.5,validation,discovery
299,0.515849838360429,0.011849552474552468,0.970736814260216,33532,487,0.014523440295836812,24493,308,0.012575021434695627,1152,301,0.2612847222222222,BBH,0.5,validation,discovery
300,0.37919826053095174,0.006923806923806923,0.9658051444463766,33532,571,0.017028510079923655,24493,355,0.014493937043236843,1152,322,0.2795138888888889,BBH,0.5,validation,discovery
301,0.44872053748264584,0.00909524082193574,0.970736814260216,33532,488,0.014553262555171179,24493,309,0.012615849426366716,1152,288,0.25,BBH,0.5,validation,discovery
302,0.5167211818816009,0.005862059092991295,0.9669340809097857,33532,552,0.01646188715257068,24493,338,0.013799861184828318,1152,314,0.2725694444444444,BBH,0.5,validation,discovery
303,0.5004599649287522,0.00896655584155584,0.9683006882075964,33532,528,0.015746152928545868,24493,311,0.012697505409708897,1152,275,0.2387152777777778,BBH,0.5,validation,discovery
304,0.48368239595710255,0.009507275132275131,0.9680035996645941,33532,533,0.0158952642252177,24493,316,0.012901645368064344,1152,290,0.2517361111111111,BBH,0.5,validation,discovery
305,0.40142449819317794,0.00903358715858716,0.9706773965516154,33532,487,0.014523440295836812,24493,305,0.012452537459682358,1152,285,0.24739583333333334,BBH,0.5,validation,discovery
306,0.5140786938926185,0.012087412087412083,0.9642008663141639,33532,598,0.01783371108195157,24493,364,0.014861388968276651,1152,318,0.2760416666666667,BBH,0.5,validation,discovery
307,0.4975353097872134,0.014686561561561565,0.966102232989379,33532,564,0.016819754264583084,24493,365,0.01490221695994774,1152,327,0.2838541666666667,BBH,0.5,validation,discovery
308,0.30799690404164803,0.006103506103506106,0.9724005101010291,33532,459,0.013688417034474532,24493,295,0.01204425754297146,1152,276,0.23958333333333334,BBH,0.5,validation,discovery
309,0.22462139965920003,0.009198809198809206,0.9702614725914122,33532,495,0.01476201837051175,24493,297,0.01212591352631364,1152,273,0.23697916666666666,BBH,0.5,validation,discovery
310,0.48175684861049467,0.010757063882063888,0.965329802777573,33532,578,0.017237265895264225,24493,362,0.014779732984934471,1152,320,0.2777777777777778,BBH,0.5,validation,discovery
311,0.30224479273750987,0.007514698139698137,0.9678847642473931,33532,534,0.01592508648455207,24493,312,0.012738333401379986,1152,285,0.24739583333333334,BBH,0.5,validation,discovery
312,0.6126261191017307,0.01763147075647076,0.9683601059161969,33532,528,0.015746152928545868,24493,332,0.01355489323480178,1152,302,0.2621527777777778,BBH,0.5,validation,discovery
313,0.5154827008835181,0.023423789048789057,0.9580214246197147,33532,700,0.02087558153405702,24493,443,0.018086800310292736,1152,362,0.3142361111111111,BBH,0.5,validation,discovery
314,0.40145049636248753,0.012066733941733946,0.9674688402871898,33532,542,0.016163664559227006,24493,338,0.013799861184828318,1152,306,0.265625,BBH,0.5,validation,discovery
315,0.46216053956831277,0.00928720928720929,0.9713309913462206,33532,477,0.01422521770249314,24493,295,0.01204425754297146,1152,280,0.24305555555555555,BBH,0.5,validation,discovery
316,0.07520673009693998,0.002090402090402086,0.9690137007108022,33532,516,0.01538828581653346,24493,289,0.011799289592944923,1152,270,0.234375,BBH,0.5,validation,discovery
317,0.5625646831943458,0.008099779286219962,0.9698455486312088,33532,502,0.01497077418585232,24493,297,0.01212591352631364,1152,266,0.2309027777777778,BBH,0.5,validation,discovery
318,0.2190805990473952,0.006038506038506032,0.969132536128003,33532,514,0.015328641297864726,24493,322,0.013146613318090883,1152,300,0.2604166666666667,BBH,0.5,validation,discovery
319,0.27170927083896096,0.004464285714285717,0.9676470934129913,33532,540,0.016104020040558272,24493,323,0.013187441309761972,1152,299,0.2595486111111111,BBH,0.5,validation,discovery
320,0.14114184633165242,0.0054832836082836095,0.9695484600882064,33532,507,0.015119885482524156,24493,294,0.012003429551300371,1152,274,0.2378472222222222,BBH,0.5,validation,discovery
321,0.12831314335900856,0.008756940960330788,0.9719251684322253,33532,467,0.01392699510914947,24493,297,0.01212591352631364,1152,277,0.2404513888888889,BBH,0.5,validation,discovery
322,0.2561099274976629,0.003541812916812917,0.9694296246710055,33532,510,0.015209352260527258,24493,305,0.012452537459682358,1152,275,0.2387152777777778,BBH,0.5,validation,discovery
323,0.3619377747264096,0.004716846083371511,0.9688948652936012,33532,518,0.015447930335202194,24493,319,0.013024129343077614,1152,302,0.2621527777777778,BBH,0.5,validation,discovery
324,0.2922962355867904,0.007925336050336051,0.9698455486312088,33532,502,0.01497077418585232,24493,306,0.012493365451353449,1152,280,0.24305555555555555,BBH,0.5,validation,discovery
325,0.22818513669955204,0.004665014040014027,0.9643197017313648,33532,595,0.017744244303948466,24493,378,0.015432980851671906,1152,339,0.2942708333333333,BBH,0.5,validation,discovery
326,0.39666820654403406,0.010250678947712841,0.9710933205118187,33532,481,0.01434450673983061,24493,320,0.013064957334748703,1152,290,0.2517361111111111,BBH,0.5,validation,discovery
327,0.27869886511574543,0.007398429273429271,0.9737076996902394,33532,437,0.013032327329118455,24493,259,0.010574449842812233,1152,252,0.21875,BBH,0.5,validation,discovery
328,0.17193683578733174,0.004922333047333038,0.9712121559290195,33532,478,0.014255039961827509,24493,289,0.011799289592944923,1152,265,0.2300347222222222,BBH,0.5,validation,discovery
329,0.5921509099193627,0.013513513513513518,0.9657457267377763,33532,572,0.017058332339258023,24493,341,0.013922345159841587,1152,303,0.2630208333333333,BBH,0.5,validation,discovery
330,0.35606669479572195,0.0023308617058617137,0.9697267132140078,33532,504,0.015030418704521055,24493,288,0.011758461601273834,1152,260,0.22569444444444445,BBH,0.5,validation,discovery
331,0.34924480253493817,0.00800578258205377,0.969251371545204,33532,512,0.015268996779195992,24493,322,0.013146613318090883,1152,284,0.2465277777777778,BBH,0.5,validation,discovery
332,0.38955465798297706,0.012120815510646024,0.9644385371485659,33532,594,0.0177144220446141,24493,403,0.01645368064344915,1152,351,0.3046875,BBH,0.5,validation,discovery
333,0.3588129507735772,0.0031370656370656265,0.9718657507236248,33532,469,0.013986639627818204,24493,261,0.010656105826154411,1152,255,0.22135416666666666,BBH,0.5,validation,discovery
334,0.32374810368019885,0.010665818663700019,0.9666369923667832,33532,557,0.016610998449242513,24493,367,0.014983872943289919,1152,327,0.2838541666666667,BBH,0.5,validation,discovery
335,0.38641670064976047,0.0071033881944898855,0.964082030896963,33532,599,0.017863533341285934,24493,340,0.013881517168170498,1152,310,0.2690972222222222,BBH,0.5,validation,discovery
336,0.47733068069352363,0.018391159016159016,0.9676470934129913,33532,538,0.016044375521889538,24493,323,0.013187441309761972,1152,298,0.2586805555555556,BBH,0.5,validation,discovery
337,0.6141344556851687,0.018768646893646882,0.9648544611087692,33532,586,0.01747584396993916,24493,378,0.015432980851671906,1152,323,0.2803819444444444,BBH,0.5,validation,discovery
338,0.29795687438742785,0.008868243243243241,0.9729352694784332,33532,450,0.013420016700465227,24493,269,0.010982729759523129,1152,255,0.22135416666666666,BBH,0.5,validation,discovery
339,0.30805290826874837,0.008043857196399565,0.9697861309226083,33532,503,0.015000596445186688,24493,320,0.013064957334748703,1152,290,0.2517361111111111,BBH,0.5,validation,discovery
340,0.5470028901611621,0.007964380845736774,0.9672905871613885,33532,546,0.016282953596564474,24493,323,0.013187441309761972,1152,304,0.2638888888888889,BBH,0.5,validation,discovery
341,0.3630794747227491,0.006053863680982327,0.9718657507236248,33532,467,0.01392699510914947,24493,295,0.01204425754297146,1152,274,0.2378472222222222,BBH,0.5,validation,discovery
342,0.5905451719533531,0.02086148648648649,0.9656268913205752,33532,573,0.01708815459859239,24493,372,0.015188012901645368,1152,329,0.2855902777777778,BBH,0.5,validation,discovery
343,0.28549919698037907,0.009263500788924529,0.9667558277839842,33532,555,0.01655135393057378,24493,316,0.012901645368064344,1152,290,0.2517361111111111,BBH,0.5,validation,discovery
344,0.5484900771612271,0.010548494923494914,0.9720440038494261,33532,465,0.013867350590480734,24493,293,0.011962601559629282,1152,269,0.23350694444444445,BBH,0.5,validation,discovery
345,0.5672971053586544,0.011035589160589148,0.9685977767505989,33532,523,0.015597041631874031,24493,327,0.013350753276446331,1152,297,0.2578125,BBH,0.5,validation,discovery
346,0.1753396266847434,0.004010707135707139,0.9682412704989961,33532,528,0.015746152928545868,24493,296,0.012085085534642551,1152,279,0.2421875,BBH,0.5,validation,discovery
347,0.45614370219948086,0.00702264764764765,0.9674094225785894,33532,542,0.016163664559227006,24493,323,0.013187441309761972,1152,299,0.2595486111111111,BBH,0.5,validation,discovery
348,0.2793070241104911,0.006471476015967549,0.9719098929901104,33531,466,0.013897587307267902,24492,292,0.011922260329903641,1151,274,0.2380538662033015,BBH,0.5,validation,discovery
349,0.5961498866194644,0.0164695945945946,0.9656863090291757,33532,573,0.01708815459859239,24493,390,0.015922916751724983,1152,321,0.2786458333333333,BBH,0.5,validation,discovery
350,0.3094626748504953,0.007633960176333064,0.9682412704989961,33532,528,0.015746152928545868,24493,332,0.01355489323480178,1152,287,0.24913194444444445,BBH,0.5,validation,discovery
351,0.42940668628746026,0.01216541216541217,0.9672905871613885,33532,545,0.01625313133723011,24493,315,0.012860817376393255,1152,285,0.24739583333333334,BBH,0.5,validation,discovery
352,0.9198599697195622,0.011821033696033687,0.9653892204861733,33532,577,0.017207443635929857,24493,367,0.014983872943289919,1152,318,0.2760416666666667,BBH,0.5,validation,discovery
353,0.3047234917104829,0.0065406721656721635,0.9701426371742111,33532,498,0.01485148514851485,24493,313,0.012779161393051075,1152,287,0.24913194444444445,BBH,0.5,validation,discovery
354,0.3826091698738332,0.010954780446305877,0.9685383590419984,33532,524,0.015626863891208397,24493,339,0.013840689176499409,1152,307,0.2664930555555556,BBH,0.5,validation,discovery
355,0.3014999388020091,0.007500122701393889,0.9656268913205752,33532,573,0.01708815459859239,24493,385,0.015718776793369534,1152,334,0.2899305555555556,BBH,0.5,validation,discovery
356,0.6958061962381166,0.018088583713583725,0.9677065111215918,33532,537,0.016014553262555173,24493,354,0.014453109051565754,1152,317,0.2751736111111111,BBH,0.5,validation,discovery
357,0.42803785668700367,0.009310649935649931,0.9709150673860173,33532,484,0.014433973517833711,24493,301,0.012289225492998,1152,286,0.2482638888888889,BBH,0.5,validation,discovery
358,0.38571509899691375,0.005902959557620569,0.9704991434258139,33532,491,0.014642729333174282,24493,293,0.011962601559629282,1152,280,0.24305555555555555,BBH,0.5,validation,discovery
359,0.4691990977154269,0.011130001755001772,0.9669934986183861,33532,550,0.016402242633901946,24493,313,0.012779161393051075,1152,295,0.2560763888888889,BBH,0.5,validation,discovery
360,0.17666654146236085,0.0042978042978043,0.9696078777968068,33532,507,0.015119885482524156,24493,288,0.011758461601273834,1152,266,0.2309027777777778,BBH,0.5,validation,discovery
361,0.43721010396421894,0.009945375570375562,0.9688354475850007,33532,520,0.015507574853870928,24493,312,0.012738333401379986,1152,292,0.2534722222222222,BBH,0.5,validation,discovery
362,0.23477009072349425,0.0036196911196911285,0.9681224350817951,33532,530,0.015805797447214602,24493,320,0.013064957334748703,1152,298,0.2586805555555556,BBH,0.5,validation,discovery
363,0.43479546788019896,0.0169237012987013,0.9700238017570101,33532,498,0.01485148514851485,24493,313,0.012779161393051075,1152,277,0.2404513888888889,BBH,0.5,validation,discovery
364,0.47217497784212725,0.009290540540540543,0.9720440038494261,33532,464,0.013837528331146367,24493,263,0.010737761809496591,1152,257,0.2230902777777778,BBH,0.5,validation,discovery
365,0.20094931778213593,0.0059264215514215545,0.9690731184194027,33532,514,0.015328641297864726,24493,316,0.012901645368064344,1152,294,0.2552083333333333,BBH,0.5,validation,discovery
366,0.4689033889337361,0.004716404716404717,0.9718657507236248,33532,468,0.013956817368483837,24493,275,0.011227697709549667,1152,254,0.2204861111111111,BBH,0.5,validation,discovery
367,0.1999035363838093,0.005791505791505785,0.9724005101010291,33532,459,0.013688417034474532,24493,294,0.012003429551300371,1152,280,0.24305555555555555,BBH,0.5,validation,discovery
368,0.21293120188168557,0.004432587854198032,0.9691919538366035,33532,513,0.01529881903853036,24493,276,0.011268525701220757,1152,261,0.2265625,BBH,0.5,validation,discovery
369,0.3361446547579614,0.004340338715338716,0.9693107892538045,33532,512,0.015268996779195992,24493,321,0.013105785326419794,1152,295,0.2560763888888889,BBH,0.5,validation,discovery
370,0.49775334585985653,0.017645482952686347,0.9660428152807785,33532,565,0.016849576523917453,24493,389,0.015882088760053894,1152,337,0.2925347222222222,BBH,0.5,validation,discovery
371,0.2443391412704645,0.009070068445068444,0.971509244472022,33532,474,0.014135750924490039,24493,295,0.01204425754297146,1152,277,0.2404513888888889,BBH,0.5,validation,discovery
372,0.3938963599166803,0.008083976833976832,0.9644979548571664,33532,592,0.017654777525945367,24493,351,0.014330625076552484,1152,314,0.2725694444444444,BBH,0.5,validation,discovery
373,0.6814185783667772,0.011538811538811533,0.9646762079829676,33532,587,0.01750566622927353,24493,373,0.015228840893316458,1152,325,0.2821180555555556,BBH,0.5,validation,discovery
374,0.6523508270430513,0.011701433576433558,0.9721628392666272,33532,464,0.013837528331146367,24493,316,0.012901645368064344,1152,295,0.2560763888888889,BBH,0.5,validation,discovery
375,0.3905625853456038,0.008962087087087098,0.969251371545204,33532,512,0.015268996779195992,24493,305,0.012452537459682358,1152,284,0.2465277777777778,BBH,0.5,validation,discovery
376,0.4999280416533264,0.00799501832340815,0.9680035996645941,33532,532,0.015865441965883336,24493,327,0.013350753276446331,1152,300,0.2604166666666667,BBH,0.5,validation,discovery
377,0.5215415289445462,0.005228101891237481,0.9678253465387928,33532,535,0.015954908743886435,24493,335,0.01367737720981505,1152,310,0.2690972222222222,BBH,0.5,validation,discovery
378,0.3870212349000001,0.0061340471827760045,0.9701426371742111,33532,498,0.01485148514851485,24493,301,0.012289225492998,1152,270,0.234375,BBH,0.5,validation,discovery
379,0.6031189432453163,0.01782533345033345,0.9677065111215918,33532,539,0.016074197781223907,24493,332,0.01355489323480178,1152,312,0.2708333333333333,BBH,0.5,validation,discovery
380,0.39572163740257216,0.011841799977393198,0.9669934986183861,33532,547,0.016312775855898843,24493,369,0.015065528926632099,1152,320,0.2777777777777778,BBH,0.5,validation,discovery
381,0.36828365651924616,0.011320858195858196,0.9664587392409819,33532,559,0.01667064296791125,24493,341,0.013922345159841587,1152,308,0.2673611111111111,BBH,0.5,validation,discovery
382,0.3150767731699123,0.014607098982098988,0.967231169452788,33532,545,0.01625313133723011,24493,349,0.014248969093210304,1152,311,0.2699652777777778,BBH,0.5,validation,discovery
383,0.6465537930073172,0.011145358020358025,0.9659833975721781,33532,566,0.016879398783251818,24493,364,0.014861388968276651,1152,323,0.2803819444444444,BBH,0.5,validation,discovery
384,0.4242837226786108,0.007465357306458995,0.9675282579957903,33532,542,0.016163664559227006,24493,356,0.014534765034907932,1152,322,0.2795138888888889,BBH,0.5,validation,discovery
385,0.225569142047536,0.008385617760617761,0.970736814260216,33532,486,0.014493618036502445,24493,291,0.011880945576287102,1152,270,0.234375,BBH,0.5,validation,discovery
386,0.4420538675745501,0.009495656370656372,0.9698455486312088,33532,502,0.01497077418585232,24493,322,0.013146613318090883,1152,292,0.2534722222222222,BBH,0.5,validation,discovery
387,0.36130355422389215,0.017602537464825596,0.963071929850755,33532,616,0.01837051174997018,24493,384,0.015677948801698444,1152,341,0.2960069444444444,BBH,0.5,validation,discovery
388,0.5482666881361552,0.01686885749385749,0.9653892204861733,33532,577,0.017207443635929857,24493,371,0.015147184909974278,1152,331,0.2873263888888889,BBH,0.5,validation,discovery
389,0.4269850631185987,0.011924140049140037,0.9675876757043907,33532,541,0.01613384229989264,24493,349,0.014248969093210304,1152,306,0.265625,BBH,0.5,validation,discovery
390,0.2515999530542368,0.009344287469287475,0.9701426371742111,33532,498,0.01485148514851485,24493,300,0.01224839750132691,1152,282,0.24479166666666666,BBH,0.5,validation,discovery
391,0.45077078468211546,0.013399560274560275,0.9690731184194027,33532,516,0.01538828581653346,24493,317,0.012942473359735435,1152,296,0.2569444444444444,BBH,0.5,validation,discovery
392,0.27960438655184344,0.005499005499005503,0.9734700288558376,33532,442,0.01318143862579029,24493,266,0.010860245784509859,1152,247,0.2144097222222222,BBH,0.5,validation,discovery
393,0.4054354699772651,0.005197426542765529,0.9735888642730386,33532,438,0.013062149588452822,24493,268,0.01094190176785204,1152,252,0.21875,BBH,0.5,validation,discovery
394,0.4120564052390587,0.0015037358787358727,0.9734700288558376,33532,441,0.013151616366455923,24493,278,0.011350181684562937,1152,261,0.2265625,BBH,0.5,validation,discovery
395,0.376784389020972,0.0036196911196911172,0.9690731184194027,33532,515,0.015358463557199093,24493,283,0.011554321642918385,1152,265,0.2300347222222222,BBH,0.5,validation,discovery
396,0.5409769496027652,0.005706637327400043,0.9687166121677997,33532,521,0.015537397113205297,24493,320,0.013064957334748703,1152,290,0.2517361111111111,BBH,0.5,validation,discovery
397,0.2841080274320636,0.00902330902330902,0.967231169452788,33532,546,0.016282953596564474,24493,311,0.012697505409708897,1152,296,0.2569444444444444,BBH,0.5,validation,discovery
398,0.38692968760981405,0.007907082324455219,0.9701426371742111,33532,497,0.014821662889180484,24493,287,0.011717633609602743,1152,273,0.23697916666666666,BBH,0.5,validation,discovery
399,0.3615163221621526,0.008010486135486128,0.9719251684322253,33532,468,0.013956817368483837,24493,293,0.011962601559629282,1152,272,0.2361111111111111,BBH,0.5,validation,discovery
400,0.2870849670778145,0.0039499623715725405,0.9662210684065798,33532,563,0.01678993200524872,24493,334,0.013636549218143959,1152,312,0.2708333333333333,BBH,0.5,validation,discovery
401,0.4908459004455329,0.02075838013338014,0.9678847642473931,33532,533,0.0158952642252177,24493,348,0.014208141101539215,1152,314,0.2725694444444444,BBH,0.5,validation,discovery
402,0.581857256839394,0.00864448051948052,0.9652703850689724,33532,579,0.01726708815459859,24493,366,0.01494304495161883,1152,319,0.2769097222222222,BBH,0.5,validation,discovery
403,0.4094153156563053,0.013392857142857142,0.9656268913205752,33532,573,0.01708815459859239,24493,333,0.01359572122647287,1152,300,0.2604166666666667,BBH,0.5,validation,discovery
404,0.482023632919314,0.008095108095108095,0.9675282579957903,33532,542,0.016163664559227006,24493,330,0.0134732372514596,1152,307,0.2664930555555556,BBH,0.5,validation,discovery
405,0.4170388792041032,0.009708369083369084,0.969132536128003,33532,514,0.015328641297864726,24493,325,0.013269097293104153,1152,298,0.2586805555555556,BBH,0.5,validation,discovery
406,0.358797575356125,0.009309968261239442,0.9695484600882064,33532,508,0.015149707741858523,24493,309,0.012615849426366716,1152,283,0.2456597222222222,BBH,0.5,validation,discovery
407,0.3032417222227408,0.005188223938223935,0.9613488163013412,33532,646,0.019265179530001193,24493,381,0.015555464826685175,1152,329,0.2855902777777778,BBH,0.5,validation,discovery
408,0.26923136103864714,0.008190008190008188,0.9580808423283153,33532,701,0.020905403793391387,24493,402,0.01641285265177806,1152,353,0.3064236111111111,BBH,0.5,validation,discovery
409,0.5868900527132295,0.014565417690417682,0.9683601059161969,33532,528,0.015746152928545868,24493,329,0.013432409259788511,1152,306,0.265625,BBH,0.5,validation,discovery
410,0.5144966966113538,0.00755942837510635,0.9662804861151804,33532,562,0.01676010974591435,24493,314,0.012819989384722166,1152,285,0.24739583333333334,BBH,0.5,validation,discovery
411,0.4618079484198623,0.010670410670410673,0.9662804861151804,33532,562,0.01676010974591435,24493,386,0.015759604785040623,1152,339,0.2942708333333333,BBH,0.5,validation,discovery
412,0.5218945966910101,0.014930514930514935,0.9696078777968068,33532,507,0.015119885482524156,24493,322,0.013146613318090883,1152,287,0.24913194444444445,BBH,0.5,validation,discovery
413,0.22954449847161656,0.005443700358954598,0.9699643840484097,33532,501,0.014940951926517954,24493,276,0.011268525701220757,1152,262,0.22743055555555555,BBH,0.5,validation,discovery
414,0.16143478462489427,0.0050675675675675705,0.9696672955054073,33532,504,0.015030418704521055,24493,318,0.012983301351406525,1152,286,0.2482638888888889,BBH,0.5,validation,discovery
415,0.404766294968867,0.011824324324324323,0.9690137007108022,33532,516,0.01538828581653346,24493,300,0.01224839750132691,1152,281,0.2439236111111111,BBH,0.5,validation,discovery
416,0.38020099805773505,0.007152430881244437,0.9706773965516154,33532,489,0.014583084814505548,24493,306,0.012493365451353449,1152,280,0.24305555555555555,BBH,0.5,validation,discovery
417,0.5664823537697148,0.020598723723723716,0.9666369923667832,33532,556,0.016581176189908148,24493,381,0.015555464826685175,1152,344,0.2986111111111111,BBH,0.5,validation,discovery
418,0.3040347206035386,0.008325289575289576,0.9672905871613885,33532,545,0.01625313133723011,24493,347,0.014167313109868126,1152,318,0.2760416666666667,BBH,0.5,validation,discovery
419,0.3340256697279257,0.003232159217328708,0.9722222569752277,33532,462,0.013777883812477633,24493,281,0.011472665659576206,1152,267,0.23177083333333334,BBH,0.5,validation,discovery
420,0.32627507910865333,0.007666067041067036,0.9680630173731946,33532,533,0.0158952642252177,24493,296,0.012085085534642551,1152,281,0.2439236111111111,BBH,0.5,validation,discovery
421,0.2569110420022334,0.005995605995605997,0.9637255246453601,33532,604,0.01801264463795777,24493,354,0.014453109051565754,1152,310,0.2690972222222222,BBH,0.5,validation,discovery
422,0.3021880134007988,0.005900990275990269,0.9687166121677997,33532,521,0.015537397113205297,24493,305,0.012452537459682358,1152,280,0.24305555555555555,BBH,0.5,validation,discovery
423,0.4556131789054403,0.015506537381537382,0.967112334035587,33532,548,0.01634259811523321,24493,349,0.014248969093210304,1152,310,0.2690972222222222,BBH,0.5,validation,discovery
424,0.4422888918894608,0.01464634277134277,0.9703208903000126,33532,494,0.014732196111177383,24493,318,0.012983301351406525,1152,292,0.2534722222222222,BBH,0.5,validation,discovery
425,0.431679364144932,0.010255791505791506,0.9639037777711615,33532,600,0.017893355600620303,24493,355,0.014493937043236843,1152,305,0.2647569444444444,BBH,0.5,validation,discovery
426,0.3961397499796366,0.007095691470691464,0.9680035996645941,33532,533,0.0158952642252177,24493,313,0.012779161393051075,1152,294,0.2552083333333333,BBH,0.5,validation,discovery
427,0.3392559516586958,0.010335863460863463,0.972638180935431,33532,456,0.01359895025647143,24493,294,0.012003429551300371,1152,271,0.23524305555555555,BBH,0.5,validation,discovery
428,0.20044242398835033,0.0052893968148205375,0.9665181569495823,33532,559,0.01667064296791125,24493,348,0.014208141101539215,1152,308,0.2673611111111111,BBH,0.5,validation,discovery
429,0.3137523606310516,0.010110556985556997,0.9706179788430149,33532,489,0.014583084814505548,24493,288,0.011758461601273834,1152,266,0.2309027777777778,BBH,0.5,validation,discovery
430,0.371309044152219,0.0055032711282711365,0.9707962319688163,33532,487,0.014523440295836812,24493,276,0.011268525701220757,1152,265,0.2300347222222222,BBH,0.5,validation,discovery
431,0.285574028221494,0.010228369603369609,0.9683601059161969,33532,525,0.015656686150542765,24493,318,0.012983301351406525,1152,288,0.25,BBH,0.5,validation,discovery
432,0.6965530259565694,0.010927810927810939,0.969489042379606,33532,509,0.01517953000119289,24493,325,0.013269097293104153,1152,298,0.2586805555555556,BBH,0.5,validation,discovery
433,0.3690629671292726,0.009954150579150577,0.9697267132140078,33532,505,0.015060240963855422,24493,303,0.01237088147634018,1152,285,0.24739583333333334,BBH,0.5,validation,discovery
434,0.7324011583411962,0.015372718497718499,0.9675876757043907,33532,540,0.016104020040558272,24493,352,0.014371453068223574,1152,312,0.2708333333333333,BBH,0.5,validation,discovery
435,0.2517401084347131,0.0105311074061074,0.9669340809097857,33532,551,0.01643206489323631,24493,328,0.013391581268117422,1152,293,0.2543402777777778,BBH,0.5,validation,discovery
436,0.5509974885570821,0.01269061269061269,0.9677659288301923,33532,537,0.016014553262555173,24493,348,0.014208141101539215,1152,311,0.2699652777777778,BBH,0.5,validation,discovery
437,0.2511980881655454,0.007790516000261767,0.9683601059161969,33532,526,0.015686508409877134,24493,324,0.013228269301433063,1152,301,0.2612847222222222,BBH,0.5,validation,discovery
438,0.4486576472034722,0.00820239882739883,0.9686571944591994,33532,522,0.015567219372539664,24493,318,0.012983301351406525,1152,285,0.24739583333333334,BBH,0.5,validation,discovery
439,0.5280472046596313,0.012999506219845205,0.9693702069624051,33532,511,0.015239174519861625,24493,319,0.013024129343077614,1152,295,0.2560763888888889,BBH,0.5,validation,discovery
440,0.29429710132567927,0.003259918514155804,0.967112334035587,33532,547,0.016312775855898843,24493,315,0.012860817376393255,1152,288,0.25,BBH,0.5,validation,discovery
441,0.1858576311084291,0.00814649877149878,0.9730541048956343,33532,447,0.013330549922462126,24493,264,0.01077858980116768,1152,253,0.21961805555555555,BBH,0.5,validation,discovery
442,0.29138224663425766,0.010839645638374463,0.9679441819559936,33532,533,0.0158952642252177,24493,335,0.01367737720981505,1152,316,0.2743055555555556,BBH,0.5,validation,discovery
443,0.3299609881638984,0.0035468882926510004,0.9694296246710055,33532,509,0.01517953000119289,24493,309,0.012615849426366716,1152,276,0.23958333333333334,BBH,0.5,validation,discovery
444,0.46499180070569424,0.011452483327483325,0.9655674736119748,33532,575,0.017147799117261123,24493,367,0.014983872943289919,1152,324,0.28125,BBH,0.5,validation,discovery
445,0.3040017672765827,0.011033476658476662,0.9702614725914122,33532,495,0.01476201837051175,24493,312,0.012738333401379986,1152,285,0.24739583333333334,BBH,0.5,validation,discovery
446,0.522711080937776,0.010369290295137742,0.9669934986183861,33532,550,0.016402242633901946,24493,337,0.013759033193157228,1152,294,0.2552083333333333,BBH,0.5,validation,discovery
447,0.5939962008888552,0.007118725868725867,0.9704397257172135,33532,492,0.014672551592508649,24493,285,0.011635977626260565,1152,260,0.22569444444444445,BBH,0.5,validation,discovery
448,0.4369222189761247,0.010436776061776062,0.9716874975978234,33532,471,0.014046284146486938,24493,284,0.011595149634589474,1152,262,0.22743055555555555,BBH,0.5,validation,discovery
449,0.24202400277713523,0.010184494559494559,0.9676470934129913,33532,540,0.016104020040558272,24493,322,0.013146613318090883,1152,301,0.2612847222222222,BBH,0.5,validation,discovery
450,0.22105487864996712,0.007889829764829765,0.9668152454925847,33532,553,0.016491709411905045,24493,339,0.013840689176499409,1152,302,0.2621527777777778,BBH,0.5,validation,discovery
451,0.32464561340425047,0.005994427869427872,0.9714498267634215,33532,476,0.014195395443158773,24493,291,0.011880945576287102,1152,267,0.23177083333333334,BBH,0.5,validation,discovery
452,0.2555565804698807,0.005878646503646492,0.9704397257172135,33532,492,0.014672551592508649,24493,295,0.01204425754297146,1152,274,0.2378472222222222,BBH,0.5,validation,discovery
453,0.40615771510768334,0.014203936078936087,0.9710933205118187,33532,482,0.014374328999164977,24493,315,0.012860817376393255,1152,294,0.2552083333333333,BBH,0.5,validation,discovery
454,0.39751453965741573,0.0033671307506053317,0.9710339028032182,33532,481,0.01434450673983061,24493,297,0.01212591352631364,1152,281,0.2439236111111111,BBH,0.5,validation,discovery
455,0.3786680155392121,0.0059847604868791355,0.9688354475850007,33532,519,0.015477752594536561,24493,340,0.013881517168170498,1152,319,0.2769097222222222,BBH,0.5,validation,discovery
456,0.35211522027011244,0.016405975780975784,0.9658051444463766,33532,570,0.01699868782058929,24493,349,0.014248969093210304,1152,311,0.2699652777777778,BBH,0.5,validation,discovery
457,0.5302538874824779,0.016679626054626057,0.970736814260216,33532,487,0.014523440295836812,24493,303,0.01237088147634018,1152,276,0.23958333333333334,BBH,0.5,validation,discovery
458,0.30790161637956637,0.0059090567565143765,0.9725193455182299,33532,457,0.013628772515805798,24493,279,0.011391009676234026,1152,258,0.22395833333333334,BBH,0.5,validation,discovery
459,0.39800251107966667,0.004946911196911199,0.9758467371998564,33532,401,0.011958725993081235,24493,251,0.010247825909443514,1152,238,0.2065972222222222,BBH,0.5,validation,discovery
460,0.2689117887463734,0.009379509379509378,0.9681224350817951,33532,530,0.015805797447214602,24493,301,0.012289225492998,1152,279,0.2421875,BBH,0.5,validation,discovery
461,0.36778159070147975,0.008609055484055491,0.9740642059418424,33532,430,0.012823571513777884,24493,281,0.011472665659576206,1152,265,0.2300347222222222,BBH,0.5,validation,discovery
462,0.3229039032497668,0.007683617058617059,0.9678847642473931,33532,535,0.015954908743886435,24493,310,0.012656677418037807,1152,274,0.2378472222222222,BBH,0.5,validation,discovery
463,0.4808017749637928,0.01210346999541915,0.9656863090291757,33532,572,0.017058332339258023,24493,343,0.014004001143183767,1152,309,0.2682291666666667,BBH,0.5,validation,discovery
464,0.15633976936322913,0.007368142961363301,0.9718063330150244,33532,470,0.014016461887152571,24493,274,0.011186869717878578,1152,257,0.2230902777777778,BBH,0.5,validation,discovery
465,0.38624968960346406,0.015864118989118995,0.9678253465387928,33532,535,0.015954908743886435,24493,330,0.0134732372514596,1152,297,0.2578125,BBH,0.5,validation,discovery
466,0.3842493797812633,0.008492423746661034,0.9683006882075964,33532,528,0.015746152928545868,24493,337,0.013759033193157228,1152,310,0.2690972222222222,BBH,0.5,validation,discovery
467,0.1314510901488396,0.0023001491751491864,0.9700238017570101,33532,499,0.014881307407849218,24493,290,0.011840117584616013,1152,271,0.23524305555555555,BBH,0.5,validation,discovery
468,0.6238456130001926,0.016822626197626207,0.9656268913205752,33532,571,0.017028510079923655,24493,349,0.014248969093210304,1152,313,0.2717013888888889,BBH,0.5,validation,discovery
469,0.21069112064675768,0.005458242746378338,0.9740047882332419,33532,432,0.012883216032446618,24493,249,0.010166169926101335,1152,236,0.2048611111111111,BBH,0.5,validation,discovery
470,0.4367158378065495,0.007722007722007717,0.9701426371742111,33532,498,0.01485148514851485,24493,302,0.012330053484669088,1152,281,0.2439236111111111,BBH,0.5,validation,discovery
471,0.6093430220338266,0.010381876483571396,0.965092131943171,33532,582,0.017356554932601694,24493,392,0.01600457273506716,1152,330,0.2864583333333333,BBH,0.5,validation,discovery
472,0.23893573347752842,0.0048997048997049,0.9705585611344144,33532,491,0.014642729333174282,24493,315,0.012860817376393255,1152,285,0.24739583333333334,BBH,0.5,validation,discovery
473,0.23338232961716798,0.008514567836601743,0.9662804861151804,33532,562,0.01676010974591435,24493,325,0.013269097293104153,1152,298,0.2586805555555556,BBH,0.5,validation,discovery
474,0.1323241596774015,0.0038682750547157393,0.9688354475850007,33532,518,0.015447930335202194,24493,297,0.01212591352631364,1152,272,0.2361111111111111,BBH,0.5,validation,discovery
475,0.3710701229211046,0.013891935766935775,0.9711527382204193,33532,480,0.014314684480496243,24493,315,0.012860817376393255,1152,296,0.2569444444444444,BBH,0.5,validation,discovery
476,0.6740301532838371,0.011750589875589875,0.9738859528160408,33532,435,0.01297268281044972,24493,270,0.01102355775119422,1152,256,0.2222222222222222,BBH,0.5,validation,discovery
477,0.7831226374918159,0.018415452790452792,0.961942993387346,33532,635,0.018937134677323154,24493,394,0.01608622871840934,1152,350,0.3038194444444444,BBH,0.5,validation,discovery
478,0.6565311818980025,0.017437039312039312,0.9685383590419984,33532,525,0.015656686150542765,24493,338,0.013799861184828318,1152,312,0.2708333333333333,BBH,0.5,validation,discovery
479,0.40298581724883387,0.009224765156968552,0.9691919538366035,33532,512,0.015268996779195992,24493,322,0.013146613318090883,1152,289,0.2508680555555556,BBH,0.5,validation,discovery
480,0.1124067632364249,0.0070317070317070214,0.9712715736376201,33532,476,0.014195395443158773,24493,283,0.011554321642918385,1152,260,0.22569444444444445,BBH,0.5,validation,discovery
481,0.3479455227207869,0.01464634277134277,0.9633096006851567,33532,612,0.01825122271263271,24493,392,0.01600457273506716,1152,337,0.2925347222222222,BBH,0.5,validation,discovery
482,0.40620782512282505,0.0040430481108447245,0.9726975986440315,33532,453,0.013509483478468328,24493,269,0.010982729759523129,1152,256,0.2222222222222222,BBH,0.5,validation,discovery
483,0.21162436255422404,0.002133302133302134,0.9691919538366035,33532,514,0.015328641297864726,24493,317,0.012942473359735435,1152,288,0.25,BBH,0.5,validation,discovery
484,0.5881741033297437,0.014589548964548971,0.9643197017313648,33532,596,0.017774066563282835,24493,353,0.014412281059894665,1152,323,0.2803819444444444,BBH,0.5,validation,discovery
485,0.3335697744017129,0.002527951680494047,0.9717469153064239,33532,471,0.014046284146486938,24493,289,0.011799289592944923,1152,267,0.23177083333333334,BBH,0.5,validation,discovery
486,0.1489740201174416,0.0057499057499057525,0.9668152454925847,33532,554,0.016521531671239414,24493,339,0.013840689176499409,1152,308,0.2673611111111111,BBH,0.5,validation,discovery
487,0.3156229802054688,0.010061400686400695,0.9688354475850007,33532,519,0.015477752594536561,24493,331,0.01351406524313069,1152,291,0.2526041666666667,BBH,0.5,validation,discovery
488,0.3391044867857349,0.0074806949806949736,0.9699049663398093,33532,502,0.01497077418585232,24493,315,0.012860817376393255,1152,294,0.2552083333333333,BBH,0.5,validation,discovery
489,0.33846109898910526,0.0067195745161846895,0.971509244472022,33532,475,0.014165573183824406,24493,311,0.012697505409708897,1152,282,0.24479166666666666,BBH,0.5,validation,discovery
490,0.3793071260370691,0.006420926759909807,0.9683601059161969,33532,527,0.0157163306692115,24493,298,0.01216674151798473,1152,281,0.2439236111111111,BBH,0.5,validation,discovery
491,0.29340587788279593,0.011783739908739915,0.966102232989379,33532,565,0.016849576523917453,24493,351,0.014330625076552484,1152,310,0.2690972222222222,BBH,0.5,validation,discovery
492,0.29554223438310473,0.008087308087308086,0.972638180935431,33532,454,0.013539305737802695,24493,271,0.011064385742865309,1152,259,0.2248263888888889,BBH,0.5,validation,discovery
493,0.3750346778639384,0.009312013284470915,0.9668746632011852,33532,553,0.016491709411905045,24493,372,0.015188012901645368,1152,330,0.2864583333333333,BBH,0.5,validation,discovery
494,0.3906579623538086,0.009067874692874688,0.9681818527903956,33532,529,0.015775975187880233,24493,303,0.01237088147634018,1152,286,0.2482638888888889,BBH,0.5,validation,discovery
495,0.6819809606804417,0.005760305760305758,0.9703208903000126,33532,493,0.014702373851843016,24493,297,0.01212591352631364,1152,268,0.2326388888888889,BBH,0.5,validation,discovery
496,0.7721081302633193,0.00880791505791505,0.967231169452788,33532,546,0.016282953596564474,24493,345,0.014085657126525946,1152,314,0.2725694444444444,BBH,0.5,validation,discovery
497,0.5290853027659222,0.0071388352638352606,0.9660428152807785,33532,566,0.016879398783251818,24493,344,0.014044829134854856,1152,302,0.2621527777777778,BBH,0.5,validation,discovery
498,0.7227604930000022,0.018775471900471893,0.9669934986183861,33532,549,0.016372420374567577,24493,367,0.014983872943289919,1152,328,0.2847222222222222,BBH,0.5,validation,discovery
499,0.6535060308491474,0.0072668041418041465,0.9683601059161969,33532,526,0.015686508409877134,24493,350,0.014289797084881395,1152,321,0.2786458333333333,BBH,0.5,validation,discovery
500,0.07123345022474942,0.004810614185614178,0.9675876757043907,33532,541,0.01613384229989264,24493,340,0.013881517168170498,1152,318,0.2760416666666667,BBH,0.5,validation,discovery
501,0.355874638590486,0.007835506511353967,0.9674688402871898,33532,542,0.016163664559227006,24493,332,0.01355489323480178,1152,302,0.2621527777777778,BBH,0.5,validation,discovery
502,0.39560467210270633,0.007935898560898559,0.9716280798892228,33532,472,0.014076106405821305,24493,279,0.011391009676234026,1152,268,0.2326388888888889,BBH,0.5,validation,discovery
503,0.6082105871065666,0.014529034868017916,0.9668746632011852,33532,551,0.01643206489323631,24493,363,0.01482056097660556,1152,313,0.2717013888888889,BBH,0.5,validation,discovery
504,0.4877765930839657,0.010705620875112409,0.967231169452788,33532,545,0.01625313133723011,24493,335,0.01367737720981505,1152,296,0.2569444444444444,BBH,0.5,validation,discovery
505,0.41710189835878486,0.007905037301223737,0.9693702069624051,33532,510,0.015209352260527258,24493,331,0.01351406524313069,1152,298,0.2586805555555556,BBH,0.5,validation,discovery
506,0.2828038175889884,0.009598762723762725,0.9708556496774168,33532,486,0.014493618036502445,24493,281,0.011472665659576206,1152,263,0.2282986111111111,BBH,0.5,validation,discovery
507,0.5397731813358511,0.00905032467532468,0.9723410923924286,33532,461,0.013748061553143266,24493,261,0.010656105826154411,1152,254,0.2204861111111111,BBH,0.5,validation,discovery
508,0.21105219862782393,0.0039816602316602315,0.9656863090291757,33532,570,0.01699868782058929,24493,341,0.013922345159841587,1152,311,0.2699652777777778,BBH,0.5,validation,discovery
509,0.43577799248245236,0.008269051436424316,0.9735888642730386,33532,439,0.013091971847787189,24493,273,0.011146041726207487,1152,263,0.2282986111111111,BBH,0.5,validation,discovery
510,0.6714390572934444,0.019901598026598022,0.9620024110959463,33532,634,0.01890731241798879,24493,389,0.015882088760053894,1152,336,0.2916666666666667,BBH,0.5,validation,discovery
511,0.3075735508289804,0.006211406211406214,0.9714498267634215,33532,475,0.014165573183824406,24493,288,0.011758461601273834,1152,268,0.2326388888888889,BBH,0.5,validation,discovery
512,0.574384708664694,0.004555326430326428,0.9669934986183861,33532,550,0.016402242633901946,24493,312,0.012738333401379986,1152,282,0.24479166666666666,BBH,0.5,validation,discovery
513,0.39940469568161185,0.011607403132826866,0.9654486381947738,33532,575,0.017147799117261123,24493,349,0.014248969093210304,1152,301,0.2612847222222222,BBH,0.5,validation,discovery
514,0.5785078794694906,0.015962715962715965,0.963071929850755,33532,616,0.01837051174997018,24493,408,0.016657820601804596,1152,350,0.3038194444444444,BBH,0.5,validation,discovery
515,0.23605201215523888,0.01065354852431124,0.9656863090291757,33532,573,0.01708815459859239,24493,364,0.014861388968276651,1152,331,0.2873263888888889,BBH,0.5,validation,discovery
516,0.40857512991136724,0.009773166023166012,0.9689542830022017,33532,516,0.01538828581653346,24493,305,0.012452537459682358,1152,281,0.2439236111111111,BBH,0.5,validation,discovery
517,0.6293785687433584,0.010065869440869433,0.9743612944848447,33532,426,0.012704282476440416,24493,265,0.01081941779283877,1152,250,0.2170138888888889,BBH,0.5,validation,discovery
518,0.22225604130021065,0.005172583297583298,0.9708556496774168,33532,484,0.014433973517833711,24493,285,0.011635977626260565,1152,275,0.2387152777777778,BBH,0.5,validation,discovery
519,0.2597306213338189,0.004946911196911197,0.9718657507236248,33532,467,0.01392699510914947,24493,291,0.011880945576287102,1152,278,0.24131944444444445,BBH,0.5,validation,discovery
520,0.16554571387679717,0.00650215136443949,0.9689542830022017,33532,517,0.015418108075867827,24493,346,0.014126485118197037,1152,307,0.2664930555555556,BBH,0.5,validation,discovery
521,0.44311006435526595,0.015420981045981046,0.9704991434258139,33532,491,0.014642729333174282,24493,317,0.012942473359735435,1152,292,0.2534722222222222,BBH,0.5,validation,discovery
522,0.41079977551528757,0.009201409201409192,0.9717469153064239,33532,471,0.014046284146486938,24493,289,0.011799289592944923,1152,275,0.2387152777777778,BBH,0.5,validation,discovery
523,0.2815137774440422,0.006502606502606503,0.9690137007108022,33532,517,0.015418108075867827,24493,310,0.012656677418037807,1152,295,0.2560763888888889,BBH,0.5,validation,discovery
524,0.46717797297576563,0.007195414239905757,0.9683601059161969,33532,525,0.015656686150542765,24493,320,0.013064957334748703,1152,287,0.24913194444444445,BBH,0.5,validation,discovery
525,0.4178191131173721,0.009905888030888037,0.9690731184194027,33532,516,0.01538828581653346,24493,305,0.012452537459682358,1152,266,0.2309027777777778,BBH,0.5,validation,discovery
526,0.5248995827481567,0.009243618618618608,0.9647950434001686,33532,587,0.01750566622927353,24493,385,0.015718776793369534,1152,328,0.2847222222222222,BBH,0.5,validation,discovery
527,0.523811892401577,0.01253606677335491,0.9649138788173697,33532,586,0.01747584396993916,24493,396,0.016167884701751522,1152,344,0.2986111111111111,BBH,0.5,validation,discovery
528,0.4600749756435485,0.012376215501215496,0.9707962319688163,33532,487,0.014523440295836812,24493,295,0.01204425754297146,1152,268,0.2326388888888889,BBH,0.5,validation,discovery
529,0.4613863746272236,0.004636332761332758,0.9656268913205752,33532,572,0.017058332339258023,24493,331,0.01351406524313069,1152,308,0.2673611111111111,BBH,0.5,validation,discovery
530,0.5841540592768337,0.015521893646893645,0.9672905871613885,33532,544,0.01622330907789574,24493,336,0.01371820520148614,1152,302,0.2621527777777778,BBH,0.5,validation,discovery
531,0.2550839895853093,0.00487635789542569,0.9716874975978234,33532,471,0.014046284146486938,24493,263,0.010737761809496591,1152,248,0.2152777777777778,BBH,0.5,validation,discovery
532,0.11035837001501549,0.0029254057326091273,0.9722222569752277,33532,461,0.013748061553143266,24493,268,0.01094190176785204,1152,260,0.22569444444444445,BBH,0.5,validation,discovery
533,0.4666786578903069,0.009824556699556695,0.9709150673860173,33532,483,0.014404151258499344,24493,300,0.01224839750132691,1152,283,0.2456597222222222,BBH,0.5,validation,discovery
534,0.2014755175545895,0.002897240185375778,0.9717469153064239,33532,470,0.014016461887152571,24493,286,0.011676805617931654,1152,261,0.2265625,BBH,0.5,validation,discovery
535,0.2373227118400603,0.006032667049616207,0.9662210684065798,33532,564,0.016819754264583084,24493,324,0.013228269301433063,1152,308,0.2673611111111111,BBH,0.5,validation,discovery
536,0.24021026953863173,0.0075042127478568265,0.9698455486312088,33532,503,0.015000596445186688,24493,309,0.012615849426366716,1152,283,0.2456597222222222,BBH,0.5,validation,discovery
537,0.593027467362979,0.008979962104962106,0.9699049663398093,33532,502,0.01497077418585232,24493,315,0.012860817376393255,1152,289,0.2508680555555556,BBH,0.5,validation,discovery
538,0.308573161915544,0.008113023738023733,0.9674688402871898,33532,541,0.01613384229989264,24493,336,0.01371820520148614,1152,307,0.2664930555555556,BBH,0.5,validation,discovery
539,0.4900256324162758,0.010320588445588447,0.9690137007108022,33532,517,0.015418108075867827,24493,305,0.012452537459682358,1152,286,0.2482638888888889,BBH,0.5,validation,discovery
540,0.48412874761683267,0.00822201590210065,0.9696672955054073,33532,505,0.015060240963855422,24493,314,0.012819989384722166,1152,288,0.25,BBH,0.5,validation,discovery
541,0.4608838742227706,0.014598323973323973,0.9699049663398093,33532,502,0.01497077418585232,24493,328,0.013391581268117422,1152,304,0.2638888888888889,BBH,0.5,validation,discovery
542,0.3531669168244995,0.007268429143429144,0.9735888642730386,33532,440,0.013121794107121556,24493,262,0.0106969338178255,1152,247,0.2144097222222222,BBH,0.5,validation,discovery
543,0.4457435829628104,0.011084745459745455,0.9690137007108022,33532,515,0.015358463557199093,24493,346,0.014126485118197037,1152,323,0.2803819444444444,BBH,0.5,validation,discovery
544,0.47920204858426174,0.005888644395000326,0.9702020548828116,33532,496,0.014791840629846117,24493,282,0.011513493651247295,1152,258,0.22395833333333334,BBH,0.5,validation,discovery
545,0.45992101101182037,0.0074428620509128934,0.9671717517441875,33532,547,0.016312775855898843,24493,335,0.01367737720981505,1152,299,0.2595486111111111,BBH,0.5,validation,discovery
546,0.42695002445913754,0.00622656554859944,0.972638180935431,33532,456,0.01359895025647143,24493,260,0.010615277834483322,1152,247,0.2144097222222222,BBH,0.5,validation,discovery
547,0.22031579659973727,0.004765926640926647,0.9742424590676437,33532,428,0.01276392699510915,24493,270,0.01102355775119422,1152,251,0.21788194444444445,BBH,0.5,validation,discovery
548,0.738758595860905,0.011139711139711135,0.9674094225785894,33532,543,0.016193486818561375,24493,322,0.013146613318090883,1152,291,0.2526041666666667,BBH,0.5,validation,discovery
549,0.30164904093522227,0.009807169182169175,0.9726975986440315,33532,455,0.013569127997137062,24493,271,0.011064385742865309,1152,260,0.22569444444444445,BBH,0.5,validation,discovery
550,0.45556993902078935,0.010907010907010904,0.9693107892538045,33532,512,0.015268996779195992,24493,331,0.01351406524313069,1152,307,0.2664930555555556,BBH,0.5,validation,discovery
551,0.28146585983292205,0.0042628509259865196,0.9706179788430149,33532,489,0.014583084814505548,24493,294,0.012003429551300371,1152,274,0.2378472222222222,BBH,0.5,validation,discovery
552,0.44850847167111213,0.007918348543348549,0.9678253465387928,33532,535,0.015954908743886435,24493,357,0.014575593026579023,1152,324,0.28125,BBH,0.5,validation,discovery
553,0.1876493576989444,0.00643098455598456,0.974539547610646,33532,422,0.012584993439102946,24493,279,0.011391009676234026,1152,266,0.2309027777777778,BBH,0.5,validation,discovery
554,0.15697022494018356,0.006799209924209922,0.9660428152807785,33532,567,0.016909221042586187,24493,325,0.013269097293104153,1152,298,0.2586805555555556,BBH,0.5,validation,discovery
555,0.5160129979707067,0.010960302009030823,0.969132536128003,33532,514,0.015328641297864726,24493,324,0.013228269301433063,1152,297,0.2578125,BBH,0.5,validation,discovery
556,0.5378213528879241,0.017453250768928737,0.9624777527647501,33532,625,0.018638912083979484,24493,386,0.015759604785040623,1152,335,0.2907986111111111,BBH,0.5,validation,discovery
557,0.38247180474722503,0.014859380484380482,0.9697861309226083,33532,502,0.01497077418585232,24493,334,0.013636549218143959,1152,303,0.2630208333333333,BBH,0.5,validation,discovery
558,0.16983546452602963,0.006394787644787642,0.9669934986183861,33532,550,0.016402242633901946,24493,336,0.01371820520148614,1152,295,0.2560763888888889,BBH,0.5,validation,discovery
559,0.3930049103118907,0.011374196119958834,0.9679441819559936,33532,533,0.0158952642252177,24493,310,0.012656677418037807,1152,291,0.2526041666666667,BBH,0.5,validation,discovery
560,0.5871242599248002,0.01336324148824149,0.9668152454925847,33532,552,0.01646188715257068,24493,377,0.015392152860000816,1152,344,0.2986111111111111,BBH,0.5,validation,discovery
561,0.2738178942334262,0.007663873288873278,0.9706773965516154,33532,488,0.014553262555171179,24493,284,0.011595149634589474,1152,263,0.2282986111111111,BBH,0.5,validation,discovery
562,0.186833771697539,0.004661804661804665,0.9693107892538045,33532,510,0.015209352260527258,24493,299,0.01220756950965582,1152,277,0.2404513888888889,BBH,0.5,validation,discovery
563,0.24924108383148,0.010266963391963382,0.969251371545204,33532,512,0.015268996779195992,24493,308,0.012575021434695627,1152,288,0.25,BBH,0.5,validation,discovery
564,0.4856397631496371,0.008083976833976835,0.9686571944591994,33532,522,0.015567219372539664,24493,313,0.012779161393051075,1152,282,0.24479166666666666,BBH,0.5,validation,discovery
565,0.5488565133243907,0.00960313163702994,0.9667558277839842,33532,553,0.016491709411905045,24493,346,0.014126485118197037,1152,302,0.2621527777777778,BBH,0.5,validation,discovery
566,0.525795905197454,0.0026423745173745133,0.970380308008613,33532,494,0.014732196111177383,24493,279,0.011391009676234026,1152,260,0.22569444444444445,BBH,0.5,validation,discovery
567,0.4963825922357555,0.005912162162162155,0.9682412704989961,33532,530,0.015805797447214602,24493,348,0.014208141101539215,1152,319,0.2769097222222222,BBH,0.5,validation,discovery
568,0.21062130224750902,0.00633445945945945,0.9728758517698328,33532,451,0.013449838959799594,24493,262,0.0106969338178255,1152,243,0.2109375,BBH,0.5,validation,discovery
569,0.42025293838401195,0.015085336960336964,0.9643791194399653,33532,594,0.0177144220446141,24493,390,0.015922916751724983,1152,341,0.2960069444444444,BBH,0.5,validation,discovery
570,0.27788996434576757,0.012698534573534582,0.9691919538366035,33532,513,0.01529881903853036,24493,311,0.012697505409708897,1152,284,0.2465277777777778,BBH,0.5,validation,discovery
571,0.17936557031217618,0.0082888082888083,0.9675282579957903,33532,540,0.016104020040558272,24493,355,0.014493937043236843,1152,318,0.2760416666666667,BBH,0.5,validation,discovery
572,0.24519892576592303,0.008210808210808211,0.9696672955054073,33532,505,0.015060240963855422,24493,318,0.012983301351406525,1152,294,0.2552083333333333,BBH,0.5,validation,discovery
573,0.3458668202612019,0.007666148291148287,0.9708556496774168,33532,485,0.014463795777168078,24493,298,0.01216674151798473,1152,277,0.2404513888888889,BBH,0.5,validation,discovery
574,0.5610400454219491,0.01658805721305722,0.9681224350817951,33532,530,0.015805797447214602,24493,313,0.012779161393051075,1152,281,0.2439236111111111,BBH,0.5,validation,discovery
575,0.6095717899427654,0.013166413166413163,0.9666369923667832,33532,554,0.016521531671239414,24493,364,0.014861388968276651,1152,319,0.2769097222222222,BBH,0.5,validation,discovery
576,0.3558913375883943,0.007436007436007438,0.9721034215580266,33532,463,0.013807706071812,24493,273,0.011146041726207487,1152,261,0.2265625,BBH,0.5,validation,discovery
577,0.5050193310341422,0.012771058533770394,0.9678847642473931,33532,536,0.015984731003220804,24493,347,0.014167313109868126,1152,297,0.2578125,BBH,0.5,validation,discovery
578,0.35840724348158604,0.010195463320463328,0.9657457267377763,33532,570,0.01699868782058929,24493,339,0.013840689176499409,1152,294,0.2552083333333333,BBH,0.5,validation,discovery
579,0.5292231388270178,0.014567611442611443,0.9691919538366035,33532,513,0.01529881903853036,24493,352,0.014371453068223574,1152,320,0.2777777777777778,BBH,0.5,validation,discovery
580,0.4112036670844029,0.005798208923208927,0.9722816746838282,33532,462,0.013777883812477633,24493,297,0.01212591352631364,1152,279,0.2421875,BBH,0.5,validation,discovery
581,0.7439282752779441,0.009181056056056076,0.9599227912949299,33532,668,0.01992126923535727,24493,392,0.01600457273506716,1152,340,0.2951388888888889,BBH,0.5,validation,discovery
582,0.45042499278410053,0.007185635310635306,0.9679441819559936,33532,535,0.015954908743886435,24493,324,0.013228269301433063,1152,298,0.2586805555555556,BBH,0.5,validation,discovery
583,0.34911420778415736,0.015241093366093361,0.9701426371742111,33532,498,0.01485148514851485,24493,326,0.013309925284775242,1152,295,0.2560763888888889,BBH,0.5,validation,discovery
584,0.27977497015730063,0.008982039490514071,0.9718063330150244,33532,469,0.013986639627818204,24493,290,0.011840117584616013,1152,280,0.24305555555555555,BBH,0.5,validation,discovery
585,0.15990065540067946,0.004520226395226395,0.9728164340612324,33532,451,0.013449838959799594,24493,275,0.011227697709549667,1152,258,0.22395833333333334,BBH,0.5,validation,discovery
586,0.3567177150045071,0.006257678132678128,0.9710933205118187,33532,481,0.01434450673983061,24493,290,0.011840117584616013,1152,275,0.2387152777777778,BBH,0.5,validation,discovery
587,0.478611753841267,0.011162908037908047,0.9677659288301923,33532,536,0.015984731003220804,24493,340,0.013881517168170498,1152,296,0.2569444444444444,BBH,0.5,validation,discovery
588,0.5174122721027284,0.014201254826254835,0.9710339028032182,33532,481,0.01434450673983061,24493,289,0.011799289592944923,1152,268,0.2326388888888889,BBH,0.5,validation,discovery
589,0.35161385122432604,0.0086793815607375,0.9637255246453601,33532,605,0.01804246689729214,24493,400,0.01633119666843588,1152,347,0.3012152777777778,BBH,0.5,validation,discovery
590,0.5038828444873072,0.006837535174399584,0.971390409054821,33532,476,0.014195395443158773,24493,280,0.011431837667905115,1152,259,0.2248263888888889,BBH,0.5,validation,discovery
591,0.45259901657618856,0.014127967252967258,0.9680630173731946,33532,532,0.015865441965883336,24493,334,0.013636549218143959,1152,302,0.2621527777777778,BBH,0.5,validation,discovery
592,0.41265014984712045,0.013060503685503693,0.9679441819559936,33532,532,0.015865441965883336,24493,324,0.013228269301433063,1152,288,0.25,BBH,0.5,validation,discovery
593,0.35349628058889254,0.007239382239382232,0.9719845861408258,33532,466,0.013897172849815101,24493,294,0.012003429551300371,1152,280,0.24305555555555555,BBH,0.5,validation,discovery
594,0.4315133398185133,0.010164182039182044,0.9703208903000126,33532,494,0.014732196111177383,24493,294,0.012003429551300371,1152,285,0.24739583333333334,BBH,0.5,validation,discovery
595,0.3969155988053935,0.01136943679316561,0.9681818527903956,33532,530,0.015805797447214602,24493,364,0.014861388968276651,1152,319,0.2769097222222222,BBH,0.5,validation,discovery
596,0.5421124815679792,0.007287440285321648,0.9717469153064239,33532,470,0.014016461887152571,24493,300,0.01224839750132691,1152,282,0.24479166666666666,BBH,0.5,validation,discovery
597,0.21812184472056093,0.006636100386100379,0.9697267132140078,33532,504,0.015030418704521055,24493,306,0.012493365451353449,1152,293,0.2543402777777778,BBH,0.5,validation,discovery
598,0.49001513449063605,0.008291546691970427,0.9688948652936012,33532,518,0.015447930335202194,24493,313,0.012779161393051075,1152,289,0.2508680555555556,BBH,0.5,validation,discovery
599,0.28037356314023815,0.010969857844857846,0.9654486381947738,33532,577,0.017207443635929857,24493,346,0.014126485118197037,1152,313,0.2717013888888889,BBH,0.5,validation,discovery
600,0.2821134451660244,0.006254703553432366,0.968478941333398,33532,525,0.015656686150542765,24493,318,0.012983301351406525,1152,292,0.2534722222222222,BBH,0.5,validation,discovery
601,0.6559616181690314,0.0072058665808665875,0.9690731184194027,33532,515,0.015358463557199093,24493,315,0.012860817376393255,1152,284,0.2465277777777778,BBH,0.5,validation,discovery
602,0.3155521945549529,0.00905032467532468,0.9702614725914122,33532,495,0.01476201837051175,24493,311,0.012697505409708897,1152,278,0.24131944444444445,BBH,0.5,validation,discovery
603,0.4277929647433346,0.014311186186186185,0.9698455486312088,33532,503,0.015000596445186688,24493,298,0.01216674151798473,1152,271,0.23524305555555555,BBH,0.5,validation,discovery
604,0.3214287352971609,0.004786376873241278,0.9665775746581828,33532,556,0.016581176189908148,24493,325,0.013269097293104153,1152,296,0.2569444444444444,BBH,0.5,validation,discovery
605,0.22647933535309964,0.006485828360828359,0.9699643840484097,33532,501,0.014940951926517954,24493,301,0.012289225492998,1152,278,0.24131944444444445,BBH,0.5,validation,discovery
606,0.20268235142474325,0.00785383597883597,0.9644385371485659,33532,593,0.017684599785279732,24493,347,0.014167313109868126,1152,300,0.2604166666666667,BBH,0.5,validation,discovery
607,0.5909538447910084,0.007978961103961098,0.9718063330150244,33532,470,0.014016461887152571,24493,303,0.01237088147634018,1152,286,0.2482638888888889,BBH,0.5,validation,discovery
608,0.19606393362365687,0.006661663176493681,0.967350004869989,33532,544,0.01622330907789574,24493,348,0.014208141101539215,1152,305,0.2647569444444444,BBH,0.5,validation,discovery
609,0.22341303431536105,0.005293239668239663,0.968478941333398,33532,524,0.015626863891208397,24493,331,0.01351406524313069,1152,303,0.2630208333333333,BBH,0.5,validation,discovery
610,0.31197957897627465,0.005018208143208145,0.9712715736376201,33532,479,0.014284862221161876,24493,323,0.013187441309761972,1152,307,0.2664930555555556,BBH,0.5,validation,discovery
611,0.4155507253690365,0.014993199368199369,0.9689542830022017,33532,516,0.01538828581653346,24493,339,0.013840689176499409,1152,309,0.2682291666666667,BBH,0.5,validation,discovery
612,0.8730182245047815,0.010735349453569801,0.970380308008613,33532,492,0.014672551592508649,24493,313,0.012779161393051075,1152,285,0.24739583333333334,BBH,0.5,validation,discovery
613,0.4822830013158846,0.020846130221130223,0.9675282579957903,33532,540,0.016104020040558272,24493,360,0.014698077001592291,1152,314,0.2725694444444444,BBH,0.5,validation,discovery
614,0.4088030556473634,0.011933808808808802,0.967231169452788,33532,547,0.016312775855898843,24493,341,0.013922345159841587,1152,299,0.2595486111111111,BBH,0.5,validation,discovery
615,0.4844318740696336,0.02302452614952615,0.9637255246453601,33532,604,0.01801264463795777,24493,382,0.015596292818356266,1152,337,0.2925347222222222,BBH,0.5,validation,discovery
616,0.20814392432614517,0.006633866008866013,0.9715686621806225,33532,471,0.014046284146486938,24493,295,0.01204425754297146,1152,267,0.23177083333333334,BBH,0.5,validation,discovery
617,0.3463044566477129,0.011341698841698843,0.9677659288301923,33532,535,0.015954908743886435,24493,333,0.01359572122647287,1152,298,0.2586805555555556,BBH,0.5,validation,discovery
618,0.7112237827402766,0.014872542997542997,0.9668152454925847,33532,553,0.016491709411905045,24493,345,0.014085657126525946,1152,312,0.2708333333333333,BBH,0.5,validation,discovery
619,0.3528070779107218,0.011882458757458757,0.970380308008613,33532,493,0.014702373851843016,24493,322,0.013146613318090883,1152,298,0.2586805555555556,BBH,0.5,validation,discovery
620,0.362621770775544,0.016491532116532127,0.9688948652936012,33532,517,0.015418108075867827,24493,349,0.014248969093210304,1152,308,0.2673611111111111,BBH,0.5,validation,discovery
621,0.5000326636268554,0.00513683326183326,0.9686571944591994,33532,523,0.015597041631874031,24493,304,0.012411709468011269,1152,278,0.24131944444444445,BBH,0.5,validation,discovery
622,0.3793345651340024,0.0043399111195721336,0.9694296246710055,33532,510,0.015209352260527258,24493,289,0.011799289592944923,1152,268,0.2326388888888889,BBH,0.5,validation,discovery
623,0.2748219587548102,0.0016601422851422825,0.9681818527903956,33532,531,0.015835619706548967,24493,320,0.013064957334748703,1152,294,0.2552083333333333,BBH,0.5,validation,discovery
624,0.49299742482183767,0.008082954322361105,0.9689542830022017,33532,517,0.015418108075867827,24493,307,0.012534193443024538,1152,269,0.23350694444444445,BBH,0.5,validation,discovery
625,0.28054386851961777,0.0055164122960733065,0.9696672955054073,33532,505,0.015060240963855422,24493,311,0.012697505409708897,1152,284,0.2465277777777778,BBH,0.5,validation,discovery
626,0.4090448072480087,0.012134740259740262,0.9637255246453601,33532,605,0.01804246689729214,24493,363,0.01482056097660556,1152,335,0.2907986111111111,BBH,0.5,validation,discovery
627,0.748978363600435,0.010384410384410384,0.9685383590419984,33532,522,0.015567219372539664,24493,317,0.012942473359735435,1152,286,0.2482638888888889,BBH,0.5,validation,discovery
628,0.2556234304838893,0.010904045279045281,0.9650327142345705,33532,583,0.017386377191936062,24493,326,0.013309925284775242,1152,300,0.2604166666666667,BBH,0.5,validation,discovery
629,0.3989378451381536,0.012186293436293433,0.9674094225785894,33532,544,0.01622330907789574,24493,327,0.013350753276446331,1152,303,0.2630208333333333,BBH,0.5,validation,discovery
630,0.6298189168076899,0.013001272376272376,0.9710933205118187,33532,482,0.014374328999164977,24493,324,0.013228269301433063,1152,295,0.2560763888888889,BBH,0.5,validation,discovery
631,0.6787129049581756,0.006827650895447505,0.9709744850946177,33532,484,0.014433973517833711,24493,288,0.011758461601273834,1152,272,0.2361111111111111,BBH,0.5,validation,discovery
632,0.4104518184579714,0.014933968058968064,0.9671717517441875,33532,545,0.01625313133723011,24493,328,0.013391581268117422,1152,306,0.265625,BBH,0.5,validation,discovery
633,0.271473129074046,0.005655511746613445,0.970736814260216,33532,486,0.014493618036502445,24493,296,0.012085085534642551,1152,274,0.2378472222222222,BBH,0.5,validation,discovery
634,0.317746941751071,0.0038453632203632204,0.9709150673860173,33532,484,0.014433973517833711,24493,288,0.011758461601273834,1152,261,0.2265625,BBH,0.5,validation,discovery
635,0.33804596164315087,0.008065329940329938,0.9687166121677997,33532,519,0.015477752594536561,24493,316,0.012901645368064344,1152,299,0.2595486111111111,BBH,0.5,validation,discovery
636,0.1943685053043177,0.006785803660803671,0.970380308008613,33532,492,0.014672551592508649,24493,281,0.011472665659576206,1152,265,0.2300347222222222,BBH,0.5,validation,discovery
637,0.2515799305555063,0.009985309985309982,0.9682412704989961,33532,529,0.015775975187880233,24493,348,0.014208141101539215,1152,318,0.2760416666666667,BBH,0.5,validation,discovery
638,0.6256022031191438,0.010597651222651229,0.9665775746581828,33532,556,0.016581176189908148,24493,344,0.014044829134854856,1152,316,0.2743055555555556,BBH,0.5,validation,discovery
639,0.43660196654676886,0.004730826605826598,0.9716874975978234,33532,471,0.014046284146486938,24493,263,0.010737761809496591,1152,250,0.2170138888888889,BBH,0.5,validation,discovery
640,0.45332304432385073,0.00841243028743028,0.9702614725914122,33532,495,0.01476201837051175,24493,283,0.011554321642918385,1152,251,0.21788194444444445,BBH,0.5,validation,discovery
641,0.49006888486895095,0.00957160109702482,0.9721628392666272,33532,464,0.013837528331146367,24493,286,0.011676805617931654,1152,265,0.2300347222222222,BBH,0.5,validation,discovery
642,0.20407493842577457,0.0076013513513513535,0.9674688402871898,33532,541,0.01613384229989264,24493,335,0.01367737720981505,1152,303,0.2630208333333333,BBH,0.5,validation,discovery
643,0.5414126409257702,0.006178703053703051,0.971509244472022,33532,475,0.014165573183824406,24493,300,0.01224839750132691,1152,279,0.2421875,BBH,0.5,validation,discovery
644,0.4595303527555876,0.009948909948909948,0.9714498267634215,33532,476,0.014195395443158773,24493,301,0.012289225492998,1152,288,0.25,BBH,0.5,validation,discovery
645,0.3388617288207043,0.011703667953667958,0.970736814260216,33532,488,0.014553262555171179,24493,316,0.012901645368064344,1152,302,0.2621527777777778,BBH,0.5,validation,discovery
646,0.1878535248305252,0.006011206011206013,0.9675876757043907,33532,541,0.01613384229989264,24493,312,0.012738333401379986,1152,289,0.2508680555555556,BBH,0.5,validation,discovery
647,0.22332924417365532,0.006545264172382817,0.9737671173988399,33532,436,0.013002505069784088,24493,287,0.011717633609602743,1152,274,0.2378472222222222,BBH,0.5,validation,discovery
648,0.41010437138571976,0.005427302302302307,0.970380308008613,33532,493,0.014702373851843016,24493,293,0.011962601559629282,1152,274,0.2378472222222222,BBH,0.5,validation,discovery
649,0.3750565453177846,0.015927737802737804,0.9649138788173697,33532,585,0.017446021710604796,24493,360,0.014698077001592291,1152,314,0.2725694444444444,BBH,0.5,validation,discovery
650,0.2798671638809238,0.012494515619515624,0.9687166121677997,33532,521,0.015537397113205297,24493,349,0.014248969093210304,1152,315,0.2734375,BBH,0.5,validation,discovery
651,0.6155709284199521,0.0147992147992148,0.9701426371742111,33532,497,0.014821662889180484,24493,324,0.013228269301433063,1152,299,0.2595486111111111,BBH,0.5,validation,discovery
652,0.33633988921744595,0.007789872196651844,0.9729946871870337,33532,450,0.013420016700465227,24493,266,0.010860245784509859,1152,244,0.21180555555555555,BBH,0.5,validation,discovery
653,0.5399321034288369,0.010497104247104243,0.9681818527903956,33532,531,0.015835619706548967,24493,314,0.012819989384722166,1152,288,0.25,BBH,0.5,validation,discovery
654,0.22787530375463222,0.006992956939990852,0.9687760298764002,33532,520,0.015507574853870928,24493,324,0.013228269301433063,1152,297,0.2578125,BBH,0.5,validation,discovery
655,0.22865273164293393,0.0068617724867724855,0.9756090663654546,33532,405,0.012078015030418705,24493,242,0.009880373984403707,1152,237,0.20572916666666666,BBH,0.5,validation,discovery
656,0.7300427128568813,0.008303108303108302,0.9682412704989961,33532,530,0.015805797447214602,24493,327,0.013350753276446331,1152,298,0.2586805555555556,BBH,0.5,validation,discovery
657,0.2524878113426113,0.008863774488774491,0.9698455486312088,33532,501,0.014940951926517954,24493,318,0.012983301351406525,1152,296,0.2569444444444444,BBH,0.5,validation,discovery
658,0.5750372686294306,0.009256537381537379,0.965092131943171,33532,580,0.01729691041393296,24493,367,0.014983872943289919,1152,323,0.2803819444444444,BBH,0.5,validation,discovery
659,0.31083310233914724,0.012191777816777806,0.9707962319688163,33532,486,0.014493618036502445,24493,319,0.013024129343077614,1152,294,0.2552083333333333,BBH,0.5,validation,discovery
660,0.40314447167475653,0.008256242154547238,0.9661616506979795,33532,565,0.016849576523917453,24493,334,0.013636549218143959,1152,302,0.2621527777777778,BBH,0.5,validation,discovery
661,0.29995961978372043,0.004225092360685582,0.9669340809097857,33532,550,0.016402242633901946,24493,322,0.013146613318090883,1152,286,0.2482638888888889,BBH,0.5,validation,discovery
662,0.5469237241222201,0.015500253582880706,0.9662210684065798,33532,563,0.01678993200524872,24493,374,0.015269668884987547,1152,329,0.2855902777777778,BBH,0.5,validation,discovery
663,0.47359835609663264,0.0056002961193639175,0.9681818527903956,33532,529,0.015775975187880233,24493,309,0.012615849426366716,1152,288,0.25,BBH,0.5,validation,discovery
664,0.32979052987713714,0.005801377676377676,0.9735294465644381,33532,440,0.013121794107121556,24493,282,0.011513493651247295,1152,272,0.2361111111111111,BBH,0.5,validation,discovery
665,0.4135358759391688,0.00783959655781689,0.9668152454925847,33532,553,0.016491709411905045,24493,324,0.013228269301433063,1152,295,0.2560763888888889,BBH,0.5,validation,discovery
666,0.49851806147183947,0.013075655448536807,0.9662210684065798,33532,563,0.01678993200524872,24493,382,0.015596292818356266,1152,332,0.2881944444444444,BBH,0.5,validation,discovery
667,0.4256430239576563,0.012108322277813801,0.9704397257172135,33532,492,0.014672551592508649,24493,321,0.013105785326419794,1152,291,0.2526041666666667,BBH,0.5,validation,discovery
668,0.37020415005429763,0.007723030233623453,0.9677659288301923,33532,537,0.016014553262555173,24493,345,0.014085657126525946,1152,306,0.265625,BBH,0.5,validation,discovery
669,0.3004982226778528,0.008224742599742601,0.9704397257172135,33532,491,0.014642729333174282,24493,285,0.011635977626260565,1152,268,0.2326388888888889,BBH,0.5,validation,discovery
670,0.3593944544013544,0.016493725868725873,0.9710339028032182,33532,481,0.01434450673983061,24493,342,0.013963173151512676,1152,312,0.2708333333333333,BBH,0.5,validation,discovery
671,0.353316329001555,0.010567657548589744,0.969489042379606,33532,508,0.015149707741858523,24493,318,0.012983301351406525,1152,296,0.2569444444444444,BBH,0.5,validation,discovery
672,0.39299625641307634,0.013503641628641637,0.9609923100497384,33532,651,0.01941429082667303,24493,401,0.016372024660106968,1152,336,0.2916666666666667,BBH,0.5,validation,discovery
673,0.44643546712310234,0.00586300586300586,0.9724599278096295,33532,458,0.013658594775140165,24493,294,0.012003429551300371,1152,280,0.24305555555555555,BBH,0.5,validation,discovery
674,0.20747459740510008,0.0044039575289575306,0.9681224350817951,33532,531,0.015835619706548967,24493,331,0.01351406524313069,1152,305,0.2647569444444444,BBH,0.5,validation,discovery
675,0.2392215556230589,0.0030789312039312053,0.9636066892281592,33532,606,0.018072289156626505,24493,374,0.015269668884987547,1152,334,0.2899305555555556,BBH,0.5,validation,discovery
676,0.5906461853169792,0.010497104247104243,0.9733511934386366,33532,443,0.013211260885124657,24493,275,0.011227697709549667,1152,255,0.22135416666666666,BBH,0.5,validation,discovery
677,0.5600266669293423,0.006214446892413003,0.9700832194656106,33532,497,0.014821662889180484,24493,285,0.011635977626260565,1152,263,0.2282986111111111,BBH,0.5,validation,discovery
678,0.4593989885352783,0.0077142077142077214,0.9694296246710055,33532,508,0.015149707741858523,24493,296,0.012085085534642551,1152,278,0.24131944444444445,BBH,0.5,validation,discovery
679,0.5028865645037419,0.009290540540540543,0.9731135226042348,33532,447,0.013330549922462126,24493,265,0.01081941779283877,1152,251,0.21788194444444445,BBH,0.5,validation,discovery
680,0.6114501292566842,0.019273321444931615,0.9701426371742111,33532,497,0.014821662889180484,24493,326,0.013309925284775242,1152,298,0.2586805555555556,BBH,0.5,validation,discovery
681,0.6596955106733952,0.011935311935311943,0.9678847642473931,33532,535,0.015954908743886435,24493,353,0.014412281059894665,1152,310,0.2690972222222222,BBH,0.5,validation,discovery
682,0.17620225783481333,0.008750308750308754,0.9640226131883626,33532,600,0.017893355600620303,24493,351,0.014330625076552484,1152,330,0.2864583333333333,BBH,0.5,validation,discovery
683,0.4835354786335476,0.009903024998363975,0.9672905871613885,33532,544,0.01622330907789574,24493,339,0.013840689176499409,1152,292,0.2534722222222222,BBH,0.5,validation,discovery
684,0.556788026307801,0.013166677573457228,0.9640226131883626,33532,600,0.017893355600620303,24493,376,0.015351324868329727,1152,330,0.2864583333333333,BBH,0.5,validation,discovery
685,0.335609057671724,0.01066273253773254,0.9709150673860173,33532,484,0.014433973517833711,24493,309,0.012615849426366716,1152,288,0.25,BBH,0.5,validation,discovery
686,0.481622820707717,0.012494069432628749,0.9702020548828116,33532,495,0.01476201837051175,24493,310,0.012656677418037807,1152,289,0.2508680555555556,BBH,0.5,validation,discovery
687,0.8548209285955841,0.012682812682812683,0.9722816746838282,33532,462,0.013777883812477633,24493,301,0.012289225492998,1152,280,0.24305555555555555,BBH,0.5,validation,discovery
688,0.49389171909177565,0.008365508365508359,0.9696672955054073,33532,504,0.015030418704521055,24493,301,0.012289225492998,1152,279,0.2421875,BBH,0.5,validation,discovery
689,0.5560437977091974,0.007722007722007729,0.9669934986183861,33532,549,0.016372420374567577,24493,346,0.014126485118197037,1152,314,0.2725694444444444,BBH,0.5,validation,discovery
690,0.3596721574252348,0.014478764478764472,0.9678847642473931,33532,533,0.0158952642252177,24493,328,0.013391581268117422,1152,293,0.2543402777777778,BBH,0.5,validation,discovery
691,0.37264306157171456,0.002967440255575848,0.9731135226042348,33532,447,0.013330549922462126,24493,272,0.011105213734536398,1152,262,0.22743055555555555,BBH,0.5,validation,discovery
692,0.17171873328844858,0.002670202670202676,0.9717469153064239,33532,470,0.014016461887152571,24493,304,0.012411709468011269,1152,279,0.2421875,BBH,0.5,validation,discovery
693,0.33439816056766386,0.013014434889434885,0.9622994996389488,33532,628,0.018728378861982583,24493,411,0.016780304576817867,1152,358,0.3107638888888889,BBH,0.5,validation,discovery
694,0.6863983241480857,0.014433792558792569,0.964082030896963,33532,599,0.017863533341285934,24493,356,0.014534765034907932,1152,313,0.2717013888888889,BBH,0.5,validation,discovery
695,0.3537012828208481,0.009723806598806601,0.9658051444463766,33532,570,0.01699868782058929,24493,350,0.014289797084881395,1152,318,0.2760416666666667,BBH,0.5,validation,discovery
696,0.3370433738949353,0.016208538083538088,0.9646762079829676,33532,588,0.017535488488607896,24493,388,0.015841260768382805,1152,335,0.2907986111111111,BBH,0.5,validation,discovery
697,0.17160294461246833,0.009324056199056189,0.9669934986183861,33532,550,0.016402242633901946,24493,322,0.013146613318090883,1152,293,0.2543402777777778,BBH,0.5,validation,discovery
698,0.5036719732146157,0.009881756756756762,0.9704991434258139,33532,491,0.014642729333174282,24493,290,0.011840117584616013,1152,264,0.22916666666666666,BBH,0.5,validation,discovery
699,0.3895382417705072,0.0032420813670813653,0.9713309913462206,33532,478,0.014255039961827509,24493,283,0.011554321642918385,1152,260,0.22569444444444445,BBH,0.5,validation,discovery
700,0.5638445139134262,0.011462355212355207,0.9712715736376201,33532,478,0.014255039961827509,24493,289,0.011799289592944923,1152,266,0.2309027777777778,BBH,0.5,validation,discovery
701,0.1996232742943959,0.003981660231660239,0.9697267132140078,33532,502,0.01497077418585232,24493,294,0.012003429551300371,1152,263,0.2282986111111111,BBH,0.5,validation,discovery
702,0.27810273604212093,0.007572304447304449,0.9717469153064239,33532,470,0.014016461887152571,24493,293,0.011962601559629282,1152,271,0.23524305555555555,BBH,0.5,validation,discovery
703,0.3281840657486143,0.00856660231660232,0.9676470934129913,33532,540,0.016104020040558272,24493,339,0.013840689176499409,1152,293,0.2543402777777778,BBH,0.5,validation,discovery
704,0.40502894131376943,0.006830491205491212,0.9730541048956343,33532,448,0.013360372181796493,24493,290,0.011840117584616013,1152,268,0.2326388888888889,BBH,0.5,validation,discovery
705,0.6502390794264857,0.012935459810459808,0.9742424590676437,33532,428,0.01276392699510915,24493,267,0.01090107377618095,1152,254,0.2204861111111111,BBH,0.5,validation,discovery
706,0.1478401167989571,0.003666856791856788,0.9689542830022017,33532,516,0.01538828581653346,24493,318,0.012983301351406525,1152,287,0.24913194444444445,BBH,0.5,validation,discovery
707,0.22544025031195453,0.005623144606195449,0.9731729403128353,33532,447,0.013330549922462126,24493,275,0.011227697709549667,1152,264,0.22916666666666666,BBH,0.5,validation,discovery
708,0.5248538847193406,0.013122497497497495,0.9710933205118187,33532,481,0.01434450673983061,24493,309,0.012615849426366716,1152,287,0.24913194444444445,BBH,0.5,validation,discovery
709,0.25016756008468066,0.0074337730587730475,0.9689542830022017,33532,518,0.015447930335202194,24493,315,0.012860817376393255,1152,295,0.2560763888888889,BBH,0.5,validation,discovery
710,0.34843996611867284,0.007256764936849685,0.9742424590676437,33532,428,0.01276392699510915,24493,252,0.010288653901114605,1152,243,0.2109375,BBH,0.5,validation,discovery
711,0.26519679920942096,0.004807514977006499,0.9665775746581828,33532,558,0.016640820708576882,24493,340,0.013881517168170498,1152,312,0.2708333333333333,BBH,0.5,validation,discovery
712,0.5257834774967033,0.005789271414271411,0.9713309913462206,33532,477,0.01422521770249314,24493,296,0.012085085534642551,1152,278,0.24131944444444445,BBH,0.5,validation,discovery
713,0.28672762066848717,0.005539021164021166,0.9679441819559936,33532,534,0.01592508648455207,24493,321,0.013105785326419794,1152,295,0.2560763888888889,BBH,0.5,validation,discovery
714,0.13334247867195945,0.005670849420849418,0.9676470934129913,33532,540,0.016104020040558272,24493,321,0.013105785326419794,1152,286,0.2482638888888889,BBH,0.5,validation,discovery
715,0.3125842966227362,0.011285311285311284,0.9662210684065798,33532,561,0.016730287486579985,24493,365,0.01490221695994774,1152,332,0.2881944444444444,BBH,0.5,validation,discovery
716,0.41133468026772957,0.006845715267325433,0.9722816746838282,33532,462,0.013777883812477633,24493,291,0.011880945576287102,1152,271,0.23524305555555555,BBH,0.5,validation,discovery
717,0.24455726971251865,0.0040767538119232975,0.9723410923924286,33532,460,0.0137182392938089,24493,257,0.010492793859470053,1152,250,0.2170138888888889,BBH,0.5,validation,discovery
718,0.2638204499768004,0.00398166023166023,0.9690137007108022,33532,515,0.015358463557199093,24493,326,0.013309925284775242,1152,300,0.2604166666666667,BBH,0.5,validation,discovery
719,0.4588073912145522,0.005781633906633907,0.9684195236247974,33532,526,0.015686508409877134,24493,324,0.013228269301433063,1152,301,0.2612847222222222,BBH,0.5,validation,discovery
720,0.17238805150314002,0.006329990704990709,0.9731729403128353,33532,447,0.013330549922462126,24493,261,0.010656105826154411,1152,253,0.21961805555555555,BBH,0.5,validation,discovery
721,0.43520820238051333,0.0061534749034749,0.9727570163526319,33532,452,0.013479661219133961,24493,296,0.012085085534642551,1152,279,0.2421875,BBH,0.5,validation,discovery
722,0.19491268981035698,0.002391654669197034,0.9660428152807785,33532,567,0.016909221042586187,24493,348,0.014208141101539215,1152,313,0.2717013888888889,BBH,0.5,validation,discovery
723,0.28587815932671773,0.0031798438048438044,0.9722816746838282,33532,460,0.0137182392938089,24493,274,0.011186869717878578,1152,258,0.22395833333333334,BBH,0.5,validation,discovery
724,0.21746747004527012,0.005972490347490362,0.9644979548571664,33532,590,0.01759513300727663,24493,337,0.013759033193157228,1152,301,0.2612847222222222,BBH,0.5,validation,discovery
725,0.2742172240435065,0.0040767538119233,0.9700832194656106,33532,497,0.014821662889180484,24493,303,0.01237088147634018,1152,281,0.2439236111111111,BBH,0.5,validation,discovery
726,0.6872521733622291,0.010177588302588296,0.9726975986440315,33532,454,0.013539305737802695,24493,286,0.011676805617931654,1152,270,0.234375,BBH,0.5,validation,discovery
727,0.7810712158162206,0.016563438438438424,0.9626560058905517,33532,622,0.01854944530597638,24493,405,0.01653533662679133,1152,342,0.296875,BBH,0.5,validation,discovery
728,0.4110000345325962,0.007519085644085646,0.967112334035587,33532,547,0.016312775855898843,24493,336,0.01371820520148614,1152,308,0.2673611111111111,BBH,0.5,validation,discovery
729,0.12271076141478217,0.004044832858392183,0.9668152454925847,33532,552,0.01646188715257068,24493,329,0.013432409259788511,1152,304,0.2638888888888889,BBH,0.5,validation,discovery
730,0.14601825277365557,0.002508220993390486,0.9734700288558376,33532,441,0.013151616366455923,24493,271,0.011064385742865309,1152,263,0.2282986111111111,BBH,0.5,validation,discovery
731,0.4553012438817217,0.00617494764740528,0.9663399038237809,33532,559,0.01667064296791125,24493,356,0.014534765034907932,1152,332,0.2881944444444444,BBH,0.5,validation,discovery
732,0.22251431823880097,0.005791505791505792,0.9716874975978234,33532,471,0.014046284146486938,24493,281,0.011472665659576206,1152,264,0.22916666666666666,BBH,0.5,validation,discovery
733,0.36243017995656857,0.013374210249210244,0.9663993215323814,33532,561,0.016730287486579985,24493,342,0.013963173151512676,1152,302,0.2621527777777778,BBH,0.5,validation,discovery
734,0.5087202482824877,0.00690646003146003,0.9722222569752277,33532,462,0.013777883812477633,24493,276,0.011268525701220757,1152,262,0.22743055555555555,BBH,0.5,validation,discovery
735,0.5580398173421453,0.009909463034463033,0.9686571944591994,33532,521,0.015537397113205297,24493,325,0.013269097293104153,1152,294,0.2552083333333333,BBH,0.5,validation,discovery
736,0.6887166283999548,0.016179125554125554,0.9666964100753836,33532,553,0.016491709411905045,24493,363,0.01482056097660556,1152,322,0.2795138888888889,BBH,0.5,validation,discovery
737,0.16308192103033722,0.007867242242242235,0.9695484600882064,33532,507,0.015119885482524156,24493,313,0.012779161393051075,1152,277,0.2404513888888889,BBH,0.5,validation,discovery
738,0.18441711585127527,0.004343629343629351,0.9724005101010291,33532,460,0.0137182392938089,24493,277,0.011309353692891847,1152,262,0.22743055555555555,BBH,0.5,validation,discovery
739,0.38490786331722265,0.009354809354809352,0.9707962319688163,33532,486,0.014493618036502445,24493,310,0.012656677418037807,1152,294,0.2552083333333333,BBH,0.5,validation,discovery
740,0.426658904735922,0.012036021411021412,0.9594474496261262,33532,678,0.020219491828700944,24493,410,0.016739476585146778,1152,351,0.3046875,BBH,0.5,validation,discovery
741,0.5095051903622112,0.010693810693810691,0.9676470934129913,33532,540,0.016104020040558272,24493,331,0.01351406524313069,1152,308,0.2673611111111111,BBH,0.5,validation,discovery
742,0.2676389541331303,0.0038125292362580533,0.9722222569752277,33532,462,0.013777883812477633,24493,289,0.011799289592944923,1152,273,0.23697916666666666,BBH,0.5,validation,discovery
743,0.2784224383355693,0.0047078328328328395,0.9709744850946177,33532,483,0.014404151258499344,24493,295,0.01204425754297146,1152,275,0.2387152777777778,BBH,0.5,validation,discovery
744,0.6443085891132296,0.015082046332046333,0.9722222569752277,33532,463,0.013807706071812,24493,292,0.011921773567958193,1152,279,0.2421875,BBH,0.5,validation,discovery
745,0.43053754836681246,0.014816114816114811,0.9653892204861733,33532,576,0.01717762137659549,24493,359,0.014657249009921202,1152,308,0.2673611111111111,BBH,0.5,validation,discovery
746,0.881093305911045,0.012706903331903337,0.9635472715195588,33532,609,0.018161755934629608,24493,359,0.014657249009921202,1152,317,0.2751736111111111,BBH,0.5,validation,discovery
747,0.5267632601609429,0.022454150579150577,0.9639037777711615,33532,601,0.01792317785995467,24493,383,0.015637120810027355,1152,339,0.2942708333333333,BBH,0.5,validation,discovery
748,0.09466221103808775,0.004555270656965578,0.9731729403128353,33532,446,0.01330072766312776,24493,273,0.011146041726207487,1152,256,0.2222222222222222,BBH,0.5,validation,discovery
749,0.6874243368490762,0.004359269984269984,0.9675282579957903,33532,542,0.016163664559227006,24493,315,0.012860817376393255,1152,284,0.2465277777777778,BBH,0.5,validation,discovery
750,0.27751697623360677,0.009411348394399237,0.9700832194656106,33532,497,0.014821662889180484,24493,312,0.012738333401379986,1152,281,0.2439236111111111,BBH,0.5,validation,discovery
751,0.4242934698157591,0.01435810810810811,0.9702614725914122,33532,495,0.01476201837051175,24493,309,0.012615849426366716,1152,272,0.2361111111111111,BBH,0.5,validation,discovery
752,0.39308921613345726,0.01302101614601614,0.9710339028032182,33532,482,0.014374328999164977,24493,311,0.012697505409708897,1152,283,0.2456597222222222,BBH,0.5,validation,discovery
753,0.1638044510959103,0.0066523490252303795,0.9695484600882064,33532,506,0.015090063223189789,24493,321,0.013105785326419794,1152,301,0.2612847222222222,BBH,0.5,validation,discovery
754,0.251271201206649,0.00835271147771147,0.9693107892538045,33532,512,0.015268996779195992,24493,323,0.013187441309761972,1152,299,0.2595486111111111,BBH,0.5,validation,discovery
755,0.3132386550207683,0.006191289242136698,0.9695484600882064,33532,507,0.015119885482524156,24493,293,0.011962601559629282,1152,267,0.23177083333333334,BBH,0.5,validation,discovery
756,0.38808986434926884,0.006722549095430445,0.9676470934129913,33532,540,0.016104020040558272,24493,336,0.01371820520148614,1152,304,0.2638888888888889,BBH,0.5,validation,discovery
757,0.5283591822692306,0.007938742313742315,0.9693107892538045,33532,511,0.015239174519861625,24493,309,0.012615849426366716,1152,283,0.2456597222222222,BBH,0.5,validation,discovery
758,0.31053701028840675,0.007601351351351345,0.970380308008613,33532,494,0.014732196111177383,24493,299,0.01220756950965582,1152,283,0.2456597222222222,BBH,0.5,validation,discovery
759,0.2386197342720761,0.0029889873639873657,0.9661616506979795,33532,563,0.01678993200524872,24493,335,0.01367737720981505,1152,299,0.2595486111111111,BBH,0.5,validation,discovery
760,0.23501452381017282,0.0055501930501930564,0.9690731184194027,33532,514,0.015328641297864726,24493,315,0.012860817376393255,1152,292,0.2534722222222222,BBH,0.5,validation,discovery
761,0.5177427235161889,0.006902808597723854,0.9698896608961041,33531,501,0.014941397512749395,24493,322,0.013146613318090883,1152,288,0.25,BBH,0.5,validation,discovery
762,0.2685140073126088,0.0037908037908037885,0.9720440038494261,33532,464,0.013837528331146367,24493,278,0.011350181684562937,1152,259,0.2248263888888889,BBH,0.5,validation,discovery
763,0.2740957558164888,0.005211258336258332,0.9682412704989961,33532,528,0.015746152928545868,24493,307,0.012534193443024538,1152,281,0.2439236111111111,BBH,0.5,validation,discovery
764,0.7627807288126491,0.009559195999873971,0.9662804861151804,33532,562,0.01676010974591435,24493,339,0.013840689176499409,1152,306,0.265625,BBH,0.5,validation,discovery
765,0.20317415002640143,0.003296274482715157,0.9714498267634215,33532,475,0.014165573183824406,24493,293,0.011962601559629282,1152,271,0.23524305555555555,BBH,0.5,validation,discovery
766,0.2002114423228386,0.006877413127413126,0.9688354475850007,33532,518,0.015447930335202194,24493,309,0.012615849426366716,1152,285,0.24739583333333334,BBH,0.5,validation,discovery
767,0.35071964342576295,0.006286806286806279,0.9686571944591994,33532,521,0.015537397113205297,24493,311,0.012697505409708897,1152,278,0.24131944444444445,BBH,0.5,validation,discovery
768,0.1342995245115921,0.0036943344676395496,0.9697861309226083,33532,504,0.015030418704521055,24493,287,0.011717633609602743,1152,273,0.23697916666666666,BBH,0.5,validation,discovery
769,0.48691278872610805,0.014830861705861707,0.9687166121677997,33532,520,0.015507574853870928,24493,310,0.012656677418037807,1152,283,0.2456597222222222,BBH,0.5,validation,discovery
770,0.39911279053992493,0.012696340821340824,0.9697267132140078,33532,503,0.015000596445186688,24493,318,0.012983301351406525,1152,293,0.2543402777777778,BBH,0.5,validation,discovery
771,0.5770734141595333,0.005208333333333328,0.9642008663141639,33532,597,0.0178038888226172,24493,370,0.015106356918303188,1152,333,0.2890625,BBH,0.5,validation,discovery
772,0.2722304879926101,0.006684474481084647,0.9715686621806225,33532,474,0.014135750924490039,24493,300,0.01224839750132691,1152,286,0.2482638888888889,BBH,0.5,validation,discovery
773,0.4483871562205395,0.008083976833976842,0.9700832194656106,33532,498,0.01485148514851485,24493,308,0.012575021434695627,1152,284,0.2465277777777778,BBH,0.5,validation,discovery
774,0.3198161326531234,0.006013390812119628,0.9696078777968068,33532,506,0.015090063223189789,24493,309,0.012615849426366716,1152,286,0.2482638888888889,BBH,0.5,validation,discovery
775,0.5878857313917697,0.010585951210951213,0.9644979548571664,33532,591,0.017624955266611,24493,340,0.013881517168170498,1152,294,0.2552083333333333,BBH,0.5,validation,discovery
776,0.4410460218464341,0.007485231214044777,0.9686571944591994,33532,523,0.015597041631874031,24493,333,0.01359572122647287,1152,307,0.2664930555555556,BBH,0.5,validation,discovery
777,0.3806502486649085,0.0062576781326781315,0.9724005101010291,33532,458,0.013658594775140165,24493,294,0.012003429551300371,1152,274,0.2378472222222222,BBH,0.5,validation,discovery
778,0.1979520286599104,0.010376447876447877,0.9719845861408258,33532,466,0.013897172849815101,24493,292,0.011921773567958193,1152,265,0.2300347222222222,BBH,0.5,validation,discovery
779,0.7350147822272047,0.012641497016497015,0.9650327142345705,33532,583,0.017386377191936062,24493,365,0.01490221695994774,1152,331,0.2873263888888889,BBH,0.5,validation,discovery
780,0.17667854214733417,0.0052085984289373995,0.9676470934129913,33532,539,0.016074197781223907,24493,337,0.013759033193157228,1152,301,0.2612847222222222,BBH,0.5,validation,discovery
781,0.5300484873360406,0.00423937034106526,0.9694296246710055,33532,508,0.015149707741858523,24493,306,0.012493365451353449,1152,280,0.24305555555555555,BBH,0.5,validation,discovery
782,0.3490626554772999,0.0100770007020007,0.9719251684322253,33532,465,0.013867350590480734,24493,292,0.011921773567958193,1152,272,0.2361111111111111,BBH,0.5,validation,discovery
783,0.25125310428913,0.00789421726921726,0.9685383590419984,33532,524,0.015626863891208397,24493,307,0.012534193443024538,1152,285,0.24739583333333334,BBH,0.5,validation,discovery
784,0.3594170821044003,0.016963188838188842,0.9691919538366035,33532,513,0.01529881903853036,24493,322,0.013146613318090883,1152,297,0.2578125,BBH,0.5,validation,discovery
785,0.3787358357515525,0.008694408694408693,0.9681818527903956,33532,530,0.015805797447214602,24493,339,0.013840689176499409,1152,312,0.2708333333333333,BBH,0.5,validation,discovery
786,0.4945400028150084,0.012246621621621625,0.9709150673860173,33532,485,0.014463795777168078,24493,314,0.012819989384722166,1152,294,0.2552083333333333,BBH,0.5,validation,discovery
787,0.4957461631789768,0.012169840294840303,0.9679441819559936,33532,533,0.0158952642252177,24493,338,0.013799861184828318,1152,308,0.2673611111111111,BBH,0.5,validation,discovery
788,0.17124590518265884,0.007029878904878902,0.9733511934386366,33532,443,0.013211260885124657,24493,261,0.010656105826154411,1152,251,0.21788194444444445,BBH,0.5,validation,discovery
789,0.517401179135551,0.008433880308880301,0.9709744850946177,33532,484,0.014433973517833711,24493,317,0.012942473359735435,1152,283,0.2456597222222222,BBH,0.5,validation,discovery
790,0.3180169040893935,0.006716878803743206,0.9665775746581828,33532,558,0.016640820708576882,24493,329,0.013432409259788511,1152,303,0.2630208333333333,BBH,0.5,validation,discovery
791,0.38432101209763087,0.008165550538431895,0.9715686621806225,33532,472,0.014076106405821305,24493,278,0.011350181684562937,1152,256,0.2222222222222222,BBH,0.5,validation,discovery
792,0.16448967421495653,0.004946911196911191,0.9670529163269865,33532,550,0.016402242633901946,24493,339,0.013840689176499409,1152,306,0.265625,BBH,0.5,validation,discovery
793,0.5955337562843572,0.014163717288717279,0.9668746632011852,33532,553,0.016491709411905045,24493,372,0.015188012901645368,1152,338,0.2934027777777778,BBH,0.5,validation,discovery
794,0.4720934620965839,0.0026700807950807842,0.9687166121677997,33532,520,0.015507574853870928,24493,331,0.01351406524313069,1152,304,0.2638888888888889,BBH,0.5,validation,discovery
795,0.30959621211370275,0.007440612525358285,0.9674688402871898,33532,543,0.016193486818561375,24493,352,0.014371453068223574,1152,312,0.2708333333333333,BBH,0.5,validation,discovery
796,0.35628175767753234,0.012885653510653506,0.9693107892538045,33532,511,0.015239174519861625,24493,309,0.012615849426366716,1152,280,0.24305555555555555,BBH,0.5,validation,discovery
797,0.19506622632604087,0.007183522808522811,0.9651515496517714,33532,582,0.017356554932601694,24493,346,0.014126485118197037,1152,316,0.2743055555555556,BBH,0.5,validation,discovery
798,0.6139326602302857,0.02003663566163566,0.9642602840227643,33532,596,0.017774066563282835,24493,388,0.015841260768382805,1152,332,0.2881944444444444,BBH,0.5,validation,discovery
799,0.44856119960712565,0.013367628992628989,0.970736814260216,33532,487,0.014523440295836812,24493,286,0.011676805617931654,1152,269,0.23350694444444445,BBH,0.5,validation,discovery
800,0.46295740347359043,0.011986903671225704,0.9664587392409819,33532,559,0.01667064296791125,24493,330,0.0134732372514596,1152,303,0.2630208333333333,BBH,0.5,validation,discovery
801,0.22948712740003493,0.007285736099295421,0.9681818527903956,33532,531,0.015835619706548967,24493,330,0.0134732372514596,1152,305,0.2647569444444444,BBH,0.5,validation,discovery
802,0.1897477626328664,0.0035410713376814998,0.9721034215580266,33532,465,0.013867350590480734,24493,276,0.011268525701220757,1152,265,0.2300347222222222,BBH,0.5,validation,discovery
803,0.28802097761886475,0.00971897290753223,0.9649138788173697,33532,586,0.01747584396993916,24493,367,0.014983872943289919,1152,331,0.2873263888888889,BBH,0.5,validation,discovery
804,0.27208975440483324,0.006204865579865583,0.9755496486568541,33532,405,0.012078015030418705,24493,264,0.01077858980116768,1152,252,0.21875,BBH,0.5,validation,discovery
805,0.400795272095779,0.005401240994461327,0.9724005101010291,33532,458,0.013658594775140165,24493,297,0.01212591352631364,1152,277,0.2404513888888889,BBH,0.5,validation,discovery
806,0.3541618541048964,0.006904593345271315,0.9670529163269865,33532,548,0.01634259811523321,24493,326,0.013309925284775242,1152,302,0.2621527777777778,BBH,0.5,validation,discovery
807,0.33139611176200445,0.014966874341874346,0.9704991434258139,33532,492,0.014672551592508649,24493,302,0.012330053484669088,1152,287,0.24913194444444445,BBH,0.5,validation,discovery
808,0.398054566895082,0.009908213298043807,0.9631313475593555,33532,614,0.018310867231301445,24493,387,0.015800432776711712,1152,337,0.2925347222222222,BBH,0.5,validation,discovery
809,0.40395415960448017,0.009023683599954783,0.9700238017570101,33532,500,0.014911129667183587,24493,317,0.012942473359735435,1152,290,0.2517361111111111,BBH,0.5,validation,discovery
810,0.389458431932505,0.01627215689715689,0.9642602840227643,33532,596,0.017774066563282835,24493,376,0.015351324868329727,1152,336,0.2916666666666667,BBH,0.5,validation,discovery
811,0.3481334314388602,0.008734424359424363,0.9663399038237809,33532,562,0.01676010974591435,24493,344,0.014044829134854856,1152,306,0.265625,BBH,0.5,validation,discovery
812,0.31850075669388683,0.00686412047640861,0.9729352694784332,33532,450,0.013420016700465227,24493,274,0.011186869717878578,1152,261,0.2265625,BBH,0.5,validation,discovery
813,0.37590696145614505,0.00870259636149466,0.9724005101010291,33532,459,0.013688417034474532,24493,290,0.011840117584616013,1152,267,0.23177083333333334,BBH,0.5,validation,discovery
814,0.579201473111717,0.01290913478413478,0.9702020548828116,33532,497,0.014821662889180484,24493,309,0.012615849426366716,1152,289,0.2508680555555556,BBH,0.5,validation,discovery
815,0.5207799803398874,0.006359606359606355,0.9728758517698328,33532,451,0.013449838959799594,24493,275,0.011227697709549667,1152,261,0.2265625,BBH,0.5,validation,discovery
816,0.27176221381502375,0.004661804661804658,0.9725193455182299,33532,456,0.01359895025647143,24493,258,0.010533621851141142,1152,251,0.21788194444444445,BBH,0.5,validation,discovery
817,0.40808505420978297,0.008551408551408552,0.9727570163526319,33532,453,0.013509483478468328,24493,275,0.011227697709549667,1152,261,0.2265625,BBH,0.5,validation,discovery
818,0.2047138362775842,0.003876341535239841,0.9719251684322253,33532,466,0.013897172849815101,24493,287,0.011717633609602743,1152,268,0.2326388888888889,BBH,0.5,validation,discovery
819,0.49646366406483466,0.010725124337412472,0.9649138788173697,33532,585,0.017446021710604796,24493,373,0.015228840893316458,1152,324,0.28125,BBH,0.5,validation,discovery
820,0.22269562006308166,0.0005211022160174704,0.9696672955054073,33532,506,0.015090063223189789,24493,313,0.012779161393051075,1152,289,0.2508680555555556,BBH,0.5,validation,discovery
821,0.2815517587058274,0.013275491400491408,0.9689542830022017,33532,516,0.01538828581653346,24493,314,0.012819989384722166,1152,291,0.2526041666666667,BBH,0.5,validation,discovery
822,0.40328326565930567,0.004238310647208947,0.9686571944591994,33532,522,0.015567219372539664,24493,320,0.013064957334748703,1152,281,0.2439236111111111,BBH,0.5,validation,discovery
823,0.5415132727518432,0.005772078070806884,0.9662804861151804,33532,562,0.01676010974591435,24493,320,0.013064957334748703,1152,284,0.2465277777777778,BBH,0.5,validation,discovery
824,0.5842589634241051,0.006284003159003161,0.9678847642473931,33532,536,0.015984731003220804,24493,329,0.013432409259788511,1152,285,0.24739583333333334,BBH,0.5,validation,discovery
825,0.16035374883328515,0.006955616330616316,0.970736814260216,33532,487,0.014523440295836812,24493,285,0.011635977626260565,1152,268,0.2326388888888889,BBH,0.5,validation,discovery
826,0.5977673813382027,0.008474992849992848,0.9644385371485659,33532,591,0.017624955266611,24493,372,0.015188012901645368,1152,324,0.28125,BBH,0.5,validation,discovery
827,0.4151171869832119,0.01060350122850123,0.9659239798635776,33532,568,0.016939043301920552,24493,330,0.0134732372514596,1152,301,0.2612847222222222,BBH,0.5,validation,discovery
828,0.3567138347134253,0.003572769197769203,0.9708556496774168,33532,485,0.014463795777168078,24493,294,0.012003429551300371,1152,271,0.23524305555555555,BBH,0.5,validation,discovery
829,0.2349742311849131,0.004618684968261243,0.969489042379606,33532,506,0.015090063223189789,24493,314,0.012819989384722166,1152,288,0.25,BBH,0.5,validation,discovery
830,0.14045862730537728,0.0038804315817027777,0.9719845861408258,33532,467,0.01392699510914947,24493,269,0.010982729759523129,1152,249,0.21614583333333334,BBH,0.5,validation,discovery
831,0.2563859915639888,0.005150605150605143,0.9740047882332419,33532,432,0.012883216032446618,24493,270,0.01102355775119422,1152,256,0.2222222222222222,BBH,0.5,validation,discovery
832,0.2964134529529821,0.007601351351351351,0.9706179788430149,33532,490,0.014612907073839915,24493,289,0.011799289592944923,1152,279,0.2421875,BBH,0.5,validation,discovery
833,0.44883121112314284,0.006226073228191877,0.9733511934386366,33532,444,0.013241083144459024,24493,293,0.011962601559629282,1152,274,0.2378472222222222,BBH,0.5,validation,discovery
834,0.38745243052085526,0.00903082259014463,0.9681224350817951,33532,531,0.015835619706548967,24493,328,0.013391581268117422,1152,289,0.2508680555555556,BBH,0.5,validation,discovery
835,0.26069389722585123,0.010610603036450492,0.9678847642473931,33532,536,0.015984731003220804,24493,321,0.013105785326419794,1152,294,0.2552083333333333,BBH,0.5,validation,discovery
836,0.26800877964684183,0.0030164092664092612,0.9721628392666272,33532,464,0.013837528331146367,24493,278,0.011350181684562937,1152,264,0.22916666666666666,BBH,0.5,validation,discovery
837,0.4509559318235444,0.010209350887316991,0.9664587392409819,33532,558,0.016640820708576882,24493,336,0.01371820520148614,1152,300,0.2604166666666667,BBH,0.5,validation,discovery
838,0.28236912202249176,0.005670849420849415,0.9665181569495823,33532,557,0.016610998449242513,24493,348,0.014208141101539215,1152,314,0.2725694444444444,BBH,0.5,validation,discovery
839,0.4203032442656896,0.01311802874302874,0.9676470934129913,33532,539,0.016074197781223907,24493,328,0.013391581268117422,1152,305,0.2647569444444444,BBH,0.5,validation,discovery
840,0.42866092923260146,0.0050340519090519105,0.9683601059161969,33532,528,0.015746152928545868,24493,318,0.012983301351406525,1152,289,0.2508680555555556,BBH,0.5,validation,discovery
841,0.490557369158848,0.004178001053001046,0.9680035996645941,33532,533,0.0158952642252177,24493,333,0.01359572122647287,1152,310,0.2690972222222222,BBH,0.5,validation,discovery
842,0.5614434389975047,0.012501340626340625,0.967231169452788,33532,547,0.016312775855898843,24493,356,0.014534765034907932,1152,331,0.2873263888888889,BBH,0.5,validation,discovery
843,0.12384690102668484,0.004946911196911191,0.9699643840484097,33532,501,0.014940951926517954,24493,299,0.01220756950965582,1152,282,0.24479166666666666,BBH,0.5,validation,discovery
844,0.2859074342737378,0.015084280709280709,0.9662804861151804,33532,563,0.01678993200524872,24493,349,0.014248969093210304,1152,319,0.2769097222222222,BBH,0.5,validation,discovery
845,0.46748507653310395,0.010919401544401549,0.9676470934129913,33532,539,0.016074197781223907,24493,322,0.013146613318090883,1152,299,0.2595486111111111,BBH,0.5,validation,discovery
846,0.7634622230216985,0.012416358549833122,0.9645573725657667,33532,591,0.017624955266611,24493,352,0.014371453068223574,1152,314,0.2725694444444444,BBH,0.5,validation,discovery
847,0.23625496245932728,0.008028117403117398,0.9685977767505989,33532,524,0.015626863891208397,24493,294,0.012003429551300371,1152,276,0.23958333333333334,BBH,0.5,validation,discovery
848,0.4921306067763941,0.006885820445142479,0.971390409054821,33532,477,0.01422521770249314,24493,308,0.012575021434695627,1152,288,0.25,BBH,0.5,validation,discovery
849,0.20106955957242992,0.008805680680680692,0.9678847642473931,33532,535,0.015954908743886435,24493,350,0.014289797084881395,1152,314,0.2725694444444444,BBH,0.5,validation,discovery
850,0.1801236571931578,0.008381527714154832,0.9635472715195588,33532,608,0.01813193367529524,24493,352,0.014371453068223574,1152,320,0.2777777777777778,BBH,0.5,validation,discovery
851,0.34371279108992936,0.005188223938223948,0.9724599278096295,33532,458,0.013658594775140165,24493,265,0.01081941779283877,1152,251,0.21788194444444445,BBH,0.5,validation,discovery
852,0.33906232740528086,0.008350517725517738,0.9689542830022017,33532,516,0.01538828581653346,24493,305,0.012452537459682358,1152,277,0.2404513888888889,BBH,0.5,validation,discovery
853,0.35707269389780993,0.006294240669240668,0.9732917757300361,33532,443,0.013211260885124657,24493,251,0.010247825909443514,1152,244,0.21180555555555555,BBH,0.5,validation,discovery
854,0.590431551708152,0.01053508866008867,0.9731729403128353,33532,446,0.01330072766312776,24493,266,0.010860245784509859,1152,252,0.21875,BBH,0.5,validation,discovery
855,0.4365137804223918,0.011744828693981241,0.9629530944335539,33532,618,0.018430156268638913,24493,375,0.015310496876658638,1152,333,0.2890625,BBH,0.5,validation,discovery
856,0.22535432453046444,0.0060842092092092005,0.9697861309226083,33532,503,0.015000596445186688,24493,272,0.011105213734536398,1152,257,0.2230902777777778,BBH,0.5,validation,discovery
857,0.227902870032704,0.007606307606307608,0.9672905871613885,33532,546,0.016282953596564474,24493,341,0.013922345159841587,1152,321,0.2786458333333333,BBH,0.5,validation,discovery
858,0.1535605016818946,0.005560064935064935,0.9663399038237809,33532,562,0.01676010974591435,24493,355,0.014493937043236843,1152,323,0.2803819444444444,BBH,0.5,validation,discovery
859,0.268451916083062,0.0050295831545831456,0.973410611147237,33532,442,0.01318143862579029,24493,283,0.011554321642918385,1152,266,0.2309027777777778,BBH,0.5,validation,discovery
860,0.4788733329418126,0.006405106405106411,0.9690731184194027,33532,515,0.015358463557199093,24493,305,0.012452537459682358,1152,284,0.2465277777777778,BBH,0.5,validation,discovery
861,0.4283031131942494,0.01673101673101674,0.9658645621549771,33532,570,0.01699868782058929,24493,380,0.015514636835014086,1152,330,0.2864583333333333,BBH,0.5,validation,discovery
862,0.6175229298731565,0.005659677534677544,0.9707962319688163,33532,486,0.014493618036502445,24493,282,0.011513493651247295,1152,256,0.2222222222222222,BBH,0.5,validation,discovery
863,0.5758205170237287,0.011377486748249458,0.9702020548828116,33532,495,0.01476201837051175,24493,307,0.012534193443024538,1152,286,0.2482638888888889,BBH,0.5,validation,discovery
864,0.3344556921409905,0.005912162162162157,0.969132536128003,33532,514,0.015328641297864726,24493,299,0.01220756950965582,1152,289,0.2508680555555556,BBH,0.5,validation,discovery
865,0.2951813437908754,0.010441163566163574,0.9635472715195588,33532,609,0.018161755934629608,24493,360,0.014698077001592291,1152,319,0.2769097222222222,BBH,0.5,validation,discovery
866,0.24402640846545284,0.00518822393822393,0.9660428152807785,33532,566,0.016879398783251818,24493,309,0.012615849426366716,1152,290,0.2517361111111111,BBH,0.5,validation,discovery
867,0.2907094807569785,0.008368067743067743,0.9677659288301923,33532,537,0.016014553262555173,24493,330,0.0134732372514596,1152,304,0.2638888888888889,BBH,0.5,validation,discovery
868,0.3295457957500239,0.010443357318357322,0.971390409054821,33532,477,0.01422521770249314,24493,273,0.011146041726207487,1152,258,0.22395833333333334,BBH,0.5,validation,discovery
869,0.055356414485032646,0.0038006756756756637,0.9699643840484097,33532,501,0.014940951926517954,24493,320,0.013064957334748703,1152,305,0.2647569444444444,BBH,0.5,validation,discovery
870,0.25550386673372455,0.007681423306423307,0.9728758517698328,33532,451,0.013449838959799594,24493,270,0.01102355775119422,1152,256,0.2222222222222222,BBH,0.5,validation,discovery
871,0.21316291563316275,0.004818377699733631,0.969251371545204,33532,513,0.01529881903853036,24493,290,0.011840117584616013,1152,262,0.22743055555555555,BBH,0.5,validation,discovery
872,0.2642762714700187,0.01145691145691146,0.9713309913462206,33532,478,0.014255039961827509,24493,310,0.012656677418037807,1152,291,0.2526041666666667,BBH,0.5,validation,discovery
873,0.6897966311433376,0.015304712179712179,0.9651515496517714,33532,581,0.017326732673267328,24493,382,0.015596292818356266,1152,333,0.2890625,BBH,0.5,validation,discovery
874,0.2319511577803984,0.007117628992628997,0.9719845861408258,33532,466,0.013897172849815101,24493,272,0.011105213734536398,1152,258,0.22395833333333334,BBH,0.5,validation,discovery
875,0.31162073455067096,0.007867242242242249,0.968478941333398,33532,525,0.015656686150542765,24493,343,0.014004001143183767,1152,306,0.265625,BBH,0.5,validation,discovery
876,0.3798026759683115,0.007284354159354153,0.9718063330150244,33532,469,0.013986639627818204,24493,301,0.012289225492998,1152,281,0.2439236111111111,BBH,0.5,validation,discovery
877,0.2462192035821691,0.009283837408837398,0.9695484600882064,33532,507,0.015119885482524156,24493,314,0.012819989384722166,1152,299,0.2595486111111111,BBH,0.5,validation,discovery
878,0.6967416913748568,0.008293480168480177,0.9712715736376201,33532,478,0.014255039961827509,24493,284,0.011595149634589474,1152,264,0.22916666666666666,BBH,0.5,validation,discovery
879,0.9071069334812207,0.00900677463177462,0.9685383590419984,33532,525,0.015656686150542765,24493,327,0.013350753276446331,1152,289,0.2508680555555556,BBH,0.5,validation,discovery
880,0.4921027998629644,0.0028701901053596033,0.9737076996902394,33532,437,0.013032327329118455,24493,270,0.01102355775119422,1152,251,0.21788194444444445,BBH,0.5,validation,discovery
881,0.5203293359503284,0.008264961389961401,0.9658645621549771,33532,570,0.01699868782058929,24493,354,0.014453109051565754,1152,316,0.2743055555555556,BBH,0.5,validation,discovery
882,0.48509507050337375,0.007085210210210216,0.9668746632011852,33532,551,0.01643206489323631,24493,350,0.014289797084881395,1152,303,0.2630208333333333,BBH,0.5,validation,discovery
883,0.17325561393092653,0.004222972972972968,0.9675876757043907,33532,539,0.016074197781223907,24493,326,0.013309925284775242,1152,290,0.2517361111111111,BBH,0.5,validation,discovery
884,0.5242362947638469,0.007719773344773341,0.969132536128003,33532,515,0.015358463557199093,24493,316,0.012901645368064344,1152,277,0.2404513888888889,BBH,0.5,validation,discovery
885,0.7684512041786412,0.016336668084549442,0.9668152454925847,33532,553,0.016491709411905045,24493,367,0.014983872943289919,1152,321,0.2786458333333333,BBH,0.5,validation,discovery
886,0.6028917604063999,0.005067567567567576,0.9691919538366035,33532,513,0.01529881903853036,24493,293,0.011962601559629282,1152,265,0.2300347222222222,BBH,0.5,validation,discovery
887,0.4533927428412258,0.010349332383230686,0.9662210684065798,33532,563,0.01678993200524872,24493,349,0.014248969093210304,1152,313,0.2717013888888889,BBH,0.5,validation,discovery
888,0.5596958984326953,0.010676043779857347,0.9646167902743672,33532,589,0.017565310747942264,24493,351,0.014330625076552484,1152,317,0.2751736111111111,BBH,0.5,validation,discovery
889,0.40148990611285473,0.007786723411723419,0.9662210684065798,33532,563,0.01678993200524872,24493,334,0.013636549218143959,1152,297,0.2578125,BBH,0.5,validation,discovery
890,0.38366399812156116,0.007678578865019543,0.9705585611344144,33532,491,0.014642729333174282,24493,288,0.011758461601273834,1152,267,0.23177083333333334,BBH,0.5,validation,discovery
891,0.5174551996316115,0.014936161811161818,0.9691919538366035,33532,512,0.015268996779195992,24493,350,0.014289797084881395,1152,313,0.2717013888888889,BBH,0.5,validation,discovery
892,0.4690897267308317,0.008148773773773774,0.9713309913462206,33532,477,0.01422521770249314,24493,283,0.011554321642918385,1152,261,0.2265625,BBH,0.5,validation,discovery
893,0.3391174444170139,0.005219921798311624,0.9643791194399653,33532,594,0.0177144220446141,24493,340,0.013881517168170498,1152,304,0.2638888888888889,BBH,0.5,validation,discovery
894,0.35171944476224004,0.0033544440324101274,0.9723410923924286,33532,461,0.013748061553143266,24493,300,0.01224839750132691,1152,277,0.2404513888888889,BBH,0.5,validation,discovery
895,0.2907214316232483,0.007109523264184287,0.965092131943171,33532,583,0.017386377191936062,24493,358,0.014616421018250112,1152,323,0.2803819444444444,BBH,0.5,validation,discovery
896,0.3093544612283223,0.011462355212355217,0.9688354475850007,33532,519,0.015477752594536561,24493,356,0.014534765034907932,1152,314,0.2725694444444444,BBH,0.5,validation,discovery
897,0.7293584736298631,0.01531271531271532,0.9680035996645941,33532,532,0.015865441965883336,24493,318,0.012983301351406525,1152,291,0.2526041666666667,BBH,0.5,validation,discovery
898,0.4304639874439984,0.013804185679185678,0.961824157970145,33532,636,0.018966956936657522,24493,400,0.01633119666843588,1152,347,0.3012152777777778,BBH,0.5,validation,discovery
899,0.6006682320883232,0.014589548964548955,0.9646762079829676,33532,590,0.01759513300727663,24493,368,0.01502470093496101,1152,340,0.2951388888888889,BBH,0.5,validation,discovery
900,0.4081696378431287,0.018013996138996145,0.9632501829765563,33532,611,0.018221400453298342,24493,385,0.015718776793369534,1152,333,0.2890625,BBH,0.5,validation,discovery
901,0.4639118842089365,0.015565768690768693,0.9690137007108022,33532,514,0.015328641297864726,24493,322,0.013146613318090883,1152,297,0.2578125,BBH,0.5,validation,discovery
902,0.438170552279395,0.01914597227097227,0.9693107892538045,33532,510,0.015209352260527258,24493,346,0.014126485118197037,1152,318,0.2760416666666667,BBH,0.5,validation,discovery
903,0.44445437046262876,0.010311650936650929,0.9693107892538045,33532,512,0.015268996779195992,24493,328,0.013391581268117422,1152,308,0.2673611111111111,BBH,0.5,validation,discovery
904,0.48872879147114845,0.01568642506142505,0.9685977767505989,33532,521,0.015537397113205297,24493,320,0.013064957334748703,1152,290,0.2517361111111111,BBH,0.5,validation,discovery
905,0.6777164228914899,0.017081813956813963,0.973410611147237,33532,441,0.013151616366455923,24493,297,0.01212591352631364,1152,278,0.24131944444444445,BBH,0.5,validation,discovery
906,0.46088875061626855,0.00957430644930646,0.9675876757043907,33532,538,0.016044375521889538,24493,337,0.013759033193157228,1152,311,0.2699652777777778,BBH,0.5,validation,discovery
907,0.23413988818576562,0.003570331695331694,0.9710933205118187,33532,481,0.01434450673983061,24493,287,0.011717633609602743,1152,271,0.23524305555555555,BBH,0.5,validation,discovery
908,0.47424315840672815,0.010037996531640603,0.9705585611344144,33532,490,0.014612907073839915,24493,295,0.01204425754297146,1152,275,0.2387152777777778,BBH,0.5,validation,discovery
909,0.35670722669982363,0.007516891891891897,0.9670529163269865,33532,548,0.01634259811523321,24493,320,0.013064957334748703,1152,296,0.2569444444444444,BBH,0.5,validation,discovery
910,0.15241364006571678,0.004768120393120393,0.9696672955054073,33532,505,0.015060240963855422,24493,299,0.01220756950965582,1152,275,0.2387152777777778,BBH,0.5,validation,discovery
911,0.5808130805757634,0.010007321183168646,0.9714498267634215,33532,476,0.014195395443158773,24493,309,0.012615849426366716,1152,276,0.23958333333333334,BBH,0.5,validation,discovery
912,0.4405379909268734,0.008192586158687848,0.9696672955054073,33532,505,0.015060240963855422,24493,305,0.012452537459682358,1152,275,0.2387152777777778,BBH,0.5,validation,discovery
913,0.5905395192249159,0.009101309101309095,0.9710339028032182,33532,482,0.014374328999164977,24493,280,0.011431837667905115,1152,262,0.22743055555555555,BBH,0.5,validation,discovery
914,0.22209351993685758,0.009156856614483733,0.9623434998390799,33531,628,0.01872893740121082,24493,378,0.015432980851671906,1152,338,0.2934027777777778,BBH,0.5,validation,discovery
915,0.4165600266252586,0.011498143118905832,0.9665775746581828,33532,556,0.016581176189908148,24493,323,0.013187441309761972,1152,296,0.2569444444444444,BBH,0.5,validation,discovery
916,0.4932951405671477,0.015179668304668308,0.9614676517185422,33532,644,0.01920553501133246,24493,396,0.016167884701751522,1152,344,0.2986111111111111,BBH,0.5,validation,discovery
917,0.3633686388410301,0.012494515619515614,0.9641414486055634,33532,598,0.01783371108195157,24493,375,0.015310496876658638,1152,345,0.2994791666666667,BBH,0.5,validation,discovery
918,0.5566703350603911,0.011165183040183033,0.9634284361023577,33532,611,0.018221400453298342,24493,347,0.014167313109868126,1152,307,0.2664930555555556,BBH,0.5,validation,discovery
919,0.1917468361530972,0.006773209898209893,0.9652109673603719,33532,580,0.01729691041393296,24493,363,0.01482056097660556,1152,330,0.2864583333333333,BBH,0.5,validation,discovery
920,0.1897257796317592,0.005768105768105767,0.9710339028032182,33532,483,0.014404151258499344,24493,285,0.011635977626260565,1152,273,0.23697916666666666,BBH,0.5,validation,discovery
921,0.17709272081743446,0.007601351351351349,0.9647950434001686,33532,588,0.017535488488607896,24493,360,0.014698077001592291,1152,307,0.2664930555555556,BBH,0.5,validation,discovery
922,0.987522264718877,0.030408696033696045,0.9621212465131473,33532,632,0.01884766789932005,24493,435,0.01776017637692402,1152,365,0.3168402777777778,BBH,0.5,validation,discovery
923,0.40648753192678194,0.013617716742716734,0.9677659288301923,33532,538,0.016044375521889538,24493,344,0.014044829134854856,1152,315,0.2734375,BBH,0.5,validation,discovery
924,0.21463863142342776,0.003680744358710463,0.9704991434258139,33532,490,0.014612907073839915,24493,284,0.011595149634589474,1152,267,0.23177083333333334,BBH,0.5,validation,discovery
925,0.41106446122394136,0.005835705835705833,0.9707962319688163,33532,486,0.014493618036502445,24493,289,0.011799289592944923,1152,272,0.2361111111111111,BBH,0.5,validation,discovery
926,0.18675861664071702,0.005550193050193043,0.9703208903000126,33532,494,0.014732196111177383,24493,300,0.01224839750132691,1152,271,0.23524305555555555,BBH,0.5,validation,discovery
927,0.37555193072145,0.010979729729729734,0.9704991434258139,33532,491,0.014642729333174282,24493,300,0.01224839750132691,1152,271,0.23524305555555555,BBH,0.5,validation,discovery
928,0.4789166073020544,0.009831300456300452,0.9710933205118187,33532,481,0.01434450673983061,24493,332,0.01355489323480178,1152,298,0.2586805555555556,BBH,0.5,validation,discovery
929,0.2715944647026428,0.007038653913653919,0.9716874975978234,33532,472,0.014076106405821305,24493,299,0.01220756950965582,1152,282,0.24479166666666666,BBH,0.5,validation,discovery
930,0.26926950873734645,0.010741707616707622,0.9708556496774168,33532,486,0.014493618036502445,24493,301,0.012289225492998,1152,288,0.25,BBH,0.5,validation,discovery
931,0.5850558092678567,0.015186416881332137,0.9670529163269865,33532,547,0.016312775855898843,24493,374,0.015269668884987547,1152,319,0.2769097222222222,BBH,0.5,validation,discovery
932,0.17623304349511792,0.0010859073359073368,0.9634284361023577,33532,609,0.018161755934629608,24493,352,0.014371453068223574,1152,314,0.2725694444444444,BBH,0.5,validation,discovery
933,0.3793094489210705,0.010035951508409136,0.9681224350817951,33532,531,0.015835619706548967,24493,329,0.013432409259788511,1152,294,0.2552083333333333,BBH,0.5,validation,discovery
934,0.2993080740825982,0.0057434477455663956,0.9706773965516154,33532,489,0.014583084814505548,24493,309,0.012615849426366716,1152,276,0.23958333333333334,BBH,0.5,validation,discovery
935,0.5670791993438568,0.014177123552123548,0.969132536128003,33532,513,0.01529881903853036,24493,344,0.014044829134854856,1152,307,0.2664930555555556,BBH,0.5,validation,discovery
936,0.7088634174613971,0.013766891891891887,0.9665181569495823,33532,558,0.016640820708576882,24493,339,0.013840689176499409,1152,312,0.2708333333333333,BBH,0.5,validation,discovery
937,0.24911692761260873,0.00693365126627838,0.9728164340612324,33532,452,0.013479661219133961,24493,270,0.01102355775119422,1152,252,0.21875,BBH,0.5,validation,discovery
938,0.387337804948995,0.003639118840390025,0.9700238017570101,33532,500,0.014911129667183587,24493,322,0.013146613318090883,1152,299,0.2595486111111111,BBH,0.5,validation,discovery
939,0.6422624766785077,0.01443070643282509,0.9709150673860173,33532,484,0.014433973517833711,24493,303,0.01237088147634018,1152,278,0.24131944444444445,BBH,0.5,validation,discovery
940,0.2973790628332752,0.010173119548119551,0.9684195236247974,33532,527,0.0157163306692115,24493,334,0.013636549218143959,1152,297,0.2578125,BBH,0.5,validation,discovery
941,0.16082225468386377,0.005351598571937555,0.9676470934129913,33532,540,0.016104020040558272,24493,327,0.013350753276446331,1152,308,0.2673611111111111,BBH,0.5,validation,discovery
942,0.377111865848238,0.005233195858195859,0.9693107892538045,33532,511,0.015239174519861625,24493,305,0.012452537459682358,1152,279,0.2421875,BBH,0.5,validation,discovery
943,0.5161268232070108,0.0037783105579715865,0.9710339028032182,33532,482,0.014374328999164977,24493,303,0.01237088147634018,1152,280,0.24305555555555555,BBH,0.5,validation,discovery
944,0.43769398870306414,0.008072804947804943,0.9687166121677997,33532,520,0.015507574853870928,24493,311,0.012697505409708897,1152,284,0.2465277777777778,BBH,0.5,validation,discovery
945,0.44657138108357547,0.013049413049413051,0.9685977767505989,33532,523,0.015597041631874031,24493,334,0.013636549218143959,1152,297,0.2578125,BBH,0.5,validation,discovery
946,0.3067929683391756,0.006702563641122959,0.9696672955054073,33532,505,0.015060240963855422,24493,299,0.01220756950965582,1152,280,0.24305555555555555,BBH,0.5,validation,discovery
947,0.5781479119928918,0.010379738504738504,0.9665181569495823,33532,558,0.016640820708576882,24493,345,0.014085657126525946,1152,320,0.2777777777777778,BBH,0.5,validation,discovery
948,0.14161679810135247,0.005967226306209357,0.9690137007108022,33532,517,0.015418108075867827,24493,321,0.013105785326419794,1152,295,0.2560763888888889,BBH,0.5,validation,discovery
949,0.41835424935324295,0.008254736273804075,0.9702614725914122,33532,496,0.014791840629846117,24493,321,0.013105785326419794,1152,291,0.2526041666666667,BBH,0.5,validation,discovery
950,0.41592755949602334,0.009437150115116217,0.9719251684322253,33532,467,0.01392699510914947,24493,294,0.012003429551300371,1152,274,0.2378472222222222,BBH,0.5,validation,discovery
951,0.16561887973643855,0.004622926497926496,0.9690731184194027,33532,513,0.01529881903853036,24493,311,0.012697505409708897,1152,283,0.2456597222222222,BBH,0.5,validation,discovery
952,0.5865842165251711,0.013151544401544406,0.9706773965516154,33532,489,0.014583084814505548,24493,309,0.012615849426366716,1152,291,0.2526041666666667,BBH,0.5,validation,discovery
953,0.5872334126408603,0.015589899964899966,0.9662210684065798,33532,564,0.016819754264583084,24493,382,0.015596292818356266,1152,351,0.3046875,BBH,0.5,validation,discovery
954,0.6191398955818359,0.012157246532246532,0.9650327142345705,33532,583,0.017386377191936062,24493,346,0.014126485118197037,1152,330,0.2864583333333333,BBH,0.5,validation,discovery
955,0.319900749687199,0.007868226883057397,0.9650327142345705,33532,584,0.017416199451270428,24493,351,0.014330625076552484,1152,307,0.2664930555555556,BBH,0.5,validation,discovery
956,0.2785419302207062,0.006716878803743212,0.9704397257172135,33532,490,0.014612907073839915,24493,287,0.011717633609602743,1152,271,0.23524305555555555,BBH,0.5,validation,discovery
957,0.21176408552899564,0.005409768121632534,0.9696672955054073,33532,506,0.015090063223189789,24493,312,0.012738333401379986,1152,285,0.24739583333333334,BBH,0.5,validation,discovery
958,0.3526977554686778,0.005807260044548181,0.9712121559290195,33532,480,0.014314684480496243,24493,283,0.011554321642918385,1152,262,0.22743055555555555,BBH,0.5,validation,discovery
959,0.6508034928020904,0.014736530361530373,0.9652109673603719,33532,579,0.01726708815459859,24493,360,0.014698077001592291,1152,327,0.2838541666666667,BBH,0.5,validation,discovery
960,0.4579350853376053,0.005167383292383297,0.9716280798892228,33532,473,0.014105928665155672,24493,281,0.011472665659576206,1152,272,0.2361111111111111,BBH,0.5,validation,discovery
961,0.22578289549206693,0.0061708576009423515,0.9756090663654546,33532,404,0.012048192771084338,24493,259,0.010574449842812233,1152,243,0.2109375,BBH,0.5,validation,discovery
962,0.16006617985742205,0.0037831256581256655,0.9713309913462206,33532,477,0.01422521770249314,24493,291,0.011880945576287102,1152,270,0.234375,BBH,0.5,validation,discovery
963,0.6325528694967025,0.010333994708994713,0.9694296246710055,33532,509,0.01517953000119289,24493,301,0.012289225492998,1152,272,0.2361111111111111,BBH,0.5,validation,discovery
964,0.43755206861052515,0.007496335621335605,0.9706773965516154,33532,489,0.014583084814505548,24493,296,0.012085085534642551,1152,287,0.24913194444444445,BBH,0.5,validation,discovery
965,0.7814888441207842,0.014048937777751333,0.9603387152551331,33532,663,0.019772157938685433,24493,409,0.016698648593475685,1152,336,0.2916666666666667,BBH,0.5,validation,discovery
966,0.22212546402271582,0.008569608569608565,0.970380308008613,33532,492,0.014672551592508649,24493,290,0.011840117584616013,1152,273,0.23697916666666666,BBH,0.5,validation,discovery
967,0.33476307860102444,0.009414543312848397,0.9688948652936012,33532,519,0.015477752594536561,24493,311,0.012697505409708897,1152,286,0.2482638888888889,BBH,0.5,validation,discovery
968,0.4405672808886863,0.01695441382941383,0.9651515496517714,33532,582,0.017356554932601694,24493,367,0.014983872943289919,1152,326,0.2829861111111111,BBH,0.5,validation,discovery
969,0.35159587951997984,0.0029809029809029835,0.9696672955054073,33532,506,0.015090063223189789,24493,288,0.011758461601273834,1152,270,0.234375,BBH,0.5,validation,discovery
970,0.665984858672098,0.01734100171600172,0.9661616506979795,33532,564,0.016819754264583084,24493,347,0.014167313109868126,1152,326,0.2829861111111111,BBH,0.5,validation,discovery
971,0.29339466109390355,0.0099387943137943,0.9733511934386366,33532,443,0.013211260885124657,24493,297,0.01212591352631364,1152,276,0.23958333333333334,BBH,0.5,validation,discovery
972,0.4322189577163756,0.010367245271906283,0.9693107892538045,33532,511,0.015239174519861625,24493,323,0.013187441309761972,1152,299,0.2595486111111111,BBH,0.5,validation,discovery
973,0.4079353164601132,0.012943747318747308,0.9694296246710055,33532,510,0.015209352260527258,24493,316,0.012901645368064344,1152,294,0.2552083333333333,BBH,0.5,validation,discovery
974,0.4856706402002512,0.014267271894390542,0.9636661069367597,33532,606,0.018072289156626505,24493,388,0.015841260768382805,1152,347,0.3012152777777778,BBH,0.5,validation,discovery
975,0.48416785031536996,0.008142111267111271,0.9669934986183861,33532,550,0.016402242633901946,24493,329,0.013432409259788511,1152,295,0.2560763888888889,BBH,0.5,validation,discovery
976,0.37306156530142714,0.008659595100273067,0.9706179788430149,33532,490,0.014612907073839915,24493,301,0.012289225492998,1152,276,0.23958333333333334,BBH,0.5,validation,discovery
977,0.5303010440939522,0.005545080492114392,0.9684195236247974,33532,524,0.015626863891208397,24493,312,0.012738333401379986,1152,291,0.2526041666666667,BBH,0.5,validation,discovery
978,0.17960369586481031,0.005780333905333912,0.9723410923924286,33532,460,0.0137182392938089,24493,261,0.010656105826154411,1152,250,0.2170138888888889,BBH,0.5,validation,discovery
979,0.6305328806809303,0.012090215215215219,0.9678253465387928,33532,535,0.015954908743886435,24493,342,0.013963173151512676,1152,294,0.2552083333333333,BBH,0.5,validation,discovery
980,0.4223508832004338,0.010498479990005413,0.9677065111215918,33532,537,0.016014553262555173,24493,334,0.013636549218143959,1152,291,0.2526041666666667,BBH,0.5,validation,discovery
981,0.4137412917804941,0.011304811304811306,0.961824157970145,33532,636,0.018966956936657522,24493,405,0.01653533662679133,1152,346,0.3003472222222222,BBH,0.5,validation,discovery
982,0.13366732937230702,0.007247507247507246,0.967231169452788,33532,545,0.01625313133723011,24493,338,0.013799861184828318,1152,302,0.2621527777777778,BBH,0.5,validation,discovery
983,0.22807917255051247,0.0052485521235521365,0.9727570163526319,33532,454,0.013539305737802695,24493,278,0.011350181684562937,1152,268,0.2326388888888889,BBH,0.5,validation,discovery
984,0.42730961184045047,0.00784561801510953,0.9677065111215918,33532,539,0.016074197781223907,24493,342,0.013963173151512676,1152,309,0.2682291666666667,BBH,0.5,validation,discovery
985,0.7043249535832276,0.019260047385047392,0.9669340809097857,33532,551,0.01643206489323631,24493,357,0.014575593026579023,1152,314,0.2725694444444444,BBH,0.5,validation,discovery
986,0.42707158792641586,0.004456607581607584,0.9659239798635776,33532,568,0.016939043301920552,24493,329,0.013432409259788511,1152,297,0.2578125,BBH,0.5,validation,discovery
987,0.3989792731518225,0.009747937872937876,0.9724599278096295,33532,456,0.01359895025647143,24493,301,0.012289225492998,1152,290,0.2517361111111111,BBH,0.5,validation,discovery
988,0.2523825662874285,0.006566834691834696,0.9718657507236248,33532,466,0.013897172849815101,24493,290,0.011840117584616013,1152,268,0.2326388888888889,BBH,0.5,validation,discovery
989,0.339341538175834,0.0028431028431028463,0.9699049663398093,33532,502,0.01497077418585232,24493,278,0.011350181684562937,1152,257,0.2230902777777778,BBH,0.5,validation,discovery
990,0.2463242387312142,0.006471362403565792,0.969132536128003,33532,515,0.015358463557199093,24493,336,0.01371820520148614,1152,314,0.2725694444444444,BBH,0.5,validation,discovery
991,0.4711478785258804,0.009663757280282712,0.9721628392666272,33532,462,0.013777883812477633,24493,304,0.012411709468011269,1152,275,0.2387152777777778,BBH,0.5,validation,discovery
992,0.37088575873574914,0.008445945945945933,0.9741830413590432,33532,429,0.012793749254443517,24493,271,0.011064385742865309,1152,253,0.21961805555555555,BBH,0.5,validation,discovery
993,0.23922432946677283,0.0051015707265707234,0.9677065111215918,33532,539,0.016074197781223907,24493,302,0.012330053484669088,1152,291,0.2526041666666667,BBH,0.5,validation,discovery
994,0.22679974823534102,0.007480694980694985,0.9714498267634215,33532,474,0.014135750924490039,24493,263,0.010737761809496591,1152,252,0.21875,BBH,0.5,validation,discovery
995,0.5487298589062739,0.012101690067791764,0.9696672955054073,33532,506,0.015090063223189789,24493,320,0.013064957334748703,1152,293,0.2543402777777778,BBH,0.5,validation,discovery
996,0.31662219423939325,0.00840307619968637,0.9707962319688163,33532,484,0.014433973517833711,24493,294,0.012003429551300371,1152,278,0.24131944444444445,BBH,0.5,validation,discovery
997,0.48973546325080264,0.006209334334334338,0.9678253465387928,33532,536,0.015984731003220804,24493,329,0.013432409259788511,1152,301,0.2612847222222222,BBH,0.5,validation,discovery
998,0.44385200719937923,0.01159609973169295,0.9669340809097857,33532,552,0.01646188715257068,24493,357,0.014575593026579023,1152,325,0.2821180555555556,BBH,0.5,validation,discovery
999,0.33070790205352996,0.004010707135707134,0.9666369923667832,33532,557,0.016610998449242513,24493,333,0.01359572122647287,1152,306,0.265625,BBH,0.5,validation,discovery
