benchmark,audit_half,target_half,replicate,close_cross_family_eligible_pairs,close_cross_family_flips,close_cross_family_flip_rate,close_same_family_eligible_pairs,close_same_family_flips,close_same_family_flip_rate
MMLU-Pro,discovery,validation,0,150,27,0.18,108,24,0.2222222222222222
MMLU-Pro,discovery,validation,1,150,27,0.18,108,26,0.24074074074074073
MMLU-Pro,discovery,validation,2,150,37,0.24666666666666667,108,29,0.26851851851851855
MMLU-Pro,discovery,validation,3,150,33,0.22,108,16,0.14814814814814814
MMLU-Pro,discovery,validation,4,150,25,0.16666666666666666,108,16,0.14814814814814814
MMLU-Pro,discovery,validation,5,150,21,0.14,108,18,0.16666666666666666
MMLU-Pro,discovery,validation,6,150,27,0.18,108,24,0.2222222222222222
MMLU-Pro,discovery,validation,7,150,24,0.16,108,19,0.17592592592592593
MMLU-Pro,discovery,validation,8,150,20,0.13333333333333333,108,15,0.1388888888888889
MMLU-Pro,discovery,validation,9,150,29,0.19333333333333333,108,22,0.2037037037037037
MMLU-Pro,discovery,validation,10,150,39,0.26,108,16,0.14814814814814814
MMLU-Pro,discovery,validation,11,150,30,0.2,108,15,0.1388888888888889
MMLU-Pro,discovery,validation,12,150,30,0.2,108,19,0.17592592592592593
MMLU-Pro,discovery,validation,13,150,24,0.16,108,19,0.17592592592592593
MMLU-Pro,discovery,validation,14,150,27,0.18,108,22,0.2037037037037037
MMLU-Pro,discovery,validation,15,150,28,0.18666666666666668,108,20,0.18518518518518517
MMLU-Pro,discovery,validation,16,150,28,0.18666666666666668,108,20,0.18518518518518517
MMLU-Pro,discovery,validation,17,150,26,0.17333333333333334,108,16,0.14814814814814814
MMLU-Pro,discovery,validation,18,150,28,0.18666666666666668,108,21,0.19444444444444445
MMLU-Pro,discovery,validation,19,150,24,0.16,108,19,0.17592592592592593
MMLU-Pro,discovery,validation,20,150,19,0.12666666666666668,108,19,0.17592592592592593
MMLU-Pro,discovery,validation,21,150,26,0.17333333333333334,108,23,0.21296296296296297
MMLU-Pro,discovery,validation,22,150,26,0.17333333333333334,108,18,0.16666666666666666
MMLU-Pro,discovery,validation,23,150,21,0.14,108,23,0.21296296296296297
MMLU-Pro,discovery,validation,24,150,19,0.12666666666666668,108,24,0.2222222222222222
MMLU-Pro,discovery,validation,25,150,29,0.19333333333333333,108,24,0.2222222222222222
MMLU-Pro,discovery,validation,26,150,24,0.16,108,16,0.14814814814814814
MMLU-Pro,discovery,validation,27,150,26,0.17333333333333334,108,12,0.1111111111111111
MMLU-Pro,discovery,validation,28,150,31,0.20666666666666667,108,18,0.16666666666666666
MMLU-Pro,discovery,validation,29,150,39,0.26,108,25,0.23148148148148148
MMLU-Pro,discovery,validation,30,150,20,0.13333333333333333,108,17,0.1574074074074074
MMLU-Pro,discovery,validation,31,150,33,0.22,108,16,0.14814814814814814
MMLU-Pro,discovery,validation,32,150,27,0.18,108,20,0.18518518518518517
MMLU-Pro,discovery,validation,33,150,34,0.22666666666666666,108,19,0.17592592592592593
MMLU-Pro,discovery,validation,34,150,34,0.22666666666666666,108,20,0.18518518518518517
MMLU-Pro,discovery,validation,35,150,14,0.09333333333333334,108,16,0.14814814814814814
MMLU-Pro,discovery,validation,36,150,38,0.25333333333333335,108,16,0.14814814814814814
MMLU-Pro,discovery,validation,37,150,23,0.15333333333333332,108,19,0.17592592592592593
MMLU-Pro,discovery,validation,38,150,19,0.12666666666666668,108,15,0.1388888888888889
MMLU-Pro,discovery,validation,39,150,20,0.13333333333333333,108,19,0.17592592592592593
MMLU-Pro,discovery,validation,40,150,25,0.16666666666666666,108,18,0.16666666666666666
MMLU-Pro,discovery,validation,41,150,36,0.24,108,20,0.18518518518518517
MMLU-Pro,discovery,validation,42,150,26,0.17333333333333334,108,21,0.19444444444444445
MMLU-Pro,discovery,validation,43,150,25,0.16666666666666666,108,28,0.25925925925925924
MMLU-Pro,discovery,validation,44,150,22,0.14666666666666667,108,18,0.16666666666666666
MMLU-Pro,discovery,validation,45,150,30,0.2,108,19,0.17592592592592593
MMLU-Pro,discovery,validation,46,150,28,0.18666666666666668,108,11,0.10185185185185185
MMLU-Pro,discovery,validation,47,150,26,0.17333333333333334,108,14,0.12962962962962962
MMLU-Pro,discovery,validation,48,150,39,0.26,108,16,0.14814814814814814
MMLU-Pro,discovery,validation,49,150,20,0.13333333333333333,108,12,0.1111111111111111
MMLU-Pro,discovery,validation,50,150,29,0.19333333333333333,108,16,0.14814814814814814
MMLU-Pro,discovery,validation,51,150,23,0.15333333333333332,108,18,0.16666666666666666
MMLU-Pro,discovery,validation,52,150,27,0.18,108,15,0.1388888888888889
MMLU-Pro,discovery,validation,53,150,21,0.14,108,21,0.19444444444444445
MMLU-Pro,discovery,validation,54,150,21,0.14,108,18,0.16666666666666666
MMLU-Pro,discovery,validation,55,150,33,0.22,108,18,0.16666666666666666
MMLU-Pro,discovery,validation,56,150,21,0.14,108,21,0.19444444444444445
MMLU-Pro,discovery,validation,57,150,22,0.14666666666666667,108,25,0.23148148148148148
MMLU-Pro,discovery,validation,58,150,26,0.17333333333333334,108,27,0.25
MMLU-Pro,discovery,validation,59,150,29,0.19333333333333333,108,21,0.19444444444444445
MMLU-Pro,discovery,validation,60,150,35,0.23333333333333334,108,25,0.23148148148148148
MMLU-Pro,discovery,validation,61,150,30,0.2,108,12,0.1111111111111111
MMLU-Pro,discovery,validation,62,150,35,0.23333333333333334,108,20,0.18518518518518517
MMLU-Pro,discovery,validation,63,150,27,0.18,108,21,0.19444444444444445
MMLU-Pro,discovery,validation,64,150,19,0.12666666666666668,108,18,0.16666666666666666
MMLU-Pro,discovery,validation,65,150,30,0.2,108,27,0.25
MMLU-Pro,discovery,validation,66,150,31,0.20666666666666667,108,22,0.2037037037037037
MMLU-Pro,discovery,validation,67,150,28,0.18666666666666668,108,21,0.19444444444444445
MMLU-Pro,discovery,validation,68,150,35,0.23333333333333334,108,22,0.2037037037037037
MMLU-Pro,discovery,validation,69,150,25,0.16666666666666666,108,17,0.1574074074074074
MMLU-Pro,discovery,validation,70,150,33,0.22,108,21,0.19444444444444445
MMLU-Pro,discovery,validation,71,150,27,0.18,108,19,0.17592592592592593
MMLU-Pro,discovery,validation,72,150,21,0.14,108,19,0.17592592592592593
MMLU-Pro,discovery,validation,73,150,23,0.15333333333333332,108,11,0.10185185185185185
MMLU-Pro,discovery,validation,74,150,31,0.20666666666666667,108,27,0.25
MMLU-Pro,discovery,validation,75,150,19,0.12666666666666668,108,25,0.23148148148148148
MMLU-Pro,discovery,validation,76,150,22,0.14666666666666667,108,15,0.1388888888888889
MMLU-Pro,discovery,validation,77,150,26,0.17333333333333334,108,16,0.14814814814814814
MMLU-Pro,discovery,validation,78,150,34,0.22666666666666666,108,19,0.17592592592592593
MMLU-Pro,discovery,validation,79,150,30,0.2,108,17,0.1574074074074074
MMLU-Pro,discovery,validation,80,150,22,0.14666666666666667,108,18,0.16666666666666666
MMLU-Pro,discovery,validation,81,150,31,0.20666666666666667,108,18,0.16666666666666666
MMLU-Pro,discovery,validation,82,150,34,0.22666666666666666,108,19,0.17592592592592593
MMLU-Pro,discovery,validation,83,150,27,0.18,108,22,0.2037037037037037
MMLU-Pro,discovery,validation,84,150,21,0.14,108,23,0.21296296296296297
MMLU-Pro,discovery,validation,85,150,38,0.25333333333333335,108,19,0.17592592592592593
MMLU-Pro,discovery,validation,86,150,18,0.12,108,19,0.17592592592592593
MMLU-Pro,discovery,validation,87,150,23,0.15333333333333332,108,20,0.18518518518518517
MMLU-Pro,discovery,validation,88,150,30,0.2,108,15,0.1388888888888889
MMLU-Pro,discovery,validation,89,150,19,0.12666666666666668,108,19,0.17592592592592593
MMLU-Pro,discovery,validation,90,150,42,0.28,108,17,0.1574074074074074
MMLU-Pro,discovery,validation,91,150,31,0.20666666666666667,108,18,0.16666666666666666
MMLU-Pro,discovery,validation,92,150,22,0.14666666666666667,108,13,0.12037037037037036
MMLU-Pro,discovery,validation,93,150,27,0.18,108,21,0.19444444444444445
MMLU-Pro,discovery,validation,94,150,26,0.17333333333333334,108,23,0.21296296296296297
MMLU-Pro,discovery,validation,95,150,31,0.20666666666666667,108,19,0.17592592592592593
MMLU-Pro,discovery,validation,96,150,40,0.26666666666666666,108,27,0.25
MMLU-Pro,discovery,validation,97,150,22,0.14666666666666667,108,18,0.16666666666666666
MMLU-Pro,discovery,validation,98,150,38,0.25333333333333335,108,26,0.24074074074074073
MMLU-Pro,discovery,validation,99,150,29,0.19333333333333333,108,22,0.2037037037037037
MMLU-Pro,discovery,validation,100,150,28,0.18666666666666668,108,21,0.19444444444444445
MMLU-Pro,discovery,validation,101,150,25,0.16666666666666666,108,20,0.18518518518518517
MMLU-Pro,discovery,validation,102,150,16,0.10666666666666667,108,18,0.16666666666666666
MMLU-Pro,discovery,validation,103,150,43,0.2866666666666667,108,25,0.23148148148148148
MMLU-Pro,discovery,validation,104,150,16,0.10666666666666667,108,14,0.12962962962962962
MMLU-Pro,discovery,validation,105,150,27,0.18,108,21,0.19444444444444445
MMLU-Pro,discovery,validation,106,150,19,0.12666666666666668,108,23,0.21296296296296297
MMLU-Pro,discovery,validation,107,150,26,0.17333333333333334,108,15,0.1388888888888889
MMLU-Pro,discovery,validation,108,150,34,0.22666666666666666,108,15,0.1388888888888889
MMLU-Pro,discovery,validation,109,150,42,0.28,108,21,0.19444444444444445
MMLU-Pro,discovery,validation,110,150,30,0.2,108,20,0.18518518518518517
MMLU-Pro,discovery,validation,111,150,31,0.20666666666666667,108,20,0.18518518518518517
MMLU-Pro,discovery,validation,112,150,28,0.18666666666666668,108,15,0.1388888888888889
MMLU-Pro,discovery,validation,113,150,27,0.18,108,21,0.19444444444444445
MMLU-Pro,discovery,validation,114,150,33,0.22,108,17,0.1574074074074074
MMLU-Pro,discovery,validation,115,150,32,0.21333333333333335,108,21,0.19444444444444445
MMLU-Pro,discovery,validation,116,150,21,0.14,108,17,0.1574074074074074
MMLU-Pro,discovery,validation,117,150,25,0.16666666666666666,108,22,0.2037037037037037
MMLU-Pro,discovery,validation,118,150,34,0.22666666666666666,108,23,0.21296296296296297
MMLU-Pro,discovery,validation,119,150,23,0.15333333333333332,108,18,0.16666666666666666
MMLU-Pro,discovery,validation,120,150,35,0.23333333333333334,108,21,0.19444444444444445
MMLU-Pro,discovery,validation,121,150,32,0.21333333333333335,108,14,0.12962962962962962
MMLU-Pro,discovery,validation,122,150,41,0.2733333333333333,108,20,0.18518518518518517
MMLU-Pro,discovery,validation,123,150,27,0.18,108,19,0.17592592592592593
MMLU-Pro,discovery,validation,124,150,23,0.15333333333333332,108,19,0.17592592592592593
MMLU-Pro,discovery,validation,125,150,29,0.19333333333333333,108,20,0.18518518518518517
MMLU-Pro,discovery,validation,126,150,32,0.21333333333333335,108,19,0.17592592592592593
MMLU-Pro,discovery,validation,127,150,23,0.15333333333333332,108,20,0.18518518518518517
MMLU-Pro,discovery,validation,128,150,28,0.18666666666666668,108,22,0.2037037037037037
MMLU-Pro,discovery,validation,129,150,28,0.18666666666666668,108,21,0.19444444444444445
MMLU-Pro,discovery,validation,130,150,36,0.24,108,21,0.19444444444444445
MMLU-Pro,discovery,validation,131,150,23,0.15333333333333332,108,16,0.14814814814814814
MMLU-Pro,discovery,validation,132,150,28,0.18666666666666668,108,17,0.1574074074074074
MMLU-Pro,discovery,validation,133,150,34,0.22666666666666666,108,20,0.18518518518518517
MMLU-Pro,discovery,validation,134,150,24,0.16,108,13,0.12037037037037036
MMLU-Pro,discovery,validation,135,150,23,0.15333333333333332,108,20,0.18518518518518517
MMLU-Pro,discovery,validation,136,150,23,0.15333333333333332,108,17,0.1574074074074074
MMLU-Pro,discovery,validation,137,150,20,0.13333333333333333,108,15,0.1388888888888889
MMLU-Pro,discovery,validation,138,150,18,0.12,108,20,0.18518518518518517
MMLU-Pro,discovery,validation,139,150,34,0.22666666666666666,108,28,0.25925925925925924
MMLU-Pro,discovery,validation,140,150,26,0.17333333333333334,108,14,0.12962962962962962
MMLU-Pro,discovery,validation,141,150,27,0.18,108,19,0.17592592592592593
MMLU-Pro,discovery,validation,142,150,22,0.14666666666666667,108,17,0.1574074074074074
MMLU-Pro,discovery,validation,143,150,24,0.16,108,26,0.24074074074074073
MMLU-Pro,discovery,validation,144,150,23,0.15333333333333332,108,19,0.17592592592592593
MMLU-Pro,discovery,validation,145,150,31,0.20666666666666667,108,14,0.12962962962962962
MMLU-Pro,discovery,validation,146,150,25,0.16666666666666666,108,16,0.14814814814814814
MMLU-Pro,discovery,validation,147,150,19,0.12666666666666668,108,16,0.14814814814814814
MMLU-Pro,discovery,validation,148,150,31,0.20666666666666667,108,14,0.12962962962962962
MMLU-Pro,discovery,validation,149,150,22,0.14666666666666667,108,19,0.17592592592592593
MMLU-Pro,discovery,validation,150,150,28,0.18666666666666668,108,19,0.17592592592592593
MMLU-Pro,discovery,validation,151,150,22,0.14666666666666667,108,17,0.1574074074074074
MMLU-Pro,discovery,validation,152,150,27,0.18,108,16,0.14814814814814814
MMLU-Pro,discovery,validation,153,150,27,0.18,108,18,0.16666666666666666
MMLU-Pro,discovery,validation,154,150,32,0.21333333333333335,108,25,0.23148148148148148
MMLU-Pro,discovery,validation,155,150,21,0.14,108,21,0.19444444444444445
MMLU-Pro,discovery,validation,156,150,34,0.22666666666666666,108,20,0.18518518518518517
MMLU-Pro,discovery,validation,157,150,27,0.18,108,15,0.1388888888888889
MMLU-Pro,discovery,validation,158,150,29,0.19333333333333333,108,18,0.16666666666666666
MMLU-Pro,discovery,validation,159,150,26,0.17333333333333334,108,20,0.18518518518518517
MMLU-Pro,discovery,validation,160,150,28,0.18666666666666668,108,26,0.24074074074074073
MMLU-Pro,discovery,validation,161,150,30,0.2,108,20,0.18518518518518517
MMLU-Pro,discovery,validation,162,150,20,0.13333333333333333,108,16,0.14814814814814814
MMLU-Pro,discovery,validation,163,150,25,0.16666666666666666,108,26,0.24074074074074073
MMLU-Pro,discovery,validation,164,150,36,0.24,108,24,0.2222222222222222
MMLU-Pro,discovery,validation,165,150,37,0.24666666666666667,108,16,0.14814814814814814
MMLU-Pro,discovery,validation,166,150,24,0.16,108,14,0.12962962962962962
MMLU-Pro,discovery,validation,167,150,22,0.14666666666666667,108,17,0.1574074074074074
MMLU-Pro,discovery,validation,168,150,31,0.20666666666666667,108,19,0.17592592592592593
MMLU-Pro,discovery,validation,169,150,33,0.22,108,18,0.16666666666666666
MMLU-Pro,discovery,validation,170,150,19,0.12666666666666668,108,23,0.21296296296296297
MMLU-Pro,discovery,validation,171,150,50,0.3333333333333333,108,27,0.25
MMLU-Pro,discovery,validation,172,150,21,0.14,108,16,0.14814814814814814
MMLU-Pro,discovery,validation,173,150,22,0.14666666666666667,108,20,0.18518518518518517
MMLU-Pro,discovery,validation,174,150,20,0.13333333333333333,108,18,0.16666666666666666
MMLU-Pro,discovery,validation,175,150,36,0.24,108,19,0.17592592592592593
MMLU-Pro,discovery,validation,176,150,30,0.2,108,25,0.23148148148148148
MMLU-Pro,discovery,validation,177,150,27,0.18,108,19,0.17592592592592593
MMLU-Pro,discovery,validation,178,150,29,0.19333333333333333,108,21,0.19444444444444445
MMLU-Pro,discovery,validation,179,150,32,0.21333333333333335,108,13,0.12037037037037036
MMLU-Pro,discovery,validation,180,150,37,0.24666666666666667,108,17,0.1574074074074074
MMLU-Pro,discovery,validation,181,150,31,0.20666666666666667,108,20,0.18518518518518517
MMLU-Pro,discovery,validation,182,150,30,0.2,108,21,0.19444444444444445
MMLU-Pro,discovery,validation,183,150,22,0.14666666666666667,108,22,0.2037037037037037
MMLU-Pro,discovery,validation,184,150,23,0.15333333333333332,108,20,0.18518518518518517
MMLU-Pro,discovery,validation,185,150,23,0.15333333333333332,108,20,0.18518518518518517
MMLU-Pro,discovery,validation,186,150,32,0.21333333333333335,108,21,0.19444444444444445
MMLU-Pro,discovery,validation,187,150,32,0.21333333333333335,108,17,0.1574074074074074
MMLU-Pro,discovery,validation,188,150,33,0.22,108,15,0.1388888888888889
MMLU-Pro,discovery,validation,189,150,20,0.13333333333333333,108,19,0.17592592592592593
MMLU-Pro,discovery,validation,190,150,37,0.24666666666666667,108,20,0.18518518518518517
MMLU-Pro,discovery,validation,191,150,22,0.14666666666666667,108,14,0.12962962962962962
MMLU-Pro,discovery,validation,192,150,23,0.15333333333333332,108,21,0.19444444444444445
MMLU-Pro,discovery,validation,193,150,20,0.13333333333333333,108,11,0.10185185185185185
MMLU-Pro,discovery,validation,194,150,18,0.12,108,23,0.21296296296296297
MMLU-Pro,discovery,validation,195,150,18,0.12,108,17,0.1574074074074074
MMLU-Pro,discovery,validation,196,150,36,0.24,108,24,0.2222222222222222
MMLU-Pro,discovery,validation,197,150,27,0.18,108,22,0.2037037037037037
MMLU-Pro,discovery,validation,198,150,28,0.18666666666666668,108,25,0.23148148148148148
MMLU-Pro,discovery,validation,199,150,28,0.18666666666666668,108,18,0.16666666666666666
MMLU-Pro,discovery,validation,200,150,21,0.14,108,12,0.1111111111111111
MMLU-Pro,discovery,validation,201,150,35,0.23333333333333334,108,16,0.14814814814814814
MMLU-Pro,discovery,validation,202,150,21,0.14,108,21,0.19444444444444445
MMLU-Pro,discovery,validation,203,150,21,0.14,108,16,0.14814814814814814
MMLU-Pro,discovery,validation,204,150,29,0.19333333333333333,108,16,0.14814814814814814
MMLU-Pro,discovery,validation,205,150,22,0.14666666666666667,108,13,0.12037037037037036
MMLU-Pro,discovery,validation,206,150,19,0.12666666666666668,108,14,0.12962962962962962
MMLU-Pro,discovery,validation,207,150,16,0.10666666666666667,108,20,0.18518518518518517
MMLU-Pro,discovery,validation,208,150,31,0.20666666666666667,108,21,0.19444444444444445
MMLU-Pro,discovery,validation,209,150,24,0.16,108,12,0.1111111111111111
MMLU-Pro,discovery,validation,210,150,31,0.20666666666666667,108,18,0.16666666666666666
MMLU-Pro,discovery,validation,211,150,30,0.2,108,18,0.16666666666666666
MMLU-Pro,discovery,validation,212,150,43,0.2866666666666667,108,25,0.23148148148148148
MMLU-Pro,discovery,validation,213,150,33,0.22,108,19,0.17592592592592593
MMLU-Pro,discovery,validation,214,150,25,0.16666666666666666,108,25,0.23148148148148148
MMLU-Pro,discovery,validation,215,150,28,0.18666666666666668,108,18,0.16666666666666666
MMLU-Pro,discovery,validation,216,150,32,0.21333333333333335,108,17,0.1574074074074074
MMLU-Pro,discovery,validation,217,150,24,0.16,108,16,0.14814814814814814
MMLU-Pro,discovery,validation,218,150,28,0.18666666666666668,108,19,0.17592592592592593
MMLU-Pro,discovery,validation,219,150,31,0.20666666666666667,108,14,0.12962962962962962
MMLU-Pro,discovery,validation,220,150,20,0.13333333333333333,108,11,0.10185185185185185
MMLU-Pro,discovery,validation,221,150,17,0.11333333333333333,108,21,0.19444444444444445
MMLU-Pro,discovery,validation,222,150,25,0.16666666666666666,108,21,0.19444444444444445
MMLU-Pro,discovery,validation,223,150,27,0.18,108,23,0.21296296296296297
MMLU-Pro,discovery,validation,224,150,21,0.14,108,12,0.1111111111111111
MMLU-Pro,discovery,validation,225,150,22,0.14666666666666667,108,16,0.14814814814814814
MMLU-Pro,discovery,validation,226,150,31,0.20666666666666667,108,22,0.2037037037037037
MMLU-Pro,discovery,validation,227,150,26,0.17333333333333334,108,23,0.21296296296296297
MMLU-Pro,discovery,validation,228,150,28,0.18666666666666668,108,17,0.1574074074074074
MMLU-Pro,discovery,validation,229,150,30,0.2,108,28,0.25925925925925924
MMLU-Pro,discovery,validation,230,150,24,0.16,108,18,0.16666666666666666
MMLU-Pro,discovery,validation,231,150,19,0.12666666666666668,108,25,0.23148148148148148
MMLU-Pro,discovery,validation,232,150,35,0.23333333333333334,108,14,0.12962962962962962
MMLU-Pro,discovery,validation,233,150,32,0.21333333333333335,108,16,0.14814814814814814
MMLU-Pro,discovery,validation,234,150,24,0.16,108,16,0.14814814814814814
MMLU-Pro,discovery,validation,235,150,28,0.18666666666666668,108,14,0.12962962962962962
MMLU-Pro,discovery,validation,236,150,22,0.14666666666666667,108,15,0.1388888888888889
MMLU-Pro,discovery,validation,237,150,36,0.24,108,20,0.18518518518518517
MMLU-Pro,discovery,validation,238,150,19,0.12666666666666668,108,15,0.1388888888888889
MMLU-Pro,discovery,validation,239,150,25,0.16666666666666666,108,22,0.2037037037037037
MMLU-Pro,discovery,validation,240,150,22,0.14666666666666667,108,15,0.1388888888888889
MMLU-Pro,discovery,validation,241,150,19,0.12666666666666668,108,18,0.16666666666666666
MMLU-Pro,discovery,validation,242,150,31,0.20666666666666667,108,12,0.1111111111111111
MMLU-Pro,discovery,validation,243,150,36,0.24,108,25,0.23148148148148148
MMLU-Pro,discovery,validation,244,150,22,0.14666666666666667,108,20,0.18518518518518517
MMLU-Pro,discovery,validation,245,150,24,0.16,108,22,0.2037037037037037
MMLU-Pro,discovery,validation,246,150,20,0.13333333333333333,108,16,0.14814814814814814
MMLU-Pro,discovery,validation,247,150,20,0.13333333333333333,108,25,0.23148148148148148
MMLU-Pro,discovery,validation,248,150,26,0.17333333333333334,108,19,0.17592592592592593
MMLU-Pro,discovery,validation,249,150,10,0.06666666666666667,108,10,0.09259259259259259
MMLU-Pro,discovery,validation,250,150,27,0.18,108,19,0.17592592592592593
MMLU-Pro,discovery,validation,251,150,20,0.13333333333333333,108,22,0.2037037037037037
MMLU-Pro,discovery,validation,252,150,19,0.12666666666666668,108,19,0.17592592592592593
MMLU-Pro,discovery,validation,253,150,32,0.21333333333333335,108,20,0.18518518518518517
MMLU-Pro,discovery,validation,254,150,18,0.12,108,24,0.2222222222222222
MMLU-Pro,discovery,validation,255,150,23,0.15333333333333332,108,16,0.14814814814814814
MMLU-Pro,discovery,validation,256,150,34,0.22666666666666666,108,16,0.14814814814814814
MMLU-Pro,discovery,validation,257,150,30,0.2,108,26,0.24074074074074073
MMLU-Pro,discovery,validation,258,150,31,0.20666666666666667,108,24,0.2222222222222222
MMLU-Pro,discovery,validation,259,150,18,0.12,108,22,0.2037037037037037
MMLU-Pro,discovery,validation,260,150,24,0.16,108,17,0.1574074074074074
MMLU-Pro,discovery,validation,261,150,22,0.14666666666666667,108,21,0.19444444444444445
MMLU-Pro,discovery,validation,262,150,31,0.20666666666666667,108,24,0.2222222222222222
MMLU-Pro,discovery,validation,263,150,30,0.2,108,23,0.21296296296296297
MMLU-Pro,discovery,validation,264,150,32,0.21333333333333335,108,14,0.12962962962962962
MMLU-Pro,discovery,validation,265,150,15,0.1,108,20,0.18518518518518517
MMLU-Pro,discovery,validation,266,150,31,0.20666666666666667,108,11,0.10185185185185185
MMLU-Pro,discovery,validation,267,150,20,0.13333333333333333,108,20,0.18518518518518517
MMLU-Pro,discovery,validation,268,150,23,0.15333333333333332,108,21,0.19444444444444445
MMLU-Pro,discovery,validation,269,150,19,0.12666666666666668,108,21,0.19444444444444445
MMLU-Pro,discovery,validation,270,150,25,0.16666666666666666,108,14,0.12962962962962962
MMLU-Pro,discovery,validation,271,150,30,0.2,108,18,0.16666666666666666
MMLU-Pro,discovery,validation,272,150,35,0.23333333333333334,108,21,0.19444444444444445
MMLU-Pro,discovery,validation,273,150,24,0.16,108,18,0.16666666666666666
MMLU-Pro,discovery,validation,274,150,18,0.12,108,21,0.19444444444444445
MMLU-Pro,discovery,validation,275,150,27,0.18,108,24,0.2222222222222222
MMLU-Pro,discovery,validation,276,150,25,0.16666666666666666,108,20,0.18518518518518517
MMLU-Pro,discovery,validation,277,150,37,0.24666666666666667,108,17,0.1574074074074074
MMLU-Pro,discovery,validation,278,150,20,0.13333333333333333,108,19,0.17592592592592593
MMLU-Pro,discovery,validation,279,150,28,0.18666666666666668,108,18,0.16666666666666666
MMLU-Pro,discovery,validation,280,150,26,0.17333333333333334,108,18,0.16666666666666666
MMLU-Pro,discovery,validation,281,150,31,0.20666666666666667,108,23,0.21296296296296297
MMLU-Pro,discovery,validation,282,150,32,0.21333333333333335,108,21,0.19444444444444445
MMLU-Pro,discovery,validation,283,150,31,0.20666666666666667,108,17,0.1574074074074074
MMLU-Pro,discovery,validation,284,150,34,0.22666666666666666,108,14,0.12962962962962962
MMLU-Pro,discovery,validation,285,150,33,0.22,108,20,0.18518518518518517
MMLU-Pro,discovery,validation,286,150,21,0.14,108,18,0.16666666666666666
MMLU-Pro,discovery,validation,287,150,16,0.10666666666666667,108,22,0.2037037037037037
MMLU-Pro,discovery,validation,288,150,31,0.20666666666666667,108,27,0.25
MMLU-Pro,discovery,validation,289,150,19,0.12666666666666668,108,23,0.21296296296296297
MMLU-Pro,discovery,validation,290,150,30,0.2,108,17,0.1574074074074074
MMLU-Pro,discovery,validation,291,150,30,0.2,108,21,0.19444444444444445
MMLU-Pro,discovery,validation,292,150,30,0.2,108,20,0.18518518518518517
MMLU-Pro,discovery,validation,293,150,36,0.24,108,21,0.19444444444444445
MMLU-Pro,discovery,validation,294,150,15,0.1,108,20,0.18518518518518517
MMLU-Pro,discovery,validation,295,150,24,0.16,108,13,0.12037037037037036
MMLU-Pro,discovery,validation,296,150,30,0.2,108,21,0.19444444444444445
MMLU-Pro,discovery,validation,297,150,34,0.22666666666666666,108,16,0.14814814814814814
MMLU-Pro,discovery,validation,298,150,28,0.18666666666666668,108,13,0.12037037037037036
MMLU-Pro,discovery,validation,299,150,31,0.20666666666666667,108,31,0.28703703703703703
MMLU-Pro,discovery,validation,300,150,31,0.20666666666666667,108,18,0.16666666666666666
MMLU-Pro,discovery,validation,301,150,32,0.21333333333333335,108,23,0.21296296296296297
MMLU-Pro,discovery,validation,302,150,31,0.20666666666666667,108,27,0.25
MMLU-Pro,discovery,validation,303,150,22,0.14666666666666667,108,16,0.14814814814814814
MMLU-Pro,discovery,validation,304,150,25,0.16666666666666666,108,22,0.2037037037037037
MMLU-Pro,discovery,validation,305,150,22,0.14666666666666667,108,17,0.1574074074074074
MMLU-Pro,discovery,validation,306,150,24,0.16,108,18,0.16666666666666666
MMLU-Pro,discovery,validation,307,150,15,0.1,108,13,0.12037037037037036
MMLU-Pro,discovery,validation,308,150,38,0.25333333333333335,108,18,0.16666666666666666
MMLU-Pro,discovery,validation,309,150,26,0.17333333333333334,108,13,0.12037037037037036
MMLU-Pro,discovery,validation,310,150,40,0.26666666666666666,108,21,0.19444444444444445
MMLU-Pro,discovery,validation,311,150,26,0.17333333333333334,108,12,0.1111111111111111
MMLU-Pro,discovery,validation,312,150,25,0.16666666666666666,108,15,0.1388888888888889
MMLU-Pro,discovery,validation,313,150,15,0.1,108,23,0.21296296296296297
MMLU-Pro,discovery,validation,314,150,37,0.24666666666666667,108,27,0.25
MMLU-Pro,discovery,validation,315,150,33,0.22,108,14,0.12962962962962962
MMLU-Pro,discovery,validation,316,150,29,0.19333333333333333,108,16,0.14814814814814814
MMLU-Pro,discovery,validation,317,150,29,0.19333333333333333,108,26,0.24074074074074073
MMLU-Pro,discovery,validation,318,150,25,0.16666666666666666,108,24,0.2222222222222222
MMLU-Pro,discovery,validation,319,150,29,0.19333333333333333,108,16,0.14814814814814814
MMLU-Pro,discovery,validation,320,150,31,0.20666666666666667,108,16,0.14814814814814814
MMLU-Pro,discovery,validation,321,150,22,0.14666666666666667,108,10,0.09259259259259259
MMLU-Pro,discovery,validation,322,150,21,0.14,108,18,0.16666666666666666
MMLU-Pro,discovery,validation,323,150,28,0.18666666666666668,108,17,0.1574074074074074
MMLU-Pro,discovery,validation,324,150,32,0.21333333333333335,108,20,0.18518518518518517
MMLU-Pro,discovery,validation,325,150,30,0.2,108,21,0.19444444444444445
MMLU-Pro,discovery,validation,326,150,33,0.22,108,22,0.2037037037037037
MMLU-Pro,discovery,validation,327,150,26,0.17333333333333334,108,22,0.2037037037037037
MMLU-Pro,discovery,validation,328,150,19,0.12666666666666668,108,19,0.17592592592592593
MMLU-Pro,discovery,validation,329,150,39,0.26,108,20,0.18518518518518517
MMLU-Pro,discovery,validation,330,150,26,0.17333333333333334,108,21,0.19444444444444445
MMLU-Pro,discovery,validation,331,150,35,0.23333333333333334,108,20,0.18518518518518517
MMLU-Pro,discovery,validation,332,150,25,0.16666666666666666,108,24,0.2222222222222222
MMLU-Pro,discovery,validation,333,150,29,0.19333333333333333,108,17,0.1574074074074074
MMLU-Pro,discovery,validation,334,150,37,0.24666666666666667,108,25,0.23148148148148148
MMLU-Pro,discovery,validation,335,150,31,0.20666666666666667,108,19,0.17592592592592593
MMLU-Pro,discovery,validation,336,150,28,0.18666666666666668,108,18,0.16666666666666666
MMLU-Pro,discovery,validation,337,150,27,0.18,108,18,0.16666666666666666
MMLU-Pro,discovery,validation,338,150,24,0.16,108,23,0.21296296296296297
MMLU-Pro,discovery,validation,339,150,38,0.25333333333333335,108,17,0.1574074074074074
MMLU-Pro,discovery,validation,340,150,29,0.19333333333333333,108,26,0.24074074074074073
MMLU-Pro,discovery,validation,341,150,19,0.12666666666666668,108,15,0.1388888888888889
MMLU-Pro,discovery,validation,342,150,29,0.19333333333333333,108,15,0.1388888888888889
MMLU-Pro,discovery,validation,343,150,36,0.24,108,20,0.18518518518518517
MMLU-Pro,discovery,validation,344,150,26,0.17333333333333334,108,16,0.14814814814814814
MMLU-Pro,discovery,validation,345,150,23,0.15333333333333332,108,12,0.1111111111111111
MMLU-Pro,discovery,validation,346,150,22,0.14666666666666667,108,15,0.1388888888888889
MMLU-Pro,discovery,validation,347,150,37,0.24666666666666667,108,15,0.1388888888888889
MMLU-Pro,discovery,validation,348,150,26,0.17333333333333334,108,21,0.19444444444444445
MMLU-Pro,discovery,validation,349,150,34,0.22666666666666666,108,22,0.2037037037037037
MMLU-Pro,discovery,validation,350,150,24,0.16,108,14,0.12962962962962962
MMLU-Pro,discovery,validation,351,150,31,0.20666666666666667,108,17,0.1574074074074074
MMLU-Pro,discovery,validation,352,150,37,0.24666666666666667,108,21,0.19444444444444445
MMLU-Pro,discovery,validation,353,150,33,0.22,108,26,0.24074074074074073
MMLU-Pro,discovery,validation,354,150,28,0.18666666666666668,108,19,0.17592592592592593
MMLU-Pro,discovery,validation,355,150,28,0.18666666666666668,108,25,0.23148148148148148
MMLU-Pro,discovery,validation,356,150,37,0.24666666666666667,108,19,0.17592592592592593
MMLU-Pro,discovery,validation,357,150,33,0.22,108,18,0.16666666666666666
MMLU-Pro,discovery,validation,358,150,30,0.2,108,29,0.26851851851851855
MMLU-Pro,discovery,validation,359,150,40,0.26666666666666666,108,18,0.16666666666666666
MMLU-Pro,discovery,validation,360,150,24,0.16,108,13,0.12037037037037036
MMLU-Pro,discovery,validation,361,150,32,0.21333333333333335,108,28,0.25925925925925924
MMLU-Pro,discovery,validation,362,150,23,0.15333333333333332,108,18,0.16666666666666666
MMLU-Pro,discovery,validation,363,150,24,0.16,108,14,0.12962962962962962
MMLU-Pro,discovery,validation,364,150,22,0.14666666666666667,108,15,0.1388888888888889
MMLU-Pro,discovery,validation,365,150,28,0.18666666666666668,108,23,0.21296296296296297
MMLU-Pro,discovery,validation,366,150,19,0.12666666666666668,108,22,0.2037037037037037
MMLU-Pro,discovery,validation,367,150,29,0.19333333333333333,108,17,0.1574074074074074
MMLU-Pro,discovery,validation,368,150,26,0.17333333333333334,108,20,0.18518518518518517
MMLU-Pro,discovery,validation,369,150,28,0.18666666666666668,108,19,0.17592592592592593
MMLU-Pro,discovery,validation,370,150,23,0.15333333333333332,108,26,0.24074074074074073
MMLU-Pro,discovery,validation,371,150,27,0.18,108,24,0.2222222222222222
MMLU-Pro,discovery,validation,372,150,33,0.22,108,24,0.2222222222222222
MMLU-Pro,discovery,validation,373,150,31,0.20666666666666667,108,18,0.16666666666666666
MMLU-Pro,discovery,validation,374,150,28,0.18666666666666668,108,21,0.19444444444444445
MMLU-Pro,discovery,validation,375,150,32,0.21333333333333335,108,24,0.2222222222222222
MMLU-Pro,discovery,validation,376,150,21,0.14,108,19,0.17592592592592593
MMLU-Pro,discovery,validation,377,150,39,0.26,108,18,0.16666666666666666
MMLU-Pro,discovery,validation,378,150,26,0.17333333333333334,108,17,0.1574074074074074
MMLU-Pro,discovery,validation,379,150,29,0.19333333333333333,108,12,0.1111111111111111
MMLU-Pro,discovery,validation,380,150,35,0.23333333333333334,108,18,0.16666666666666666
MMLU-Pro,discovery,validation,381,150,21,0.14,108,21,0.19444444444444445
MMLU-Pro,discovery,validation,382,150,25,0.16666666666666666,108,15,0.1388888888888889
MMLU-Pro,discovery,validation,383,150,44,0.29333333333333333,108,21,0.19444444444444445
MMLU-Pro,discovery,validation,384,150,38,0.25333333333333335,108,23,0.21296296296296297
MMLU-Pro,discovery,validation,385,150,21,0.14,108,23,0.21296296296296297
MMLU-Pro,discovery,validation,386,150,29,0.19333333333333333,108,22,0.2037037037037037
MMLU-Pro,discovery,validation,387,150,23,0.15333333333333332,108,12,0.1111111111111111
MMLU-Pro,discovery,validation,388,150,30,0.2,108,14,0.12962962962962962
MMLU-Pro,discovery,validation,389,150,20,0.13333333333333333,108,12,0.1111111111111111
MMLU-Pro,discovery,validation,390,150,23,0.15333333333333332,108,21,0.19444444444444445
MMLU-Pro,discovery,validation,391,150,21,0.14,108,15,0.1388888888888889
MMLU-Pro,discovery,validation,392,150,21,0.14,108,18,0.16666666666666666
MMLU-Pro,discovery,validation,393,150,30,0.2,108,18,0.16666666666666666
MMLU-Pro,discovery,validation,394,150,31,0.20666666666666667,108,13,0.12037037037037036
MMLU-Pro,discovery,validation,395,150,22,0.14666666666666667,108,11,0.10185185185185185
MMLU-Pro,discovery,validation,396,150,31,0.20666666666666667,108,19,0.17592592592592593
MMLU-Pro,discovery,validation,397,150,23,0.15333333333333332,108,13,0.12037037037037036
MMLU-Pro,discovery,validation,398,150,20,0.13333333333333333,108,25,0.23148148148148148
MMLU-Pro,discovery,validation,399,150,30,0.2,108,15,0.1388888888888889
MMLU-Pro,discovery,validation,400,150,26,0.17333333333333334,108,19,0.17592592592592593
MMLU-Pro,discovery,validation,401,150,23,0.15333333333333332,108,21,0.19444444444444445
MMLU-Pro,discovery,validation,402,150,32,0.21333333333333335,108,22,0.2037037037037037
MMLU-Pro,discovery,validation,403,150,29,0.19333333333333333,108,18,0.16666666666666666
MMLU-Pro,discovery,validation,404,150,28,0.18666666666666668,108,14,0.12962962962962962
MMLU-Pro,discovery,validation,405,150,31,0.20666666666666667,108,23,0.21296296296296297
MMLU-Pro,discovery,validation,406,150,27,0.18,108,21,0.19444444444444445
MMLU-Pro,discovery,validation,407,150,32,0.21333333333333335,108,23,0.21296296296296297
MMLU-Pro,discovery,validation,408,150,25,0.16666666666666666,108,21,0.19444444444444445
MMLU-Pro,discovery,validation,409,150,23,0.15333333333333332,108,12,0.1111111111111111
MMLU-Pro,discovery,validation,410,150,27,0.18,108,21,0.19444444444444445
MMLU-Pro,discovery,validation,411,150,27,0.18,108,23,0.21296296296296297
MMLU-Pro,discovery,validation,412,150,31,0.20666666666666667,108,23,0.21296296296296297
MMLU-Pro,discovery,validation,413,150,23,0.15333333333333332,108,16,0.14814814814814814
MMLU-Pro,discovery,validation,414,150,27,0.18,108,22,0.2037037037037037
MMLU-Pro,discovery,validation,415,150,30,0.2,108,15,0.1388888888888889
MMLU-Pro,discovery,validation,416,150,25,0.16666666666666666,108,15,0.1388888888888889
MMLU-Pro,discovery,validation,417,150,39,0.26,108,20,0.18518518518518517
MMLU-Pro,discovery,validation,418,150,19,0.12666666666666668,108,23,0.21296296296296297
MMLU-Pro,discovery,validation,419,150,32,0.21333333333333335,108,25,0.23148148148148148
MMLU-Pro,discovery,validation,420,150,39,0.26,108,16,0.14814814814814814
MMLU-Pro,discovery,validation,421,150,36,0.24,108,17,0.1574074074074074
MMLU-Pro,discovery,validation,422,150,21,0.14,108,16,0.14814814814814814
MMLU-Pro,discovery,validation,423,150,29,0.19333333333333333,108,17,0.1574074074074074
MMLU-Pro,discovery,validation,424,150,35,0.23333333333333334,108,28,0.25925925925925924
MMLU-Pro,discovery,validation,425,150,39,0.26,108,19,0.17592592592592593
MMLU-Pro,discovery,validation,426,150,29,0.19333333333333333,108,17,0.1574074074074074
MMLU-Pro,discovery,validation,427,150,21,0.14,108,27,0.25
MMLU-Pro,discovery,validation,428,150,23,0.15333333333333332,108,21,0.19444444444444445
MMLU-Pro,discovery,validation,429,150,25,0.16666666666666666,108,20,0.18518518518518517
MMLU-Pro,discovery,validation,430,150,24,0.16,108,12,0.1111111111111111
MMLU-Pro,discovery,validation,431,150,19,0.12666666666666668,108,17,0.1574074074074074
MMLU-Pro,discovery,validation,432,150,34,0.22666666666666666,108,23,0.21296296296296297
MMLU-Pro,discovery,validation,433,150,32,0.21333333333333335,108,21,0.19444444444444445
MMLU-Pro,discovery,validation,434,150,17,0.11333333333333333,108,24,0.2222222222222222
MMLU-Pro,discovery,validation,435,150,41,0.2733333333333333,108,24,0.2222222222222222
MMLU-Pro,discovery,validation,436,150,29,0.19333333333333333,108,16,0.14814814814814814
MMLU-Pro,discovery,validation,437,150,29,0.19333333333333333,108,25,0.23148148148148148
MMLU-Pro,discovery,validation,438,150,25,0.16666666666666666,108,15,0.1388888888888889
MMLU-Pro,discovery,validation,439,150,25,0.16666666666666666,108,18,0.16666666666666666
MMLU-Pro,discovery,validation,440,150,22,0.14666666666666667,108,19,0.17592592592592593
MMLU-Pro,discovery,validation,441,150,33,0.22,108,18,0.16666666666666666
MMLU-Pro,discovery,validation,442,150,25,0.16666666666666666,108,21,0.19444444444444445
MMLU-Pro,discovery,validation,443,150,35,0.23333333333333334,108,17,0.1574074074074074
MMLU-Pro,discovery,validation,444,150,27,0.18,108,17,0.1574074074074074
MMLU-Pro,discovery,validation,445,150,21,0.14,108,20,0.18518518518518517
MMLU-Pro,discovery,validation,446,150,17,0.11333333333333333,108,19,0.17592592592592593
MMLU-Pro,discovery,validation,447,150,31,0.20666666666666667,108,17,0.1574074074074074
MMLU-Pro,discovery,validation,448,150,27,0.18,108,17,0.1574074074074074
MMLU-Pro,discovery,validation,449,150,27,0.18,108,14,0.12962962962962962
MMLU-Pro,discovery,validation,450,150,22,0.14666666666666667,108,17,0.1574074074074074
MMLU-Pro,discovery,validation,451,150,28,0.18666666666666668,108,18,0.16666666666666666
MMLU-Pro,discovery,validation,452,150,23,0.15333333333333332,108,12,0.1111111111111111
MMLU-Pro,discovery,validation,453,150,24,0.16,108,28,0.25925925925925924
MMLU-Pro,discovery,validation,454,150,29,0.19333333333333333,108,14,0.12962962962962962
MMLU-Pro,discovery,validation,455,150,25,0.16666666666666666,108,18,0.16666666666666666
MMLU-Pro,discovery,validation,456,150,36,0.24,108,15,0.1388888888888889
MMLU-Pro,discovery,validation,457,150,20,0.13333333333333333,108,12,0.1111111111111111
MMLU-Pro,discovery,validation,458,150,21,0.14,108,17,0.1574074074074074
MMLU-Pro,discovery,validation,459,150,31,0.20666666666666667,108,18,0.16666666666666666
MMLU-Pro,discovery,validation,460,150,33,0.22,108,19,0.17592592592592593
MMLU-Pro,discovery,validation,461,150,27,0.18,108,21,0.19444444444444445
MMLU-Pro,discovery,validation,462,150,30,0.2,108,18,0.16666666666666666
MMLU-Pro,discovery,validation,463,150,31,0.20666666666666667,108,17,0.1574074074074074
MMLU-Pro,discovery,validation,464,150,29,0.19333333333333333,108,17,0.1574074074074074
MMLU-Pro,discovery,validation,465,150,38,0.25333333333333335,108,18,0.16666666666666666
MMLU-Pro,discovery,validation,466,150,32,0.21333333333333335,108,25,0.23148148148148148
MMLU-Pro,discovery,validation,467,150,29,0.19333333333333333,108,17,0.1574074074074074
MMLU-Pro,discovery,validation,468,150,26,0.17333333333333334,108,19,0.17592592592592593
MMLU-Pro,discovery,validation,469,150,28,0.18666666666666668,108,16,0.14814814814814814
MMLU-Pro,discovery,validation,470,150,17,0.11333333333333333,108,16,0.14814814814814814
MMLU-Pro,discovery,validation,471,150,34,0.22666666666666666,108,13,0.12037037037037036
MMLU-Pro,discovery,validation,472,150,36,0.24,108,26,0.24074074074074073
MMLU-Pro,discovery,validation,473,150,25,0.16666666666666666,108,23,0.21296296296296297
MMLU-Pro,discovery,validation,474,150,31,0.20666666666666667,108,21,0.19444444444444445
MMLU-Pro,discovery,validation,475,150,30,0.2,108,17,0.1574074074074074
MMLU-Pro,discovery,validation,476,150,30,0.2,108,22,0.2037037037037037
MMLU-Pro,discovery,validation,477,150,21,0.14,108,19,0.17592592592592593
MMLU-Pro,discovery,validation,478,150,24,0.16,108,18,0.16666666666666666
MMLU-Pro,discovery,validation,479,150,38,0.25333333333333335,108,15,0.1388888888888889
MMLU-Pro,discovery,validation,480,150,31,0.20666666666666667,108,25,0.23148148148148148
MMLU-Pro,discovery,validation,481,150,26,0.17333333333333334,108,9,0.08333333333333333
MMLU-Pro,discovery,validation,482,150,19,0.12666666666666668,108,12,0.1111111111111111
MMLU-Pro,discovery,validation,483,150,30,0.2,108,16,0.14814814814814814
MMLU-Pro,discovery,validation,484,150,25,0.16666666666666666,108,18,0.16666666666666666
MMLU-Pro,discovery,validation,485,150,37,0.24666666666666667,108,20,0.18518518518518517
MMLU-Pro,discovery,validation,486,150,39,0.26,108,32,0.2962962962962963
MMLU-Pro,discovery,validation,487,150,30,0.2,108,18,0.16666666666666666
MMLU-Pro,discovery,validation,488,150,23,0.15333333333333332,108,15,0.1388888888888889
MMLU-Pro,discovery,validation,489,150,19,0.12666666666666668,108,16,0.14814814814814814
MMLU-Pro,discovery,validation,490,150,29,0.19333333333333333,108,23,0.21296296296296297
MMLU-Pro,discovery,validation,491,150,33,0.22,108,28,0.25925925925925924
MMLU-Pro,discovery,validation,492,150,31,0.20666666666666667,108,19,0.17592592592592593
MMLU-Pro,discovery,validation,493,150,40,0.26666666666666666,108,20,0.18518518518518517
MMLU-Pro,discovery,validation,494,150,34,0.22666666666666666,108,23,0.21296296296296297
MMLU-Pro,discovery,validation,495,150,31,0.20666666666666667,108,20,0.18518518518518517
MMLU-Pro,discovery,validation,496,150,29,0.19333333333333333,108,19,0.17592592592592593
MMLU-Pro,discovery,validation,497,150,21,0.14,108,19,0.17592592592592593
MMLU-Pro,discovery,validation,498,150,25,0.16666666666666666,108,24,0.2222222222222222
MMLU-Pro,discovery,validation,499,150,17,0.11333333333333333,108,13,0.12037037037037036
MMLU-Pro,discovery,validation,500,150,16,0.10666666666666667,108,20,0.18518518518518517
MMLU-Pro,discovery,validation,501,150,31,0.20666666666666667,108,23,0.21296296296296297
MMLU-Pro,discovery,validation,502,150,26,0.17333333333333334,108,27,0.25
MMLU-Pro,discovery,validation,503,150,28,0.18666666666666668,108,18,0.16666666666666666
MMLU-Pro,discovery,validation,504,150,19,0.12666666666666668,108,14,0.12962962962962962
MMLU-Pro,discovery,validation,505,150,33,0.22,108,17,0.1574074074074074
MMLU-Pro,discovery,validation,506,150,15,0.1,108,16,0.14814814814814814
MMLU-Pro,discovery,validation,507,150,23,0.15333333333333332,108,18,0.16666666666666666
MMLU-Pro,discovery,validation,508,150,27,0.18,108,14,0.12962962962962962
MMLU-Pro,discovery,validation,509,150,28,0.18666666666666668,108,27,0.25
MMLU-Pro,discovery,validation,510,150,23,0.15333333333333332,108,17,0.1574074074074074
MMLU-Pro,discovery,validation,511,150,26,0.17333333333333334,108,18,0.16666666666666666
MMLU-Pro,discovery,validation,512,150,32,0.21333333333333335,108,19,0.17592592592592593
MMLU-Pro,discovery,validation,513,150,18,0.12,108,20,0.18518518518518517
MMLU-Pro,discovery,validation,514,150,20,0.13333333333333333,108,15,0.1388888888888889
MMLU-Pro,discovery,validation,515,150,24,0.16,108,17,0.1574074074074074
MMLU-Pro,discovery,validation,516,150,34,0.22666666666666666,108,14,0.12962962962962962
MMLU-Pro,discovery,validation,517,150,31,0.20666666666666667,108,19,0.17592592592592593
MMLU-Pro,discovery,validation,518,150,25,0.16666666666666666,108,14,0.12962962962962962
MMLU-Pro,discovery,validation,519,150,24,0.16,108,21,0.19444444444444445
MMLU-Pro,discovery,validation,520,150,34,0.22666666666666666,108,17,0.1574074074074074
MMLU-Pro,discovery,validation,521,150,37,0.24666666666666667,108,19,0.17592592592592593
MMLU-Pro,discovery,validation,522,150,37,0.24666666666666667,108,17,0.1574074074074074
MMLU-Pro,discovery,validation,523,150,26,0.17333333333333334,108,17,0.1574074074074074
MMLU-Pro,discovery,validation,524,150,21,0.14,108,20,0.18518518518518517
MMLU-Pro,discovery,validation,525,150,18,0.12,108,15,0.1388888888888889
MMLU-Pro,discovery,validation,526,150,35,0.23333333333333334,108,20,0.18518518518518517
MMLU-Pro,discovery,validation,527,150,27,0.18,108,29,0.26851851851851855
MMLU-Pro,discovery,validation,528,150,19,0.12666666666666668,108,21,0.19444444444444445
MMLU-Pro,discovery,validation,529,150,27,0.18,108,13,0.12037037037037036
MMLU-Pro,discovery,validation,530,150,24,0.16,108,19,0.17592592592592593
MMLU-Pro,discovery,validation,531,150,40,0.26666666666666666,108,20,0.18518518518518517
MMLU-Pro,discovery,validation,532,150,20,0.13333333333333333,108,18,0.16666666666666666
MMLU-Pro,discovery,validation,533,150,34,0.22666666666666666,108,19,0.17592592592592593
MMLU-Pro,discovery,validation,534,150,33,0.22,108,26,0.24074074074074073
MMLU-Pro,discovery,validation,535,150,37,0.24666666666666667,108,20,0.18518518518518517
MMLU-Pro,discovery,validation,536,150,27,0.18,108,29,0.26851851851851855
MMLU-Pro,discovery,validation,537,150,34,0.22666666666666666,108,17,0.1574074074074074
MMLU-Pro,discovery,validation,538,150,22,0.14666666666666667,108,21,0.19444444444444445
MMLU-Pro,discovery,validation,539,150,27,0.18,108,24,0.2222222222222222
MMLU-Pro,discovery,validation,540,150,16,0.10666666666666667,108,13,0.12037037037037036
MMLU-Pro,discovery,validation,541,150,30,0.2,108,18,0.16666666666666666
MMLU-Pro,discovery,validation,542,150,14,0.09333333333333334,108,18,0.16666666666666666
MMLU-Pro,discovery,validation,543,150,21,0.14,108,18,0.16666666666666666
MMLU-Pro,discovery,validation,544,150,15,0.1,108,23,0.21296296296296297
MMLU-Pro,discovery,validation,545,150,26,0.17333333333333334,108,22,0.2037037037037037
MMLU-Pro,discovery,validation,546,150,35,0.23333333333333334,108,17,0.1574074074074074
MMLU-Pro,discovery,validation,547,150,34,0.22666666666666666,108,20,0.18518518518518517
MMLU-Pro,discovery,validation,548,150,26,0.17333333333333334,108,20,0.18518518518518517
MMLU-Pro,discovery,validation,549,150,16,0.10666666666666667,108,22,0.2037037037037037
MMLU-Pro,discovery,validation,550,150,35,0.23333333333333334,108,16,0.14814814814814814
MMLU-Pro,discovery,validation,551,150,33,0.22,108,22,0.2037037037037037
MMLU-Pro,discovery,validation,552,150,28,0.18666666666666668,108,19,0.17592592592592593
MMLU-Pro,discovery,validation,553,150,20,0.13333333333333333,108,18,0.16666666666666666
MMLU-Pro,discovery,validation,554,150,21,0.14,108,11,0.10185185185185185
MMLU-Pro,discovery,validation,555,150,30,0.2,108,25,0.23148148148148148
MMLU-Pro,discovery,validation,556,150,25,0.16666666666666666,108,24,0.2222222222222222
MMLU-Pro,discovery,validation,557,150,32,0.21333333333333335,108,26,0.24074074074074073
MMLU-Pro,discovery,validation,558,150,38,0.25333333333333335,108,27,0.25
MMLU-Pro,discovery,validation,559,150,32,0.21333333333333335,108,22,0.2037037037037037
MMLU-Pro,discovery,validation,560,150,24,0.16,108,18,0.16666666666666666
MMLU-Pro,discovery,validation,561,150,29,0.19333333333333333,108,18,0.16666666666666666
MMLU-Pro,discovery,validation,562,150,28,0.18666666666666668,108,20,0.18518518518518517
MMLU-Pro,discovery,validation,563,150,23,0.15333333333333332,108,21,0.19444444444444445
MMLU-Pro,discovery,validation,564,150,33,0.22,108,14,0.12962962962962962
MMLU-Pro,discovery,validation,565,150,19,0.12666666666666668,108,19,0.17592592592592593
MMLU-Pro,discovery,validation,566,150,22,0.14666666666666667,108,23,0.21296296296296297
MMLU-Pro,discovery,validation,567,150,28,0.18666666666666668,108,21,0.19444444444444445
MMLU-Pro,discovery,validation,568,150,27,0.18,108,18,0.16666666666666666
MMLU-Pro,discovery,validation,569,150,41,0.2733333333333333,108,16,0.14814814814814814
MMLU-Pro,discovery,validation,570,150,38,0.25333333333333335,108,21,0.19444444444444445
MMLU-Pro,discovery,validation,571,150,23,0.15333333333333332,108,21,0.19444444444444445
MMLU-Pro,discovery,validation,572,150,20,0.13333333333333333,108,15,0.1388888888888889
MMLU-Pro,discovery,validation,573,150,24,0.16,108,20,0.18518518518518517
MMLU-Pro,discovery,validation,574,150,32,0.21333333333333335,108,27,0.25
MMLU-Pro,discovery,validation,575,150,22,0.14666666666666667,108,19,0.17592592592592593
MMLU-Pro,discovery,validation,576,150,19,0.12666666666666668,108,18,0.16666666666666666
MMLU-Pro,discovery,validation,577,150,30,0.2,108,17,0.1574074074074074
MMLU-Pro,discovery,validation,578,150,23,0.15333333333333332,108,15,0.1388888888888889
MMLU-Pro,discovery,validation,579,150,29,0.19333333333333333,108,18,0.16666666666666666
MMLU-Pro,discovery,validation,580,150,27,0.18,108,14,0.12962962962962962
MMLU-Pro,discovery,validation,581,150,32,0.21333333333333335,108,13,0.12037037037037036
MMLU-Pro,discovery,validation,582,150,18,0.12,108,18,0.16666666666666666
MMLU-Pro,discovery,validation,583,150,25,0.16666666666666666,108,24,0.2222222222222222
MMLU-Pro,discovery,validation,584,150,30,0.2,108,17,0.1574074074074074
MMLU-Pro,discovery,validation,585,150,13,0.08666666666666667,108,21,0.19444444444444445
MMLU-Pro,discovery,validation,586,150,26,0.17333333333333334,108,20,0.18518518518518517
MMLU-Pro,discovery,validation,587,150,13,0.08666666666666667,108,22,0.2037037037037037
MMLU-Pro,discovery,validation,588,150,25,0.16666666666666666,108,22,0.2037037037037037
MMLU-Pro,discovery,validation,589,150,23,0.15333333333333332,108,17,0.1574074074074074
MMLU-Pro,discovery,validation,590,150,24,0.16,108,15,0.1388888888888889
MMLU-Pro,discovery,validation,591,150,26,0.17333333333333334,108,18,0.16666666666666666
MMLU-Pro,discovery,validation,592,150,39,0.26,108,24,0.2222222222222222
MMLU-Pro,discovery,validation,593,150,16,0.10666666666666667,108,16,0.14814814814814814
MMLU-Pro,discovery,validation,594,150,24,0.16,108,16,0.14814814814814814
MMLU-Pro,discovery,validation,595,150,26,0.17333333333333334,108,19,0.17592592592592593
MMLU-Pro,discovery,validation,596,150,30,0.2,108,17,0.1574074074074074
MMLU-Pro,discovery,validation,597,150,30,0.2,108,24,0.2222222222222222
MMLU-Pro,discovery,validation,598,150,32,0.21333333333333335,108,20,0.18518518518518517
MMLU-Pro,discovery,validation,599,150,25,0.16666666666666666,108,10,0.09259259259259259
MMLU-Pro,discovery,validation,600,150,22,0.14666666666666667,108,24,0.2222222222222222
MMLU-Pro,discovery,validation,601,150,25,0.16666666666666666,108,24,0.2222222222222222
MMLU-Pro,discovery,validation,602,150,32,0.21333333333333335,108,15,0.1388888888888889
MMLU-Pro,discovery,validation,603,150,32,0.21333333333333335,108,26,0.24074074074074073
MMLU-Pro,discovery,validation,604,150,38,0.25333333333333335,108,18,0.16666666666666666
MMLU-Pro,discovery,validation,605,150,25,0.16666666666666666,108,20,0.18518518518518517
MMLU-Pro,discovery,validation,606,150,31,0.20666666666666667,108,20,0.18518518518518517
MMLU-Pro,discovery,validation,607,150,28,0.18666666666666668,108,19,0.17592592592592593
MMLU-Pro,discovery,validation,608,150,37,0.24666666666666667,108,19,0.17592592592592593
MMLU-Pro,discovery,validation,609,150,31,0.20666666666666667,108,17,0.1574074074074074
MMLU-Pro,discovery,validation,610,150,44,0.29333333333333333,108,24,0.2222222222222222
MMLU-Pro,discovery,validation,611,150,27,0.18,108,20,0.18518518518518517
MMLU-Pro,discovery,validation,612,150,19,0.12666666666666668,108,19,0.17592592592592593
MMLU-Pro,discovery,validation,613,150,18,0.12,108,19,0.17592592592592593
MMLU-Pro,discovery,validation,614,150,30,0.2,108,18,0.16666666666666666
MMLU-Pro,discovery,validation,615,150,31,0.20666666666666667,108,15,0.1388888888888889
MMLU-Pro,discovery,validation,616,150,14,0.09333333333333334,108,11,0.10185185185185185
MMLU-Pro,discovery,validation,617,150,29,0.19333333333333333,108,25,0.23148148148148148
MMLU-Pro,discovery,validation,618,150,23,0.15333333333333332,108,15,0.1388888888888889
MMLU-Pro,discovery,validation,619,150,27,0.18,108,12,0.1111111111111111
MMLU-Pro,discovery,validation,620,150,24,0.16,108,26,0.24074074074074073
MMLU-Pro,discovery,validation,621,150,25,0.16666666666666666,108,23,0.21296296296296297
MMLU-Pro,discovery,validation,622,150,33,0.22,108,14,0.12962962962962962
MMLU-Pro,discovery,validation,623,150,26,0.17333333333333334,108,12,0.1111111111111111
MMLU-Pro,discovery,validation,624,150,27,0.18,108,20,0.18518518518518517
MMLU-Pro,discovery,validation,625,150,29,0.19333333333333333,108,14,0.12962962962962962
MMLU-Pro,discovery,validation,626,150,30,0.2,108,15,0.1388888888888889
MMLU-Pro,discovery,validation,627,150,28,0.18666666666666668,108,22,0.2037037037037037
MMLU-Pro,discovery,validation,628,150,31,0.20666666666666667,108,14,0.12962962962962962
MMLU-Pro,discovery,validation,629,150,38,0.25333333333333335,108,22,0.2037037037037037
MMLU-Pro,discovery,validation,630,150,28,0.18666666666666668,108,26,0.24074074074074073
MMLU-Pro,discovery,validation,631,150,35,0.23333333333333334,108,23,0.21296296296296297
MMLU-Pro,discovery,validation,632,150,30,0.2,108,16,0.14814814814814814
MMLU-Pro,discovery,validation,633,150,34,0.22666666666666666,108,25,0.23148148148148148
MMLU-Pro,discovery,validation,634,150,23,0.15333333333333332,108,29,0.26851851851851855
MMLU-Pro,discovery,validation,635,150,30,0.2,108,24,0.2222222222222222
MMLU-Pro,discovery,validation,636,150,23,0.15333333333333332,108,16,0.14814814814814814
MMLU-Pro,discovery,validation,637,150,29,0.19333333333333333,108,27,0.25
MMLU-Pro,discovery,validation,638,150,32,0.21333333333333335,108,23,0.21296296296296297
MMLU-Pro,discovery,validation,639,150,10,0.06666666666666667,108,20,0.18518518518518517
MMLU-Pro,discovery,validation,640,150,30,0.2,108,18,0.16666666666666666
MMLU-Pro,discovery,validation,641,150,19,0.12666666666666668,108,18,0.16666666666666666
MMLU-Pro,discovery,validation,642,150,31,0.20666666666666667,108,22,0.2037037037037037
MMLU-Pro,discovery,validation,643,150,18,0.12,108,15,0.1388888888888889
MMLU-Pro,discovery,validation,644,150,32,0.21333333333333335,108,15,0.1388888888888889
MMLU-Pro,discovery,validation,645,150,29,0.19333333333333333,108,22,0.2037037037037037
MMLU-Pro,discovery,validation,646,150,31,0.20666666666666667,108,17,0.1574074074074074
MMLU-Pro,discovery,validation,647,150,31,0.20666666666666667,108,18,0.16666666666666666
MMLU-Pro,discovery,validation,648,150,25,0.16666666666666666,108,13,0.12037037037037036
MMLU-Pro,discovery,validation,649,150,23,0.15333333333333332,108,16,0.14814814814814814
MMLU-Pro,discovery,validation,650,150,25,0.16666666666666666,108,15,0.1388888888888889
MMLU-Pro,discovery,validation,651,150,24,0.16,108,24,0.2222222222222222
MMLU-Pro,discovery,validation,652,150,31,0.20666666666666667,108,17,0.1574074074074074
MMLU-Pro,discovery,validation,653,150,29,0.19333333333333333,108,22,0.2037037037037037
MMLU-Pro,discovery,validation,654,150,24,0.16,108,22,0.2037037037037037
MMLU-Pro,discovery,validation,655,150,15,0.1,108,17,0.1574074074074074
MMLU-Pro,discovery,validation,656,150,25,0.16666666666666666,108,17,0.1574074074074074
MMLU-Pro,discovery,validation,657,150,33,0.22,108,27,0.25
MMLU-Pro,discovery,validation,658,150,32,0.21333333333333335,108,14,0.12962962962962962
MMLU-Pro,discovery,validation,659,150,34,0.22666666666666666,108,21,0.19444444444444445
MMLU-Pro,discovery,validation,660,150,33,0.22,108,22,0.2037037037037037
MMLU-Pro,discovery,validation,661,150,24,0.16,108,23,0.21296296296296297
MMLU-Pro,discovery,validation,662,150,23,0.15333333333333332,108,18,0.16666666666666666
MMLU-Pro,discovery,validation,663,150,22,0.14666666666666667,108,19,0.17592592592592593
MMLU-Pro,discovery,validation,664,150,31,0.20666666666666667,108,22,0.2037037037037037
MMLU-Pro,discovery,validation,665,150,25,0.16666666666666666,108,23,0.21296296296296297
MMLU-Pro,discovery,validation,666,150,37,0.24666666666666667,108,20,0.18518518518518517
MMLU-Pro,discovery,validation,667,150,15,0.1,108,25,0.23148148148148148
MMLU-Pro,discovery,validation,668,150,19,0.12666666666666668,108,19,0.17592592592592593
MMLU-Pro,discovery,validation,669,150,31,0.20666666666666667,108,17,0.1574074074074074
MMLU-Pro,discovery,validation,670,150,35,0.23333333333333334,108,21,0.19444444444444445
MMLU-Pro,discovery,validation,671,150,42,0.28,108,15,0.1388888888888889
MMLU-Pro,discovery,validation,672,150,31,0.20666666666666667,108,18,0.16666666666666666
MMLU-Pro,discovery,validation,673,150,24,0.16,108,13,0.12037037037037036
MMLU-Pro,discovery,validation,674,150,29,0.19333333333333333,108,20,0.18518518518518517
MMLU-Pro,discovery,validation,675,150,19,0.12666666666666668,108,15,0.1388888888888889
MMLU-Pro,discovery,validation,676,150,28,0.18666666666666668,108,17,0.1574074074074074
MMLU-Pro,discovery,validation,677,150,26,0.17333333333333334,108,22,0.2037037037037037
MMLU-Pro,discovery,validation,678,150,31,0.20666666666666667,108,21,0.19444444444444445
MMLU-Pro,discovery,validation,679,150,28,0.18666666666666668,108,25,0.23148148148148148
MMLU-Pro,discovery,validation,680,150,21,0.14,108,15,0.1388888888888889
MMLU-Pro,discovery,validation,681,150,26,0.17333333333333334,108,20,0.18518518518518517
MMLU-Pro,discovery,validation,682,150,36,0.24,108,13,0.12037037037037036
MMLU-Pro,discovery,validation,683,150,21,0.14,108,19,0.17592592592592593
MMLU-Pro,discovery,validation,684,150,22,0.14666666666666667,108,13,0.12037037037037036
MMLU-Pro,discovery,validation,685,150,29,0.19333333333333333,108,24,0.2222222222222222
MMLU-Pro,discovery,validation,686,150,21,0.14,108,15,0.1388888888888889
MMLU-Pro,discovery,validation,687,150,20,0.13333333333333333,108,19,0.17592592592592593
MMLU-Pro,discovery,validation,688,150,19,0.12666666666666668,108,21,0.19444444444444445
MMLU-Pro,discovery,validation,689,150,30,0.2,108,29,0.26851851851851855
MMLU-Pro,discovery,validation,690,150,23,0.15333333333333332,108,25,0.23148148148148148
MMLU-Pro,discovery,validation,691,150,20,0.13333333333333333,108,24,0.2222222222222222
MMLU-Pro,discovery,validation,692,150,29,0.19333333333333333,108,28,0.25925925925925924
MMLU-Pro,discovery,validation,693,150,18,0.12,108,8,0.07407407407407407
MMLU-Pro,discovery,validation,694,150,26,0.17333333333333334,108,15,0.1388888888888889
MMLU-Pro,discovery,validation,695,150,17,0.11333333333333333,108,17,0.1574074074074074
MMLU-Pro,discovery,validation,696,150,23,0.15333333333333332,108,17,0.1574074074074074
MMLU-Pro,discovery,validation,697,150,22,0.14666666666666667,108,16,0.14814814814814814
MMLU-Pro,discovery,validation,698,150,28,0.18666666666666668,108,28,0.25925925925925924
MMLU-Pro,discovery,validation,699,150,29,0.19333333333333333,108,16,0.14814814814814814
MMLU-Pro,discovery,validation,700,150,26,0.17333333333333334,108,16,0.14814814814814814
MMLU-Pro,discovery,validation,701,150,37,0.24666666666666667,108,18,0.16666666666666666
MMLU-Pro,discovery,validation,702,150,24,0.16,108,16,0.14814814814814814
MMLU-Pro,discovery,validation,703,150,20,0.13333333333333333,108,23,0.21296296296296297
MMLU-Pro,discovery,validation,704,150,20,0.13333333333333333,108,17,0.1574074074074074
MMLU-Pro,discovery,validation,705,150,30,0.2,108,22,0.2037037037037037
MMLU-Pro,discovery,validation,706,150,29,0.19333333333333333,108,17,0.1574074074074074
MMLU-Pro,discovery,validation,707,150,27,0.18,108,21,0.19444444444444445
MMLU-Pro,discovery,validation,708,150,30,0.2,108,23,0.21296296296296297
MMLU-Pro,discovery,validation,709,150,40,0.26666666666666666,108,16,0.14814814814814814
MMLU-Pro,discovery,validation,710,150,20,0.13333333333333333,108,15,0.1388888888888889
MMLU-Pro,discovery,validation,711,150,31,0.20666666666666667,108,18,0.16666666666666666
MMLU-Pro,discovery,validation,712,150,24,0.16,108,15,0.1388888888888889
MMLU-Pro,discovery,validation,713,150,42,0.28,108,20,0.18518518518518517
MMLU-Pro,discovery,validation,714,150,19,0.12666666666666668,108,17,0.1574074074074074
MMLU-Pro,discovery,validation,715,150,26,0.17333333333333334,108,21,0.19444444444444445
MMLU-Pro,discovery,validation,716,150,35,0.23333333333333334,108,21,0.19444444444444445
MMLU-Pro,discovery,validation,717,150,30,0.2,108,20,0.18518518518518517
MMLU-Pro,discovery,validation,718,150,24,0.16,108,13,0.12037037037037036
MMLU-Pro,discovery,validation,719,150,30,0.2,108,19,0.17592592592592593
MMLU-Pro,discovery,validation,720,150,19,0.12666666666666668,108,14,0.12962962962962962
MMLU-Pro,discovery,validation,721,150,20,0.13333333333333333,108,18,0.16666666666666666
MMLU-Pro,discovery,validation,722,150,26,0.17333333333333334,108,25,0.23148148148148148
MMLU-Pro,discovery,validation,723,150,31,0.20666666666666667,108,17,0.1574074074074074
MMLU-Pro,discovery,validation,724,150,28,0.18666666666666668,108,16,0.14814814814814814
MMLU-Pro,discovery,validation,725,150,30,0.2,108,19,0.17592592592592593
MMLU-Pro,discovery,validation,726,150,20,0.13333333333333333,108,23,0.21296296296296297
MMLU-Pro,discovery,validation,727,150,27,0.18,108,24,0.2222222222222222
MMLU-Pro,discovery,validation,728,150,29,0.19333333333333333,108,18,0.16666666666666666
MMLU-Pro,discovery,validation,729,150,19,0.12666666666666668,108,20,0.18518518518518517
MMLU-Pro,discovery,validation,730,150,32,0.21333333333333335,108,18,0.16666666666666666
MMLU-Pro,discovery,validation,731,150,28,0.18666666666666668,108,13,0.12037037037037036
MMLU-Pro,discovery,validation,732,150,30,0.2,108,30,0.2777777777777778
MMLU-Pro,discovery,validation,733,150,16,0.10666666666666667,108,16,0.14814814814814814
MMLU-Pro,discovery,validation,734,150,23,0.15333333333333332,108,26,0.24074074074074073
MMLU-Pro,discovery,validation,735,150,29,0.19333333333333333,108,20,0.18518518518518517
MMLU-Pro,discovery,validation,736,150,30,0.2,108,11,0.10185185185185185
MMLU-Pro,discovery,validation,737,150,25,0.16666666666666666,108,20,0.18518518518518517
MMLU-Pro,discovery,validation,738,150,26,0.17333333333333334,108,17,0.1574074074074074
MMLU-Pro,discovery,validation,739,150,29,0.19333333333333333,108,12,0.1111111111111111
MMLU-Pro,discovery,validation,740,150,39,0.26,108,18,0.16666666666666666
MMLU-Pro,discovery,validation,741,150,24,0.16,108,17,0.1574074074074074
MMLU-Pro,discovery,validation,742,150,30,0.2,108,19,0.17592592592592593
MMLU-Pro,discovery,validation,743,150,28,0.18666666666666668,108,15,0.1388888888888889
MMLU-Pro,discovery,validation,744,150,31,0.20666666666666667,108,18,0.16666666666666666
MMLU-Pro,discovery,validation,745,150,26,0.17333333333333334,108,26,0.24074074074074073
MMLU-Pro,discovery,validation,746,150,27,0.18,108,20,0.18518518518518517
MMLU-Pro,discovery,validation,747,150,30,0.2,108,24,0.2222222222222222
MMLU-Pro,discovery,validation,748,150,19,0.12666666666666668,108,19,0.17592592592592593
MMLU-Pro,discovery,validation,749,150,30,0.2,108,25,0.23148148148148148
MMLU-Pro,discovery,validation,750,150,24,0.16,108,14,0.12962962962962962
MMLU-Pro,discovery,validation,751,150,26,0.17333333333333334,108,20,0.18518518518518517
MMLU-Pro,discovery,validation,752,150,30,0.2,108,17,0.1574074074074074
MMLU-Pro,discovery,validation,753,150,32,0.21333333333333335,108,12,0.1111111111111111
MMLU-Pro,discovery,validation,754,150,27,0.18,108,28,0.25925925925925924
MMLU-Pro,discovery,validation,755,150,34,0.22666666666666666,108,14,0.12962962962962962
MMLU-Pro,discovery,validation,756,150,27,0.18,108,24,0.2222222222222222
MMLU-Pro,discovery,validation,757,150,26,0.17333333333333334,108,19,0.17592592592592593
MMLU-Pro,discovery,validation,758,150,28,0.18666666666666668,108,17,0.1574074074074074
MMLU-Pro,discovery,validation,759,150,19,0.12666666666666668,108,15,0.1388888888888889
MMLU-Pro,discovery,validation,760,150,18,0.12,108,13,0.12037037037037036
MMLU-Pro,discovery,validation,761,150,21,0.14,108,17,0.1574074074074074
MMLU-Pro,discovery,validation,762,150,23,0.15333333333333332,108,16,0.14814814814814814
MMLU-Pro,discovery,validation,763,150,29,0.19333333333333333,108,15,0.1388888888888889
MMLU-Pro,discovery,validation,764,150,21,0.14,108,15,0.1388888888888889
MMLU-Pro,discovery,validation,765,150,31,0.20666666666666667,108,17,0.1574074074074074
MMLU-Pro,discovery,validation,766,150,26,0.17333333333333334,108,27,0.25
MMLU-Pro,discovery,validation,767,150,20,0.13333333333333333,108,18,0.16666666666666666
MMLU-Pro,discovery,validation,768,150,26,0.17333333333333334,108,21,0.19444444444444445
MMLU-Pro,discovery,validation,769,150,34,0.22666666666666666,108,21,0.19444444444444445
MMLU-Pro,discovery,validation,770,150,31,0.20666666666666667,108,16,0.14814814814814814
MMLU-Pro,discovery,validation,771,150,29,0.19333333333333333,108,15,0.1388888888888889
MMLU-Pro,discovery,validation,772,150,19,0.12666666666666668,108,18,0.16666666666666666
MMLU-Pro,discovery,validation,773,150,31,0.20666666666666667,108,27,0.25
MMLU-Pro,discovery,validation,774,150,23,0.15333333333333332,108,17,0.1574074074074074
MMLU-Pro,discovery,validation,775,150,20,0.13333333333333333,108,20,0.18518518518518517
MMLU-Pro,discovery,validation,776,150,26,0.17333333333333334,108,24,0.2222222222222222
MMLU-Pro,discovery,validation,777,150,30,0.2,108,21,0.19444444444444445
MMLU-Pro,discovery,validation,778,150,27,0.18,108,17,0.1574074074074074
MMLU-Pro,discovery,validation,779,150,29,0.19333333333333333,108,16,0.14814814814814814
MMLU-Pro,discovery,validation,780,150,34,0.22666666666666666,108,21,0.19444444444444445
MMLU-Pro,discovery,validation,781,150,23,0.15333333333333332,108,23,0.21296296296296297
MMLU-Pro,discovery,validation,782,150,31,0.20666666666666667,108,27,0.25
MMLU-Pro,discovery,validation,783,150,28,0.18666666666666668,108,18,0.16666666666666666
MMLU-Pro,discovery,validation,784,150,26,0.17333333333333334,108,21,0.19444444444444445
MMLU-Pro,discovery,validation,785,150,22,0.14666666666666667,108,20,0.18518518518518517
MMLU-Pro,discovery,validation,786,150,25,0.16666666666666666,108,23,0.21296296296296297
MMLU-Pro,discovery,validation,787,150,35,0.23333333333333334,108,20,0.18518518518518517
MMLU-Pro,discovery,validation,788,150,29,0.19333333333333333,108,20,0.18518518518518517
MMLU-Pro,discovery,validation,789,150,25,0.16666666666666666,108,25,0.23148148148148148
MMLU-Pro,discovery,validation,790,150,30,0.2,108,16,0.14814814814814814
MMLU-Pro,discovery,validation,791,150,26,0.17333333333333334,108,16,0.14814814814814814
MMLU-Pro,discovery,validation,792,150,20,0.13333333333333333,108,16,0.14814814814814814
MMLU-Pro,discovery,validation,793,150,23,0.15333333333333332,108,22,0.2037037037037037
MMLU-Pro,discovery,validation,794,150,21,0.14,108,20,0.18518518518518517
MMLU-Pro,discovery,validation,795,150,22,0.14666666666666667,108,14,0.12962962962962962
MMLU-Pro,discovery,validation,796,150,24,0.16,108,15,0.1388888888888889
MMLU-Pro,discovery,validation,797,150,31,0.20666666666666667,108,13,0.12037037037037036
MMLU-Pro,discovery,validation,798,150,34,0.22666666666666666,108,21,0.19444444444444445
MMLU-Pro,discovery,validation,799,150,16,0.10666666666666667,108,15,0.1388888888888889
MMLU-Pro,discovery,validation,800,150,23,0.15333333333333332,108,17,0.1574074074074074
MMLU-Pro,discovery,validation,801,150,28,0.18666666666666668,108,21,0.19444444444444445
MMLU-Pro,discovery,validation,802,150,22,0.14666666666666667,108,18,0.16666666666666666
MMLU-Pro,discovery,validation,803,150,20,0.13333333333333333,108,27,0.25
MMLU-Pro,discovery,validation,804,150,24,0.16,108,23,0.21296296296296297
MMLU-Pro,discovery,validation,805,150,29,0.19333333333333333,108,19,0.17592592592592593
MMLU-Pro,discovery,validation,806,150,33,0.22,108,18,0.16666666666666666
MMLU-Pro,discovery,validation,807,150,18,0.12,108,19,0.17592592592592593
MMLU-Pro,discovery,validation,808,150,27,0.18,108,26,0.24074074074074073
MMLU-Pro,discovery,validation,809,150,36,0.24,108,21,0.19444444444444445
MMLU-Pro,discovery,validation,810,150,21,0.14,108,19,0.17592592592592593
MMLU-Pro,discovery,validation,811,150,18,0.12,108,13,0.12037037037037036
MMLU-Pro,discovery,validation,812,150,39,0.26,108,15,0.1388888888888889
MMLU-Pro,discovery,validation,813,150,24,0.16,108,17,0.1574074074074074
MMLU-Pro,discovery,validation,814,150,29,0.19333333333333333,108,19,0.17592592592592593
MMLU-Pro,discovery,validation,815,150,24,0.16,108,28,0.25925925925925924
MMLU-Pro,discovery,validation,816,150,26,0.17333333333333334,108,13,0.12037037037037036
MMLU-Pro,discovery,validation,817,150,22,0.14666666666666667,108,20,0.18518518518518517
MMLU-Pro,discovery,validation,818,150,36,0.24,108,14,0.12962962962962962
MMLU-Pro,discovery,validation,819,150,21,0.14,108,18,0.16666666666666666
MMLU-Pro,discovery,validation,820,150,17,0.11333333333333333,108,10,0.09259259259259259
MMLU-Pro,discovery,validation,821,150,21,0.14,108,22,0.2037037037037037
MMLU-Pro,discovery,validation,822,150,21,0.14,108,18,0.16666666666666666
MMLU-Pro,discovery,validation,823,150,29,0.19333333333333333,108,19,0.17592592592592593
MMLU-Pro,discovery,validation,824,150,35,0.23333333333333334,108,26,0.24074074074074073
MMLU-Pro,discovery,validation,825,150,29,0.19333333333333333,108,13,0.12037037037037036
MMLU-Pro,discovery,validation,826,150,29,0.19333333333333333,108,18,0.16666666666666666
MMLU-Pro,discovery,validation,827,150,37,0.24666666666666667,108,17,0.1574074074074074
MMLU-Pro,discovery,validation,828,150,29,0.19333333333333333,108,13,0.12037037037037036
MMLU-Pro,discovery,validation,829,150,22,0.14666666666666667,108,20,0.18518518518518517
MMLU-Pro,discovery,validation,830,150,39,0.26,108,19,0.17592592592592593
MMLU-Pro,discovery,validation,831,150,27,0.18,108,18,0.16666666666666666
MMLU-Pro,discovery,validation,832,150,29,0.19333333333333333,108,18,0.16666666666666666
MMLU-Pro,discovery,validation,833,150,33,0.22,108,25,0.23148148148148148
MMLU-Pro,discovery,validation,834,150,28,0.18666666666666668,108,22,0.2037037037037037
MMLU-Pro,discovery,validation,835,150,28,0.18666666666666668,108,12,0.1111111111111111
MMLU-Pro,discovery,validation,836,150,19,0.12666666666666668,108,17,0.1574074074074074
MMLU-Pro,discovery,validation,837,150,33,0.22,108,23,0.21296296296296297
MMLU-Pro,discovery,validation,838,150,43,0.2866666666666667,108,18,0.16666666666666666
MMLU-Pro,discovery,validation,839,150,30,0.2,108,21,0.19444444444444445
MMLU-Pro,discovery,validation,840,150,39,0.26,108,23,0.21296296296296297
MMLU-Pro,discovery,validation,841,150,31,0.20666666666666667,108,19,0.17592592592592593
MMLU-Pro,discovery,validation,842,150,26,0.17333333333333334,108,32,0.2962962962962963
MMLU-Pro,discovery,validation,843,150,21,0.14,108,22,0.2037037037037037
MMLU-Pro,discovery,validation,844,150,34,0.22666666666666666,108,23,0.21296296296296297
MMLU-Pro,discovery,validation,845,150,34,0.22666666666666666,108,20,0.18518518518518517
MMLU-Pro,discovery,validation,846,150,31,0.20666666666666667,108,22,0.2037037037037037
MMLU-Pro,discovery,validation,847,150,27,0.18,108,16,0.14814814814814814
MMLU-Pro,discovery,validation,848,150,27,0.18,108,20,0.18518518518518517
MMLU-Pro,discovery,validation,849,150,24,0.16,108,19,0.17592592592592593
MMLU-Pro,discovery,validation,850,150,22,0.14666666666666667,108,21,0.19444444444444445
MMLU-Pro,discovery,validation,851,150,26,0.17333333333333334,108,15,0.1388888888888889
MMLU-Pro,discovery,validation,852,150,28,0.18666666666666668,108,16,0.14814814814814814
MMLU-Pro,discovery,validation,853,150,17,0.11333333333333333,108,16,0.14814814814814814
MMLU-Pro,discovery,validation,854,150,29,0.19333333333333333,108,19,0.17592592592592593
MMLU-Pro,discovery,validation,855,150,23,0.15333333333333332,108,25,0.23148148148148148
MMLU-Pro,discovery,validation,856,150,25,0.16666666666666666,108,13,0.12037037037037036
MMLU-Pro,discovery,validation,857,150,22,0.14666666666666667,108,10,0.09259259259259259
MMLU-Pro,discovery,validation,858,150,31,0.20666666666666667,108,15,0.1388888888888889
MMLU-Pro,discovery,validation,859,150,36,0.24,108,18,0.16666666666666666
MMLU-Pro,discovery,validation,860,150,31,0.20666666666666667,108,21,0.19444444444444445
MMLU-Pro,discovery,validation,861,150,21,0.14,108,22,0.2037037037037037
MMLU-Pro,discovery,validation,862,150,27,0.18,108,17,0.1574074074074074
MMLU-Pro,discovery,validation,863,150,24,0.16,108,17,0.1574074074074074
MMLU-Pro,discovery,validation,864,150,26,0.17333333333333334,108,23,0.21296296296296297
MMLU-Pro,discovery,validation,865,150,31,0.20666666666666667,108,18,0.16666666666666666
MMLU-Pro,discovery,validation,866,150,23,0.15333333333333332,108,14,0.12962962962962962
MMLU-Pro,discovery,validation,867,150,44,0.29333333333333333,108,26,0.24074074074074073
MMLU-Pro,discovery,validation,868,150,20,0.13333333333333333,108,19,0.17592592592592593
MMLU-Pro,discovery,validation,869,150,28,0.18666666666666668,108,24,0.2222222222222222
MMLU-Pro,discovery,validation,870,150,26,0.17333333333333334,108,15,0.1388888888888889
MMLU-Pro,discovery,validation,871,150,23,0.15333333333333332,108,15,0.1388888888888889
MMLU-Pro,discovery,validation,872,150,33,0.22,108,20,0.18518518518518517
MMLU-Pro,discovery,validation,873,150,27,0.18,108,25,0.23148148148148148
MMLU-Pro,discovery,validation,874,150,32,0.21333333333333335,108,17,0.1574074074074074
MMLU-Pro,discovery,validation,875,150,31,0.20666666666666667,108,21,0.19444444444444445
MMLU-Pro,discovery,validation,876,150,24,0.16,108,10,0.09259259259259259
MMLU-Pro,discovery,validation,877,150,21,0.14,108,13,0.12037037037037036
MMLU-Pro,discovery,validation,878,150,28,0.18666666666666668,108,26,0.24074074074074073
MMLU-Pro,discovery,validation,879,150,31,0.20666666666666667,108,18,0.16666666666666666
MMLU-Pro,discovery,validation,880,150,22,0.14666666666666667,108,17,0.1574074074074074
MMLU-Pro,discovery,validation,881,150,18,0.12,108,15,0.1388888888888889
MMLU-Pro,discovery,validation,882,150,31,0.20666666666666667,108,21,0.19444444444444445
MMLU-Pro,discovery,validation,883,150,33,0.22,108,23,0.21296296296296297
MMLU-Pro,discovery,validation,884,150,23,0.15333333333333332,108,24,0.2222222222222222
MMLU-Pro,discovery,validation,885,150,28,0.18666666666666668,108,17,0.1574074074074074
MMLU-Pro,discovery,validation,886,150,28,0.18666666666666668,108,19,0.17592592592592593
MMLU-Pro,discovery,validation,887,150,24,0.16,108,14,0.12962962962962962
MMLU-Pro,discovery,validation,888,150,37,0.24666666666666667,108,25,0.23148148148148148
MMLU-Pro,discovery,validation,889,150,18,0.12,108,25,0.23148148148148148
MMLU-Pro,discovery,validation,890,150,23,0.15333333333333332,108,17,0.1574074074074074
MMLU-Pro,discovery,validation,891,150,20,0.13333333333333333,108,24,0.2222222222222222
MMLU-Pro,discovery,validation,892,150,22,0.14666666666666667,108,16,0.14814814814814814
MMLU-Pro,discovery,validation,893,150,21,0.14,108,18,0.16666666666666666
MMLU-Pro,discovery,validation,894,150,20,0.13333333333333333,108,20,0.18518518518518517
MMLU-Pro,discovery,validation,895,150,27,0.18,108,23,0.21296296296296297
MMLU-Pro,discovery,validation,896,150,19,0.12666666666666668,108,15,0.1388888888888889
MMLU-Pro,discovery,validation,897,150,29,0.19333333333333333,108,24,0.2222222222222222
MMLU-Pro,discovery,validation,898,150,28,0.18666666666666668,108,20,0.18518518518518517
MMLU-Pro,discovery,validation,899,150,21,0.14,108,21,0.19444444444444445
MMLU-Pro,discovery,validation,900,150,30,0.2,108,23,0.21296296296296297
MMLU-Pro,discovery,validation,901,150,35,0.23333333333333334,108,22,0.2037037037037037
MMLU-Pro,discovery,validation,902,150,28,0.18666666666666668,108,15,0.1388888888888889
MMLU-Pro,discovery,validation,903,150,24,0.16,108,15,0.1388888888888889
MMLU-Pro,discovery,validation,904,150,26,0.17333333333333334,108,17,0.1574074074074074
MMLU-Pro,discovery,validation,905,150,32,0.21333333333333335,108,17,0.1574074074074074
MMLU-Pro,discovery,validation,906,150,31,0.20666666666666667,108,20,0.18518518518518517
MMLU-Pro,discovery,validation,907,150,27,0.18,108,15,0.1388888888888889
MMLU-Pro,discovery,validation,908,150,21,0.14,108,18,0.16666666666666666
MMLU-Pro,discovery,validation,909,150,28,0.18666666666666668,108,18,0.16666666666666666
MMLU-Pro,discovery,validation,910,150,34,0.22666666666666666,108,18,0.16666666666666666
MMLU-Pro,discovery,validation,911,150,27,0.18,108,23,0.21296296296296297
MMLU-Pro,discovery,validation,912,150,34,0.22666666666666666,108,13,0.12037037037037036
MMLU-Pro,discovery,validation,913,150,37,0.24666666666666667,108,16,0.14814814814814814
MMLU-Pro,discovery,validation,914,150,29,0.19333333333333333,108,30,0.2777777777777778
MMLU-Pro,discovery,validation,915,150,31,0.20666666666666667,108,21,0.19444444444444445
MMLU-Pro,discovery,validation,916,150,20,0.13333333333333333,108,20,0.18518518518518517
MMLU-Pro,discovery,validation,917,150,26,0.17333333333333334,108,23,0.21296296296296297
MMLU-Pro,discovery,validation,918,150,22,0.14666666666666667,108,22,0.2037037037037037
MMLU-Pro,discovery,validation,919,150,25,0.16666666666666666,108,21,0.19444444444444445
MMLU-Pro,discovery,validation,920,150,36,0.24,108,18,0.16666666666666666
MMLU-Pro,discovery,validation,921,150,26,0.17333333333333334,108,20,0.18518518518518517
MMLU-Pro,discovery,validation,922,150,15,0.1,108,19,0.17592592592592593
MMLU-Pro,discovery,validation,923,150,34,0.22666666666666666,108,20,0.18518518518518517
MMLU-Pro,discovery,validation,924,150,24,0.16,108,29,0.26851851851851855
MMLU-Pro,discovery,validation,925,150,41,0.2733333333333333,108,24,0.2222222222222222
MMLU-Pro,discovery,validation,926,150,30,0.2,108,22,0.2037037037037037
MMLU-Pro,discovery,validation,927,150,15,0.1,108,19,0.17592592592592593
MMLU-Pro,discovery,validation,928,150,28,0.18666666666666668,108,15,0.1388888888888889
MMLU-Pro,discovery,validation,929,150,26,0.17333333333333334,108,24,0.2222222222222222
MMLU-Pro,discovery,validation,930,150,24,0.16,108,25,0.23148148148148148
MMLU-Pro,discovery,validation,931,150,29,0.19333333333333333,108,14,0.12962962962962962
MMLU-Pro,discovery,validation,932,150,21,0.14,108,16,0.14814814814814814
MMLU-Pro,discovery,validation,933,150,23,0.15333333333333332,108,11,0.10185185185185185
MMLU-Pro,discovery,validation,934,150,29,0.19333333333333333,108,17,0.1574074074074074
MMLU-Pro,discovery,validation,935,150,19,0.12666666666666668,108,20,0.18518518518518517
MMLU-Pro,discovery,validation,936,150,26,0.17333333333333334,108,12,0.1111111111111111
MMLU-Pro,discovery,validation,937,150,16,0.10666666666666667,108,14,0.12962962962962962
MMLU-Pro,discovery,validation,938,150,23,0.15333333333333332,108,24,0.2222222222222222
MMLU-Pro,discovery,validation,939,150,33,0.22,108,19,0.17592592592592593
MMLU-Pro,discovery,validation,940,150,22,0.14666666666666667,108,25,0.23148148148148148
MMLU-Pro,discovery,validation,941,150,24,0.16,108,19,0.17592592592592593
MMLU-Pro,discovery,validation,942,150,34,0.22666666666666666,108,21,0.19444444444444445
MMLU-Pro,discovery,validation,943,150,24,0.16,108,19,0.17592592592592593
MMLU-Pro,discovery,validation,944,150,15,0.1,108,16,0.14814814814814814
MMLU-Pro,discovery,validation,945,150,32,0.21333333333333335,108,18,0.16666666666666666
MMLU-Pro,discovery,validation,946,150,25,0.16666666666666666,108,20,0.18518518518518517
MMLU-Pro,discovery,validation,947,150,21,0.14,108,21,0.19444444444444445
MMLU-Pro,discovery,validation,948,150,36,0.24,108,22,0.2037037037037037
MMLU-Pro,discovery,validation,949,150,35,0.23333333333333334,108,22,0.2037037037037037
MMLU-Pro,discovery,validation,950,150,24,0.16,108,19,0.17592592592592593
MMLU-Pro,discovery,validation,951,150,33,0.22,108,17,0.1574074074074074
MMLU-Pro,discovery,validation,952,150,30,0.2,108,19,0.17592592592592593
MMLU-Pro,discovery,validation,953,150,34,0.22666666666666666,108,18,0.16666666666666666
MMLU-Pro,discovery,validation,954,150,37,0.24666666666666667,108,16,0.14814814814814814
MMLU-Pro,discovery,validation,955,150,24,0.16,108,20,0.18518518518518517
MMLU-Pro,discovery,validation,956,150,29,0.19333333333333333,108,25,0.23148148148148148
MMLU-Pro,discovery,validation,957,150,24,0.16,108,20,0.18518518518518517
MMLU-Pro,discovery,validation,958,150,32,0.21333333333333335,108,22,0.2037037037037037
MMLU-Pro,discovery,validation,959,150,25,0.16666666666666666,108,20,0.18518518518518517
MMLU-Pro,discovery,validation,960,150,23,0.15333333333333332,108,15,0.1388888888888889
MMLU-Pro,discovery,validation,961,150,27,0.18,108,26,0.24074074074074073
MMLU-Pro,discovery,validation,962,150,27,0.18,108,18,0.16666666666666666
MMLU-Pro,discovery,validation,963,150,28,0.18666666666666668,108,13,0.12037037037037036
MMLU-Pro,discovery,validation,964,150,16,0.10666666666666667,108,19,0.17592592592592593
MMLU-Pro,discovery,validation,965,150,27,0.18,108,27,0.25
MMLU-Pro,discovery,validation,966,150,24,0.16,108,16,0.14814814814814814
MMLU-Pro,discovery,validation,967,150,23,0.15333333333333332,108,16,0.14814814814814814
MMLU-Pro,discovery,validation,968,150,30,0.2,108,11,0.10185185185185185
MMLU-Pro,discovery,validation,969,150,25,0.16666666666666666,108,15,0.1388888888888889
MMLU-Pro,discovery,validation,970,150,21,0.14,108,14,0.12962962962962962
MMLU-Pro,discovery,validation,971,150,42,0.28,108,25,0.23148148148148148
MMLU-Pro,discovery,validation,972,150,34,0.22666666666666666,108,21,0.19444444444444445
MMLU-Pro,discovery,validation,973,150,20,0.13333333333333333,108,15,0.1388888888888889
MMLU-Pro,discovery,validation,974,150,24,0.16,108,23,0.21296296296296297
MMLU-Pro,discovery,validation,975,150,26,0.17333333333333334,108,18,0.16666666666666666
MMLU-Pro,discovery,validation,976,150,21,0.14,108,14,0.12962962962962962
MMLU-Pro,discovery,validation,977,150,25,0.16666666666666666,108,20,0.18518518518518517
MMLU-Pro,discovery,validation,978,150,36,0.24,108,20,0.18518518518518517
MMLU-Pro,discovery,validation,979,150,30,0.2,108,13,0.12037037037037036
MMLU-Pro,discovery,validation,980,150,25,0.16666666666666666,108,18,0.16666666666666666
MMLU-Pro,discovery,validation,981,150,22,0.14666666666666667,108,18,0.16666666666666666
MMLU-Pro,discovery,validation,982,150,23,0.15333333333333332,108,27,0.25
MMLU-Pro,discovery,validation,983,150,26,0.17333333333333334,108,18,0.16666666666666666
MMLU-Pro,discovery,validation,984,150,24,0.16,108,22,0.2037037037037037
MMLU-Pro,discovery,validation,985,150,26,0.17333333333333334,108,22,0.2037037037037037
MMLU-Pro,discovery,validation,986,150,23,0.15333333333333332,108,19,0.17592592592592593
MMLU-Pro,discovery,validation,987,150,25,0.16666666666666666,108,14,0.12962962962962962
MMLU-Pro,discovery,validation,988,150,37,0.24666666666666667,108,17,0.1574074074074074
MMLU-Pro,discovery,validation,989,150,22,0.14666666666666667,108,19,0.17592592592592593
MMLU-Pro,discovery,validation,990,150,31,0.20666666666666667,108,23,0.21296296296296297
MMLU-Pro,discovery,validation,991,150,22,0.14666666666666667,108,16,0.14814814814814814
MMLU-Pro,discovery,validation,992,150,35,0.23333333333333334,108,27,0.25
MMLU-Pro,discovery,validation,993,150,30,0.2,108,21,0.19444444444444445
MMLU-Pro,discovery,validation,994,150,23,0.15333333333333332,108,12,0.1111111111111111
MMLU-Pro,discovery,validation,995,150,24,0.16,108,16,0.14814814814814814
MMLU-Pro,discovery,validation,996,150,27,0.18,108,25,0.23148148148148148
MMLU-Pro,discovery,validation,997,150,25,0.16666666666666666,108,23,0.21296296296296297
MMLU-Pro,discovery,validation,998,150,38,0.25333333333333335,108,21,0.19444444444444445
MMLU-Pro,discovery,validation,999,150,24,0.16,108,18,0.16666666666666666
MMLU-Pro,validation,discovery,0,158,23,0.14556962025316456,148,29,0.19594594594594594
MMLU-Pro,validation,discovery,1,158,28,0.17721518987341772,148,21,0.14189189189189189
MMLU-Pro,validation,discovery,2,158,36,0.22784810126582278,148,33,0.22297297297297297
MMLU-Pro,validation,discovery,3,158,33,0.2088607594936709,148,33,0.22297297297297297
MMLU-Pro,validation,discovery,4,158,28,0.17721518987341772,148,19,0.12837837837837837
MMLU-Pro,validation,discovery,5,158,34,0.21518987341772153,148,24,0.16216216216216217
MMLU-Pro,validation,discovery,6,158,25,0.15822784810126583,148,24,0.16216216216216217
MMLU-Pro,validation,discovery,7,158,24,0.1518987341772152,148,27,0.18243243243243243
MMLU-Pro,validation,discovery,8,158,33,0.2088607594936709,148,22,0.14864864864864866
MMLU-Pro,validation,discovery,9,158,38,0.24050632911392406,148,12,0.08108108108108109
MMLU-Pro,validation,discovery,10,158,24,0.1518987341772152,148,22,0.14864864864864866
MMLU-Pro,validation,discovery,11,158,32,0.20253164556962025,148,33,0.22297297297297297
MMLU-Pro,validation,discovery,12,158,35,0.22151898734177214,148,26,0.17567567567567569
MMLU-Pro,validation,discovery,13,158,35,0.22151898734177214,148,19,0.12837837837837837
MMLU-Pro,validation,discovery,14,158,23,0.14556962025316456,148,22,0.14864864864864866
MMLU-Pro,validation,discovery,15,158,29,0.18354430379746836,148,25,0.16891891891891891
MMLU-Pro,validation,discovery,16,158,35,0.22151898734177214,148,26,0.17567567567567569
MMLU-Pro,validation,discovery,17,158,40,0.25316455696202533,148,30,0.20270270270270271
MMLU-Pro,validation,discovery,18,158,34,0.21518987341772153,148,13,0.08783783783783784
MMLU-Pro,validation,discovery,19,158,37,0.23417721518987342,148,22,0.14864864864864866
MMLU-Pro,validation,discovery,20,158,25,0.15822784810126583,148,23,0.1554054054054054
MMLU-Pro,validation,discovery,21,158,39,0.2468354430379747,148,27,0.18243243243243243
MMLU-Pro,validation,discovery,22,158,33,0.2088607594936709,148,23,0.1554054054054054
MMLU-Pro,validation,discovery,23,158,32,0.20253164556962025,148,16,0.10810810810810811
MMLU-Pro,validation,discovery,24,158,28,0.17721518987341772,148,16,0.10810810810810811
MMLU-Pro,validation,discovery,25,158,34,0.21518987341772153,148,27,0.18243243243243243
MMLU-Pro,validation,discovery,26,158,30,0.189873417721519,148,26,0.17567567567567569
MMLU-Pro,validation,discovery,27,158,28,0.17721518987341772,148,16,0.10810810810810811
MMLU-Pro,validation,discovery,28,158,16,0.10126582278481013,148,21,0.14189189189189189
MMLU-Pro,validation,discovery,29,158,20,0.12658227848101267,148,21,0.14189189189189189
MMLU-Pro,validation,discovery,30,158,38,0.24050632911392406,148,25,0.16891891891891891
MMLU-Pro,validation,discovery,31,158,19,0.12025316455696203,148,16,0.10810810810810811
MMLU-Pro,validation,discovery,32,158,29,0.18354430379746836,148,20,0.13513513513513514
MMLU-Pro,validation,discovery,33,158,31,0.1962025316455696,148,28,0.1891891891891892
MMLU-Pro,validation,discovery,34,158,26,0.16455696202531644,148,19,0.12837837837837837
MMLU-Pro,validation,discovery,35,158,35,0.22151898734177214,148,23,0.1554054054054054
MMLU-Pro,validation,discovery,36,158,25,0.15822784810126583,148,21,0.14189189189189189
MMLU-Pro,validation,discovery,37,158,30,0.189873417721519,148,29,0.19594594594594594
MMLU-Pro,validation,discovery,38,158,20,0.12658227848101267,148,27,0.18243243243243243
MMLU-Pro,validation,discovery,39,158,29,0.18354430379746836,148,18,0.12162162162162163
MMLU-Pro,validation,discovery,40,158,22,0.13924050632911392,148,13,0.08783783783783784
MMLU-Pro,validation,discovery,41,158,36,0.22784810126582278,148,22,0.14864864864864866
MMLU-Pro,validation,discovery,42,158,27,0.17088607594936708,148,21,0.14189189189189189
MMLU-Pro,validation,discovery,43,158,28,0.17721518987341772,148,24,0.16216216216216217
MMLU-Pro,validation,discovery,44,158,35,0.22151898734177214,148,23,0.1554054054054054
MMLU-Pro,validation,discovery,45,158,31,0.1962025316455696,148,30,0.20270270270270271
MMLU-Pro,validation,discovery,46,158,25,0.15822784810126583,148,23,0.1554054054054054
MMLU-Pro,validation,discovery,47,158,19,0.12025316455696203,148,24,0.16216216216216217
MMLU-Pro,validation,discovery,48,158,31,0.1962025316455696,148,21,0.14189189189189189
MMLU-Pro,validation,discovery,49,158,27,0.17088607594936708,148,13,0.08783783783783784
MMLU-Pro,validation,discovery,50,158,40,0.25316455696202533,148,27,0.18243243243243243
MMLU-Pro,validation,discovery,51,158,28,0.17721518987341772,148,17,0.11486486486486487
MMLU-Pro,validation,discovery,52,158,31,0.1962025316455696,148,24,0.16216216216216217
MMLU-Pro,validation,discovery,53,158,36,0.22784810126582278,148,20,0.13513513513513514
MMLU-Pro,validation,discovery,54,158,34,0.21518987341772153,148,21,0.14189189189189189
MMLU-Pro,validation,discovery,55,158,35,0.22151898734177214,148,28,0.1891891891891892
MMLU-Pro,validation,discovery,56,158,25,0.15822784810126583,148,22,0.14864864864864866
MMLU-Pro,validation,discovery,57,158,38,0.24050632911392406,148,23,0.1554054054054054
MMLU-Pro,validation,discovery,58,158,26,0.16455696202531644,148,27,0.18243243243243243
MMLU-Pro,validation,discovery,59,158,23,0.14556962025316456,148,18,0.12162162162162163
MMLU-Pro,validation,discovery,60,158,41,0.25949367088607594,148,30,0.20270270270270271
MMLU-Pro,validation,discovery,61,158,32,0.20253164556962025,148,30,0.20270270270270271
MMLU-Pro,validation,discovery,62,158,32,0.20253164556962025,148,23,0.1554054054054054
MMLU-Pro,validation,discovery,63,158,31,0.1962025316455696,148,20,0.13513513513513514
MMLU-Pro,validation,discovery,64,158,30,0.189873417721519,148,25,0.16891891891891891
MMLU-Pro,validation,discovery,65,158,25,0.15822784810126583,148,17,0.11486486486486487
MMLU-Pro,validation,discovery,66,158,34,0.21518987341772153,148,27,0.18243243243243243
MMLU-Pro,validation,discovery,67,158,46,0.2911392405063291,148,28,0.1891891891891892
MMLU-Pro,validation,discovery,68,158,31,0.1962025316455696,148,18,0.12162162162162163
MMLU-Pro,validation,discovery,69,158,26,0.16455696202531644,148,15,0.10135135135135136
MMLU-Pro,validation,discovery,70,158,27,0.17088607594936708,148,27,0.18243243243243243
MMLU-Pro,validation,discovery,71,158,32,0.20253164556962025,148,22,0.14864864864864866
MMLU-Pro,validation,discovery,72,158,29,0.18354430379746836,148,23,0.1554054054054054
MMLU-Pro,validation,discovery,73,158,33,0.2088607594936709,148,26,0.17567567567567569
MMLU-Pro,validation,discovery,74,158,38,0.24050632911392406,148,17,0.11486486486486487
MMLU-Pro,validation,discovery,75,158,26,0.16455696202531644,148,26,0.17567567567567569
MMLU-Pro,validation,discovery,76,158,20,0.12658227848101267,148,26,0.17567567567567569
MMLU-Pro,validation,discovery,77,158,39,0.2468354430379747,148,22,0.14864864864864866
MMLU-Pro,validation,discovery,78,158,32,0.20253164556962025,148,23,0.1554054054054054
MMLU-Pro,validation,discovery,79,158,26,0.16455696202531644,148,24,0.16216216216216217
MMLU-Pro,validation,discovery,80,158,22,0.13924050632911392,148,27,0.18243243243243243
MMLU-Pro,validation,discovery,81,158,36,0.22784810126582278,148,23,0.1554054054054054
MMLU-Pro,validation,discovery,82,158,28,0.17721518987341772,148,24,0.16216216216216217
MMLU-Pro,validation,discovery,83,158,36,0.22784810126582278,148,23,0.1554054054054054
MMLU-Pro,validation,discovery,84,158,33,0.2088607594936709,148,22,0.14864864864864866
MMLU-Pro,validation,discovery,85,158,29,0.18354430379746836,148,20,0.13513513513513514
MMLU-Pro,validation,discovery,86,158,24,0.1518987341772152,148,22,0.14864864864864866
MMLU-Pro,validation,discovery,87,158,34,0.21518987341772153,148,26,0.17567567567567569
MMLU-Pro,validation,discovery,88,158,38,0.24050632911392406,148,22,0.14864864864864866
MMLU-Pro,validation,discovery,89,158,40,0.25316455696202533,148,15,0.10135135135135136
MMLU-Pro,validation,discovery,90,158,19,0.12025316455696203,148,18,0.12162162162162163
MMLU-Pro,validation,discovery,91,158,26,0.16455696202531644,148,29,0.19594594594594594
MMLU-Pro,validation,discovery,92,158,26,0.16455696202531644,148,29,0.19594594594594594
MMLU-Pro,validation,discovery,93,158,28,0.17721518987341772,148,17,0.11486486486486487
MMLU-Pro,validation,discovery,94,158,31,0.1962025316455696,148,19,0.12837837837837837
MMLU-Pro,validation,discovery,95,158,29,0.18354430379746836,148,26,0.17567567567567569
MMLU-Pro,validation,discovery,96,158,29,0.18354430379746836,148,28,0.1891891891891892
MMLU-Pro,validation,discovery,97,158,22,0.13924050632911392,148,19,0.12837837837837837
MMLU-Pro,validation,discovery,98,158,36,0.22784810126582278,148,24,0.16216216216216217
MMLU-Pro,validation,discovery,99,158,28,0.17721518987341772,148,18,0.12162162162162163
MMLU-Pro,validation,discovery,100,158,27,0.17088607594936708,148,22,0.14864864864864866
MMLU-Pro,validation,discovery,101,158,35,0.22151898734177214,148,29,0.19594594594594594
MMLU-Pro,validation,discovery,102,158,24,0.1518987341772152,148,21,0.14189189189189189
MMLU-Pro,validation,discovery,103,158,27,0.17088607594936708,148,22,0.14864864864864866
MMLU-Pro,validation,discovery,104,158,24,0.1518987341772152,148,27,0.18243243243243243
MMLU-Pro,validation,discovery,105,158,32,0.20253164556962025,148,21,0.14189189189189189
MMLU-Pro,validation,discovery,106,158,36,0.22784810126582278,148,17,0.11486486486486487
MMLU-Pro,validation,discovery,107,158,33,0.2088607594936709,148,19,0.12837837837837837
MMLU-Pro,validation,discovery,108,158,26,0.16455696202531644,148,18,0.12162162162162163
MMLU-Pro,validation,discovery,109,158,21,0.13291139240506328,148,23,0.1554054054054054
MMLU-Pro,validation,discovery,110,158,29,0.18354430379746836,148,15,0.10135135135135136
MMLU-Pro,validation,discovery,111,158,23,0.14556962025316456,148,23,0.1554054054054054
MMLU-Pro,validation,discovery,112,158,37,0.23417721518987342,148,33,0.22297297297297297
MMLU-Pro,validation,discovery,113,158,32,0.20253164556962025,148,25,0.16891891891891891
MMLU-Pro,validation,discovery,114,158,30,0.189873417721519,148,29,0.19594594594594594
MMLU-Pro,validation,discovery,115,158,28,0.17721518987341772,148,23,0.1554054054054054
MMLU-Pro,validation,discovery,116,158,27,0.17088607594936708,148,33,0.22297297297297297
MMLU-Pro,validation,discovery,117,158,26,0.16455696202531644,148,24,0.16216216216216217
MMLU-Pro,validation,discovery,118,158,34,0.21518987341772153,148,16,0.10810810810810811
MMLU-Pro,validation,discovery,119,158,30,0.189873417721519,148,20,0.13513513513513514
MMLU-Pro,validation,discovery,120,158,27,0.17088607594936708,148,24,0.16216216216216217
MMLU-Pro,validation,discovery,121,158,29,0.18354430379746836,148,31,0.20945945945945946
MMLU-Pro,validation,discovery,122,158,23,0.14556962025316456,148,25,0.16891891891891891
MMLU-Pro,validation,discovery,123,158,27,0.17088607594936708,148,22,0.14864864864864866
MMLU-Pro,validation,discovery,124,158,27,0.17088607594936708,148,25,0.16891891891891891
MMLU-Pro,validation,discovery,125,158,29,0.18354430379746836,148,18,0.12162162162162163
MMLU-Pro,validation,discovery,126,158,18,0.11392405063291139,148,33,0.22297297297297297
MMLU-Pro,validation,discovery,127,158,33,0.2088607594936709,148,28,0.1891891891891892
MMLU-Pro,validation,discovery,128,158,29,0.18354430379746836,148,20,0.13513513513513514
MMLU-Pro,validation,discovery,129,158,31,0.1962025316455696,148,28,0.1891891891891892
MMLU-Pro,validation,discovery,130,158,21,0.13291139240506328,148,21,0.14189189189189189
MMLU-Pro,validation,discovery,131,158,39,0.2468354430379747,148,31,0.20945945945945946
MMLU-Pro,validation,discovery,132,158,37,0.23417721518987342,148,22,0.14864864864864866
MMLU-Pro,validation,discovery,133,158,22,0.13924050632911392,148,28,0.1891891891891892
MMLU-Pro,validation,discovery,134,158,25,0.15822784810126583,148,18,0.12162162162162163
MMLU-Pro,validation,discovery,135,158,36,0.22784810126582278,148,20,0.13513513513513514
MMLU-Pro,validation,discovery,136,158,35,0.22151898734177214,148,24,0.16216216216216217
MMLU-Pro,validation,discovery,137,158,39,0.2468354430379747,148,30,0.20270270270270271
MMLU-Pro,validation,discovery,138,158,28,0.17721518987341772,148,26,0.17567567567567569
MMLU-Pro,validation,discovery,139,158,36,0.22784810126582278,148,21,0.14189189189189189
MMLU-Pro,validation,discovery,140,158,25,0.15822784810126583,148,23,0.1554054054054054
MMLU-Pro,validation,discovery,141,158,36,0.22784810126582278,148,25,0.16891891891891891
MMLU-Pro,validation,discovery,142,158,27,0.17088607594936708,148,24,0.16216216216216217
MMLU-Pro,validation,discovery,143,158,24,0.1518987341772152,148,14,0.0945945945945946
MMLU-Pro,validation,discovery,144,158,32,0.20253164556962025,148,24,0.16216216216216217
MMLU-Pro,validation,discovery,145,158,34,0.21518987341772153,148,24,0.16216216216216217
MMLU-Pro,validation,discovery,146,158,27,0.17088607594936708,148,27,0.18243243243243243
MMLU-Pro,validation,discovery,147,158,25,0.15822784810126583,148,23,0.1554054054054054
MMLU-Pro,validation,discovery,148,158,30,0.189873417721519,148,23,0.1554054054054054
MMLU-Pro,validation,discovery,149,158,29,0.18354430379746836,148,20,0.13513513513513514
MMLU-Pro,validation,discovery,150,158,38,0.24050632911392406,148,21,0.14189189189189189
MMLU-Pro,validation,discovery,151,158,24,0.1518987341772152,148,34,0.22972972972972974
MMLU-Pro,validation,discovery,152,158,26,0.16455696202531644,148,28,0.1891891891891892
MMLU-Pro,validation,discovery,153,158,28,0.17721518987341772,148,24,0.16216216216216217
MMLU-Pro,validation,discovery,154,158,20,0.12658227848101267,148,24,0.16216216216216217
MMLU-Pro,validation,discovery,155,158,27,0.17088607594936708,148,27,0.18243243243243243
MMLU-Pro,validation,discovery,156,158,28,0.17721518987341772,148,19,0.12837837837837837
MMLU-Pro,validation,discovery,157,158,37,0.23417721518987342,148,24,0.16216216216216217
MMLU-Pro,validation,discovery,158,158,23,0.14556962025316456,148,13,0.08783783783783784
MMLU-Pro,validation,discovery,159,158,31,0.1962025316455696,148,32,0.21621621621621623
MMLU-Pro,validation,discovery,160,158,30,0.189873417721519,148,25,0.16891891891891891
MMLU-Pro,validation,discovery,161,158,18,0.11392405063291139,148,27,0.18243243243243243
MMLU-Pro,validation,discovery,162,158,29,0.18354430379746836,148,25,0.16891891891891891
MMLU-Pro,validation,discovery,163,158,26,0.16455696202531644,148,34,0.22972972972972974
MMLU-Pro,validation,discovery,164,158,23,0.14556962025316456,148,20,0.13513513513513514
MMLU-Pro,validation,discovery,165,158,22,0.13924050632911392,148,20,0.13513513513513514
MMLU-Pro,validation,discovery,166,158,35,0.22151898734177214,148,19,0.12837837837837837
MMLU-Pro,validation,discovery,167,158,28,0.17721518987341772,148,20,0.13513513513513514
MMLU-Pro,validation,discovery,168,158,29,0.18354430379746836,148,19,0.12837837837837837
MMLU-Pro,validation,discovery,169,158,42,0.26582278481012656,148,24,0.16216216216216217
MMLU-Pro,validation,discovery,170,158,25,0.15822784810126583,148,22,0.14864864864864866
MMLU-Pro,validation,discovery,171,158,26,0.16455696202531644,148,31,0.20945945945945946
MMLU-Pro,validation,discovery,172,158,32,0.20253164556962025,148,19,0.12837837837837837
MMLU-Pro,validation,discovery,173,158,26,0.16455696202531644,148,20,0.13513513513513514
MMLU-Pro,validation,discovery,174,158,30,0.189873417721519,148,18,0.12162162162162163
MMLU-Pro,validation,discovery,175,158,35,0.22151898734177214,148,29,0.19594594594594594
MMLU-Pro,validation,discovery,176,158,29,0.18354430379746836,148,30,0.20270270270270271
MMLU-Pro,validation,discovery,177,158,31,0.1962025316455696,148,18,0.12162162162162163
MMLU-Pro,validation,discovery,178,158,34,0.21518987341772153,148,14,0.0945945945945946
MMLU-Pro,validation,discovery,179,158,22,0.13924050632911392,148,18,0.12162162162162163
MMLU-Pro,validation,discovery,180,158,26,0.16455696202531644,148,31,0.20945945945945946
MMLU-Pro,validation,discovery,181,158,32,0.20253164556962025,148,20,0.13513513513513514
MMLU-Pro,validation,discovery,182,158,35,0.22151898734177214,148,24,0.16216216216216217
MMLU-Pro,validation,discovery,183,158,27,0.17088607594936708,148,21,0.14189189189189189
MMLU-Pro,validation,discovery,184,158,28,0.17721518987341772,148,29,0.19594594594594594
MMLU-Pro,validation,discovery,185,158,30,0.189873417721519,148,25,0.16891891891891891
MMLU-Pro,validation,discovery,186,158,36,0.22784810126582278,148,17,0.11486486486486487
MMLU-Pro,validation,discovery,187,158,34,0.21518987341772153,148,28,0.1891891891891892
MMLU-Pro,validation,discovery,188,158,24,0.1518987341772152,148,17,0.11486486486486487
MMLU-Pro,validation,discovery,189,158,30,0.189873417721519,148,16,0.10810810810810811
MMLU-Pro,validation,discovery,190,158,29,0.18354430379746836,148,25,0.16891891891891891
MMLU-Pro,validation,discovery,191,158,28,0.17721518987341772,148,22,0.14864864864864866
MMLU-Pro,validation,discovery,192,158,30,0.189873417721519,148,28,0.1891891891891892
MMLU-Pro,validation,discovery,193,158,28,0.17721518987341772,148,23,0.1554054054054054
MMLU-Pro,validation,discovery,194,158,31,0.1962025316455696,148,19,0.12837837837837837
MMLU-Pro,validation,discovery,195,158,35,0.22151898734177214,148,26,0.17567567567567569
MMLU-Pro,validation,discovery,196,158,33,0.2088607594936709,148,27,0.18243243243243243
MMLU-Pro,validation,discovery,197,158,39,0.2468354430379747,148,18,0.12162162162162163
MMLU-Pro,validation,discovery,198,158,38,0.24050632911392406,148,26,0.17567567567567569
MMLU-Pro,validation,discovery,199,158,33,0.2088607594936709,148,22,0.14864864864864866
MMLU-Pro,validation,discovery,200,158,30,0.189873417721519,148,24,0.16216216216216217
MMLU-Pro,validation,discovery,201,158,31,0.1962025316455696,148,22,0.14864864864864866
MMLU-Pro,validation,discovery,202,158,28,0.17721518987341772,148,23,0.1554054054054054
MMLU-Pro,validation,discovery,203,158,22,0.13924050632911392,148,15,0.10135135135135136
MMLU-Pro,validation,discovery,204,158,24,0.1518987341772152,148,18,0.12162162162162163
MMLU-Pro,validation,discovery,205,158,35,0.22151898734177214,148,21,0.14189189189189189
MMLU-Pro,validation,discovery,206,158,35,0.22151898734177214,148,25,0.16891891891891891
MMLU-Pro,validation,discovery,207,158,31,0.1962025316455696,148,22,0.14864864864864866
MMLU-Pro,validation,discovery,208,158,35,0.22151898734177214,148,22,0.14864864864864866
MMLU-Pro,validation,discovery,209,158,21,0.13291139240506328,148,12,0.08108108108108109
MMLU-Pro,validation,discovery,210,158,34,0.21518987341772153,148,25,0.16891891891891891
MMLU-Pro,validation,discovery,211,158,24,0.1518987341772152,148,20,0.13513513513513514
MMLU-Pro,validation,discovery,212,158,27,0.17088607594936708,148,29,0.19594594594594594
MMLU-Pro,validation,discovery,213,158,17,0.10759493670886076,148,25,0.16891891891891891
MMLU-Pro,validation,discovery,214,158,28,0.17721518987341772,148,18,0.12162162162162163
MMLU-Pro,validation,discovery,215,158,39,0.2468354430379747,148,27,0.18243243243243243
MMLU-Pro,validation,discovery,216,158,53,0.33544303797468356,148,31,0.20945945945945946
MMLU-Pro,validation,discovery,217,158,20,0.12658227848101267,148,23,0.1554054054054054
MMLU-Pro,validation,discovery,218,158,31,0.1962025316455696,148,24,0.16216216216216217
MMLU-Pro,validation,discovery,219,158,27,0.17088607594936708,148,21,0.14189189189189189
MMLU-Pro,validation,discovery,220,158,26,0.16455696202531644,148,27,0.18243243243243243
MMLU-Pro,validation,discovery,221,158,32,0.20253164556962025,148,20,0.13513513513513514
MMLU-Pro,validation,discovery,222,158,28,0.17721518987341772,148,25,0.16891891891891891
MMLU-Pro,validation,discovery,223,158,29,0.18354430379746836,148,25,0.16891891891891891
MMLU-Pro,validation,discovery,224,158,31,0.1962025316455696,148,18,0.12162162162162163
MMLU-Pro,validation,discovery,225,158,28,0.17721518987341772,148,22,0.14864864864864866
MMLU-Pro,validation,discovery,226,158,18,0.11392405063291139,148,14,0.0945945945945946
MMLU-Pro,validation,discovery,227,158,30,0.189873417721519,148,31,0.20945945945945946
MMLU-Pro,validation,discovery,228,158,27,0.17088607594936708,148,22,0.14864864864864866
MMLU-Pro,validation,discovery,229,158,34,0.21518987341772153,148,24,0.16216216216216217
MMLU-Pro,validation,discovery,230,158,36,0.22784810126582278,148,25,0.16891891891891891
MMLU-Pro,validation,discovery,231,158,29,0.18354430379746836,148,24,0.16216216216216217
MMLU-Pro,validation,discovery,232,158,25,0.15822784810126583,148,22,0.14864864864864866
MMLU-Pro,validation,discovery,233,158,31,0.1962025316455696,148,27,0.18243243243243243
MMLU-Pro,validation,discovery,234,158,15,0.0949367088607595,148,24,0.16216216216216217
MMLU-Pro,validation,discovery,235,158,30,0.189873417721519,148,18,0.12162162162162163
MMLU-Pro,validation,discovery,236,158,28,0.17721518987341772,148,26,0.17567567567567569
MMLU-Pro,validation,discovery,237,158,21,0.13291139240506328,148,18,0.12162162162162163
MMLU-Pro,validation,discovery,238,158,25,0.15822784810126583,148,22,0.14864864864864866
MMLU-Pro,validation,discovery,239,158,24,0.1518987341772152,148,31,0.20945945945945946
MMLU-Pro,validation,discovery,240,158,32,0.20253164556962025,148,17,0.11486486486486487
MMLU-Pro,validation,discovery,241,158,34,0.21518987341772153,148,13,0.08783783783783784
MMLU-Pro,validation,discovery,242,158,25,0.15822784810126583,148,21,0.14189189189189189
MMLU-Pro,validation,discovery,243,158,31,0.1962025316455696,148,21,0.14189189189189189
MMLU-Pro,validation,discovery,244,158,35,0.22151898734177214,148,21,0.14189189189189189
MMLU-Pro,validation,discovery,245,158,28,0.17721518987341772,148,22,0.14864864864864866
MMLU-Pro,validation,discovery,246,158,25,0.15822784810126583,148,21,0.14189189189189189
MMLU-Pro,validation,discovery,247,158,24,0.1518987341772152,148,16,0.10810810810810811
MMLU-Pro,validation,discovery,248,158,25,0.15822784810126583,148,21,0.14189189189189189
MMLU-Pro,validation,discovery,249,158,30,0.189873417721519,148,23,0.1554054054054054
MMLU-Pro,validation,discovery,250,158,33,0.2088607594936709,148,20,0.13513513513513514
MMLU-Pro,validation,discovery,251,158,28,0.17721518987341772,148,30,0.20270270270270271
MMLU-Pro,validation,discovery,252,158,26,0.16455696202531644,148,22,0.14864864864864866
MMLU-Pro,validation,discovery,253,158,23,0.14556962025316456,148,16,0.10810810810810811
MMLU-Pro,validation,discovery,254,158,38,0.24050632911392406,148,34,0.22972972972972974
MMLU-Pro,validation,discovery,255,158,38,0.24050632911392406,148,16,0.10810810810810811
MMLU-Pro,validation,discovery,256,158,36,0.22784810126582278,148,20,0.13513513513513514
MMLU-Pro,validation,discovery,257,158,38,0.24050632911392406,148,22,0.14864864864864866
MMLU-Pro,validation,discovery,258,158,33,0.2088607594936709,148,17,0.11486486486486487
MMLU-Pro,validation,discovery,259,158,28,0.17721518987341772,148,24,0.16216216216216217
MMLU-Pro,validation,discovery,260,158,21,0.13291139240506328,148,16,0.10810810810810811
MMLU-Pro,validation,discovery,261,158,25,0.15822784810126583,148,26,0.17567567567567569
MMLU-Pro,validation,discovery,262,158,28,0.17721518987341772,148,26,0.17567567567567569
MMLU-Pro,validation,discovery,263,158,36,0.22784810126582278,148,23,0.1554054054054054
MMLU-Pro,validation,discovery,264,158,30,0.189873417721519,148,23,0.1554054054054054
MMLU-Pro,validation,discovery,265,158,28,0.17721518987341772,148,26,0.17567567567567569
MMLU-Pro,validation,discovery,266,158,28,0.17721518987341772,148,17,0.11486486486486487
MMLU-Pro,validation,discovery,267,158,23,0.14556962025316456,148,24,0.16216216216216217
MMLU-Pro,validation,discovery,268,158,47,0.2974683544303797,148,40,0.2702702702702703
MMLU-Pro,validation,discovery,269,158,29,0.18354430379746836,148,25,0.16891891891891891
MMLU-Pro,validation,discovery,270,158,33,0.2088607594936709,148,29,0.19594594594594594
MMLU-Pro,validation,discovery,271,158,35,0.22151898734177214,148,23,0.1554054054054054
MMLU-Pro,validation,discovery,272,158,28,0.17721518987341772,148,19,0.12837837837837837
MMLU-Pro,validation,discovery,273,158,33,0.2088607594936709,148,28,0.1891891891891892
MMLU-Pro,validation,discovery,274,158,37,0.23417721518987342,148,22,0.14864864864864866
MMLU-Pro,validation,discovery,275,158,31,0.1962025316455696,148,25,0.16891891891891891
MMLU-Pro,validation,discovery,276,158,23,0.14556962025316456,148,19,0.12837837837837837
MMLU-Pro,validation,discovery,277,158,29,0.18354430379746836,148,19,0.12837837837837837
MMLU-Pro,validation,discovery,278,158,25,0.15822784810126583,148,24,0.16216216216216217
MMLU-Pro,validation,discovery,279,158,42,0.26582278481012656,148,26,0.17567567567567569
MMLU-Pro,validation,discovery,280,158,30,0.189873417721519,148,26,0.17567567567567569
MMLU-Pro,validation,discovery,281,158,33,0.2088607594936709,148,31,0.20945945945945946
MMLU-Pro,validation,discovery,282,158,31,0.1962025316455696,148,26,0.17567567567567569
MMLU-Pro,validation,discovery,283,158,21,0.13291139240506328,148,24,0.16216216216216217
MMLU-Pro,validation,discovery,284,158,32,0.20253164556962025,148,28,0.1891891891891892
MMLU-Pro,validation,discovery,285,158,21,0.13291139240506328,148,24,0.16216216216216217
MMLU-Pro,validation,discovery,286,158,34,0.21518987341772153,148,28,0.1891891891891892
MMLU-Pro,validation,discovery,287,158,26,0.16455696202531644,148,18,0.12162162162162163
MMLU-Pro,validation,discovery,288,158,51,0.3227848101265823,148,25,0.16891891891891891
MMLU-Pro,validation,discovery,289,158,35,0.22151898734177214,148,24,0.16216216216216217
MMLU-Pro,validation,discovery,290,158,34,0.21518987341772153,148,25,0.16891891891891891
MMLU-Pro,validation,discovery,291,158,26,0.16455696202531644,148,12,0.08108108108108109
MMLU-Pro,validation,discovery,292,158,27,0.17088607594936708,148,23,0.1554054054054054
MMLU-Pro,validation,discovery,293,158,40,0.25316455696202533,148,20,0.13513513513513514
MMLU-Pro,validation,discovery,294,158,23,0.14556962025316456,148,21,0.14189189189189189
MMLU-Pro,validation,discovery,295,158,33,0.2088607594936709,148,27,0.18243243243243243
MMLU-Pro,validation,discovery,296,158,30,0.189873417721519,148,15,0.10135135135135136
MMLU-Pro,validation,discovery,297,158,36,0.22784810126582278,148,28,0.1891891891891892
MMLU-Pro,validation,discovery,298,158,29,0.18354430379746836,148,21,0.14189189189189189
MMLU-Pro,validation,discovery,299,158,23,0.14556962025316456,148,22,0.14864864864864866
MMLU-Pro,validation,discovery,300,158,32,0.20253164556962025,148,24,0.16216216216216217
MMLU-Pro,validation,discovery,301,158,31,0.1962025316455696,148,12,0.08108108108108109
MMLU-Pro,validation,discovery,302,158,37,0.23417721518987342,148,20,0.13513513513513514
MMLU-Pro,validation,discovery,303,158,30,0.189873417721519,148,21,0.14189189189189189
MMLU-Pro,validation,discovery,304,158,27,0.17088607594936708,148,24,0.16216216216216217
MMLU-Pro,validation,discovery,305,158,29,0.18354430379746836,148,24,0.16216216216216217
MMLU-Pro,validation,discovery,306,158,22,0.13924050632911392,148,29,0.19594594594594594
MMLU-Pro,validation,discovery,307,158,28,0.17721518987341772,148,21,0.14189189189189189
MMLU-Pro,validation,discovery,308,158,36,0.22784810126582278,148,27,0.18243243243243243
MMLU-Pro,validation,discovery,309,158,25,0.15822784810126583,148,21,0.14189189189189189
MMLU-Pro,validation,discovery,310,158,24,0.1518987341772152,148,24,0.16216216216216217
MMLU-Pro,validation,discovery,311,158,41,0.25949367088607594,148,23,0.1554054054054054
MMLU-Pro,validation,discovery,312,158,30,0.189873417721519,148,24,0.16216216216216217
MMLU-Pro,validation,discovery,313,158,35,0.22151898734177214,148,29,0.19594594594594594
MMLU-Pro,validation,discovery,314,158,28,0.17721518987341772,148,18,0.12162162162162163
MMLU-Pro,validation,discovery,315,158,30,0.189873417721519,148,20,0.13513513513513514
MMLU-Pro,validation,discovery,316,158,36,0.22784810126582278,148,25,0.16891891891891891
MMLU-Pro,validation,discovery,317,158,33,0.2088607594936709,148,24,0.16216216216216217
MMLU-Pro,validation,discovery,318,158,28,0.17721518987341772,148,18,0.12162162162162163
MMLU-Pro,validation,discovery,319,158,26,0.16455696202531644,148,22,0.14864864864864866
MMLU-Pro,validation,discovery,320,158,39,0.2468354430379747,148,29,0.19594594594594594
MMLU-Pro,validation,discovery,321,158,16,0.10126582278481013,148,22,0.14864864864864866
MMLU-Pro,validation,discovery,322,158,30,0.189873417721519,148,19,0.12837837837837837
MMLU-Pro,validation,discovery,323,158,32,0.20253164556962025,148,29,0.19594594594594594
MMLU-Pro,validation,discovery,324,158,29,0.18354430379746836,148,25,0.16891891891891891
MMLU-Pro,validation,discovery,325,158,29,0.18354430379746836,148,20,0.13513513513513514
MMLU-Pro,validation,discovery,326,158,25,0.15822784810126583,148,40,0.2702702702702703
MMLU-Pro,validation,discovery,327,158,35,0.22151898734177214,148,24,0.16216216216216217
MMLU-Pro,validation,discovery,328,158,25,0.15822784810126583,148,24,0.16216216216216217
MMLU-Pro,validation,discovery,329,158,31,0.1962025316455696,148,28,0.1891891891891892
MMLU-Pro,validation,discovery,330,158,27,0.17088607594936708,148,26,0.17567567567567569
MMLU-Pro,validation,discovery,331,158,39,0.2468354430379747,148,20,0.13513513513513514
MMLU-Pro,validation,discovery,332,158,31,0.1962025316455696,148,26,0.17567567567567569
MMLU-Pro,validation,discovery,333,158,27,0.17088607594936708,148,19,0.12837837837837837
MMLU-Pro,validation,discovery,334,158,37,0.23417721518987342,148,27,0.18243243243243243
MMLU-Pro,validation,discovery,335,158,31,0.1962025316455696,148,20,0.13513513513513514
MMLU-Pro,validation,discovery,336,158,25,0.15822784810126583,148,25,0.16891891891891891
MMLU-Pro,validation,discovery,337,158,34,0.21518987341772153,148,25,0.16891891891891891
MMLU-Pro,validation,discovery,338,158,27,0.17088607594936708,148,25,0.16891891891891891
MMLU-Pro,validation,discovery,339,158,36,0.22784810126582278,148,26,0.17567567567567569
MMLU-Pro,validation,discovery,340,158,33,0.2088607594936709,148,25,0.16891891891891891
MMLU-Pro,validation,discovery,341,158,29,0.18354430379746836,148,27,0.18243243243243243
MMLU-Pro,validation,discovery,342,158,31,0.1962025316455696,148,25,0.16891891891891891
MMLU-Pro,validation,discovery,343,158,27,0.17088607594936708,148,21,0.14189189189189189
MMLU-Pro,validation,discovery,344,158,35,0.22151898734177214,148,20,0.13513513513513514
MMLU-Pro,validation,discovery,345,158,39,0.2468354430379747,148,20,0.13513513513513514
MMLU-Pro,validation,discovery,346,158,29,0.18354430379746836,148,23,0.1554054054054054
MMLU-Pro,validation,discovery,347,158,29,0.18354430379746836,148,25,0.16891891891891891
MMLU-Pro,validation,discovery,348,158,38,0.24050632911392406,148,20,0.13513513513513514
MMLU-Pro,validation,discovery,349,158,32,0.20253164556962025,148,23,0.1554054054054054
MMLU-Pro,validation,discovery,350,158,29,0.18354430379746836,148,26,0.17567567567567569
MMLU-Pro,validation,discovery,351,158,37,0.23417721518987342,148,24,0.16216216216216217
MMLU-Pro,validation,discovery,352,158,32,0.20253164556962025,148,18,0.12162162162162163
MMLU-Pro,validation,discovery,353,158,28,0.17721518987341772,148,19,0.12837837837837837
MMLU-Pro,validation,discovery,354,158,21,0.13291139240506328,148,23,0.1554054054054054
MMLU-Pro,validation,discovery,355,158,35,0.22151898734177214,148,26,0.17567567567567569
MMLU-Pro,validation,discovery,356,158,16,0.10126582278481013,148,12,0.08108108108108109
MMLU-Pro,validation,discovery,357,158,40,0.25316455696202533,148,24,0.16216216216216217
MMLU-Pro,validation,discovery,358,158,22,0.13924050632911392,148,17,0.11486486486486487
MMLU-Pro,validation,discovery,359,158,22,0.13924050632911392,148,19,0.12837837837837837
MMLU-Pro,validation,discovery,360,158,31,0.1962025316455696,148,26,0.17567567567567569
MMLU-Pro,validation,discovery,361,158,33,0.2088607594936709,148,20,0.13513513513513514
MMLU-Pro,validation,discovery,362,158,38,0.24050632911392406,148,19,0.12837837837837837
MMLU-Pro,validation,discovery,363,158,27,0.17088607594936708,148,14,0.0945945945945946
MMLU-Pro,validation,discovery,364,158,26,0.16455696202531644,148,20,0.13513513513513514
MMLU-Pro,validation,discovery,365,158,29,0.18354430379746836,148,26,0.17567567567567569
MMLU-Pro,validation,discovery,366,158,32,0.20253164556962025,148,22,0.14864864864864866
MMLU-Pro,validation,discovery,367,158,36,0.22784810126582278,148,24,0.16216216216216217
MMLU-Pro,validation,discovery,368,158,17,0.10759493670886076,148,24,0.16216216216216217
MMLU-Pro,validation,discovery,369,158,29,0.18354430379746836,148,24,0.16216216216216217
MMLU-Pro,validation,discovery,370,158,29,0.18354430379746836,148,22,0.14864864864864866
MMLU-Pro,validation,discovery,371,158,35,0.22151898734177214,148,21,0.14189189189189189
MMLU-Pro,validation,discovery,372,158,26,0.16455696202531644,148,27,0.18243243243243243
MMLU-Pro,validation,discovery,373,158,21,0.13291139240506328,148,20,0.13513513513513514
MMLU-Pro,validation,discovery,374,158,23,0.14556962025316456,148,22,0.14864864864864866
MMLU-Pro,validation,discovery,375,158,26,0.16455696202531644,148,20,0.13513513513513514
MMLU-Pro,validation,discovery,376,158,29,0.18354430379746836,148,20,0.13513513513513514
MMLU-Pro,validation,discovery,377,158,34,0.21518987341772153,148,28,0.1891891891891892
MMLU-Pro,validation,discovery,378,158,34,0.21518987341772153,148,19,0.12837837837837837
MMLU-Pro,validation,discovery,379,158,25,0.15822784810126583,148,18,0.12162162162162163
MMLU-Pro,validation,discovery,380,158,28,0.17721518987341772,148,20,0.13513513513513514
MMLU-Pro,validation,discovery,381,158,34,0.21518987341772153,148,19,0.12837837837837837
MMLU-Pro,validation,discovery,382,158,29,0.18354430379746836,148,30,0.20270270270270271
MMLU-Pro,validation,discovery,383,158,29,0.18354430379746836,148,29,0.19594594594594594
MMLU-Pro,validation,discovery,384,158,27,0.17088607594936708,148,25,0.16891891891891891
MMLU-Pro,validation,discovery,385,158,31,0.1962025316455696,148,28,0.1891891891891892
MMLU-Pro,validation,discovery,386,158,26,0.16455696202531644,148,24,0.16216216216216217
MMLU-Pro,validation,discovery,387,158,32,0.20253164556962025,148,19,0.12837837837837837
MMLU-Pro,validation,discovery,388,158,30,0.189873417721519,148,26,0.17567567567567569
MMLU-Pro,validation,discovery,389,158,27,0.17088607594936708,148,27,0.18243243243243243
MMLU-Pro,validation,discovery,390,158,29,0.18354430379746836,148,22,0.14864864864864866
MMLU-Pro,validation,discovery,391,158,32,0.20253164556962025,148,28,0.1891891891891892
MMLU-Pro,validation,discovery,392,158,27,0.17088607594936708,148,19,0.12837837837837837
MMLU-Pro,validation,discovery,393,158,28,0.17721518987341772,148,22,0.14864864864864866
MMLU-Pro,validation,discovery,394,158,29,0.18354430379746836,148,28,0.1891891891891892
MMLU-Pro,validation,discovery,395,158,22,0.13924050632911392,148,13,0.08783783783783784
MMLU-Pro,validation,discovery,396,158,27,0.17088607594936708,148,22,0.14864864864864866
MMLU-Pro,validation,discovery,397,158,28,0.17721518987341772,148,25,0.16891891891891891
MMLU-Pro,validation,discovery,398,158,26,0.16455696202531644,148,22,0.14864864864864866
MMLU-Pro,validation,discovery,399,158,24,0.1518987341772152,148,28,0.1891891891891892
MMLU-Pro,validation,discovery,400,158,30,0.189873417721519,148,23,0.1554054054054054
MMLU-Pro,validation,discovery,401,158,17,0.10759493670886076,148,26,0.17567567567567569
MMLU-Pro,validation,discovery,402,158,39,0.2468354430379747,148,22,0.14864864864864866
MMLU-Pro,validation,discovery,403,158,27,0.17088607594936708,148,22,0.14864864864864866
MMLU-Pro,validation,discovery,404,158,23,0.14556962025316456,148,24,0.16216216216216217
MMLU-Pro,validation,discovery,405,158,32,0.20253164556962025,148,33,0.22297297297297297
MMLU-Pro,validation,discovery,406,158,31,0.1962025316455696,148,21,0.14189189189189189
MMLU-Pro,validation,discovery,407,158,40,0.25316455696202533,148,31,0.20945945945945946
MMLU-Pro,validation,discovery,408,158,30,0.189873417721519,148,26,0.17567567567567569
MMLU-Pro,validation,discovery,409,158,29,0.18354430379746836,148,26,0.17567567567567569
MMLU-Pro,validation,discovery,410,158,28,0.17721518987341772,148,21,0.14189189189189189
MMLU-Pro,validation,discovery,411,158,35,0.22151898734177214,148,23,0.1554054054054054
MMLU-Pro,validation,discovery,412,158,22,0.13924050632911392,148,17,0.11486486486486487
MMLU-Pro,validation,discovery,413,158,30,0.189873417721519,148,18,0.12162162162162163
MMLU-Pro,validation,discovery,414,158,28,0.17721518987341772,148,16,0.10810810810810811
MMLU-Pro,validation,discovery,415,158,23,0.14556962025316456,148,28,0.1891891891891892
MMLU-Pro,validation,discovery,416,158,32,0.20253164556962025,148,26,0.17567567567567569
MMLU-Pro,validation,discovery,417,158,32,0.20253164556962025,148,28,0.1891891891891892
MMLU-Pro,validation,discovery,418,158,23,0.14556962025316456,148,22,0.14864864864864866
MMLU-Pro,validation,discovery,419,158,30,0.189873417721519,148,28,0.1891891891891892
MMLU-Pro,validation,discovery,420,158,24,0.1518987341772152,148,17,0.11486486486486487
MMLU-Pro,validation,discovery,421,158,30,0.189873417721519,148,22,0.14864864864864866
MMLU-Pro,validation,discovery,422,158,28,0.17721518987341772,148,24,0.16216216216216217
MMLU-Pro,validation,discovery,423,158,42,0.26582278481012656,148,32,0.21621621621621623
MMLU-Pro,validation,discovery,424,158,36,0.22784810126582278,148,24,0.16216216216216217
MMLU-Pro,validation,discovery,425,158,19,0.12025316455696203,148,19,0.12837837837837837
MMLU-Pro,validation,discovery,426,158,31,0.1962025316455696,148,20,0.13513513513513514
MMLU-Pro,validation,discovery,427,158,33,0.2088607594936709,148,27,0.18243243243243243
MMLU-Pro,validation,discovery,428,158,33,0.2088607594936709,148,26,0.17567567567567569
MMLU-Pro,validation,discovery,429,158,29,0.18354430379746836,148,20,0.13513513513513514
MMLU-Pro,validation,discovery,430,158,28,0.17721518987341772,148,20,0.13513513513513514
MMLU-Pro,validation,discovery,431,158,29,0.18354430379746836,148,24,0.16216216216216217
MMLU-Pro,validation,discovery,432,158,27,0.17088607594936708,148,26,0.17567567567567569
MMLU-Pro,validation,discovery,433,158,19,0.12025316455696203,148,22,0.14864864864864866
MMLU-Pro,validation,discovery,434,158,35,0.22151898734177214,148,21,0.14189189189189189
MMLU-Pro,validation,discovery,435,158,27,0.17088607594936708,148,30,0.20270270270270271
MMLU-Pro,validation,discovery,436,158,33,0.2088607594936709,148,23,0.1554054054054054
MMLU-Pro,validation,discovery,437,158,33,0.2088607594936709,148,16,0.10810810810810811
MMLU-Pro,validation,discovery,438,158,28,0.17721518987341772,148,23,0.1554054054054054
MMLU-Pro,validation,discovery,439,158,27,0.17088607594936708,148,18,0.12162162162162163
MMLU-Pro,validation,discovery,440,158,22,0.13924050632911392,148,27,0.18243243243243243
MMLU-Pro,validation,discovery,441,158,31,0.1962025316455696,148,24,0.16216216216216217
MMLU-Pro,validation,discovery,442,158,25,0.15822784810126583,148,20,0.13513513513513514
MMLU-Pro,validation,discovery,443,158,27,0.17088607594936708,148,21,0.14189189189189189
MMLU-Pro,validation,discovery,444,158,25,0.15822784810126583,148,26,0.17567567567567569
MMLU-Pro,validation,discovery,445,158,33,0.2088607594936709,148,24,0.16216216216216217
MMLU-Pro,validation,discovery,446,158,33,0.2088607594936709,148,19,0.12837837837837837
MMLU-Pro,validation,discovery,447,158,22,0.13924050632911392,148,23,0.1554054054054054
MMLU-Pro,validation,discovery,448,158,29,0.18354430379746836,148,23,0.1554054054054054
MMLU-Pro,validation,discovery,449,158,38,0.24050632911392406,148,20,0.13513513513513514
MMLU-Pro,validation,discovery,450,158,20,0.12658227848101267,148,15,0.10135135135135136
MMLU-Pro,validation,discovery,451,158,25,0.15822784810126583,148,16,0.10810810810810811
MMLU-Pro,validation,discovery,452,158,24,0.1518987341772152,148,25,0.16891891891891891
MMLU-Pro,validation,discovery,453,158,27,0.17088607594936708,148,27,0.18243243243243243
MMLU-Pro,validation,discovery,454,158,34,0.21518987341772153,148,20,0.13513513513513514
MMLU-Pro,validation,discovery,455,158,21,0.13291139240506328,148,23,0.1554054054054054
MMLU-Pro,validation,discovery,456,158,34,0.21518987341772153,148,23,0.1554054054054054
MMLU-Pro,validation,discovery,457,158,23,0.14556962025316456,148,12,0.08108108108108109
MMLU-Pro,validation,discovery,458,158,25,0.15822784810126583,148,26,0.17567567567567569
MMLU-Pro,validation,discovery,459,158,35,0.22151898734177214,148,25,0.16891891891891891
MMLU-Pro,validation,discovery,460,158,35,0.22151898734177214,148,17,0.11486486486486487
MMLU-Pro,validation,discovery,461,158,20,0.12658227848101267,148,21,0.14189189189189189
MMLU-Pro,validation,discovery,462,158,26,0.16455696202531644,148,23,0.1554054054054054
MMLU-Pro,validation,discovery,463,158,25,0.15822784810126583,148,17,0.11486486486486487
MMLU-Pro,validation,discovery,464,158,33,0.2088607594936709,148,18,0.12162162162162163
MMLU-Pro,validation,discovery,465,158,27,0.17088607594936708,148,23,0.1554054054054054
MMLU-Pro,validation,discovery,466,158,36,0.22784810126582278,148,24,0.16216216216216217
MMLU-Pro,validation,discovery,467,158,27,0.17088607594936708,148,20,0.13513513513513514
MMLU-Pro,validation,discovery,468,158,23,0.14556962025316456,148,20,0.13513513513513514
MMLU-Pro,validation,discovery,469,158,44,0.27848101265822783,148,21,0.14189189189189189
MMLU-Pro,validation,discovery,470,158,29,0.18354430379746836,148,30,0.20270270270270271
MMLU-Pro,validation,discovery,471,158,35,0.22151898734177214,148,22,0.14864864864864866
MMLU-Pro,validation,discovery,472,158,37,0.23417721518987342,148,27,0.18243243243243243
MMLU-Pro,validation,discovery,473,158,37,0.23417721518987342,148,20,0.13513513513513514
MMLU-Pro,validation,discovery,474,158,39,0.2468354430379747,148,33,0.22297297297297297
MMLU-Pro,validation,discovery,475,158,37,0.23417721518987342,148,29,0.19594594594594594
MMLU-Pro,validation,discovery,476,158,30,0.189873417721519,148,17,0.11486486486486487
MMLU-Pro,validation,discovery,477,158,29,0.18354430379746836,148,20,0.13513513513513514
MMLU-Pro,validation,discovery,478,158,26,0.16455696202531644,148,21,0.14189189189189189
MMLU-Pro,validation,discovery,479,158,35,0.22151898734177214,148,21,0.14189189189189189
MMLU-Pro,validation,discovery,480,158,21,0.13291139240506328,148,18,0.12162162162162163
MMLU-Pro,validation,discovery,481,158,23,0.14556962025316456,148,30,0.20270270270270271
MMLU-Pro,validation,discovery,482,158,20,0.12658227848101267,148,38,0.25675675675675674
MMLU-Pro,validation,discovery,483,158,30,0.189873417721519,148,22,0.14864864864864866
MMLU-Pro,validation,discovery,484,158,29,0.18354430379746836,148,28,0.1891891891891892
MMLU-Pro,validation,discovery,485,158,33,0.2088607594936709,148,22,0.14864864864864866
MMLU-Pro,validation,discovery,486,158,37,0.23417721518987342,148,17,0.11486486486486487
MMLU-Pro,validation,discovery,487,158,25,0.15822784810126583,148,22,0.14864864864864866
MMLU-Pro,validation,discovery,488,158,28,0.17721518987341772,148,22,0.14864864864864866
MMLU-Pro,validation,discovery,489,158,32,0.20253164556962025,148,29,0.19594594594594594
MMLU-Pro,validation,discovery,490,158,25,0.15822784810126583,148,12,0.08108108108108109
MMLU-Pro,validation,discovery,491,158,26,0.16455696202531644,148,20,0.13513513513513514
MMLU-Pro,validation,discovery,492,158,25,0.15822784810126583,148,21,0.14189189189189189
MMLU-Pro,validation,discovery,493,158,32,0.20253164556962025,148,20,0.13513513513513514
MMLU-Pro,validation,discovery,494,158,32,0.20253164556962025,148,32,0.21621621621621623
MMLU-Pro,validation,discovery,495,158,14,0.08860759493670886,148,23,0.1554054054054054
MMLU-Pro,validation,discovery,496,158,28,0.17721518987341772,148,19,0.12837837837837837
MMLU-Pro,validation,discovery,497,158,32,0.20253164556962025,148,20,0.13513513513513514
MMLU-Pro,validation,discovery,498,158,39,0.2468354430379747,148,34,0.22972972972972974
MMLU-Pro,validation,discovery,499,158,33,0.2088607594936709,148,26,0.17567567567567569
MMLU-Pro,validation,discovery,500,158,25,0.15822784810126583,148,21,0.14189189189189189
MMLU-Pro,validation,discovery,501,158,28,0.17721518987341772,148,23,0.1554054054054054
MMLU-Pro,validation,discovery,502,158,32,0.20253164556962025,148,22,0.14864864864864866
MMLU-Pro,validation,discovery,503,158,30,0.189873417721519,148,23,0.1554054054054054
MMLU-Pro,validation,discovery,504,158,31,0.1962025316455696,148,29,0.19594594594594594
MMLU-Pro,validation,discovery,505,158,32,0.20253164556962025,148,25,0.16891891891891891
MMLU-Pro,validation,discovery,506,158,27,0.17088607594936708,148,21,0.14189189189189189
MMLU-Pro,validation,discovery,507,158,24,0.1518987341772152,148,15,0.10135135135135136
MMLU-Pro,validation,discovery,508,158,28,0.17721518987341772,148,31,0.20945945945945946
MMLU-Pro,validation,discovery,509,158,30,0.189873417721519,148,19,0.12837837837837837
MMLU-Pro,validation,discovery,510,158,26,0.16455696202531644,148,21,0.14189189189189189
MMLU-Pro,validation,discovery,511,158,43,0.2721518987341772,148,26,0.17567567567567569
MMLU-Pro,validation,discovery,512,158,25,0.15822784810126583,148,24,0.16216216216216217
MMLU-Pro,validation,discovery,513,158,27,0.17088607594936708,148,14,0.0945945945945946
MMLU-Pro,validation,discovery,514,158,39,0.2468354430379747,148,31,0.20945945945945946
MMLU-Pro,validation,discovery,515,158,33,0.2088607594936709,148,26,0.17567567567567569
MMLU-Pro,validation,discovery,516,158,27,0.17088607594936708,148,27,0.18243243243243243
MMLU-Pro,validation,discovery,517,158,34,0.21518987341772153,148,22,0.14864864864864866
MMLU-Pro,validation,discovery,518,158,29,0.18354430379746836,148,21,0.14189189189189189
MMLU-Pro,validation,discovery,519,158,36,0.22784810126582278,148,26,0.17567567567567569
MMLU-Pro,validation,discovery,520,158,23,0.14556962025316456,148,21,0.14189189189189189
MMLU-Pro,validation,discovery,521,158,33,0.2088607594936709,148,24,0.16216216216216217
MMLU-Pro,validation,discovery,522,158,38,0.24050632911392406,148,19,0.12837837837837837
MMLU-Pro,validation,discovery,523,158,32,0.20253164556962025,148,27,0.18243243243243243
MMLU-Pro,validation,discovery,524,158,43,0.2721518987341772,148,24,0.16216216216216217
MMLU-Pro,validation,discovery,525,158,33,0.2088607594936709,148,25,0.16891891891891891
MMLU-Pro,validation,discovery,526,158,24,0.1518987341772152,148,18,0.12162162162162163
MMLU-Pro,validation,discovery,527,158,38,0.24050632911392406,148,30,0.20270270270270271
MMLU-Pro,validation,discovery,528,158,32,0.20253164556962025,148,16,0.10810810810810811
MMLU-Pro,validation,discovery,529,158,31,0.1962025316455696,148,26,0.17567567567567569
MMLU-Pro,validation,discovery,530,158,28,0.17721518987341772,148,19,0.12837837837837837
MMLU-Pro,validation,discovery,531,158,34,0.21518987341772153,148,17,0.11486486486486487
MMLU-Pro,validation,discovery,532,158,24,0.1518987341772152,148,27,0.18243243243243243
MMLU-Pro,validation,discovery,533,158,33,0.2088607594936709,148,23,0.1554054054054054
MMLU-Pro,validation,discovery,534,158,26,0.16455696202531644,148,21,0.14189189189189189
MMLU-Pro,validation,discovery,535,158,26,0.16455696202531644,148,25,0.16891891891891891
MMLU-Pro,validation,discovery,536,158,37,0.23417721518987342,148,24,0.16216216216216217
MMLU-Pro,validation,discovery,537,158,31,0.1962025316455696,148,21,0.14189189189189189
MMLU-Pro,validation,discovery,538,158,31,0.1962025316455696,148,25,0.16891891891891891
MMLU-Pro,validation,discovery,539,158,31,0.1962025316455696,148,19,0.12837837837837837
MMLU-Pro,validation,discovery,540,158,33,0.2088607594936709,148,21,0.14189189189189189
MMLU-Pro,validation,discovery,541,158,31,0.1962025316455696,148,16,0.10810810810810811
MMLU-Pro,validation,discovery,542,158,45,0.2848101265822785,148,23,0.1554054054054054
MMLU-Pro,validation,discovery,543,158,25,0.15822784810126583,148,31,0.20945945945945946
MMLU-Pro,validation,discovery,544,158,33,0.2088607594936709,148,18,0.12162162162162163
MMLU-Pro,validation,discovery,545,158,24,0.1518987341772152,148,23,0.1554054054054054
MMLU-Pro,validation,discovery,546,158,31,0.1962025316455696,148,26,0.17567567567567569
MMLU-Pro,validation,discovery,547,158,35,0.22151898734177214,148,28,0.1891891891891892
MMLU-Pro,validation,discovery,548,158,27,0.17088607594936708,148,29,0.19594594594594594
MMLU-Pro,validation,discovery,549,158,26,0.16455696202531644,148,14,0.0945945945945946
MMLU-Pro,validation,discovery,550,158,20,0.12658227848101267,148,32,0.21621621621621623
MMLU-Pro,validation,discovery,551,158,24,0.1518987341772152,148,18,0.12162162162162163
MMLU-Pro,validation,discovery,552,158,30,0.189873417721519,148,23,0.1554054054054054
MMLU-Pro,validation,discovery,553,158,29,0.18354430379746836,148,35,0.23648648648648649
MMLU-Pro,validation,discovery,554,158,41,0.25949367088607594,148,20,0.13513513513513514
MMLU-Pro,validation,discovery,555,158,30,0.189873417721519,148,33,0.22297297297297297
MMLU-Pro,validation,discovery,556,158,34,0.21518987341772153,148,25,0.16891891891891891
MMLU-Pro,validation,discovery,557,158,28,0.17721518987341772,148,23,0.1554054054054054
MMLU-Pro,validation,discovery,558,158,25,0.15822784810126583,148,14,0.0945945945945946
MMLU-Pro,validation,discovery,559,158,39,0.2468354430379747,148,20,0.13513513513513514
MMLU-Pro,validation,discovery,560,158,36,0.22784810126582278,148,22,0.14864864864864866
MMLU-Pro,validation,discovery,561,158,28,0.17721518987341772,148,18,0.12162162162162163
MMLU-Pro,validation,discovery,562,158,30,0.189873417721519,148,17,0.11486486486486487
MMLU-Pro,validation,discovery,563,158,28,0.17721518987341772,148,21,0.14189189189189189
MMLU-Pro,validation,discovery,564,158,44,0.27848101265822783,148,21,0.14189189189189189
MMLU-Pro,validation,discovery,565,158,21,0.13291139240506328,148,16,0.10810810810810811
MMLU-Pro,validation,discovery,566,158,40,0.25316455696202533,148,29,0.19594594594594594
MMLU-Pro,validation,discovery,567,158,25,0.15822784810126583,148,19,0.12837837837837837
MMLU-Pro,validation,discovery,568,158,31,0.1962025316455696,148,25,0.16891891891891891
MMLU-Pro,validation,discovery,569,158,26,0.16455696202531644,148,26,0.17567567567567569
MMLU-Pro,validation,discovery,570,158,22,0.13924050632911392,148,21,0.14189189189189189
MMLU-Pro,validation,discovery,571,158,34,0.21518987341772153,148,27,0.18243243243243243
MMLU-Pro,validation,discovery,572,158,29,0.18354430379746836,148,26,0.17567567567567569
MMLU-Pro,validation,discovery,573,158,18,0.11392405063291139,148,15,0.10135135135135136
MMLU-Pro,validation,discovery,574,158,27,0.17088607594936708,148,30,0.20270270270270271
MMLU-Pro,validation,discovery,575,158,30,0.189873417721519,148,25,0.16891891891891891
MMLU-Pro,validation,discovery,576,158,16,0.10126582278481013,148,18,0.12162162162162163
MMLU-Pro,validation,discovery,577,158,25,0.15822784810126583,148,20,0.13513513513513514
MMLU-Pro,validation,discovery,578,158,36,0.22784810126582278,148,18,0.12162162162162163
MMLU-Pro,validation,discovery,579,158,34,0.21518987341772153,148,20,0.13513513513513514
MMLU-Pro,validation,discovery,580,158,31,0.1962025316455696,148,14,0.0945945945945946
MMLU-Pro,validation,discovery,581,158,28,0.17721518987341772,148,25,0.16891891891891891
MMLU-Pro,validation,discovery,582,158,25,0.15822784810126583,148,24,0.16216216216216217
MMLU-Pro,validation,discovery,583,158,31,0.1962025316455696,148,29,0.19594594594594594
MMLU-Pro,validation,discovery,584,158,32,0.20253164556962025,148,24,0.16216216216216217
MMLU-Pro,validation,discovery,585,158,29,0.18354430379746836,148,20,0.13513513513513514
MMLU-Pro,validation,discovery,586,158,37,0.23417721518987342,148,21,0.14189189189189189
MMLU-Pro,validation,discovery,587,158,25,0.15822784810126583,148,26,0.17567567567567569
MMLU-Pro,validation,discovery,588,158,26,0.16455696202531644,148,30,0.20270270270270271
MMLU-Pro,validation,discovery,589,158,39,0.2468354430379747,148,28,0.1891891891891892
MMLU-Pro,validation,discovery,590,158,25,0.15822784810126583,148,30,0.20270270270270271
MMLU-Pro,validation,discovery,591,158,31,0.1962025316455696,148,28,0.1891891891891892
MMLU-Pro,validation,discovery,592,158,31,0.1962025316455696,148,27,0.18243243243243243
MMLU-Pro,validation,discovery,593,158,19,0.12025316455696203,148,18,0.12162162162162163
MMLU-Pro,validation,discovery,594,158,40,0.25316455696202533,148,32,0.21621621621621623
MMLU-Pro,validation,discovery,595,158,26,0.16455696202531644,148,22,0.14864864864864866
MMLU-Pro,validation,discovery,596,158,19,0.12025316455696203,148,21,0.14189189189189189
MMLU-Pro,validation,discovery,597,158,38,0.24050632911392406,148,29,0.19594594594594594
MMLU-Pro,validation,discovery,598,158,23,0.14556962025316456,148,20,0.13513513513513514
MMLU-Pro,validation,discovery,599,158,35,0.22151898734177214,148,17,0.11486486486486487
MMLU-Pro,validation,discovery,600,158,26,0.16455696202531644,148,23,0.1554054054054054
MMLU-Pro,validation,discovery,601,158,34,0.21518987341772153,148,29,0.19594594594594594
MMLU-Pro,validation,discovery,602,158,22,0.13924050632911392,148,27,0.18243243243243243
MMLU-Pro,validation,discovery,603,158,37,0.23417721518987342,148,20,0.13513513513513514
MMLU-Pro,validation,discovery,604,158,33,0.2088607594936709,148,22,0.14864864864864866
MMLU-Pro,validation,discovery,605,158,39,0.2468354430379747,148,25,0.16891891891891891
MMLU-Pro,validation,discovery,606,158,35,0.22151898734177214,148,21,0.14189189189189189
MMLU-Pro,validation,discovery,607,158,21,0.13291139240506328,148,26,0.17567567567567569
MMLU-Pro,validation,discovery,608,158,32,0.20253164556962025,148,30,0.20270270270270271
MMLU-Pro,validation,discovery,609,158,28,0.17721518987341772,148,26,0.17567567567567569
MMLU-Pro,validation,discovery,610,158,28,0.17721518987341772,148,18,0.12162162162162163
MMLU-Pro,validation,discovery,611,158,29,0.18354430379746836,148,22,0.14864864864864866
MMLU-Pro,validation,discovery,612,158,34,0.21518987341772153,148,25,0.16891891891891891
MMLU-Pro,validation,discovery,613,158,28,0.17721518987341772,148,15,0.10135135135135136
MMLU-Pro,validation,discovery,614,158,50,0.31645569620253167,148,34,0.22972972972972974
MMLU-Pro,validation,discovery,615,158,27,0.17088607594936708,148,21,0.14189189189189189
MMLU-Pro,validation,discovery,616,158,22,0.13924050632911392,148,16,0.10810810810810811
MMLU-Pro,validation,discovery,617,158,29,0.18354430379746836,148,24,0.16216216216216217
MMLU-Pro,validation,discovery,618,158,27,0.17088607594936708,148,19,0.12837837837837837
MMLU-Pro,validation,discovery,619,158,24,0.1518987341772152,148,21,0.14189189189189189
MMLU-Pro,validation,discovery,620,158,31,0.1962025316455696,148,23,0.1554054054054054
MMLU-Pro,validation,discovery,621,158,21,0.13291139240506328,148,19,0.12837837837837837
MMLU-Pro,validation,discovery,622,158,33,0.2088607594936709,148,17,0.11486486486486487
MMLU-Pro,validation,discovery,623,158,32,0.20253164556962025,148,18,0.12162162162162163
MMLU-Pro,validation,discovery,624,158,34,0.21518987341772153,148,23,0.1554054054054054
MMLU-Pro,validation,discovery,625,158,42,0.26582278481012656,148,25,0.16891891891891891
MMLU-Pro,validation,discovery,626,158,30,0.189873417721519,148,21,0.14189189189189189
MMLU-Pro,validation,discovery,627,158,29,0.18354430379746836,148,25,0.16891891891891891
MMLU-Pro,validation,discovery,628,158,33,0.2088607594936709,148,24,0.16216216216216217
MMLU-Pro,validation,discovery,629,158,28,0.17721518987341772,148,28,0.1891891891891892
MMLU-Pro,validation,discovery,630,158,25,0.15822784810126583,148,13,0.08783783783783784
MMLU-Pro,validation,discovery,631,158,32,0.20253164556962025,148,27,0.18243243243243243
MMLU-Pro,validation,discovery,632,158,32,0.20253164556962025,148,17,0.11486486486486487
MMLU-Pro,validation,discovery,633,158,35,0.22151898734177214,148,28,0.1891891891891892
MMLU-Pro,validation,discovery,634,158,23,0.14556962025316456,148,24,0.16216216216216217
MMLU-Pro,validation,discovery,635,158,26,0.16455696202531644,148,25,0.16891891891891891
MMLU-Pro,validation,discovery,636,158,32,0.20253164556962025,148,24,0.16216216216216217
MMLU-Pro,validation,discovery,637,158,35,0.22151898734177214,148,22,0.14864864864864866
MMLU-Pro,validation,discovery,638,158,46,0.2911392405063291,148,25,0.16891891891891891
MMLU-Pro,validation,discovery,639,158,25,0.15822784810126583,148,22,0.14864864864864866
MMLU-Pro,validation,discovery,640,158,31,0.1962025316455696,148,15,0.10135135135135136
MMLU-Pro,validation,discovery,641,158,22,0.13924050632911392,148,18,0.12162162162162163
MMLU-Pro,validation,discovery,642,158,31,0.1962025316455696,148,25,0.16891891891891891
MMLU-Pro,validation,discovery,643,158,25,0.15822784810126583,148,29,0.19594594594594594
MMLU-Pro,validation,discovery,644,158,31,0.1962025316455696,148,24,0.16216216216216217
MMLU-Pro,validation,discovery,645,158,32,0.20253164556962025,148,17,0.11486486486486487
MMLU-Pro,validation,discovery,646,158,37,0.23417721518987342,148,30,0.20270270270270271
MMLU-Pro,validation,discovery,647,158,38,0.24050632911392406,148,17,0.11486486486486487
MMLU-Pro,validation,discovery,648,158,29,0.18354430379746836,148,20,0.13513513513513514
MMLU-Pro,validation,discovery,649,158,28,0.17721518987341772,148,24,0.16216216216216217
MMLU-Pro,validation,discovery,650,158,24,0.1518987341772152,148,15,0.10135135135135136
MMLU-Pro,validation,discovery,651,158,43,0.2721518987341772,148,35,0.23648648648648649
MMLU-Pro,validation,discovery,652,158,36,0.22784810126582278,148,27,0.18243243243243243
MMLU-Pro,validation,discovery,653,158,31,0.1962025316455696,148,23,0.1554054054054054
MMLU-Pro,validation,discovery,654,158,22,0.13924050632911392,148,26,0.17567567567567569
MMLU-Pro,validation,discovery,655,158,27,0.17088607594936708,148,12,0.08108108108108109
MMLU-Pro,validation,discovery,656,158,34,0.21518987341772153,148,20,0.13513513513513514
MMLU-Pro,validation,discovery,657,158,28,0.17721518987341772,148,20,0.13513513513513514
MMLU-Pro,validation,discovery,658,158,33,0.2088607594936709,148,19,0.12837837837837837
MMLU-Pro,validation,discovery,659,158,22,0.13924050632911392,148,24,0.16216216216216217
MMLU-Pro,validation,discovery,660,158,27,0.17088607594936708,148,24,0.16216216216216217
MMLU-Pro,validation,discovery,661,158,26,0.16455696202531644,148,14,0.0945945945945946
MMLU-Pro,validation,discovery,662,158,26,0.16455696202531644,148,20,0.13513513513513514
MMLU-Pro,validation,discovery,663,158,30,0.189873417721519,148,32,0.21621621621621623
MMLU-Pro,validation,discovery,664,158,27,0.17088607594936708,148,21,0.14189189189189189
MMLU-Pro,validation,discovery,665,158,24,0.1518987341772152,148,15,0.10135135135135136
MMLU-Pro,validation,discovery,666,158,27,0.17088607594936708,148,22,0.14864864864864866
MMLU-Pro,validation,discovery,667,158,28,0.17721518987341772,148,20,0.13513513513513514
MMLU-Pro,validation,discovery,668,158,26,0.16455696202531644,148,22,0.14864864864864866
MMLU-Pro,validation,discovery,669,158,43,0.2721518987341772,148,31,0.20945945945945946
MMLU-Pro,validation,discovery,670,158,37,0.23417721518987342,148,28,0.1891891891891892
MMLU-Pro,validation,discovery,671,158,27,0.17088607594936708,148,22,0.14864864864864866
MMLU-Pro,validation,discovery,672,158,28,0.17721518987341772,148,25,0.16891891891891891
MMLU-Pro,validation,discovery,673,158,38,0.24050632911392406,148,25,0.16891891891891891
MMLU-Pro,validation,discovery,674,158,29,0.18354430379746836,148,23,0.1554054054054054
MMLU-Pro,validation,discovery,675,158,33,0.2088607594936709,148,18,0.12162162162162163
MMLU-Pro,validation,discovery,676,158,33,0.2088607594936709,148,16,0.10810810810810811
MMLU-Pro,validation,discovery,677,158,27,0.17088607594936708,148,20,0.13513513513513514
MMLU-Pro,validation,discovery,678,158,34,0.21518987341772153,148,26,0.17567567567567569
MMLU-Pro,validation,discovery,679,158,22,0.13924050632911392,148,21,0.14189189189189189
MMLU-Pro,validation,discovery,680,158,24,0.1518987341772152,148,24,0.16216216216216217
MMLU-Pro,validation,discovery,681,158,22,0.13924050632911392,148,25,0.16891891891891891
MMLU-Pro,validation,discovery,682,158,34,0.21518987341772153,148,22,0.14864864864864866
MMLU-Pro,validation,discovery,683,158,31,0.1962025316455696,148,29,0.19594594594594594
MMLU-Pro,validation,discovery,684,158,25,0.15822784810126583,148,25,0.16891891891891891
MMLU-Pro,validation,discovery,685,158,27,0.17088607594936708,148,14,0.0945945945945946
MMLU-Pro,validation,discovery,686,158,14,0.08860759493670886,148,19,0.12837837837837837
MMLU-Pro,validation,discovery,687,158,33,0.2088607594936709,148,23,0.1554054054054054
MMLU-Pro,validation,discovery,688,158,26,0.16455696202531644,148,19,0.12837837837837837
MMLU-Pro,validation,discovery,689,158,27,0.17088607594936708,148,16,0.10810810810810811
MMLU-Pro,validation,discovery,690,158,34,0.21518987341772153,148,25,0.16891891891891891
MMLU-Pro,validation,discovery,691,158,29,0.18354430379746836,148,20,0.13513513513513514
MMLU-Pro,validation,discovery,692,158,29,0.18354430379746836,148,24,0.16216216216216217
MMLU-Pro,validation,discovery,693,158,27,0.17088607594936708,148,20,0.13513513513513514
MMLU-Pro,validation,discovery,694,158,30,0.189873417721519,148,18,0.12162162162162163
MMLU-Pro,validation,discovery,695,158,37,0.23417721518987342,148,22,0.14864864864864866
MMLU-Pro,validation,discovery,696,158,29,0.18354430379746836,148,21,0.14189189189189189
MMLU-Pro,validation,discovery,697,158,27,0.17088607594936708,148,21,0.14189189189189189
MMLU-Pro,validation,discovery,698,158,31,0.1962025316455696,148,23,0.1554054054054054
MMLU-Pro,validation,discovery,699,158,40,0.25316455696202533,148,28,0.1891891891891892
MMLU-Pro,validation,discovery,700,158,23,0.14556962025316456,148,16,0.10810810810810811
MMLU-Pro,validation,discovery,701,158,30,0.189873417721519,148,24,0.16216216216216217
MMLU-Pro,validation,discovery,702,158,31,0.1962025316455696,148,21,0.14189189189189189
MMLU-Pro,validation,discovery,703,158,36,0.22784810126582278,148,22,0.14864864864864866
MMLU-Pro,validation,discovery,704,158,33,0.2088607594936709,148,19,0.12837837837837837
MMLU-Pro,validation,discovery,705,158,27,0.17088607594936708,148,22,0.14864864864864866
MMLU-Pro,validation,discovery,706,158,29,0.18354430379746836,148,25,0.16891891891891891
MMLU-Pro,validation,discovery,707,158,30,0.189873417721519,148,27,0.18243243243243243
MMLU-Pro,validation,discovery,708,158,21,0.13291139240506328,148,20,0.13513513513513514
MMLU-Pro,validation,discovery,709,158,35,0.22151898734177214,148,24,0.16216216216216217
MMLU-Pro,validation,discovery,710,158,35,0.22151898734177214,148,23,0.1554054054054054
MMLU-Pro,validation,discovery,711,158,35,0.22151898734177214,148,23,0.1554054054054054
MMLU-Pro,validation,discovery,712,158,27,0.17088607594936708,148,23,0.1554054054054054
MMLU-Pro,validation,discovery,713,158,29,0.18354430379746836,148,23,0.1554054054054054
MMLU-Pro,validation,discovery,714,158,29,0.18354430379746836,148,29,0.19594594594594594
MMLU-Pro,validation,discovery,715,158,34,0.21518987341772153,148,23,0.1554054054054054
MMLU-Pro,validation,discovery,716,158,33,0.2088607594936709,148,18,0.12162162162162163
MMLU-Pro,validation,discovery,717,158,21,0.13291139240506328,148,23,0.1554054054054054
MMLU-Pro,validation,discovery,718,158,30,0.189873417721519,148,24,0.16216216216216217
MMLU-Pro,validation,discovery,719,158,22,0.13924050632911392,148,20,0.13513513513513514
MMLU-Pro,validation,discovery,720,158,28,0.17721518987341772,148,15,0.10135135135135136
MMLU-Pro,validation,discovery,721,158,23,0.14556962025316456,148,20,0.13513513513513514
MMLU-Pro,validation,discovery,722,158,33,0.2088607594936709,148,22,0.14864864864864866
MMLU-Pro,validation,discovery,723,158,31,0.1962025316455696,148,22,0.14864864864864866
MMLU-Pro,validation,discovery,724,158,36,0.22784810126582278,148,21,0.14189189189189189
MMLU-Pro,validation,discovery,725,158,29,0.18354430379746836,148,26,0.17567567567567569
MMLU-Pro,validation,discovery,726,158,25,0.15822784810126583,148,22,0.14864864864864866
MMLU-Pro,validation,discovery,727,158,31,0.1962025316455696,148,23,0.1554054054054054
MMLU-Pro,validation,discovery,728,158,19,0.12025316455696203,148,20,0.13513513513513514
MMLU-Pro,validation,discovery,729,158,29,0.18354430379746836,148,25,0.16891891891891891
MMLU-Pro,validation,discovery,730,158,22,0.13924050632911392,148,20,0.13513513513513514
MMLU-Pro,validation,discovery,731,158,23,0.14556962025316456,148,22,0.14864864864864866
MMLU-Pro,validation,discovery,732,158,24,0.1518987341772152,148,25,0.16891891891891891
MMLU-Pro,validation,discovery,733,158,35,0.22151898734177214,148,21,0.14189189189189189
MMLU-Pro,validation,discovery,734,158,40,0.25316455696202533,148,20,0.13513513513513514
MMLU-Pro,validation,discovery,735,158,35,0.22151898734177214,148,27,0.18243243243243243
MMLU-Pro,validation,discovery,736,158,36,0.22784810126582278,148,20,0.13513513513513514
MMLU-Pro,validation,discovery,737,158,40,0.25316455696202533,148,30,0.20270270270270271
MMLU-Pro,validation,discovery,738,158,44,0.27848101265822783,148,23,0.1554054054054054
MMLU-Pro,validation,discovery,739,158,39,0.2468354430379747,148,21,0.14189189189189189
MMLU-Pro,validation,discovery,740,158,32,0.20253164556962025,148,21,0.14189189189189189
MMLU-Pro,validation,discovery,741,158,42,0.26582278481012656,148,28,0.1891891891891892
MMLU-Pro,validation,discovery,742,158,31,0.1962025316455696,148,21,0.14189189189189189
MMLU-Pro,validation,discovery,743,158,17,0.10759493670886076,148,27,0.18243243243243243
MMLU-Pro,validation,discovery,744,158,27,0.17088607594936708,148,18,0.12162162162162163
MMLU-Pro,validation,discovery,745,158,35,0.22151898734177214,148,20,0.13513513513513514
MMLU-Pro,validation,discovery,746,158,21,0.13291139240506328,148,21,0.14189189189189189
MMLU-Pro,validation,discovery,747,158,24,0.1518987341772152,148,17,0.11486486486486487
MMLU-Pro,validation,discovery,748,158,28,0.17721518987341772,148,22,0.14864864864864866
MMLU-Pro,validation,discovery,749,158,35,0.22151898734177214,148,29,0.19594594594594594
MMLU-Pro,validation,discovery,750,158,30,0.189873417721519,148,17,0.11486486486486487
MMLU-Pro,validation,discovery,751,158,23,0.14556962025316456,148,20,0.13513513513513514
MMLU-Pro,validation,discovery,752,158,28,0.17721518987341772,148,27,0.18243243243243243
MMLU-Pro,validation,discovery,753,158,31,0.1962025316455696,148,41,0.27702702702702703
MMLU-Pro,validation,discovery,754,158,27,0.17088607594936708,148,24,0.16216216216216217
MMLU-Pro,validation,discovery,755,158,21,0.13291139240506328,148,15,0.10135135135135136
MMLU-Pro,validation,discovery,756,158,22,0.13924050632911392,148,22,0.14864864864864866
MMLU-Pro,validation,discovery,757,158,29,0.18354430379746836,148,23,0.1554054054054054
MMLU-Pro,validation,discovery,758,158,20,0.12658227848101267,148,15,0.10135135135135136
MMLU-Pro,validation,discovery,759,158,35,0.22151898734177214,148,26,0.17567567567567569
MMLU-Pro,validation,discovery,760,158,28,0.17721518987341772,148,21,0.14189189189189189
MMLU-Pro,validation,discovery,761,158,26,0.16455696202531644,148,27,0.18243243243243243
MMLU-Pro,validation,discovery,762,158,26,0.16455696202531644,148,23,0.1554054054054054
MMLU-Pro,validation,discovery,763,158,34,0.21518987341772153,148,30,0.20270270270270271
MMLU-Pro,validation,discovery,764,158,32,0.20253164556962025,148,29,0.19594594594594594
MMLU-Pro,validation,discovery,765,158,45,0.2848101265822785,148,23,0.1554054054054054
MMLU-Pro,validation,discovery,766,158,23,0.14556962025316456,148,22,0.14864864864864866
MMLU-Pro,validation,discovery,767,158,25,0.15822784810126583,148,19,0.12837837837837837
MMLU-Pro,validation,discovery,768,158,34,0.21518987341772153,148,26,0.17567567567567569
MMLU-Pro,validation,discovery,769,158,32,0.20253164556962025,148,22,0.14864864864864866
MMLU-Pro,validation,discovery,770,158,37,0.23417721518987342,148,21,0.14189189189189189
MMLU-Pro,validation,discovery,771,158,39,0.2468354430379747,148,31,0.20945945945945946
MMLU-Pro,validation,discovery,772,158,32,0.20253164556962025,148,21,0.14189189189189189
MMLU-Pro,validation,discovery,773,158,20,0.12658227848101267,148,24,0.16216216216216217
MMLU-Pro,validation,discovery,774,158,40,0.25316455696202533,148,27,0.18243243243243243
MMLU-Pro,validation,discovery,775,158,32,0.20253164556962025,148,22,0.14864864864864866
MMLU-Pro,validation,discovery,776,158,24,0.1518987341772152,148,31,0.20945945945945946
MMLU-Pro,validation,discovery,777,158,24,0.1518987341772152,148,17,0.11486486486486487
MMLU-Pro,validation,discovery,778,158,28,0.17721518987341772,148,20,0.13513513513513514
MMLU-Pro,validation,discovery,779,158,28,0.17721518987341772,148,22,0.14864864864864866
MMLU-Pro,validation,discovery,780,158,31,0.1962025316455696,148,35,0.23648648648648649
MMLU-Pro,validation,discovery,781,158,22,0.13924050632911392,148,20,0.13513513513513514
MMLU-Pro,validation,discovery,782,158,36,0.22784810126582278,148,28,0.1891891891891892
MMLU-Pro,validation,discovery,783,158,29,0.18354430379746836,148,20,0.13513513513513514
MMLU-Pro,validation,discovery,784,158,29,0.18354430379746836,148,24,0.16216216216216217
MMLU-Pro,validation,discovery,785,158,33,0.2088607594936709,148,22,0.14864864864864866
MMLU-Pro,validation,discovery,786,158,36,0.22784810126582278,148,26,0.17567567567567569
MMLU-Pro,validation,discovery,787,158,35,0.22151898734177214,148,22,0.14864864864864866
MMLU-Pro,validation,discovery,788,158,21,0.13291139240506328,148,13,0.08783783783783784
MMLU-Pro,validation,discovery,789,158,41,0.25949367088607594,148,20,0.13513513513513514
MMLU-Pro,validation,discovery,790,158,29,0.18354430379746836,148,22,0.14864864864864866
MMLU-Pro,validation,discovery,791,158,45,0.2848101265822785,148,30,0.20270270270270271
MMLU-Pro,validation,discovery,792,158,27,0.17088607594936708,148,17,0.11486486486486487
MMLU-Pro,validation,discovery,793,158,32,0.20253164556962025,148,23,0.1554054054054054
MMLU-Pro,validation,discovery,794,158,23,0.14556962025316456,148,14,0.0945945945945946
MMLU-Pro,validation,discovery,795,158,21,0.13291139240506328,148,21,0.14189189189189189
MMLU-Pro,validation,discovery,796,158,26,0.16455696202531644,148,23,0.1554054054054054
MMLU-Pro,validation,discovery,797,158,38,0.24050632911392406,148,23,0.1554054054054054
MMLU-Pro,validation,discovery,798,158,29,0.18354430379746836,148,18,0.12162162162162163
MMLU-Pro,validation,discovery,799,158,25,0.15822784810126583,148,24,0.16216216216216217
MMLU-Pro,validation,discovery,800,158,20,0.12658227848101267,148,25,0.16891891891891891
MMLU-Pro,validation,discovery,801,158,30,0.189873417721519,148,23,0.1554054054054054
MMLU-Pro,validation,discovery,802,158,34,0.21518987341772153,148,24,0.16216216216216217
MMLU-Pro,validation,discovery,803,158,27,0.17088607594936708,148,24,0.16216216216216217
MMLU-Pro,validation,discovery,804,158,27,0.17088607594936708,148,19,0.12837837837837837
MMLU-Pro,validation,discovery,805,158,31,0.1962025316455696,148,28,0.1891891891891892
MMLU-Pro,validation,discovery,806,158,30,0.189873417721519,148,26,0.17567567567567569
MMLU-Pro,validation,discovery,807,158,35,0.22151898734177214,148,22,0.14864864864864866
MMLU-Pro,validation,discovery,808,158,30,0.189873417721519,148,21,0.14189189189189189
MMLU-Pro,validation,discovery,809,158,41,0.25949367088607594,148,14,0.0945945945945946
MMLU-Pro,validation,discovery,810,158,35,0.22151898734177214,148,32,0.21621621621621623
MMLU-Pro,validation,discovery,811,158,44,0.27848101265822783,148,24,0.16216216216216217
MMLU-Pro,validation,discovery,812,158,32,0.20253164556962025,148,18,0.12162162162162163
MMLU-Pro,validation,discovery,813,158,32,0.20253164556962025,148,25,0.16891891891891891
MMLU-Pro,validation,discovery,814,158,27,0.17088607594936708,148,16,0.10810810810810811
MMLU-Pro,validation,discovery,815,158,35,0.22151898734177214,148,15,0.10135135135135136
MMLU-Pro,validation,discovery,816,158,35,0.22151898734177214,148,30,0.20270270270270271
MMLU-Pro,validation,discovery,817,158,27,0.17088607594936708,148,19,0.12837837837837837
MMLU-Pro,validation,discovery,818,158,33,0.2088607594936709,148,22,0.14864864864864866
MMLU-Pro,validation,discovery,819,158,26,0.16455696202531644,148,25,0.16891891891891891
MMLU-Pro,validation,discovery,820,158,30,0.189873417721519,148,18,0.12162162162162163
MMLU-Pro,validation,discovery,821,158,33,0.2088607594936709,148,28,0.1891891891891892
MMLU-Pro,validation,discovery,822,158,29,0.18354430379746836,148,22,0.14864864864864866
MMLU-Pro,validation,discovery,823,158,26,0.16455696202531644,148,26,0.17567567567567569
MMLU-Pro,validation,discovery,824,158,28,0.17721518987341772,148,23,0.1554054054054054
MMLU-Pro,validation,discovery,825,158,35,0.22151898734177214,148,28,0.1891891891891892
MMLU-Pro,validation,discovery,826,158,29,0.18354430379746836,148,28,0.1891891891891892
MMLU-Pro,validation,discovery,827,158,27,0.17088607594936708,148,27,0.18243243243243243
MMLU-Pro,validation,discovery,828,158,35,0.22151898734177214,148,21,0.14189189189189189
MMLU-Pro,validation,discovery,829,158,34,0.21518987341772153,148,29,0.19594594594594594
MMLU-Pro,validation,discovery,830,158,37,0.23417721518987342,148,27,0.18243243243243243
MMLU-Pro,validation,discovery,831,158,28,0.17721518987341772,148,26,0.17567567567567569
MMLU-Pro,validation,discovery,832,158,35,0.22151898734177214,148,27,0.18243243243243243
MMLU-Pro,validation,discovery,833,158,25,0.15822784810126583,148,32,0.21621621621621623
MMLU-Pro,validation,discovery,834,158,31,0.1962025316455696,148,22,0.14864864864864866
MMLU-Pro,validation,discovery,835,158,36,0.22784810126582278,148,15,0.10135135135135136
MMLU-Pro,validation,discovery,836,158,24,0.1518987341772152,148,24,0.16216216216216217
MMLU-Pro,validation,discovery,837,158,33,0.2088607594936709,148,23,0.1554054054054054
MMLU-Pro,validation,discovery,838,158,39,0.2468354430379747,148,23,0.1554054054054054
MMLU-Pro,validation,discovery,839,158,30,0.189873417721519,148,21,0.14189189189189189
MMLU-Pro,validation,discovery,840,158,27,0.17088607594936708,148,24,0.16216216216216217
MMLU-Pro,validation,discovery,841,158,30,0.189873417721519,148,26,0.17567567567567569
MMLU-Pro,validation,discovery,842,158,30,0.189873417721519,148,16,0.10810810810810811
MMLU-Pro,validation,discovery,843,158,35,0.22151898734177214,148,24,0.16216216216216217
MMLU-Pro,validation,discovery,844,158,29,0.18354430379746836,148,24,0.16216216216216217
MMLU-Pro,validation,discovery,845,158,31,0.1962025316455696,148,21,0.14189189189189189
MMLU-Pro,validation,discovery,846,158,31,0.1962025316455696,148,25,0.16891891891891891
MMLU-Pro,validation,discovery,847,158,34,0.21518987341772153,148,20,0.13513513513513514
MMLU-Pro,validation,discovery,848,158,28,0.17721518987341772,148,19,0.12837837837837837
MMLU-Pro,validation,discovery,849,158,28,0.17721518987341772,148,23,0.1554054054054054
MMLU-Pro,validation,discovery,850,158,31,0.1962025316455696,148,22,0.14864864864864866
MMLU-Pro,validation,discovery,851,158,29,0.18354430379746836,148,26,0.17567567567567569
MMLU-Pro,validation,discovery,852,158,33,0.2088607594936709,148,20,0.13513513513513514
MMLU-Pro,validation,discovery,853,158,32,0.20253164556962025,148,26,0.17567567567567569
MMLU-Pro,validation,discovery,854,158,41,0.25949367088607594,148,26,0.17567567567567569
MMLU-Pro,validation,discovery,855,158,38,0.24050632911392406,148,23,0.1554054054054054
MMLU-Pro,validation,discovery,856,158,30,0.189873417721519,148,14,0.0945945945945946
MMLU-Pro,validation,discovery,857,158,33,0.2088607594936709,148,25,0.16891891891891891
MMLU-Pro,validation,discovery,858,158,38,0.24050632911392406,148,31,0.20945945945945946
MMLU-Pro,validation,discovery,859,158,20,0.12658227848101267,148,19,0.12837837837837837
MMLU-Pro,validation,discovery,860,158,31,0.1962025316455696,148,17,0.11486486486486487
MMLU-Pro,validation,discovery,861,158,30,0.189873417721519,148,21,0.14189189189189189
MMLU-Pro,validation,discovery,862,158,24,0.1518987341772152,148,22,0.14864864864864866
MMLU-Pro,validation,discovery,863,158,20,0.12658227848101267,148,19,0.12837837837837837
MMLU-Pro,validation,discovery,864,158,37,0.23417721518987342,148,28,0.1891891891891892
MMLU-Pro,validation,discovery,865,158,30,0.189873417721519,148,26,0.17567567567567569
MMLU-Pro,validation,discovery,866,158,26,0.16455696202531644,148,25,0.16891891891891891
MMLU-Pro,validation,discovery,867,158,32,0.20253164556962025,148,24,0.16216216216216217
MMLU-Pro,validation,discovery,868,158,42,0.26582278481012656,148,23,0.1554054054054054
MMLU-Pro,validation,discovery,869,158,27,0.17088607594936708,148,27,0.18243243243243243
MMLU-Pro,validation,discovery,870,158,39,0.2468354430379747,148,17,0.11486486486486487
MMLU-Pro,validation,discovery,871,158,36,0.22784810126582278,148,22,0.14864864864864866
MMLU-Pro,validation,discovery,872,158,30,0.189873417721519,148,26,0.17567567567567569
MMLU-Pro,validation,discovery,873,158,32,0.20253164556962025,148,17,0.11486486486486487
MMLU-Pro,validation,discovery,874,158,35,0.22151898734177214,148,27,0.18243243243243243
MMLU-Pro,validation,discovery,875,158,29,0.18354430379746836,148,28,0.1891891891891892
MMLU-Pro,validation,discovery,876,158,29,0.18354430379746836,148,17,0.11486486486486487
MMLU-Pro,validation,discovery,877,158,31,0.1962025316455696,148,22,0.14864864864864866
MMLU-Pro,validation,discovery,878,158,28,0.17721518987341772,148,22,0.14864864864864866
MMLU-Pro,validation,discovery,879,158,33,0.2088607594936709,148,26,0.17567567567567569
MMLU-Pro,validation,discovery,880,158,23,0.14556962025316456,148,19,0.12837837837837837
MMLU-Pro,validation,discovery,881,158,38,0.24050632911392406,148,20,0.13513513513513514
MMLU-Pro,validation,discovery,882,158,28,0.17721518987341772,148,17,0.11486486486486487
MMLU-Pro,validation,discovery,883,158,29,0.18354430379746836,148,18,0.12162162162162163
MMLU-Pro,validation,discovery,884,158,22,0.13924050632911392,148,17,0.11486486486486487
MMLU-Pro,validation,discovery,885,158,19,0.12025316455696203,148,27,0.18243243243243243
MMLU-Pro,validation,discovery,886,158,37,0.23417721518987342,148,22,0.14864864864864866
MMLU-Pro,validation,discovery,887,158,35,0.22151898734177214,148,24,0.16216216216216217
MMLU-Pro,validation,discovery,888,158,17,0.10759493670886076,148,8,0.05405405405405406
MMLU-Pro,validation,discovery,889,158,35,0.22151898734177214,148,17,0.11486486486486487
MMLU-Pro,validation,discovery,890,158,27,0.17088607594936708,148,26,0.17567567567567569
MMLU-Pro,validation,discovery,891,158,29,0.18354430379746836,148,18,0.12162162162162163
MMLU-Pro,validation,discovery,892,158,38,0.24050632911392406,148,22,0.14864864864864866
MMLU-Pro,validation,discovery,893,158,24,0.1518987341772152,148,24,0.16216216216216217
MMLU-Pro,validation,discovery,894,158,34,0.21518987341772153,148,14,0.0945945945945946
MMLU-Pro,validation,discovery,895,158,34,0.21518987341772153,148,23,0.1554054054054054
MMLU-Pro,validation,discovery,896,158,31,0.1962025316455696,148,14,0.0945945945945946
MMLU-Pro,validation,discovery,897,158,34,0.21518987341772153,148,22,0.14864864864864866
MMLU-Pro,validation,discovery,898,158,28,0.17721518987341772,148,18,0.12162162162162163
MMLU-Pro,validation,discovery,899,158,36,0.22784810126582278,148,19,0.12837837837837837
MMLU-Pro,validation,discovery,900,158,24,0.1518987341772152,148,23,0.1554054054054054
MMLU-Pro,validation,discovery,901,158,23,0.14556962025316456,148,17,0.11486486486486487
MMLU-Pro,validation,discovery,902,158,20,0.12658227848101267,148,21,0.14189189189189189
MMLU-Pro,validation,discovery,903,158,31,0.1962025316455696,148,26,0.17567567567567569
MMLU-Pro,validation,discovery,904,158,32,0.20253164556962025,148,16,0.10810810810810811
MMLU-Pro,validation,discovery,905,158,33,0.2088607594936709,148,20,0.13513513513513514
MMLU-Pro,validation,discovery,906,158,30,0.189873417721519,148,23,0.1554054054054054
MMLU-Pro,validation,discovery,907,158,30,0.189873417721519,148,22,0.14864864864864866
MMLU-Pro,validation,discovery,908,158,36,0.22784810126582278,148,30,0.20270270270270271
MMLU-Pro,validation,discovery,909,158,38,0.24050632911392406,148,26,0.17567567567567569
MMLU-Pro,validation,discovery,910,158,36,0.22784810126582278,148,25,0.16891891891891891
MMLU-Pro,validation,discovery,911,158,39,0.2468354430379747,148,25,0.16891891891891891
MMLU-Pro,validation,discovery,912,158,32,0.20253164556962025,148,17,0.11486486486486487
MMLU-Pro,validation,discovery,913,158,31,0.1962025316455696,148,28,0.1891891891891892
MMLU-Pro,validation,discovery,914,158,28,0.17721518987341772,148,21,0.14189189189189189
MMLU-Pro,validation,discovery,915,158,26,0.16455696202531644,148,22,0.14864864864864866
MMLU-Pro,validation,discovery,916,158,30,0.189873417721519,148,21,0.14189189189189189
MMLU-Pro,validation,discovery,917,158,31,0.1962025316455696,148,23,0.1554054054054054
MMLU-Pro,validation,discovery,918,158,26,0.16455696202531644,148,25,0.16891891891891891
MMLU-Pro,validation,discovery,919,158,37,0.23417721518987342,148,26,0.17567567567567569
MMLU-Pro,validation,discovery,920,158,35,0.22151898734177214,148,25,0.16891891891891891
MMLU-Pro,validation,discovery,921,158,32,0.20253164556962025,148,21,0.14189189189189189
MMLU-Pro,validation,discovery,922,158,23,0.14556962025316456,148,19,0.12837837837837837
MMLU-Pro,validation,discovery,923,158,22,0.13924050632911392,148,19,0.12837837837837837
MMLU-Pro,validation,discovery,924,158,40,0.25316455696202533,148,29,0.19594594594594594
MMLU-Pro,validation,discovery,925,158,34,0.21518987341772153,148,26,0.17567567567567569
MMLU-Pro,validation,discovery,926,158,31,0.1962025316455696,148,22,0.14864864864864866
MMLU-Pro,validation,discovery,927,158,27,0.17088607594936708,148,24,0.16216216216216217
MMLU-Pro,validation,discovery,928,158,42,0.26582278481012656,148,22,0.14864864864864866
MMLU-Pro,validation,discovery,929,158,29,0.18354430379746836,148,26,0.17567567567567569
MMLU-Pro,validation,discovery,930,158,33,0.2088607594936709,148,25,0.16891891891891891
MMLU-Pro,validation,discovery,931,158,31,0.1962025316455696,148,18,0.12162162162162163
MMLU-Pro,validation,discovery,932,158,34,0.21518987341772153,148,18,0.12162162162162163
MMLU-Pro,validation,discovery,933,158,23,0.14556962025316456,148,24,0.16216216216216217
MMLU-Pro,validation,discovery,934,158,32,0.20253164556962025,148,25,0.16891891891891891
MMLU-Pro,validation,discovery,935,158,30,0.189873417721519,148,19,0.12837837837837837
MMLU-Pro,validation,discovery,936,158,32,0.20253164556962025,148,19,0.12837837837837837
MMLU-Pro,validation,discovery,937,158,37,0.23417721518987342,148,26,0.17567567567567569
MMLU-Pro,validation,discovery,938,158,30,0.189873417721519,148,25,0.16891891891891891
MMLU-Pro,validation,discovery,939,158,35,0.22151898734177214,148,20,0.13513513513513514
MMLU-Pro,validation,discovery,940,158,28,0.17721518987341772,148,23,0.1554054054054054
MMLU-Pro,validation,discovery,941,158,32,0.20253164556962025,148,24,0.16216216216216217
MMLU-Pro,validation,discovery,942,158,30,0.189873417721519,148,31,0.20945945945945946
MMLU-Pro,validation,discovery,943,158,24,0.1518987341772152,148,25,0.16891891891891891
MMLU-Pro,validation,discovery,944,158,32,0.20253164556962025,148,16,0.10810810810810811
MMLU-Pro,validation,discovery,945,158,27,0.17088607594936708,148,15,0.10135135135135136
MMLU-Pro,validation,discovery,946,158,32,0.20253164556962025,148,22,0.14864864864864866
MMLU-Pro,validation,discovery,947,158,33,0.2088607594936709,148,27,0.18243243243243243
MMLU-Pro,validation,discovery,948,158,28,0.17721518987341772,148,25,0.16891891891891891
MMLU-Pro,validation,discovery,949,158,33,0.2088607594936709,148,31,0.20945945945945946
MMLU-Pro,validation,discovery,950,158,27,0.17088607594936708,148,20,0.13513513513513514
MMLU-Pro,validation,discovery,951,158,27,0.17088607594936708,148,24,0.16216216216216217
MMLU-Pro,validation,discovery,952,158,33,0.2088607594936709,148,26,0.17567567567567569
MMLU-Pro,validation,discovery,953,158,33,0.2088607594936709,148,24,0.16216216216216217
MMLU-Pro,validation,discovery,954,158,25,0.15822784810126583,148,16,0.10810810810810811
MMLU-Pro,validation,discovery,955,158,21,0.13291139240506328,148,26,0.17567567567567569
MMLU-Pro,validation,discovery,956,158,25,0.15822784810126583,148,20,0.13513513513513514
MMLU-Pro,validation,discovery,957,158,28,0.17721518987341772,148,28,0.1891891891891892
MMLU-Pro,validation,discovery,958,158,19,0.12025316455696203,148,24,0.16216216216216217
MMLU-Pro,validation,discovery,959,158,29,0.18354430379746836,148,23,0.1554054054054054
MMLU-Pro,validation,discovery,960,158,27,0.17088607594936708,148,17,0.11486486486486487
MMLU-Pro,validation,discovery,961,158,25,0.15822784810126583,148,19,0.12837837837837837
MMLU-Pro,validation,discovery,962,158,28,0.17721518987341772,148,22,0.14864864864864866
MMLU-Pro,validation,discovery,963,158,32,0.20253164556962025,148,24,0.16216216216216217
MMLU-Pro,validation,discovery,964,158,25,0.15822784810126583,148,17,0.11486486486486487
MMLU-Pro,validation,discovery,965,158,29,0.18354430379746836,148,25,0.16891891891891891
MMLU-Pro,validation,discovery,966,158,31,0.1962025316455696,148,21,0.14189189189189189
MMLU-Pro,validation,discovery,967,158,29,0.18354430379746836,148,22,0.14864864864864866
MMLU-Pro,validation,discovery,968,158,27,0.17088607594936708,148,28,0.1891891891891892
MMLU-Pro,validation,discovery,969,158,23,0.14556962025316456,148,25,0.16891891891891891
MMLU-Pro,validation,discovery,970,158,35,0.22151898734177214,148,17,0.11486486486486487
MMLU-Pro,validation,discovery,971,158,22,0.13924050632911392,148,21,0.14189189189189189
MMLU-Pro,validation,discovery,972,158,30,0.189873417721519,148,27,0.18243243243243243
MMLU-Pro,validation,discovery,973,158,29,0.18354430379746836,148,12,0.08108108108108109
MMLU-Pro,validation,discovery,974,158,26,0.16455696202531644,148,22,0.14864864864864866
MMLU-Pro,validation,discovery,975,158,31,0.1962025316455696,148,18,0.12162162162162163
MMLU-Pro,validation,discovery,976,158,34,0.21518987341772153,148,28,0.1891891891891892
MMLU-Pro,validation,discovery,977,158,26,0.16455696202531644,148,22,0.14864864864864866
MMLU-Pro,validation,discovery,978,158,28,0.17721518987341772,148,14,0.0945945945945946
MMLU-Pro,validation,discovery,979,158,33,0.2088607594936709,148,24,0.16216216216216217
MMLU-Pro,validation,discovery,980,158,29,0.18354430379746836,148,27,0.18243243243243243
MMLU-Pro,validation,discovery,981,158,30,0.189873417721519,148,17,0.11486486486486487
MMLU-Pro,validation,discovery,982,158,26,0.16455696202531644,148,24,0.16216216216216217
MMLU-Pro,validation,discovery,983,158,29,0.18354430379746836,148,21,0.14189189189189189
MMLU-Pro,validation,discovery,984,158,28,0.17721518987341772,148,20,0.13513513513513514
MMLU-Pro,validation,discovery,985,158,27,0.17088607594936708,148,24,0.16216216216216217
MMLU-Pro,validation,discovery,986,158,27,0.17088607594936708,148,23,0.1554054054054054
MMLU-Pro,validation,discovery,987,158,34,0.21518987341772153,148,28,0.1891891891891892
MMLU-Pro,validation,discovery,988,158,30,0.189873417721519,148,21,0.14189189189189189
MMLU-Pro,validation,discovery,989,158,35,0.22151898734177214,148,20,0.13513513513513514
MMLU-Pro,validation,discovery,990,158,31,0.1962025316455696,148,18,0.12162162162162163
MMLU-Pro,validation,discovery,991,158,22,0.13924050632911392,148,23,0.1554054054054054
MMLU-Pro,validation,discovery,992,158,43,0.2721518987341772,148,30,0.20270270270270271
MMLU-Pro,validation,discovery,993,158,26,0.16455696202531644,148,22,0.14864864864864866
MMLU-Pro,validation,discovery,994,158,28,0.17721518987341772,148,20,0.13513513513513514
MMLU-Pro,validation,discovery,995,158,31,0.1962025316455696,148,19,0.12837837837837837
MMLU-Pro,validation,discovery,996,158,33,0.2088607594936709,148,27,0.18243243243243243
MMLU-Pro,validation,discovery,997,158,23,0.14556962025316456,148,32,0.21621621621621623
MMLU-Pro,validation,discovery,998,158,33,0.2088607594936709,148,24,0.16216216216216217
MMLU-Pro,validation,discovery,999,158,31,0.1962025316455696,148,24,0.16216216216216217
BBH,discovery,validation,0,1074,256,0.2383612662942272,816,197,0.24142156862745098
BBH,discovery,validation,1,1074,254,0.23649906890130354,816,172,0.2107843137254902
BBH,discovery,validation,2,1074,225,0.20949720670391062,816,178,0.2181372549019608
BBH,discovery,validation,3,1074,272,0.2532588454376164,816,202,0.24754901960784315
BBH,discovery,validation,4,1074,306,0.2849162011173184,816,166,0.2034313725490196
BBH,discovery,validation,5,1074,256,0.2383612662942272,816,180,0.22058823529411764
BBH,discovery,validation,6,1074,274,0.25512104283054005,816,220,0.2696078431372549
BBH,discovery,validation,7,1074,264,0.24581005586592178,816,187,0.22916666666666666
BBH,discovery,validation,8,1074,325,0.3026070763500931,816,187,0.22916666666666666
BBH,discovery,validation,9,1074,247,0.22998137802607077,816,167,0.20465686274509803
BBH,discovery,validation,10,1074,287,0.2672253258845438,816,192,0.23529411764705882
BBH,discovery,validation,11,1074,216,0.2011173184357542,816,182,0.22303921568627452
BBH,discovery,validation,12,1074,285,0.26536312849162014,816,195,0.23897058823529413
BBH,discovery,validation,13,1074,247,0.22998137802607077,816,180,0.22058823529411764
BBH,discovery,validation,14,1074,294,0.2737430167597765,816,181,0.22181372549019607
BBH,discovery,validation,15,1074,201,0.1871508379888268,816,152,0.18627450980392157
BBH,discovery,validation,16,1074,233,0.2169459962756052,816,155,0.18995098039215685
BBH,discovery,validation,17,1074,251,0.23370577281191807,816,183,0.22426470588235295
BBH,discovery,validation,18,1074,247,0.22998137802607077,816,159,0.1948529411764706
BBH,discovery,validation,19,1074,296,0.2756052141527002,816,168,0.20588235294117646
BBH,discovery,validation,20,1074,261,0.2430167597765363,816,152,0.18627450980392157
BBH,discovery,validation,21,1074,258,0.24022346368715083,816,205,0.2512254901960784
BBH,discovery,validation,22,1074,316,0.2942271880819367,816,206,0.25245098039215685
BBH,discovery,validation,23,1074,299,0.2783985102420857,816,175,0.21446078431372548
BBH,discovery,validation,24,1074,275,0.25605214152700184,816,173,0.21200980392156862
BBH,discovery,validation,25,1074,315,0.29329608938547486,816,188,0.23039215686274508
BBH,discovery,validation,26,1074,325,0.3026070763500931,816,219,0.26838235294117646
BBH,discovery,validation,27,1074,261,0.2430167597765363,816,151,0.18504901960784315
BBH,discovery,validation,28,1074,304,0.28305400372439476,816,213,0.2610294117647059
BBH,discovery,validation,29,1074,277,0.2579143389199255,816,201,0.24632352941176472
BBH,discovery,validation,30,1074,314,0.29236499068901306,816,202,0.24754901960784315
BBH,discovery,validation,31,1074,318,0.29608938547486036,816,213,0.2610294117647059
BBH,discovery,validation,32,1074,298,0.2774674115456238,816,156,0.19117647058823528
BBH,discovery,validation,33,1074,288,0.2681564245810056,816,203,0.24877450980392157
BBH,discovery,validation,34,1074,301,0.2802607076350093,816,177,0.21691176470588236
BBH,discovery,validation,35,1074,252,0.2346368715083799,816,152,0.18627450980392157
BBH,discovery,validation,36,1074,273,0.2541899441340782,816,171,0.20955882352941177
BBH,discovery,validation,37,1074,254,0.23649906890130354,816,149,0.18259803921568626
BBH,discovery,validation,38,1074,272,0.2532588454376164,816,188,0.23039215686274508
BBH,discovery,validation,39,1074,290,0.27001862197392923,816,198,0.2426470588235294
BBH,discovery,validation,40,1074,286,0.26629422718808193,816,208,0.2549019607843137
BBH,discovery,validation,41,1074,258,0.24022346368715083,816,194,0.23774509803921567
BBH,discovery,validation,42,1074,262,0.24394785847299813,816,188,0.23039215686274508
BBH,discovery,validation,43,1074,294,0.2737430167597765,816,210,0.25735294117647056
BBH,discovery,validation,44,1074,252,0.2346368715083799,816,185,0.2267156862745098
BBH,discovery,validation,45,1074,274,0.25512104283054005,816,190,0.23284313725490197
BBH,discovery,validation,46,1074,285,0.26536312849162014,816,191,0.2340686274509804
BBH,discovery,validation,47,1074,289,0.26908752327746743,816,170,0.20833333333333334
BBH,discovery,validation,48,1074,223,0.20763500931098697,816,158,0.19362745098039216
BBH,discovery,validation,49,1074,285,0.26536312849162014,816,145,0.17769607843137256
BBH,discovery,validation,50,1074,279,0.25977653631284914,816,153,0.1875
BBH,discovery,validation,51,1074,274,0.25512104283054005,816,193,0.23651960784313725
BBH,discovery,validation,52,1074,253,0.23556797020484171,816,166,0.2034313725490196
BBH,discovery,validation,53,1074,294,0.2737430167597765,816,189,0.23161764705882354
BBH,discovery,validation,54,1074,253,0.23556797020484171,816,167,0.20465686274509803
BBH,discovery,validation,55,1074,279,0.25977653631284914,816,181,0.22181372549019607
BBH,discovery,validation,56,1074,255,0.23743016759776536,816,189,0.23161764705882354
BBH,discovery,validation,57,1074,261,0.2430167597765363,816,189,0.23161764705882354
BBH,discovery,validation,58,1074,290,0.27001862197392923,816,194,0.23774509803921567
BBH,discovery,validation,59,1074,257,0.239292364990689,816,196,0.24019607843137256
BBH,discovery,validation,60,1074,272,0.2532588454376164,816,192,0.23529411764705882
BBH,discovery,validation,61,1074,266,0.24767225325884543,816,197,0.24142156862745098
BBH,discovery,validation,62,1074,271,0.25232774674115455,816,174,0.21323529411764705
BBH,discovery,validation,63,1074,266,0.24767225325884543,816,180,0.22058823529411764
BBH,discovery,validation,64,1074,231,0.21508379888268156,816,168,0.20588235294117646
BBH,discovery,validation,65,1074,269,0.2504655493482309,816,175,0.21446078431372548
BBH,discovery,validation,66,1074,266,0.24767225325884543,816,158,0.19362745098039216
BBH,discovery,validation,67,1074,292,0.2718808193668529,816,213,0.2610294117647059
BBH,discovery,validation,68,1074,281,0.2616387337057728,816,214,0.2622549019607843
BBH,discovery,validation,69,1074,294,0.2737430167597765,816,222,0.27205882352941174
BBH,discovery,validation,70,1074,258,0.24022346368715083,814,203,0.2493857493857494
BBH,discovery,validation,71,1074,263,0.24487895716945995,816,161,0.19730392156862744
BBH,discovery,validation,72,1074,230,0.21415270018621974,816,193,0.23651960784313725
BBH,discovery,validation,73,1074,259,0.24115456238361266,816,166,0.2034313725490196
BBH,discovery,validation,74,1074,240,0.22346368715083798,816,164,0.20098039215686275
BBH,discovery,validation,75,1074,244,0.2271880819366853,816,176,0.21568627450980393
BBH,discovery,validation,76,1074,281,0.2616387337057728,816,201,0.24632352941176472
BBH,discovery,validation,77,1074,288,0.2681564245810056,816,181,0.22181372549019607
BBH,discovery,validation,78,1074,246,0.22905027932960895,816,189,0.23161764705882354
BBH,discovery,validation,79,1074,264,0.24581005586592178,816,186,0.22794117647058823
BBH,discovery,validation,80,1074,270,0.25139664804469275,816,208,0.2549019607843137
BBH,discovery,validation,81,1074,301,0.2802607076350093,816,161,0.19730392156862744
BBH,discovery,validation,82,1074,293,0.27281191806331473,816,182,0.22303921568627452
BBH,discovery,validation,83,1074,280,0.260707635009311,816,182,0.22303921568627452
BBH,discovery,validation,84,1074,296,0.2756052141527002,816,200,0.24509803921568626
BBH,discovery,validation,85,1074,259,0.24115456238361266,816,182,0.22303921568627452
BBH,discovery,validation,86,1074,283,0.2635009310986965,816,209,0.25612745098039214
BBH,discovery,validation,87,1074,275,0.25605214152700184,816,185,0.2267156862745098
BBH,discovery,validation,88,1074,311,0.28957169459962756,816,197,0.24142156862745098
BBH,discovery,validation,89,1074,291,0.2709497206703911,816,165,0.20220588235294118
BBH,discovery,validation,90,1074,255,0.23743016759776536,816,165,0.20220588235294118
BBH,discovery,validation,91,1074,310,0.2886405959031657,816,191,0.2340686274509804
BBH,discovery,validation,92,1074,255,0.23743016759776536,816,194,0.23774509803921567
BBH,discovery,validation,93,1074,288,0.2681564245810056,816,168,0.20588235294117646
BBH,discovery,validation,94,1074,255,0.23743016759776536,816,171,0.20955882352941177
BBH,discovery,validation,95,1074,305,0.2839851024208566,816,148,0.18137254901960784
BBH,discovery,validation,96,1074,252,0.2346368715083799,816,172,0.2107843137254902
BBH,discovery,validation,97,1074,307,0.28584729981378026,816,173,0.21200980392156862
BBH,discovery,validation,98,1074,245,0.22811918063314712,816,192,0.23529411764705882
BBH,discovery,validation,99,1074,308,0.28677839851024206,816,198,0.2426470588235294
BBH,discovery,validation,100,1074,274,0.25512104283054005,816,174,0.21323529411764705
BBH,discovery,validation,101,1074,262,0.24394785847299813,816,168,0.20588235294117646
BBH,discovery,validation,102,1074,264,0.24581005586592178,816,163,0.19975490196078433
BBH,discovery,validation,103,1074,262,0.24394785847299813,816,175,0.21446078431372548
BBH,discovery,validation,104,1074,245,0.22811918063314712,816,203,0.24877450980392157
BBH,discovery,validation,105,1074,308,0.28677839851024206,816,206,0.25245098039215685
BBH,discovery,validation,106,1074,271,0.25232774674115455,816,187,0.22916666666666666
BBH,discovery,validation,107,1074,246,0.22905027932960895,816,176,0.21568627450980393
BBH,discovery,validation,108,1074,271,0.25232774674115455,816,196,0.24019607843137256
BBH,discovery,validation,109,1074,262,0.24394785847299813,816,184,0.22549019607843138
BBH,discovery,validation,110,1074,253,0.23556797020484171,816,175,0.21446078431372548
BBH,discovery,validation,111,1074,264,0.24581005586592178,816,209,0.25612745098039214
BBH,discovery,validation,112,1074,276,0.2569832402234637,816,182,0.22303921568627452
BBH,discovery,validation,113,1074,288,0.2681564245810056,816,175,0.21446078431372548
BBH,discovery,validation,114,1074,262,0.24394785847299813,816,187,0.22916666666666666
BBH,discovery,validation,115,1074,269,0.2504655493482309,816,179,0.2193627450980392
BBH,discovery,validation,116,1074,268,0.24953445065176907,816,175,0.21446078431372548
BBH,discovery,validation,117,1074,225,0.20949720670391062,816,179,0.2193627450980392
BBH,discovery,validation,118,1074,301,0.2802607076350093,816,199,0.24387254901960784
BBH,discovery,validation,119,1074,241,0.22439478584729983,816,209,0.25612745098039214
BBH,discovery,validation,120,1074,270,0.25139664804469275,816,203,0.24877450980392157
BBH,discovery,validation,121,1074,278,0.25884543761638734,816,155,0.18995098039215685
BBH,discovery,validation,122,1074,258,0.24022346368715083,816,211,0.25857843137254904
BBH,discovery,validation,123,1074,263,0.24487895716945995,816,177,0.21691176470588236
BBH,discovery,validation,124,1074,261,0.2430167597765363,816,198,0.2426470588235294
BBH,discovery,validation,125,1074,276,0.2569832402234637,816,198,0.2426470588235294
BBH,discovery,validation,126,1074,296,0.2756052141527002,816,207,0.2536764705882353
BBH,discovery,validation,127,1074,225,0.20949720670391062,816,167,0.20465686274509803
BBH,discovery,validation,128,1074,286,0.26629422718808193,816,167,0.20465686274509803
BBH,discovery,validation,129,1074,270,0.25139664804469275,816,155,0.18995098039215685
BBH,discovery,validation,130,1074,277,0.2579143389199255,816,180,0.22058823529411764
BBH,discovery,validation,131,1074,303,0.28212290502793297,816,184,0.22549019607843138
BBH,discovery,validation,132,1074,278,0.25884543761638734,816,190,0.23284313725490197
BBH,discovery,validation,133,1074,267,0.24860335195530725,816,204,0.25
BBH,discovery,validation,134,1074,267,0.24860335195530725,816,190,0.23284313725490197
BBH,discovery,validation,135,1074,283,0.2635009310986965,816,186,0.22794117647058823
BBH,discovery,validation,136,1074,236,0.21973929236499068,816,191,0.2340686274509804
BBH,discovery,validation,137,1074,263,0.24487895716945995,816,191,0.2340686274509804
BBH,discovery,validation,138,1074,290,0.27001862197392923,816,182,0.22303921568627452
BBH,discovery,validation,139,1074,317,0.2951582867783985,816,162,0.19852941176470587
BBH,discovery,validation,140,1074,280,0.260707635009311,816,170,0.20833333333333334
BBH,discovery,validation,141,1074,232,0.21601489757914338,816,188,0.23039215686274508
BBH,discovery,validation,142,1074,241,0.22439478584729983,816,165,0.20220588235294118
BBH,discovery,validation,143,1074,265,0.2467411545623836,816,192,0.23529411764705882
BBH,discovery,validation,144,1074,263,0.24487895716945995,816,185,0.2267156862745098
BBH,discovery,validation,145,1074,277,0.2579143389199255,816,196,0.24019607843137256
BBH,discovery,validation,146,1074,277,0.2579143389199255,816,157,0.19240196078431374
BBH,discovery,validation,147,1074,265,0.2467411545623836,816,154,0.18872549019607843
BBH,discovery,validation,148,1074,244,0.2271880819366853,816,170,0.20833333333333334
BBH,discovery,validation,149,1074,321,0.2988826815642458,816,210,0.25735294117647056
BBH,discovery,validation,150,1074,272,0.2532588454376164,816,192,0.23529411764705882
BBH,discovery,validation,151,1074,277,0.2579143389199255,816,194,0.23774509803921567
BBH,discovery,validation,152,1074,267,0.24860335195530725,816,202,0.24754901960784315
BBH,discovery,validation,153,1074,295,0.2746741154562384,816,209,0.25612745098039214
BBH,discovery,validation,154,1074,252,0.2346368715083799,816,201,0.24632352941176472
BBH,discovery,validation,155,1074,271,0.25232774674115455,816,166,0.2034313725490196
BBH,discovery,validation,156,1074,224,0.2085661080074488,816,140,0.1715686274509804
BBH,discovery,validation,157,1074,320,0.297951582867784,816,180,0.22058823529411764
BBH,discovery,validation,158,1074,237,0.2206703910614525,816,172,0.2107843137254902
BBH,discovery,validation,159,1074,261,0.2430167597765363,816,186,0.22794117647058823
BBH,discovery,validation,160,1074,253,0.23556797020484171,816,148,0.18137254901960784
BBH,discovery,validation,161,1074,269,0.2504655493482309,816,192,0.23529411764705882
BBH,discovery,validation,162,1074,308,0.28677839851024206,816,238,0.2916666666666667
BBH,discovery,validation,163,1074,245,0.22811918063314712,816,176,0.21568627450980393
BBH,discovery,validation,164,1074,298,0.2774674115456238,816,189,0.23161764705882354
BBH,discovery,validation,165,1074,284,0.2644320297951583,816,202,0.24754901960784315
BBH,discovery,validation,166,1074,272,0.2532588454376164,816,174,0.21323529411764705
BBH,discovery,validation,167,1074,233,0.2169459962756052,816,153,0.1875
BBH,discovery,validation,168,1074,279,0.25977653631284914,816,184,0.22549019607843138
BBH,discovery,validation,169,1074,288,0.2681564245810056,816,162,0.19852941176470587
BBH,discovery,validation,170,1074,293,0.27281191806331473,816,192,0.23529411764705882
BBH,discovery,validation,171,1074,289,0.26908752327746743,816,186,0.22794117647058823
BBH,discovery,validation,172,1074,294,0.2737430167597765,816,195,0.23897058823529413
BBH,discovery,validation,173,1074,293,0.27281191806331473,816,204,0.25
BBH,discovery,validation,174,1074,287,0.2672253258845438,816,232,0.28431372549019607
BBH,discovery,validation,175,1074,260,0.24208566108007448,816,201,0.24632352941176472
BBH,discovery,validation,176,1074,273,0.2541899441340782,816,188,0.23039215686274508
BBH,discovery,validation,177,1074,254,0.23649906890130354,816,161,0.19730392156862744
BBH,discovery,validation,178,1074,237,0.2206703910614525,816,156,0.19117647058823528
BBH,discovery,validation,179,1074,231,0.21508379888268156,816,189,0.23161764705882354
BBH,discovery,validation,180,1074,312,0.2905027932960894,816,183,0.22426470588235295
BBH,discovery,validation,181,1074,264,0.24581005586592178,816,211,0.25857843137254904
BBH,discovery,validation,182,1074,294,0.2737430167597765,816,200,0.24509803921568626
BBH,discovery,validation,183,1074,259,0.24115456238361266,816,198,0.2426470588235294
BBH,discovery,validation,184,1074,306,0.2849162011173184,816,184,0.22549019607843138
BBH,discovery,validation,185,1074,268,0.24953445065176907,816,159,0.1948529411764706
BBH,discovery,validation,186,1074,259,0.24115456238361266,816,192,0.23529411764705882
BBH,discovery,validation,187,1074,281,0.2616387337057728,816,186,0.22794117647058823
BBH,discovery,validation,188,1074,263,0.24487895716945995,816,170,0.20833333333333334
BBH,discovery,validation,189,1074,234,0.21787709497206703,816,158,0.19362745098039216
BBH,discovery,validation,190,1074,287,0.2672253258845438,816,181,0.22181372549019607
BBH,discovery,validation,191,1074,274,0.25512104283054005,816,215,0.26348039215686275
BBH,discovery,validation,192,1074,291,0.2709497206703911,816,179,0.2193627450980392
BBH,discovery,validation,193,1074,249,0.23184357541899442,816,200,0.24509803921568626
BBH,discovery,validation,194,1074,305,0.2839851024208566,816,198,0.2426470588235294
BBH,discovery,validation,195,1074,310,0.2886405959031657,816,209,0.25612745098039214
BBH,discovery,validation,196,1074,258,0.24022346368715083,816,191,0.2340686274509804
BBH,discovery,validation,197,1074,260,0.24208566108007448,816,172,0.2107843137254902
BBH,discovery,validation,198,1074,255,0.23743016759776536,816,199,0.24387254901960784
BBH,discovery,validation,199,1074,260,0.24208566108007448,816,144,0.17647058823529413
BBH,discovery,validation,200,1074,247,0.22998137802607077,816,158,0.19362745098039216
BBH,discovery,validation,201,1074,240,0.22346368715083798,816,176,0.21568627450980393
BBH,discovery,validation,202,1074,272,0.2532588454376164,816,165,0.20220588235294118
BBH,discovery,validation,203,1074,300,0.27932960893854747,816,192,0.23529411764705882
BBH,discovery,validation,204,1074,278,0.25884543761638734,816,165,0.20220588235294118
BBH,discovery,validation,205,1074,277,0.2579143389199255,816,194,0.23774509803921567
BBH,discovery,validation,206,1074,273,0.2541899441340782,816,158,0.19362745098039216
BBH,discovery,validation,207,1074,246,0.22905027932960895,816,204,0.25
BBH,discovery,validation,208,1074,260,0.24208566108007448,816,191,0.2340686274509804
BBH,discovery,validation,209,1074,267,0.24860335195530725,816,197,0.24142156862745098
BBH,discovery,validation,210,1074,285,0.26536312849162014,816,190,0.23284313725490197
BBH,discovery,validation,211,1074,286,0.26629422718808193,816,179,0.2193627450980392
BBH,discovery,validation,212,1074,272,0.2532588454376164,816,173,0.21200980392156862
BBH,discovery,validation,213,1074,242,0.22532588454376165,816,173,0.21200980392156862
BBH,discovery,validation,214,1074,310,0.2886405959031657,816,180,0.22058823529411764
BBH,discovery,validation,215,1074,283,0.2635009310986965,816,206,0.25245098039215685
BBH,discovery,validation,216,1074,277,0.2579143389199255,816,198,0.2426470588235294
BBH,discovery,validation,217,1074,249,0.23184357541899442,816,186,0.22794117647058823
BBH,discovery,validation,218,1074,267,0.24860335195530725,816,176,0.21568627450980393
BBH,discovery,validation,219,1074,289,0.26908752327746743,816,197,0.24142156862745098
BBH,discovery,validation,220,1074,246,0.22905027932960895,816,158,0.19362745098039216
BBH,discovery,validation,221,1074,266,0.24767225325884543,816,154,0.18872549019607843
BBH,discovery,validation,222,1074,260,0.24208566108007448,816,180,0.22058823529411764
BBH,discovery,validation,223,1074,253,0.23556797020484171,816,158,0.19362745098039216
BBH,discovery,validation,224,1074,274,0.25512104283054005,816,202,0.24754901960784315
BBH,discovery,validation,225,1074,252,0.2346368715083799,816,157,0.19240196078431374
BBH,discovery,validation,226,1074,281,0.2616387337057728,816,196,0.24019607843137256
BBH,discovery,validation,227,1074,246,0.22905027932960895,816,181,0.22181372549019607
BBH,discovery,validation,228,1074,284,0.2644320297951583,816,191,0.2340686274509804
BBH,discovery,validation,229,1074,252,0.2346368715083799,816,178,0.2181372549019608
BBH,discovery,validation,230,1074,275,0.25605214152700184,816,185,0.2267156862745098
BBH,discovery,validation,231,1074,252,0.2346368715083799,816,175,0.21446078431372548
BBH,discovery,validation,232,1074,262,0.24394785847299813,816,185,0.2267156862745098
BBH,discovery,validation,233,1074,323,0.30074487895716945,816,205,0.2512254901960784
BBH,discovery,validation,234,1074,292,0.2718808193668529,816,177,0.21691176470588236
BBH,discovery,validation,235,1074,256,0.2383612662942272,816,160,0.19607843137254902
BBH,discovery,validation,236,1074,274,0.25512104283054005,816,198,0.2426470588235294
BBH,discovery,validation,237,1074,296,0.2756052141527002,816,206,0.25245098039215685
BBH,discovery,validation,238,1074,259,0.24115456238361266,816,195,0.23897058823529413
BBH,discovery,validation,239,1074,257,0.239292364990689,816,203,0.24877450980392157
BBH,discovery,validation,240,1074,282,0.26256983240223464,816,200,0.24509803921568626
BBH,discovery,validation,241,1074,275,0.25605214152700184,816,198,0.2426470588235294
BBH,discovery,validation,242,1074,257,0.239292364990689,816,197,0.24142156862745098
BBH,discovery,validation,243,1074,239,0.22253258845437615,816,171,0.20955882352941177
BBH,discovery,validation,244,1074,285,0.26536312849162014,816,207,0.2536764705882353
BBH,discovery,validation,245,1074,271,0.25232774674115455,816,171,0.20955882352941177
BBH,discovery,validation,246,1074,255,0.23743016759776536,816,199,0.24387254901960784
BBH,discovery,validation,247,1074,258,0.24022346368715083,816,215,0.26348039215686275
BBH,discovery,validation,248,1074,272,0.2532588454376164,816,191,0.2340686274509804
BBH,discovery,validation,249,1074,282,0.26256983240223464,816,201,0.24632352941176472
BBH,discovery,validation,250,1074,334,0.31098696461824954,816,207,0.2536764705882353
BBH,discovery,validation,251,1074,233,0.2169459962756052,816,179,0.2193627450980392
BBH,discovery,validation,252,1074,276,0.2569832402234637,816,196,0.24019607843137256
BBH,discovery,validation,253,1074,293,0.27281191806331473,816,202,0.24754901960784315
BBH,discovery,validation,254,1074,315,0.29329608938547486,816,201,0.24632352941176472
BBH,discovery,validation,255,1074,241,0.22439478584729983,816,159,0.1948529411764706
BBH,discovery,validation,256,1074,251,0.23370577281191807,816,198,0.2426470588235294
BBH,discovery,validation,257,1074,254,0.23649906890130354,816,186,0.22794117647058823
BBH,discovery,validation,258,1074,278,0.25884543761638734,816,188,0.23039215686274508
BBH,discovery,validation,259,1074,280,0.260707635009311,816,205,0.2512254901960784
BBH,discovery,validation,260,1074,224,0.2085661080074488,816,155,0.18995098039215685
BBH,discovery,validation,261,1074,309,0.2877094972067039,816,188,0.23039215686274508
BBH,discovery,validation,262,1074,254,0.23649906890130354,816,190,0.23284313725490197
BBH,discovery,validation,263,1074,312,0.2905027932960894,816,195,0.23897058823529413
BBH,discovery,validation,264,1074,297,0.276536312849162,816,226,0.2769607843137255
BBH,discovery,validation,265,1074,272,0.2532588454376164,816,205,0.2512254901960784
BBH,discovery,validation,266,1074,268,0.24953445065176907,816,185,0.2267156862745098
BBH,discovery,validation,267,1074,280,0.260707635009311,816,187,0.22916666666666666
BBH,discovery,validation,268,1074,279,0.25977653631284914,816,201,0.24632352941176472
BBH,discovery,validation,269,1074,295,0.2746741154562384,816,207,0.2536764705882353
BBH,discovery,validation,270,1074,287,0.2672253258845438,816,167,0.20465686274509803
BBH,discovery,validation,271,1074,262,0.24394785847299813,816,190,0.23284313725490197
BBH,discovery,validation,272,1074,298,0.2774674115456238,816,202,0.24754901960784315
BBH,discovery,validation,273,1074,273,0.2541899441340782,816,178,0.2181372549019608
BBH,discovery,validation,274,1074,285,0.26536312849162014,816,180,0.22058823529411764
BBH,discovery,validation,275,1074,239,0.22253258845437615,816,166,0.2034313725490196
BBH,discovery,validation,276,1074,257,0.239292364990689,816,198,0.2426470588235294
BBH,discovery,validation,277,1074,263,0.24487895716945995,816,174,0.21323529411764705
BBH,discovery,validation,278,1074,270,0.25139664804469275,816,211,0.25857843137254904
BBH,discovery,validation,279,1074,250,0.23277467411545624,816,176,0.21568627450980393
BBH,discovery,validation,280,1074,280,0.260707635009311,816,209,0.25612745098039214
BBH,discovery,validation,281,1074,305,0.2839851024208566,816,167,0.20465686274509803
BBH,discovery,validation,282,1074,269,0.2504655493482309,816,167,0.20465686274509803
BBH,discovery,validation,283,1074,266,0.24767225325884543,816,177,0.21691176470588236
BBH,discovery,validation,284,1074,276,0.2569832402234637,816,188,0.23039215686274508
BBH,discovery,validation,285,1074,272,0.2532588454376164,816,204,0.25
BBH,discovery,validation,286,1074,248,0.2309124767225326,816,174,0.21323529411764705
BBH,discovery,validation,287,1074,273,0.2541899441340782,816,164,0.20098039215686275
BBH,discovery,validation,288,1074,250,0.23277467411545624,816,162,0.19852941176470587
BBH,discovery,validation,289,1074,254,0.23649906890130354,816,160,0.19607843137254902
BBH,discovery,validation,290,1074,350,0.3258845437616387,816,221,0.2708333333333333
BBH,discovery,validation,291,1074,271,0.25232774674115455,816,161,0.19730392156862744
BBH,discovery,validation,292,1074,272,0.2532588454376164,816,189,0.23161764705882354
BBH,discovery,validation,293,1074,281,0.2616387337057728,816,189,0.23161764705882354
BBH,discovery,validation,294,1074,204,0.18994413407821228,816,174,0.21323529411764705
BBH,discovery,validation,295,1074,262,0.24394785847299813,816,190,0.23284313725490197
BBH,discovery,validation,296,1074,250,0.23277467411545624,816,199,0.24387254901960784
BBH,discovery,validation,297,1074,289,0.26908752327746743,816,206,0.25245098039215685
BBH,discovery,validation,298,1074,245,0.22811918063314712,816,193,0.23651960784313725
BBH,discovery,validation,299,1074,247,0.22998137802607077,816,176,0.21568627450980393
BBH,discovery,validation,300,1074,247,0.22998137802607077,816,202,0.24754901960784315
BBH,discovery,validation,301,1074,276,0.2569832402234637,816,179,0.2193627450980392
BBH,discovery,validation,302,1074,261,0.2430167597765363,816,145,0.17769607843137256
BBH,discovery,validation,303,1074,290,0.27001862197392923,816,207,0.2536764705882353
BBH,discovery,validation,304,1074,279,0.25977653631284914,816,190,0.23284313725490197
BBH,discovery,validation,305,1074,301,0.2802607076350093,816,188,0.23039215686274508
BBH,discovery,validation,306,1074,256,0.2383612662942272,816,194,0.23774509803921567
BBH,discovery,validation,307,1074,267,0.24860335195530725,816,214,0.2622549019607843
BBH,discovery,validation,308,1074,262,0.24394785847299813,816,164,0.20098039215686275
BBH,discovery,validation,309,1074,277,0.2579143389199255,816,206,0.25245098039215685
BBH,discovery,validation,310,1074,249,0.23184357541899442,816,153,0.1875
BBH,discovery,validation,311,1074,237,0.2206703910614525,816,168,0.20588235294117646
BBH,discovery,validation,312,1074,240,0.22346368715083798,816,156,0.19117647058823528
BBH,discovery,validation,313,1074,278,0.25884543761638734,816,193,0.23651960784313725
BBH,discovery,validation,314,1074,236,0.21973929236499068,816,200,0.24509803921568626
BBH,discovery,validation,315,1074,316,0.2942271880819367,816,137,0.16789215686274508
BBH,discovery,validation,316,1074,246,0.22905027932960895,816,171,0.20955882352941177
BBH,discovery,validation,317,1074,303,0.28212290502793297,816,194,0.23774509803921567
BBH,discovery,validation,318,1074,229,0.2132216014897579,816,175,0.21446078431372548
BBH,discovery,validation,319,1074,288,0.2681564245810056,816,167,0.20465686274509803
BBH,discovery,validation,320,1074,289,0.26908752327746743,816,188,0.23039215686274508
BBH,discovery,validation,321,1074,281,0.2616387337057728,816,195,0.23897058823529413
BBH,discovery,validation,322,1074,226,0.21042830540037244,816,150,0.18382352941176472
BBH,discovery,validation,323,1074,276,0.2569832402234637,816,176,0.21568627450980393
BBH,discovery,validation,324,1074,304,0.28305400372439476,816,217,0.2659313725490196
BBH,discovery,validation,325,1074,299,0.2783985102420857,816,206,0.25245098039215685
BBH,discovery,validation,326,1074,261,0.2430167597765363,816,181,0.22181372549019607
BBH,discovery,validation,327,1074,286,0.26629422718808193,816,179,0.2193627450980392
BBH,discovery,validation,328,1074,267,0.24860335195530725,816,210,0.25735294117647056
BBH,discovery,validation,329,1074,258,0.24022346368715083,816,178,0.2181372549019608
BBH,discovery,validation,330,1074,324,0.3016759776536313,816,234,0.2867647058823529
BBH,discovery,validation,331,1074,316,0.2942271880819367,816,186,0.22794117647058823
BBH,discovery,validation,332,1074,257,0.239292364990689,816,194,0.23774509803921567
BBH,discovery,validation,333,1074,293,0.27281191806331473,816,215,0.26348039215686275
BBH,discovery,validation,334,1074,346,0.3221601489757914,816,198,0.2426470588235294
BBH,discovery,validation,335,1074,273,0.2541899441340782,816,178,0.2181372549019608
BBH,discovery,validation,336,1074,276,0.2569832402234637,816,177,0.21691176470588236
BBH,discovery,validation,337,1074,231,0.21508379888268156,816,174,0.21323529411764705
BBH,discovery,validation,338,1074,279,0.25977653631284914,816,192,0.23529411764705882
BBH,discovery,validation,339,1074,259,0.24115456238361266,816,181,0.22181372549019607
BBH,discovery,validation,340,1074,261,0.2430167597765363,816,186,0.22794117647058823
BBH,discovery,validation,341,1074,279,0.25977653631284914,816,199,0.24387254901960784
BBH,discovery,validation,342,1074,314,0.29236499068901306,816,212,0.25980392156862747
BBH,discovery,validation,343,1074,303,0.28212290502793297,816,194,0.23774509803921567
BBH,discovery,validation,344,1074,285,0.26536312849162014,816,187,0.22916666666666666
BBH,discovery,validation,345,1074,258,0.24022346368715083,816,205,0.2512254901960784
BBH,discovery,validation,346,1074,330,0.30726256983240224,816,210,0.25735294117647056
BBH,discovery,validation,347,1074,256,0.2383612662942272,816,149,0.18259803921568626
BBH,discovery,validation,348,1074,250,0.23277467411545624,816,194,0.23774509803921567
BBH,discovery,validation,349,1074,249,0.23184357541899442,816,180,0.22058823529411764
BBH,discovery,validation,350,1074,296,0.2756052141527002,816,198,0.2426470588235294
BBH,discovery,validation,351,1074,276,0.2569832402234637,816,177,0.21691176470588236
BBH,discovery,validation,352,1074,275,0.25605214152700184,816,163,0.19975490196078433
BBH,discovery,validation,353,1074,275,0.25605214152700184,816,177,0.21691176470588236
BBH,discovery,validation,354,1074,288,0.2681564245810056,816,203,0.24877450980392157
BBH,discovery,validation,355,1074,289,0.26908752327746743,816,186,0.22794117647058823
BBH,discovery,validation,356,1074,262,0.24394785847299813,816,203,0.24877450980392157
BBH,discovery,validation,357,1074,268,0.24953445065176907,816,169,0.20710784313725492
BBH,discovery,validation,358,1074,263,0.24487895716945995,816,189,0.23161764705882354
BBH,discovery,validation,359,1074,257,0.239292364990689,816,162,0.19852941176470587
BBH,discovery,validation,360,1074,267,0.24860335195530725,816,194,0.23774509803921567
BBH,discovery,validation,361,1074,320,0.297951582867784,816,217,0.2659313725490196
BBH,discovery,validation,362,1074,276,0.2569832402234637,816,191,0.2340686274509804
BBH,discovery,validation,363,1074,273,0.2541899441340782,816,166,0.2034313725490196
BBH,discovery,validation,364,1074,291,0.2709497206703911,816,237,0.29044117647058826
BBH,discovery,validation,365,1074,287,0.2672253258845438,816,218,0.26715686274509803
BBH,discovery,validation,366,1074,210,0.19553072625698323,816,177,0.21691176470588236
BBH,discovery,validation,367,1074,252,0.2346368715083799,816,151,0.18504901960784315
BBH,discovery,validation,368,1074,290,0.27001862197392923,816,169,0.20710784313725492
BBH,discovery,validation,369,1074,238,0.22160148975791433,816,153,0.1875
BBH,discovery,validation,370,1074,249,0.23184357541899442,816,174,0.21323529411764705
BBH,discovery,validation,371,1074,230,0.21415270018621974,816,161,0.19730392156862744
BBH,discovery,validation,372,1074,239,0.22253258845437615,816,174,0.21323529411764705
BBH,discovery,validation,373,1074,243,0.22625698324022347,816,183,0.22426470588235295
BBH,discovery,validation,374,1074,270,0.25139664804469275,816,177,0.21691176470588236
BBH,discovery,validation,375,1074,295,0.2746741154562384,816,184,0.22549019607843138
BBH,discovery,validation,376,1074,280,0.260707635009311,816,162,0.19852941176470587
BBH,discovery,validation,377,1074,319,0.29702048417132215,816,217,0.2659313725490196
BBH,discovery,validation,378,1074,296,0.2756052141527002,816,216,0.2647058823529412
BBH,discovery,validation,379,1074,256,0.2383612662942272,816,158,0.19362745098039216
BBH,discovery,validation,380,1074,278,0.25884543761638734,816,173,0.21200980392156862
BBH,discovery,validation,381,1074,280,0.260707635009311,816,198,0.2426470588235294
BBH,discovery,validation,382,1074,313,0.2914338919925512,816,209,0.25612745098039214
BBH,discovery,validation,383,1074,258,0.24022346368715083,816,187,0.22916666666666666
BBH,discovery,validation,384,1074,241,0.22439478584729983,816,173,0.21200980392156862
BBH,discovery,validation,385,1074,274,0.25512104283054005,816,164,0.20098039215686275
BBH,discovery,validation,386,1074,261,0.2430167597765363,816,190,0.23284313725490197
BBH,discovery,validation,387,1074,233,0.2169459962756052,816,204,0.25
BBH,discovery,validation,388,1074,278,0.25884543761638734,816,181,0.22181372549019607
BBH,discovery,validation,389,1074,263,0.24487895716945995,816,181,0.22181372549019607
BBH,discovery,validation,390,1074,271,0.25232774674115455,816,203,0.24877450980392157
BBH,discovery,validation,391,1074,271,0.25232774674115455,816,223,0.27328431372549017
BBH,discovery,validation,392,1074,279,0.25977653631284914,816,212,0.25980392156862747
BBH,discovery,validation,393,1074,259,0.24115456238361266,816,190,0.23284313725490197
BBH,discovery,validation,394,1074,329,0.3063314711359404,816,167,0.20465686274509803
BBH,discovery,validation,395,1074,262,0.24394785847299813,816,153,0.1875
BBH,discovery,validation,396,1074,235,0.21880819366852886,816,181,0.22181372549019607
BBH,discovery,validation,397,1074,234,0.21787709497206703,816,168,0.20588235294117646
BBH,discovery,validation,398,1074,261,0.2430167597765363,816,174,0.21323529411764705
BBH,discovery,validation,399,1074,293,0.27281191806331473,816,174,0.21323529411764705
BBH,discovery,validation,400,1074,271,0.25232774674115455,816,179,0.2193627450980392
BBH,discovery,validation,401,1074,249,0.23184357541899442,816,159,0.1948529411764706
BBH,discovery,validation,402,1074,247,0.22998137802607077,816,175,0.21446078431372548
BBH,discovery,validation,403,1074,269,0.2504655493482309,816,191,0.2340686274509804
BBH,discovery,validation,404,1074,280,0.260707635009311,816,162,0.19852941176470587
BBH,discovery,validation,405,1074,234,0.21787709497206703,816,169,0.20710784313725492
BBH,discovery,validation,406,1074,257,0.239292364990689,816,180,0.22058823529411764
BBH,discovery,validation,407,1074,244,0.2271880819366853,816,196,0.24019607843137256
BBH,discovery,validation,408,1074,264,0.24581005586592178,816,202,0.24754901960784315
BBH,discovery,validation,409,1074,274,0.25512104283054005,816,169,0.20710784313725492
BBH,discovery,validation,410,1074,281,0.2616387337057728,816,185,0.2267156862745098
BBH,discovery,validation,411,1074,272,0.2532588454376164,816,217,0.2659313725490196
BBH,discovery,validation,412,1074,330,0.30726256983240224,816,181,0.22181372549019607
BBH,discovery,validation,413,1074,282,0.26256983240223464,816,170,0.20833333333333334
BBH,discovery,validation,414,1074,306,0.2849162011173184,816,190,0.23284313725490197
BBH,discovery,validation,415,1074,262,0.24394785847299813,816,202,0.24754901960784315
BBH,discovery,validation,416,1074,255,0.23743016759776536,816,182,0.22303921568627452
BBH,discovery,validation,417,1074,282,0.26256983240223464,816,195,0.23897058823529413
BBH,discovery,validation,418,1074,251,0.23370577281191807,816,163,0.19975490196078433
BBH,discovery,validation,419,1074,270,0.25139664804469275,816,200,0.24509803921568626
BBH,discovery,validation,420,1074,257,0.239292364990689,816,145,0.17769607843137256
BBH,discovery,validation,421,1074,235,0.21880819366852886,816,184,0.22549019607843138
BBH,discovery,validation,422,1074,247,0.22998137802607077,816,174,0.21323529411764705
BBH,discovery,validation,423,1074,278,0.25884543761638734,816,202,0.24754901960784315
BBH,discovery,validation,424,1074,274,0.25512104283054005,816,219,0.26838235294117646
BBH,discovery,validation,425,1074,268,0.24953445065176907,816,183,0.22426470588235295
BBH,discovery,validation,426,1074,253,0.23556797020484171,816,184,0.22549019607843138
BBH,discovery,validation,427,1074,269,0.2504655493482309,816,155,0.18995098039215685
BBH,discovery,validation,428,1074,273,0.2541899441340782,816,196,0.24019607843137256
BBH,discovery,validation,429,1074,256,0.2383612662942272,816,189,0.23161764705882354
BBH,discovery,validation,430,1074,288,0.2681564245810056,816,205,0.2512254901960784
BBH,discovery,validation,431,1074,260,0.24208566108007448,816,155,0.18995098039215685
BBH,discovery,validation,432,1074,280,0.260707635009311,816,207,0.2536764705882353
BBH,discovery,validation,433,1074,294,0.2737430167597765,816,189,0.23161764705882354
BBH,discovery,validation,434,1074,273,0.2541899441340782,816,220,0.2696078431372549
BBH,discovery,validation,435,1074,285,0.26536312849162014,816,157,0.19240196078431374
BBH,discovery,validation,436,1074,260,0.24208566108007448,816,163,0.19975490196078433
BBH,discovery,validation,437,1074,264,0.24581005586592178,816,235,0.28799019607843135
BBH,discovery,validation,438,1074,280,0.260707635009311,816,172,0.2107843137254902
BBH,discovery,validation,439,1074,250,0.23277467411545624,816,207,0.2536764705882353
BBH,discovery,validation,440,1074,304,0.28305400372439476,816,186,0.22794117647058823
BBH,discovery,validation,441,1074,298,0.2774674115456238,816,176,0.21568627450980393
BBH,discovery,validation,442,1074,287,0.2672253258845438,816,178,0.2181372549019608
BBH,discovery,validation,443,1074,301,0.2802607076350093,816,205,0.2512254901960784
BBH,discovery,validation,444,1074,249,0.23184357541899442,816,149,0.18259803921568626
BBH,discovery,validation,445,1074,278,0.25884543761638734,816,208,0.2549019607843137
BBH,discovery,validation,446,1074,263,0.24487895716945995,816,179,0.2193627450980392
BBH,discovery,validation,447,1074,284,0.2644320297951583,816,198,0.2426470588235294
BBH,discovery,validation,448,1074,277,0.2579143389199255,816,175,0.21446078431372548
BBH,discovery,validation,449,1074,277,0.2579143389199255,816,181,0.22181372549019607
BBH,discovery,validation,450,1074,234,0.21787709497206703,816,171,0.20955882352941177
BBH,discovery,validation,451,1074,279,0.25977653631284914,816,213,0.2610294117647059
BBH,discovery,validation,452,1074,283,0.2635009310986965,816,193,0.23651960784313725
BBH,discovery,validation,453,1074,321,0.2988826815642458,816,185,0.2267156862745098
BBH,discovery,validation,454,1074,275,0.25605214152700184,816,219,0.26838235294117646
BBH,discovery,validation,455,1074,309,0.2877094972067039,816,177,0.21691176470588236
BBH,discovery,validation,456,1074,244,0.2271880819366853,816,165,0.20220588235294118
BBH,discovery,validation,457,1074,285,0.26536312849162014,816,210,0.25735294117647056
BBH,discovery,validation,458,1074,308,0.28677839851024206,816,209,0.25612745098039214
BBH,discovery,validation,459,1074,279,0.25977653631284914,816,168,0.20588235294117646
BBH,discovery,validation,460,1074,274,0.25512104283054005,816,185,0.2267156862745098
BBH,discovery,validation,461,1074,244,0.2271880819366853,816,185,0.2267156862745098
BBH,discovery,validation,462,1074,297,0.276536312849162,816,178,0.2181372549019608
BBH,discovery,validation,463,1074,272,0.2532588454376164,816,204,0.25
BBH,discovery,validation,464,1074,284,0.2644320297951583,816,190,0.23284313725490197
BBH,discovery,validation,465,1074,288,0.2681564245810056,816,198,0.2426470588235294
BBH,discovery,validation,466,1074,229,0.2132216014897579,816,150,0.18382352941176472
BBH,discovery,validation,467,1074,289,0.26908752327746743,816,167,0.20465686274509803
BBH,discovery,validation,468,1074,276,0.2569832402234637,816,188,0.23039215686274508
BBH,discovery,validation,469,1074,220,0.2048417132216015,816,184,0.22549019607843138
BBH,discovery,validation,470,1074,253,0.23556797020484171,816,178,0.2181372549019608
BBH,discovery,validation,471,1074,255,0.23743016759776536,816,201,0.24632352941176472
BBH,discovery,validation,472,1074,305,0.2839851024208566,816,172,0.2107843137254902
BBH,discovery,validation,473,1074,262,0.24394785847299813,816,175,0.21446078431372548
BBH,discovery,validation,474,1074,238,0.22160148975791433,816,183,0.22426470588235295
BBH,discovery,validation,475,1074,256,0.2383612662942272,816,177,0.21691176470588236
BBH,discovery,validation,476,1074,315,0.29329608938547486,816,182,0.22303921568627452
BBH,discovery,validation,477,1074,287,0.2672253258845438,816,166,0.2034313725490196
BBH,discovery,validation,478,1074,258,0.24022346368715083,816,176,0.21568627450980393
BBH,discovery,validation,479,1074,282,0.26256983240223464,816,188,0.23039215686274508
BBH,discovery,validation,480,1074,298,0.2774674115456238,816,180,0.22058823529411764
BBH,discovery,validation,481,1074,234,0.21787709497206703,816,176,0.21568627450980393
BBH,discovery,validation,482,1074,266,0.24767225325884543,816,181,0.22181372549019607
BBH,discovery,validation,483,1074,259,0.24115456238361266,816,189,0.23161764705882354
BBH,discovery,validation,484,1074,256,0.2383612662942272,816,180,0.22058823529411764
BBH,discovery,validation,485,1074,263,0.24487895716945995,816,158,0.19362745098039216
BBH,discovery,validation,486,1074,268,0.24953445065176907,816,200,0.24509803921568626
BBH,discovery,validation,487,1074,255,0.23743016759776536,816,229,0.2806372549019608
BBH,discovery,validation,488,1074,261,0.2430167597765363,816,183,0.22426470588235295
BBH,discovery,validation,489,1074,273,0.2541899441340782,816,170,0.20833333333333334
BBH,discovery,validation,490,1074,309,0.2877094972067039,816,201,0.24632352941176472
BBH,discovery,validation,491,1074,268,0.24953445065176907,816,195,0.23897058823529413
BBH,discovery,validation,492,1074,314,0.29236499068901306,816,217,0.2659313725490196
BBH,discovery,validation,493,1074,290,0.27001862197392923,816,181,0.22181372549019607
BBH,discovery,validation,494,1074,282,0.26256983240223464,816,213,0.2610294117647059
BBH,discovery,validation,495,1074,294,0.2737430167597765,816,183,0.22426470588235295
BBH,discovery,validation,496,1074,229,0.2132216014897579,816,193,0.23651960784313725
BBH,discovery,validation,497,1074,296,0.2756052141527002,816,163,0.19975490196078433
BBH,discovery,validation,498,1074,277,0.2579143389199255,816,171,0.20955882352941177
BBH,discovery,validation,499,1074,234,0.21787709497206703,816,177,0.21691176470588236
BBH,discovery,validation,500,1074,264,0.24581005586592178,816,188,0.23039215686274508
BBH,discovery,validation,501,1074,274,0.25512104283054005,816,196,0.24019607843137256
BBH,discovery,validation,502,1074,260,0.24208566108007448,816,169,0.20710784313725492
BBH,discovery,validation,503,1074,274,0.25512104283054005,816,205,0.2512254901960784
BBH,discovery,validation,504,1074,265,0.2467411545623836,816,179,0.2193627450980392
BBH,discovery,validation,505,1074,234,0.21787709497206703,816,184,0.22549019607843138
BBH,discovery,validation,506,1074,215,0.20018621973929238,816,166,0.2034313725490196
BBH,discovery,validation,507,1074,259,0.24115456238361266,816,181,0.22181372549019607
BBH,discovery,validation,508,1074,273,0.2541899441340782,816,204,0.25
BBH,discovery,validation,509,1074,299,0.2783985102420857,816,194,0.23774509803921567
BBH,discovery,validation,510,1074,265,0.2467411545623836,816,184,0.22549019607843138
BBH,discovery,validation,511,1074,288,0.2681564245810056,816,169,0.20710784313725492
BBH,discovery,validation,512,1074,235,0.21880819366852886,816,172,0.2107843137254902
BBH,discovery,validation,513,1074,308,0.28677839851024206,816,249,0.30514705882352944
BBH,discovery,validation,514,1074,245,0.22811918063314712,816,182,0.22303921568627452
BBH,discovery,validation,515,1074,252,0.2346368715083799,816,193,0.23651960784313725
BBH,discovery,validation,516,1074,288,0.2681564245810056,816,198,0.2426470588235294
BBH,discovery,validation,517,1074,261,0.2430167597765363,816,149,0.18259803921568626
BBH,discovery,validation,518,1074,255,0.23743016759776536,816,197,0.24142156862745098
BBH,discovery,validation,519,1074,249,0.23184357541899442,816,220,0.2696078431372549
BBH,discovery,validation,520,1074,271,0.25232774674115455,816,180,0.22058823529411764
BBH,discovery,validation,521,1074,256,0.2383612662942272,816,185,0.2267156862745098
BBH,discovery,validation,522,1074,257,0.239292364990689,816,191,0.2340686274509804
BBH,discovery,validation,523,1074,248,0.2309124767225326,816,167,0.20465686274509803
BBH,discovery,validation,524,1074,345,0.32122905027932963,816,197,0.24142156862745098
BBH,discovery,validation,525,1074,238,0.22160148975791433,816,166,0.2034313725490196
BBH,discovery,validation,526,1074,311,0.28957169459962756,816,209,0.25612745098039214
BBH,discovery,validation,527,1074,283,0.2635009310986965,816,244,0.29901960784313725
BBH,discovery,validation,528,1074,234,0.21787709497206703,816,177,0.21691176470588236
BBH,discovery,validation,529,1074,266,0.24767225325884543,816,180,0.22058823529411764
BBH,discovery,validation,530,1074,262,0.24394785847299813,816,175,0.21446078431372548
BBH,discovery,validation,531,1074,252,0.2346368715083799,816,176,0.21568627450980393
BBH,discovery,validation,532,1074,242,0.22532588454376165,816,181,0.22181372549019607
BBH,discovery,validation,533,1074,308,0.28677839851024206,816,193,0.23651960784313725
BBH,discovery,validation,534,1074,286,0.26629422718808193,816,162,0.19852941176470587
BBH,discovery,validation,535,1074,302,0.2811918063314711,816,220,0.2696078431372549
BBH,discovery,validation,536,1074,223,0.20763500931098697,816,166,0.2034313725490196
BBH,discovery,validation,537,1074,273,0.2541899441340782,816,208,0.2549019607843137
BBH,discovery,validation,538,1074,248,0.2309124767225326,816,190,0.23284313725490197
BBH,discovery,validation,539,1074,276,0.2569832402234637,816,179,0.2193627450980392
BBH,discovery,validation,540,1074,244,0.2271880819366853,816,182,0.22303921568627452
BBH,discovery,validation,541,1074,265,0.2467411545623836,816,185,0.2267156862745098
BBH,discovery,validation,542,1074,283,0.2635009310986965,816,181,0.22181372549019607
BBH,discovery,validation,543,1074,260,0.24208566108007448,816,181,0.22181372549019607
BBH,discovery,validation,544,1074,298,0.2774674115456238,816,199,0.24387254901960784
BBH,discovery,validation,545,1074,249,0.23184357541899442,816,173,0.21200980392156862
BBH,discovery,validation,546,1074,326,0.30353817504655495,816,202,0.24754901960784315
BBH,discovery,validation,547,1074,254,0.23649906890130354,816,193,0.23651960784313725
BBH,discovery,validation,548,1074,238,0.22160148975791433,816,195,0.23897058823529413
BBH,discovery,validation,549,1074,294,0.2737430167597765,816,220,0.2696078431372549
BBH,discovery,validation,550,1074,236,0.21973929236499068,816,173,0.21200980392156862
BBH,discovery,validation,551,1074,237,0.2206703910614525,816,178,0.2181372549019608
BBH,discovery,validation,552,1074,252,0.2346368715083799,816,182,0.22303921568627452
BBH,discovery,validation,553,1074,312,0.2905027932960894,816,154,0.18872549019607843
BBH,discovery,validation,554,1074,248,0.2309124767225326,816,161,0.19730392156862744
BBH,discovery,validation,555,1074,263,0.24487895716945995,816,183,0.22426470588235295
BBH,discovery,validation,556,1074,287,0.2672253258845438,816,211,0.25857843137254904
BBH,discovery,validation,557,1074,301,0.2802607076350093,816,194,0.23774509803921567
BBH,discovery,validation,558,1074,294,0.2737430167597765,816,204,0.25
BBH,discovery,validation,559,1074,277,0.2579143389199255,816,188,0.23039215686274508
BBH,discovery,validation,560,1074,270,0.25139664804469275,816,201,0.24632352941176472
BBH,discovery,validation,561,1074,301,0.2802607076350093,816,184,0.22549019607843138
BBH,discovery,validation,562,1074,270,0.25139664804469275,816,196,0.24019607843137256
BBH,discovery,validation,563,1074,246,0.22905027932960895,816,170,0.20833333333333334
BBH,discovery,validation,564,1074,244,0.2271880819366853,816,186,0.22794117647058823
BBH,discovery,validation,565,1074,284,0.2644320297951583,816,177,0.21691176470588236
BBH,discovery,validation,566,1074,262,0.24394785847299813,816,203,0.24877450980392157
BBH,discovery,validation,567,1074,263,0.24487895716945995,816,162,0.19852941176470587
BBH,discovery,validation,568,1074,263,0.24487895716945995,816,170,0.20833333333333334
BBH,discovery,validation,569,1074,276,0.2569832402234637,816,173,0.21200980392156862
BBH,discovery,validation,570,1074,275,0.25605214152700184,816,192,0.23529411764705882
BBH,discovery,validation,571,1074,312,0.2905027932960894,816,201,0.24632352941176472
BBH,discovery,validation,572,1074,284,0.2644320297951583,816,188,0.23039215686274508
BBH,discovery,validation,573,1074,266,0.24767225325884543,816,199,0.24387254901960784
BBH,discovery,validation,574,1074,285,0.26536312849162014,816,159,0.1948529411764706
BBH,discovery,validation,575,1074,264,0.24581005586592178,816,184,0.22549019607843138
BBH,discovery,validation,576,1074,334,0.31098696461824954,816,166,0.2034313725490196
BBH,discovery,validation,577,1074,268,0.24953445065176907,816,189,0.23161764705882354
BBH,discovery,validation,578,1074,285,0.26536312849162014,816,201,0.24632352941176472
BBH,discovery,validation,579,1074,250,0.23277467411545624,816,158,0.19362745098039216
BBH,discovery,validation,580,1074,240,0.22346368715083798,816,151,0.18504901960784315
BBH,discovery,validation,581,1074,292,0.2718808193668529,816,206,0.25245098039215685
BBH,discovery,validation,582,1074,279,0.25977653631284914,816,187,0.22916666666666666
BBH,discovery,validation,583,1074,272,0.2532588454376164,816,166,0.2034313725490196
BBH,discovery,validation,584,1074,308,0.28677839851024206,816,186,0.22794117647058823
BBH,discovery,validation,585,1074,294,0.2737430167597765,816,203,0.24877450980392157
BBH,discovery,validation,586,1074,296,0.2756052141527002,816,220,0.2696078431372549
BBH,discovery,validation,587,1074,278,0.25884543761638734,816,186,0.22794117647058823
BBH,discovery,validation,588,1074,261,0.2430167597765363,816,160,0.19607843137254902
BBH,discovery,validation,589,1074,244,0.2271880819366853,816,180,0.22058823529411764
BBH,discovery,validation,590,1074,268,0.24953445065176907,816,181,0.22181372549019607
BBH,discovery,validation,591,1074,247,0.22998137802607077,816,208,0.2549019607843137
BBH,discovery,validation,592,1074,275,0.25605214152700184,816,164,0.20098039215686275
BBH,discovery,validation,593,1074,303,0.28212290502793297,816,177,0.21691176470588236
BBH,discovery,validation,594,1074,298,0.2774674115456238,816,178,0.2181372549019608
BBH,discovery,validation,595,1074,293,0.27281191806331473,816,181,0.22181372549019607
BBH,discovery,validation,596,1074,299,0.2783985102420857,816,174,0.21323529411764705
BBH,discovery,validation,597,1074,261,0.2430167597765363,816,190,0.23284313725490197
BBH,discovery,validation,598,1074,249,0.23184357541899442,816,168,0.20588235294117646
BBH,discovery,validation,599,1074,243,0.22625698324022347,816,200,0.24509803921568626
BBH,discovery,validation,600,1074,241,0.22439478584729983,816,159,0.1948529411764706
BBH,discovery,validation,601,1074,292,0.2718808193668529,816,180,0.22058823529411764
BBH,discovery,validation,602,1074,291,0.2709497206703911,816,163,0.19975490196078433
BBH,discovery,validation,603,1074,265,0.2467411545623836,816,181,0.22181372549019607
BBH,discovery,validation,604,1074,282,0.26256983240223464,816,213,0.2610294117647059
BBH,discovery,validation,605,1074,267,0.24860335195530725,816,199,0.24387254901960784
BBH,discovery,validation,606,1074,300,0.27932960893854747,816,172,0.2107843137254902
BBH,discovery,validation,607,1074,241,0.22439478584729983,816,171,0.20955882352941177
BBH,discovery,validation,608,1074,284,0.2644320297951583,816,163,0.19975490196078433
BBH,discovery,validation,609,1074,304,0.28305400372439476,816,196,0.24019607843137256
BBH,discovery,validation,610,1074,294,0.2737430167597765,816,200,0.24509803921568626
BBH,discovery,validation,611,1074,292,0.2718808193668529,816,188,0.23039215686274508
BBH,discovery,validation,612,1074,233,0.2169459962756052,816,176,0.21568627450980393
BBH,discovery,validation,613,1074,322,0.29981378026070765,816,225,0.2757352941176471
BBH,discovery,validation,614,1074,234,0.21787709497206703,816,146,0.17892156862745098
BBH,discovery,validation,615,1074,277,0.2579143389199255,816,179,0.2193627450980392
BBH,discovery,validation,616,1074,268,0.24953445065176907,816,158,0.19362745098039216
BBH,discovery,validation,617,1074,326,0.30353817504655495,816,199,0.24387254901960784
BBH,discovery,validation,618,1074,264,0.24581005586592178,816,171,0.20955882352941177
BBH,discovery,validation,619,1074,273,0.2541899441340782,816,200,0.24509803921568626
BBH,discovery,validation,620,1074,245,0.22811918063314712,816,175,0.21446078431372548
BBH,discovery,validation,621,1074,281,0.2616387337057728,816,196,0.24019607843137256
BBH,discovery,validation,622,1074,221,0.20577281191806332,816,174,0.21323529411764705
BBH,discovery,validation,623,1074,269,0.2504655493482309,816,212,0.25980392156862747
BBH,discovery,validation,624,1074,266,0.24767225325884543,816,195,0.23897058823529413
BBH,discovery,validation,625,1074,324,0.3016759776536313,816,196,0.24019607843137256
BBH,discovery,validation,626,1074,245,0.22811918063314712,816,180,0.22058823529411764
BBH,discovery,validation,627,1074,262,0.24394785847299813,816,174,0.21323529411764705
BBH,discovery,validation,628,1074,285,0.26536312849162014,816,210,0.25735294117647056
BBH,discovery,validation,629,1074,253,0.23556797020484171,816,172,0.2107843137254902
BBH,discovery,validation,630,1074,265,0.2467411545623836,816,169,0.20710784313725492
BBH,discovery,validation,631,1074,314,0.29236499068901306,816,201,0.24632352941176472
BBH,discovery,validation,632,1074,294,0.2737430167597765,816,197,0.24142156862745098
BBH,discovery,validation,633,1074,255,0.23743016759776536,816,188,0.23039215686274508
BBH,discovery,validation,634,1074,294,0.2737430167597765,816,165,0.20220588235294118
BBH,discovery,validation,635,1074,254,0.23649906890130354,816,194,0.23774509803921567
BBH,discovery,validation,636,1074,294,0.2737430167597765,816,207,0.2536764705882353
BBH,discovery,validation,637,1074,214,0.19925512104283055,816,133,0.16299019607843138
BBH,discovery,validation,638,1074,247,0.22998137802607077,816,148,0.18137254901960784
BBH,discovery,validation,639,1074,279,0.25977653631284914,816,189,0.23161764705882354
BBH,discovery,validation,640,1074,290,0.27001862197392923,816,180,0.22058823529411764
BBH,discovery,validation,641,1074,246,0.22905027932960895,816,158,0.19362745098039216
BBH,discovery,validation,642,1074,301,0.2802607076350093,816,208,0.2549019607843137
BBH,discovery,validation,643,1074,296,0.2756052141527002,816,191,0.2340686274509804
BBH,discovery,validation,644,1074,270,0.25139664804469275,816,218,0.26715686274509803
BBH,discovery,validation,645,1074,236,0.21973929236499068,816,169,0.20710784313725492
BBH,discovery,validation,646,1074,280,0.260707635009311,816,187,0.22916666666666666
BBH,discovery,validation,647,1074,256,0.2383612662942272,816,185,0.2267156862745098
BBH,discovery,validation,648,1074,320,0.297951582867784,816,203,0.24877450980392157
BBH,discovery,validation,649,1074,294,0.2737430167597765,816,202,0.24754901960784315
BBH,discovery,validation,650,1074,244,0.2271880819366853,816,173,0.21200980392156862
BBH,discovery,validation,651,1074,322,0.29981378026070765,816,191,0.2340686274509804
BBH,discovery,validation,652,1074,280,0.260707635009311,816,215,0.26348039215686275
BBH,discovery,validation,653,1074,232,0.21601489757914338,816,186,0.22794117647058823
BBH,discovery,validation,654,1074,264,0.24581005586592178,816,200,0.24509803921568626
BBH,discovery,validation,655,1074,276,0.2569832402234637,816,172,0.2107843137254902
BBH,discovery,validation,656,1074,272,0.2532588454376164,816,172,0.2107843137254902
BBH,discovery,validation,657,1074,249,0.23184357541899442,816,210,0.25735294117647056
BBH,discovery,validation,658,1074,295,0.2746741154562384,816,188,0.23039215686274508
BBH,discovery,validation,659,1074,258,0.24022346368715083,816,193,0.23651960784313725
BBH,discovery,validation,660,1074,317,0.2951582867783985,816,202,0.24754901960784315
BBH,discovery,validation,661,1074,277,0.2579143389199255,816,208,0.2549019607843137
BBH,discovery,validation,662,1074,259,0.24115456238361266,816,176,0.21568627450980393
BBH,discovery,validation,663,1074,262,0.24394785847299813,816,153,0.1875
BBH,discovery,validation,664,1074,219,0.20391061452513967,816,138,0.16911764705882354
BBH,discovery,validation,665,1074,242,0.22532588454376165,816,175,0.21446078431372548
BBH,discovery,validation,666,1074,249,0.23184357541899442,816,176,0.21568627450980393
BBH,discovery,validation,667,1074,236,0.21973929236499068,816,163,0.19975490196078433
BBH,discovery,validation,668,1074,261,0.2430167597765363,816,171,0.20955882352941177
BBH,discovery,validation,669,1074,298,0.2774674115456238,816,173,0.21200980392156862
BBH,discovery,validation,670,1074,259,0.24115456238361266,816,158,0.19362745098039216
BBH,discovery,validation,671,1074,282,0.26256983240223464,816,229,0.2806372549019608
BBH,discovery,validation,672,1074,283,0.2635009310986965,816,195,0.23897058823529413
BBH,discovery,validation,673,1074,265,0.2467411545623836,816,190,0.23284313725490197
BBH,discovery,validation,674,1074,345,0.32122905027932963,816,212,0.25980392156862747
BBH,discovery,validation,675,1074,249,0.23184357541899442,816,203,0.24877450980392157
BBH,discovery,validation,676,1074,288,0.2681564245810056,816,192,0.23529411764705882
BBH,discovery,validation,677,1074,314,0.29236499068901306,816,163,0.19975490196078433
BBH,discovery,validation,678,1074,255,0.23743016759776536,816,170,0.20833333333333334
BBH,discovery,validation,679,1074,284,0.2644320297951583,816,175,0.21446078431372548
BBH,discovery,validation,680,1074,247,0.22998137802607077,816,176,0.21568627450980393
BBH,discovery,validation,681,1074,275,0.25605214152700184,816,201,0.24632352941176472
BBH,discovery,validation,682,1074,269,0.2504655493482309,816,196,0.24019607843137256
BBH,discovery,validation,683,1074,266,0.24767225325884543,816,213,0.2610294117647059
BBH,discovery,validation,684,1074,277,0.2579143389199255,816,183,0.22426470588235295
BBH,discovery,validation,685,1074,271,0.25232774674115455,816,149,0.18259803921568626
BBH,discovery,validation,686,1074,246,0.22905027932960895,816,169,0.20710784313725492
BBH,discovery,validation,687,1074,296,0.2756052141527002,816,194,0.23774509803921567
BBH,discovery,validation,688,1074,265,0.2467411545623836,816,188,0.23039215686274508
BBH,discovery,validation,689,1074,266,0.24767225325884543,816,192,0.23529411764705882
BBH,discovery,validation,690,1074,348,0.3240223463687151,816,199,0.24387254901960784
BBH,discovery,validation,691,1074,282,0.26256983240223464,816,195,0.23897058823529413
BBH,discovery,validation,692,1074,219,0.20391061452513967,816,160,0.19607843137254902
BBH,discovery,validation,693,1074,344,0.3202979515828678,816,236,0.28921568627450983
BBH,discovery,validation,694,1074,259,0.24115456238361266,816,193,0.23651960784313725
BBH,discovery,validation,695,1074,295,0.2746741154562384,816,193,0.23651960784313725
BBH,discovery,validation,696,1074,269,0.2504655493482309,816,194,0.23774509803921567
BBH,discovery,validation,697,1074,275,0.25605214152700184,816,192,0.23529411764705882
BBH,discovery,validation,698,1074,270,0.25139664804469275,816,173,0.21200980392156862
BBH,discovery,validation,699,1074,281,0.2616387337057728,816,170,0.20833333333333334
BBH,discovery,validation,700,1074,269,0.2504655493482309,816,160,0.19607843137254902
BBH,discovery,validation,701,1074,244,0.2271880819366853,816,165,0.20220588235294118
BBH,discovery,validation,702,1074,265,0.2467411545623836,816,193,0.23651960784313725
BBH,discovery,validation,703,1074,268,0.24953445065176907,816,175,0.21446078431372548
BBH,discovery,validation,704,1074,313,0.2914338919925512,816,166,0.2034313725490196
BBH,discovery,validation,705,1074,284,0.2644320297951583,816,185,0.2267156862745098
BBH,discovery,validation,706,1074,303,0.28212290502793297,816,202,0.24754901960784315
BBH,discovery,validation,707,1074,263,0.24487895716945995,816,188,0.23039215686274508
BBH,discovery,validation,708,1074,267,0.24860335195530725,816,175,0.21446078431372548
BBH,discovery,validation,709,1074,285,0.26536312849162014,816,210,0.25735294117647056
BBH,discovery,validation,710,1074,297,0.276536312849162,816,188,0.23039215686274508
BBH,discovery,validation,711,1074,275,0.25605214152700184,816,179,0.2193627450980392
BBH,discovery,validation,712,1074,281,0.2616387337057728,816,212,0.25980392156862747
BBH,discovery,validation,713,1074,272,0.2532588454376164,816,204,0.25
BBH,discovery,validation,714,1074,227,0.21135940409683426,816,193,0.23651960784313725
BBH,discovery,validation,715,1074,299,0.2783985102420857,816,182,0.22303921568627452
BBH,discovery,validation,716,1074,308,0.28677839851024206,816,198,0.2426470588235294
BBH,discovery,validation,717,1074,273,0.2541899441340782,816,204,0.25
BBH,discovery,validation,718,1074,296,0.2756052141527002,816,185,0.2267156862745098
BBH,discovery,validation,719,1074,242,0.22532588454376165,816,181,0.22181372549019607
BBH,discovery,validation,720,1074,259,0.24115456238361266,816,208,0.2549019607843137
BBH,discovery,validation,721,1074,316,0.2942271880819367,816,206,0.25245098039215685
BBH,discovery,validation,722,1074,292,0.2718808193668529,816,237,0.29044117647058826
BBH,discovery,validation,723,1074,305,0.2839851024208566,816,177,0.21691176470588236
BBH,discovery,validation,724,1074,282,0.26256983240223464,816,205,0.2512254901960784
BBH,discovery,validation,725,1074,280,0.260707635009311,816,173,0.21200980392156862
BBH,discovery,validation,726,1074,295,0.2746741154562384,816,173,0.21200980392156862
BBH,discovery,validation,727,1074,273,0.2541899441340782,816,177,0.21691176470588236
BBH,discovery,validation,728,1074,286,0.26629422718808193,816,183,0.22426470588235295
BBH,discovery,validation,729,1074,269,0.2504655493482309,816,185,0.2267156862745098
BBH,discovery,validation,730,1074,260,0.24208566108007448,816,193,0.23651960784313725
BBH,discovery,validation,731,1074,293,0.27281191806331473,816,154,0.18872549019607843
BBH,discovery,validation,732,1074,264,0.24581005586592178,816,220,0.2696078431372549
BBH,discovery,validation,733,1074,300,0.27932960893854747,816,152,0.18627450980392157
BBH,discovery,validation,734,1074,272,0.2532588454376164,816,188,0.23039215686274508
BBH,discovery,validation,735,1074,299,0.2783985102420857,816,177,0.21691176470588236
BBH,discovery,validation,736,1074,261,0.2430167597765363,816,222,0.27205882352941174
BBH,discovery,validation,737,1074,274,0.25512104283054005,816,165,0.20220588235294118
BBH,discovery,validation,738,1074,285,0.26536312849162014,816,185,0.2267156862745098
BBH,discovery,validation,739,1074,274,0.25512104283054005,816,204,0.25
BBH,discovery,validation,740,1074,271,0.25232774674115455,816,171,0.20955882352941177
BBH,discovery,validation,741,1074,300,0.27932960893854747,816,212,0.25980392156862747
BBH,discovery,validation,742,1074,269,0.2504655493482309,816,180,0.22058823529411764
BBH,discovery,validation,743,1074,254,0.23649906890130354,816,175,0.21446078431372548
BBH,discovery,validation,744,1074,261,0.2430167597765363,816,155,0.18995098039215685
BBH,discovery,validation,745,1074,256,0.2383612662942272,816,177,0.21691176470588236
BBH,discovery,validation,746,1074,288,0.2681564245810056,816,174,0.21323529411764705
BBH,discovery,validation,747,1074,240,0.22346368715083798,816,210,0.25735294117647056
BBH,discovery,validation,748,1074,265,0.2467411545623836,816,198,0.2426470588235294
BBH,discovery,validation,749,1074,277,0.2579143389199255,816,179,0.2193627450980392
BBH,discovery,validation,750,1074,252,0.2346368715083799,816,167,0.20465686274509803
BBH,discovery,validation,751,1074,265,0.2467411545623836,816,183,0.22426470588235295
BBH,discovery,validation,752,1074,301,0.2802607076350093,816,215,0.26348039215686275
BBH,discovery,validation,753,1074,255,0.23743016759776536,816,160,0.19607843137254902
BBH,discovery,validation,754,1074,275,0.25605214152700184,816,187,0.22916666666666666
BBH,discovery,validation,755,1074,246,0.22905027932960895,816,153,0.1875
BBH,discovery,validation,756,1074,263,0.24487895716945995,816,185,0.2267156862745098
BBH,discovery,validation,757,1074,342,0.31843575418994413,816,200,0.24509803921568626
BBH,discovery,validation,758,1074,276,0.2569832402234637,816,199,0.24387254901960784
BBH,discovery,validation,759,1074,282,0.26256983240223464,816,189,0.23161764705882354
BBH,discovery,validation,760,1074,280,0.260707635009311,816,186,0.22794117647058823
BBH,discovery,validation,761,1074,258,0.24022346368715083,816,195,0.23897058823529413
BBH,discovery,validation,762,1074,261,0.2430167597765363,816,192,0.23529411764705882
BBH,discovery,validation,763,1074,277,0.2579143389199255,816,191,0.2340686274509804
BBH,discovery,validation,764,1074,238,0.22160148975791433,816,160,0.19607843137254902
BBH,discovery,validation,765,1074,221,0.20577281191806332,816,166,0.2034313725490196
BBH,discovery,validation,766,1074,275,0.25605214152700184,816,168,0.20588235294117646
BBH,discovery,validation,767,1074,278,0.25884543761638734,816,217,0.2659313725490196
BBH,discovery,validation,768,1074,308,0.28677839851024206,816,215,0.26348039215686275
BBH,discovery,validation,769,1074,270,0.25139664804469275,816,176,0.21568627450980393
BBH,discovery,validation,770,1074,254,0.23649906890130354,816,154,0.18872549019607843
BBH,discovery,validation,771,1074,258,0.24022346368715083,816,169,0.20710784313725492
BBH,discovery,validation,772,1074,274,0.25512104283054005,816,160,0.19607843137254902
BBH,discovery,validation,773,1074,278,0.25884543761638734,816,185,0.2267156862745098
BBH,discovery,validation,774,1074,259,0.24115456238361266,816,241,0.29534313725490197
BBH,discovery,validation,775,1074,255,0.23743016759776536,816,152,0.18627450980392157
BBH,discovery,validation,776,1074,286,0.26629422718808193,816,169,0.20710784313725492
BBH,discovery,validation,777,1074,235,0.21880819366852886,816,173,0.21200980392156862
BBH,discovery,validation,778,1074,253,0.23556797020484171,816,171,0.20955882352941177
BBH,discovery,validation,779,1074,212,0.1973929236499069,816,140,0.1715686274509804
BBH,discovery,validation,780,1074,256,0.2383612662942272,816,179,0.2193627450980392
BBH,discovery,validation,781,1074,242,0.22532588454376165,816,189,0.23161764705882354
BBH,discovery,validation,782,1074,281,0.2616387337057728,816,202,0.24754901960784315
BBH,discovery,validation,783,1074,259,0.24115456238361266,816,168,0.20588235294117646
BBH,discovery,validation,784,1074,256,0.2383612662942272,816,168,0.20588235294117646
BBH,discovery,validation,785,1074,281,0.2616387337057728,816,186,0.22794117647058823
BBH,discovery,validation,786,1074,356,0.33147113594040967,816,169,0.20710784313725492
BBH,discovery,validation,787,1074,277,0.2579143389199255,816,199,0.24387254901960784
BBH,discovery,validation,788,1074,303,0.28212290502793297,816,184,0.22549019607843138
BBH,discovery,validation,789,1074,251,0.23370577281191807,816,154,0.18872549019607843
BBH,discovery,validation,790,1074,259,0.24115456238361266,816,163,0.19975490196078433
BBH,discovery,validation,791,1074,239,0.22253258845437615,816,174,0.21323529411764705
BBH,discovery,validation,792,1074,270,0.25139664804469275,816,187,0.22916666666666666
BBH,discovery,validation,793,1074,310,0.2886405959031657,816,208,0.2549019607843137
BBH,discovery,validation,794,1074,255,0.23743016759776536,816,147,0.1801470588235294
BBH,discovery,validation,795,1074,269,0.2504655493482309,816,161,0.19730392156862744
BBH,discovery,validation,796,1074,344,0.3202979515828678,816,196,0.24019607843137256
BBH,discovery,validation,797,1074,303,0.28212290502793297,816,204,0.25
BBH,discovery,validation,798,1074,305,0.2839851024208566,816,211,0.25857843137254904
BBH,discovery,validation,799,1074,255,0.23743016759776536,816,168,0.20588235294117646
BBH,discovery,validation,800,1074,268,0.24953445065176907,816,182,0.22303921568627452
BBH,discovery,validation,801,1074,234,0.21787709497206703,816,182,0.22303921568627452
BBH,discovery,validation,802,1074,231,0.21508379888268156,816,168,0.20588235294117646
BBH,discovery,validation,803,1074,271,0.25232774674115455,816,197,0.24142156862745098
BBH,discovery,validation,804,1074,248,0.2309124767225326,816,192,0.23529411764705882
BBH,discovery,validation,805,1074,214,0.19925512104283055,816,180,0.22058823529411764
BBH,discovery,validation,806,1074,267,0.24860335195530725,816,191,0.2340686274509804
BBH,discovery,validation,807,1074,279,0.25977653631284914,816,206,0.25245098039215685
BBH,discovery,validation,808,1074,261,0.2430167597765363,816,156,0.19117647058823528
BBH,discovery,validation,809,1074,325,0.3026070763500931,816,177,0.21691176470588236
BBH,discovery,validation,810,1074,265,0.2467411545623836,816,149,0.18259803921568626
BBH,discovery,validation,811,1074,279,0.25977653631284914,816,179,0.2193627450980392
BBH,discovery,validation,812,1074,299,0.2783985102420857,816,177,0.21691176470588236
BBH,discovery,validation,813,1074,275,0.25605214152700184,816,193,0.23651960784313725
BBH,discovery,validation,814,1074,309,0.2877094972067039,816,184,0.22549019607843138
BBH,discovery,validation,815,1074,291,0.2709497206703911,816,214,0.2622549019607843
BBH,discovery,validation,816,1074,264,0.24581005586592178,816,184,0.22549019607843138
BBH,discovery,validation,817,1074,254,0.23649906890130354,816,169,0.20710784313725492
BBH,discovery,validation,818,1074,253,0.23556797020484171,816,161,0.19730392156862744
BBH,discovery,validation,819,1074,264,0.24581005586592178,816,179,0.2193627450980392
BBH,discovery,validation,820,1074,288,0.2681564245810056,816,180,0.22058823529411764
BBH,discovery,validation,821,1074,211,0.19646182495344505,816,186,0.22794117647058823
BBH,discovery,validation,822,1074,259,0.24115456238361266,816,196,0.24019607843137256
BBH,discovery,validation,823,1074,290,0.27001862197392923,816,212,0.25980392156862747
BBH,discovery,validation,824,1074,286,0.26629422718808193,816,166,0.2034313725490196
BBH,discovery,validation,825,1074,273,0.2541899441340782,816,190,0.23284313725490197
BBH,discovery,validation,826,1074,286,0.26629422718808193,816,181,0.22181372549019607
BBH,discovery,validation,827,1074,295,0.2746741154562384,816,206,0.25245098039215685
BBH,discovery,validation,828,1074,219,0.20391061452513967,816,178,0.2181372549019608
BBH,discovery,validation,829,1074,316,0.2942271880819367,816,200,0.24509803921568626
BBH,discovery,validation,830,1074,282,0.26256983240223464,816,222,0.27205882352941174
BBH,discovery,validation,831,1074,256,0.2383612662942272,816,172,0.2107843137254902
BBH,discovery,validation,832,1074,285,0.26536312849162014,816,202,0.24754901960784315
BBH,discovery,validation,833,1074,264,0.24581005586592178,816,177,0.21691176470588236
BBH,discovery,validation,834,1074,280,0.260707635009311,816,204,0.25
BBH,discovery,validation,835,1074,304,0.28305400372439476,816,208,0.2549019607843137
BBH,discovery,validation,836,1074,273,0.2541899441340782,816,170,0.20833333333333334
BBH,discovery,validation,837,1074,276,0.2569832402234637,816,180,0.22058823529411764
BBH,discovery,validation,838,1074,282,0.26256983240223464,816,205,0.2512254901960784
BBH,discovery,validation,839,1074,283,0.2635009310986965,816,205,0.2512254901960784
BBH,discovery,validation,840,1074,267,0.24860335195530725,816,199,0.24387254901960784
BBH,discovery,validation,841,1074,251,0.23370577281191807,816,155,0.18995098039215685
BBH,discovery,validation,842,1074,266,0.24767225325884543,816,213,0.2610294117647059
BBH,discovery,validation,843,1074,254,0.23649906890130354,816,202,0.24754901960784315
BBH,discovery,validation,844,1074,298,0.2774674115456238,816,198,0.2426470588235294
BBH,discovery,validation,845,1074,280,0.260707635009311,816,177,0.21691176470588236
BBH,discovery,validation,846,1074,278,0.25884543761638734,816,179,0.2193627450980392
BBH,discovery,validation,847,1074,268,0.24953445065176907,816,178,0.2181372549019608
BBH,discovery,validation,848,1074,253,0.23556797020484171,816,184,0.22549019607843138
BBH,discovery,validation,849,1074,250,0.23277467411545624,816,190,0.23284313725490197
BBH,discovery,validation,850,1074,291,0.2709497206703911,816,162,0.19852941176470587
BBH,discovery,validation,851,1074,246,0.22905027932960895,816,137,0.16789215686274508
BBH,discovery,validation,852,1074,266,0.24767225325884543,816,159,0.1948529411764706
BBH,discovery,validation,853,1074,258,0.24022346368715083,816,209,0.25612745098039214
BBH,discovery,validation,854,1074,238,0.22160148975791433,816,187,0.22916666666666666
BBH,discovery,validation,855,1074,271,0.25232774674115455,816,195,0.23897058823529413
BBH,discovery,validation,856,1074,271,0.25232774674115455,816,186,0.22794117647058823
BBH,discovery,validation,857,1074,255,0.23743016759776536,816,211,0.25857843137254904
BBH,discovery,validation,858,1074,267,0.24860335195530725,816,166,0.2034313725490196
BBH,discovery,validation,859,1074,263,0.24487895716945995,816,208,0.2549019607843137
BBH,discovery,validation,860,1074,250,0.23277467411545624,816,176,0.21568627450980393
BBH,discovery,validation,861,1074,263,0.24487895716945995,816,208,0.2549019607843137
BBH,discovery,validation,862,1074,257,0.239292364990689,816,172,0.2107843137254902
BBH,discovery,validation,863,1074,291,0.2709497206703911,816,220,0.2696078431372549
BBH,discovery,validation,864,1074,279,0.25977653631284914,816,190,0.23284313725490197
BBH,discovery,validation,865,1074,239,0.22253258845437615,816,158,0.19362745098039216
BBH,discovery,validation,866,1074,248,0.2309124767225326,816,201,0.24632352941176472
BBH,discovery,validation,867,1074,269,0.2504655493482309,816,194,0.23774509803921567
BBH,discovery,validation,868,1074,278,0.25884543761638734,816,194,0.23774509803921567
BBH,discovery,validation,869,1074,263,0.24487895716945995,816,173,0.21200980392156862
BBH,discovery,validation,870,1074,260,0.24208566108007448,816,206,0.25245098039215685
BBH,discovery,validation,871,1074,284,0.2644320297951583,816,194,0.23774509803921567
BBH,discovery,validation,872,1074,295,0.2746741154562384,816,196,0.24019607843137256
BBH,discovery,validation,873,1074,324,0.3016759776536313,816,177,0.21691176470588236
BBH,discovery,validation,874,1074,301,0.2802607076350093,816,187,0.22916666666666666
BBH,discovery,validation,875,1074,267,0.24860335195530725,816,209,0.25612745098039214
BBH,discovery,validation,876,1074,276,0.2569832402234637,816,180,0.22058823529411764
BBH,discovery,validation,877,1074,283,0.2635009310986965,816,185,0.2267156862745098
BBH,discovery,validation,878,1074,267,0.24860335195530725,816,187,0.22916666666666666
BBH,discovery,validation,879,1074,242,0.22532588454376165,816,166,0.2034313725490196
BBH,discovery,validation,880,1074,247,0.22998137802607077,816,170,0.20833333333333334
BBH,discovery,validation,881,1074,272,0.2532588454376164,816,229,0.2806372549019608
BBH,discovery,validation,882,1074,241,0.22439478584729983,816,210,0.25735294117647056
BBH,discovery,validation,883,1074,222,0.20670391061452514,816,167,0.20465686274509803
BBH,discovery,validation,884,1074,284,0.2644320297951583,816,199,0.24387254901960784
BBH,discovery,validation,885,1074,279,0.25977653631284914,816,202,0.24754901960784315
BBH,discovery,validation,886,1074,236,0.21973929236499068,816,205,0.2512254901960784
BBH,discovery,validation,887,1074,283,0.2635009310986965,816,210,0.25735294117647056
BBH,discovery,validation,888,1074,274,0.25512104283054005,816,192,0.23529411764705882
BBH,discovery,validation,889,1074,262,0.24394785847299813,816,203,0.24877450980392157
BBH,discovery,validation,890,1074,253,0.23556797020484171,816,181,0.22181372549019607
BBH,discovery,validation,891,1074,282,0.26256983240223464,816,205,0.2512254901960784
BBH,discovery,validation,892,1074,259,0.24115456238361266,816,205,0.2512254901960784
BBH,discovery,validation,893,1074,273,0.2541899441340782,816,174,0.21323529411764705
BBH,discovery,validation,894,1074,252,0.2346368715083799,816,180,0.22058823529411764
BBH,discovery,validation,895,1074,245,0.22811918063314712,816,174,0.21323529411764705
BBH,discovery,validation,896,1074,247,0.22998137802607077,816,142,0.17401960784313725
BBH,discovery,validation,897,1074,275,0.25605214152700184,816,190,0.23284313725490197
BBH,discovery,validation,898,1074,247,0.22998137802607077,816,198,0.2426470588235294
BBH,discovery,validation,899,1074,268,0.24953445065176907,816,217,0.2659313725490196
BBH,discovery,validation,900,1074,279,0.25977653631284914,816,173,0.21200980392156862
BBH,discovery,validation,901,1074,258,0.24022346368715083,816,167,0.20465686274509803
BBH,discovery,validation,902,1074,244,0.2271880819366853,816,206,0.25245098039215685
BBH,discovery,validation,903,1074,274,0.25512104283054005,816,192,0.23529411764705882
BBH,discovery,validation,904,1074,254,0.23649906890130354,816,190,0.23284313725490197
BBH,discovery,validation,905,1074,294,0.2737430167597765,816,194,0.23774509803921567
BBH,discovery,validation,906,1074,280,0.260707635009311,816,183,0.22426470588235295
BBH,discovery,validation,907,1074,271,0.25232774674115455,816,185,0.2267156862745098
BBH,discovery,validation,908,1074,314,0.29236499068901306,816,181,0.22181372549019607
BBH,discovery,validation,909,1074,288,0.2681564245810056,816,205,0.2512254901960784
BBH,discovery,validation,910,1074,268,0.24953445065176907,816,151,0.18504901960784315
BBH,discovery,validation,911,1074,264,0.24581005586592178,816,167,0.20465686274509803
BBH,discovery,validation,912,1074,241,0.22439478584729983,816,198,0.2426470588235294
BBH,discovery,validation,913,1074,251,0.23370577281191807,816,189,0.23161764705882354
BBH,discovery,validation,914,1074,274,0.25512104283054005,816,188,0.23039215686274508
BBH,discovery,validation,915,1074,252,0.2346368715083799,816,180,0.22058823529411764
BBH,discovery,validation,916,1074,267,0.24860335195530725,816,158,0.19362745098039216
BBH,discovery,validation,917,1074,320,0.297951582867784,816,185,0.2267156862745098
BBH,discovery,validation,918,1074,343,0.319366852886406,816,169,0.20710784313725492
BBH,discovery,validation,919,1074,283,0.2635009310986965,816,168,0.20588235294117646
BBH,discovery,validation,920,1074,263,0.24487895716945995,816,188,0.23039215686274508
BBH,discovery,validation,921,1074,257,0.239292364990689,816,186,0.22794117647058823
BBH,discovery,validation,922,1074,308,0.28677839851024206,816,163,0.19975490196078433
BBH,discovery,validation,923,1074,258,0.24022346368715083,816,164,0.20098039215686275
BBH,discovery,validation,924,1074,256,0.2383612662942272,816,176,0.21568627450980393
BBH,discovery,validation,925,1074,268,0.24953445065176907,816,208,0.2549019607843137
BBH,discovery,validation,926,1074,234,0.21787709497206703,816,170,0.20833333333333334
BBH,discovery,validation,927,1074,299,0.2783985102420857,816,174,0.21323529411764705
BBH,discovery,validation,928,1074,268,0.24953445065176907,816,150,0.18382352941176472
BBH,discovery,validation,929,1074,309,0.2877094972067039,816,188,0.23039215686274508
BBH,discovery,validation,930,1074,262,0.24394785847299813,816,167,0.20465686274509803
BBH,discovery,validation,931,1074,235,0.21880819366852886,816,175,0.21446078431372548
BBH,discovery,validation,932,1074,262,0.24394785847299813,816,168,0.20588235294117646
BBH,discovery,validation,933,1074,272,0.2532588454376164,816,182,0.22303921568627452
BBH,discovery,validation,934,1074,240,0.22346368715083798,816,186,0.22794117647058823
BBH,discovery,validation,935,1074,266,0.24767225325884543,816,189,0.23161764705882354
BBH,discovery,validation,936,1074,298,0.2774674115456238,816,206,0.25245098039215685
BBH,discovery,validation,937,1074,276,0.2569832402234637,816,171,0.20955882352941177
BBH,discovery,validation,938,1074,290,0.27001862197392923,816,182,0.22303921568627452
BBH,discovery,validation,939,1074,256,0.2383612662942272,816,174,0.21323529411764705
BBH,discovery,validation,940,1074,271,0.25232774674115455,816,174,0.21323529411764705
BBH,discovery,validation,941,1074,304,0.28305400372439476,816,192,0.23529411764705882
BBH,discovery,validation,942,1074,280,0.260707635009311,816,180,0.22058823529411764
BBH,discovery,validation,943,1074,283,0.2635009310986965,816,168,0.20588235294117646
BBH,discovery,validation,944,1074,250,0.23277467411545624,816,169,0.20710784313725492
BBH,discovery,validation,945,1074,324,0.3016759776536313,816,233,0.2855392156862745
BBH,discovery,validation,946,1074,302,0.2811918063314711,816,164,0.20098039215686275
BBH,discovery,validation,947,1074,275,0.25605214152700184,816,139,0.17034313725490197
BBH,discovery,validation,948,1074,256,0.2383612662942272,816,173,0.21200980392156862
BBH,discovery,validation,949,1074,267,0.24860335195530725,816,162,0.19852941176470587
BBH,discovery,validation,950,1074,278,0.25884543761638734,816,206,0.25245098039215685
BBH,discovery,validation,951,1074,310,0.2886405959031657,816,182,0.22303921568627452
BBH,discovery,validation,952,1074,282,0.26256983240223464,816,206,0.25245098039215685
BBH,discovery,validation,953,1074,286,0.26629422718808193,816,198,0.2426470588235294
BBH,discovery,validation,954,1074,257,0.239292364990689,816,186,0.22794117647058823
BBH,discovery,validation,955,1074,256,0.2383612662942272,816,168,0.20588235294117646
BBH,discovery,validation,956,1074,232,0.21601489757914338,816,161,0.19730392156862744
BBH,discovery,validation,957,1074,270,0.25139664804469275,816,197,0.24142156862745098
BBH,discovery,validation,958,1074,246,0.22905027932960895,816,206,0.25245098039215685
BBH,discovery,validation,959,1074,237,0.2206703910614525,816,176,0.21568627450980393
BBH,discovery,validation,960,1074,253,0.23556797020484171,816,190,0.23284313725490197
BBH,discovery,validation,961,1074,255,0.23743016759776536,816,184,0.22549019607843138
BBH,discovery,validation,962,1074,292,0.2718808193668529,816,214,0.2622549019607843
BBH,discovery,validation,963,1074,334,0.31098696461824954,816,162,0.19852941176470587
BBH,discovery,validation,964,1074,246,0.22905027932960895,816,176,0.21568627450980393
BBH,discovery,validation,965,1074,316,0.2942271880819367,816,190,0.23284313725490197
BBH,discovery,validation,966,1074,253,0.23556797020484171,816,200,0.24509803921568626
BBH,discovery,validation,967,1074,257,0.239292364990689,816,197,0.24142156862745098
BBH,discovery,validation,968,1074,259,0.24115456238361266,816,172,0.2107843137254902
BBH,discovery,validation,969,1074,283,0.2635009310986965,816,238,0.2916666666666667
BBH,discovery,validation,970,1074,248,0.2309124767225326,816,186,0.22794117647058823
BBH,discovery,validation,971,1074,245,0.22811918063314712,816,176,0.21568627450980393
BBH,discovery,validation,972,1074,279,0.25977653631284914,816,187,0.22916666666666666
BBH,discovery,validation,973,1074,289,0.26908752327746743,816,158,0.19362745098039216
BBH,discovery,validation,974,1074,285,0.26536312849162014,816,190,0.23284313725490197
BBH,discovery,validation,975,1074,250,0.23277467411545624,816,184,0.22549019607843138
BBH,discovery,validation,976,1074,266,0.24767225325884543,816,150,0.18382352941176472
BBH,discovery,validation,977,1074,274,0.25512104283054005,816,186,0.22794117647058823
BBH,discovery,validation,978,1074,256,0.2383612662942272,816,189,0.23161764705882354
BBH,discovery,validation,979,1074,318,0.29608938547486036,816,237,0.29044117647058826
BBH,discovery,validation,980,1074,297,0.276536312849162,816,190,0.23284313725490197
BBH,discovery,validation,981,1074,237,0.2206703910614525,816,141,0.17279411764705882
BBH,discovery,validation,982,1074,237,0.2206703910614525,816,158,0.19362745098039216
BBH,discovery,validation,983,1074,270,0.25139664804469275,816,208,0.2549019607843137
BBH,discovery,validation,984,1074,260,0.24208566108007448,816,173,0.21200980392156862
BBH,discovery,validation,985,1074,326,0.30353817504655495,816,177,0.21691176470588236
BBH,discovery,validation,986,1074,311,0.28957169459962756,816,202,0.24754901960784315
BBH,discovery,validation,987,1074,260,0.24208566108007448,816,193,0.23651960784313725
BBH,discovery,validation,988,1074,277,0.2579143389199255,816,205,0.2512254901960784
BBH,discovery,validation,989,1074,256,0.2383612662942272,816,209,0.25612745098039214
BBH,discovery,validation,990,1074,248,0.2309124767225326,816,154,0.18872549019607843
BBH,discovery,validation,991,1074,285,0.26536312849162014,816,188,0.23039215686274508
BBH,discovery,validation,992,1074,266,0.24767225325884543,816,198,0.2426470588235294
BBH,discovery,validation,993,1074,246,0.22905027932960895,816,200,0.24509803921568626
BBH,discovery,validation,994,1074,270,0.25139664804469275,816,198,0.2426470588235294
BBH,discovery,validation,995,1074,256,0.2383612662942272,816,179,0.2193627450980392
BBH,discovery,validation,996,1074,295,0.2746741154562384,816,184,0.22549019607843138
BBH,discovery,validation,997,1074,288,0.2681564245810056,816,180,0.22058823529411764
BBH,discovery,validation,998,1074,227,0.21135940409683426,816,210,0.25735294117647056
BBH,discovery,validation,999,1074,355,0.33054003724394787,816,175,0.21446078431372548
BBH,validation,discovery,0,1152,278,0.24131944444444445,815,179,0.2196319018404908
BBH,validation,discovery,1,1152,298,0.2586805555555556,815,199,0.2441717791411043
BBH,validation,discovery,2,1152,301,0.2612847222222222,815,197,0.24171779141104294
BBH,validation,discovery,3,1152,276,0.23958333333333334,815,189,0.23190184049079754
BBH,validation,discovery,4,1152,320,0.2777777777777778,815,184,0.22576687116564417
BBH,validation,discovery,5,1152,236,0.2048611111111111,815,168,0.20613496932515338
BBH,validation,discovery,6,1152,317,0.2751736111111111,815,200,0.24539877300613497
BBH,validation,discovery,7,1152,329,0.2855902777777778,815,175,0.2147239263803681
BBH,validation,discovery,8,1152,269,0.23350694444444445,815,189,0.23190184049079754
BBH,validation,discovery,9,1152,256,0.2222222222222222,815,178,0.2184049079754601
BBH,validation,discovery,10,1152,347,0.3012152777777778,815,186,0.2282208588957055
BBH,validation,discovery,11,1152,274,0.2378472222222222,815,195,0.2392638036809816
BBH,validation,discovery,12,1152,330,0.2864583333333333,815,199,0.2441717791411043
BBH,validation,discovery,13,1152,341,0.2960069444444444,815,198,0.24294478527607363
BBH,validation,discovery,14,1152,292,0.2534722222222222,815,207,0.25398773006134967
BBH,validation,discovery,15,1152,309,0.2682291666666667,815,188,0.23067484662576687
BBH,validation,discovery,16,1152,280,0.24305555555555555,815,187,0.2294478527607362
BBH,validation,discovery,17,1152,276,0.23958333333333334,815,201,0.24662576687116564
BBH,validation,discovery,18,1152,295,0.2560763888888889,815,193,0.23680981595092024
BBH,validation,discovery,19,1152,304,0.2638888888888889,815,194,0.23803680981595093
BBH,validation,discovery,20,1152,285,0.24739583333333334,815,195,0.2392638036809816
BBH,validation,discovery,21,1152,307,0.2664930555555556,815,178,0.2184049079754601
BBH,validation,discovery,22,1152,298,0.2586805555555556,815,186,0.2282208588957055
BBH,validation,discovery,23,1152,240,0.20833333333333334,815,157,0.19263803680981595
BBH,validation,discovery,24,1152,292,0.2534722222222222,815,159,0.1950920245398773
BBH,validation,discovery,25,1152,327,0.2838541666666667,815,186,0.2282208588957055
BBH,validation,discovery,26,1152,274,0.2378472222222222,815,170,0.2085889570552147
BBH,validation,discovery,27,1152,296,0.2569444444444444,815,201,0.24662576687116564
BBH,validation,discovery,28,1152,294,0.2552083333333333,815,151,0.18527607361963191
BBH,validation,discovery,29,1152,326,0.2829861111111111,815,214,0.2625766871165644
BBH,validation,discovery,30,1152,328,0.2847222222222222,815,211,0.2588957055214724
BBH,validation,discovery,31,1152,294,0.2552083333333333,815,193,0.23680981595092024
BBH,validation,discovery,32,1152,280,0.24305555555555555,815,194,0.23803680981595093
BBH,validation,discovery,33,1152,335,0.2907986111111111,815,193,0.23680981595092024
BBH,validation,discovery,34,1152,323,0.2803819444444444,815,243,0.298159509202454
BBH,validation,discovery,35,1152,333,0.2890625,815,200,0.24539877300613497
BBH,validation,discovery,36,1152,295,0.2560763888888889,815,207,0.25398773006134967
BBH,validation,discovery,37,1152,307,0.2664930555555556,815,211,0.2588957055214724
BBH,validation,discovery,38,1152,295,0.2560763888888889,815,213,0.26134969325153373
BBH,validation,discovery,39,1152,297,0.2578125,815,192,0.23558282208588957
BBH,validation,discovery,40,1152,255,0.22135416666666666,815,184,0.22576687116564417
BBH,validation,discovery,41,1152,247,0.2144097222222222,815,172,0.21104294478527608
BBH,validation,discovery,42,1152,269,0.23350694444444445,815,208,0.2552147239263804
BBH,validation,discovery,43,1152,285,0.24739583333333334,815,185,0.22699386503067484
BBH,validation,discovery,44,1152,294,0.2552083333333333,815,184,0.22576687116564417
BBH,validation,discovery,45,1152,264,0.22916666666666666,815,147,0.18036809815950922
BBH,validation,discovery,46,1152,284,0.2465277777777778,815,170,0.2085889570552147
BBH,validation,discovery,47,1152,295,0.2560763888888889,815,204,0.25030674846625767
BBH,validation,discovery,48,1152,260,0.22569444444444445,815,170,0.2085889570552147
BBH,validation,discovery,49,1152,255,0.22135416666666666,815,184,0.22576687116564417
BBH,validation,discovery,50,1152,321,0.2786458333333333,815,180,0.22085889570552147
BBH,validation,discovery,51,1152,277,0.2404513888888889,815,208,0.2552147239263804
BBH,validation,discovery,52,1152,309,0.2682291666666667,815,177,0.21717791411042944
BBH,validation,discovery,53,1152,285,0.24739583333333334,815,231,0.28343558282208586
BBH,validation,discovery,54,1152,322,0.2795138888888889,815,195,0.2392638036809816
BBH,validation,discovery,55,1152,290,0.2517361111111111,815,166,0.20368098159509201
BBH,validation,discovery,56,1152,302,0.2621527777777778,815,204,0.25030674846625767
BBH,validation,discovery,57,1152,319,0.2769097222222222,815,179,0.2196319018404908
BBH,validation,discovery,58,1152,331,0.2873263888888889,815,175,0.2147239263803681
BBH,validation,discovery,59,1152,289,0.2508680555555556,815,237,0.2907975460122699
BBH,validation,discovery,60,1152,244,0.21180555555555555,815,181,0.22208588957055214
BBH,validation,discovery,61,1152,294,0.2552083333333333,815,178,0.2184049079754601
BBH,validation,discovery,62,1152,279,0.2421875,815,183,0.2245398773006135
BBH,validation,discovery,63,1152,293,0.2543402777777778,815,203,0.249079754601227
BBH,validation,discovery,64,1152,256,0.2222222222222222,815,201,0.24662576687116564
BBH,validation,discovery,65,1152,256,0.2222222222222222,815,173,0.21226993865030674
BBH,validation,discovery,66,1152,291,0.2526041666666667,815,204,0.25030674846625767
BBH,validation,discovery,67,1152,261,0.2265625,815,171,0.2098159509202454
BBH,validation,discovery,68,1152,240,0.20833333333333334,815,174,0.2134969325153374
BBH,validation,discovery,69,1152,271,0.23524305555555555,815,193,0.23680981595092024
BBH,validation,discovery,70,1152,273,0.23697916666666666,815,197,0.24171779141104294
BBH,validation,discovery,71,1152,309,0.2682291666666667,815,193,0.23680981595092024
BBH,validation,discovery,72,1152,274,0.2378472222222222,815,202,0.24785276073619633
BBH,validation,discovery,73,1152,303,0.2630208333333333,815,201,0.24662576687116564
BBH,validation,discovery,74,1152,300,0.2604166666666667,815,197,0.24171779141104294
BBH,validation,discovery,75,1152,260,0.22569444444444445,815,199,0.2441717791411043
BBH,validation,discovery,76,1152,226,0.19618055555555555,815,139,0.1705521472392638
BBH,validation,discovery,77,1152,270,0.234375,815,187,0.2294478527607362
BBH,validation,discovery,78,1152,304,0.2638888888888889,815,179,0.2196319018404908
BBH,validation,discovery,79,1152,299,0.2595486111111111,815,198,0.24294478527607363
BBH,validation,discovery,80,1152,290,0.2517361111111111,815,193,0.23680981595092024
BBH,validation,discovery,81,1152,293,0.2543402777777778,815,211,0.2588957055214724
BBH,validation,discovery,82,1152,270,0.234375,815,184,0.22576687116564417
BBH,validation,discovery,83,1152,301,0.2612847222222222,815,227,0.2785276073619632
BBH,validation,discovery,84,1152,289,0.2508680555555556,815,147,0.18036809815950922
BBH,validation,discovery,85,1152,309,0.2682291666666667,815,203,0.249079754601227
BBH,validation,discovery,86,1152,275,0.2387152777777778,815,175,0.2147239263803681
BBH,validation,discovery,87,1152,301,0.2612847222222222,815,217,0.26625766871165646
BBH,validation,discovery,88,1151,282,0.24500434404865334,815,181,0.22208588957055214
BBH,validation,discovery,89,1152,284,0.2465277777777778,815,166,0.20368098159509201
BBH,validation,discovery,90,1152,275,0.2387152777777778,815,163,0.2
BBH,validation,discovery,91,1152,312,0.2708333333333333,815,213,0.26134969325153373
BBH,validation,discovery,92,1152,291,0.2526041666666667,815,206,0.252760736196319
BBH,validation,discovery,93,1152,306,0.265625,815,177,0.21717791411042944
BBH,validation,discovery,94,1152,325,0.2821180555555556,815,194,0.23803680981595093
BBH,validation,discovery,95,1152,295,0.2560763888888889,815,216,0.2650306748466258
BBH,validation,discovery,96,1152,271,0.23524305555555555,815,170,0.2085889570552147
BBH,validation,discovery,97,1152,315,0.2734375,815,238,0.2920245398773006
BBH,validation,discovery,98,1152,289,0.2508680555555556,815,226,0.2773006134969325
BBH,validation,discovery,99,1152,315,0.2734375,815,197,0.24171779141104294
BBH,validation,discovery,100,1152,295,0.2560763888888889,815,202,0.24785276073619633
BBH,validation,discovery,101,1152,264,0.22916666666666666,815,163,0.2
BBH,validation,discovery,102,1152,308,0.2673611111111111,815,189,0.23190184049079754
BBH,validation,discovery,103,1152,301,0.2612847222222222,815,151,0.18527607361963191
BBH,validation,discovery,104,1152,322,0.2795138888888889,815,222,0.2723926380368098
BBH,validation,discovery,105,1152,318,0.2760416666666667,815,197,0.24171779141104294
BBH,validation,discovery,106,1152,265,0.2300347222222222,815,179,0.2196319018404908
BBH,validation,discovery,107,1152,324,0.28125,815,152,0.18650306748466258
BBH,validation,discovery,108,1152,283,0.2456597222222222,815,193,0.23680981595092024
BBH,validation,discovery,109,1152,281,0.2439236111111111,815,193,0.23680981595092024
BBH,validation,discovery,110,1152,283,0.2456597222222222,815,210,0.25766871165644173
BBH,validation,discovery,111,1152,291,0.2526041666666667,815,157,0.19263803680981595
BBH,validation,discovery,112,1152,249,0.21614583333333334,815,211,0.2588957055214724
BBH,validation,discovery,113,1152,283,0.2456597222222222,815,197,0.24171779141104294
BBH,validation,discovery,114,1152,313,0.2717013888888889,815,225,0.27607361963190186
BBH,validation,discovery,115,1152,257,0.2230902777777778,815,203,0.249079754601227
BBH,validation,discovery,116,1152,320,0.2777777777777778,815,202,0.24785276073619633
BBH,validation,discovery,117,1152,259,0.2248263888888889,815,175,0.2147239263803681
BBH,validation,discovery,118,1152,316,0.2743055555555556,815,193,0.23680981595092024
BBH,validation,discovery,119,1152,282,0.24479166666666666,815,195,0.2392638036809816
BBH,validation,discovery,120,1152,310,0.2690972222222222,815,196,0.24049079754601227
BBH,validation,discovery,121,1152,300,0.2604166666666667,815,177,0.21717791411042944
BBH,validation,discovery,122,1152,270,0.234375,815,169,0.20736196319018405
BBH,validation,discovery,123,1152,304,0.2638888888888889,815,180,0.22085889570552147
BBH,validation,discovery,124,1152,257,0.2230902777777778,815,199,0.2441717791411043
BBH,validation,discovery,125,1152,293,0.2543402777777778,815,211,0.2588957055214724
BBH,validation,discovery,126,1152,263,0.2282986111111111,815,175,0.2147239263803681
BBH,validation,discovery,127,1152,307,0.2664930555555556,815,212,0.26012269938650306
BBH,validation,discovery,128,1152,303,0.2630208333333333,815,181,0.22208588957055214
BBH,validation,discovery,129,1152,276,0.23958333333333334,815,199,0.2441717791411043
BBH,validation,discovery,130,1152,296,0.2569444444444444,815,197,0.24171779141104294
BBH,validation,discovery,131,1152,309,0.2682291666666667,815,188,0.23067484662576687
BBH,validation,discovery,132,1152,291,0.2526041666666667,815,191,0.2343558282208589
BBH,validation,discovery,133,1152,299,0.2595486111111111,815,157,0.19263803680981595
BBH,validation,discovery,134,1152,285,0.24739583333333334,815,151,0.18527607361963191
BBH,validation,discovery,135,1152,275,0.2387152777777778,815,209,0.25644171779141106
BBH,validation,discovery,136,1152,249,0.21614583333333334,815,174,0.2134969325153374
BBH,validation,discovery,137,1152,260,0.22569444444444445,815,178,0.2184049079754601
BBH,validation,discovery,138,1152,289,0.2508680555555556,815,197,0.24171779141104294
BBH,validation,discovery,139,1152,281,0.2439236111111111,815,226,0.2773006134969325
BBH,validation,discovery,140,1152,287,0.24913194444444445,815,169,0.20736196319018405
BBH,validation,discovery,141,1152,314,0.2725694444444444,815,180,0.22085889570552147
BBH,validation,discovery,142,1152,309,0.2682291666666667,815,218,0.2674846625766871
BBH,validation,discovery,143,1152,278,0.24131944444444445,815,204,0.25030674846625767
BBH,validation,discovery,144,1152,311,0.2699652777777778,815,188,0.23067484662576687
BBH,validation,discovery,145,1152,340,0.2951388888888889,815,205,0.25153374233128833
BBH,validation,discovery,146,1152,312,0.2708333333333333,815,196,0.24049079754601227
BBH,validation,discovery,147,1152,315,0.2734375,815,214,0.2625766871165644
BBH,validation,discovery,148,1152,322,0.2795138888888889,815,179,0.2196319018404908
BBH,validation,discovery,149,1152,254,0.2204861111111111,815,197,0.24171779141104294
BBH,validation,discovery,150,1152,300,0.2604166666666667,815,216,0.2650306748466258
BBH,validation,discovery,151,1152,278,0.24131944444444445,815,183,0.2245398773006135
BBH,validation,discovery,152,1152,345,0.2994791666666667,815,208,0.2552147239263804
BBH,validation,discovery,153,1152,290,0.2517361111111111,815,232,0.2846625766871166
BBH,validation,discovery,154,1152,247,0.2144097222222222,815,181,0.22208588957055214
BBH,validation,discovery,155,1152,331,0.2873263888888889,815,228,0.27975460122699386
BBH,validation,discovery,156,1152,301,0.2612847222222222,815,186,0.2282208588957055
BBH,validation,discovery,157,1152,316,0.2743055555555556,815,205,0.25153374233128833
BBH,validation,discovery,158,1152,299,0.2595486111111111,815,214,0.2625766871165644
BBH,validation,discovery,159,1152,284,0.2465277777777778,815,193,0.23680981595092024
BBH,validation,discovery,160,1152,295,0.2560763888888889,815,182,0.2233128834355828
BBH,validation,discovery,161,1152,315,0.2734375,815,219,0.2687116564417178
BBH,validation,discovery,162,1152,296,0.2569444444444444,815,180,0.22085889570552147
BBH,validation,discovery,163,1152,288,0.25,815,209,0.25644171779141106
BBH,validation,discovery,164,1152,315,0.2734375,815,220,0.26993865030674846
BBH,validation,discovery,165,1152,293,0.2543402777777778,815,189,0.23190184049079754
BBH,validation,discovery,166,1152,277,0.2404513888888889,815,201,0.24662576687116564
BBH,validation,discovery,167,1152,283,0.2456597222222222,815,212,0.26012269938650306
BBH,validation,discovery,168,1152,335,0.2907986111111111,815,215,0.26380368098159507
BBH,validation,discovery,169,1152,333,0.2890625,815,230,0.2822085889570552
BBH,validation,discovery,170,1152,280,0.24305555555555555,815,168,0.20613496932515338
BBH,validation,discovery,171,1152,285,0.24739583333333334,815,226,0.2773006134969325
BBH,validation,discovery,172,1152,274,0.2378472222222222,815,194,0.23803680981595093
BBH,validation,discovery,173,1152,303,0.2630208333333333,815,167,0.2049079754601227
BBH,validation,discovery,174,1152,262,0.22743055555555555,815,165,0.20245398773006135
BBH,validation,discovery,175,1152,260,0.22569444444444445,815,192,0.23558282208588957
BBH,validation,discovery,176,1152,282,0.24479166666666666,815,199,0.2441717791411043
BBH,validation,discovery,177,1152,283,0.2456597222222222,815,220,0.26993865030674846
BBH,validation,discovery,178,1152,306,0.265625,815,183,0.2245398773006135
BBH,validation,discovery,179,1152,321,0.2786458333333333,815,183,0.2245398773006135
BBH,validation,discovery,180,1152,326,0.2829861111111111,815,193,0.23680981595092024
BBH,validation,discovery,181,1152,285,0.24739583333333334,815,179,0.2196319018404908
BBH,validation,discovery,182,1152,300,0.2604166666666667,815,193,0.23680981595092024
BBH,validation,discovery,183,1152,288,0.25,815,200,0.24539877300613497
BBH,validation,discovery,184,1152,349,0.3029513888888889,815,165,0.20245398773006135
BBH,validation,discovery,185,1152,291,0.2526041666666667,815,166,0.20368098159509201
BBH,validation,discovery,186,1152,335,0.2907986111111111,815,213,0.26134969325153373
BBH,validation,discovery,187,1152,274,0.2378472222222222,815,207,0.25398773006134967
BBH,validation,discovery,188,1152,308,0.2673611111111111,815,187,0.2294478527607362
BBH,validation,discovery,189,1152,277,0.2404513888888889,815,159,0.1950920245398773
BBH,validation,discovery,190,1152,314,0.2725694444444444,815,194,0.23803680981595093
BBH,validation,discovery,191,1152,300,0.2604166666666667,815,181,0.22208588957055214
BBH,validation,discovery,192,1152,300,0.2604166666666667,815,178,0.2184049079754601
BBH,validation,discovery,193,1152,276,0.23958333333333334,815,172,0.21104294478527608
BBH,validation,discovery,194,1152,268,0.2326388888888889,815,203,0.249079754601227
BBH,validation,discovery,195,1152,287,0.24913194444444445,815,174,0.2134969325153374
BBH,validation,discovery,196,1152,308,0.2673611111111111,815,278,0.3411042944785276
BBH,validation,discovery,197,1152,294,0.2552083333333333,815,185,0.22699386503067484
BBH,validation,discovery,198,1152,353,0.3064236111111111,815,188,0.23067484662576687
BBH,validation,discovery,199,1152,308,0.2673611111111111,815,211,0.2588957055214724
BBH,validation,discovery,200,1152,327,0.2838541666666667,815,214,0.2625766871165644
BBH,validation,discovery,201,1152,275,0.2387152777777778,815,185,0.22699386503067484
BBH,validation,discovery,202,1152,282,0.24479166666666666,815,179,0.2196319018404908
BBH,validation,discovery,203,1152,315,0.2734375,815,193,0.23680981595092024
BBH,validation,discovery,204,1152,297,0.2578125,815,177,0.21717791411042944
BBH,validation,discovery,205,1152,292,0.2534722222222222,815,167,0.2049079754601227
BBH,validation,discovery,206,1152,302,0.2621527777777778,815,209,0.25644171779141106
BBH,validation,discovery,207,1152,295,0.2560763888888889,815,172,0.21104294478527608
BBH,validation,discovery,208,1152,289,0.2508680555555556,815,170,0.2085889570552147
BBH,validation,discovery,209,1152,302,0.2621527777777778,815,208,0.2552147239263804
BBH,validation,discovery,210,1152,320,0.2777777777777778,815,189,0.23190184049079754
BBH,validation,discovery,211,1152,293,0.2543402777777778,815,196,0.24049079754601227
BBH,validation,discovery,212,1152,313,0.2717013888888889,815,189,0.23190184049079754
BBH,validation,discovery,213,1152,290,0.2517361111111111,815,177,0.21717791411042944
BBH,validation,discovery,214,1152,310,0.2690972222222222,815,179,0.2196319018404908
BBH,validation,discovery,215,1152,312,0.2708333333333333,815,208,0.2552147239263804
BBH,validation,discovery,216,1152,286,0.2482638888888889,815,214,0.2625766871165644
BBH,validation,discovery,217,1152,256,0.2222222222222222,815,192,0.23558282208588957
BBH,validation,discovery,218,1152,337,0.2925347222222222,815,184,0.22576687116564417
BBH,validation,discovery,219,1152,306,0.265625,815,220,0.26993865030674846
BBH,validation,discovery,220,1152,336,0.2916666666666667,815,216,0.2650306748466258
BBH,validation,discovery,221,1152,300,0.2604166666666667,815,191,0.2343558282208589
BBH,validation,discovery,222,1152,317,0.2751736111111111,815,212,0.26012269938650306
BBH,validation,discovery,223,1152,337,0.2925347222222222,815,221,0.27116564417177913
BBH,validation,discovery,224,1152,320,0.2777777777777778,815,222,0.2723926380368098
BBH,validation,discovery,225,1152,303,0.2630208333333333,815,209,0.25644171779141106
BBH,validation,discovery,226,1152,293,0.2543402777777778,815,191,0.2343558282208589
BBH,validation,discovery,227,1152,295,0.2560763888888889,815,193,0.23680981595092024
BBH,validation,discovery,228,1152,268,0.2326388888888889,815,162,0.19877300613496932
BBH,validation,discovery,229,1152,290,0.2517361111111111,815,176,0.21595092024539878
BBH,validation,discovery,230,1152,267,0.23177083333333334,815,187,0.2294478527607362
BBH,validation,discovery,231,1152,283,0.2456597222222222,815,174,0.2134969325153374
BBH,validation,discovery,232,1152,306,0.265625,815,182,0.2233128834355828
BBH,validation,discovery,233,1152,333,0.2890625,815,213,0.26134969325153373
BBH,validation,discovery,234,1152,290,0.2517361111111111,815,175,0.2147239263803681
BBH,validation,discovery,235,1152,286,0.2482638888888889,815,190,0.2331288343558282
BBH,validation,discovery,236,1152,281,0.2439236111111111,815,172,0.21104294478527608
BBH,validation,discovery,237,1152,301,0.2612847222222222,815,170,0.2085889570552147
BBH,validation,discovery,238,1152,277,0.2404513888888889,815,181,0.22208588957055214
BBH,validation,discovery,239,1152,298,0.2586805555555556,815,170,0.2085889570552147
BBH,validation,discovery,240,1152,281,0.2439236111111111,815,203,0.249079754601227
BBH,validation,discovery,241,1152,242,0.21006944444444445,815,150,0.18404907975460122
BBH,validation,discovery,242,1152,300,0.2604166666666667,815,185,0.22699386503067484
BBH,validation,discovery,243,1152,343,0.2977430555555556,815,219,0.2687116564417178
BBH,validation,discovery,244,1152,296,0.2569444444444444,815,177,0.21717791411042944
BBH,validation,discovery,245,1152,323,0.2803819444444444,815,155,0.1901840490797546
BBH,validation,discovery,246,1152,304,0.2638888888888889,815,217,0.26625766871165646
BBH,validation,discovery,247,1152,277,0.2404513888888889,815,206,0.252760736196319
BBH,validation,discovery,248,1152,318,0.2760416666666667,815,189,0.23190184049079754
BBH,validation,discovery,249,1152,262,0.22743055555555555,815,196,0.24049079754601227
BBH,validation,discovery,250,1152,298,0.2586805555555556,815,165,0.20245398773006135
BBH,validation,discovery,251,1152,327,0.2838541666666667,815,193,0.23680981595092024
BBH,validation,discovery,252,1152,246,0.21354166666666666,815,184,0.22576687116564417
BBH,validation,discovery,253,1152,253,0.21961805555555555,815,205,0.25153374233128833
BBH,validation,discovery,254,1152,333,0.2890625,815,169,0.20736196319018405
BBH,validation,discovery,255,1152,334,0.2899305555555556,815,213,0.26134969325153373
BBH,validation,discovery,256,1152,278,0.24131944444444445,815,219,0.2687116564417178
BBH,validation,discovery,257,1152,281,0.2439236111111111,815,171,0.2098159509202454
BBH,validation,discovery,258,1152,324,0.28125,815,178,0.2184049079754601
BBH,validation,discovery,259,1152,306,0.265625,815,186,0.2282208588957055
BBH,validation,discovery,260,1152,318,0.2760416666666667,815,232,0.2846625766871166
BBH,validation,discovery,261,1152,347,0.3012152777777778,815,215,0.26380368098159507
BBH,validation,discovery,262,1152,259,0.2248263888888889,815,185,0.22699386503067484
BBH,validation,discovery,263,1152,280,0.24305555555555555,815,188,0.23067484662576687
BBH,validation,discovery,264,1152,262,0.22743055555555555,815,204,0.25030674846625767
BBH,validation,discovery,265,1152,325,0.2821180555555556,815,160,0.19631901840490798
BBH,validation,discovery,266,1152,284,0.2465277777777778,815,166,0.20368098159509201
BBH,validation,discovery,267,1152,283,0.2456597222222222,815,190,0.2331288343558282
BBH,validation,discovery,268,1152,295,0.2560763888888889,815,195,0.2392638036809816
BBH,validation,discovery,269,1152,300,0.2604166666666667,815,211,0.2588957055214724
BBH,validation,discovery,270,1152,328,0.2847222222222222,815,183,0.2245398773006135
BBH,validation,discovery,271,1152,263,0.2282986111111111,815,161,0.19754601226993865
BBH,validation,discovery,272,1152,293,0.2543402777777778,815,170,0.2085889570552147
BBH,validation,discovery,273,1152,270,0.234375,815,173,0.21226993865030674
BBH,validation,discovery,274,1152,283,0.2456597222222222,815,174,0.2134969325153374
BBH,validation,discovery,275,1152,318,0.2760416666666667,815,198,0.24294478527607363
BBH,validation,discovery,276,1152,282,0.24479166666666666,815,194,0.23803680981595093
BBH,validation,discovery,277,1152,281,0.2439236111111111,815,173,0.21226993865030674
BBH,validation,discovery,278,1152,278,0.24131944444444445,815,165,0.20245398773006135
BBH,validation,discovery,279,1152,320,0.2777777777777778,815,246,0.301840490797546
BBH,validation,discovery,280,1152,303,0.2630208333333333,815,192,0.23558282208588957
BBH,validation,discovery,281,1152,319,0.2769097222222222,815,184,0.22576687116564417
BBH,validation,discovery,282,1152,299,0.2595486111111111,815,187,0.2294478527607362
BBH,validation,discovery,283,1152,292,0.2534722222222222,815,222,0.2723926380368098
BBH,validation,discovery,284,1152,278,0.24131944444444445,815,171,0.2098159509202454
BBH,validation,discovery,285,1152,281,0.2439236111111111,815,185,0.22699386503067484
BBH,validation,discovery,286,1152,284,0.2465277777777778,815,172,0.21104294478527608
BBH,validation,discovery,287,1152,288,0.25,815,188,0.23067484662576687
BBH,validation,discovery,288,1152,252,0.21875,815,175,0.2147239263803681
BBH,validation,discovery,289,1152,316,0.2743055555555556,815,184,0.22576687116564417
BBH,validation,discovery,290,1152,294,0.2552083333333333,815,207,0.25398773006134967
BBH,validation,discovery,291,1152,255,0.22135416666666666,815,196,0.24049079754601227
BBH,validation,discovery,292,1152,326,0.2829861111111111,815,218,0.2674846625766871
BBH,validation,discovery,293,1152,288,0.25,815,185,0.22699386503067484
BBH,validation,discovery,294,1152,301,0.2612847222222222,815,206,0.252760736196319
BBH,validation,discovery,295,1152,278,0.24131944444444445,815,217,0.26625766871165646
BBH,validation,discovery,296,1152,340,0.2951388888888889,815,228,0.27975460122699386
BBH,validation,discovery,297,1152,321,0.2786458333333333,815,212,0.26012269938650306
BBH,validation,discovery,298,1152,339,0.2942708333333333,815,218,0.2674846625766871
BBH,validation,discovery,299,1152,232,0.2013888888888889,815,162,0.19877300613496932
BBH,validation,discovery,300,1152,317,0.2751736111111111,815,176,0.21595092024539878
BBH,validation,discovery,301,1152,273,0.23697916666666666,815,176,0.21595092024539878
BBH,validation,discovery,302,1152,291,0.2526041666666667,815,221,0.27116564417177913
BBH,validation,discovery,303,1152,301,0.2612847222222222,815,206,0.252760736196319
BBH,validation,discovery,304,1152,315,0.2734375,815,209,0.25644171779141106
BBH,validation,discovery,305,1152,279,0.2421875,815,156,0.19141104294478528
BBH,validation,discovery,306,1152,313,0.2717013888888889,815,203,0.249079754601227
BBH,validation,discovery,307,1152,305,0.2647569444444444,815,205,0.25153374233128833
BBH,validation,discovery,308,1152,289,0.2508680555555556,815,162,0.19877300613496932
BBH,validation,discovery,309,1152,270,0.234375,815,219,0.2687116564417178
BBH,validation,discovery,310,1152,269,0.23350694444444445,815,192,0.23558282208588957
BBH,validation,discovery,311,1152,276,0.23958333333333334,815,184,0.22576687116564417
BBH,validation,discovery,312,1152,295,0.2560763888888889,815,169,0.20736196319018405
BBH,validation,discovery,313,1152,274,0.2378472222222222,815,199,0.2441717791411043
BBH,validation,discovery,314,1152,269,0.23350694444444445,815,198,0.24294478527607363
BBH,validation,discovery,315,1152,242,0.21006944444444445,815,191,0.2343558282208589
BBH,validation,discovery,316,1152,269,0.23350694444444445,815,241,0.29570552147239265
BBH,validation,discovery,317,1152,281,0.2439236111111111,815,200,0.24539877300613497
BBH,validation,discovery,318,1152,247,0.2144097222222222,815,176,0.21595092024539878
BBH,validation,discovery,319,1152,317,0.2751736111111111,815,201,0.24662576687116564
BBH,validation,discovery,320,1152,320,0.2777777777777778,815,193,0.23680981595092024
BBH,validation,discovery,321,1152,298,0.2586805555555556,815,176,0.21595092024539878
BBH,validation,discovery,322,1152,295,0.2560763888888889,815,197,0.24171779141104294
BBH,validation,discovery,323,1152,280,0.24305555555555555,815,194,0.23803680981595093
BBH,validation,discovery,324,1152,277,0.2404513888888889,815,154,0.18895705521472392
BBH,validation,discovery,325,1152,335,0.2907986111111111,815,184,0.22576687116564417
BBH,validation,discovery,326,1152,312,0.2708333333333333,815,187,0.2294478527607362
BBH,validation,discovery,327,1152,267,0.23177083333333334,815,161,0.19754601226993865
BBH,validation,discovery,328,1152,288,0.25,815,214,0.2625766871165644
BBH,validation,discovery,329,1152,260,0.22569444444444445,815,186,0.2282208588957055
BBH,validation,discovery,330,1152,307,0.2664930555555556,815,185,0.22699386503067484
BBH,validation,discovery,331,1152,265,0.2300347222222222,815,146,0.17914110429447852
BBH,validation,discovery,332,1152,298,0.2586805555555556,815,211,0.2588957055214724
BBH,validation,discovery,333,1152,293,0.2543402777777778,815,195,0.2392638036809816
BBH,validation,discovery,334,1152,316,0.2743055555555556,815,201,0.24662576687116564
BBH,validation,discovery,335,1152,226,0.19618055555555555,815,185,0.22699386503067484
BBH,validation,discovery,336,1152,284,0.2465277777777778,815,178,0.2184049079754601
BBH,validation,discovery,337,1152,286,0.2482638888888889,815,168,0.20613496932515338
BBH,validation,discovery,338,1152,250,0.2170138888888889,815,188,0.23067484662576687
BBH,validation,discovery,339,1152,300,0.2604166666666667,815,224,0.2748466257668712
BBH,validation,discovery,340,1152,277,0.2404513888888889,815,179,0.2196319018404908
BBH,validation,discovery,341,1152,297,0.2578125,815,190,0.2331288343558282
BBH,validation,discovery,342,1152,306,0.265625,815,156,0.19141104294478528
BBH,validation,discovery,343,1152,276,0.23958333333333334,815,227,0.2785276073619632
BBH,validation,discovery,344,1152,282,0.24479166666666666,815,185,0.22699386503067484
BBH,validation,discovery,345,1152,294,0.2552083333333333,815,206,0.252760736196319
BBH,validation,discovery,346,1152,294,0.2552083333333333,815,180,0.22085889570552147
BBH,validation,discovery,347,1152,311,0.2699652777777778,815,216,0.2650306748466258
BBH,validation,discovery,348,1152,265,0.2300347222222222,815,210,0.25766871165644173
BBH,validation,discovery,349,1152,289,0.2508680555555556,815,193,0.23680981595092024
BBH,validation,discovery,350,1152,316,0.2743055555555556,815,223,0.27361963190184047
BBH,validation,discovery,351,1152,282,0.24479166666666666,815,170,0.2085889570552147
BBH,validation,discovery,352,1152,293,0.2543402777777778,815,181,0.22208588957055214
BBH,validation,discovery,353,1152,269,0.23350694444444445,815,188,0.23067484662576687
BBH,validation,discovery,354,1152,279,0.2421875,815,179,0.2196319018404908
BBH,validation,discovery,355,1152,285,0.24739583333333334,815,203,0.249079754601227
BBH,validation,discovery,356,1152,253,0.21961805555555555,815,191,0.2343558282208589
BBH,validation,discovery,357,1152,234,0.203125,815,167,0.2049079754601227
BBH,validation,discovery,358,1152,270,0.234375,815,188,0.23067484662576687
BBH,validation,discovery,359,1152,288,0.25,815,203,0.249079754601227
BBH,validation,discovery,360,1152,287,0.24913194444444445,815,202,0.24785276073619633
BBH,validation,discovery,361,1152,328,0.2847222222222222,815,199,0.2441717791411043
BBH,validation,discovery,362,1152,326,0.2829861111111111,815,185,0.22699386503067484
BBH,validation,discovery,363,1152,271,0.23524305555555555,815,193,0.23680981595092024
BBH,validation,discovery,364,1152,324,0.28125,815,190,0.2331288343558282
BBH,validation,discovery,365,1152,306,0.265625,815,194,0.23803680981595093
BBH,validation,discovery,366,1152,241,0.2092013888888889,815,166,0.20368098159509201
BBH,validation,discovery,367,1152,275,0.2387152777777778,815,186,0.2282208588957055
BBH,validation,discovery,368,1152,295,0.2560763888888889,815,190,0.2331288343558282
BBH,validation,discovery,369,1152,317,0.2751736111111111,815,178,0.2184049079754601
BBH,validation,discovery,370,1152,280,0.24305555555555555,815,160,0.19631901840490798
BBH,validation,discovery,371,1152,275,0.2387152777777778,815,167,0.2049079754601227
BBH,validation,discovery,372,1152,317,0.2751736111111111,815,192,0.23558282208588957
BBH,validation,discovery,373,1152,330,0.2864583333333333,815,166,0.20368098159509201
BBH,validation,discovery,374,1152,267,0.23177083333333334,815,162,0.19877300613496932
BBH,validation,discovery,375,1152,267,0.23177083333333334,815,202,0.24785276073619633
BBH,validation,discovery,376,1152,317,0.2751736111111111,815,181,0.22208588957055214
BBH,validation,discovery,377,1152,334,0.2899305555555556,815,184,0.22576687116564417
BBH,validation,discovery,378,1152,269,0.23350694444444445,815,166,0.20368098159509201
BBH,validation,discovery,379,1152,299,0.2595486111111111,815,196,0.24049079754601227
BBH,validation,discovery,380,1152,267,0.23177083333333334,815,209,0.25644171779141106
BBH,validation,discovery,381,1152,295,0.2560763888888889,815,175,0.2147239263803681
BBH,validation,discovery,382,1152,306,0.265625,815,169,0.20736196319018405
BBH,validation,discovery,383,1152,300,0.2604166666666667,815,189,0.23190184049079754
BBH,validation,discovery,384,1152,291,0.2526041666666667,815,200,0.24539877300613497
BBH,validation,discovery,385,1152,307,0.2664930555555556,815,204,0.25030674846625767
BBH,validation,discovery,386,1152,299,0.2595486111111111,815,190,0.2331288343558282
BBH,validation,discovery,387,1152,313,0.2717013888888889,815,194,0.23803680981595093
BBH,validation,discovery,388,1152,286,0.2482638888888889,815,194,0.23803680981595093
BBH,validation,discovery,389,1152,235,0.20399305555555555,815,184,0.22576687116564417
BBH,validation,discovery,390,1152,286,0.2482638888888889,815,181,0.22208588957055214
BBH,validation,discovery,391,1152,269,0.23350694444444445,815,171,0.2098159509202454
BBH,validation,discovery,392,1152,333,0.2890625,815,225,0.27607361963190186
BBH,validation,discovery,393,1152,250,0.2170138888888889,815,179,0.2196319018404908
BBH,validation,discovery,394,1152,317,0.2751736111111111,815,198,0.24294478527607363
BBH,validation,discovery,395,1152,293,0.2543402777777778,815,207,0.25398773006134967
BBH,validation,discovery,396,1152,261,0.2265625,815,203,0.249079754601227
BBH,validation,discovery,397,1152,292,0.2534722222222222,815,204,0.25030674846625767
BBH,validation,discovery,398,1152,285,0.24739583333333334,815,189,0.23190184049079754
BBH,validation,discovery,399,1152,319,0.2769097222222222,815,183,0.2245398773006135
BBH,validation,discovery,400,1152,291,0.2526041666666667,815,215,0.26380368098159507
BBH,validation,discovery,401,1152,307,0.2664930555555556,815,232,0.2846625766871166
BBH,validation,discovery,402,1152,283,0.2456597222222222,815,186,0.2282208588957055
BBH,validation,discovery,403,1152,270,0.234375,815,198,0.24294478527607363
BBH,validation,discovery,404,1152,272,0.2361111111111111,815,176,0.21595092024539878
BBH,validation,discovery,405,1152,304,0.2638888888888889,815,201,0.24662576687116564
BBH,validation,discovery,406,1152,283,0.2456597222222222,815,195,0.2392638036809816
BBH,validation,discovery,407,1152,312,0.2708333333333333,815,184,0.22576687116564417
BBH,validation,discovery,408,1152,339,0.2942708333333333,815,247,0.3030674846625767
BBH,validation,discovery,409,1152,337,0.2925347222222222,815,189,0.23190184049079754
BBH,validation,discovery,410,1152,303,0.2630208333333333,815,215,0.26380368098159507
BBH,validation,discovery,411,1152,287,0.24913194444444445,815,182,0.2233128834355828
BBH,validation,discovery,412,1152,316,0.2743055555555556,815,224,0.2748466257668712
BBH,validation,discovery,413,1152,293,0.2543402777777778,815,182,0.2233128834355828
BBH,validation,discovery,414,1152,290,0.2517361111111111,815,180,0.22085889570552147
BBH,validation,discovery,415,1152,252,0.21875,815,183,0.2245398773006135
BBH,validation,discovery,416,1152,252,0.21875,815,168,0.20613496932515338
BBH,validation,discovery,417,1152,323,0.2803819444444444,815,181,0.22208588957055214
BBH,validation,discovery,418,1152,293,0.2543402777777778,815,193,0.23680981595092024
BBH,validation,discovery,419,1152,298,0.2586805555555556,815,226,0.2773006134969325
BBH,validation,discovery,420,1152,270,0.234375,815,187,0.2294478527607362
BBH,validation,discovery,421,1152,320,0.2777777777777778,815,223,0.27361963190184047
BBH,validation,discovery,422,1152,283,0.2456597222222222,815,217,0.26625766871165646
BBH,validation,discovery,423,1152,274,0.2378472222222222,815,186,0.2282208588957055
BBH,validation,discovery,424,1152,266,0.2309027777777778,815,190,0.2331288343558282
BBH,validation,discovery,425,1152,293,0.2543402777777778,815,226,0.2773006134969325
BBH,validation,discovery,426,1152,311,0.2699652777777778,815,193,0.23680981595092024
BBH,validation,discovery,427,1152,260,0.22569444444444445,815,168,0.20613496932515338
BBH,validation,discovery,428,1152,296,0.2569444444444444,815,209,0.25644171779141106
BBH,validation,discovery,429,1152,316,0.2743055555555556,815,232,0.2846625766871166
BBH,validation,discovery,430,1152,352,0.3055555555555556,815,200,0.24539877300613497
BBH,validation,discovery,431,1152,276,0.23958333333333334,815,189,0.23190184049079754
BBH,validation,discovery,432,1152,275,0.2387152777777778,815,206,0.252760736196319
BBH,validation,discovery,433,1152,265,0.2300347222222222,815,193,0.23680981595092024
BBH,validation,discovery,434,1152,253,0.21961805555555555,815,203,0.249079754601227
BBH,validation,discovery,435,1152,248,0.2152777777777778,815,185,0.22699386503067484
BBH,validation,discovery,436,1152,269,0.23350694444444445,815,173,0.21226993865030674
BBH,validation,discovery,437,1152,304,0.2638888888888889,815,183,0.2245398773006135
BBH,validation,discovery,438,1152,257,0.2230902777777778,815,171,0.2098159509202454
BBH,validation,discovery,439,1152,311,0.2699652777777778,815,193,0.23680981595092024
BBH,validation,discovery,440,1152,333,0.2890625,815,217,0.26625766871165646
BBH,validation,discovery,441,1152,334,0.2899305555555556,815,182,0.2233128834355828
BBH,validation,discovery,442,1152,269,0.23350694444444445,815,201,0.24662576687116564
BBH,validation,discovery,443,1152,290,0.2517361111111111,815,183,0.2245398773006135
BBH,validation,discovery,444,1152,310,0.2690972222222222,815,207,0.25398773006134967
BBH,validation,discovery,445,1152,288,0.25,815,187,0.2294478527607362
BBH,validation,discovery,446,1152,265,0.2300347222222222,815,206,0.252760736196319
BBH,validation,discovery,447,1152,272,0.2361111111111111,815,190,0.2331288343558282
BBH,validation,discovery,448,1152,262,0.22743055555555555,815,169,0.20736196319018405
BBH,validation,discovery,449,1152,258,0.22395833333333334,815,172,0.21104294478527608
BBH,validation,discovery,450,1152,299,0.2595486111111111,815,219,0.2687116564417178
BBH,validation,discovery,451,1152,291,0.2526041666666667,815,181,0.22208588957055214
BBH,validation,discovery,452,1152,322,0.2795138888888889,815,199,0.2441717791411043
BBH,validation,discovery,453,1152,294,0.2552083333333333,815,135,0.1656441717791411
BBH,validation,discovery,454,1152,289,0.2508680555555556,815,170,0.2085889570552147
BBH,validation,discovery,455,1152,298,0.2586805555555556,815,174,0.2134969325153374
BBH,validation,discovery,456,1152,285,0.24739583333333334,815,190,0.2331288343558282
BBH,validation,discovery,457,1152,259,0.2248263888888889,815,167,0.2049079754601227
BBH,validation,discovery,458,1152,267,0.23177083333333334,815,197,0.24171779141104294
BBH,validation,discovery,459,1152,265,0.2300347222222222,815,170,0.2085889570552147
BBH,validation,discovery,460,1152,302,0.2621527777777778,815,215,0.26380368098159507
BBH,validation,discovery,461,1152,254,0.2204861111111111,815,187,0.2294478527607362
BBH,validation,discovery,462,1152,285,0.24739583333333334,815,218,0.2674846625766871
BBH,validation,discovery,463,1152,306,0.265625,815,190,0.2331288343558282
BBH,validation,discovery,464,1152,280,0.24305555555555555,815,194,0.23803680981595093
BBH,validation,discovery,465,1152,294,0.2552083333333333,815,164,0.20122699386503068
BBH,validation,discovery,466,1152,276,0.23958333333333334,815,165,0.20245398773006135
BBH,validation,discovery,467,1152,331,0.2873263888888889,815,177,0.21717791411042944
BBH,validation,discovery,468,1152,262,0.22743055555555555,815,193,0.23680981595092024
BBH,validation,discovery,469,1152,260,0.22569444444444445,815,189,0.23190184049079754
BBH,validation,discovery,470,1152,266,0.2309027777777778,815,146,0.17914110429447852
BBH,validation,discovery,471,1152,286,0.2482638888888889,815,170,0.2085889570552147
BBH,validation,discovery,472,1152,311,0.2699652777777778,815,160,0.19631901840490798
BBH,validation,discovery,473,1152,292,0.2534722222222222,815,162,0.19877300613496932
BBH,validation,discovery,474,1152,311,0.2699652777777778,815,227,0.2785276073619632
BBH,validation,discovery,475,1152,288,0.25,815,192,0.23558282208588957
BBH,validation,discovery,476,1152,288,0.25,815,166,0.20368098159509201
BBH,validation,discovery,477,1152,335,0.2907986111111111,815,189,0.23190184049079754
BBH,validation,discovery,478,1152,278,0.24131944444444445,815,197,0.24171779141104294
BBH,validation,discovery,479,1152,305,0.2647569444444444,815,172,0.21104294478527608
BBH,validation,discovery,480,1152,253,0.21961805555555555,815,208,0.2552147239263804
BBH,validation,discovery,481,1152,298,0.2586805555555556,815,199,0.2441717791411043
BBH,validation,discovery,482,1152,272,0.2361111111111111,815,187,0.2294478527607362
BBH,validation,discovery,483,1152,303,0.2630208333333333,815,185,0.22699386503067484
BBH,validation,discovery,484,1152,255,0.22135416666666666,815,201,0.24662576687116564
BBH,validation,discovery,485,1152,306,0.265625,815,195,0.2392638036809816
BBH,validation,discovery,486,1152,310,0.2690972222222222,815,188,0.23067484662576687
BBH,validation,discovery,487,1152,304,0.2638888888888889,815,177,0.21717791411042944
BBH,validation,discovery,488,1152,267,0.23177083333333334,815,159,0.1950920245398773
BBH,validation,discovery,489,1152,260,0.22569444444444445,815,140,0.17177914110429449
BBH,validation,discovery,490,1152,295,0.2560763888888889,815,187,0.2294478527607362
BBH,validation,discovery,491,1152,301,0.2612847222222222,815,194,0.23803680981595093
BBH,validation,discovery,492,1152,327,0.2838541666666667,815,198,0.24294478527607363
BBH,validation,discovery,493,1152,326,0.2829861111111111,815,191,0.2343558282208589
BBH,validation,discovery,494,1152,278,0.24131944444444445,815,197,0.24171779141104294
BBH,validation,discovery,495,1152,351,0.3046875,815,187,0.2294478527607362
BBH,validation,discovery,496,1152,275,0.2387152777777778,815,178,0.2184049079754601
BBH,validation,discovery,497,1152,255,0.22135416666666666,815,212,0.26012269938650306
BBH,validation,discovery,498,1152,308,0.2673611111111111,815,196,0.24049079754601227
BBH,validation,discovery,499,1152,250,0.2170138888888889,815,158,0.19386503067484662
BBH,validation,discovery,500,1152,301,0.2612847222222222,815,195,0.2392638036809816
BBH,validation,discovery,501,1152,310,0.2690972222222222,815,214,0.2625766871165644
BBH,validation,discovery,502,1152,299,0.2595486111111111,815,196,0.24049079754601227
BBH,validation,discovery,503,1152,247,0.2144097222222222,815,182,0.2233128834355828
BBH,validation,discovery,504,1152,305,0.2647569444444444,815,204,0.25030674846625767
BBH,validation,discovery,505,1152,326,0.2829861111111111,815,223,0.27361963190184047
BBH,validation,discovery,506,1152,283,0.2456597222222222,815,191,0.2343558282208589
BBH,validation,discovery,507,1152,274,0.2378472222222222,815,188,0.23067484662576687
BBH,validation,discovery,508,1152,298,0.2586805555555556,815,202,0.24785276073619633
BBH,validation,discovery,509,1152,302,0.2621527777777778,815,181,0.22208588957055214
BBH,validation,discovery,510,1152,292,0.2534722222222222,815,204,0.25030674846625767
BBH,validation,discovery,511,1152,317,0.2751736111111111,815,209,0.25644171779141106
BBH,validation,discovery,512,1152,270,0.234375,815,174,0.2134969325153374
BBH,validation,discovery,513,1152,283,0.2456597222222222,815,186,0.2282208588957055
BBH,validation,discovery,514,1152,264,0.22916666666666666,815,184,0.22576687116564417
BBH,validation,discovery,515,1152,297,0.2578125,815,185,0.22699386503067484
BBH,validation,discovery,516,1152,305,0.2647569444444444,815,176,0.21595092024539878
BBH,validation,discovery,517,1152,274,0.2378472222222222,815,185,0.22699386503067484
BBH,validation,discovery,518,1152,265,0.2300347222222222,815,136,0.1668711656441718
BBH,validation,discovery,519,1152,308,0.2673611111111111,815,190,0.2331288343558282
BBH,validation,discovery,520,1152,316,0.2743055555555556,815,145,0.17791411042944785
BBH,validation,discovery,521,1152,319,0.2769097222222222,815,176,0.21595092024539878
BBH,validation,discovery,522,1152,308,0.2673611111111111,815,178,0.2184049079754601
BBH,validation,discovery,523,1152,272,0.2361111111111111,815,204,0.25030674846625767
BBH,validation,discovery,524,1152,289,0.2508680555555556,815,167,0.2049079754601227
BBH,validation,discovery,525,1152,312,0.2708333333333333,815,211,0.2588957055214724
BBH,validation,discovery,526,1152,286,0.2482638888888889,815,187,0.2294478527607362
BBH,validation,discovery,527,1152,353,0.3064236111111111,815,245,0.3006134969325153
BBH,validation,discovery,528,1152,312,0.2708333333333333,815,217,0.26625766871165646
BBH,validation,discovery,529,1152,284,0.2465277777777778,815,188,0.23067484662576687
BBH,validation,discovery,530,1152,276,0.23958333333333334,815,173,0.21226993865030674
BBH,validation,discovery,531,1152,251,0.21788194444444445,815,158,0.19386503067484662
BBH,validation,discovery,532,1152,301,0.2612847222222222,815,171,0.2098159509202454
BBH,validation,discovery,533,1152,316,0.2743055555555556,815,180,0.22085889570552147
BBH,validation,discovery,534,1152,284,0.2465277777777778,815,184,0.22576687116564417
BBH,validation,discovery,535,1152,285,0.24739583333333334,815,178,0.2184049079754601
BBH,validation,discovery,536,1152,305,0.2647569444444444,815,218,0.2674846625766871
BBH,validation,discovery,537,1152,298,0.2586805555555556,815,176,0.21595092024539878
BBH,validation,discovery,538,1152,305,0.2647569444444444,815,200,0.24539877300613497
BBH,validation,discovery,539,1152,301,0.2612847222222222,815,214,0.2625766871165644
BBH,validation,discovery,540,1152,302,0.2621527777777778,815,204,0.25030674846625767
BBH,validation,discovery,541,1152,342,0.296875,815,213,0.26134969325153373
BBH,validation,discovery,542,1152,259,0.2248263888888889,815,184,0.22576687116564417
BBH,validation,discovery,543,1152,345,0.2994791666666667,815,201,0.24662576687116564
BBH,validation,discovery,544,1152,289,0.2508680555555556,815,168,0.20613496932515338
BBH,validation,discovery,545,1152,272,0.2361111111111111,815,169,0.20736196319018405
BBH,validation,discovery,546,1152,270,0.234375,815,173,0.21226993865030674
BBH,validation,discovery,547,1152,280,0.24305555555555555,815,165,0.20245398773006135
BBH,validation,discovery,548,1152,293,0.2543402777777778,815,180,0.22085889570552147
BBH,validation,discovery,549,1152,277,0.2404513888888889,815,184,0.22576687116564417
BBH,validation,discovery,550,1152,285,0.24739583333333334,815,155,0.1901840490797546
BBH,validation,discovery,551,1152,305,0.2647569444444444,815,197,0.24171779141104294
BBH,validation,discovery,552,1152,251,0.21788194444444445,815,200,0.24539877300613497
BBH,validation,discovery,553,1152,264,0.22916666666666666,815,155,0.1901840490797546
BBH,validation,discovery,554,1152,263,0.2282986111111111,815,196,0.24049079754601227
BBH,validation,discovery,555,1152,282,0.24479166666666666,815,198,0.24294478527607363
BBH,validation,discovery,556,1152,305,0.2647569444444444,815,180,0.22085889570552147
BBH,validation,discovery,557,1152,271,0.23524305555555555,815,169,0.20736196319018405
BBH,validation,discovery,558,1152,336,0.2916666666666667,815,209,0.25644171779141106
BBH,validation,discovery,559,1152,308,0.2673611111111111,815,152,0.18650306748466258
BBH,validation,discovery,560,1152,285,0.24739583333333334,815,173,0.21226993865030674
BBH,validation,discovery,561,1152,249,0.21614583333333334,815,159,0.1950920245398773
BBH,validation,discovery,562,1152,293,0.2543402777777778,815,225,0.27607361963190186
BBH,validation,discovery,563,1152,295,0.2560763888888889,815,193,0.23680981595092024
BBH,validation,discovery,564,1152,297,0.2578125,815,205,0.25153374233128833
BBH,validation,discovery,565,1152,297,0.2578125,815,174,0.2134969325153374
BBH,validation,discovery,566,1152,319,0.2769097222222222,815,197,0.24171779141104294
BBH,validation,discovery,567,1152,302,0.2621527777777778,815,185,0.22699386503067484
BBH,validation,discovery,568,1152,304,0.2638888888888889,815,187,0.2294478527607362
BBH,validation,discovery,569,1152,327,0.2838541666666667,815,190,0.2331288343558282
BBH,validation,discovery,570,1152,306,0.265625,815,187,0.2294478527607362
BBH,validation,discovery,571,1152,290,0.2517361111111111,815,191,0.2343558282208589
BBH,validation,discovery,572,1152,278,0.24131944444444445,815,210,0.25766871165644173
BBH,validation,discovery,573,1152,264,0.22916666666666666,815,215,0.26380368098159507
BBH,validation,discovery,574,1152,292,0.2534722222222222,815,223,0.27361963190184047
BBH,validation,discovery,575,1152,294,0.2552083333333333,815,176,0.21595092024539878
BBH,validation,discovery,576,1152,283,0.2456597222222222,815,166,0.20368098159509201
BBH,validation,discovery,577,1152,306,0.265625,815,236,0.28957055214723926
BBH,validation,discovery,578,1152,315,0.2734375,815,204,0.25030674846625767
BBH,validation,discovery,579,1152,311,0.2699652777777778,815,190,0.2331288343558282
BBH,validation,discovery,580,1152,271,0.23524305555555555,815,174,0.2134969325153374
BBH,validation,discovery,581,1152,343,0.2977430555555556,815,220,0.26993865030674846
BBH,validation,discovery,582,1152,326,0.2829861111111111,815,198,0.24294478527607363
BBH,validation,discovery,583,1152,285,0.24739583333333334,815,188,0.23067484662576687
BBH,validation,discovery,584,1152,248,0.2152777777777778,815,198,0.24294478527607363
BBH,validation,discovery,585,1152,305,0.2647569444444444,815,187,0.2294478527607362
BBH,validation,discovery,586,1152,318,0.2760416666666667,815,222,0.2723926380368098
BBH,validation,discovery,587,1152,326,0.2829861111111111,815,195,0.2392638036809816
BBH,validation,discovery,588,1152,295,0.2560763888888889,815,197,0.24171779141104294
BBH,validation,discovery,589,1152,288,0.25,815,188,0.23067484662576687
BBH,validation,discovery,590,1152,262,0.22743055555555555,815,154,0.18895705521472392
BBH,validation,discovery,591,1152,257,0.2230902777777778,815,178,0.2184049079754601
BBH,validation,discovery,592,1152,276,0.23958333333333334,815,167,0.2049079754601227
BBH,validation,discovery,593,1152,314,0.2725694444444444,815,190,0.2331288343558282
BBH,validation,discovery,594,1152,290,0.2517361111111111,815,192,0.23558282208588957
BBH,validation,discovery,595,1152,337,0.2925347222222222,815,170,0.2085889570552147
BBH,validation,discovery,596,1152,261,0.2265625,815,180,0.22085889570552147
BBH,validation,discovery,597,1152,332,0.2881944444444444,815,182,0.2233128834355828
BBH,validation,discovery,598,1152,321,0.2786458333333333,815,240,0.294478527607362
BBH,validation,discovery,599,1152,348,0.3020833333333333,815,222,0.2723926380368098
BBH,validation,discovery,600,1152,293,0.2543402777777778,815,204,0.25030674846625767
BBH,validation,discovery,601,1152,310,0.2690972222222222,815,173,0.21226993865030674
BBH,validation,discovery,602,1152,256,0.2222222222222222,815,158,0.19386503067484662
BBH,validation,discovery,603,1152,291,0.2526041666666667,815,202,0.24785276073619633
BBH,validation,discovery,604,1152,256,0.2222222222222222,815,180,0.22085889570552147
BBH,validation,discovery,605,1152,286,0.2482638888888889,815,193,0.23680981595092024
BBH,validation,discovery,606,1152,290,0.2517361111111111,815,219,0.2687116564417178
BBH,validation,discovery,607,1152,266,0.2309027777777778,815,172,0.21104294478527608
BBH,validation,discovery,608,1152,263,0.2282986111111111,815,181,0.22208588957055214
BBH,validation,discovery,609,1152,296,0.2569444444444444,815,168,0.20613496932515338
BBH,validation,discovery,610,1152,310,0.2690972222222222,815,154,0.18895705521472392
BBH,validation,discovery,611,1152,301,0.2612847222222222,815,182,0.2233128834355828
BBH,validation,discovery,612,1152,320,0.2777777777777778,815,183,0.2245398773006135
BBH,validation,discovery,613,1152,286,0.2482638888888889,815,194,0.23803680981595093
BBH,validation,discovery,614,1152,321,0.2786458333333333,815,187,0.2294478527607362
BBH,validation,discovery,615,1152,281,0.2439236111111111,815,187,0.2294478527607362
BBH,validation,discovery,616,1152,273,0.23697916666666666,815,182,0.2233128834355828
BBH,validation,discovery,617,1152,289,0.2508680555555556,815,190,0.2331288343558282
BBH,validation,discovery,618,1152,281,0.2439236111111111,815,176,0.21595092024539878
BBH,validation,discovery,619,1152,342,0.296875,815,191,0.2343558282208589
BBH,validation,discovery,620,1152,297,0.2578125,815,192,0.23558282208588957
BBH,validation,discovery,621,1152,265,0.2300347222222222,815,174,0.2134969325153374
BBH,validation,discovery,622,1152,311,0.2699652777777778,815,215,0.26380368098159507
BBH,validation,discovery,623,1152,278,0.24131944444444445,815,197,0.24171779141104294
BBH,validation,discovery,624,1152,294,0.2552083333333333,815,202,0.24785276073619633
BBH,validation,discovery,625,1152,258,0.22395833333333334,815,210,0.25766871165644173
BBH,validation,discovery,626,1152,271,0.23524305555555555,815,188,0.23067484662576687
BBH,validation,discovery,627,1152,263,0.2282986111111111,815,195,0.2392638036809816
BBH,validation,discovery,628,1152,299,0.2595486111111111,815,192,0.23558282208588957
BBH,validation,discovery,629,1152,331,0.2873263888888889,815,208,0.2552147239263804
BBH,validation,discovery,630,1152,308,0.2673611111111111,815,171,0.2098159509202454
BBH,validation,discovery,631,1152,309,0.2682291666666667,815,216,0.2650306748466258
BBH,validation,discovery,632,1152,316,0.2743055555555556,815,177,0.21717791411042944
BBH,validation,discovery,633,1152,334,0.2899305555555556,815,183,0.2245398773006135
BBH,validation,discovery,634,1152,255,0.22135416666666666,815,160,0.19631901840490798
BBH,validation,discovery,635,1152,279,0.2421875,815,166,0.20368098159509201
BBH,validation,discovery,636,1152,307,0.2664930555555556,815,193,0.23680981595092024
BBH,validation,discovery,637,1152,284,0.2465277777777778,815,201,0.24662576687116564
BBH,validation,discovery,638,1152,272,0.2361111111111111,815,166,0.20368098159509201
BBH,validation,discovery,639,1152,271,0.23524305555555555,815,167,0.2049079754601227
BBH,validation,discovery,640,1152,277,0.2404513888888889,815,206,0.252760736196319
BBH,validation,discovery,641,1152,242,0.21006944444444445,815,185,0.22699386503067484
BBH,validation,discovery,642,1152,260,0.22569444444444445,815,197,0.24171779141104294
BBH,validation,discovery,643,1152,306,0.265625,815,177,0.21717791411042944
BBH,validation,discovery,644,1152,296,0.2569444444444444,815,204,0.25030674846625767
BBH,validation,discovery,645,1152,252,0.21875,815,171,0.2098159509202454
BBH,validation,discovery,646,1152,268,0.2326388888888889,815,211,0.2588957055214724
BBH,validation,discovery,647,1152,299,0.2595486111111111,815,196,0.24049079754601227
BBH,validation,discovery,648,1152,278,0.24131944444444445,815,206,0.252760736196319
BBH,validation,discovery,649,1152,289,0.2508680555555556,815,221,0.27116564417177913
BBH,validation,discovery,650,1152,297,0.2578125,815,202,0.24785276073619633
BBH,validation,discovery,651,1152,293,0.2543402777777778,815,195,0.2392638036809816
BBH,validation,discovery,652,1152,261,0.2265625,815,193,0.23680981595092024
BBH,validation,discovery,653,1152,284,0.2465277777777778,815,205,0.25153374233128833
BBH,validation,discovery,654,1152,317,0.2751736111111111,815,212,0.26012269938650306
BBH,validation,discovery,655,1152,280,0.24305555555555555,815,152,0.18650306748466258
BBH,validation,discovery,656,1152,280,0.24305555555555555,815,180,0.22085889570552147
BBH,validation,discovery,657,1152,276,0.23958333333333334,815,183,0.2245398773006135
BBH,validation,discovery,658,1152,292,0.2534722222222222,815,217,0.26625766871165646
BBH,validation,discovery,659,1152,261,0.2265625,815,185,0.22699386503067484
BBH,validation,discovery,660,1152,281,0.2439236111111111,815,210,0.25766871165644173
BBH,validation,discovery,661,1152,290,0.2517361111111111,815,147,0.18036809815950922
BBH,validation,discovery,662,1152,291,0.2526041666666667,815,174,0.2134969325153374
BBH,validation,discovery,663,1152,284,0.2465277777777778,815,196,0.24049079754601227
BBH,validation,discovery,664,1152,308,0.2673611111111111,815,193,0.23680981595092024
BBH,validation,discovery,665,1152,260,0.22569444444444445,815,157,0.19263803680981595
BBH,validation,discovery,666,1152,253,0.21961805555555555,815,147,0.18036809815950922
BBH,validation,discovery,667,1152,254,0.2204861111111111,815,183,0.2245398773006135
BBH,validation,discovery,668,1152,297,0.2578125,815,178,0.2184049079754601
BBH,validation,discovery,669,1152,281,0.2439236111111111,815,189,0.23190184049079754
BBH,validation,discovery,670,1152,273,0.23697916666666666,815,171,0.2098159509202454
BBH,validation,discovery,671,1152,308,0.2673611111111111,815,214,0.2625766871165644
BBH,validation,discovery,672,1152,306,0.265625,815,215,0.26380368098159507
BBH,validation,discovery,673,1152,286,0.2482638888888889,815,149,0.18282208588957055
BBH,validation,discovery,674,1152,276,0.23958333333333334,815,150,0.18404907975460122
BBH,validation,discovery,675,1152,320,0.2777777777777778,815,205,0.25153374233128833
BBH,validation,discovery,676,1152,293,0.2543402777777778,815,175,0.2147239263803681
BBH,validation,discovery,677,1152,269,0.23350694444444445,815,171,0.2098159509202454
BBH,validation,discovery,678,1152,299,0.2595486111111111,815,229,0.2809815950920245
BBH,validation,discovery,679,1152,299,0.2595486111111111,815,168,0.20613496932515338
BBH,validation,discovery,680,1152,278,0.24131944444444445,815,180,0.22085889570552147
BBH,validation,discovery,681,1152,317,0.2751736111111111,815,215,0.26380368098159507
BBH,validation,discovery,682,1152,305,0.2647569444444444,815,230,0.2822085889570552
BBH,validation,discovery,683,1152,295,0.2560763888888889,815,188,0.23067484662576687
BBH,validation,discovery,684,1152,271,0.23524305555555555,815,157,0.19263803680981595
BBH,validation,discovery,685,1152,310,0.2690972222222222,815,184,0.22576687116564417
BBH,validation,discovery,686,1152,284,0.2465277777777778,815,181,0.22208588957055214
BBH,validation,discovery,687,1152,280,0.24305555555555555,815,164,0.20122699386503068
BBH,validation,discovery,688,1152,274,0.2378472222222222,815,186,0.2282208588957055
BBH,validation,discovery,689,1152,279,0.2421875,815,180,0.22085889570552147
BBH,validation,discovery,690,1152,275,0.2387152777777778,815,206,0.252760736196319
BBH,validation,discovery,691,1152,291,0.2526041666666667,815,191,0.2343558282208589
BBH,validation,discovery,692,1152,258,0.22395833333333334,815,182,0.2233128834355828
BBH,validation,discovery,693,1152,348,0.3020833333333333,815,190,0.2331288343558282
BBH,validation,discovery,694,1152,336,0.2916666666666667,815,193,0.23680981595092024
BBH,validation,discovery,695,1152,306,0.265625,815,195,0.2392638036809816
BBH,validation,discovery,696,1152,307,0.2664930555555556,815,144,0.17668711656441718
BBH,validation,discovery,697,1152,301,0.2612847222222222,815,186,0.2282208588957055
BBH,validation,discovery,698,1152,296,0.2569444444444444,815,174,0.2134969325153374
BBH,validation,discovery,699,1152,281,0.2439236111111111,815,177,0.21717791411042944
BBH,validation,discovery,700,1152,279,0.2421875,815,192,0.23558282208588957
BBH,validation,discovery,701,1152,258,0.22395833333333334,815,193,0.23680981595092024
BBH,validation,discovery,702,1152,287,0.24913194444444445,815,193,0.23680981595092024
BBH,validation,discovery,703,1152,303,0.2630208333333333,815,181,0.22208588957055214
BBH,validation,discovery,704,1152,265,0.2300347222222222,815,188,0.23067484662576687
BBH,validation,discovery,705,1152,299,0.2595486111111111,815,191,0.2343558282208589
BBH,validation,discovery,706,1152,257,0.2230902777777778,815,220,0.26993865030674846
BBH,validation,discovery,707,1152,304,0.2638888888888889,815,160,0.19631901840490798
BBH,validation,discovery,708,1152,265,0.2300347222222222,815,147,0.18036809815950922
BBH,validation,discovery,709,1152,277,0.2404513888888889,815,193,0.23680981595092024
BBH,validation,discovery,710,1152,328,0.2847222222222222,815,204,0.25030674846625767
BBH,validation,discovery,711,1152,319,0.2769097222222222,815,207,0.25398773006134967
BBH,validation,discovery,712,1152,270,0.234375,815,188,0.23067484662576687
BBH,validation,discovery,713,1152,316,0.2743055555555556,815,191,0.2343558282208589
BBH,validation,discovery,714,1152,291,0.2526041666666667,815,174,0.2134969325153374
BBH,validation,discovery,715,1152,310,0.2690972222222222,815,161,0.19754601226993865
BBH,validation,discovery,716,1152,270,0.234375,815,173,0.21226993865030674
BBH,validation,discovery,717,1152,289,0.2508680555555556,815,167,0.2049079754601227
BBH,validation,discovery,718,1152,342,0.296875,815,176,0.21595092024539878
BBH,validation,discovery,719,1152,281,0.2439236111111111,815,207,0.25398773006134967
BBH,validation,discovery,720,1152,265,0.2300347222222222,815,182,0.2233128834355828
BBH,validation,discovery,721,1152,267,0.23177083333333334,815,154,0.18895705521472392
BBH,validation,discovery,722,1152,276,0.23958333333333334,815,187,0.2294478527607362
BBH,validation,discovery,723,1152,294,0.2552083333333333,815,190,0.2331288343558282
BBH,validation,discovery,724,1152,288,0.25,815,197,0.24171779141104294
BBH,validation,discovery,725,1152,279,0.2421875,815,175,0.2147239263803681
BBH,validation,discovery,726,1152,283,0.2456597222222222,815,168,0.20613496932515338
BBH,validation,discovery,727,1152,305,0.2647569444444444,815,179,0.2196319018404908
BBH,validation,discovery,728,1152,270,0.234375,815,189,0.23190184049079754
BBH,validation,discovery,729,1152,283,0.2456597222222222,815,207,0.25398773006134967
BBH,validation,discovery,730,1152,315,0.2734375,815,187,0.2294478527607362
BBH,validation,discovery,731,1152,312,0.2708333333333333,815,179,0.2196319018404908
BBH,validation,discovery,732,1152,286,0.2482638888888889,815,161,0.19754601226993865
BBH,validation,discovery,733,1152,273,0.23697916666666666,815,207,0.25398773006134967
BBH,validation,discovery,734,1152,259,0.2248263888888889,815,171,0.2098159509202454
BBH,validation,discovery,735,1152,332,0.2881944444444444,815,194,0.23803680981595093
BBH,validation,discovery,736,1152,280,0.24305555555555555,815,176,0.21595092024539878
BBH,validation,discovery,737,1152,275,0.2387152777777778,815,175,0.2147239263803681
BBH,validation,discovery,738,1152,285,0.24739583333333334,815,178,0.2184049079754601
BBH,validation,discovery,739,1152,300,0.2604166666666667,815,189,0.23190184049079754
BBH,validation,discovery,740,1152,281,0.2439236111111111,815,199,0.2441717791411043
BBH,validation,discovery,741,1152,312,0.2708333333333333,815,221,0.27116564417177913
BBH,validation,discovery,742,1152,296,0.2569444444444444,815,198,0.24294478527607363
BBH,validation,discovery,743,1152,296,0.2569444444444444,815,178,0.2184049079754601
BBH,validation,discovery,744,1152,306,0.265625,815,201,0.24662576687116564
BBH,validation,discovery,745,1152,321,0.2786458333333333,815,205,0.25153374233128833
BBH,validation,discovery,746,1152,283,0.2456597222222222,815,199,0.2441717791411043
BBH,validation,discovery,747,1152,360,0.3125,815,232,0.2846625766871166
BBH,validation,discovery,748,1152,267,0.23177083333333334,815,175,0.2147239263803681
BBH,validation,discovery,749,1152,297,0.2578125,815,216,0.2650306748466258
BBH,validation,discovery,750,1152,286,0.2482638888888889,815,194,0.23803680981595093
BBH,validation,discovery,751,1152,253,0.21961805555555555,815,146,0.17914110429447852
BBH,validation,discovery,752,1152,255,0.22135416666666666,815,157,0.19263803680981595
BBH,validation,discovery,753,1152,321,0.2786458333333333,815,220,0.26993865030674846
BBH,validation,discovery,754,1152,296,0.2569444444444444,815,183,0.2245398773006135
BBH,validation,discovery,755,1152,285,0.24739583333333334,815,198,0.24294478527607363
BBH,validation,discovery,756,1152,278,0.24131944444444445,815,192,0.23558282208588957
BBH,validation,discovery,757,1152,318,0.2760416666666667,815,213,0.26134969325153373
BBH,validation,discovery,758,1152,335,0.2907986111111111,815,191,0.2343558282208589
BBH,validation,discovery,759,1152,295,0.2560763888888889,815,233,0.28588957055214725
BBH,validation,discovery,760,1152,292,0.2534722222222222,815,173,0.21226993865030674
BBH,validation,discovery,761,1152,272,0.2361111111111111,815,164,0.20122699386503068
BBH,validation,discovery,762,1152,269,0.23350694444444445,815,194,0.23803680981595093
BBH,validation,discovery,763,1152,274,0.2378472222222222,815,182,0.2233128834355828
BBH,validation,discovery,764,1152,329,0.2855902777777778,815,215,0.26380368098159507
BBH,validation,discovery,765,1152,262,0.22743055555555555,815,167,0.2049079754601227
BBH,validation,discovery,766,1152,277,0.2404513888888889,815,196,0.24049079754601227
BBH,validation,discovery,767,1152,325,0.2821180555555556,815,205,0.25153374233128833
BBH,validation,discovery,768,1152,275,0.2387152777777778,815,181,0.22208588957055214
BBH,validation,discovery,769,1152,327,0.2838541666666667,815,178,0.2184049079754601
BBH,validation,discovery,770,1152,261,0.2265625,815,144,0.17668711656441718
BBH,validation,discovery,771,1152,335,0.2907986111111111,815,195,0.2392638036809816
BBH,validation,discovery,772,1152,309,0.2682291666666667,815,190,0.2331288343558282
BBH,validation,discovery,773,1152,316,0.2743055555555556,815,201,0.24662576687116564
BBH,validation,discovery,774,1152,323,0.2803819444444444,815,186,0.2282208588957055
BBH,validation,discovery,775,1152,291,0.2526041666666667,815,182,0.2233128834355828
BBH,validation,discovery,776,1152,274,0.2378472222222222,815,175,0.2147239263803681
BBH,validation,discovery,777,1152,264,0.22916666666666666,815,186,0.2282208588957055
BBH,validation,discovery,778,1152,286,0.2482638888888889,815,185,0.22699386503067484
BBH,validation,discovery,779,1152,315,0.2734375,815,193,0.23680981595092024
BBH,validation,discovery,780,1152,260,0.22569444444444445,815,204,0.25030674846625767
BBH,validation,discovery,781,1152,256,0.2222222222222222,815,199,0.2441717791411043
BBH,validation,discovery,782,1152,269,0.23350694444444445,815,170,0.2085889570552147
BBH,validation,discovery,783,1152,284,0.2465277777777778,815,188,0.23067484662576687
BBH,validation,discovery,784,1152,240,0.20833333333333334,815,189,0.23190184049079754
BBH,validation,discovery,785,1152,339,0.2942708333333333,815,177,0.21717791411042944
BBH,validation,discovery,786,1152,286,0.2482638888888889,815,178,0.2184049079754601
BBH,validation,discovery,787,1152,305,0.2647569444444444,815,206,0.252760736196319
BBH,validation,discovery,788,1152,306,0.265625,815,191,0.2343558282208589
BBH,validation,discovery,789,1152,323,0.2803819444444444,815,225,0.27607361963190186
BBH,validation,discovery,790,1152,345,0.2994791666666667,815,190,0.2331288343558282
BBH,validation,discovery,791,1152,298,0.2586805555555556,815,204,0.25030674846625767
BBH,validation,discovery,792,1152,303,0.2630208333333333,815,211,0.2588957055214724
BBH,validation,discovery,793,1152,330,0.2864583333333333,815,184,0.22576687116564417
BBH,validation,discovery,794,1152,278,0.24131944444444445,815,222,0.2723926380368098
BBH,validation,discovery,795,1152,301,0.2612847222222222,815,187,0.2294478527607362
BBH,validation,discovery,796,1152,304,0.2638888888888889,815,180,0.22085889570552147
BBH,validation,discovery,797,1152,297,0.2578125,815,205,0.25153374233128833
BBH,validation,discovery,798,1152,268,0.2326388888888889,815,161,0.19754601226993865
BBH,validation,discovery,799,1152,268,0.2326388888888889,815,188,0.23067484662576687
BBH,validation,discovery,800,1152,308,0.2673611111111111,815,186,0.2282208588957055
BBH,validation,discovery,801,1152,298,0.2586805555555556,815,193,0.23680981595092024
BBH,validation,discovery,802,1152,284,0.2465277777777778,815,172,0.21104294478527608
BBH,validation,discovery,803,1152,286,0.2482638888888889,815,229,0.2809815950920245
BBH,validation,discovery,804,1152,268,0.2326388888888889,815,186,0.2282208588957055
BBH,validation,discovery,805,1152,323,0.2803819444444444,815,225,0.27607361963190186
BBH,validation,discovery,806,1152,291,0.2526041666666667,815,213,0.26134969325153373
BBH,validation,discovery,807,1152,280,0.24305555555555555,815,154,0.18895705521472392
BBH,validation,discovery,808,1152,286,0.2482638888888889,815,191,0.2343558282208589
BBH,validation,discovery,809,1152,269,0.23350694444444445,815,150,0.18404907975460122
BBH,validation,discovery,810,1152,286,0.2482638888888889,815,183,0.2245398773006135
BBH,validation,discovery,811,1152,300,0.2604166666666667,815,222,0.2723926380368098
BBH,validation,discovery,812,1152,282,0.24479166666666666,815,182,0.2233128834355828
BBH,validation,discovery,813,1152,275,0.2387152777777778,815,170,0.2085889570552147
BBH,validation,discovery,814,1152,318,0.2760416666666667,815,176,0.21595092024539878
BBH,validation,discovery,815,1152,267,0.23177083333333334,815,183,0.2245398773006135
BBH,validation,discovery,816,1152,272,0.2361111111111111,815,219,0.2687116564417178
BBH,validation,discovery,817,1152,285,0.24739583333333334,815,186,0.2282208588957055
BBH,validation,discovery,818,1152,293,0.2543402777777778,815,177,0.21717791411042944
BBH,validation,discovery,819,1152,275,0.2387152777777778,815,196,0.24049079754601227
BBH,validation,discovery,820,1152,290,0.2517361111111111,815,217,0.26625766871165646
BBH,validation,discovery,821,1152,333,0.2890625,815,181,0.22208588957055214
BBH,validation,discovery,822,1152,289,0.2508680555555556,815,211,0.2588957055214724
BBH,validation,discovery,823,1152,265,0.2300347222222222,815,199,0.2441717791411043
BBH,validation,discovery,824,1152,304,0.2638888888888889,815,166,0.20368098159509201
BBH,validation,discovery,825,1152,292,0.2534722222222222,815,186,0.2282208588957055
BBH,validation,discovery,826,1152,301,0.2612847222222222,815,198,0.24294478527607363
BBH,validation,discovery,827,1152,284,0.2465277777777778,815,204,0.25030674846625767
BBH,validation,discovery,828,1152,272,0.2361111111111111,815,192,0.23558282208588957
BBH,validation,discovery,829,1152,296,0.2569444444444444,815,196,0.24049079754601227
BBH,validation,discovery,830,1152,263,0.2282986111111111,815,160,0.19631901840490798
BBH,validation,discovery,831,1152,248,0.2152777777777778,815,161,0.19754601226993865
BBH,validation,discovery,832,1152,265,0.2300347222222222,815,197,0.24171779141104294
BBH,validation,discovery,833,1152,298,0.2586805555555556,815,159,0.1950920245398773
BBH,validation,discovery,834,1152,294,0.2552083333333333,815,188,0.23067484662576687
BBH,validation,discovery,835,1152,299,0.2595486111111111,815,187,0.2294478527607362
BBH,validation,discovery,836,1152,277,0.2404513888888889,815,208,0.2552147239263804
BBH,validation,discovery,837,1152,314,0.2725694444444444,815,161,0.19754601226993865
BBH,validation,discovery,838,1152,304,0.2638888888888889,815,186,0.2282208588957055
BBH,validation,discovery,839,1152,317,0.2751736111111111,815,184,0.22576687116564417
BBH,validation,discovery,840,1152,292,0.2534722222222222,815,195,0.2392638036809816
BBH,validation,discovery,841,1152,291,0.2526041666666667,815,201,0.24662576687116564
BBH,validation,discovery,842,1152,289,0.2508680555555556,815,203,0.249079754601227
BBH,validation,discovery,843,1152,284,0.2465277777777778,815,180,0.22085889570552147
BBH,validation,discovery,844,1152,279,0.2421875,815,179,0.2196319018404908
BBH,validation,discovery,845,1152,343,0.2977430555555556,815,224,0.2748466257668712
BBH,validation,discovery,846,1152,308,0.2673611111111111,815,198,0.24294478527607363
BBH,validation,discovery,847,1152,246,0.21354166666666666,815,164,0.20122699386503068
BBH,validation,discovery,848,1152,267,0.23177083333333334,815,165,0.20245398773006135
BBH,validation,discovery,849,1152,323,0.2803819444444444,815,181,0.22208588957055214
BBH,validation,discovery,850,1152,306,0.265625,815,217,0.26625766871165646
BBH,validation,discovery,851,1152,315,0.2734375,815,202,0.24785276073619633
BBH,validation,discovery,852,1152,288,0.25,815,205,0.25153374233128833
BBH,validation,discovery,853,1152,277,0.2404513888888889,815,198,0.24294478527607363
BBH,validation,discovery,854,1152,280,0.24305555555555555,815,164,0.20122699386503068
BBH,validation,discovery,855,1152,354,0.3072916666666667,815,210,0.25766871165644173
BBH,validation,discovery,856,1152,292,0.2534722222222222,815,185,0.22699386503067484
BBH,validation,discovery,857,1152,283,0.2456597222222222,815,188,0.23067484662576687
BBH,validation,discovery,858,1152,282,0.24479166666666666,815,204,0.25030674846625767
BBH,validation,discovery,859,1152,279,0.2421875,815,171,0.2098159509202454
BBH,validation,discovery,860,1152,329,0.2855902777777778,815,186,0.2282208588957055
BBH,validation,discovery,861,1152,317,0.2751736111111111,815,188,0.23067484662576687
BBH,validation,discovery,862,1152,269,0.23350694444444445,815,166,0.20368098159509201
BBH,validation,discovery,863,1152,338,0.2934027777777778,815,202,0.24785276073619633
BBH,validation,discovery,864,1152,299,0.2595486111111111,815,195,0.2392638036809816
BBH,validation,discovery,865,1152,300,0.2604166666666667,815,218,0.2674846625766871
BBH,validation,discovery,866,1152,300,0.2604166666666667,815,172,0.21104294478527608
BBH,validation,discovery,867,1152,314,0.2725694444444444,815,192,0.23558282208588957
BBH,validation,discovery,868,1152,289,0.2508680555555556,815,178,0.2184049079754601
BBH,validation,discovery,869,1152,304,0.2638888888888889,815,194,0.23803680981595093
BBH,validation,discovery,870,1152,300,0.2604166666666667,815,209,0.25644171779141106
BBH,validation,discovery,871,1152,317,0.2751736111111111,815,176,0.21595092024539878
BBH,validation,discovery,872,1152,311,0.2699652777777778,815,188,0.23067484662576687
BBH,validation,discovery,873,1152,292,0.2534722222222222,815,220,0.26993865030674846
BBH,validation,discovery,874,1152,283,0.2456597222222222,815,214,0.2625766871165644
BBH,validation,discovery,875,1152,345,0.2994791666666667,815,210,0.25766871165644173
BBH,validation,discovery,876,1152,309,0.2682291666666667,815,146,0.17914110429447852
BBH,validation,discovery,877,1152,311,0.2699652777777778,815,207,0.25398773006134967
BBH,validation,discovery,878,1152,304,0.2638888888888889,815,157,0.19263803680981595
BBH,validation,discovery,879,1152,341,0.2960069444444444,815,217,0.26625766871165646
BBH,validation,discovery,880,1152,290,0.2517361111111111,815,215,0.26380368098159507
BBH,validation,discovery,881,1152,306,0.265625,815,229,0.2809815950920245
BBH,validation,discovery,882,1152,335,0.2907986111111111,815,204,0.25030674846625767
BBH,validation,discovery,883,1152,286,0.2482638888888889,815,178,0.2184049079754601
BBH,validation,discovery,884,1152,280,0.24305555555555555,815,202,0.24785276073619633
BBH,validation,discovery,885,1152,315,0.2734375,815,203,0.249079754601227
BBH,validation,discovery,886,1152,240,0.20833333333333334,815,207,0.25398773006134967
BBH,validation,discovery,887,1152,293,0.2543402777777778,815,187,0.2294478527607362
BBH,validation,discovery,888,1152,259,0.2248263888888889,815,188,0.23067484662576687
BBH,validation,discovery,889,1152,313,0.2717013888888889,815,185,0.22699386503067484
BBH,validation,discovery,890,1152,297,0.2578125,815,204,0.25030674846625767
BBH,validation,discovery,891,1152,269,0.23350694444444445,815,172,0.21104294478527608
BBH,validation,discovery,892,1152,270,0.234375,815,218,0.2674846625766871
BBH,validation,discovery,893,1152,280,0.24305555555555555,815,207,0.25398773006134967
BBH,validation,discovery,894,1152,296,0.2569444444444444,815,209,0.25644171779141106
BBH,validation,discovery,895,1152,312,0.2708333333333333,815,215,0.26380368098159507
BBH,validation,discovery,896,1152,289,0.2508680555555556,815,186,0.2282208588957055
BBH,validation,discovery,897,1152,282,0.24479166666666666,815,203,0.249079754601227
BBH,validation,discovery,898,1152,259,0.2248263888888889,815,191,0.2343558282208589
BBH,validation,discovery,899,1152,303,0.2630208333333333,815,194,0.23803680981595093
BBH,validation,discovery,900,1152,252,0.21875,815,210,0.25766871165644173
BBH,validation,discovery,901,1152,281,0.2439236111111111,815,168,0.20613496932515338
BBH,validation,discovery,902,1152,309,0.2682291666666667,815,188,0.23067484662576687
BBH,validation,discovery,903,1152,291,0.2526041666666667,815,195,0.2392638036809816
BBH,validation,discovery,904,1152,290,0.2517361111111111,815,181,0.22208588957055214
BBH,validation,discovery,905,1152,289,0.2508680555555556,815,177,0.21717791411042944
BBH,validation,discovery,906,1152,301,0.2612847222222222,815,211,0.2588957055214724
BBH,validation,discovery,907,1152,287,0.24913194444444445,815,203,0.249079754601227
BBH,validation,discovery,908,1152,308,0.2673611111111111,815,235,0.2883435582822086
BBH,validation,discovery,909,1152,268,0.2326388888888889,815,202,0.24785276073619633
BBH,validation,discovery,910,1152,281,0.2439236111111111,815,188,0.23067484662576687
BBH,validation,discovery,911,1152,311,0.2699652777777778,815,189,0.23190184049079754
BBH,validation,discovery,912,1152,344,0.2986111111111111,815,196,0.24049079754601227
BBH,validation,discovery,913,1152,273,0.23697916666666666,815,192,0.23558282208588957
BBH,validation,discovery,914,1152,337,0.2925347222222222,815,209,0.25644171779141106
BBH,validation,discovery,915,1152,273,0.23697916666666666,815,188,0.23067484662576687
BBH,validation,discovery,916,1152,313,0.2717013888888889,815,206,0.252760736196319
BBH,validation,discovery,917,1152,304,0.2638888888888889,815,203,0.249079754601227
BBH,validation,discovery,918,1152,300,0.2604166666666667,815,232,0.2846625766871166
BBH,validation,discovery,919,1152,293,0.2543402777777778,815,183,0.2245398773006135
BBH,validation,discovery,920,1152,347,0.3012152777777778,815,196,0.24049079754601227
BBH,validation,discovery,921,1152,315,0.2734375,815,187,0.2294478527607362
BBH,validation,discovery,922,1152,311,0.2699652777777778,815,188,0.23067484662576687
BBH,validation,discovery,923,1152,255,0.22135416666666666,815,192,0.23558282208588957
BBH,validation,discovery,924,1152,304,0.2638888888888889,815,276,0.33865030674846625
BBH,validation,discovery,925,1152,291,0.2526041666666667,815,174,0.2134969325153374
BBH,validation,discovery,926,1152,297,0.2578125,815,185,0.22699386503067484
BBH,validation,discovery,927,1152,314,0.2725694444444444,815,215,0.26380368098159507
BBH,validation,discovery,928,1152,292,0.2534722222222222,815,165,0.20245398773006135
BBH,validation,discovery,929,1152,319,0.2769097222222222,815,199,0.2441717791411043
BBH,validation,discovery,930,1152,305,0.2647569444444444,815,183,0.2245398773006135
BBH,validation,discovery,931,1152,303,0.2630208333333333,815,156,0.19141104294478528
BBH,validation,discovery,932,1152,271,0.23524305555555555,815,178,0.2184049079754601
BBH,validation,discovery,933,1152,248,0.2152777777777778,815,170,0.2085889570552147
BBH,validation,discovery,934,1152,278,0.24131944444444445,815,148,0.18159509202453988
BBH,validation,discovery,935,1152,322,0.2795138888888889,815,188,0.23067484662576687
BBH,validation,discovery,936,1152,288,0.25,815,211,0.2588957055214724
BBH,validation,discovery,937,1152,266,0.2309027777777778,815,199,0.2441717791411043
BBH,validation,discovery,938,1152,276,0.23958333333333334,815,163,0.2
BBH,validation,discovery,939,1152,257,0.2230902777777778,815,187,0.2294478527607362
BBH,validation,discovery,940,1152,291,0.2526041666666667,815,205,0.25153374233128833
BBH,validation,discovery,941,1152,282,0.24479166666666666,815,151,0.18527607361963191
BBH,validation,discovery,942,1152,243,0.2109375,815,160,0.19631901840490798
BBH,validation,discovery,943,1152,332,0.2881944444444444,815,162,0.19877300613496932
BBH,validation,discovery,944,1152,294,0.2552083333333333,815,188,0.23067484662576687
BBH,validation,discovery,945,1152,280,0.24305555555555555,815,165,0.20245398773006135
BBH,validation,discovery,946,1152,264,0.22916666666666666,815,191,0.2343558282208589
BBH,validation,discovery,947,1152,275,0.2387152777777778,815,222,0.2723926380368098
BBH,validation,discovery,948,1152,297,0.2578125,815,196,0.24049079754601227
BBH,validation,discovery,949,1152,277,0.2404513888888889,815,195,0.2392638036809816
BBH,validation,discovery,950,1152,298,0.2586805555555556,815,173,0.21226993865030674
BBH,validation,discovery,951,1152,313,0.2717013888888889,815,205,0.25153374233128833
BBH,validation,discovery,952,1152,310,0.2690972222222222,815,215,0.26380368098159507
BBH,validation,discovery,953,1152,291,0.2526041666666667,815,148,0.18159509202453988
BBH,validation,discovery,954,1152,277,0.2404513888888889,815,190,0.2331288343558282
BBH,validation,discovery,955,1152,320,0.2777777777777778,815,241,0.29570552147239265
BBH,validation,discovery,956,1152,302,0.2621527777777778,815,199,0.2441717791411043
BBH,validation,discovery,957,1152,278,0.24131944444444445,815,212,0.26012269938650306
BBH,validation,discovery,958,1152,273,0.23697916666666666,815,183,0.2245398773006135
BBH,validation,discovery,959,1152,304,0.2638888888888889,815,164,0.20122699386503068
BBH,validation,discovery,960,1152,301,0.2612847222222222,815,195,0.2392638036809816
BBH,validation,discovery,961,1152,268,0.2326388888888889,815,170,0.2085889570552147
BBH,validation,discovery,962,1152,268,0.2326388888888889,815,196,0.24049079754601227
BBH,validation,discovery,963,1152,290,0.2517361111111111,815,204,0.25030674846625767
BBH,validation,discovery,964,1152,296,0.2569444444444444,815,199,0.2441717791411043
BBH,validation,discovery,965,1152,320,0.2777777777777778,815,208,0.2552147239263804
BBH,validation,discovery,966,1152,270,0.234375,815,203,0.249079754601227
BBH,validation,discovery,967,1152,316,0.2743055555555556,815,202,0.24785276073619633
BBH,validation,discovery,968,1152,315,0.2734375,815,184,0.22576687116564417
BBH,validation,discovery,969,1152,265,0.2300347222222222,815,198,0.24294478527607363
BBH,validation,discovery,970,1152,326,0.2829861111111111,815,201,0.24662576687116564
BBH,validation,discovery,971,1152,279,0.2421875,815,149,0.18282208588957055
BBH,validation,discovery,972,1152,269,0.23350694444444445,815,198,0.24294478527607363
BBH,validation,discovery,973,1152,280,0.24305555555555555,815,182,0.2233128834355828
BBH,validation,discovery,974,1152,321,0.2786458333333333,815,156,0.19141104294478528
BBH,validation,discovery,975,1152,298,0.2586805555555556,815,172,0.21104294478527608
BBH,validation,discovery,976,1152,270,0.234375,815,146,0.17914110429447852
BBH,validation,discovery,977,1152,287,0.24913194444444445,815,164,0.20122699386503068
BBH,validation,discovery,978,1152,255,0.22135416666666666,815,166,0.20368098159509201
BBH,validation,discovery,979,1152,284,0.2465277777777778,815,164,0.20122699386503068
BBH,validation,discovery,980,1152,330,0.2864583333333333,815,186,0.2282208588957055
BBH,validation,discovery,981,1152,293,0.2543402777777778,815,199,0.2441717791411043
BBH,validation,discovery,982,1152,238,0.2065972222222222,815,199,0.2441717791411043
BBH,validation,discovery,983,1152,288,0.25,815,179,0.2196319018404908
BBH,validation,discovery,984,1152,260,0.22569444444444445,815,159,0.1950920245398773
BBH,validation,discovery,985,1152,242,0.21006944444444445,815,147,0.18036809815950922
BBH,validation,discovery,986,1152,293,0.2543402777777778,815,222,0.2723926380368098
BBH,validation,discovery,987,1152,303,0.2630208333333333,815,188,0.23067484662576687
BBH,validation,discovery,988,1152,309,0.2682291666666667,815,170,0.2085889570552147
BBH,validation,discovery,989,1152,247,0.2144097222222222,815,179,0.2196319018404908
BBH,validation,discovery,990,1152,306,0.265625,815,189,0.23190184049079754
BBH,validation,discovery,991,1152,331,0.2873263888888889,815,191,0.2343558282208589
BBH,validation,discovery,992,1152,291,0.2526041666666667,815,178,0.2184049079754601
BBH,validation,discovery,993,1152,321,0.2786458333333333,815,211,0.2588957055214724
BBH,validation,discovery,994,1152,288,0.25,815,210,0.25766871165644173
BBH,validation,discovery,995,1152,289,0.2508680555555556,815,199,0.2441717791411043
BBH,validation,discovery,996,1152,317,0.2751736111111111,815,201,0.24662576687116564
BBH,validation,discovery,997,1152,332,0.2881944444444444,815,187,0.2294478527607362
BBH,validation,discovery,998,1152,304,0.2638888888888889,815,210,0.25766871165644173
BBH,validation,discovery,999,1152,269,0.23350694444444445,815,184,0.22576687116564417
MMLU,discovery,validation,0,1879,304,0.1617881852048962,2246,335,0.1491540516473731
MMLU,discovery,validation,1,1879,350,0.18626929217668972,2246,310,0.13802315227070347
MMLU,discovery,validation,2,1879,274,0.14582224587546566,2246,307,0.13668744434550312
MMLU,discovery,validation,3,1879,250,0.13304949441192124,2246,264,0.11754229741763135
MMLU,discovery,validation,4,1879,303,0.16125598722724854,2246,344,0.15316117542297417
MMLU,discovery,validation,5,1879,269,0.14316125598722726,2246,315,0.1402493321460374
MMLU,discovery,validation,6,1879,322,0.17136774880255454,2246,339,0.15093499554764025
MMLU,discovery,validation,7,1879,247,0.13145290047897817,2246,355,0.1580587711487088
MMLU,discovery,validation,8,1879,264,0.14050026609898883,2246,306,0.13624220837043632
MMLU,discovery,validation,9,1879,329,0.17509313464608833,2246,305,0.13579697239536956
MMLU,discovery,validation,10,1879,298,0.1585949973390101,2246,340,0.15138023152270705
MMLU,discovery,validation,11,1879,264,0.14050026609898883,2246,356,0.1585040071237756
MMLU,discovery,validation,12,1879,326,0.1734965407131453,2246,307,0.13668744434550312
MMLU,discovery,validation,13,1879,304,0.1617881852048962,2246,340,0.15138023152270705
MMLU,discovery,validation,14,1879,282,0.15007982969664715,2246,302,0.13446126447016918
MMLU,discovery,validation,15,1879,403,0.21447578499201703,2246,369,0.1642920747996438
MMLU,discovery,validation,16,1879,332,0.1766897285790314,2246,363,0.1616206589492431
MMLU,discovery,validation,17,1879,301,0.16019159127195318,2246,372,0.16562778272484416
MMLU,discovery,validation,18,1879,299,0.1591271953166578,2246,333,0.14826357969723955
MMLU,discovery,validation,19,1879,261,0.13890367216604577,2246,317,0.14113980409617097
MMLU,discovery,validation,20,1879,243,0.12932410856838744,2246,301,0.1340160284951024
MMLU,discovery,validation,21,1879,303,0.16125598722724854,2246,284,0.12644701691896706
MMLU,discovery,validation,22,1879,236,0.12559872272485365,2246,342,0.1522707034728406
MMLU,discovery,validation,23,1879,343,0.18254390633315593,2246,305,0.13579697239536956
MMLU,discovery,validation,24,1879,377,0.2006386375731772,2246,326,0.14514692787177205
MMLU,discovery,validation,25,1879,320,0.17030335284725917,2246,358,0.15939447907390916
MMLU,discovery,validation,26,1879,344,0.18307610431080362,2246,339,0.15093499554764025
MMLU,discovery,validation,27,1879,247,0.13145290047897817,2246,289,0.12867319679430098
MMLU,discovery,validation,28,1879,241,0.12825971261309208,2246,331,0.14737310774710596
MMLU,discovery,validation,29,1879,250,0.13304949441192124,2246,327,0.14559216384683882
MMLU,discovery,validation,30,1879,289,0.15380521554018095,2246,309,0.13757791629563668
MMLU,discovery,validation,31,1879,318,0.1692389568919638,2246,305,0.13579697239536956
MMLU,discovery,validation,32,1879,329,0.17509313464608833,2246,334,0.14870881567230632
MMLU,discovery,validation,33,1879,320,0.17030335284725917,2246,305,0.13579697239536956
MMLU,discovery,validation,34,1879,278,0.14795103778605642,2246,347,0.15449688334817455
MMLU,discovery,validation,35,1879,311,0.16551357104843,2246,302,0.13446126447016918
MMLU,discovery,validation,36,1879,237,0.12613092070250134,2246,278,0.12377560106856635
MMLU,discovery,validation,37,1879,262,0.13943587014369346,2246,294,0.13089937666963491
MMLU,discovery,validation,38,1879,338,0.1798829164449175,2246,298,0.13268032056990206
MMLU,discovery,validation,39,1879,277,0.14741883980840872,2246,340,0.15138023152270705
MMLU,discovery,validation,40,1879,275,0.14635444385311336,2246,343,0.1527159394479074
MMLU,discovery,validation,41,1879,303,0.16125598722724854,2246,312,0.13891362422083706
MMLU,discovery,validation,42,1879,307,0.16338477913783928,2246,360,0.16028495102404275
MMLU,discovery,validation,43,1879,323,0.17189994678020223,2246,296,0.13178984861976847
MMLU,discovery,validation,44,1879,329,0.17509313464608833,2246,298,0.13268032056990206
MMLU,discovery,validation,45,1879,446,0.23736029803086747,2246,384,0.1709706144256456
MMLU,discovery,validation,46,1879,259,0.1378392762107504,2246,324,0.14425645592163847
MMLU,discovery,validation,47,1879,306,0.16285258116019158,2246,336,0.1495992876224399
MMLU,discovery,validation,48,1879,344,0.18307610431080362,2246,317,0.14113980409617097
MMLU,discovery,validation,49,1879,293,0.15593400745077168,2246,301,0.1340160284951024
MMLU,discovery,validation,50,1879,293,0.15593400745077168,2246,331,0.14737310774710596
MMLU,discovery,validation,51,1879,301,0.16019159127195318,2246,283,0.12600178094390027
MMLU,discovery,validation,52,1879,248,0.13198509845662587,2246,308,0.1371326803205699
MMLU,discovery,validation,53,1879,462,0.24587546567323043,2246,324,0.14425645592163847
MMLU,discovery,validation,54,1879,301,0.16019159127195318,2246,288,0.12822796081923418
MMLU,discovery,validation,55,1879,275,0.14635444385311336,2246,297,0.13223508459483527
MMLU,discovery,validation,56,1879,265,0.1410324640766365,2246,326,0.14514692787177205
MMLU,discovery,validation,57,1879,333,0.1772219265566791,2246,349,0.1553873552983081
MMLU,discovery,validation,58,1879,355,0.18893028206492815,2246,301,0.1340160284951024
MMLU,discovery,validation,59,1879,275,0.14635444385311336,2246,298,0.13268032056990206
MMLU,discovery,validation,60,1879,320,0.17030335284725917,2246,323,0.14381121994657167
MMLU,discovery,validation,61,1879,311,0.16551357104843,2246,342,0.1522707034728406
MMLU,discovery,validation,62,1879,310,0.16498137307078234,2246,276,0.12288512911843277
MMLU,discovery,validation,63,1879,316,0.16817456093666844,2246,350,0.1558325912733749
MMLU,discovery,validation,64,1879,251,0.1335816923895689,2246,304,0.13535173642030277
MMLU,discovery,validation,65,1879,307,0.16338477913783928,2246,268,0.11932324131789848
MMLU,discovery,validation,66,1879,358,0.19052687599787121,2246,308,0.1371326803205699
MMLU,discovery,validation,67,1879,274,0.14582224587546566,2246,305,0.13579697239536956
MMLU,discovery,validation,68,1879,292,0.15540180947312401,2246,321,0.1429207479964381
MMLU,discovery,validation,69,1879,347,0.18467269824374669,2246,298,0.13268032056990206
MMLU,discovery,validation,70,1879,257,0.13677488025545503,2246,319,0.14203027604630455
MMLU,discovery,validation,71,1879,280,0.1490154337413518,2246,296,0.13178984861976847
MMLU,discovery,validation,72,1879,400,0.21287919105907396,2246,330,0.14692787177203917
MMLU,discovery,validation,73,1879,303,0.16125598722724854,2246,374,0.16651825467497774
MMLU,discovery,validation,74,1879,305,0.1623203831825439,2246,344,0.15316117542297417
MMLU,discovery,validation,75,1879,326,0.1734965407131453,2246,318,0.14158504007123776
MMLU,discovery,validation,76,1879,285,0.15167642362959022,2246,327,0.14559216384683882
MMLU,discovery,validation,77,1879,264,0.14050026609898883,2246,309,0.13757791629563668
MMLU,discovery,validation,78,1879,304,0.1617881852048962,2246,365,0.16251113089937666
MMLU,discovery,validation,79,1879,284,0.15114422565194252,2246,310,0.13802315227070347
MMLU,discovery,validation,80,1879,269,0.14316125598722726,2246,341,0.15182546749777381
MMLU,discovery,validation,81,1879,348,0.18520489622139436,2246,342,0.1522707034728406
MMLU,discovery,validation,82,1879,342,0.18201170835550826,2246,327,0.14559216384683882
MMLU,discovery,validation,83,1879,256,0.13624268227780734,2246,283,0.12600178094390027
MMLU,discovery,validation,84,1879,343,0.18254390633315593,2246,339,0.15093499554764025
MMLU,discovery,validation,85,1879,276,0.14688664183076106,2246,304,0.13535173642030277
MMLU,discovery,validation,86,1879,320,0.17030335284725917,2246,287,0.12778272484416742
MMLU,discovery,validation,87,1879,269,0.14316125598722726,2246,308,0.1371326803205699
MMLU,discovery,validation,88,1879,284,0.15114422565194252,2246,262,0.11665182546749778
MMLU,discovery,validation,89,1879,313,0.16657796700372537,2246,331,0.14737310774710596
MMLU,discovery,validation,90,1879,268,0.14262905800957956,2246,331,0.14737310774710596
MMLU,discovery,validation,91,1879,441,0.23469930814262907,2246,310,0.13802315227070347
MMLU,discovery,validation,92,1879,330,0.17562533262373603,2246,323,0.14381121994657167
MMLU,discovery,validation,93,1879,384,0.204364023416711,2246,320,0.14247551202137132
MMLU,discovery,validation,94,1879,278,0.14795103778605642,2246,292,0.13000890471950133
MMLU,discovery,validation,95,1879,320,0.17030335284725917,2246,355,0.1580587711487088
MMLU,discovery,validation,96,1879,262,0.13943587014369346,2246,344,0.15316117542297417
MMLU,discovery,validation,97,1879,292,0.15540180947312401,2246,296,0.13178984861976847
MMLU,discovery,validation,98,1879,262,0.13943587014369346,2246,316,0.14069456812110417
MMLU,discovery,validation,99,1879,324,0.17243214475784993,2246,292,0.13000890471950133
MMLU,discovery,validation,100,1879,269,0.14316125598722726,2246,360,0.16028495102404275
MMLU,discovery,validation,101,1879,253,0.1346460883448643,2246,297,0.13223508459483527
MMLU,discovery,validation,102,1879,350,0.18626929217668972,2246,335,0.1491540516473731
MMLU,discovery,validation,103,1879,421,0.22405534858967535,2246,319,0.14203027604630455
MMLU,discovery,validation,104,1879,373,0.19850984566258648,2246,320,0.14247551202137132
MMLU,discovery,validation,105,1879,320,0.17030335284725917,2246,308,0.1371326803205699
MMLU,discovery,validation,106,1879,337,0.17935071846726983,2246,308,0.1371326803205699
MMLU,discovery,validation,107,1879,313,0.16657796700372537,2246,289,0.12867319679430098
MMLU,discovery,validation,108,1879,258,0.1373070782331027,2246,318,0.14158504007123776
MMLU,discovery,validation,109,1879,337,0.17935071846726983,2246,310,0.13802315227070347
MMLU,discovery,validation,110,1879,260,0.1383714741883981,2246,303,0.13490650044523597
MMLU,discovery,validation,111,1879,317,0.16870675891431614,2246,311,0.13846838824577026
MMLU,discovery,validation,112,1879,286,0.1522086216072379,2246,338,0.15048975957257346
MMLU,discovery,validation,113,1879,400,0.21287919105907396,2246,299,0.13312555654496883
MMLU,discovery,validation,114,1879,315,0.16764236295902077,2246,315,0.1402493321460374
MMLU,discovery,validation,115,1879,321,0.17083555082490687,2246,302,0.13446126447016918
MMLU,discovery,validation,116,1879,381,0.20276742948376797,2246,256,0.11398040961709706
MMLU,discovery,validation,117,1879,342,0.18201170835550826,2246,399,0.17764915405164738
MMLU,discovery,validation,118,1879,412,0.2192655667908462,2246,369,0.1642920747996438
MMLU,discovery,validation,119,1879,284,0.15114422565194252,2246,340,0.15138023152270705
MMLU,discovery,validation,120,1879,291,0.15486961149547632,2246,296,0.13178984861976847
MMLU,discovery,validation,121,1879,337,0.17935071846726983,2246,301,0.1340160284951024
MMLU,discovery,validation,122,1879,283,0.15061202767429482,2246,348,0.1549421193232413
MMLU,discovery,validation,123,1879,282,0.15007982969664715,2246,316,0.14069456812110417
MMLU,discovery,validation,124,1879,286,0.1522086216072379,2246,323,0.14381121994657167
MMLU,discovery,validation,125,1879,310,0.16498137307078234,2246,323,0.14381121994657167
MMLU,discovery,validation,126,1879,263,0.13996806812134113,2246,315,0.1402493321460374
MMLU,discovery,validation,127,1879,348,0.18520489622139436,2246,318,0.14158504007123776
MMLU,discovery,validation,128,1879,250,0.13304949441192124,2246,270,0.12021371326803205
MMLU,discovery,validation,129,1879,273,0.145290047897818,2246,345,0.15360641139804096
MMLU,discovery,validation,130,1879,301,0.16019159127195318,2246,332,0.14781834372217276
MMLU,discovery,validation,131,1879,308,0.16391697711548697,2246,315,0.1402493321460374
MMLU,discovery,validation,132,1879,242,0.12879191059073974,2246,346,0.15405164737310775
MMLU,discovery,validation,133,1879,325,0.1729643427354976,2246,318,0.14158504007123776
MMLU,discovery,validation,134,1879,249,0.13251729643427354,2246,327,0.14559216384683882
MMLU,discovery,validation,135,1879,264,0.14050026609898883,2246,293,0.13045414069456812
MMLU,discovery,validation,136,1879,269,0.14316125598722726,2246,327,0.14559216384683882
MMLU,discovery,validation,137,1879,252,0.1341138903672166,2246,294,0.13089937666963491
MMLU,discovery,validation,138,1879,321,0.17083555082490687,2246,328,0.1460373998219056
MMLU,discovery,validation,139,1879,341,0.18147951037786056,2246,331,0.14737310774710596
MMLU,discovery,validation,140,1879,339,0.1804151144225652,2246,440,0.19590382902938558
MMLU,discovery,validation,141,1879,238,0.126663118680149,2246,324,0.14425645592163847
MMLU,discovery,validation,142,1879,285,0.15167642362959022,2246,316,0.14069456812110417
MMLU,discovery,validation,143,1879,311,0.16551357104843,2246,368,0.163846838824577
MMLU,discovery,validation,144,1879,257,0.13677488025545503,2246,274,0.1219946571682992
MMLU,discovery,validation,145,1879,268,0.14262905800957956,2246,313,0.13935886019590382
MMLU,discovery,validation,146,1879,285,0.15167642362959022,2246,320,0.14247551202137132
MMLU,discovery,validation,147,1879,300,0.15965939329430548,2246,269,0.11976847729296528
MMLU,discovery,validation,148,1879,290,0.15433741351782862,2246,358,0.15939447907390916
MMLU,discovery,validation,149,1879,318,0.1692389568919638,2246,322,0.1433659839715049
MMLU,discovery,validation,150,1879,317,0.16870675891431614,2246,322,0.1433659839715049
MMLU,discovery,validation,151,1879,270,0.14369345396487493,2246,344,0.15316117542297417
MMLU,discovery,validation,152,1879,276,0.14688664183076106,2246,292,0.13000890471950133
MMLU,discovery,validation,153,1879,331,0.17615753060138373,2246,374,0.16651825467497774
MMLU,discovery,validation,154,1879,302,0.16072378924960085,2246,285,0.12689225289403383
MMLU,discovery,validation,155,1879,286,0.1522086216072379,2246,347,0.15449688334817455
MMLU,discovery,validation,156,1879,332,0.1766897285790314,2246,377,0.1678539626001781
MMLU,discovery,validation,157,1879,284,0.15114422565194252,2246,317,0.14113980409617097
MMLU,discovery,validation,158,1879,258,0.1373070782331027,2246,318,0.14158504007123776
MMLU,discovery,validation,159,1879,386,0.2054284193720064,2246,280,0.1246660730186999
MMLU,discovery,validation,160,1879,349,0.18573709419904205,2246,399,0.17764915405164738
MMLU,discovery,validation,161,1879,322,0.17136774880255454,2246,313,0.13935886019590382
MMLU,discovery,validation,162,1879,271,0.14422565194252263,2246,358,0.15939447907390916
MMLU,discovery,validation,163,1879,259,0.1378392762107504,2246,296,0.13178984861976847
MMLU,discovery,validation,164,1879,306,0.16285258116019158,2246,352,0.15672306322350846
MMLU,discovery,validation,165,1879,282,0.15007982969664715,2246,317,0.14113980409617097
MMLU,discovery,validation,166,1879,324,0.17243214475784993,2246,353,0.15716829919857525
MMLU,discovery,validation,167,1879,259,0.1378392762107504,2246,298,0.13268032056990206
MMLU,discovery,validation,168,1879,234,0.12453432676955828,2246,294,0.13089937666963491
MMLU,discovery,validation,169,1879,282,0.15007982969664715,2246,267,0.1188780053428317
MMLU,discovery,validation,170,1879,341,0.18147951037786056,2246,312,0.13891362422083706
MMLU,discovery,validation,171,1879,288,0.15327301756253325,2246,305,0.13579697239536956
MMLU,discovery,validation,172,1879,292,0.15540180947312401,2246,289,0.12867319679430098
MMLU,discovery,validation,173,1879,266,0.1415646620542842,2246,337,0.15004452359750667
MMLU,discovery,validation,174,1879,281,0.14954763171899946,2246,292,0.13000890471950133
MMLU,discovery,validation,175,1879,321,0.17083555082490687,2246,334,0.14870881567230632
MMLU,discovery,validation,176,1879,322,0.17136774880255454,2246,315,0.1402493321460374
MMLU,discovery,validation,177,1879,262,0.13943587014369346,2246,324,0.14425645592163847
MMLU,discovery,validation,178,1879,323,0.17189994678020223,2246,345,0.15360641139804096
MMLU,discovery,validation,179,1879,266,0.1415646620542842,2246,308,0.1371326803205699
MMLU,discovery,validation,180,1879,245,0.1303885045236828,2246,295,0.13134461264470168
MMLU,discovery,validation,181,1879,313,0.16657796700372537,2246,319,0.14203027604630455
MMLU,discovery,validation,182,1879,299,0.1591271953166578,2246,322,0.1433659839715049
MMLU,discovery,validation,183,1879,345,0.1836083022884513,2246,325,0.14470169189670526
MMLU,discovery,validation,184,1879,301,0.16019159127195318,2246,325,0.14470169189670526
MMLU,discovery,validation,185,1879,318,0.1692389568919638,2246,288,0.12822796081923418
MMLU,discovery,validation,186,1879,312,0.1660457690260777,2246,358,0.15939447907390916
MMLU,discovery,validation,187,1879,399,0.2123469930814263,2246,398,0.1772039180765806
MMLU,discovery,validation,188,1879,270,0.14369345396487493,2246,345,0.15360641139804096
MMLU,discovery,validation,189,1879,275,0.14635444385311336,2246,295,0.13134461264470168
MMLU,discovery,validation,190,1879,304,0.1617881852048962,2246,300,0.13357079252003562
MMLU,discovery,validation,191,1879,288,0.15327301756253325,2246,336,0.1495992876224399
MMLU,discovery,validation,192,1879,284,0.15114422565194252,2246,399,0.17764915405164738
MMLU,discovery,validation,193,1879,291,0.15486961149547632,2246,326,0.14514692787177205
MMLU,discovery,validation,194,1879,280,0.1490154337413518,2246,315,0.1402493321460374
MMLU,discovery,validation,195,1879,292,0.15540180947312401,2246,389,0.1731967943009795
MMLU,discovery,validation,196,1879,290,0.15433741351782862,2246,280,0.1246660730186999
MMLU,discovery,validation,197,1879,283,0.15061202767429482,2246,338,0.15048975957257346
MMLU,discovery,validation,198,1879,251,0.1335816923895689,2246,312,0.13891362422083706
MMLU,discovery,validation,199,1879,298,0.1585949973390101,2246,310,0.13802315227070347
MMLU,discovery,validation,200,1879,310,0.16498137307078234,2246,299,0.13312555654496883
MMLU,discovery,validation,201,1879,309,0.16444917509313464,2246,312,0.13891362422083706
MMLU,discovery,validation,202,1879,334,0.17775412453432676,2246,329,0.1464826357969724
MMLU,discovery,validation,203,1879,319,0.1697711548696115,2246,335,0.1491540516473731
MMLU,discovery,validation,204,1879,250,0.13304949441192124,2246,277,0.12333036509349955
MMLU,discovery,validation,205,1879,265,0.1410324640766365,2246,297,0.13223508459483527
MMLU,discovery,validation,206,1879,279,0.1484832357637041,2246,330,0.14692787177203917
MMLU,discovery,validation,207,1879,265,0.1410324640766365,2246,328,0.1460373998219056
MMLU,discovery,validation,208,1879,320,0.17030335284725917,2246,303,0.13490650044523597
MMLU,discovery,validation,209,1879,343,0.18254390633315593,2246,365,0.16251113089937666
MMLU,discovery,validation,210,1879,276,0.14688664183076106,2246,332,0.14781834372217276
MMLU,discovery,validation,211,1879,298,0.1585949973390101,2246,331,0.14737310774710596
MMLU,discovery,validation,212,1879,284,0.15114422565194252,2246,314,0.13980409617097062
MMLU,discovery,validation,213,1879,312,0.1660457690260777,2246,313,0.13935886019590382
MMLU,discovery,validation,214,1879,223,0.11868014901543374,2246,300,0.13357079252003562
MMLU,discovery,validation,215,1879,330,0.17562533262373603,2246,303,0.13490650044523597
MMLU,discovery,validation,216,1879,322,0.17136774880255454,2246,299,0.13312555654496883
MMLU,discovery,validation,217,1879,296,0.15753060138371475,2246,326,0.14514692787177205
MMLU,discovery,validation,218,1879,285,0.15167642362959022,2246,299,0.13312555654496883
MMLU,discovery,validation,219,1879,296,0.15753060138371475,2246,332,0.14781834372217276
MMLU,discovery,validation,220,1879,339,0.1804151144225652,2246,278,0.12377560106856635
MMLU,discovery,validation,221,1879,272,0.1447578499201703,2246,285,0.12689225289403383
MMLU,discovery,validation,222,1879,285,0.15167642362959022,2246,315,0.1402493321460374
MMLU,discovery,validation,223,1879,317,0.16870675891431614,2246,337,0.15004452359750667
MMLU,discovery,validation,224,1879,357,0.18999467802022352,2246,299,0.13312555654496883
MMLU,discovery,validation,225,1879,290,0.15433741351782862,2246,326,0.14514692787177205
MMLU,discovery,validation,226,1879,372,0.1979776476849388,2246,261,0.11620658949243098
MMLU,discovery,validation,227,1879,408,0.21713677488025546,2246,308,0.1371326803205699
MMLU,discovery,validation,228,1879,283,0.15061202767429482,2246,317,0.14113980409617097
MMLU,discovery,validation,229,1879,256,0.13624268227780734,2246,339,0.15093499554764025
MMLU,discovery,validation,230,1879,291,0.15486961149547632,2246,317,0.14113980409617097
MMLU,discovery,validation,231,1879,369,0.19638105375199574,2246,317,0.14113980409617097
MMLU,discovery,validation,232,1879,312,0.1660457690260777,2246,342,0.1522707034728406
MMLU,discovery,validation,233,1879,406,0.2160723789249601,2246,292,0.13000890471950133
MMLU,discovery,validation,234,1879,317,0.16870675891431614,2246,309,0.13757791629563668
MMLU,discovery,validation,235,1879,339,0.1804151144225652,2246,256,0.11398040961709706
MMLU,discovery,validation,236,1879,288,0.15327301756253325,2246,318,0.14158504007123776
MMLU,discovery,validation,237,1879,354,0.18839808408728048,2246,300,0.13357079252003562
MMLU,discovery,validation,238,1879,318,0.1692389568919638,2246,397,0.1767586821015138
MMLU,discovery,validation,239,1879,253,0.1346460883448643,2246,247,0.10997328584149599
MMLU,discovery,validation,240,1879,308,0.16391697711548697,2246,370,0.1647373107747106
MMLU,discovery,validation,241,1879,290,0.15433741351782862,2246,312,0.13891362422083706
MMLU,discovery,validation,242,1879,325,0.1729643427354976,2246,385,0.1714158504007124
MMLU,discovery,validation,243,1879,298,0.1585949973390101,2246,297,0.13223508459483527
MMLU,discovery,validation,244,1879,262,0.13943587014369346,2246,283,0.12600178094390027
MMLU,discovery,validation,245,1879,309,0.16444917509313464,2246,316,0.14069456812110417
MMLU,discovery,validation,246,1879,318,0.1692389568919638,2246,327,0.14559216384683882
MMLU,discovery,validation,247,1879,239,0.1271953166577967,2246,310,0.13802315227070347
MMLU,discovery,validation,248,1879,304,0.1617881852048962,2246,325,0.14470169189670526
MMLU,discovery,validation,249,1879,319,0.1697711548696115,2246,346,0.15405164737310775
MMLU,discovery,validation,250,1879,300,0.15965939329430548,2246,308,0.1371326803205699
MMLU,discovery,validation,251,1879,324,0.17243214475784993,2246,347,0.15449688334817455
MMLU,discovery,validation,252,1879,284,0.15114422565194252,2246,321,0.1429207479964381
MMLU,discovery,validation,253,1879,240,0.12772751463544438,2246,323,0.14381121994657167
MMLU,discovery,validation,254,1879,297,0.15806279936136242,2246,308,0.1371326803205699
MMLU,discovery,validation,255,1879,331,0.17615753060138373,2246,266,0.11843276936776491
MMLU,discovery,validation,256,1879,307,0.16338477913783928,2246,375,0.1669634906500445
MMLU,discovery,validation,257,1879,279,0.1484832357637041,2246,324,0.14425645592163847
MMLU,discovery,validation,258,1879,299,0.1591271953166578,2246,330,0.14692787177203917
MMLU,discovery,validation,259,1879,323,0.17189994678020223,2246,321,0.1429207479964381
MMLU,discovery,validation,260,1879,366,0.19478445981905268,2246,347,0.15449688334817455
MMLU,discovery,validation,261,1879,311,0.16551357104843,2246,342,0.1522707034728406
MMLU,discovery,validation,262,1879,413,0.2197977647684939,2246,301,0.1340160284951024
MMLU,discovery,validation,263,1879,326,0.1734965407131453,2246,331,0.14737310774710596
MMLU,discovery,validation,264,1879,290,0.15433741351782862,2246,300,0.13357079252003562
MMLU,discovery,validation,265,1879,327,0.17402873869079297,2246,351,0.15627782724844166
MMLU,discovery,validation,266,1879,358,0.19052687599787121,2246,287,0.12778272484416742
MMLU,discovery,validation,267,1879,324,0.17243214475784993,2246,316,0.14069456812110417
MMLU,discovery,validation,268,1879,289,0.15380521554018095,2246,343,0.1527159394479074
MMLU,discovery,validation,269,1879,323,0.17189994678020223,2246,323,0.14381121994657167
MMLU,discovery,validation,270,1879,311,0.16551357104843,2246,287,0.12778272484416742
MMLU,discovery,validation,271,1879,332,0.1766897285790314,2246,360,0.16028495102404275
MMLU,discovery,validation,272,1879,233,0.1240021287919106,2246,284,0.12644701691896706
MMLU,discovery,validation,273,1879,365,0.194252261841405,2246,324,0.14425645592163847
MMLU,discovery,validation,274,1879,390,0.20755721128259713,2246,315,0.1402493321460374
MMLU,discovery,validation,275,1879,347,0.18467269824374669,2246,352,0.15672306322350846
MMLU,discovery,validation,276,1879,329,0.17509313464608833,2246,305,0.13579697239536956
MMLU,discovery,validation,277,1879,333,0.1772219265566791,2246,281,0.12511130899376668
MMLU,discovery,validation,278,1879,315,0.16764236295902077,2246,382,0.170080142475512
MMLU,discovery,validation,279,1879,282,0.15007982969664715,2246,292,0.13000890471950133
MMLU,discovery,validation,280,1879,258,0.1373070782331027,2246,346,0.15405164737310775
MMLU,discovery,validation,281,1879,324,0.17243214475784993,2246,298,0.13268032056990206
MMLU,discovery,validation,282,1879,285,0.15167642362959022,2246,338,0.15048975957257346
MMLU,discovery,validation,283,1879,300,0.15965939329430548,2246,298,0.13268032056990206
MMLU,discovery,validation,284,1879,339,0.1804151144225652,2246,357,0.1589492430988424
MMLU,discovery,validation,285,1879,291,0.15486961149547632,2246,287,0.12778272484416742
MMLU,discovery,validation,286,1879,293,0.15593400745077168,2246,326,0.14514692787177205
MMLU,discovery,validation,287,1879,308,0.16391697711548697,2246,358,0.15939447907390916
MMLU,discovery,validation,288,1879,306,0.16285258116019158,2246,249,0.11086375779162956
MMLU,discovery,validation,289,1879,261,0.13890367216604577,2246,297,0.13223508459483527
MMLU,discovery,validation,290,1879,273,0.145290047897818,2246,343,0.1527159394479074
MMLU,discovery,validation,291,1879,285,0.15167642362959022,2246,309,0.13757791629563668
MMLU,discovery,validation,292,1879,309,0.16444917509313464,2246,272,0.12110418521816563
MMLU,discovery,validation,293,1879,315,0.16764236295902077,2246,289,0.12867319679430098
MMLU,discovery,validation,294,1879,301,0.16019159127195318,2246,396,0.176313446126447
MMLU,discovery,validation,295,1879,285,0.15167642362959022,2246,307,0.13668744434550312
MMLU,discovery,validation,296,1879,307,0.16338477913783928,2246,350,0.1558325912733749
MMLU,discovery,validation,297,1879,345,0.1836083022884513,2246,356,0.1585040071237756
MMLU,discovery,validation,298,1879,261,0.13890367216604577,2246,287,0.12778272484416742
MMLU,discovery,validation,299,1879,364,0.1937200638637573,2246,341,0.15182546749777381
MMLU,discovery,validation,300,1879,318,0.1692389568919638,2246,340,0.15138023152270705
MMLU,discovery,validation,301,1879,276,0.14688664183076106,2246,301,0.1340160284951024
MMLU,discovery,validation,302,1879,487,0.2591804151144226,2246,336,0.1495992876224399
MMLU,discovery,validation,303,1879,282,0.15007982969664715,2246,291,0.12956366874443456
MMLU,discovery,validation,304,1879,302,0.16072378924960085,2246,274,0.1219946571682992
MMLU,discovery,validation,305,1879,277,0.14741883980840872,2246,372,0.16562778272484416
MMLU,discovery,validation,306,1879,278,0.14795103778605642,2246,290,0.12911843276936777
MMLU,discovery,validation,307,1879,275,0.14635444385311336,2246,284,0.12644701691896706
MMLU,discovery,validation,308,1879,313,0.16657796700372537,2246,325,0.14470169189670526
MMLU,discovery,validation,309,1879,303,0.16125598722724854,2246,346,0.15405164737310775
MMLU,discovery,validation,310,1879,269,0.14316125598722726,2246,357,0.1589492430988424
MMLU,discovery,validation,311,1879,282,0.15007982969664715,2246,315,0.1402493321460374
MMLU,discovery,validation,312,1879,293,0.15593400745077168,2246,314,0.13980409617097062
MMLU,discovery,validation,313,1879,325,0.1729643427354976,2246,342,0.1522707034728406
MMLU,discovery,validation,314,1879,310,0.16498137307078234,2246,436,0.19412288512911843
MMLU,discovery,validation,315,1879,336,0.17881852048962213,2246,317,0.14113980409617097
MMLU,discovery,validation,316,1879,328,0.17456093666844066,2246,340,0.15138023152270705
MMLU,discovery,validation,317,1879,315,0.16764236295902077,2246,385,0.1714158504007124
MMLU,discovery,validation,318,1879,328,0.17456093666844066,2246,313,0.13935886019590382
MMLU,discovery,validation,319,1879,343,0.18254390633315593,2246,340,0.15138023152270705
MMLU,discovery,validation,320,1879,230,0.12240553485896753,2246,244,0.10863757791629564
MMLU,discovery,validation,321,1879,287,0.15274081958488558,2246,266,0.11843276936776491
MMLU,discovery,validation,322,1879,326,0.1734965407131453,2246,339,0.15093499554764025
MMLU,discovery,validation,323,1879,299,0.1591271953166578,2246,367,0.16340160284951025
MMLU,discovery,validation,324,1879,254,0.13517828632251197,2246,268,0.11932324131789848
MMLU,discovery,validation,325,1879,342,0.18201170835550826,2246,354,0.15761353517364202
MMLU,discovery,validation,326,1879,313,0.16657796700372537,2246,356,0.1585040071237756
MMLU,discovery,validation,327,1879,273,0.145290047897818,2246,347,0.15449688334817455
MMLU,discovery,validation,328,1879,271,0.14422565194252263,2246,320,0.14247551202137132
MMLU,discovery,validation,329,1879,341,0.18147951037786056,2246,343,0.1527159394479074
MMLU,discovery,validation,330,1879,320,0.17030335284725917,2246,316,0.14069456812110417
MMLU,discovery,validation,331,1879,285,0.15167642362959022,2246,331,0.14737310774710596
MMLU,discovery,validation,332,1879,366,0.19478445981905268,2246,316,0.14069456812110417
MMLU,discovery,validation,333,1879,304,0.1617881852048962,2246,394,0.17542297417631345
MMLU,discovery,validation,334,1879,271,0.14422565194252263,2246,313,0.13935886019590382
MMLU,discovery,validation,335,1879,275,0.14635444385311336,2246,318,0.14158504007123776
MMLU,discovery,validation,336,1879,243,0.12932410856838744,2246,295,0.13134461264470168
MMLU,discovery,validation,337,1879,327,0.17402873869079297,2246,300,0.13357079252003562
MMLU,discovery,validation,338,1879,260,0.1383714741883981,2246,295,0.13134461264470168
MMLU,discovery,validation,339,1879,323,0.17189994678020223,2246,278,0.12377560106856635
MMLU,discovery,validation,340,1879,271,0.14422565194252263,2246,318,0.14158504007123776
MMLU,discovery,validation,341,1879,224,0.11921234699308142,2246,315,0.1402493321460374
MMLU,discovery,validation,342,1879,352,0.1873336881319851,2246,353,0.15716829919857525
MMLU,discovery,validation,343,1879,317,0.16870675891431614,2246,339,0.15093499554764025
MMLU,discovery,validation,344,1879,292,0.15540180947312401,2246,336,0.1495992876224399
MMLU,discovery,validation,345,1879,290,0.15433741351782862,2246,315,0.1402493321460374
MMLU,discovery,validation,346,1879,276,0.14688664183076106,2246,324,0.14425645592163847
MMLU,discovery,validation,347,1879,357,0.18999467802022352,2246,335,0.1491540516473731
MMLU,discovery,validation,348,1879,267,0.14209686003193187,2246,325,0.14470169189670526
MMLU,discovery,validation,349,1879,292,0.15540180947312401,2246,344,0.15316117542297417
MMLU,discovery,validation,350,1879,262,0.13943587014369346,2246,326,0.14514692787177205
MMLU,discovery,validation,351,1879,265,0.1410324640766365,2246,311,0.13846838824577026
MMLU,discovery,validation,352,1879,346,0.184140500266099,2246,379,0.16874443455031166
MMLU,discovery,validation,353,1879,300,0.15965939329430548,2246,383,0.1705253784505788
MMLU,discovery,validation,354,1879,498,0.2650345928685471,2246,307,0.13668744434550312
MMLU,discovery,validation,355,1879,450,0.23948908994145823,2246,312,0.13891362422083706
MMLU,discovery,validation,356,1879,363,0.19318786588610964,2246,328,0.1460373998219056
MMLU,discovery,validation,357,1879,339,0.1804151144225652,2246,329,0.1464826357969724
MMLU,discovery,validation,358,1879,253,0.1346460883448643,2246,316,0.14069456812110417
MMLU,discovery,validation,359,1879,377,0.2006386375731772,2246,324,0.14425645592163847
MMLU,discovery,validation,360,1879,329,0.17509313464608833,2246,323,0.14381121994657167
MMLU,discovery,validation,361,1879,296,0.15753060138371475,2246,325,0.14470169189670526
MMLU,discovery,validation,362,1879,360,0.19159127195316658,2246,392,0.1745325022261799
MMLU,discovery,validation,363,1879,253,0.1346460883448643,2246,317,0.14113980409617097
MMLU,discovery,validation,364,1879,347,0.18467269824374669,2246,307,0.13668744434550312
MMLU,discovery,validation,365,1879,288,0.15327301756253325,2246,267,0.1188780053428317
MMLU,discovery,validation,366,1879,240,0.12772751463544438,2246,305,0.13579697239536956
MMLU,discovery,validation,367,1879,308,0.16391697711548697,2246,298,0.13268032056990206
MMLU,discovery,validation,368,1879,307,0.16338477913783928,2246,312,0.13891362422083706
MMLU,discovery,validation,369,1879,263,0.13996806812134113,2246,322,0.1433659839715049
MMLU,discovery,validation,370,1879,330,0.17562533262373603,2246,376,0.1674087266251113
MMLU,discovery,validation,371,1879,387,0.20596061734965407,2246,321,0.1429207479964381
MMLU,discovery,validation,372,1879,289,0.15380521554018095,2246,323,0.14381121994657167
MMLU,discovery,validation,373,1879,262,0.13943587014369346,2246,305,0.13579697239536956
MMLU,discovery,validation,374,1879,322,0.17136774880255454,2246,362,0.1611754229741763
MMLU,discovery,validation,375,1879,314,0.16711016498137307,2246,308,0.1371326803205699
MMLU,discovery,validation,376,1879,251,0.1335816923895689,2246,291,0.12956366874443456
MMLU,discovery,validation,377,1879,312,0.1660457690260777,2246,296,0.13178984861976847
MMLU,discovery,validation,378,1879,288,0.15327301756253325,2246,294,0.13089937666963491
MMLU,discovery,validation,379,1879,297,0.15806279936136242,2246,333,0.14826357969723955
MMLU,discovery,validation,380,1879,351,0.18680149015433742,2246,310,0.13802315227070347
MMLU,discovery,validation,381,1879,317,0.16870675891431614,2246,301,0.1340160284951024
MMLU,discovery,validation,382,1879,327,0.17402873869079297,2246,365,0.16251113089937666
MMLU,discovery,validation,383,1879,263,0.13996806812134113,2246,352,0.15672306322350846
MMLU,discovery,validation,384,1879,263,0.13996806812134113,2246,295,0.13134461264470168
MMLU,discovery,validation,385,1879,331,0.17615753060138373,2246,332,0.14781834372217276
MMLU,discovery,validation,386,1879,262,0.13943587014369346,2246,321,0.1429207479964381
MMLU,discovery,validation,387,1879,282,0.15007982969664715,2246,298,0.13268032056990206
MMLU,discovery,validation,388,1879,302,0.16072378924960085,2246,388,0.17275155832591274
MMLU,discovery,validation,389,1879,275,0.14635444385311336,2246,286,0.12733748886910062
MMLU,discovery,validation,390,1879,311,0.16551357104843,2246,329,0.1464826357969724
MMLU,discovery,validation,391,1879,326,0.1734965407131453,2246,403,0.1794300979519145
MMLU,discovery,validation,392,1879,267,0.14209686003193187,2246,362,0.1611754229741763
MMLU,discovery,validation,393,1879,271,0.14422565194252263,2246,328,0.1460373998219056
MMLU,discovery,validation,394,1879,321,0.17083555082490687,2246,304,0.13535173642030277
MMLU,discovery,validation,395,1879,276,0.14688664183076106,2246,295,0.13134461264470168
MMLU,discovery,validation,396,1879,287,0.15274081958488558,2246,321,0.1429207479964381
MMLU,discovery,validation,397,1879,319,0.1697711548696115,2246,329,0.1464826357969724
MMLU,discovery,validation,398,1879,231,0.12293773283661522,2246,346,0.15405164737310775
MMLU,discovery,validation,399,1879,344,0.18307610431080362,2246,417,0.1856634016028495
MMLU,discovery,validation,400,1879,298,0.1585949973390101,2246,286,0.12733748886910062
MMLU,discovery,validation,401,1879,338,0.1798829164449175,2246,280,0.1246660730186999
MMLU,discovery,validation,402,1879,345,0.1836083022884513,2246,335,0.1491540516473731
MMLU,discovery,validation,403,1879,348,0.18520489622139436,2246,367,0.16340160284951025
MMLU,discovery,validation,404,1879,326,0.1734965407131453,2246,354,0.15761353517364202
MMLU,discovery,validation,405,1879,299,0.1591271953166578,2246,351,0.15627782724844166
MMLU,discovery,validation,406,1879,289,0.15380521554018095,2246,310,0.13802315227070347
MMLU,discovery,validation,407,1879,326,0.1734965407131453,2246,339,0.15093499554764025
MMLU,discovery,validation,408,1879,322,0.17136774880255454,2246,330,0.14692787177203917
MMLU,discovery,validation,409,1879,418,0.22245875465673232,2246,260,0.1157613535173642
MMLU,discovery,validation,410,1879,300,0.15965939329430548,2246,363,0.1616206589492431
MMLU,discovery,validation,411,1879,317,0.16870675891431614,2246,343,0.1527159394479074
MMLU,discovery,validation,412,1879,259,0.1378392762107504,2246,288,0.12822796081923418
MMLU,discovery,validation,413,1879,262,0.13943587014369346,2246,308,0.1371326803205699
MMLU,discovery,validation,414,1879,323,0.17189994678020223,2246,275,0.12243989314336598
MMLU,discovery,validation,415,1879,245,0.1303885045236828,2246,323,0.14381121994657167
MMLU,discovery,validation,416,1879,320,0.17030335284725917,2246,332,0.14781834372217276
MMLU,discovery,validation,417,1879,315,0.16764236295902077,2246,323,0.14381121994657167
MMLU,discovery,validation,418,1879,268,0.14262905800957956,2246,349,0.1553873552983081
MMLU,discovery,validation,419,1879,323,0.17189994678020223,2246,336,0.1495992876224399
MMLU,discovery,validation,420,1879,272,0.1447578499201703,2246,333,0.14826357969723955
MMLU,discovery,validation,421,1879,396,0.21075039914848323,2246,403,0.1794300979519145
MMLU,discovery,validation,422,1879,347,0.18467269824374669,2246,377,0.1678539626001781
MMLU,discovery,validation,423,1879,288,0.15327301756253325,2246,322,0.1433659839715049
MMLU,discovery,validation,424,1879,288,0.15327301756253325,2246,332,0.14781834372217276
MMLU,discovery,validation,425,1879,308,0.16391697711548697,2246,325,0.14470169189670526
MMLU,discovery,validation,426,1879,315,0.16764236295902077,2246,301,0.1340160284951024
MMLU,discovery,validation,427,1879,327,0.17402873869079297,2246,290,0.12911843276936777
MMLU,discovery,validation,428,1879,374,0.19904204364023417,2246,305,0.13579697239536956
MMLU,discovery,validation,429,1879,331,0.17615753060138373,2246,352,0.15672306322350846
MMLU,discovery,validation,430,1879,256,0.13624268227780734,2246,341,0.15182546749777381
MMLU,discovery,validation,431,1879,281,0.14954763171899946,2246,348,0.1549421193232413
MMLU,discovery,validation,432,1879,301,0.16019159127195318,2246,364,0.1620658949243099
MMLU,discovery,validation,433,1879,307,0.16338477913783928,2246,331,0.14737310774710596
MMLU,discovery,validation,434,1879,280,0.1490154337413518,2246,296,0.13178984861976847
MMLU,discovery,validation,435,1879,290,0.15433741351782862,2246,329,0.1464826357969724
MMLU,discovery,validation,436,1879,301,0.16019159127195318,2246,327,0.14559216384683882
MMLU,discovery,validation,437,1879,346,0.184140500266099,2246,278,0.12377560106856635
MMLU,discovery,validation,438,1879,251,0.1335816923895689,2246,344,0.15316117542297417
MMLU,discovery,validation,439,1879,311,0.16551357104843,2246,317,0.14113980409617097
MMLU,discovery,validation,440,1879,389,0.20702501330494943,2246,313,0.13935886019590382
MMLU,discovery,validation,441,1879,314,0.16711016498137307,2246,373,0.16607301869991095
MMLU,discovery,validation,442,1879,289,0.15380521554018095,2246,339,0.15093499554764025
MMLU,discovery,validation,443,1879,280,0.1490154337413518,2246,328,0.1460373998219056
MMLU,discovery,validation,444,1879,332,0.1766897285790314,2246,276,0.12288512911843277
MMLU,discovery,validation,445,1879,356,0.18946248004257585,2246,313,0.13935886019590382
MMLU,discovery,validation,446,1879,294,0.15646620542841938,2246,390,0.1736420302760463
MMLU,discovery,validation,447,1879,283,0.15061202767429482,2246,279,0.12422083704363313
MMLU,discovery,validation,448,1879,300,0.15965939329430548,2246,300,0.13357079252003562
MMLU,discovery,validation,449,1879,283,0.15061202767429482,2246,309,0.13757791629563668
MMLU,discovery,validation,450,1879,302,0.16072378924960085,2246,320,0.14247551202137132
MMLU,discovery,validation,451,1879,320,0.17030335284725917,2246,326,0.14514692787177205
MMLU,discovery,validation,452,1879,278,0.14795103778605642,2246,359,0.15983971504897596
MMLU,discovery,validation,453,1879,289,0.15380521554018095,2246,327,0.14559216384683882
MMLU,discovery,validation,454,1879,313,0.16657796700372537,2246,341,0.15182546749777381
MMLU,discovery,validation,455,1879,288,0.15327301756253325,2246,302,0.13446126447016918
MMLU,discovery,validation,456,1879,310,0.16498137307078234,2246,322,0.1433659839715049
MMLU,discovery,validation,457,1879,298,0.1585949973390101,2246,337,0.15004452359750667
MMLU,discovery,validation,458,1879,328,0.17456093666844066,2246,341,0.15182546749777381
MMLU,discovery,validation,459,1879,314,0.16711016498137307,2246,327,0.14559216384683882
MMLU,discovery,validation,460,1879,319,0.1697711548696115,2246,312,0.13891362422083706
MMLU,discovery,validation,461,1879,293,0.15593400745077168,2246,361,0.16073018699910951
MMLU,discovery,validation,462,1879,373,0.19850984566258648,2246,334,0.14870881567230632
MMLU,discovery,validation,463,1879,344,0.18307610431080362,2246,335,0.1491540516473731
MMLU,discovery,validation,464,1879,264,0.14050026609898883,2246,293,0.13045414069456812
MMLU,discovery,validation,465,1879,305,0.1623203831825439,2246,317,0.14113980409617097
MMLU,discovery,validation,466,1879,288,0.15327301756253325,2246,326,0.14514692787177205
MMLU,discovery,validation,467,1879,319,0.1697711548696115,2246,363,0.1616206589492431
MMLU,discovery,validation,468,1879,356,0.18946248004257585,2246,370,0.1647373107747106
MMLU,discovery,validation,469,1879,422,0.22458754656732305,2246,392,0.1745325022261799
MMLU,discovery,validation,470,1879,319,0.1697711548696115,2246,354,0.15761353517364202
MMLU,discovery,validation,471,1879,287,0.15274081958488558,2246,295,0.13134461264470168
MMLU,discovery,validation,472,1879,308,0.16391697711548697,2246,315,0.1402493321460374
MMLU,discovery,validation,473,1879,402,0.21394358701436936,2246,324,0.14425645592163847
MMLU,discovery,validation,474,1879,342,0.18201170835550826,2246,334,0.14870881567230632
MMLU,discovery,validation,475,1879,273,0.145290047897818,2246,312,0.13891362422083706
MMLU,discovery,validation,476,1879,274,0.14582224587546566,2246,303,0.13490650044523597
MMLU,discovery,validation,477,1879,267,0.14209686003193187,2246,329,0.1464826357969724
MMLU,discovery,validation,478,1879,326,0.1734965407131453,2246,340,0.15138023152270705
MMLU,discovery,validation,479,1879,228,0.12134113890367217,2246,293,0.13045414069456812
MMLU,discovery,validation,480,1879,314,0.16711016498137307,2246,346,0.15405164737310775
MMLU,discovery,validation,481,1879,256,0.13624268227780734,2246,292,0.13000890471950133
MMLU,discovery,validation,482,1879,277,0.14741883980840872,2246,311,0.13846838824577026
MMLU,discovery,validation,483,1879,306,0.16285258116019158,2246,311,0.13846838824577026
MMLU,discovery,validation,484,1879,273,0.145290047897818,2246,318,0.14158504007123776
MMLU,discovery,validation,485,1879,354,0.18839808408728048,2246,324,0.14425645592163847
MMLU,discovery,validation,486,1879,305,0.1623203831825439,2246,307,0.13668744434550312
MMLU,discovery,validation,487,1879,272,0.1447578499201703,2246,273,0.12154942119323241
MMLU,discovery,validation,488,1879,287,0.15274081958488558,2246,309,0.13757791629563668
MMLU,discovery,validation,489,1879,345,0.1836083022884513,2246,387,0.17230632235084595
MMLU,discovery,validation,490,1879,284,0.15114422565194252,2246,302,0.13446126447016918
MMLU,discovery,validation,491,1879,291,0.15486961149547632,2246,327,0.14559216384683882
MMLU,discovery,validation,492,1879,310,0.16498137307078234,2246,345,0.15360641139804096
MMLU,discovery,validation,493,1879,295,0.15699840340606705,2246,323,0.14381121994657167
MMLU,discovery,validation,494,1879,272,0.1447578499201703,2246,346,0.15405164737310775
MMLU,discovery,validation,495,1879,287,0.15274081958488558,2246,307,0.13668744434550312
MMLU,discovery,validation,496,1879,283,0.15061202767429482,2246,318,0.14158504007123776
MMLU,discovery,validation,497,1879,363,0.19318786588610964,2246,311,0.13846838824577026
MMLU,discovery,validation,498,1879,416,0.22139435870143692,2246,391,0.1740872662511131
MMLU,discovery,validation,499,1879,280,0.1490154337413518,2246,293,0.13045414069456812
MMLU,discovery,validation,500,1879,313,0.16657796700372537,2246,330,0.14692787177203917
MMLU,discovery,validation,501,1879,278,0.14795103778605642,2246,320,0.14247551202137132
MMLU,discovery,validation,502,1879,299,0.1591271953166578,2246,316,0.14069456812110417
MMLU,discovery,validation,503,1879,334,0.17775412453432676,2246,356,0.1585040071237756
MMLU,discovery,validation,504,1879,303,0.16125598722724854,2246,342,0.1522707034728406
MMLU,discovery,validation,505,1879,329,0.17509313464608833,2246,335,0.1491540516473731
MMLU,discovery,validation,506,1879,306,0.16285258116019158,2246,355,0.1580587711487088
MMLU,discovery,validation,507,1879,293,0.15593400745077168,2246,290,0.12911843276936777
MMLU,discovery,validation,508,1879,336,0.17881852048962213,2246,327,0.14559216384683882
MMLU,discovery,validation,509,1879,383,0.20383182543906334,2246,328,0.1460373998219056
MMLU,discovery,validation,510,1879,297,0.15806279936136242,2246,313,0.13935886019590382
MMLU,discovery,validation,511,1879,389,0.20702501330494943,2246,393,0.17497773820124665
MMLU,discovery,validation,512,1879,278,0.14795103778605642,2246,294,0.13089937666963491
MMLU,discovery,validation,513,1879,328,0.17456093666844066,2246,315,0.1402493321460374
MMLU,discovery,validation,514,1879,476,0.253326237360298,2246,360,0.16028495102404275
MMLU,discovery,validation,515,1879,303,0.16125598722724854,2246,326,0.14514692787177205
MMLU,discovery,validation,516,1879,271,0.14422565194252263,2246,340,0.15138023152270705
MMLU,discovery,validation,517,1879,262,0.13943587014369346,2246,296,0.13178984861976847
MMLU,discovery,validation,518,1879,386,0.2054284193720064,2246,296,0.13178984861976847
MMLU,discovery,validation,519,1879,329,0.17509313464608833,2246,320,0.14247551202137132
MMLU,discovery,validation,520,1879,279,0.1484832357637041,2246,281,0.12511130899376668
MMLU,discovery,validation,521,1879,304,0.1617881852048962,2246,335,0.1491540516473731
MMLU,discovery,validation,522,1879,406,0.2160723789249601,2246,331,0.14737310774710596
MMLU,discovery,validation,523,1879,267,0.14209686003193187,2246,341,0.15182546749777381
MMLU,discovery,validation,524,1879,387,0.20596061734965407,2246,290,0.12911843276936777
MMLU,discovery,validation,525,1879,268,0.14262905800957956,2246,312,0.13891362422083706
MMLU,discovery,validation,526,1879,339,0.1804151144225652,2246,406,0.18076580587711488
MMLU,discovery,validation,527,1879,378,0.2011708355508249,2246,368,0.163846838824577
MMLU,discovery,validation,528,1879,297,0.15806279936136242,2246,309,0.13757791629563668
MMLU,discovery,validation,529,1879,255,0.13571048430015967,2246,279,0.12422083704363313
MMLU,discovery,validation,530,1879,276,0.14688664183076106,2246,318,0.14158504007123776
MMLU,discovery,validation,531,1879,242,0.12879191059073974,2246,314,0.13980409617097062
MMLU,discovery,validation,532,1879,264,0.14050026609898883,2246,352,0.15672306322350846
MMLU,discovery,validation,533,1879,347,0.18467269824374669,2246,327,0.14559216384683882
MMLU,discovery,validation,534,1879,338,0.1798829164449175,2246,380,0.16918967052537845
MMLU,discovery,validation,535,1879,371,0.1974454497072911,2246,355,0.1580587711487088
MMLU,discovery,validation,536,1879,306,0.16285258116019158,2246,309,0.13757791629563668
MMLU,discovery,validation,537,1879,266,0.1415646620542842,2246,302,0.13446126447016918
MMLU,discovery,validation,538,1879,365,0.194252261841405,2246,300,0.13357079252003562
MMLU,discovery,validation,539,1879,354,0.18839808408728048,2246,315,0.1402493321460374
MMLU,discovery,validation,540,1879,278,0.14795103778605642,2246,317,0.14113980409617097
MMLU,discovery,validation,541,1879,239,0.1271953166577967,2246,326,0.14514692787177205
MMLU,discovery,validation,542,1879,307,0.16338477913783928,2246,390,0.1736420302760463
MMLU,discovery,validation,543,1879,355,0.18893028206492815,2246,338,0.15048975957257346
MMLU,discovery,validation,544,1879,320,0.17030335284725917,2246,303,0.13490650044523597
MMLU,discovery,validation,545,1879,306,0.16285258116019158,2246,288,0.12822796081923418
MMLU,discovery,validation,546,1879,257,0.13677488025545503,2246,316,0.14069456812110417
MMLU,discovery,validation,547,1879,321,0.17083555082490687,2246,341,0.15182546749777381
MMLU,discovery,validation,548,1879,301,0.16019159127195318,2246,291,0.12956366874443456
MMLU,discovery,validation,549,1879,363,0.19318786588610964,2246,312,0.13891362422083706
MMLU,discovery,validation,550,1879,277,0.14741883980840872,2246,322,0.1433659839715049
MMLU,discovery,validation,551,1879,307,0.16338477913783928,2246,309,0.13757791629563668
MMLU,discovery,validation,552,1879,273,0.145290047897818,2246,349,0.1553873552983081
MMLU,discovery,validation,553,1879,330,0.17562533262373603,2246,370,0.1647373107747106
MMLU,discovery,validation,554,1879,302,0.16072378924960085,2246,306,0.13624220837043632
MMLU,discovery,validation,555,1879,320,0.17030335284725917,2246,291,0.12956366874443456
MMLU,discovery,validation,556,1879,287,0.15274081958488558,2246,350,0.1558325912733749
MMLU,discovery,validation,557,1879,276,0.14688664183076106,2246,353,0.15716829919857525
MMLU,discovery,validation,558,1879,345,0.1836083022884513,2246,286,0.12733748886910062
MMLU,discovery,validation,559,1879,304,0.1617881852048962,2246,330,0.14692787177203917
MMLU,discovery,validation,560,1879,362,0.19265566790846195,2246,300,0.13357079252003562
MMLU,discovery,validation,561,1879,292,0.15540180947312401,2246,306,0.13624220837043632
MMLU,discovery,validation,562,1879,295,0.15699840340606705,2246,297,0.13223508459483527
MMLU,discovery,validation,563,1879,347,0.18467269824374669,2246,337,0.15004452359750667
MMLU,discovery,validation,564,1879,337,0.17935071846726983,2246,343,0.1527159394479074
MMLU,discovery,validation,565,1879,328,0.17456093666844066,2246,339,0.15093499554764025
MMLU,discovery,validation,566,1879,255,0.13571048430015967,2246,291,0.12956366874443456
MMLU,discovery,validation,567,1879,267,0.14209686003193187,2246,303,0.13490650044523597
MMLU,discovery,validation,568,1879,310,0.16498137307078234,2246,356,0.1585040071237756
MMLU,discovery,validation,569,1879,312,0.1660457690260777,2246,334,0.14870881567230632
MMLU,discovery,validation,570,1879,347,0.18467269824374669,2246,358,0.15939447907390916
MMLU,discovery,validation,571,1879,279,0.1484832357637041,2246,296,0.13178984861976847
MMLU,discovery,validation,572,1879,331,0.17615753060138373,2246,377,0.1678539626001781
MMLU,discovery,validation,573,1879,352,0.1873336881319851,2246,292,0.13000890471950133
MMLU,discovery,validation,574,1879,267,0.14209686003193187,2246,358,0.15939447907390916
MMLU,discovery,validation,575,1879,278,0.14795103778605642,2246,340,0.15138023152270705
MMLU,discovery,validation,576,1879,332,0.1766897285790314,2246,314,0.13980409617097062
MMLU,discovery,validation,577,1879,348,0.18520489622139436,2246,304,0.13535173642030277
MMLU,discovery,validation,578,1879,279,0.1484832357637041,2246,295,0.13134461264470168
MMLU,discovery,validation,579,1879,331,0.17615753060138373,2246,395,0.17586821015138024
MMLU,discovery,validation,580,1879,322,0.17136774880255454,2246,314,0.13980409617097062
MMLU,discovery,validation,581,1879,270,0.14369345396487493,2246,306,0.13624220837043632
MMLU,discovery,validation,582,1879,341,0.18147951037786056,2246,313,0.13935886019590382
MMLU,discovery,validation,583,1879,258,0.1373070782331027,2246,353,0.15716829919857525
MMLU,discovery,validation,584,1879,263,0.13996806812134113,2246,311,0.13846838824577026
MMLU,discovery,validation,585,1879,285,0.15167642362959022,2246,315,0.1402493321460374
MMLU,discovery,validation,586,1879,254,0.13517828632251197,2246,337,0.15004452359750667
MMLU,discovery,validation,587,1879,299,0.1591271953166578,2246,309,0.13757791629563668
MMLU,discovery,validation,588,1879,343,0.18254390633315593,2246,302,0.13446126447016918
MMLU,discovery,validation,589,1879,298,0.1585949973390101,2246,340,0.15138023152270705
MMLU,discovery,validation,590,1879,320,0.17030335284725917,2246,360,0.16028495102404275
MMLU,discovery,validation,591,1879,307,0.16338477913783928,2246,313,0.13935886019590382
MMLU,discovery,validation,592,1879,294,0.15646620542841938,2246,316,0.14069456812110417
MMLU,discovery,validation,593,1879,335,0.17828632251197446,2246,288,0.12822796081923418
MMLU,discovery,validation,594,1879,300,0.15965939329430548,2246,307,0.13668744434550312
MMLU,discovery,validation,595,1879,283,0.15061202767429482,2246,314,0.13980409617097062
MMLU,discovery,validation,596,1879,314,0.16711016498137307,2246,324,0.14425645592163847
MMLU,discovery,validation,597,1879,298,0.1585949973390101,2246,303,0.13490650044523597
MMLU,discovery,validation,598,1879,291,0.15486961149547632,2246,275,0.12243989314336598
MMLU,discovery,validation,599,1879,313,0.16657796700372537,2246,391,0.1740872662511131
MMLU,discovery,validation,600,1879,311,0.16551357104843,2246,328,0.1460373998219056
MMLU,discovery,validation,601,1879,336,0.17881852048962213,2246,384,0.1709706144256456
MMLU,discovery,validation,602,1879,274,0.14582224587546566,2246,280,0.1246660730186999
MMLU,discovery,validation,603,1879,406,0.2160723789249601,2246,308,0.1371326803205699
MMLU,discovery,validation,604,1879,293,0.15593400745077168,2246,287,0.12778272484416742
MMLU,discovery,validation,605,1879,285,0.15167642362959022,2246,352,0.15672306322350846
MMLU,discovery,validation,606,1879,299,0.1591271953166578,2246,350,0.1558325912733749
MMLU,discovery,validation,607,1879,292,0.15540180947312401,2246,283,0.12600178094390027
MMLU,discovery,validation,608,1879,346,0.184140500266099,2246,314,0.13980409617097062
MMLU,discovery,validation,609,1879,292,0.15540180947312401,2246,297,0.13223508459483527
MMLU,discovery,validation,610,1879,245,0.1303885045236828,2246,358,0.15939447907390916
MMLU,discovery,validation,611,1879,393,0.20915380521554017,2246,316,0.14069456812110417
MMLU,discovery,validation,612,1879,570,0.30335284725918044,2246,319,0.14203027604630455
MMLU,discovery,validation,613,1879,284,0.15114422565194252,2246,278,0.12377560106856635
MMLU,discovery,validation,614,1879,292,0.15540180947312401,2246,462,0.20569902048085487
MMLU,discovery,validation,615,1879,309,0.16444917509313464,2246,339,0.15093499554764025
MMLU,discovery,validation,616,1879,234,0.12453432676955828,2246,321,0.1429207479964381
MMLU,discovery,validation,617,1879,343,0.18254390633315593,2246,318,0.14158504007123776
MMLU,discovery,validation,618,1879,290,0.15433741351782862,2246,292,0.13000890471950133
MMLU,discovery,validation,619,1879,361,0.19212346993081425,2246,323,0.14381121994657167
MMLU,discovery,validation,620,1879,298,0.1585949973390101,2246,297,0.13223508459483527
MMLU,discovery,validation,621,1879,332,0.1766897285790314,2246,313,0.13935886019590382
MMLU,discovery,validation,622,1879,277,0.14741883980840872,2246,329,0.1464826357969724
MMLU,discovery,validation,623,1879,371,0.1974454497072911,2246,349,0.1553873552983081
MMLU,discovery,validation,624,1879,305,0.1623203831825439,2246,347,0.15449688334817455
MMLU,discovery,validation,625,1879,321,0.17083555082490687,2246,281,0.12511130899376668
MMLU,discovery,validation,626,1879,338,0.1798829164449175,2246,304,0.13535173642030277
MMLU,discovery,validation,627,1879,336,0.17881852048962213,2246,361,0.16073018699910951
MMLU,discovery,validation,628,1879,294,0.15646620542841938,2246,365,0.16251113089937666
MMLU,discovery,validation,629,1879,294,0.15646620542841938,2246,253,0.1126447016918967
MMLU,discovery,validation,630,1879,338,0.1798829164449175,2246,297,0.13223508459483527
MMLU,discovery,validation,631,1879,309,0.16444917509313464,2246,361,0.16073018699910951
MMLU,discovery,validation,632,1879,358,0.19052687599787121,2246,336,0.1495992876224399
MMLU,discovery,validation,633,1879,303,0.16125598722724854,2246,329,0.1464826357969724
MMLU,discovery,validation,634,1879,344,0.18307610431080362,2246,318,0.14158504007123776
MMLU,discovery,validation,635,1879,311,0.16551357104843,2246,347,0.15449688334817455
MMLU,discovery,validation,636,1879,263,0.13996806812134113,2246,297,0.13223508459483527
MMLU,discovery,validation,637,1879,231,0.12293773283661522,2246,302,0.13446126447016918
MMLU,discovery,validation,638,1879,300,0.15965939329430548,2246,256,0.11398040961709706
MMLU,discovery,validation,639,1879,297,0.15806279936136242,2246,350,0.1558325912733749
MMLU,discovery,validation,640,1879,370,0.19691325172964344,2246,329,0.1464826357969724
MMLU,discovery,validation,641,1879,225,0.11974454497072912,2246,283,0.12600178094390027
MMLU,discovery,validation,642,1879,326,0.1734965407131453,2246,353,0.15716829919857525
MMLU,discovery,validation,643,1879,316,0.16817456093666844,2246,324,0.14425645592163847
MMLU,discovery,validation,644,1879,262,0.13943587014369346,2246,315,0.1402493321460374
MMLU,discovery,validation,645,1879,303,0.16125598722724854,2246,338,0.15048975957257346
MMLU,discovery,validation,646,1879,292,0.15540180947312401,2246,321,0.1429207479964381
MMLU,discovery,validation,647,1879,301,0.16019159127195318,2246,324,0.14425645592163847
MMLU,discovery,validation,648,1879,315,0.16764236295902077,2246,330,0.14692787177203917
MMLU,discovery,validation,649,1879,455,0.24215007982969664,2246,366,0.16295636687444345
MMLU,discovery,validation,650,1879,339,0.1804151144225652,2246,305,0.13579697239536956
MMLU,discovery,validation,651,1879,277,0.14741883980840872,2246,361,0.16073018699910951
MMLU,discovery,validation,652,1879,309,0.16444917509313464,2246,376,0.1674087266251113
MMLU,discovery,validation,653,1879,364,0.1937200638637573,2246,345,0.15360641139804096
MMLU,discovery,validation,654,1879,248,0.13198509845662587,2246,259,0.11531611754229741
MMLU,discovery,validation,655,1879,232,0.12346993081426291,2246,344,0.15316117542297417
MMLU,discovery,validation,656,1879,416,0.22139435870143692,2246,352,0.15672306322350846
MMLU,discovery,validation,657,1879,275,0.14635444385311336,2246,306,0.13624220837043632
MMLU,discovery,validation,658,1879,286,0.1522086216072379,2246,321,0.1429207479964381
MMLU,discovery,validation,659,1879,284,0.15114422565194252,2246,308,0.1371326803205699
MMLU,discovery,validation,660,1879,320,0.17030335284725917,2246,330,0.14692787177203917
MMLU,discovery,validation,661,1879,244,0.12985630654603514,2246,231,0.10284951024042743
MMLU,discovery,validation,662,1879,265,0.1410324640766365,2246,284,0.12644701691896706
MMLU,discovery,validation,663,1879,298,0.1585949973390101,2246,302,0.13446126447016918
MMLU,discovery,validation,664,1879,296,0.15753060138371475,2246,321,0.1429207479964381
MMLU,discovery,validation,665,1879,303,0.16125598722724854,2246,335,0.1491540516473731
MMLU,discovery,validation,666,1879,292,0.15540180947312401,2246,321,0.1429207479964381
MMLU,discovery,validation,667,1879,308,0.16391697711548697,2246,314,0.13980409617097062
MMLU,discovery,validation,668,1879,273,0.145290047897818,2246,324,0.14425645592163847
MMLU,discovery,validation,669,1879,372,0.1979776476849388,2246,320,0.14247551202137132
MMLU,discovery,validation,670,1879,314,0.16711016498137307,2246,318,0.14158504007123776
MMLU,discovery,validation,671,1879,301,0.16019159127195318,2246,326,0.14514692787177205
MMLU,discovery,validation,672,1879,286,0.1522086216072379,2246,347,0.15449688334817455
MMLU,discovery,validation,673,1879,247,0.13145290047897817,2246,299,0.13312555654496883
MMLU,discovery,validation,674,1879,449,0.23895689196381054,2246,309,0.13757791629563668
MMLU,discovery,validation,675,1879,389,0.20702501330494943,2246,301,0.1340160284951024
MMLU,discovery,validation,676,1879,282,0.15007982969664715,2246,329,0.1464826357969724
MMLU,discovery,validation,677,1879,269,0.14316125598722726,2246,348,0.1549421193232413
MMLU,discovery,validation,678,1879,282,0.15007982969664715,2246,318,0.14158504007123776
MMLU,discovery,validation,679,1879,305,0.1623203831825439,2246,323,0.14381121994657167
MMLU,discovery,validation,680,1879,348,0.18520489622139436,2246,299,0.13312555654496883
MMLU,discovery,validation,681,1879,272,0.1447578499201703,2246,329,0.1464826357969724
MMLU,discovery,validation,682,1879,356,0.18946248004257585,2246,335,0.1491540516473731
MMLU,discovery,validation,683,1879,271,0.14422565194252263,2246,337,0.15004452359750667
MMLU,discovery,validation,684,1879,278,0.14795103778605642,2246,273,0.12154942119323241
MMLU,discovery,validation,685,1879,318,0.1692389568919638,2246,350,0.1558325912733749
MMLU,discovery,validation,686,1879,343,0.18254390633315593,2246,295,0.13134461264470168
MMLU,discovery,validation,687,1879,267,0.14209686003193187,2246,337,0.15004452359750667
MMLU,discovery,validation,688,1879,308,0.16391697711548697,2246,286,0.12733748886910062
MMLU,discovery,validation,689,1879,276,0.14688664183076106,2246,304,0.13535173642030277
MMLU,discovery,validation,690,1879,286,0.1522086216072379,2246,354,0.15761353517364202
MMLU,discovery,validation,691,1879,244,0.12985630654603514,2246,263,0.11709706144256456
MMLU,discovery,validation,692,1879,376,0.20010643959552954,2246,376,0.1674087266251113
MMLU,discovery,validation,693,1879,301,0.16019159127195318,2246,362,0.1611754229741763
MMLU,discovery,validation,694,1879,301,0.16019159127195318,2246,349,0.1553873552983081
MMLU,discovery,validation,695,1879,277,0.14741883980840872,2246,313,0.13935886019590382
MMLU,discovery,validation,696,1879,343,0.18254390633315593,2246,364,0.1620658949243099
MMLU,discovery,validation,697,1879,255,0.13571048430015967,2246,352,0.15672306322350846
MMLU,discovery,validation,698,1879,335,0.17828632251197446,2246,376,0.1674087266251113
MMLU,discovery,validation,699,1879,352,0.1873336881319851,2246,324,0.14425645592163847
MMLU,discovery,validation,700,1879,277,0.14741883980840872,2246,297,0.13223508459483527
MMLU,discovery,validation,701,1879,313,0.16657796700372537,2246,301,0.1340160284951024
MMLU,discovery,validation,702,1879,442,0.23523150612027674,2246,325,0.14470169189670526
MMLU,discovery,validation,703,1879,283,0.15061202767429482,2246,297,0.13223508459483527
MMLU,discovery,validation,704,1879,361,0.19212346993081425,2246,348,0.1549421193232413
MMLU,discovery,validation,705,1879,321,0.17083555082490687,2246,319,0.14203027604630455
MMLU,discovery,validation,706,1879,271,0.14422565194252263,2246,280,0.1246660730186999
MMLU,discovery,validation,707,1879,322,0.17136774880255454,2246,306,0.13624220837043632
MMLU,discovery,validation,708,1879,259,0.1378392762107504,2246,309,0.13757791629563668
MMLU,discovery,validation,709,1879,322,0.17136774880255454,2246,326,0.14514692787177205
MMLU,discovery,validation,710,1879,279,0.1484832357637041,2246,301,0.1340160284951024
MMLU,discovery,validation,711,1879,423,0.22511974454497072,2246,298,0.13268032056990206
MMLU,discovery,validation,712,1879,268,0.14262905800957956,2246,293,0.13045414069456812
MMLU,discovery,validation,713,1879,264,0.14050026609898883,2246,317,0.14113980409617097
MMLU,discovery,validation,714,1879,363,0.19318786588610964,2246,326,0.14514692787177205
MMLU,discovery,validation,715,1879,261,0.13890367216604577,2246,339,0.15093499554764025
MMLU,discovery,validation,716,1879,273,0.145290047897818,2246,265,0.11798753339269813
MMLU,discovery,validation,717,1879,250,0.13304949441192124,2246,311,0.13846838824577026
MMLU,discovery,validation,718,1879,285,0.15167642362959022,2246,324,0.14425645592163847
MMLU,discovery,validation,719,1879,398,0.2118147951037786,2246,317,0.14113980409617097
MMLU,discovery,validation,720,1879,318,0.1692389568919638,2246,280,0.1246660730186999
MMLU,discovery,validation,721,1879,378,0.2011708355508249,2246,337,0.15004452359750667
MMLU,discovery,validation,722,1879,291,0.15486961149547632,2246,305,0.13579697239536956
MMLU,discovery,validation,723,1879,253,0.1346460883448643,2246,316,0.14069456812110417
MMLU,discovery,validation,724,1879,349,0.18573709419904205,2246,297,0.13223508459483527
MMLU,discovery,validation,725,1879,294,0.15646620542841938,2246,294,0.13089937666963491
MMLU,discovery,validation,726,1879,295,0.15699840340606705,2246,358,0.15939447907390916
MMLU,discovery,validation,727,1879,270,0.14369345396487493,2246,310,0.13802315227070347
MMLU,discovery,validation,728,1879,369,0.19638105375199574,2246,339,0.15093499554764025
MMLU,discovery,validation,729,1879,331,0.17615753060138373,2246,350,0.1558325912733749
MMLU,discovery,validation,730,1879,290,0.15433741351782862,2246,300,0.13357079252003562
MMLU,discovery,validation,731,1879,226,0.1202767429483768,2246,262,0.11665182546749778
MMLU,discovery,validation,732,1879,258,0.1373070782331027,2246,289,0.12867319679430098
MMLU,discovery,validation,733,1879,303,0.16125598722724854,2246,338,0.15048975957257346
MMLU,discovery,validation,734,1879,273,0.145290047897818,2246,325,0.14470169189670526
MMLU,discovery,validation,735,1879,286,0.1522086216072379,2246,305,0.13579697239536956
MMLU,discovery,validation,736,1879,284,0.15114422565194252,2246,336,0.1495992876224399
MMLU,discovery,validation,737,1879,400,0.21287919105907396,2246,371,0.1651825467497774
MMLU,discovery,validation,738,1879,278,0.14795103778605642,2246,323,0.14381121994657167
MMLU,discovery,validation,739,1879,319,0.1697711548696115,2246,330,0.14692787177203917
MMLU,discovery,validation,740,1879,311,0.16551357104843,2246,322,0.1433659839715049
MMLU,discovery,validation,741,1879,256,0.13624268227780734,2246,297,0.13223508459483527
MMLU,discovery,validation,742,1879,292,0.15540180947312401,2246,336,0.1495992876224399
MMLU,discovery,validation,743,1879,344,0.18307610431080362,2246,342,0.1522707034728406
MMLU,discovery,validation,744,1879,285,0.15167642362959022,2246,342,0.1522707034728406
MMLU,discovery,validation,745,1879,275,0.14635444385311336,2246,299,0.13312555654496883
MMLU,discovery,validation,746,1879,297,0.15806279936136242,2246,323,0.14381121994657167
MMLU,discovery,validation,747,1879,332,0.1766897285790314,2246,354,0.15761353517364202
MMLU,discovery,validation,748,1879,210,0.11176157530601384,2246,265,0.11798753339269813
MMLU,discovery,validation,749,1879,327,0.17402873869079297,2246,368,0.163846838824577
MMLU,discovery,validation,750,1879,278,0.14795103778605642,2246,349,0.1553873552983081
MMLU,discovery,validation,751,1879,323,0.17189994678020223,2246,353,0.15716829919857525
MMLU,discovery,validation,752,1879,291,0.15486961149547632,2246,349,0.1553873552983081
MMLU,discovery,validation,753,1879,306,0.16285258116019158,2246,322,0.1433659839715049
MMLU,discovery,validation,754,1879,262,0.13943587014369346,2246,286,0.12733748886910062
MMLU,discovery,validation,755,1879,305,0.1623203831825439,2246,285,0.12689225289403383
MMLU,discovery,validation,756,1879,272,0.1447578499201703,2246,287,0.12778272484416742
MMLU,discovery,validation,757,1879,309,0.16444917509313464,2246,335,0.1491540516473731
MMLU,discovery,validation,758,1879,323,0.17189994678020223,2246,343,0.1527159394479074
MMLU,discovery,validation,759,1879,325,0.1729643427354976,2246,307,0.13668744434550312
MMLU,discovery,validation,760,1879,257,0.13677488025545503,2246,316,0.14069456812110417
MMLU,discovery,validation,761,1879,330,0.17562533262373603,2246,355,0.1580587711487088
MMLU,discovery,validation,762,1879,300,0.15965939329430548,2246,350,0.1558325912733749
MMLU,discovery,validation,763,1879,331,0.17615753060138373,2246,347,0.15449688334817455
MMLU,discovery,validation,764,1879,255,0.13571048430015967,2246,303,0.13490650044523597
MMLU,discovery,validation,765,1879,304,0.1617881852048962,2246,331,0.14737310774710596
MMLU,discovery,validation,766,1879,241,0.12825971261309208,2246,296,0.13178984861976847
MMLU,discovery,validation,767,1879,322,0.17136774880255454,2246,290,0.12911843276936777
MMLU,discovery,validation,768,1879,299,0.1591271953166578,2246,389,0.1731967943009795
MMLU,discovery,validation,769,1879,283,0.15061202767429482,2246,281,0.12511130899376668
MMLU,discovery,validation,770,1879,250,0.13304949441192124,2246,334,0.14870881567230632
MMLU,discovery,validation,771,1879,355,0.18893028206492815,2246,313,0.13935886019590382
MMLU,discovery,validation,772,1879,250,0.13304949441192124,2246,315,0.1402493321460374
MMLU,discovery,validation,773,1879,316,0.16817456093666844,2246,337,0.15004452359750667
MMLU,discovery,validation,774,1879,291,0.15486961149547632,2246,413,0.18388245770258238
MMLU,discovery,validation,775,1879,325,0.1729643427354976,2246,341,0.15182546749777381
MMLU,discovery,validation,776,1879,364,0.1937200638637573,2246,345,0.15360641139804096
MMLU,discovery,validation,777,1879,299,0.1591271953166578,2246,324,0.14425645592163847
MMLU,discovery,validation,778,1879,346,0.184140500266099,2246,314,0.13980409617097062
MMLU,discovery,validation,779,1879,290,0.15433741351782862,2246,345,0.15360641139804096
MMLU,discovery,validation,780,1879,256,0.13624268227780734,2246,307,0.13668744434550312
MMLU,discovery,validation,781,1879,380,0.20223523150612027,2246,371,0.1651825467497774
MMLU,discovery,validation,782,1879,325,0.1729643427354976,2246,320,0.14247551202137132
MMLU,discovery,validation,783,1879,336,0.17881852048962213,2246,348,0.1549421193232413
MMLU,discovery,validation,784,1879,258,0.1373070782331027,2246,305,0.13579697239536956
MMLU,discovery,validation,785,1879,328,0.17456093666844066,2246,306,0.13624220837043632
MMLU,discovery,validation,786,1879,300,0.15965939329430548,2246,357,0.1589492430988424
MMLU,discovery,validation,787,1879,278,0.14795103778605642,2246,319,0.14203027604630455
MMLU,discovery,validation,788,1879,288,0.15327301756253325,2246,407,0.18121104185218165
MMLU,discovery,validation,789,1879,352,0.1873336881319851,2246,297,0.13223508459483527
MMLU,discovery,validation,790,1879,279,0.1484832357637041,2246,299,0.13312555654496883
MMLU,discovery,validation,791,1879,333,0.1772219265566791,2246,305,0.13579697239536956
MMLU,discovery,validation,792,1879,377,0.2006386375731772,2246,328,0.1460373998219056
MMLU,discovery,validation,793,1879,255,0.13571048430015967,2246,304,0.13535173642030277
MMLU,discovery,validation,794,1879,260,0.1383714741883981,2246,300,0.13357079252003562
MMLU,discovery,validation,795,1879,299,0.1591271953166578,2246,314,0.13980409617097062
MMLU,discovery,validation,796,1879,352,0.1873336881319851,2246,348,0.1549421193232413
MMLU,discovery,validation,797,1879,368,0.19584885577434805,2246,296,0.13178984861976847
MMLU,discovery,validation,798,1879,319,0.1697711548696115,2246,345,0.15360641139804096
MMLU,discovery,validation,799,1879,312,0.1660457690260777,2246,335,0.1491540516473731
MMLU,discovery,validation,800,1879,328,0.17456093666844066,2246,304,0.13535173642030277
MMLU,discovery,validation,801,1879,287,0.15274081958488558,2246,331,0.14737310774710596
MMLU,discovery,validation,802,1879,285,0.15167642362959022,2246,310,0.13802315227070347
MMLU,discovery,validation,803,1879,415,0.22086216072378925,2246,318,0.14158504007123776
MMLU,discovery,validation,804,1879,302,0.16072378924960085,2246,322,0.1433659839715049
MMLU,discovery,validation,805,1879,305,0.1623203831825439,2246,320,0.14247551202137132
MMLU,discovery,validation,806,1879,334,0.17775412453432676,2246,256,0.11398040961709706
MMLU,discovery,validation,807,1879,245,0.1303885045236828,2246,308,0.1371326803205699
MMLU,discovery,validation,808,1879,267,0.14209686003193187,2246,310,0.13802315227070347
MMLU,discovery,validation,809,1879,322,0.17136774880255454,2246,286,0.12733748886910062
MMLU,discovery,validation,810,1879,320,0.17030335284725917,2246,343,0.1527159394479074
MMLU,discovery,validation,811,1879,293,0.15593400745077168,2246,335,0.1491540516473731
MMLU,discovery,validation,812,1879,316,0.16817456093666844,2246,283,0.12600178094390027
MMLU,discovery,validation,813,1879,269,0.14316125598722726,2246,332,0.14781834372217276
MMLU,discovery,validation,814,1879,280,0.1490154337413518,2246,317,0.14113980409617097
MMLU,discovery,validation,815,1879,289,0.15380521554018095,2246,410,0.182546749777382
MMLU,discovery,validation,816,1879,332,0.1766897285790314,2246,304,0.13535173642030277
MMLU,discovery,validation,817,1879,229,0.12187333688131985,2246,232,0.10329474621549421
MMLU,discovery,validation,818,1879,279,0.1484832357637041,2246,343,0.1527159394479074
MMLU,discovery,validation,819,1879,327,0.17402873869079297,2246,308,0.1371326803205699
MMLU,discovery,validation,820,1879,284,0.15114422565194252,2246,331,0.14737310774710596
MMLU,discovery,validation,821,1879,300,0.15965939329430548,2246,316,0.14069456812110417
MMLU,discovery,validation,822,1879,327,0.17402873869079297,2246,339,0.15093499554764025
MMLU,discovery,validation,823,1879,333,0.1772219265566791,2246,329,0.1464826357969724
MMLU,discovery,validation,824,1879,272,0.1447578499201703,2246,301,0.1340160284951024
MMLU,discovery,validation,825,1879,270,0.14369345396487493,2246,321,0.1429207479964381
MMLU,discovery,validation,826,1879,288,0.15327301756253325,2246,306,0.13624220837043632
MMLU,discovery,validation,827,1879,352,0.1873336881319851,2246,334,0.14870881567230632
MMLU,discovery,validation,828,1879,310,0.16498137307078234,2246,305,0.13579697239536956
MMLU,discovery,validation,829,1879,370,0.19691325172964344,2246,309,0.13757791629563668
MMLU,discovery,validation,830,1879,373,0.19850984566258648,2246,362,0.1611754229741763
MMLU,discovery,validation,831,1879,285,0.15167642362959022,2246,336,0.1495992876224399
MMLU,discovery,validation,832,1879,254,0.13517828632251197,2246,290,0.12911843276936777
MMLU,discovery,validation,833,1879,331,0.17615753060138373,2246,304,0.13535173642030277
MMLU,discovery,validation,834,1879,322,0.17136774880255454,2246,366,0.16295636687444345
MMLU,discovery,validation,835,1879,244,0.12985630654603514,2246,319,0.14203027604630455
MMLU,discovery,validation,836,1879,268,0.14262905800957956,2246,278,0.12377560106856635
MMLU,discovery,validation,837,1879,315,0.16764236295902077,2246,310,0.13802315227070347
MMLU,discovery,validation,838,1879,310,0.16498137307078234,2246,337,0.15004452359750667
MMLU,discovery,validation,839,1879,396,0.21075039914848323,2246,295,0.13134461264470168
MMLU,discovery,validation,840,1879,278,0.14795103778605642,2246,306,0.13624220837043632
MMLU,discovery,validation,841,1879,297,0.15806279936136242,2246,327,0.14559216384683882
MMLU,discovery,validation,842,1879,315,0.16764236295902077,2246,376,0.1674087266251113
MMLU,discovery,validation,843,1879,302,0.16072378924960085,2246,301,0.1340160284951024
MMLU,discovery,validation,844,1879,279,0.1484832357637041,2246,328,0.1460373998219056
MMLU,discovery,validation,845,1879,359,0.19105907397551888,2246,303,0.13490650044523597
MMLU,discovery,validation,846,1879,292,0.15540180947312401,2246,347,0.15449688334817455
MMLU,discovery,validation,847,1879,288,0.15327301756253325,2246,321,0.1429207479964381
MMLU,discovery,validation,848,1879,240,0.12772751463544438,2246,263,0.11709706144256456
MMLU,discovery,validation,849,1879,303,0.16125598722724854,2246,349,0.1553873552983081
MMLU,discovery,validation,850,1879,302,0.16072378924960085,2246,292,0.13000890471950133
MMLU,discovery,validation,851,1879,285,0.15167642362959022,2246,363,0.1616206589492431
MMLU,discovery,validation,852,1879,310,0.16498137307078234,2246,324,0.14425645592163847
MMLU,discovery,validation,853,1879,312,0.1660457690260777,2246,330,0.14692787177203917
MMLU,discovery,validation,854,1879,260,0.1383714741883981,2246,329,0.1464826357969724
MMLU,discovery,validation,855,1879,347,0.18467269824374669,2246,302,0.13446126447016918
MMLU,discovery,validation,856,1879,280,0.1490154337413518,2246,291,0.12956366874443456
MMLU,discovery,validation,857,1879,284,0.15114422565194252,2246,284,0.12644701691896706
MMLU,discovery,validation,858,1879,302,0.16072378924960085,2246,278,0.12377560106856635
MMLU,discovery,validation,859,1879,342,0.18201170835550826,2246,315,0.1402493321460374
MMLU,discovery,validation,860,1879,289,0.15380521554018095,2246,308,0.1371326803205699
MMLU,discovery,validation,861,1879,264,0.14050026609898883,2246,322,0.1433659839715049
MMLU,discovery,validation,862,1879,325,0.1729643427354976,2246,389,0.1731967943009795
MMLU,discovery,validation,863,1879,310,0.16498137307078234,2246,309,0.13757791629563668
MMLU,discovery,validation,864,1879,306,0.16285258116019158,2246,329,0.1464826357969724
MMLU,discovery,validation,865,1879,305,0.1623203831825439,2246,294,0.13089937666963491
MMLU,discovery,validation,866,1879,341,0.18147951037786056,2246,316,0.14069456812110417
MMLU,discovery,validation,867,1879,329,0.17509313464608833,2246,328,0.1460373998219056
MMLU,discovery,validation,868,1879,235,0.12506652474720595,2246,307,0.13668744434550312
MMLU,discovery,validation,869,1879,327,0.17402873869079297,2246,278,0.12377560106856635
MMLU,discovery,validation,870,1879,305,0.1623203831825439,2246,323,0.14381121994657167
MMLU,discovery,validation,871,1879,279,0.1484832357637041,2246,319,0.14203027604630455
MMLU,discovery,validation,872,1879,370,0.19691325172964344,2246,341,0.15182546749777381
MMLU,discovery,validation,873,1879,279,0.1484832357637041,2246,286,0.12733748886910062
MMLU,discovery,validation,874,1879,292,0.15540180947312401,2246,304,0.13535173642030277
MMLU,discovery,validation,875,1879,323,0.17189994678020223,2246,336,0.1495992876224399
MMLU,discovery,validation,876,1879,308,0.16391697711548697,2246,263,0.11709706144256456
MMLU,discovery,validation,877,1879,331,0.17615753060138373,2246,338,0.15048975957257346
MMLU,discovery,validation,878,1879,344,0.18307610431080362,2246,314,0.13980409617097062
MMLU,discovery,validation,879,1879,371,0.1974454497072911,2246,442,0.19679430097951914
MMLU,discovery,validation,880,1879,287,0.15274081958488558,2246,302,0.13446126447016918
MMLU,discovery,validation,881,1879,322,0.17136774880255454,2246,331,0.14737310774710596
MMLU,discovery,validation,882,1879,268,0.14262905800957956,2246,314,0.13980409617097062
MMLU,discovery,validation,883,1879,433,0.23044172432144758,2246,328,0.1460373998219056
MMLU,discovery,validation,884,1879,250,0.13304949441192124,2246,296,0.13178984861976847
MMLU,discovery,validation,885,1879,281,0.14954763171899946,2246,359,0.15983971504897596
MMLU,discovery,validation,886,1879,294,0.15646620542841938,2246,345,0.15360641139804096
MMLU,discovery,validation,887,1879,293,0.15593400745077168,2246,370,0.1647373107747106
MMLU,discovery,validation,888,1879,313,0.16657796700372537,2246,365,0.16251113089937666
MMLU,discovery,validation,889,1879,319,0.1697711548696115,2246,327,0.14559216384683882
MMLU,discovery,validation,890,1879,355,0.18893028206492815,2246,297,0.13223508459483527
MMLU,discovery,validation,891,1879,308,0.16391697711548697,2246,371,0.1651825467497774
MMLU,discovery,validation,892,1879,450,0.23948908994145823,2246,295,0.13134461264470168
MMLU,discovery,validation,893,1879,259,0.1378392762107504,2246,286,0.12733748886910062
MMLU,discovery,validation,894,1879,348,0.18520489622139436,2246,309,0.13757791629563668
MMLU,discovery,validation,895,1879,293,0.15593400745077168,2246,326,0.14514692787177205
MMLU,discovery,validation,896,1879,325,0.1729643427354976,2246,329,0.1464826357969724
MMLU,discovery,validation,897,1879,273,0.145290047897818,2246,323,0.14381121994657167
MMLU,discovery,validation,898,1879,290,0.15433741351782862,2246,378,0.1682991985752449
MMLU,discovery,validation,899,1879,310,0.16498137307078234,2246,341,0.15182546749777381
MMLU,discovery,validation,900,1879,262,0.13943587014369346,2246,319,0.14203027604630455
MMLU,discovery,validation,901,1879,266,0.1415646620542842,2246,283,0.12600178094390027
MMLU,discovery,validation,902,1879,295,0.15699840340606705,2246,314,0.13980409617097062
MMLU,discovery,validation,903,1879,317,0.16870675891431614,2246,337,0.15004452359750667
MMLU,discovery,validation,904,1879,288,0.15327301756253325,2246,343,0.1527159394479074
MMLU,discovery,validation,905,1879,309,0.16444917509313464,2246,321,0.1429207479964381
MMLU,discovery,validation,906,1879,232,0.12346993081426291,2246,280,0.1246660730186999
MMLU,discovery,validation,907,1879,325,0.1729643427354976,2246,292,0.13000890471950133
MMLU,discovery,validation,908,1879,292,0.15540180947312401,2246,357,0.1589492430988424
MMLU,discovery,validation,909,1879,273,0.145290047897818,2246,364,0.1620658949243099
MMLU,discovery,validation,910,1879,287,0.15274081958488558,2246,307,0.13668744434550312
MMLU,discovery,validation,911,1879,272,0.1447578499201703,2246,309,0.13757791629563668
MMLU,discovery,validation,912,1879,318,0.1692389568919638,2246,323,0.14381121994657167
MMLU,discovery,validation,913,1879,276,0.14688664183076106,2246,314,0.13980409617097062
MMLU,discovery,validation,914,1879,254,0.13517828632251197,2246,252,0.11219946571682991
MMLU,discovery,validation,915,1879,256,0.13624268227780734,2246,309,0.13757791629563668
MMLU,discovery,validation,916,1879,258,0.1373070782331027,2246,361,0.16073018699910951
MMLU,discovery,validation,917,1879,264,0.14050026609898883,2246,309,0.13757791629563668
MMLU,discovery,validation,918,1879,302,0.16072378924960085,2246,297,0.13223508459483527
MMLU,discovery,validation,919,1879,306,0.16285258116019158,2246,346,0.15405164737310775
MMLU,discovery,validation,920,1879,319,0.1697711548696115,2246,341,0.15182546749777381
MMLU,discovery,validation,921,1879,314,0.16711016498137307,2246,332,0.14781834372217276
MMLU,discovery,validation,922,1879,287,0.15274081958488558,2246,362,0.1611754229741763
MMLU,discovery,validation,923,1879,327,0.17402873869079297,2246,354,0.15761353517364202
MMLU,discovery,validation,924,1879,272,0.1447578499201703,2246,304,0.13535173642030277
MMLU,discovery,validation,925,1879,318,0.1692389568919638,2246,330,0.14692787177203917
MMLU,discovery,validation,926,1879,259,0.1378392762107504,2246,345,0.15360641139804096
MMLU,discovery,validation,927,1879,259,0.1378392762107504,2246,303,0.13490650044523597
MMLU,discovery,validation,928,1879,344,0.18307610431080362,2246,257,0.11442564559216385
MMLU,discovery,validation,929,1879,239,0.1271953166577967,2246,390,0.1736420302760463
MMLU,discovery,validation,930,1879,249,0.13251729643427354,2246,364,0.1620658949243099
MMLU,discovery,validation,931,1879,280,0.1490154337413518,2246,326,0.14514692787177205
MMLU,discovery,validation,932,1879,293,0.15593400745077168,2246,304,0.13535173642030277
MMLU,discovery,validation,933,1879,273,0.145290047897818,2246,326,0.14514692787177205
MMLU,discovery,validation,934,1879,278,0.14795103778605642,2246,349,0.1553873552983081
MMLU,discovery,validation,935,1879,307,0.16338477913783928,2246,329,0.1464826357969724
MMLU,discovery,validation,936,1879,324,0.17243214475784993,2246,342,0.1522707034728406
MMLU,discovery,validation,937,1879,292,0.15540180947312401,2246,347,0.15449688334817455
MMLU,discovery,validation,938,1879,303,0.16125598722724854,2246,314,0.13980409617097062
MMLU,discovery,validation,939,1879,373,0.19850984566258648,2246,353,0.15716829919857525
MMLU,discovery,validation,940,1879,304,0.1617881852048962,2246,299,0.13312555654496883
MMLU,discovery,validation,941,1879,252,0.1341138903672166,2246,256,0.11398040961709706
MMLU,discovery,validation,942,1879,209,0.11122937732836616,2246,262,0.11665182546749778
MMLU,discovery,validation,943,1879,251,0.1335816923895689,2246,296,0.13178984861976847
MMLU,discovery,validation,944,1879,282,0.15007982969664715,2246,281,0.12511130899376668
MMLU,discovery,validation,945,1879,248,0.13198509845662587,2246,344,0.15316117542297417
MMLU,discovery,validation,946,1879,318,0.1692389568919638,2246,338,0.15048975957257346
MMLU,discovery,validation,947,1879,444,0.2362959020755721,2246,339,0.15093499554764025
MMLU,discovery,validation,948,1879,270,0.14369345396487493,2246,337,0.15004452359750667
MMLU,discovery,validation,949,1879,249,0.13251729643427354,2246,300,0.13357079252003562
MMLU,discovery,validation,950,1879,306,0.16285258116019158,2246,292,0.13000890471950133
MMLU,discovery,validation,951,1879,364,0.1937200638637573,2246,345,0.15360641139804096
MMLU,discovery,validation,952,1879,308,0.16391697711548697,2246,319,0.14203027604630455
MMLU,discovery,validation,953,1879,322,0.17136774880255454,2246,290,0.12911843276936777
MMLU,discovery,validation,954,1879,366,0.19478445981905268,2246,342,0.1522707034728406
MMLU,discovery,validation,955,1879,341,0.18147951037786056,2246,291,0.12956366874443456
MMLU,discovery,validation,956,1879,258,0.1373070782331027,2246,258,0.11487088156723063
MMLU,discovery,validation,957,1879,287,0.15274081958488558,2246,336,0.1495992876224399
MMLU,discovery,validation,958,1879,409,0.21766897285790315,2246,272,0.12110418521816563
MMLU,discovery,validation,959,1879,334,0.17775412453432676,2246,351,0.15627782724844166
MMLU,discovery,validation,960,1879,289,0.15380521554018095,2246,329,0.1464826357969724
MMLU,discovery,validation,961,1879,283,0.15061202767429482,2246,301,0.1340160284951024
MMLU,discovery,validation,962,1879,242,0.12879191059073974,2246,309,0.13757791629563668
MMLU,discovery,validation,963,1879,280,0.1490154337413518,2246,330,0.14692787177203917
MMLU,discovery,validation,964,1879,363,0.19318786588610964,2246,325,0.14470169189670526
MMLU,discovery,validation,965,1879,338,0.1798829164449175,2246,359,0.15983971504897596
MMLU,discovery,validation,966,1879,312,0.1660457690260777,2246,387,0.17230632235084595
MMLU,discovery,validation,967,1879,300,0.15965939329430548,2246,286,0.12733748886910062
MMLU,discovery,validation,968,1879,301,0.16019159127195318,2246,308,0.1371326803205699
MMLU,discovery,validation,969,1879,275,0.14635444385311336,2246,279,0.12422083704363313
MMLU,discovery,validation,970,1879,251,0.1335816923895689,2246,321,0.1429207479964381
MMLU,discovery,validation,971,1879,269,0.14316125598722726,2246,283,0.12600178094390027
MMLU,discovery,validation,972,1879,276,0.14688664183076106,2246,291,0.12956366874443456
MMLU,discovery,validation,973,1879,340,0.1809473124002129,2246,306,0.13624220837043632
MMLU,discovery,validation,974,1879,265,0.1410324640766365,2246,299,0.13312555654496883
MMLU,discovery,validation,975,1879,273,0.145290047897818,2246,385,0.1714158504007124
MMLU,discovery,validation,976,1879,300,0.15965939329430548,2246,345,0.15360641139804096
MMLU,discovery,validation,977,1879,255,0.13571048430015967,2246,291,0.12956366874443456
MMLU,discovery,validation,978,1879,390,0.20755721128259713,2246,365,0.16251113089937666
MMLU,discovery,validation,979,1879,293,0.15593400745077168,2246,276,0.12288512911843277
MMLU,discovery,validation,980,1879,429,0.22831293241085684,2246,308,0.1371326803205699
MMLU,discovery,validation,981,1879,294,0.15646620542841938,2246,278,0.12377560106856635
MMLU,discovery,validation,982,1879,398,0.2118147951037786,2246,318,0.14158504007123776
MMLU,discovery,validation,983,1879,337,0.17935071846726983,2246,347,0.15449688334817455
MMLU,discovery,validation,984,1879,253,0.1346460883448643,2246,365,0.16251113089937666
MMLU,discovery,validation,985,1879,296,0.15753060138371475,2246,332,0.14781834372217276
MMLU,discovery,validation,986,1879,254,0.13517828632251197,2246,279,0.12422083704363313
MMLU,discovery,validation,987,1879,332,0.1766897285790314,2246,310,0.13802315227070347
MMLU,discovery,validation,988,1879,299,0.1591271953166578,2246,329,0.1464826357969724
MMLU,discovery,validation,989,1879,288,0.15327301756253325,2246,308,0.1371326803205699
MMLU,discovery,validation,990,1879,262,0.13943587014369346,2246,300,0.13357079252003562
MMLU,discovery,validation,991,1879,326,0.1734965407131453,2246,304,0.13535173642030277
MMLU,discovery,validation,992,1879,277,0.14741883980840872,2246,354,0.15761353517364202
MMLU,discovery,validation,993,1879,353,0.18786588610963278,2246,320,0.14247551202137132
MMLU,discovery,validation,994,1879,264,0.14050026609898883,2246,286,0.12733748886910062
MMLU,discovery,validation,995,1879,317,0.16870675891431614,2246,374,0.16651825467497774
MMLU,discovery,validation,996,1879,317,0.16870675891431614,2246,360,0.16028495102404275
MMLU,discovery,validation,997,1879,268,0.14262905800957956,2246,307,0.13668744434550312
MMLU,discovery,validation,998,1879,332,0.1766897285790314,2246,339,0.15093499554764025
MMLU,discovery,validation,999,1879,367,0.19531665779670038,2246,393,0.17497773820124665
MMLU,validation,discovery,0,1356,192,0.1415929203539823,2278,344,0.15100965759438104
MMLU,validation,discovery,1,1356,223,0.16445427728613568,2278,280,0.12291483757682177
MMLU,validation,discovery,2,1356,259,0.19100294985250738,2278,361,0.1584723441615452
MMLU,validation,discovery,3,1356,195,0.14380530973451328,2278,277,0.12159789288849868
MMLU,validation,discovery,4,1350,241,0.17851851851851852,2277,357,0.15678524374176547
MMLU,validation,discovery,5,1356,223,0.16445427728613568,2278,289,0.12686567164179105
MMLU,validation,discovery,6,1356,199,0.1467551622418879,2278,256,0.11237928007023705
MMLU,validation,discovery,7,1356,379,0.27949852507374634,2278,286,0.12554872695346794
MMLU,validation,discovery,8,1356,243,0.17920353982300885,2278,322,0.14135206321334504
MMLU,validation,discovery,9,1356,194,0.1430678466076696,2278,242,0.10623353819139596
MMLU,validation,discovery,10,1356,256,0.1887905604719764,2278,303,0.13301141352063214
MMLU,validation,discovery,11,1356,206,0.15191740412979352,2278,327,0.14354697102721686
MMLU,validation,discovery,12,1356,198,0.14601769911504425,2278,236,0.10359964881474978
MMLU,validation,discovery,13,1356,189,0.13938053097345132,2278,271,0.1189640035118525
MMLU,validation,discovery,14,1356,210,0.15486725663716813,2278,316,0.13871817383669885
MMLU,validation,discovery,15,1350,263,0.1948148148148148,2277,372,0.16337285902503293
MMLU,validation,discovery,16,1356,287,0.21165191740412978,2278,286,0.12554872695346794
MMLU,validation,discovery,17,1356,273,0.2013274336283186,2278,289,0.12686567164179105
MMLU,validation,discovery,18,1356,232,0.1710914454277286,2278,282,0.1237928007023705
MMLU,validation,discovery,19,1356,198,0.14601769911504425,2278,319,0.14003511852502196
MMLU,validation,discovery,20,1356,212,0.15634218289085547,2278,257,0.11281826163301141
MMLU,validation,discovery,21,1356,226,0.16666666666666666,2278,311,0.13652326602282705
MMLU,validation,discovery,22,1356,248,0.18289085545722714,2278,339,0.1488147497805092
MMLU,validation,discovery,23,1356,181,0.13348082595870206,2278,281,0.12335381913959614
MMLU,validation,discovery,24,1356,208,0.15339233038348082,2278,318,0.1395961369622476
MMLU,validation,discovery,25,1356,206,0.15191740412979352,2278,276,0.12115891132572432
MMLU,validation,discovery,26,1356,183,0.13495575221238937,2278,292,0.12818261633011413
MMLU,validation,discovery,27,1356,190,0.140117994100295,2278,269,0.11808604038630377
MMLU,validation,discovery,28,1356,225,0.16592920353982302,2278,313,0.13740122914837577
MMLU,validation,discovery,29,1356,237,0.1747787610619469,2278,299,0.13125548726953468
MMLU,validation,discovery,30,1356,236,0.17404129793510326,2278,345,0.1514486391571554
MMLU,validation,discovery,31,1356,216,0.1592920353982301,2278,340,0.14925373134328357
MMLU,validation,discovery,32,1356,237,0.1747787610619469,2278,302,0.13257243195785778
MMLU,validation,discovery,33,1356,256,0.1887905604719764,2278,269,0.11808604038630377
MMLU,validation,discovery,34,1356,222,0.16371681415929204,2278,273,0.11984196663740122
MMLU,validation,discovery,35,1356,239,0.1762536873156342,2278,323,0.1417910447761194
MMLU,validation,discovery,36,1356,187,0.137905604719764,2278,299,0.13125548726953468
MMLU,validation,discovery,37,1350,217,0.16074074074074074,2277,272,0.11945542380324989
MMLU,validation,discovery,38,1356,228,0.168141592920354,2278,302,0.13257243195785778
MMLU,validation,discovery,39,1356,224,0.16519174041297935,2278,309,0.1356453028972783
MMLU,validation,discovery,40,1356,210,0.15486725663716813,2278,299,0.13125548726953468
MMLU,validation,discovery,41,1356,201,0.14823008849557523,2278,326,0.1431079894644425
MMLU,validation,discovery,42,1356,237,0.1747787610619469,2278,398,0.17471466198419666
MMLU,validation,discovery,43,1356,259,0.19100294985250738,2278,331,0.1453028972783143
MMLU,validation,discovery,44,1356,207,0.15265486725663716,2278,328,0.14398595258999122
MMLU,validation,discovery,45,1356,261,0.19247787610619468,2278,292,0.12818261633011413
MMLU,validation,discovery,46,1356,209,0.1541297935103245,2278,285,0.12510974539069358
MMLU,validation,discovery,47,1356,243,0.17920353982300885,2278,304,0.1334503950834065
MMLU,validation,discovery,48,1356,224,0.16519174041297935,2278,302,0.13257243195785778
MMLU,validation,discovery,49,1356,265,0.19542772861356933,2278,317,0.1391571553994732
MMLU,validation,discovery,50,1356,274,0.20206489675516223,2278,286,0.12554872695346794
MMLU,validation,discovery,51,1356,217,0.16002949852507375,2278,304,0.1334503950834065
MMLU,validation,discovery,52,1356,240,0.17699115044247787,2278,294,0.12906057945566285
MMLU,validation,discovery,53,1356,229,0.16887905604719763,2278,265,0.11633011413520632
MMLU,validation,discovery,54,1356,198,0.14601769911504425,2278,299,0.13125548726953468
MMLU,validation,discovery,55,1356,192,0.1415929203539823,2278,311,0.13652326602282705
MMLU,validation,discovery,56,1356,224,0.16519174041297935,2278,299,0.13125548726953468
MMLU,validation,discovery,57,1356,179,0.13200589970501475,2278,271,0.1189640035118525
MMLU,validation,discovery,58,1356,259,0.19100294985250738,2278,308,0.13520632133450394
MMLU,validation,discovery,59,1356,217,0.16002949852507375,2278,327,0.14354697102721686
MMLU,validation,discovery,60,1356,225,0.16592920353982302,2278,312,0.1369622475856014
MMLU,validation,discovery,61,1356,173,0.1275811209439528,2278,279,0.12247585601404741
MMLU,validation,discovery,62,1356,198,0.14601769911504425,2278,331,0.1453028972783143
MMLU,validation,discovery,63,1356,211,0.1556047197640118,2278,302,0.13257243195785778
MMLU,validation,discovery,64,1356,234,0.17256637168141592,2278,257,0.11281826163301141
MMLU,validation,discovery,65,1356,226,0.16666666666666666,2278,329,0.14442493415276558
MMLU,validation,discovery,66,1356,214,0.15781710914454278,2278,287,0.12598770851624233
MMLU,validation,discovery,67,1356,242,0.17846607669616518,2278,311,0.13652326602282705
MMLU,validation,discovery,68,1356,228,0.168141592920354,2278,331,0.1453028972783143
MMLU,validation,discovery,69,1356,235,0.1733038348082596,2278,281,0.12335381913959614
MMLU,validation,discovery,70,1356,225,0.16592920353982302,2278,303,0.13301141352063214
MMLU,validation,discovery,71,1356,180,0.13274336283185842,2278,271,0.1189640035118525
MMLU,validation,discovery,72,1356,186,0.13716814159292035,2278,283,0.12423178226514486
MMLU,validation,discovery,73,1356,239,0.1762536873156342,2278,293,0.1286215978928885
MMLU,validation,discovery,74,1356,246,0.18141592920353983,2278,343,0.15057067603160668
MMLU,validation,discovery,75,1356,214,0.15781710914454278,2278,319,0.14003511852502196
MMLU,validation,discovery,76,1356,228,0.168141592920354,2278,295,0.12949956101843724
MMLU,validation,discovery,77,1356,213,0.1570796460176991,2278,284,0.12467076382791922
MMLU,validation,discovery,78,1356,251,0.1851032448377581,2278,339,0.1488147497805092
MMLU,validation,discovery,79,1356,232,0.1710914454277286,2278,278,0.12203687445127305
MMLU,validation,discovery,80,1356,204,0.1504424778761062,2278,320,0.14047410008779632
MMLU,validation,discovery,81,1356,223,0.16445427728613568,2278,281,0.12335381913959614
MMLU,validation,discovery,82,1356,313,0.2308259587020649,2278,335,0.14705882352941177
MMLU,validation,discovery,83,1356,231,0.17035398230088494,2278,314,0.13784021071115013
MMLU,validation,discovery,84,1356,216,0.1592920353982301,2278,315,0.1382791922739245
MMLU,validation,discovery,85,1356,203,0.14970501474926254,2278,314,0.13784021071115013
MMLU,validation,discovery,86,1356,187,0.137905604719764,2278,248,0.10886742756804214
MMLU,validation,discovery,87,1356,286,0.21091445427728614,2278,276,0.12115891132572432
MMLU,validation,discovery,88,1356,200,0.14749262536873156,2278,271,0.1189640035118525
MMLU,validation,discovery,89,1356,272,0.20058997050147492,2278,301,0.1321334503950834
MMLU,validation,discovery,90,1356,235,0.1733038348082596,2278,264,0.11589113257243196
MMLU,validation,discovery,91,1356,196,0.14454277286135694,2278,335,0.14705882352941177
MMLU,validation,discovery,92,1356,257,0.18952802359882007,2278,283,0.12423178226514486
MMLU,validation,discovery,93,1356,228,0.168141592920354,2278,321,0.14091308165057068
MMLU,validation,discovery,94,1356,225,0.16592920353982302,2278,300,0.13169446883230904
MMLU,validation,discovery,95,1356,263,0.193952802359882,2278,336,0.14749780509218613
MMLU,validation,discovery,96,1356,218,0.1607669616519174,2278,306,0.13432835820895522
MMLU,validation,discovery,97,1356,220,0.16224188790560473,2278,271,0.1189640035118525
MMLU,validation,discovery,98,1356,183,0.13495575221238937,2278,239,0.10491659350307288
MMLU,validation,discovery,99,1356,256,0.1887905604719764,2278,295,0.12949956101843724
MMLU,validation,discovery,100,1356,211,0.1556047197640118,2278,313,0.13740122914837577
MMLU,validation,discovery,101,1356,213,0.1570796460176991,2278,294,0.12906057945566285
MMLU,validation,discovery,102,1356,273,0.2013274336283186,2278,254,0.11150131694468832
MMLU,validation,discovery,103,1356,275,0.2028023598820059,2278,256,0.11237928007023705
MMLU,validation,discovery,104,1356,206,0.15191740412979352,2278,323,0.1417910447761194
MMLU,validation,discovery,105,1356,230,0.1696165191740413,2278,278,0.12203687445127305
MMLU,validation,discovery,106,1356,250,0.18436578171091444,2278,349,0.15320456540825286
MMLU,validation,discovery,107,1356,246,0.18141592920353983,2278,401,0.17603160667251974
MMLU,validation,discovery,108,1356,167,0.12315634218289086,2278,309,0.1356453028972783
MMLU,validation,discovery,109,1356,268,0.1976401179941003,2278,277,0.12159789288849868
MMLU,validation,discovery,110,1356,272,0.20058997050147492,2278,371,0.16286215978928886
MMLU,validation,discovery,111,1356,221,0.16297935103244837,2278,294,0.12906057945566285
MMLU,validation,discovery,112,1356,269,0.19837758112094395,2278,257,0.11281826163301141
MMLU,validation,discovery,113,1356,188,0.13864306784660768,2278,307,0.13476733977172958
MMLU,validation,discovery,114,1356,283,0.20870206489675516,2278,262,0.11501316944688324
MMLU,validation,discovery,115,1356,272,0.20058997050147492,2278,281,0.12335381913959614
MMLU,validation,discovery,116,1356,175,0.1290560471976401,2278,291,0.12774363476733977
MMLU,validation,discovery,117,1356,205,0.15117994100294985,2278,354,0.15539947322212466
MMLU,validation,discovery,118,1356,262,0.19321533923303835,2278,316,0.13871817383669885
MMLU,validation,discovery,119,1356,290,0.21386430678466076,2278,343,0.15057067603160668
MMLU,validation,discovery,120,1356,238,0.17551622418879056,2278,270,0.11852502194907814
MMLU,validation,discovery,121,1356,220,0.16224188790560473,2278,341,0.14969271290605796
MMLU,validation,discovery,122,1356,197,0.14528023598820058,2278,270,0.11852502194907814
MMLU,validation,discovery,123,1356,162,0.11946902654867257,2278,250,0.10974539069359086
MMLU,validation,discovery,124,1356,255,0.18805309734513273,2278,274,0.1202809482001756
MMLU,validation,discovery,125,1356,208,0.15339233038348082,2278,284,0.12467076382791922
MMLU,validation,discovery,126,1356,223,0.16445427728613568,2278,314,0.13784021071115013
MMLU,validation,discovery,127,1356,234,0.17256637168141592,2278,298,0.13081650570676032
MMLU,validation,discovery,128,1356,273,0.2013274336283186,2278,328,0.14398595258999122
MMLU,validation,discovery,129,1356,220,0.16224188790560473,2278,238,0.1044776119402985
MMLU,validation,discovery,130,1356,233,0.17182890855457228,2278,282,0.1237928007023705
MMLU,validation,discovery,131,1356,239,0.1762536873156342,2278,335,0.14705882352941177
MMLU,validation,discovery,132,1356,184,0.13569321533923304,2278,268,0.11764705882352941
MMLU,validation,discovery,133,1356,210,0.15486725663716813,2278,293,0.1286215978928885
MMLU,validation,discovery,134,1356,240,0.17699115044247787,2278,275,0.12071992976294996
MMLU,validation,discovery,135,1356,260,0.19174041297935104,2278,300,0.13169446883230904
MMLU,validation,discovery,136,1356,249,0.1836283185840708,2278,365,0.16022827041264268
MMLU,validation,discovery,137,1356,273,0.2013274336283186,2277,309,0.13570487483530963
MMLU,validation,discovery,138,1356,223,0.16445427728613568,2278,315,0.1382791922739245
MMLU,validation,discovery,139,1356,247,0.18215339233038347,2277,310,0.13614404918752745
MMLU,validation,discovery,140,1356,213,0.1570796460176991,2278,267,0.11720807726075505
MMLU,validation,discovery,141,1356,213,0.1570796460176991,2278,309,0.1356453028972783
MMLU,validation,discovery,142,1356,229,0.16887905604719763,2278,284,0.12467076382791922
MMLU,validation,discovery,143,1356,198,0.14601769911504425,2278,304,0.1334503950834065
MMLU,validation,discovery,144,1356,221,0.16297935103244837,2277,294,0.12911725955204217
MMLU,validation,discovery,145,1356,227,0.16740412979351033,2278,308,0.13520632133450394
MMLU,validation,discovery,146,1356,282,0.2079646017699115,2278,371,0.16286215978928886
MMLU,validation,discovery,147,1356,225,0.16592920353982302,2278,366,0.16066725197541704
MMLU,validation,discovery,148,1356,226,0.16666666666666666,2278,299,0.13125548726953468
MMLU,validation,discovery,149,1356,212,0.15634218289085547,2278,242,0.10623353819139596
MMLU,validation,discovery,150,1356,215,0.15855457227138642,2278,322,0.14135206321334504
MMLU,validation,discovery,151,1356,191,0.14085545722713863,2278,307,0.13476733977172958
MMLU,validation,discovery,152,1350,222,0.16444444444444445,2278,264,0.11589113257243196
MMLU,validation,discovery,153,1356,225,0.16592920353982302,2278,296,0.1299385425812116
MMLU,validation,discovery,154,1356,207,0.15265486725663716,2278,273,0.11984196663740122
MMLU,validation,discovery,155,1356,204,0.1504424778761062,2278,303,0.13301141352063214
MMLU,validation,discovery,156,1356,220,0.16224188790560473,2278,351,0.15408252853380158
MMLU,validation,discovery,157,1356,202,0.14896755162241887,2278,290,0.1273046532045654
MMLU,validation,discovery,158,1356,192,0.1415929203539823,2278,296,0.1299385425812116
MMLU,validation,discovery,159,1356,205,0.15117994100294985,2278,237,0.10403863037752414
MMLU,validation,discovery,160,1356,195,0.14380530973451328,2278,302,0.13257243195785778
MMLU,validation,discovery,161,1356,275,0.2028023598820059,2278,264,0.11589113257243196
MMLU,validation,discovery,162,1350,242,0.17925925925925926,2278,349,0.15320456540825286
MMLU,validation,discovery,163,1356,251,0.1851032448377581,2278,289,0.12686567164179105
MMLU,validation,discovery,164,1356,202,0.14896755162241887,2278,280,0.12291483757682177
MMLU,validation,discovery,165,1356,237,0.1747787610619469,2278,277,0.12159789288849868
MMLU,validation,discovery,166,1356,232,0.1710914454277286,2278,271,0.1189640035118525
MMLU,validation,discovery,167,1356,232,0.1710914454277286,2278,386,0.1694468832309043
MMLU,validation,discovery,168,1356,303,0.2234513274336283,2278,402,0.17647058823529413
MMLU,validation,discovery,169,1356,249,0.1836283185840708,2278,313,0.13740122914837577
MMLU,validation,discovery,170,1356,258,0.1902654867256637,2278,329,0.14442493415276558
MMLU,validation,discovery,171,1356,257,0.18952802359882007,2278,288,0.1264266900790167
MMLU,validation,discovery,172,1356,302,0.22271386430678466,2278,298,0.13081650570676032
MMLU,validation,discovery,173,1356,202,0.14896755162241887,2278,332,0.14574187884108866
MMLU,validation,discovery,174,1356,268,0.1976401179941003,2278,340,0.14925373134328357
MMLU,validation,discovery,175,1356,204,0.1504424778761062,2278,290,0.1273046532045654
MMLU,validation,discovery,176,1356,194,0.1430678466076696,2278,271,0.1189640035118525
MMLU,validation,discovery,177,1356,219,0.16150442477876106,2278,323,0.1417910447761194
MMLU,validation,discovery,178,1356,265,0.19542772861356933,2278,270,0.11852502194907814
MMLU,validation,discovery,179,1356,242,0.17846607669616518,2278,304,0.1334503950834065
MMLU,validation,discovery,180,1356,249,0.1836283185840708,2278,325,0.14266900790166814
MMLU,validation,discovery,181,1356,286,0.21091445427728614,2278,294,0.12906057945566285
MMLU,validation,discovery,182,1356,190,0.140117994100295,2278,294,0.12906057945566285
MMLU,validation,discovery,183,1356,238,0.17551622418879056,2278,319,0.14003511852502196
MMLU,validation,discovery,184,1356,241,0.17772861356932154,2278,367,0.1611062335381914
MMLU,validation,discovery,185,1356,230,0.1696165191740413,2278,281,0.12335381913959614
MMLU,validation,discovery,186,1356,227,0.16740412979351033,2278,267,0.11720807726075505
MMLU,validation,discovery,187,1356,260,0.19174041297935104,2278,335,0.14705882352941177
MMLU,validation,discovery,188,1356,233,0.17182890855457228,2278,303,0.13301141352063214
MMLU,validation,discovery,189,1356,225,0.16592920353982302,2278,285,0.12510974539069358
MMLU,validation,discovery,190,1356,252,0.18584070796460178,2278,324,0.14223002633889376
MMLU,validation,discovery,191,1356,242,0.17846607669616518,2278,368,0.16154521510096576
MMLU,validation,discovery,192,1356,269,0.19837758112094395,2278,326,0.1431079894644425
MMLU,validation,discovery,193,1356,198,0.14601769911504425,2278,301,0.1321334503950834
MMLU,validation,discovery,194,1356,226,0.16666666666666666,2278,309,0.1356453028972783
MMLU,validation,discovery,195,1356,192,0.1415929203539823,2278,259,0.11369622475856014
MMLU,validation,discovery,196,1356,199,0.1467551622418879,2278,276,0.12115891132572432
MMLU,validation,discovery,197,1356,215,0.15855457227138642,2278,289,0.12686567164179105
MMLU,validation,discovery,198,1356,226,0.16666666666666666,2278,305,0.13388937664618086
MMLU,validation,discovery,199,1356,228,0.168141592920354,2278,301,0.1321334503950834
MMLU,validation,discovery,200,1356,270,0.19911504424778761,2278,317,0.1391571553994732
MMLU,validation,discovery,201,1356,204,0.1504424778761062,2278,288,0.1264266900790167
MMLU,validation,discovery,202,1356,251,0.1851032448377581,2278,329,0.14442493415276558
MMLU,validation,discovery,203,1356,222,0.16371681415929204,2278,259,0.11369622475856014
MMLU,validation,discovery,204,1356,215,0.15855457227138642,2278,332,0.14574187884108866
MMLU,validation,discovery,205,1356,165,0.12168141592920353,2278,267,0.11720807726075505
MMLU,validation,discovery,206,1356,180,0.13274336283185842,2278,261,0.11457418788410886
MMLU,validation,discovery,207,1356,227,0.16740412979351033,2278,319,0.14003511852502196
MMLU,validation,discovery,208,1356,210,0.15486725663716813,2278,308,0.13520632133450394
MMLU,validation,discovery,209,1356,218,0.1607669616519174,2278,296,0.1299385425812116
MMLU,validation,discovery,210,1356,272,0.20058997050147492,2278,297,0.13037752414398596
MMLU,validation,discovery,211,1356,187,0.137905604719764,2278,283,0.12423178226514486
MMLU,validation,discovery,212,1356,236,0.17404129793510326,2278,321,0.14091308165057068
MMLU,validation,discovery,213,1356,206,0.15191740412979352,2278,283,0.12423178226514486
MMLU,validation,discovery,214,1356,201,0.14823008849557523,2278,334,0.1466198419666374
MMLU,validation,discovery,215,1356,232,0.1710914454277286,2278,358,0.15715539947322213
MMLU,validation,discovery,216,1356,249,0.1836283185840708,2278,333,0.14618086040386305
MMLU,validation,discovery,217,1356,292,0.2153392330383481,2278,313,0.13740122914837577
MMLU,validation,discovery,218,1356,199,0.1467551622418879,2278,294,0.12906057945566285
MMLU,validation,discovery,219,1356,246,0.18141592920353983,2278,292,0.12818261633011413
MMLU,validation,discovery,220,1356,223,0.16445427728613568,2278,294,0.12906057945566285
MMLU,validation,discovery,221,1356,206,0.15191740412979352,2278,287,0.12598770851624233
MMLU,validation,discovery,222,1356,310,0.22861356932153393,2278,280,0.12291483757682177
MMLU,validation,discovery,223,1356,250,0.18436578171091444,2278,324,0.14223002633889376
MMLU,validation,discovery,224,1356,215,0.15855457227138642,2278,334,0.1466198419666374
MMLU,validation,discovery,225,1356,201,0.14823008849557523,2278,290,0.1273046532045654
MMLU,validation,discovery,226,1356,222,0.16371681415929204,2278,304,0.1334503950834065
MMLU,validation,discovery,227,1356,192,0.1415929203539823,2278,288,0.1264266900790167
MMLU,validation,discovery,228,1356,222,0.16371681415929204,2278,286,0.12554872695346794
MMLU,validation,discovery,229,1356,226,0.16666666666666666,2278,325,0.14266900790166814
MMLU,validation,discovery,230,1356,216,0.1592920353982301,2278,262,0.11501316944688324
MMLU,validation,discovery,231,1356,192,0.1415929203539823,2278,271,0.1189640035118525
MMLU,validation,discovery,232,1356,202,0.14896755162241887,2278,282,0.1237928007023705
MMLU,validation,discovery,233,1356,352,0.25958702064896755,2278,354,0.15539947322212466
MMLU,validation,discovery,234,1356,250,0.18436578171091444,2278,328,0.14398595258999122
MMLU,validation,discovery,235,1356,225,0.16592920353982302,2278,276,0.12115891132572432
MMLU,validation,discovery,236,1356,171,0.1261061946902655,2278,328,0.14398595258999122
MMLU,validation,discovery,237,1356,214,0.15781710914454278,2278,288,0.1264266900790167
MMLU,validation,discovery,238,1356,263,0.193952802359882,2278,288,0.1264266900790167
MMLU,validation,discovery,239,1356,229,0.16887905604719763,2278,315,0.1382791922739245
MMLU,validation,discovery,240,1356,205,0.15117994100294985,2278,319,0.14003511852502196
MMLU,validation,discovery,241,1356,232,0.1710914454277286,2278,298,0.13081650570676032
MMLU,validation,discovery,242,1356,229,0.16887905604719763,2278,308,0.13520632133450394
MMLU,validation,discovery,243,1356,207,0.15265486725663716,2278,385,0.16900790166812993
MMLU,validation,discovery,244,1356,263,0.193952802359882,2278,330,0.14486391571553994
MMLU,validation,discovery,245,1356,228,0.168141592920354,2278,320,0.14047410008779632
MMLU,validation,discovery,246,1356,220,0.16224188790560473,2278,319,0.14003511852502196
MMLU,validation,discovery,247,1356,277,0.2042772861356932,2278,305,0.13388937664618086
MMLU,validation,discovery,248,1356,210,0.15486725663716813,2278,284,0.12467076382791922
MMLU,validation,discovery,249,1356,191,0.14085545722713863,2278,291,0.12774363476733977
MMLU,validation,discovery,250,1356,211,0.1556047197640118,2278,294,0.12906057945566285
MMLU,validation,discovery,251,1356,214,0.15781710914454278,2278,262,0.11501316944688324
MMLU,validation,discovery,252,1356,290,0.21386430678466076,2278,319,0.14003511852502196
MMLU,validation,discovery,253,1350,198,0.14666666666666667,2278,318,0.1395961369622476
MMLU,validation,discovery,254,1356,183,0.13495575221238937,2278,292,0.12818261633011413
MMLU,validation,discovery,255,1356,196,0.14454277286135694,2278,270,0.11852502194907814
MMLU,validation,discovery,256,1356,210,0.15486725663716813,2278,372,0.16330114135206322
MMLU,validation,discovery,257,1356,207,0.15265486725663716,2278,273,0.11984196663740122
MMLU,validation,discovery,258,1356,250,0.18436578171091444,2278,262,0.11501316944688324
MMLU,validation,discovery,259,1356,308,0.22713864306784662,2278,314,0.13784021071115013
MMLU,validation,discovery,260,1356,245,0.18067846607669616,2278,293,0.1286215978928885
MMLU,validation,discovery,261,1356,206,0.15191740412979352,2278,303,0.13301141352063214
MMLU,validation,discovery,262,1356,280,0.20648967551622419,2278,347,0.15232660228270412
MMLU,validation,discovery,263,1356,291,0.21460176991150443,2278,304,0.1334503950834065
MMLU,validation,discovery,264,1356,239,0.1762536873156342,2278,279,0.12247585601404741
MMLU,validation,discovery,265,1356,213,0.1570796460176991,2278,323,0.1417910447761194
MMLU,validation,discovery,266,1356,286,0.21091445427728614,2278,359,0.1575943810359965
MMLU,validation,discovery,267,1356,221,0.16297935103244837,2278,286,0.12554872695346794
MMLU,validation,discovery,268,1356,238,0.17551622418879056,2278,331,0.1453028972783143
MMLU,validation,discovery,269,1356,244,0.17994100294985252,2278,316,0.13871817383669885
MMLU,validation,discovery,270,1356,219,0.16150442477876106,2278,326,0.1431079894644425
MMLU,validation,discovery,271,1356,218,0.1607669616519174,2278,315,0.1382791922739245
MMLU,validation,discovery,272,1356,217,0.16002949852507375,2278,261,0.11457418788410886
MMLU,validation,discovery,273,1356,225,0.16592920353982302,2278,334,0.1466198419666374
MMLU,validation,discovery,274,1356,201,0.14823008849557523,2278,325,0.14266900790166814
MMLU,validation,discovery,275,1356,237,0.1747787610619469,2278,366,0.16066725197541704
MMLU,validation,discovery,276,1356,214,0.15781710914454278,2278,318,0.1395961369622476
MMLU,validation,discovery,277,1356,241,0.17772861356932154,2278,263,0.1154521510096576
MMLU,validation,discovery,278,1356,182,0.13421828908554573,2278,326,0.1431079894644425
MMLU,validation,discovery,279,1356,173,0.1275811209439528,2278,270,0.11852502194907814
MMLU,validation,discovery,280,1356,200,0.14749262536873156,2278,268,0.11764705882352941
MMLU,validation,discovery,281,1356,214,0.15781710914454278,2278,273,0.11984196663740122
MMLU,validation,discovery,282,1356,277,0.2042772861356932,2278,299,0.13125548726953468
MMLU,validation,discovery,283,1356,251,0.1851032448377581,2278,318,0.1395961369622476
MMLU,validation,discovery,284,1356,194,0.1430678466076696,2278,296,0.1299385425812116
MMLU,validation,discovery,285,1356,180,0.13274336283185842,2278,296,0.1299385425812116
MMLU,validation,discovery,286,1356,241,0.17772861356932154,2278,278,0.12203687445127305
MMLU,validation,discovery,287,1356,257,0.18952802359882007,2278,323,0.1417910447761194
MMLU,validation,discovery,288,1356,256,0.1887905604719764,2278,338,0.14837576821773485
MMLU,validation,discovery,289,1356,242,0.17846607669616518,2278,282,0.1237928007023705
MMLU,validation,discovery,290,1356,287,0.21165191740412978,2278,270,0.11852502194907814
MMLU,validation,discovery,291,1356,210,0.15486725663716813,2278,364,0.15978928884986832
MMLU,validation,discovery,292,1356,209,0.1541297935103245,2278,338,0.14837576821773485
MMLU,validation,discovery,293,1356,278,0.20501474926253688,2278,312,0.1369622475856014
MMLU,validation,discovery,294,1350,190,0.14074074074074075,2278,309,0.1356453028972783
MMLU,validation,discovery,295,1350,228,0.1688888888888889,2278,285,0.12510974539069358
MMLU,validation,discovery,296,1356,238,0.17551622418879056,2278,297,0.13037752414398596
MMLU,validation,discovery,297,1356,219,0.16150442477876106,2278,350,0.15364354697102722
MMLU,validation,discovery,298,1356,205,0.15117994100294985,2278,256,0.11237928007023705
MMLU,validation,discovery,299,1356,185,0.1364306784660767,2278,254,0.11150131694468832
MMLU,validation,discovery,300,1356,243,0.17920353982300885,2278,339,0.1488147497805092
MMLU,validation,discovery,301,1356,240,0.17699115044247787,2278,318,0.1395961369622476
MMLU,validation,discovery,302,1356,270,0.19911504424778761,2278,307,0.13476733977172958
MMLU,validation,discovery,303,1356,249,0.1836283185840708,2278,326,0.1431079894644425
MMLU,validation,discovery,304,1356,197,0.14528023598820058,2278,285,0.12510974539069358
MMLU,validation,discovery,305,1356,306,0.22566371681415928,2278,312,0.1369622475856014
MMLU,validation,discovery,306,1356,292,0.2153392330383481,2278,293,0.1286215978928885
MMLU,validation,discovery,307,1356,254,0.1873156342182891,2278,334,0.1466198419666374
MMLU,validation,discovery,308,1356,211,0.1556047197640118,2278,269,0.11808604038630377
MMLU,validation,discovery,309,1356,210,0.15486725663716813,2278,287,0.12598770851624233
MMLU,validation,discovery,310,1356,212,0.15634218289085547,2278,254,0.11150131694468832
MMLU,validation,discovery,311,1356,211,0.1556047197640118,2278,272,0.11940298507462686
MMLU,validation,discovery,312,1356,199,0.1467551622418879,2278,308,0.13520632133450394
MMLU,validation,discovery,313,1356,247,0.18215339233038347,2278,354,0.15539947322212466
MMLU,validation,discovery,314,1356,340,0.25073746312684364,2278,305,0.13388937664618086
MMLU,validation,discovery,315,1356,237,0.1747787610619469,2278,330,0.14486391571553994
MMLU,validation,discovery,316,1356,226,0.16666666666666666,2278,290,0.1273046532045654
MMLU,validation,discovery,317,1356,208,0.15339233038348082,2278,325,0.14266900790166814
MMLU,validation,discovery,318,1356,268,0.1976401179941003,2278,359,0.1575943810359965
MMLU,validation,discovery,319,1356,228,0.168141592920354,2278,289,0.12686567164179105
MMLU,validation,discovery,320,1356,207,0.15265486725663716,2278,251,0.11018437225636524
MMLU,validation,discovery,321,1356,228,0.168141592920354,2278,287,0.12598770851624233
MMLU,validation,discovery,322,1356,226,0.16666666666666666,2278,368,0.16154521510096576
MMLU,validation,discovery,323,1356,212,0.15634218289085547,2278,277,0.12159789288849868
MMLU,validation,discovery,324,1356,246,0.18141592920353983,2278,306,0.13432835820895522
MMLU,validation,discovery,325,1356,200,0.14749262536873156,2278,290,0.1273046532045654
MMLU,validation,discovery,326,1356,204,0.1504424778761062,2278,277,0.12159789288849868
MMLU,validation,discovery,327,1356,209,0.1541297935103245,2278,320,0.14047410008779632
MMLU,validation,discovery,328,1356,233,0.17182890855457228,2278,291,0.12774363476733977
MMLU,validation,discovery,329,1356,223,0.16445427728613568,2278,296,0.1299385425812116
MMLU,validation,discovery,330,1356,209,0.1541297935103245,2278,300,0.13169446883230904
MMLU,validation,discovery,331,1356,248,0.18289085545722714,2278,312,0.1369622475856014
MMLU,validation,discovery,332,1356,222,0.16371681415929204,2278,367,0.1611062335381914
MMLU,validation,discovery,333,1356,213,0.1570796460176991,2278,255,0.11194029850746269
MMLU,validation,discovery,334,1356,225,0.16592920353982302,2278,312,0.1369622475856014
MMLU,validation,discovery,335,1356,241,0.17772861356932154,2278,289,0.12686567164179105
MMLU,validation,discovery,336,1356,259,0.19100294985250738,2278,298,0.13081650570676032
MMLU,validation,discovery,337,1350,264,0.19555555555555557,2278,309,0.1356453028972783
MMLU,validation,discovery,338,1356,197,0.14528023598820058,2278,343,0.15057067603160668
MMLU,validation,discovery,339,1356,206,0.15191740412979352,2278,286,0.12554872695346794
MMLU,validation,discovery,340,1356,234,0.17256637168141592,2278,362,0.15891132572431957
MMLU,validation,discovery,341,1356,254,0.1873156342182891,2278,279,0.12247585601404741
MMLU,validation,discovery,342,1356,211,0.1556047197640118,2278,275,0.12071992976294996
MMLU,validation,discovery,343,1356,195,0.14380530973451328,2278,345,0.1514486391571554
MMLU,validation,discovery,344,1356,200,0.14749262536873156,2278,306,0.13432835820895522
MMLU,validation,discovery,345,1356,208,0.15339233038348082,2278,259,0.11369622475856014
MMLU,validation,discovery,346,1356,216,0.1592920353982301,2278,309,0.1356453028972783
MMLU,validation,discovery,347,1356,237,0.1747787610619469,2278,303,0.13301141352063214
MMLU,validation,discovery,348,1356,231,0.17035398230088494,2278,264,0.11589113257243196
MMLU,validation,discovery,349,1356,237,0.1747787610619469,2278,316,0.13871817383669885
MMLU,validation,discovery,350,1356,239,0.1762536873156342,2278,327,0.14354697102721686
MMLU,validation,discovery,351,1356,263,0.193952802359882,2278,280,0.12291483757682177
MMLU,validation,discovery,352,1356,230,0.1696165191740413,2278,264,0.11589113257243196
MMLU,validation,discovery,353,1356,188,0.13864306784660768,2278,276,0.12115891132572432
MMLU,validation,discovery,354,1356,226,0.16666666666666666,2278,283,0.12423178226514486
MMLU,validation,discovery,355,1356,260,0.19174041297935104,2278,308,0.13520632133450394
MMLU,validation,discovery,356,1356,243,0.17920353982300885,2278,278,0.12203687445127305
MMLU,validation,discovery,357,1356,172,0.12684365781710916,2278,279,0.12247585601404741
MMLU,validation,discovery,358,1356,240,0.17699115044247787,2278,319,0.14003511852502196
MMLU,validation,discovery,359,1356,219,0.16150442477876106,2278,303,0.13301141352063214
MMLU,validation,discovery,360,1356,261,0.19247787610619468,2278,321,0.14091308165057068
MMLU,validation,discovery,361,1356,250,0.18436578171091444,2278,303,0.13301141352063214
MMLU,validation,discovery,362,1356,289,0.21312684365781712,2278,336,0.14749780509218613
MMLU,validation,discovery,363,1356,208,0.15339233038348082,2278,296,0.1299385425812116
MMLU,validation,discovery,364,1356,214,0.15781710914454278,2278,268,0.11764705882352941
MMLU,validation,discovery,365,1356,206,0.15191740412979352,2278,306,0.13432835820895522
MMLU,validation,discovery,366,1356,241,0.17772861356932154,2278,345,0.1514486391571554
MMLU,validation,discovery,367,1356,222,0.16371681415929204,2278,297,0.13037752414398596
MMLU,validation,discovery,368,1356,229,0.16887905604719763,2278,274,0.1202809482001756
MMLU,validation,discovery,369,1356,261,0.19247787610619468,2278,273,0.11984196663740122
MMLU,validation,discovery,370,1356,209,0.1541297935103245,2278,272,0.11940298507462686
MMLU,validation,discovery,371,1350,218,0.16148148148148148,2278,302,0.13257243195785778
MMLU,validation,discovery,372,1356,197,0.14528023598820058,2278,298,0.13081650570676032
MMLU,validation,discovery,373,1356,183,0.13495575221238937,2278,278,0.12203687445127305
MMLU,validation,discovery,374,1356,213,0.1570796460176991,2278,265,0.11633011413520632
MMLU,validation,discovery,375,1356,274,0.20206489675516223,2278,355,0.15583845478489902
MMLU,validation,discovery,376,1356,230,0.1696165191740413,2278,298,0.13081650570676032
MMLU,validation,discovery,377,1356,202,0.14896755162241887,2278,325,0.14266900790166814
MMLU,validation,discovery,378,1356,266,0.19616519174041297,2278,300,0.13169446883230904
MMLU,validation,discovery,379,1356,192,0.1415929203539823,2278,317,0.1391571553994732
MMLU,validation,discovery,380,1356,230,0.1696165191740413,2278,271,0.1189640035118525
MMLU,validation,discovery,381,1356,213,0.1570796460176991,2278,349,0.15320456540825286
MMLU,validation,discovery,382,1356,271,0.19985250737463126,2278,266,0.11676909569798069
MMLU,validation,discovery,383,1356,202,0.14896755162241887,2278,269,0.11808604038630377
MMLU,validation,discovery,384,1356,264,0.19469026548672566,2278,382,0.16769095697980685
MMLU,validation,discovery,385,1356,238,0.17551622418879056,2278,310,0.1360842844600527
MMLU,validation,discovery,386,1356,232,0.1710914454277286,2278,313,0.13740122914837577
MMLU,validation,discovery,387,1356,197,0.14528023598820058,2278,365,0.16022827041264268
MMLU,validation,discovery,388,1356,268,0.1976401179941003,2278,322,0.14135206321334504
MMLU,validation,discovery,389,1356,223,0.16445427728613568,2278,322,0.14135206321334504
MMLU,validation,discovery,390,1356,218,0.1607669616519174,2278,256,0.11237928007023705
MMLU,validation,discovery,391,1356,303,0.2234513274336283,2278,279,0.12247585601404741
MMLU,validation,discovery,392,1356,233,0.17182890855457228,2278,290,0.1273046532045654
MMLU,validation,discovery,393,1356,231,0.17035398230088494,2278,311,0.13652326602282705
MMLU,validation,discovery,394,1356,202,0.14896755162241887,2278,306,0.13432835820895522
MMLU,validation,discovery,395,1356,257,0.18952802359882007,2278,297,0.13037752414398596
MMLU,validation,discovery,396,1356,207,0.15265486725663716,2278,310,0.1360842844600527
MMLU,validation,discovery,397,1356,208,0.15339233038348082,2278,296,0.1299385425812116
MMLU,validation,discovery,398,1356,199,0.1467551622418879,2278,284,0.12467076382791922
MMLU,validation,discovery,399,1356,209,0.1541297935103245,2278,306,0.13432835820895522
MMLU,validation,discovery,400,1356,186,0.13716814159292035,2278,253,0.11106233538191396
MMLU,validation,discovery,401,1356,233,0.17182890855457228,2278,342,0.15013169446883232
MMLU,validation,discovery,402,1356,222,0.16371681415929204,2278,334,0.1466198419666374
MMLU,validation,discovery,403,1356,226,0.16666666666666666,2278,289,0.12686567164179105
MMLU,validation,discovery,404,1356,234,0.17256637168141592,2278,276,0.12115891132572432
MMLU,validation,discovery,405,1356,211,0.1556047197640118,2278,283,0.12423178226514486
MMLU,validation,discovery,406,1356,266,0.19616519174041297,2278,310,0.1360842844600527
MMLU,validation,discovery,407,1356,183,0.13495575221238937,2278,228,0.10008779631255488
MMLU,validation,discovery,408,1356,201,0.14823008849557523,2278,272,0.11940298507462686
MMLU,validation,discovery,409,1356,259,0.19100294985250738,2278,356,0.1562774363476734
MMLU,validation,discovery,410,1356,214,0.15781710914454278,2278,288,0.1264266900790167
MMLU,validation,discovery,411,1356,207,0.15265486725663716,2278,298,0.13081650570676032
MMLU,validation,discovery,412,1356,256,0.1887905604719764,2278,264,0.11589113257243196
MMLU,validation,discovery,413,1356,237,0.1747787610619469,2278,276,0.12115891132572432
MMLU,validation,discovery,414,1356,236,0.17404129793510326,2278,268,0.11764705882352941
MMLU,validation,discovery,415,1356,212,0.15634218289085547,2278,303,0.13301141352063214
MMLU,validation,discovery,416,1356,212,0.15634218289085547,2278,315,0.1382791922739245
MMLU,validation,discovery,417,1356,239,0.1762536873156342,2278,273,0.11984196663740122
MMLU,validation,discovery,418,1356,208,0.15339233038348082,2278,316,0.13871817383669885
MMLU,validation,discovery,419,1356,234,0.17256637168141592,2278,354,0.15539947322212466
MMLU,validation,discovery,420,1356,188,0.13864306784660768,2278,263,0.1154521510096576
MMLU,validation,discovery,421,1356,266,0.19616519174041297,2278,360,0.15803336259877085
MMLU,validation,discovery,422,1356,251,0.1851032448377581,2278,316,0.13871817383669885
MMLU,validation,discovery,423,1356,251,0.1851032448377581,2278,332,0.14574187884108866
MMLU,validation,discovery,424,1356,225,0.16592920353982302,2278,300,0.13169446883230904
MMLU,validation,discovery,425,1356,216,0.1592920353982301,2278,300,0.13169446883230904
MMLU,validation,discovery,426,1356,217,0.16002949852507375,2278,336,0.14749780509218613
MMLU,validation,discovery,427,1356,265,0.19542772861356933,2278,306,0.13432835820895522
MMLU,validation,discovery,428,1350,199,0.1474074074074074,2278,284,0.12467076382791922
MMLU,validation,discovery,429,1356,276,0.20353982300884957,2278,331,0.1453028972783143
MMLU,validation,discovery,430,1356,245,0.18067846607669616,2278,354,0.15539947322212466
MMLU,validation,discovery,431,1356,224,0.16519174041297935,2278,293,0.1286215978928885
MMLU,validation,discovery,432,1356,212,0.15634218289085547,2278,262,0.11501316944688324
MMLU,validation,discovery,433,1356,248,0.18289085545722714,2278,316,0.13871817383669885
MMLU,validation,discovery,434,1356,199,0.1467551622418879,2278,300,0.13169446883230904
MMLU,validation,discovery,435,1356,174,0.12831858407079647,2278,337,0.1479367866549605
MMLU,validation,discovery,436,1356,218,0.1607669616519174,2278,325,0.14266900790166814
MMLU,validation,discovery,437,1356,214,0.15781710914454278,2278,320,0.14047410008779632
MMLU,validation,discovery,438,1356,235,0.1733038348082596,2278,288,0.1264266900790167
MMLU,validation,discovery,439,1356,278,0.20501474926253688,2278,334,0.1466198419666374
MMLU,validation,discovery,440,1356,219,0.16150442477876106,2278,340,0.14925373134328357
MMLU,validation,discovery,441,1356,174,0.12831858407079647,2278,302,0.13257243195785778
MMLU,validation,discovery,442,1356,192,0.1415929203539823,2278,259,0.11369622475856014
MMLU,validation,discovery,443,1356,199,0.1467551622418879,2278,338,0.14837576821773485
MMLU,validation,discovery,444,1356,250,0.18436578171091444,2278,324,0.14223002633889376
MMLU,validation,discovery,445,1356,242,0.17846607669616518,2278,348,0.1527655838454785
MMLU,validation,discovery,446,1356,232,0.1710914454277286,2278,335,0.14705882352941177
MMLU,validation,discovery,447,1356,212,0.15634218289085547,2278,265,0.11633011413520632
MMLU,validation,discovery,448,1356,264,0.19469026548672566,2278,338,0.14837576821773485
MMLU,validation,discovery,449,1350,213,0.15777777777777777,2278,314,0.13784021071115013
MMLU,validation,discovery,450,1356,262,0.19321533923303835,2278,343,0.15057067603160668
MMLU,validation,discovery,451,1356,204,0.1504424778761062,2278,283,0.12423178226514486
MMLU,validation,discovery,452,1356,200,0.14749262536873156,2278,293,0.1286215978928885
MMLU,validation,discovery,453,1356,224,0.16519174041297935,2278,293,0.1286215978928885
MMLU,validation,discovery,454,1356,277,0.2042772861356932,2278,278,0.12203687445127305
MMLU,validation,discovery,455,1356,214,0.15781710914454278,2277,311,0.13658322353974528
MMLU,validation,discovery,456,1356,227,0.16740412979351033,2278,291,0.12774363476733977
MMLU,validation,discovery,457,1356,182,0.13421828908554573,2278,251,0.11018437225636524
MMLU,validation,discovery,458,1356,191,0.14085545722713863,2278,307,0.13476733977172958
MMLU,validation,discovery,459,1356,219,0.16150442477876106,2278,307,0.13476733977172958
MMLU,validation,discovery,460,1356,211,0.1556047197640118,2278,265,0.11633011413520632
MMLU,validation,discovery,461,1356,253,0.18657817109144542,2278,337,0.1479367866549605
MMLU,validation,discovery,462,1356,221,0.16297935103244837,2278,300,0.13169446883230904
MMLU,validation,discovery,463,1356,282,0.2079646017699115,2278,370,0.16242317822651448
MMLU,validation,discovery,464,1356,227,0.16740412979351033,2278,335,0.14705882352941177
MMLU,validation,discovery,465,1356,279,0.20575221238938052,2278,265,0.11633011413520632
MMLU,validation,discovery,466,1356,173,0.1275811209439528,2278,319,0.14003511852502196
MMLU,validation,discovery,467,1356,230,0.1696165191740413,2278,319,0.14003511852502196
MMLU,validation,discovery,468,1356,242,0.17846607669616518,2278,307,0.13476733977172958
MMLU,validation,discovery,469,1356,212,0.15634218289085547,2278,322,0.14135206321334504
MMLU,validation,discovery,470,1356,220,0.16224188790560473,2278,319,0.14003511852502196
MMLU,validation,discovery,471,1356,236,0.17404129793510326,2278,288,0.1264266900790167
MMLU,validation,discovery,472,1356,188,0.13864306784660768,2278,272,0.11940298507462686
MMLU,validation,discovery,473,1356,231,0.17035398230088494,2278,285,0.12510974539069358
MMLU,validation,discovery,474,1356,199,0.1467551622418879,2278,272,0.11940298507462686
MMLU,validation,discovery,475,1356,178,0.13126843657817108,2278,247,0.10842844600526778
MMLU,validation,discovery,476,1356,182,0.13421828908554573,2278,258,0.11325724319578578
MMLU,validation,discovery,477,1356,196,0.14454277286135694,2278,261,0.11457418788410886
MMLU,validation,discovery,478,1356,207,0.15265486725663716,2278,280,0.12291483757682177
MMLU,validation,discovery,479,1356,254,0.1873156342182891,2278,414,0.18173836698858647
MMLU,validation,discovery,480,1356,220,0.16224188790560473,2278,354,0.15539947322212466
MMLU,validation,discovery,481,1356,273,0.2013274336283186,2278,316,0.13871817383669885
MMLU,validation,discovery,482,1356,244,0.17994100294985252,2278,271,0.1189640035118525
MMLU,validation,discovery,483,1356,239,0.1762536873156342,2278,297,0.13037752414398596
MMLU,validation,discovery,484,1356,259,0.19100294985250738,2278,324,0.14223002633889376
MMLU,validation,discovery,485,1356,266,0.19616519174041297,2278,321,0.14091308165057068
MMLU,validation,discovery,486,1356,226,0.16666666666666666,2278,293,0.1286215978928885
MMLU,validation,discovery,487,1356,218,0.1607669616519174,2278,300,0.13169446883230904
MMLU,validation,discovery,488,1356,262,0.19321533923303835,2278,270,0.11852502194907814
MMLU,validation,discovery,489,1350,207,0.15333333333333332,2277,313,0.13746157224418093
MMLU,validation,discovery,490,1356,225,0.16592920353982302,2278,302,0.13257243195785778
MMLU,validation,discovery,491,1356,208,0.15339233038348082,2278,296,0.1299385425812116
MMLU,validation,discovery,492,1356,226,0.16666666666666666,2278,272,0.11940298507462686
MMLU,validation,discovery,493,1356,255,0.18805309734513273,2278,315,0.1382791922739245
MMLU,validation,discovery,494,1356,234,0.17256637168141592,2278,334,0.1466198419666374
MMLU,validation,discovery,495,1356,239,0.1762536873156342,2278,266,0.11676909569798069
MMLU,validation,discovery,496,1356,209,0.1541297935103245,2278,237,0.10403863037752414
MMLU,validation,discovery,497,1356,249,0.1836283185840708,2278,321,0.14091308165057068
MMLU,validation,discovery,498,1356,203,0.14970501474926254,2278,292,0.12818261633011413
MMLU,validation,discovery,499,1356,227,0.16740412979351033,2278,336,0.14749780509218613
MMLU,validation,discovery,500,1356,211,0.1556047197640118,2278,291,0.12774363476733977
MMLU,validation,discovery,501,1356,197,0.14528023598820058,2278,249,0.1093064091308165
MMLU,validation,discovery,502,1350,207,0.15333333333333332,2277,287,0.12604303908651734
MMLU,validation,discovery,503,1356,227,0.16740412979351033,2278,319,0.14003511852502196
MMLU,validation,discovery,504,1356,223,0.16445427728613568,2278,280,0.12291483757682177
MMLU,validation,discovery,505,1356,301,0.221976401179941,2278,335,0.14705882352941177
MMLU,validation,discovery,506,1356,196,0.14454277286135694,2278,297,0.13037752414398596
MMLU,validation,discovery,507,1356,223,0.16445427728613568,2278,308,0.13520632133450394
MMLU,validation,discovery,508,1356,224,0.16519174041297935,2278,326,0.1431079894644425
MMLU,validation,discovery,509,1356,233,0.17182890855457228,2278,264,0.11589113257243196
MMLU,validation,discovery,510,1356,196,0.14454277286135694,2278,267,0.11720807726075505
MMLU,validation,discovery,511,1356,222,0.16371681415929204,2278,285,0.12510974539069358
MMLU,validation,discovery,512,1356,198,0.14601769911504425,2278,306,0.13432835820895522
MMLU,validation,discovery,513,1356,224,0.16519174041297935,2278,297,0.13037752414398596
MMLU,validation,discovery,514,1356,215,0.15855457227138642,2278,309,0.1356453028972783
MMLU,validation,discovery,515,1356,264,0.19469026548672566,2278,280,0.12291483757682177
MMLU,validation,discovery,516,1356,199,0.1467551622418879,2278,298,0.13081650570676032
MMLU,validation,discovery,517,1356,254,0.1873156342182891,2278,262,0.11501316944688324
MMLU,validation,discovery,518,1356,309,0.22787610619469026,2278,323,0.1417910447761194
MMLU,validation,discovery,519,1356,211,0.1556047197640118,2278,305,0.13388937664618086
MMLU,validation,discovery,520,1356,207,0.15265486725663716,2278,323,0.1417910447761194
MMLU,validation,discovery,521,1356,200,0.14749262536873156,2278,284,0.12467076382791922
MMLU,validation,discovery,522,1356,300,0.22123893805309736,2278,299,0.13125548726953468
MMLU,validation,discovery,523,1356,245,0.18067846607669616,2278,296,0.1299385425812116
MMLU,validation,discovery,524,1356,255,0.18805309734513273,2278,262,0.11501316944688324
MMLU,validation,discovery,525,1350,222,0.16444444444444445,2277,311,0.13658322353974528
MMLU,validation,discovery,526,1356,247,0.18215339233038347,2278,290,0.1273046532045654
MMLU,validation,discovery,527,1356,258,0.1902654867256637,2278,306,0.13432835820895522
MMLU,validation,discovery,528,1356,222,0.16371681415929204,2278,314,0.13784021071115013
MMLU,validation,discovery,529,1356,262,0.19321533923303835,2278,313,0.13740122914837577
MMLU,validation,discovery,530,1356,223,0.16445427728613568,2278,333,0.14618086040386305
MMLU,validation,discovery,531,1356,262,0.19321533923303835,2278,280,0.12291483757682177
MMLU,validation,discovery,532,1356,206,0.15191740412979352,2278,278,0.12203687445127305
MMLU,validation,discovery,533,1356,215,0.15855457227138642,2277,287,0.12604303908651734
MMLU,validation,discovery,534,1356,282,0.2079646017699115,2278,332,0.14574187884108866
MMLU,validation,discovery,535,1356,236,0.17404129793510326,2278,369,0.16198419666374012
MMLU,validation,discovery,536,1356,227,0.16740412979351033,2278,344,0.15100965759438104
MMLU,validation,discovery,537,1356,231,0.17035398230088494,2278,318,0.1395961369622476
MMLU,validation,discovery,538,1356,255,0.18805309734513273,2278,287,0.12598770851624233
MMLU,validation,discovery,539,1356,236,0.17404129793510326,2278,297,0.13037752414398596
MMLU,validation,discovery,540,1356,243,0.17920353982300885,2278,308,0.13520632133450394
MMLU,validation,discovery,541,1356,233,0.17182890855457228,2278,410,0.17998244073748904
MMLU,validation,discovery,542,1356,236,0.17404129793510326,2278,334,0.1466198419666374
MMLU,validation,discovery,543,1356,228,0.168141592920354,2277,315,0.1383399209486166
MMLU,validation,discovery,544,1356,249,0.1836283185840708,2278,344,0.15100965759438104
MMLU,validation,discovery,545,1356,221,0.16297935103244837,2278,313,0.13740122914837577
MMLU,validation,discovery,546,1356,276,0.20353982300884957,2278,292,0.12818261633011413
MMLU,validation,discovery,547,1356,232,0.1710914454277286,2278,293,0.1286215978928885
MMLU,validation,discovery,548,1356,146,0.10766961651917405,2278,269,0.11808604038630377
MMLU,validation,discovery,549,1356,207,0.15265486725663716,2278,284,0.12467076382791922
MMLU,validation,discovery,550,1356,216,0.1592920353982301,2278,278,0.12203687445127305
MMLU,validation,discovery,551,1356,226,0.16666666666666666,2278,296,0.1299385425812116
MMLU,validation,discovery,552,1356,268,0.1976401179941003,2278,291,0.12774363476733977
MMLU,validation,discovery,553,1356,186,0.13716814159292035,2278,294,0.12906057945566285
MMLU,validation,discovery,554,1356,188,0.13864306784660768,2278,287,0.12598770851624233
MMLU,validation,discovery,555,1356,203,0.14970501474926254,2278,249,0.1093064091308165
MMLU,validation,discovery,556,1356,274,0.20206489675516223,2278,278,0.12203687445127305
MMLU,validation,discovery,557,1356,227,0.16740412979351033,2278,331,0.1453028972783143
MMLU,validation,discovery,558,1356,230,0.1696165191740413,2278,319,0.14003511852502196
MMLU,validation,discovery,559,1356,224,0.16519174041297935,2278,317,0.1391571553994732
MMLU,validation,discovery,560,1356,217,0.16002949852507375,2278,331,0.1453028972783143
MMLU,validation,discovery,561,1356,238,0.17551622418879056,2278,327,0.14354697102721686
MMLU,validation,discovery,562,1356,235,0.1733038348082596,2278,276,0.12115891132572432
MMLU,validation,discovery,563,1356,304,0.22418879056047197,2278,298,0.13081650570676032
MMLU,validation,discovery,564,1356,196,0.14454277286135694,2278,263,0.1154521510096576
MMLU,validation,discovery,565,1356,258,0.1902654867256637,2278,314,0.13784021071115013
MMLU,validation,discovery,566,1356,178,0.13126843657817108,2278,284,0.12467076382791922
MMLU,validation,discovery,567,1356,233,0.17182890855457228,2278,361,0.1584723441615452
MMLU,validation,discovery,568,1356,169,0.12463126843657817,2278,232,0.10184372256365233
MMLU,validation,discovery,569,1356,238,0.17551622418879056,2278,296,0.1299385425812116
MMLU,validation,discovery,570,1356,209,0.1541297935103245,2278,328,0.14398595258999122
MMLU,validation,discovery,571,1356,171,0.1261061946902655,2278,286,0.12554872695346794
MMLU,validation,discovery,572,1356,248,0.18289085545722714,2278,366,0.16066725197541704
MMLU,validation,discovery,573,1356,239,0.1762536873156342,2278,298,0.13081650570676032
MMLU,validation,discovery,574,1356,208,0.15339233038348082,2278,293,0.1286215978928885
MMLU,validation,discovery,575,1356,208,0.15339233038348082,2278,280,0.12291483757682177
MMLU,validation,discovery,576,1356,242,0.17846607669616518,2278,337,0.1479367866549605
MMLU,validation,discovery,577,1356,229,0.16887905604719763,2278,281,0.12335381913959614
MMLU,validation,discovery,578,1356,225,0.16592920353982302,2278,276,0.12115891132572432
MMLU,validation,discovery,579,1356,199,0.1467551622418879,2278,267,0.11720807726075505
MMLU,validation,discovery,580,1356,243,0.17920353982300885,2278,271,0.1189640035118525
MMLU,validation,discovery,581,1356,254,0.1873156342182891,2278,328,0.14398595258999122
MMLU,validation,discovery,582,1356,268,0.1976401179941003,2278,252,0.1106233538191396
MMLU,validation,discovery,583,1356,177,0.13053097345132744,2278,286,0.12554872695346794
MMLU,validation,discovery,584,1356,227,0.16740412979351033,2278,254,0.11150131694468832
MMLU,validation,discovery,585,1356,218,0.1607669616519174,2278,301,0.1321334503950834
MMLU,validation,discovery,586,1356,237,0.1747787610619469,2278,274,0.1202809482001756
MMLU,validation,discovery,587,1356,290,0.21386430678466076,2278,245,0.10755048287971905
MMLU,validation,discovery,588,1356,237,0.1747787610619469,2278,280,0.12291483757682177
MMLU,validation,discovery,589,1356,250,0.18436578171091444,2278,304,0.1334503950834065
MMLU,validation,discovery,590,1356,191,0.14085545722713863,2278,303,0.13301141352063214
MMLU,validation,discovery,591,1356,230,0.1696165191740413,2278,279,0.12247585601404741
MMLU,validation,discovery,592,1356,211,0.1556047197640118,2278,291,0.12774363476733977
MMLU,validation,discovery,593,1356,220,0.16224188790560473,2278,314,0.13784021071115013
MMLU,validation,discovery,594,1356,221,0.16297935103244837,2278,351,0.15408252853380158
MMLU,validation,discovery,595,1356,201,0.14823008849557523,2278,227,0.0996488147497805
MMLU,validation,discovery,596,1356,215,0.15855457227138642,2278,321,0.14091308165057068
MMLU,validation,discovery,597,1356,185,0.1364306784660767,2278,256,0.11237928007023705
MMLU,validation,discovery,598,1356,207,0.15265486725663716,2278,333,0.14618086040386305
MMLU,validation,discovery,599,1356,214,0.15781710914454278,2278,318,0.1395961369622476
MMLU,validation,discovery,600,1356,208,0.15339233038348082,2278,265,0.11633011413520632
MMLU,validation,discovery,601,1356,184,0.13569321533923304,2278,264,0.11589113257243196
MMLU,validation,discovery,602,1356,214,0.15781710914454278,2278,286,0.12554872695346794
MMLU,validation,discovery,603,1356,239,0.1762536873156342,2278,358,0.15715539947322213
MMLU,validation,discovery,604,1356,217,0.16002949852507375,2278,314,0.13784021071115013
MMLU,validation,discovery,605,1356,281,0.20722713864306785,2278,325,0.14266900790166814
MMLU,validation,discovery,606,1356,356,0.26253687315634217,2278,262,0.11501316944688324
MMLU,validation,discovery,607,1356,219,0.16150442477876106,2278,292,0.12818261633011413
MMLU,validation,discovery,608,1356,327,0.2411504424778761,2278,299,0.13125548726953468
MMLU,validation,discovery,609,1356,247,0.18215339233038347,2278,271,0.1189640035118525
MMLU,validation,discovery,610,1356,210,0.15486725663716813,2278,277,0.12159789288849868
MMLU,validation,discovery,611,1356,268,0.1976401179941003,2278,298,0.13081650570676032
MMLU,validation,discovery,612,1356,251,0.1851032448377581,2278,281,0.12335381913959614
MMLU,validation,discovery,613,1356,329,0.24262536873156343,2278,307,0.13476733977172958
MMLU,validation,discovery,614,1356,204,0.1504424778761062,2278,257,0.11281826163301141
MMLU,validation,discovery,615,1356,249,0.1836283185840708,2278,260,0.1141352063213345
MMLU,validation,discovery,616,1356,217,0.16002949852507375,2278,308,0.13520632133450394
MMLU,validation,discovery,617,1356,196,0.14454277286135694,2278,266,0.11676909569798069
MMLU,validation,discovery,618,1356,269,0.19837758112094395,2278,270,0.11852502194907814
MMLU,validation,discovery,619,1356,231,0.17035398230088494,2278,316,0.13871817383669885
MMLU,validation,discovery,620,1356,286,0.21091445427728614,2278,317,0.1391571553994732
MMLU,validation,discovery,621,1356,199,0.1467551622418879,2278,262,0.11501316944688324
MMLU,validation,discovery,622,1356,203,0.14970501474926254,2277,325,0.1427316644707949
MMLU,validation,discovery,623,1356,179,0.13200589970501475,2278,237,0.10403863037752414
MMLU,validation,discovery,624,1350,221,0.1637037037037037,2278,297,0.13037752414398596
MMLU,validation,discovery,625,1356,227,0.16740412979351033,2278,315,0.1382791922739245
MMLU,validation,discovery,626,1356,265,0.19542772861356933,2278,295,0.12949956101843724
MMLU,validation,discovery,627,1356,196,0.14454277286135694,2278,226,0.09920983318700614
MMLU,validation,discovery,628,1356,219,0.16150442477876106,2278,276,0.12115891132572432
MMLU,validation,discovery,629,1356,226,0.16666666666666666,2278,295,0.12949956101843724
MMLU,validation,discovery,630,1356,197,0.14528023598820058,2278,327,0.14354697102721686
MMLU,validation,discovery,631,1356,205,0.15117994100294985,2278,305,0.13388937664618086
MMLU,validation,discovery,632,1356,236,0.17404129793510326,2278,323,0.1417910447761194
MMLU,validation,discovery,633,1356,216,0.1592920353982301,2278,301,0.1321334503950834
MMLU,validation,discovery,634,1356,237,0.1747787610619469,2278,271,0.1189640035118525
MMLU,validation,discovery,635,1356,339,0.25,2278,310,0.1360842844600527
MMLU,validation,discovery,636,1356,219,0.16150442477876106,2278,309,0.1356453028972783
MMLU,validation,discovery,637,1356,204,0.1504424778761062,2278,338,0.14837576821773485
MMLU,validation,discovery,638,1356,199,0.1467551622418879,2278,266,0.11676909569798069
MMLU,validation,discovery,639,1356,251,0.1851032448377581,2278,275,0.12071992976294996
MMLU,validation,discovery,640,1356,259,0.19100294985250738,2278,300,0.13169446883230904
MMLU,validation,discovery,641,1356,234,0.17256637168141592,2278,332,0.14574187884108866
MMLU,validation,discovery,642,1356,246,0.18141592920353983,2278,297,0.13037752414398596
MMLU,validation,discovery,643,1356,282,0.2079646017699115,2278,269,0.11808604038630377
MMLU,validation,discovery,644,1356,206,0.15191740412979352,2278,337,0.1479367866549605
MMLU,validation,discovery,645,1356,240,0.17699115044247787,2278,299,0.13125548726953468
MMLU,validation,discovery,646,1356,236,0.17404129793510326,2278,318,0.1395961369622476
MMLU,validation,discovery,647,1356,259,0.19100294985250738,2278,336,0.14749780509218613
MMLU,validation,discovery,648,1356,230,0.1696165191740413,2278,315,0.1382791922739245
MMLU,validation,discovery,649,1356,200,0.14749262536873156,2278,273,0.11984196663740122
MMLU,validation,discovery,650,1356,232,0.1710914454277286,2278,318,0.1395961369622476
MMLU,validation,discovery,651,1350,243,0.18,2278,277,0.12159789288849868
MMLU,validation,discovery,652,1356,252,0.18584070796460178,2278,339,0.1488147497805092
MMLU,validation,discovery,653,1356,197,0.14528023598820058,2278,271,0.1189640035118525
MMLU,validation,discovery,654,1356,212,0.15634218289085547,2278,277,0.12159789288849868
MMLU,validation,discovery,655,1356,243,0.17920353982300885,2278,257,0.11281826163301141
MMLU,validation,discovery,656,1356,268,0.1976401179941003,2278,306,0.13432835820895522
MMLU,validation,discovery,657,1350,209,0.15481481481481482,2278,302,0.13257243195785778
MMLU,validation,discovery,658,1356,211,0.1556047197640118,2278,292,0.12818261633011413
MMLU,validation,discovery,659,1356,220,0.16224188790560473,2278,323,0.1417910447761194
MMLU,validation,discovery,660,1356,229,0.16887905604719763,2278,352,0.15452151009657594
MMLU,validation,discovery,661,1356,226,0.16666666666666666,2278,267,0.11720807726075505
MMLU,validation,discovery,662,1356,207,0.15265486725663716,2278,280,0.12291483757682177
MMLU,validation,discovery,663,1356,248,0.18289085545722714,2278,301,0.1321334503950834
MMLU,validation,discovery,664,1356,273,0.2013274336283186,2278,318,0.1395961369622476
MMLU,validation,discovery,665,1356,224,0.16519174041297935,2278,260,0.1141352063213345
MMLU,validation,discovery,666,1356,215,0.15855457227138642,2278,257,0.11281826163301141
MMLU,validation,discovery,667,1356,271,0.19985250737463126,2278,354,0.15539947322212466
MMLU,validation,discovery,668,1356,298,0.21976401179941002,2278,337,0.1479367866549605
MMLU,validation,discovery,669,1356,309,0.22787610619469026,2278,372,0.16330114135206322
MMLU,validation,discovery,670,1356,241,0.17772861356932154,2278,285,0.12510974539069358
MMLU,validation,discovery,671,1356,254,0.1873156342182891,2278,324,0.14223002633889376
MMLU,validation,discovery,672,1356,242,0.17846607669616518,2278,292,0.12818261633011413
MMLU,validation,discovery,673,1356,207,0.15265486725663716,2278,331,0.1453028972783143
MMLU,validation,discovery,674,1356,227,0.16740412979351033,2278,308,0.13520632133450394
MMLU,validation,discovery,675,1356,215,0.15855457227138642,2278,279,0.12247585601404741
MMLU,validation,discovery,676,1356,232,0.1710914454277286,2278,271,0.1189640035118525
MMLU,validation,discovery,677,1356,270,0.19911504424778761,2278,325,0.14266900790166814
MMLU,validation,discovery,678,1356,220,0.16224188790560473,2278,283,0.12423178226514486
MMLU,validation,discovery,679,1356,203,0.14970501474926254,2278,279,0.12247585601404741
MMLU,validation,discovery,680,1356,210,0.15486725663716813,2278,325,0.14266900790166814
MMLU,validation,discovery,681,1356,234,0.17256637168141592,2278,323,0.1417910447761194
MMLU,validation,discovery,682,1356,257,0.18952802359882007,2278,374,0.16417910447761194
MMLU,validation,discovery,683,1356,208,0.15339233038348082,2278,285,0.12510974539069358
MMLU,validation,discovery,684,1356,234,0.17256637168141592,2278,298,0.13081650570676032
MMLU,validation,discovery,685,1356,258,0.1902654867256637,2278,310,0.1360842844600527
MMLU,validation,discovery,686,1356,213,0.1570796460176991,2278,344,0.15100965759438104
MMLU,validation,discovery,687,1356,205,0.15117994100294985,2278,229,0.10052677787532924
MMLU,validation,discovery,688,1356,186,0.13716814159292035,2278,255,0.11194029850746269
MMLU,validation,discovery,689,1356,180,0.13274336283185842,2278,275,0.12071992976294996
MMLU,validation,discovery,690,1356,248,0.18289085545722714,2278,320,0.14047410008779632
MMLU,validation,discovery,691,1356,239,0.1762536873156342,2278,313,0.13740122914837577
MMLU,validation,discovery,692,1356,353,0.2603244837758112,2278,353,0.1549604916593503
MMLU,validation,discovery,693,1356,231,0.17035398230088494,2278,278,0.12203687445127305
MMLU,validation,discovery,694,1356,191,0.14085545722713863,2278,293,0.1286215978928885
MMLU,validation,discovery,695,1356,216,0.1592920353982301,2278,278,0.12203687445127305
MMLU,validation,discovery,696,1356,235,0.1733038348082596,2278,291,0.12774363476733977
MMLU,validation,discovery,697,1356,268,0.1976401179941003,2278,307,0.13476733977172958
MMLU,validation,discovery,698,1356,227,0.16740412979351033,2278,294,0.12906057945566285
MMLU,validation,discovery,699,1356,203,0.14970501474926254,2278,302,0.13257243195785778
MMLU,validation,discovery,700,1356,246,0.18141592920353983,2278,329,0.14442493415276558
MMLU,validation,discovery,701,1356,211,0.1556047197640118,2278,296,0.1299385425812116
MMLU,validation,discovery,702,1356,201,0.14823008849557523,2278,273,0.11984196663740122
MMLU,validation,discovery,703,1356,258,0.1902654867256637,2278,292,0.12818261633011413
MMLU,validation,discovery,704,1356,240,0.17699115044247787,2278,310,0.1360842844600527
MMLU,validation,discovery,705,1356,190,0.140117994100295,2278,278,0.12203687445127305
MMLU,validation,discovery,706,1356,255,0.18805309734513273,2278,290,0.1273046532045654
MMLU,validation,discovery,707,1356,269,0.19837758112094395,2278,291,0.12774363476733977
MMLU,validation,discovery,708,1356,215,0.15855457227138642,2278,319,0.14003511852502196
MMLU,validation,discovery,709,1356,231,0.17035398230088494,2278,270,0.11852502194907814
MMLU,validation,discovery,710,1356,229,0.16887905604719763,2278,337,0.1479367866549605
MMLU,validation,discovery,711,1356,232,0.1710914454277286,2278,360,0.15803336259877085
MMLU,validation,discovery,712,1356,201,0.14823008849557523,2278,231,0.10140474100087796
MMLU,validation,discovery,713,1356,232,0.1710914454277286,2278,312,0.1369622475856014
MMLU,validation,discovery,714,1356,233,0.17182890855457228,2278,353,0.1549604916593503
MMLU,validation,discovery,715,1356,246,0.18141592920353983,2278,335,0.14705882352941177
MMLU,validation,discovery,716,1350,176,0.13037037037037036,2277,307,0.13482652613087395
MMLU,validation,discovery,717,1350,268,0.1985185185185185,2277,350,0.15371102327624067
MMLU,validation,discovery,718,1356,185,0.1364306784660767,2278,273,0.11984196663740122
MMLU,validation,discovery,719,1356,191,0.14085545722713863,2278,306,0.13432835820895522
MMLU,validation,discovery,720,1356,216,0.1592920353982301,2278,284,0.12467076382791922
MMLU,validation,discovery,721,1356,294,0.2168141592920354,2278,330,0.14486391571553994
MMLU,validation,discovery,722,1356,225,0.16592920353982302,2278,299,0.13125548726953468
MMLU,validation,discovery,723,1356,221,0.16297935103244837,2278,304,0.1334503950834065
MMLU,validation,discovery,724,1356,241,0.17772861356932154,2278,317,0.1391571553994732
MMLU,validation,discovery,725,1356,181,0.13348082595870206,2278,235,0.10316066725197541
MMLU,validation,discovery,726,1356,232,0.1710914454277286,2278,363,0.15935030728709393
MMLU,validation,discovery,727,1356,198,0.14601769911504425,2278,306,0.13432835820895522
MMLU,validation,discovery,728,1356,199,0.1467551622418879,2278,286,0.12554872695346794
MMLU,validation,discovery,729,1356,261,0.19247787610619468,2278,322,0.14135206321334504
MMLU,validation,discovery,730,1356,222,0.16371681415929204,2278,302,0.13257243195785778
MMLU,validation,discovery,731,1356,237,0.1747787610619469,2278,361,0.1584723441615452
MMLU,validation,discovery,732,1356,249,0.1836283185840708,2278,370,0.16242317822651448
MMLU,validation,discovery,733,1356,208,0.15339233038348082,2278,293,0.1286215978928885
MMLU,validation,discovery,734,1356,223,0.16445427728613568,2278,343,0.15057067603160668
MMLU,validation,discovery,735,1356,210,0.15486725663716813,2278,285,0.12510974539069358
MMLU,validation,discovery,736,1356,339,0.25,2278,331,0.1453028972783143
MMLU,validation,discovery,737,1356,212,0.15634218289085547,2278,276,0.12115891132572432
MMLU,validation,discovery,738,1356,248,0.18289085545722714,2278,279,0.12247585601404741
MMLU,validation,discovery,739,1356,200,0.14749262536873156,2278,285,0.12510974539069358
MMLU,validation,discovery,740,1356,235,0.1733038348082596,2278,349,0.15320456540825286
MMLU,validation,discovery,741,1356,205,0.15117994100294985,2278,278,0.12203687445127305
MMLU,validation,discovery,742,1356,226,0.16666666666666666,2278,331,0.1453028972783143
MMLU,validation,discovery,743,1356,200,0.14749262536873156,2278,290,0.1273046532045654
MMLU,validation,discovery,744,1356,201,0.14823008849557523,2278,245,0.10755048287971905
MMLU,validation,discovery,745,1356,230,0.1696165191740413,2278,349,0.15320456540825286
MMLU,validation,discovery,746,1356,238,0.17551622418879056,2278,315,0.1382791922739245
MMLU,validation,discovery,747,1356,228,0.168141592920354,2278,286,0.12554872695346794
MMLU,validation,discovery,748,1356,191,0.14085545722713863,2278,340,0.14925373134328357
MMLU,validation,discovery,749,1350,222,0.16444444444444445,2278,289,0.12686567164179105
MMLU,validation,discovery,750,1356,204,0.1504424778761062,2278,305,0.13388937664618086
MMLU,validation,discovery,751,1356,222,0.16371681415929204,2278,311,0.13652326602282705
MMLU,validation,discovery,752,1350,367,0.27185185185185184,2277,269,0.1181379007465964
MMLU,validation,discovery,753,1356,215,0.15855457227138642,2278,296,0.1299385425812116
MMLU,validation,discovery,754,1356,234,0.17256637168141592,2278,306,0.13432835820895522
MMLU,validation,discovery,755,1356,208,0.15339233038348082,2278,266,0.11676909569798069
MMLU,validation,discovery,756,1356,208,0.15339233038348082,2278,317,0.1391571553994732
MMLU,validation,discovery,757,1356,208,0.15339233038348082,2278,302,0.13257243195785778
MMLU,validation,discovery,758,1356,226,0.16666666666666666,2278,283,0.12423178226514486
MMLU,validation,discovery,759,1356,213,0.1570796460176991,2278,306,0.13432835820895522
MMLU,validation,discovery,760,1356,185,0.1364306784660767,2278,340,0.14925373134328357
MMLU,validation,discovery,761,1356,260,0.19174041297935104,2278,310,0.1360842844600527
MMLU,validation,discovery,762,1356,305,0.22492625368731564,2278,278,0.12203687445127305
MMLU,validation,discovery,763,1356,211,0.1556047197640118,2278,291,0.12774363476733977
MMLU,validation,discovery,764,1356,206,0.15191740412979352,2278,289,0.12686567164179105
MMLU,validation,discovery,765,1356,224,0.16519174041297935,2278,328,0.14398595258999122
MMLU,validation,discovery,766,1356,208,0.15339233038348082,2278,301,0.1321334503950834
MMLU,validation,discovery,767,1356,174,0.12831858407079647,2278,282,0.1237928007023705
MMLU,validation,discovery,768,1356,229,0.16887905604719763,2278,319,0.14003511852502196
MMLU,validation,discovery,769,1356,276,0.20353982300884957,2278,281,0.12335381913959614
MMLU,validation,discovery,770,1356,310,0.22861356932153393,2278,264,0.11589113257243196
MMLU,validation,discovery,771,1356,317,0.23377581120943952,2278,335,0.14705882352941177
MMLU,validation,discovery,772,1356,219,0.16150442477876106,2278,338,0.14837576821773485
MMLU,validation,discovery,773,1356,237,0.1747787610619469,2278,375,0.1646180860403863
MMLU,validation,discovery,774,1356,212,0.15634218289085547,2278,352,0.15452151009657594
MMLU,validation,discovery,775,1356,188,0.13864306784660768,2278,299,0.13125548726953468
MMLU,validation,discovery,776,1356,236,0.17404129793510326,2278,319,0.14003511852502196
MMLU,validation,discovery,777,1356,227,0.16740412979351033,2278,267,0.11720807726075505
MMLU,validation,discovery,778,1356,214,0.15781710914454278,2278,271,0.1189640035118525
MMLU,validation,discovery,779,1356,297,0.21902654867256638,2278,271,0.1189640035118525
MMLU,validation,discovery,780,1356,342,0.252212389380531,2278,349,0.15320456540825286
MMLU,validation,discovery,781,1356,204,0.1504424778761062,2278,287,0.12598770851624233
MMLU,validation,discovery,782,1356,226,0.16666666666666666,2278,285,0.12510974539069358
MMLU,validation,discovery,783,1356,253,0.18657817109144542,2278,335,0.14705882352941177
MMLU,validation,discovery,784,1356,224,0.16519174041297935,2278,250,0.10974539069359086
MMLU,validation,discovery,785,1356,230,0.1696165191740413,2277,258,0.11330698287220026
MMLU,validation,discovery,786,1356,192,0.1415929203539823,2278,301,0.1321334503950834
MMLU,validation,discovery,787,1356,243,0.17920353982300885,2278,335,0.14705882352941177
MMLU,validation,discovery,788,1356,205,0.15117994100294985,2278,318,0.1395961369622476
MMLU,validation,discovery,789,1356,209,0.1541297935103245,2278,274,0.1202809482001756
MMLU,validation,discovery,790,1356,251,0.1851032448377581,2278,314,0.13784021071115013
MMLU,validation,discovery,791,1356,267,0.19690265486725664,2278,283,0.12423178226514486
MMLU,validation,discovery,792,1356,206,0.15191740412979352,2278,275,0.12071992976294996
MMLU,validation,discovery,793,1356,271,0.19985250737463126,2278,347,0.15232660228270412
MMLU,validation,discovery,794,1356,170,0.12536873156342182,2278,279,0.12247585601404741
MMLU,validation,discovery,795,1356,238,0.17551622418879056,2277,286,0.12560386473429952
MMLU,validation,discovery,796,1356,174,0.12831858407079647,2278,236,0.10359964881474978
MMLU,validation,discovery,797,1356,228,0.168141592920354,2278,257,0.11281826163301141
MMLU,validation,discovery,798,1356,209,0.1541297935103245,2278,300,0.13169446883230904
MMLU,validation,discovery,799,1350,231,0.1711111111111111,2277,288,0.12648221343873517
MMLU,validation,discovery,800,1356,179,0.13200589970501475,2278,230,0.1009657594381036
MMLU,validation,discovery,801,1356,208,0.15339233038348082,2278,284,0.12467076382791922
MMLU,validation,discovery,802,1356,262,0.19321533923303835,2278,309,0.1356453028972783
MMLU,validation,discovery,803,1356,249,0.1836283185840708,2278,287,0.12598770851624233
MMLU,validation,discovery,804,1356,221,0.16297935103244837,2278,297,0.13037752414398596
MMLU,validation,discovery,805,1356,208,0.15339233038348082,2278,274,0.1202809482001756
MMLU,validation,discovery,806,1356,211,0.1556047197640118,2278,270,0.11852502194907814
MMLU,validation,discovery,807,1356,241,0.17772861356932154,2278,357,0.15671641791044777
MMLU,validation,discovery,808,1356,225,0.16592920353982302,2278,319,0.14003511852502196
MMLU,validation,discovery,809,1356,214,0.15781710914454278,2278,342,0.15013169446883232
MMLU,validation,discovery,810,1356,239,0.1762536873156342,2278,290,0.1273046532045654
MMLU,validation,discovery,811,1356,211,0.1556047197640118,2278,351,0.15408252853380158
MMLU,validation,discovery,812,1356,271,0.19985250737463126,2278,306,0.13432835820895522
MMLU,validation,discovery,813,1356,200,0.14749262536873156,2278,273,0.11984196663740122
MMLU,validation,discovery,814,1356,179,0.13200589970501475,2278,358,0.15715539947322213
MMLU,validation,discovery,815,1356,229,0.16887905604719763,2278,319,0.14003511852502196
MMLU,validation,discovery,816,1356,232,0.1710914454277286,2278,259,0.11369622475856014
MMLU,validation,discovery,817,1356,228,0.168141592920354,2278,325,0.14266900790166814
MMLU,validation,discovery,818,1356,229,0.16887905604719763,2278,316,0.13871817383669885
MMLU,validation,discovery,819,1356,240,0.17699115044247787,2278,332,0.14574187884108866
MMLU,validation,discovery,820,1356,248,0.18289085545722714,2278,332,0.14574187884108866
MMLU,validation,discovery,821,1356,210,0.15486725663716813,2278,350,0.15364354697102722
MMLU,validation,discovery,822,1356,220,0.16224188790560473,2278,341,0.14969271290605796
MMLU,validation,discovery,823,1356,276,0.20353982300884957,2278,332,0.14574187884108866
MMLU,validation,discovery,824,1356,233,0.17182890855457228,2278,301,0.1321334503950834
MMLU,validation,discovery,825,1350,196,0.1451851851851852,2277,287,0.12604303908651734
MMLU,validation,discovery,826,1356,234,0.17256637168141592,2278,301,0.1321334503950834
MMLU,validation,discovery,827,1356,216,0.1592920353982301,2278,320,0.14047410008779632
MMLU,validation,discovery,828,1356,270,0.19911504424778761,2278,339,0.1488147497805092
MMLU,validation,discovery,829,1356,247,0.18215339233038347,2278,332,0.14574187884108866
MMLU,validation,discovery,830,1356,193,0.14233038348082597,2278,308,0.13520632133450394
MMLU,validation,discovery,831,1356,241,0.17772861356932154,2278,318,0.1395961369622476
MMLU,validation,discovery,832,1356,254,0.1873156342182891,2278,351,0.15408252853380158
MMLU,validation,discovery,833,1356,219,0.16150442477876106,2278,294,0.12906057945566285
MMLU,validation,discovery,834,1356,227,0.16740412979351033,2278,335,0.14705882352941177
MMLU,validation,discovery,835,1356,198,0.14601769911504425,2278,251,0.11018437225636524
MMLU,validation,discovery,836,1356,206,0.15191740412979352,2278,311,0.13652326602282705
MMLU,validation,discovery,837,1356,241,0.17772861356932154,2278,322,0.14135206321334504
MMLU,validation,discovery,838,1356,240,0.17699115044247787,2278,365,0.16022827041264268
MMLU,validation,discovery,839,1356,198,0.14601769911504425,2278,271,0.1189640035118525
MMLU,validation,discovery,840,1356,252,0.18584070796460178,2278,299,0.13125548726953468
MMLU,validation,discovery,841,1356,185,0.1364306784660767,2278,319,0.14003511852502196
MMLU,validation,discovery,842,1356,179,0.13200589970501475,2278,272,0.11940298507462686
MMLU,validation,discovery,843,1356,222,0.16371681415929204,2278,270,0.11852502194907814
MMLU,validation,discovery,844,1356,225,0.16592920353982302,2278,301,0.1321334503950834
MMLU,validation,discovery,845,1356,210,0.15486725663716813,2278,321,0.14091308165057068
MMLU,validation,discovery,846,1356,220,0.16224188790560473,2278,284,0.12467076382791922
MMLU,validation,discovery,847,1356,168,0.12389380530973451,2278,266,0.11676909569798069
MMLU,validation,discovery,848,1356,201,0.14823008849557523,2278,237,0.10403863037752414
MMLU,validation,discovery,849,1356,233,0.17182890855457228,2278,327,0.14354697102721686
MMLU,validation,discovery,850,1350,226,0.1674074074074074,2277,306,0.13438735177865613
MMLU,validation,discovery,851,1356,228,0.168141592920354,2278,335,0.14705882352941177
MMLU,validation,discovery,852,1356,227,0.16740412979351033,2278,299,0.13125548726953468
MMLU,validation,discovery,853,1356,240,0.17699115044247787,2278,316,0.13871817383669885
MMLU,validation,discovery,854,1356,244,0.17994100294985252,2278,264,0.11589113257243196
MMLU,validation,discovery,855,1356,252,0.18584070796460178,2278,381,0.1672519754170325
MMLU,validation,discovery,856,1356,242,0.17846607669616518,2278,300,0.13169446883230904
MMLU,validation,discovery,857,1356,170,0.12536873156342182,2278,240,0.10535557506584724
MMLU,validation,discovery,858,1356,199,0.1467551622418879,2278,279,0.12247585601404741
MMLU,validation,discovery,859,1356,260,0.19174041297935104,2278,335,0.14705882352941177
MMLU,validation,discovery,860,1356,233,0.17182890855457228,2278,325,0.14266900790166814
MMLU,validation,discovery,861,1356,218,0.1607669616519174,2278,310,0.1360842844600527
MMLU,validation,discovery,862,1356,214,0.15781710914454278,2278,281,0.12335381913959614
MMLU,validation,discovery,863,1356,217,0.16002949852507375,2278,295,0.12949956101843724
MMLU,validation,discovery,864,1356,203,0.14970501474926254,2278,263,0.1154521510096576
MMLU,validation,discovery,865,1356,235,0.1733038348082596,2278,311,0.13652326602282705
MMLU,validation,discovery,866,1356,262,0.19321533923303835,2278,319,0.14003511852502196
MMLU,validation,discovery,867,1356,270,0.19911504424778761,2278,307,0.13476733977172958
MMLU,validation,discovery,868,1356,256,0.1887905604719764,2278,394,0.17295873573309922
MMLU,validation,discovery,869,1356,230,0.1696165191740413,2278,339,0.1488147497805092
MMLU,validation,discovery,870,1356,207,0.15265486725663716,2278,272,0.11940298507462686
MMLU,validation,discovery,871,1356,213,0.1570796460176991,2278,277,0.12159789288849868
MMLU,validation,discovery,872,1356,217,0.16002949852507375,2278,287,0.12598770851624233
MMLU,validation,discovery,873,1356,246,0.18141592920353983,2278,321,0.14091308165057068
MMLU,validation,discovery,874,1356,247,0.18215339233038347,2278,321,0.14091308165057068
MMLU,validation,discovery,875,1356,236,0.17404129793510326,2278,264,0.11589113257243196
MMLU,validation,discovery,876,1356,227,0.16740412979351033,2278,277,0.12159789288849868
MMLU,validation,discovery,877,1356,233,0.17182890855457228,2278,268,0.11764705882352941
MMLU,validation,discovery,878,1356,243,0.17920353982300885,2278,323,0.1417910447761194
MMLU,validation,discovery,879,1356,251,0.1851032448377581,2278,330,0.14486391571553994
MMLU,validation,discovery,880,1356,234,0.17256637168141592,2278,330,0.14486391571553994
MMLU,validation,discovery,881,1356,194,0.1430678466076696,2278,323,0.1417910447761194
MMLU,validation,discovery,882,1356,190,0.140117994100295,2277,320,0.14053579270970576
MMLU,validation,discovery,883,1356,239,0.1762536873156342,2278,321,0.14091308165057068
MMLU,validation,discovery,884,1356,264,0.19469026548672566,2278,374,0.16417910447761194
MMLU,validation,discovery,885,1356,346,0.2551622418879056,2278,257,0.11281826163301141
MMLU,validation,discovery,886,1356,201,0.14823008849557523,2278,299,0.13125548726953468
MMLU,validation,discovery,887,1356,199,0.1467551622418879,2278,316,0.13871817383669885
MMLU,validation,discovery,888,1356,172,0.12684365781710916,2278,275,0.12071992976294996
MMLU,validation,discovery,889,1356,246,0.18141592920353983,2278,287,0.12598770851624233
MMLU,validation,discovery,890,1356,312,0.23008849557522124,2278,340,0.14925373134328357
MMLU,validation,discovery,891,1356,240,0.17699115044247787,2278,289,0.12686567164179105
MMLU,validation,discovery,892,1356,268,0.1976401179941003,2278,291,0.12774363476733977
MMLU,validation,discovery,893,1356,263,0.193952802359882,2278,302,0.13257243195785778
MMLU,validation,discovery,894,1356,229,0.16887905604719763,2278,297,0.13037752414398596
MMLU,validation,discovery,895,1356,248,0.18289085545722714,2278,288,0.1264266900790167
MMLU,validation,discovery,896,1356,195,0.14380530973451328,2278,276,0.12115891132572432
MMLU,validation,discovery,897,1356,285,0.21017699115044247,2278,351,0.15408252853380158
MMLU,validation,discovery,898,1356,202,0.14896755162241887,2278,259,0.11369622475856014
MMLU,validation,discovery,899,1356,202,0.14896755162241887,2278,297,0.13037752414398596
MMLU,validation,discovery,900,1356,190,0.140117994100295,2278,276,0.12115891132572432
MMLU,validation,discovery,901,1356,210,0.15486725663716813,2278,278,0.12203687445127305
MMLU,validation,discovery,902,1356,237,0.1747787610619469,2278,231,0.10140474100087796
MMLU,validation,discovery,903,1356,227,0.16740412979351033,2278,297,0.13037752414398596
MMLU,validation,discovery,904,1356,226,0.16666666666666666,2278,311,0.13652326602282705
MMLU,validation,discovery,905,1356,252,0.18584070796460178,2278,289,0.12686567164179105
MMLU,validation,discovery,906,1350,218,0.16148148148148148,2278,265,0.11633011413520632
MMLU,validation,discovery,907,1356,234,0.17256637168141592,2278,303,0.13301141352063214
MMLU,validation,discovery,908,1356,190,0.140117994100295,2278,299,0.13125548726953468
MMLU,validation,discovery,909,1356,225,0.16592920353982302,2278,323,0.1417910447761194
MMLU,validation,discovery,910,1350,333,0.24666666666666667,2277,317,0.13921826965305226
MMLU,validation,discovery,911,1356,198,0.14601769911504425,2278,274,0.1202809482001756
MMLU,validation,discovery,912,1356,253,0.18657817109144542,2278,363,0.15935030728709393
MMLU,validation,discovery,913,1356,245,0.18067846607669616,2278,288,0.1264266900790167
MMLU,validation,discovery,914,1356,201,0.14823008849557523,2278,269,0.11808604038630377
MMLU,validation,discovery,915,1356,197,0.14528023598820058,2278,308,0.13520632133450394
MMLU,validation,discovery,916,1356,237,0.1747787610619469,2278,333,0.14618086040386305
MMLU,validation,discovery,917,1356,196,0.14454277286135694,2278,250,0.10974539069359086
MMLU,validation,discovery,918,1356,257,0.18952802359882007,2278,298,0.13081650570676032
MMLU,validation,discovery,919,1356,201,0.14823008849557523,2278,284,0.12467076382791922
MMLU,validation,discovery,920,1356,239,0.1762536873156342,2278,294,0.12906057945566285
MMLU,validation,discovery,921,1356,225,0.16592920353982302,2278,322,0.14135206321334504
MMLU,validation,discovery,922,1356,207,0.15265486725663716,2278,321,0.14091308165057068
MMLU,validation,discovery,923,1356,235,0.1733038348082596,2278,349,0.15320456540825286
MMLU,validation,discovery,924,1356,227,0.16740412979351033,2278,345,0.1514486391571554
MMLU,validation,discovery,925,1356,187,0.137905604719764,2278,309,0.1356453028972783
MMLU,validation,discovery,926,1356,208,0.15339233038348082,2278,286,0.12554872695346794
MMLU,validation,discovery,927,1356,239,0.1762536873156342,2278,281,0.12335381913959614
MMLU,validation,discovery,928,1356,276,0.20353982300884957,2278,304,0.1334503950834065
MMLU,validation,discovery,929,1356,224,0.16519174041297935,2278,294,0.12906057945566285
MMLU,validation,discovery,930,1356,217,0.16002949852507375,2278,291,0.12774363476733977
MMLU,validation,discovery,931,1356,249,0.1836283185840708,2278,287,0.12598770851624233
MMLU,validation,discovery,932,1356,213,0.1570796460176991,2278,273,0.11984196663740122
MMLU,validation,discovery,933,1350,215,0.15925925925925927,2277,287,0.12604303908651734
MMLU,validation,discovery,934,1356,216,0.1592920353982301,2278,282,0.1237928007023705
MMLU,validation,discovery,935,1356,190,0.140117994100295,2278,273,0.11984196663740122
MMLU,validation,discovery,936,1356,210,0.15486725663716813,2278,291,0.12774363476733977
MMLU,validation,discovery,937,1356,272,0.20058997050147492,2278,306,0.13432835820895522
MMLU,validation,discovery,938,1356,238,0.17551622418879056,2278,308,0.13520632133450394
MMLU,validation,discovery,939,1356,235,0.1733038348082596,2278,324,0.14223002633889376
MMLU,validation,discovery,940,1356,203,0.14970501474926254,2278,339,0.1488147497805092
MMLU,validation,discovery,941,1356,209,0.1541297935103245,2278,300,0.13169446883230904
MMLU,validation,discovery,942,1356,210,0.15486725663716813,2278,329,0.14442493415276558
MMLU,validation,discovery,943,1356,200,0.14749262536873156,2278,255,0.11194029850746269
MMLU,validation,discovery,944,1356,238,0.17551622418879056,2278,305,0.13388937664618086
MMLU,validation,discovery,945,1356,243,0.17920353982300885,2278,324,0.14223002633889376
MMLU,validation,discovery,946,1356,191,0.14085545722713863,2278,324,0.14223002633889376
MMLU,validation,discovery,947,1356,259,0.19100294985250738,2278,367,0.1611062335381914
MMLU,validation,discovery,948,1356,214,0.15781710914454278,2278,293,0.1286215978928885
MMLU,validation,discovery,949,1356,239,0.1762536873156342,2278,326,0.1431079894644425
MMLU,validation,discovery,950,1356,216,0.1592920353982301,2278,284,0.12467076382791922
MMLU,validation,discovery,951,1356,214,0.15781710914454278,2278,299,0.13125548726953468
MMLU,validation,discovery,952,1356,239,0.1762536873156342,2278,299,0.13125548726953468
MMLU,validation,discovery,953,1356,242,0.17846607669616518,2278,304,0.1334503950834065
MMLU,validation,discovery,954,1356,237,0.1747787610619469,2278,271,0.1189640035118525
MMLU,validation,discovery,955,1356,228,0.168141592920354,2278,260,0.1141352063213345
MMLU,validation,discovery,956,1356,254,0.1873156342182891,2278,394,0.17295873573309922
MMLU,validation,discovery,957,1356,233,0.17182890855457228,2278,270,0.11852502194907814
MMLU,validation,discovery,958,1356,199,0.1467551622418879,2278,328,0.14398595258999122
MMLU,validation,discovery,959,1356,192,0.1415929203539823,2278,318,0.1395961369622476
MMLU,validation,discovery,960,1356,206,0.15191740412979352,2278,294,0.12906057945566285
MMLU,validation,discovery,961,1356,210,0.15486725663716813,2278,322,0.14135206321334504
MMLU,validation,discovery,962,1356,246,0.18141592920353983,2278,290,0.1273046532045654
MMLU,validation,discovery,963,1356,283,0.20870206489675516,2278,307,0.13476733977172958
MMLU,validation,discovery,964,1356,212,0.15634218289085547,2278,313,0.13740122914837577
MMLU,validation,discovery,965,1356,182,0.13421828908554573,2278,293,0.1286215978928885
MMLU,validation,discovery,966,1356,274,0.20206489675516223,2278,321,0.14091308165057068
MMLU,validation,discovery,967,1356,252,0.18584070796460178,2278,267,0.11720807726075505
MMLU,validation,discovery,968,1356,239,0.1762536873156342,2278,314,0.13784021071115013
MMLU,validation,discovery,969,1356,201,0.14823008849557523,2278,286,0.12554872695346794
MMLU,validation,discovery,970,1356,243,0.17920353982300885,2278,325,0.14266900790166814
MMLU,validation,discovery,971,1356,240,0.17699115044247787,2278,250,0.10974539069359086
MMLU,validation,discovery,972,1356,252,0.18584070796460178,2278,328,0.14398595258999122
MMLU,validation,discovery,973,1356,199,0.1467551622418879,2278,302,0.13257243195785778
MMLU,validation,discovery,974,1356,273,0.2013274336283186,2278,310,0.1360842844600527
MMLU,validation,discovery,975,1356,254,0.1873156342182891,2278,305,0.13388937664618086
MMLU,validation,discovery,976,1356,286,0.21091445427728614,2278,258,0.11325724319578578
MMLU,validation,discovery,977,1356,209,0.1541297935103245,2278,304,0.1334503950834065
MMLU,validation,discovery,978,1350,206,0.15259259259259259,2277,332,0.1458058849363197
MMLU,validation,discovery,979,1356,225,0.16592920353982302,2278,267,0.11720807726075505
MMLU,validation,discovery,980,1356,228,0.168141592920354,2278,335,0.14705882352941177
MMLU,validation,discovery,981,1356,275,0.2028023598820059,2278,334,0.1466198419666374
MMLU,validation,discovery,982,1356,225,0.16592920353982302,2278,304,0.1334503950834065
MMLU,validation,discovery,983,1350,216,0.16,2277,295,0.12955643390426
MMLU,validation,discovery,984,1356,199,0.1467551622418879,2278,267,0.11720807726075505
MMLU,validation,discovery,985,1356,246,0.18141592920353983,2278,268,0.11764705882352941
MMLU,validation,discovery,986,1356,222,0.16371681415929204,2278,266,0.11676909569798069
MMLU,validation,discovery,987,1356,249,0.1836283185840708,2278,315,0.1382791922739245
MMLU,validation,discovery,988,1356,219,0.16150442477876106,2278,264,0.11589113257243196
MMLU,validation,discovery,989,1356,234,0.17256637168141592,2278,280,0.12291483757682177
MMLU,validation,discovery,990,1356,237,0.1747787610619469,2278,286,0.12554872695346794
MMLU,validation,discovery,991,1356,233,0.17182890855457228,2278,301,0.1321334503950834
MMLU,validation,discovery,992,1356,192,0.1415929203539823,2278,293,0.1286215978928885
MMLU,validation,discovery,993,1356,230,0.1696165191740413,2278,285,0.12510974539069358
MMLU,validation,discovery,994,1356,245,0.18067846607669616,2278,306,0.13432835820895522
MMLU,validation,discovery,995,1350,234,0.17333333333333334,2277,314,0.13790074659639878
MMLU,validation,discovery,996,1356,220,0.16224188790560473,2278,283,0.12423178226514486
MMLU,validation,discovery,997,1356,323,0.23820058997050148,2278,359,0.1575943810359965
MMLU,validation,discovery,998,1356,188,0.13864306784660768,2278,268,0.11764705882352941
MMLU,validation,discovery,999,1350,192,0.14222222222222222,2277,309,0.13570487483530963
HellaSwag,discovery,validation,0,2265,327,0.14437086092715232,2724,272,0.09985315712187959
HellaSwag,discovery,validation,1,2264,265,0.11704946996466431,2723,272,0.09988982739625413
HellaSwag,discovery,validation,2,2265,269,0.11876379690949228,2725,302,0.11082568807339449
HellaSwag,discovery,validation,3,2265,283,0.12494481236203091,2724,250,0.09177679882525698
HellaSwag,discovery,validation,4,2265,243,0.10728476821192053,2724,271,0.09948604992657856
HellaSwag,discovery,validation,5,2264,318,0.14045936395759717,2724,292,0.10719530102790015
HellaSwag,discovery,validation,6,2265,245,0.10816777041942605,2724,282,0.10352422907488987
HellaSwag,discovery,validation,7,2265,254,0.11214128035320088,2721,276,0.10143329658213891
HellaSwag,discovery,validation,8,2265,310,0.1368653421633554,2725,266,0.09761467889908257
HellaSwag,discovery,validation,9,2264,291,0.12853356890459364,2724,224,0.08223201174743025
HellaSwag,discovery,validation,10,2264,288,0.127208480565371,2722,306,0.112417340191036
HellaSwag,discovery,validation,11,2265,274,0.12097130242825607,2723,259,0.09511568123393316
HellaSwag,discovery,validation,12,2264,271,0.11969964664310954,2722,278,0.10213078618662748
HellaSwag,discovery,validation,13,2265,237,0.10463576158940398,2724,262,0.09618208516886931
HellaSwag,discovery,validation,14,2265,234,0.10331125827814569,2723,275,0.10099155343371281
HellaSwag,discovery,validation,15,2264,260,0.11484098939929328,2719,302,0.11107024641412284
HellaSwag,discovery,validation,16,2264,261,0.11528268551236749,2725,247,0.09064220183486238
HellaSwag,discovery,validation,17,2264,234,0.10335689045936396,2725,277,0.10165137614678899
HellaSwag,discovery,validation,18,2264,250,0.11042402826855123,2724,308,0.1130690161527166
HellaSwag,discovery,validation,19,2265,244,0.10772626931567329,2723,254,0.09327947117150202
HellaSwag,discovery,validation,20,2265,245,0.10816777041942605,2722,259,0.09515062454077884
HellaSwag,discovery,validation,21,2264,237,0.10468197879858657,2721,278,0.10216832047041528
HellaSwag,discovery,validation,22,2264,244,0.10777385159010601,2723,243,0.0892398090341535
HellaSwag,discovery,validation,23,2265,268,0.11832229580573951,2723,281,0.10319500550863019
HellaSwag,discovery,validation,24,2265,274,0.12097130242825607,2721,321,0.11797133406835722
HellaSwag,discovery,validation,25,2265,245,0.10816777041942605,2725,315,0.11559633027522936
HellaSwag,discovery,validation,26,2264,299,0.13206713780918727,2722,230,0.08449669360764143
HellaSwag,discovery,validation,27,2265,251,0.11081677704194261,2718,248,0.09124356144223694
HellaSwag,discovery,validation,28,2265,324,0.14304635761589404,2725,305,0.11192660550458716
HellaSwag,discovery,validation,29,2263,235,0.103844454264251,2724,243,0.08920704845814978
HellaSwag,discovery,validation,30,2263,219,0.0967741935483871,2724,229,0.08406754772393539
HellaSwag,discovery,validation,31,2265,226,0.09977924944812362,2723,265,0.09731913330885053
HellaSwag,discovery,validation,32,2265,258,0.11390728476821192,2724,250,0.09177679882525698
HellaSwag,discovery,validation,33,2264,244,0.10777385159010601,2724,221,0.08113069016152717
HellaSwag,discovery,validation,34,2265,290,0.1280353200883002,2724,281,0.10315712187958884
HellaSwag,discovery,validation,35,2264,215,0.09496466431095406,2725,244,0.08954128440366972
HellaSwag,discovery,validation,36,2264,249,0.10998233215547704,2724,238,0.08737151248164464
HellaSwag,discovery,validation,37,2265,265,0.11699779249448124,2725,253,0.09284403669724771
HellaSwag,discovery,validation,38,2265,236,0.10419426048565121,2723,266,0.09768637532133675
HellaSwag,discovery,validation,39,2264,293,0.12941696113074205,2723,309,0.11347778185824459
HellaSwag,discovery,validation,40,2265,264,0.11655629139072848,2723,316,0.11604847594564818
HellaSwag,discovery,validation,41,2264,249,0.10998233215547704,2722,261,0.09588537839823659
HellaSwag,discovery,validation,42,2265,272,0.12008830022075055,2721,250,0.09187798603454612
HellaSwag,discovery,validation,43,2264,278,0.12279151943462897,2724,295,0.10829662261380323
HellaSwag,discovery,validation,44,2265,259,0.11434878587196468,2723,264,0.0969518912963643
HellaSwag,discovery,validation,45,2265,271,0.1196467991169978,2724,311,0.11417033773861968
HellaSwag,discovery,validation,46,2265,239,0.1055187637969095,2725,275,0.10091743119266056
HellaSwag,discovery,validation,47,2265,239,0.1055187637969095,2723,299,0.1098053617333823
HellaSwag,discovery,validation,48,2265,267,0.11788079470198676,2724,280,0.1027900146842878
HellaSwag,discovery,validation,49,2265,259,0.11434878587196468,2724,247,0.09067547723935389
HellaSwag,discovery,validation,50,2265,261,0.1152317880794702,2725,258,0.09467889908256881
HellaSwag,discovery,validation,51,2264,220,0.09717314487632508,2724,286,0.10499265785609398
HellaSwag,discovery,validation,52,2263,280,0.1237295625276182,2725,236,0.08660550458715596
HellaSwag,discovery,validation,53,2265,253,0.11169977924944813,2724,277,0.10168869309838473
HellaSwag,discovery,validation,54,2265,263,0.11611479028697572,2723,249,0.09144326110907088
HellaSwag,discovery,validation,55,2265,276,0.12185430463576159,2725,243,0.0891743119266055
HellaSwag,discovery,validation,56,2264,244,0.10777385159010601,2723,261,0.09585016525890562
HellaSwag,discovery,validation,57,2264,302,0.1333922261484099,2724,309,0.11343612334801761
HellaSwag,discovery,validation,58,2264,277,0.12234982332155477,2725,237,0.08697247706422018
HellaSwag,discovery,validation,59,2265,308,0.13598233995584988,2724,278,0.10205580029368576
HellaSwag,discovery,validation,60,2265,260,0.11479028697571744,2723,215,0.07895703268453912
HellaSwag,discovery,validation,61,2263,246,0.10870525850640743,2724,261,0.09581497797356828
HellaSwag,discovery,validation,62,2265,290,0.1280353200883002,2724,309,0.11343612334801761
HellaSwag,discovery,validation,63,2265,244,0.10772626931567329,2722,263,0.09662013225569434
HellaSwag,discovery,validation,64,2264,237,0.10468197879858657,2725,274,0.10055045871559633
HellaSwag,discovery,validation,65,2265,263,0.11611479028697572,2721,268,0.09849320102903344
HellaSwag,discovery,validation,66,2265,212,0.09359823399558499,2723,221,0.08116048475945647
HellaSwag,discovery,validation,67,2265,228,0.10066225165562914,2722,294,0.1080088170462895
HellaSwag,discovery,validation,68,2265,231,0.10198675496688742,2722,228,0.08376193975018369
HellaSwag,discovery,validation,69,2264,302,0.1333922261484099,2723,291,0.10686742563349247
HellaSwag,discovery,validation,70,2265,233,0.10286975717439294,2724,257,0.09434654919236417
HellaSwag,discovery,validation,71,2265,257,0.11346578366445915,2722,267,0.09808963997060985
HellaSwag,discovery,validation,72,2265,236,0.10419426048565121,2723,248,0.09107601909658465
HellaSwag,discovery,validation,73,2265,293,0.1293598233995585,2725,243,0.0891743119266055
HellaSwag,discovery,validation,74,2265,268,0.11832229580573951,2724,278,0.10205580029368576
HellaSwag,discovery,validation,75,2263,254,0.11224038886433937,2723,260,0.0954829232464194
HellaSwag,discovery,validation,76,2265,275,0.12141280353200883,2724,306,0.11233480176211454
HellaSwag,discovery,validation,77,2265,252,0.11125827814569536,2721,279,0.10253583241455347
HellaSwag,discovery,validation,78,2265,219,0.09668874172185431,2722,336,0.12343864805290228
HellaSwag,discovery,validation,79,2264,265,0.11704946996466431,2723,232,0.085200146896805
HellaSwag,discovery,validation,80,2263,247,0.10914714980114892,2724,265,0.0972834067547724
HellaSwag,discovery,validation,81,2265,263,0.11611479028697572,2724,289,0.10609397944199707
HellaSwag,discovery,validation,82,2265,283,0.12494481236203091,2723,279,0.10246052148365772
HellaSwag,discovery,validation,83,2265,235,0.10375275938189846,2724,241,0.08847283406754772
HellaSwag,discovery,validation,84,2265,264,0.11655629139072848,2722,250,0.09184423218221896
HellaSwag,discovery,validation,85,2264,284,0.1254416961130742,2724,254,0.09324522760646109
HellaSwag,discovery,validation,86,2264,244,0.10777385159010601,2722,275,0.10102865540044086
HellaSwag,discovery,validation,87,2265,251,0.11081677704194261,2722,270,0.09919177075679647
HellaSwag,discovery,validation,88,2265,317,0.13995584988962473,2725,287,0.10532110091743119
HellaSwag,discovery,validation,89,2265,307,0.13554083885209714,2722,243,0.08927259368111683
HellaSwag,discovery,validation,90,2264,300,0.13250883392226148,2723,352,0.12926918839515242
HellaSwag,discovery,validation,91,2264,237,0.10468197879858657,2724,223,0.08186490455212922
HellaSwag,discovery,validation,92,2265,248,0.10949227373068433,2723,283,0.10392948953360265
HellaSwag,discovery,validation,93,2265,219,0.09668874172185431,2723,248,0.09107601909658465
HellaSwag,discovery,validation,94,2265,249,0.10993377483443709,2725,218,0.08
HellaSwag,discovery,validation,95,2265,270,0.11920529801324503,2725,271,0.09944954128440367
HellaSwag,discovery,validation,96,2264,225,0.09938162544169611,2723,294,0.10796915167095116
HellaSwag,discovery,validation,97,2263,253,0.11179849756959788,2725,243,0.0891743119266055
HellaSwag,discovery,validation,98,2265,230,0.10154525386313466,2722,262,0.09625275532696546
HellaSwag,discovery,validation,99,2264,293,0.12941696113074205,2724,252,0.09251101321585903
HellaSwag,discovery,validation,100,2264,229,0.10114840989399293,2725,229,0.08403669724770642
HellaSwag,discovery,validation,101,2264,305,0.13471731448763252,2724,351,0.1288546255506608
HellaSwag,discovery,validation,102,2265,249,0.10993377483443709,2721,301,0.11062109518559353
HellaSwag,discovery,validation,103,2265,280,0.12362030905077263,2720,296,0.10882352941176471
HellaSwag,discovery,validation,104,2264,247,0.10909893992932862,2725,247,0.09064220183486238
HellaSwag,discovery,validation,105,2265,243,0.10728476821192053,2721,237,0.08710033076074973
HellaSwag,discovery,validation,106,2263,252,0.11135660627485638,2722,287,0.10543717854518736
HellaSwag,discovery,validation,107,2264,257,0.11351590106007067,2721,231,0.08489525909592062
HellaSwag,discovery,validation,108,2265,277,0.12229580573951435,2723,298,0.10943811972089607
HellaSwag,discovery,validation,109,2264,263,0.11616607773851591,2725,233,0.0855045871559633
HellaSwag,discovery,validation,110,2264,290,0.12809187279151943,2721,264,0.0970231532524807
HellaSwag,discovery,validation,111,2265,291,0.12847682119205298,2725,234,0.08587155963302752
HellaSwag,discovery,validation,112,2264,279,0.12323321554770318,2724,293,0.10756240822320118
HellaSwag,discovery,validation,113,2265,259,0.11434878587196468,2723,260,0.0954829232464194
HellaSwag,discovery,validation,114,2264,267,0.11793286219081273,2724,248,0.09104258443465492
HellaSwag,discovery,validation,115,2265,281,0.12406181015452539,2722,286,0.10506980161645849
HellaSwag,discovery,validation,116,2265,277,0.12229580573951435,2723,268,0.09842085934630922
HellaSwag,discovery,validation,117,2264,252,0.11130742049469965,2725,228,0.0836697247706422
HellaSwag,discovery,validation,118,2265,304,0.13421633554083887,2721,323,0.11870635795663359
HellaSwag,discovery,validation,119,2264,233,0.10291519434628975,2721,224,0.08232267548695332
HellaSwag,discovery,validation,120,2264,278,0.12279151943462897,2721,290,0.1065784638000735
HellaSwag,discovery,validation,121,2264,257,0.11351590106007067,2723,283,0.10392948953360265
HellaSwag,discovery,validation,122,2265,311,0.13730684326710818,2723,225,0.0826294528094014
HellaSwag,discovery,validation,123,2265,248,0.10949227373068433,2725,258,0.09467889908256881
HellaSwag,discovery,validation,124,2265,303,0.1337748344370861,2723,379,0.13918472273228058
HellaSwag,discovery,validation,125,2264,315,0.13913427561837455,2723,348,0.1278002203452075
HellaSwag,discovery,validation,126,2263,290,0.12814847547503314,2722,244,0.0896399706098457
HellaSwag,discovery,validation,127,2264,272,0.12014134275618374,2725,293,0.10752293577981652
HellaSwag,discovery,validation,128,2265,226,0.09977924944812362,2722,302,0.1109478324761205
HellaSwag,discovery,validation,129,2265,294,0.12980132450331125,2723,254,0.09327947117150202
HellaSwag,discovery,validation,130,2265,317,0.13995584988962473,2725,284,0.10422018348623853
HellaSwag,discovery,validation,131,2265,259,0.11434878587196468,2723,319,0.11715020198310687
HellaSwag,discovery,validation,132,2265,297,0.13112582781456952,2724,288,0.10572687224669604
HellaSwag,discovery,validation,133,2265,284,0.12538631346578366,2723,325,0.11935365405802424
HellaSwag,discovery,validation,134,2265,254,0.11214128035320088,2724,267,0.09801762114537445
HellaSwag,discovery,validation,135,2265,238,0.10507726269315673,2724,222,0.08149779735682819
HellaSwag,discovery,validation,136,2265,269,0.11876379690949228,2724,276,0.1013215859030837
HellaSwag,discovery,validation,137,2263,208,0.09191338930623066,2723,265,0.09731913330885053
HellaSwag,discovery,validation,138,2265,337,0.1487858719646799,2723,325,0.11935365405802424
HellaSwag,discovery,validation,139,2265,229,0.1011037527593819,2725,245,0.08990825688073395
HellaSwag,discovery,validation,140,2265,256,0.1130242825607064,2725,287,0.10532110091743119
HellaSwag,discovery,validation,141,2264,226,0.09982332155477032,2724,248,0.09104258443465492
HellaSwag,discovery,validation,142,2265,258,0.11390728476821192,2724,246,0.09030837004405286
HellaSwag,discovery,validation,143,2265,242,0.10684326710816777,2721,264,0.0970231532524807
HellaSwag,discovery,validation,144,2264,240,0.10600706713780919,2725,224,0.08220183486238532
HellaSwag,discovery,validation,145,2262,260,0.11494252873563218,2725,232,0.08513761467889908
HellaSwag,discovery,validation,146,2265,271,0.1196467991169978,2722,238,0.08743570903747244
HellaSwag,discovery,validation,147,2265,254,0.11214128035320088,2724,231,0.08480176211453745
HellaSwag,discovery,validation,148,2262,290,0.1282051282051282,2724,262,0.09618208516886931
HellaSwag,discovery,validation,149,2264,246,0.10865724381625441,2723,232,0.085200146896805
HellaSwag,discovery,validation,150,2265,270,0.11920529801324503,2722,253,0.09294636296840558
HellaSwag,discovery,validation,151,2265,276,0.12185430463576159,2724,313,0.11490455212922174
HellaSwag,discovery,validation,152,2265,263,0.11611479028697572,2723,256,0.09401395519647447
HellaSwag,discovery,validation,153,2265,262,0.11567328918322296,2723,236,0.0866691149467499
HellaSwag,discovery,validation,154,2264,279,0.12323321554770318,2721,242,0.08893789048144064
HellaSwag,discovery,validation,155,2265,363,0.16026490066225166,2724,293,0.10756240822320118
HellaSwag,discovery,validation,156,2261,264,0.1167624944714728,2723,298,0.10943811972089607
HellaSwag,discovery,validation,157,2264,256,0.11307420494699646,2722,289,0.10617193240264511
HellaSwag,discovery,validation,158,2264,293,0.12941696113074205,2723,244,0.08960705104663974
HellaSwag,discovery,validation,159,2265,255,0.11258278145695365,2723,228,0.08373117884686009
HellaSwag,discovery,validation,160,2265,289,0.12759381898454747,2724,274,0.10058737151248165
HellaSwag,discovery,validation,161,2264,289,0.12765017667844522,2725,301,0.11045871559633028
HellaSwag,discovery,validation,162,2264,314,0.13869257950530034,2723,278,0.1020932794711715
HellaSwag,discovery,validation,163,2264,230,0.10159010600706714,2724,278,0.10205580029368576
HellaSwag,discovery,validation,164,2263,302,0.13345117101193107,2724,316,0.11600587371512482
HellaSwag,discovery,validation,165,2265,250,0.11037527593818984,2724,278,0.10205580029368576
HellaSwag,discovery,validation,166,2264,241,0.10644876325088339,2725,240,0.08807339449541285
HellaSwag,discovery,validation,167,2265,285,0.12582781456953643,2723,255,0.09364671318398825
HellaSwag,discovery,validation,168,2264,284,0.1254416961130742,2725,302,0.11082568807339449
HellaSwag,discovery,validation,169,2265,260,0.11479028697571744,2725,221,0.08110091743119266
HellaSwag,discovery,validation,170,2265,284,0.12538631346578366,2725,276,0.10128440366972477
HellaSwag,discovery,validation,171,2265,265,0.11699779249448124,2724,314,0.11527165932452275
HellaSwag,discovery,validation,172,2265,322,0.1421633554083885,2724,237,0.08700440528634361
HellaSwag,discovery,validation,173,2265,239,0.1055187637969095,2722,291,0.10690668626010287
HellaSwag,discovery,validation,174,2264,312,0.13780918727915195,2725,275,0.10091743119266056
HellaSwag,discovery,validation,175,2265,275,0.12141280353200883,2722,277,0.1017634092578986
HellaSwag,discovery,validation,176,2265,250,0.11037527593818984,2723,254,0.09327947117150202
HellaSwag,discovery,validation,177,2265,238,0.10507726269315673,2725,292,0.10715596330275229
HellaSwag,discovery,validation,178,2261,246,0.10880141530296329,2721,269,0.09886071297317163
HellaSwag,discovery,validation,179,2264,278,0.12279151943462897,2722,369,0.13556208670095518
HellaSwag,discovery,validation,180,2265,281,0.12406181015452539,2724,255,0.09361233480176212
HellaSwag,discovery,validation,181,2264,246,0.10865724381625441,2724,261,0.09581497797356828
HellaSwag,discovery,validation,182,2265,294,0.12980132450331125,2720,270,0.09926470588235294
HellaSwag,discovery,validation,183,2265,256,0.1130242825607064,2722,233,0.08559882439382807
HellaSwag,discovery,validation,184,2265,312,0.13774834437086092,2723,291,0.10686742563349247
HellaSwag,discovery,validation,185,2263,276,0.12196199734865223,2722,274,0.10066127847171198
HellaSwag,discovery,validation,186,2264,279,0.12323321554770318,2720,268,0.09852941176470588
HellaSwag,discovery,validation,187,2263,272,0.12019443216968625,2723,257,0.09438119720896071
HellaSwag,discovery,validation,188,2264,268,0.11837455830388692,2722,278,0.10213078618662748
HellaSwag,discovery,validation,189,2265,243,0.10728476821192053,2724,257,0.09434654919236417
HellaSwag,discovery,validation,190,2263,293,0.12947414935925763,2724,306,0.11233480176211454
HellaSwag,discovery,validation,191,2264,221,0.09761484098939929,2724,270,0.09911894273127753
HellaSwag,discovery,validation,192,2265,206,0.09094922737306843,2723,224,0.08226221079691516
HellaSwag,discovery,validation,193,2265,288,0.1271523178807947,2722,245,0.09000734753857458
HellaSwag,discovery,validation,194,2263,266,0.1175430844012373,2725,269,0.09871559633027523
HellaSwag,discovery,validation,195,2264,366,0.16166077738515902,2724,259,0.09508076358296623
HellaSwag,discovery,validation,196,2265,350,0.1545253863134658,2725,307,0.11266055045871559
HellaSwag,discovery,validation,197,2264,260,0.11484098939929328,2723,264,0.0969518912963643
HellaSwag,discovery,validation,198,2265,251,0.11081677704194261,2725,247,0.09064220183486238
HellaSwag,discovery,validation,199,2264,286,0.12632508833922262,2724,361,0.13252569750367107
HellaSwag,discovery,validation,200,2264,273,0.12058303886925795,2723,224,0.08226221079691516
HellaSwag,discovery,validation,201,2264,221,0.09761484098939929,2722,237,0.08706833210874357
HellaSwag,discovery,validation,202,2262,241,0.10654288240495137,2723,266,0.09768637532133675
HellaSwag,discovery,validation,203,2265,327,0.14437086092715232,2724,283,0.1038913362701909
HellaSwag,discovery,validation,204,2264,285,0.12588339222614842,2725,284,0.10422018348623853
HellaSwag,discovery,validation,205,2265,279,0.12317880794701987,2724,289,0.10609397944199707
HellaSwag,discovery,validation,206,2265,247,0.10905077262693157,2723,253,0.09291222915901579
HellaSwag,discovery,validation,207,2265,245,0.10816777041942605,2722,258,0.09478324761204997
HellaSwag,discovery,validation,208,2264,236,0.10424028268551237,2724,256,0.09397944199706314
HellaSwag,discovery,validation,209,2265,288,0.1271523178807947,2724,302,0.11086637298091043
HellaSwag,discovery,validation,210,2265,265,0.11699779249448124,2724,273,0.10022026431718062
HellaSwag,discovery,validation,211,2265,277,0.12229580573951435,2724,301,0.1104992657856094
HellaSwag,discovery,validation,212,2265,334,0.14746136865342163,2723,258,0.09474843922144693
HellaSwag,discovery,validation,213,2265,215,0.09492273730684327,2724,233,0.0855359765051395
HellaSwag,discovery,validation,214,2265,237,0.10463576158940398,2722,225,0.08265980896399706
HellaSwag,discovery,validation,215,2265,281,0.12406181015452539,2720,264,0.09705882352941177
HellaSwag,discovery,validation,216,2264,304,0.13427561837455831,2725,256,0.09394495412844037
HellaSwag,discovery,validation,217,2264,241,0.10644876325088339,2725,258,0.09467889908256881
HellaSwag,discovery,validation,218,2263,319,0.14096332302253645,2724,234,0.08590308370044053
HellaSwag,discovery,validation,219,2265,250,0.11037527593818984,2723,282,0.10356224752111641
HellaSwag,discovery,validation,220,2264,247,0.10909893992932862,2723,252,0.09254498714652956
HellaSwag,discovery,validation,221,2263,246,0.10870525850640743,2724,290,0.10646108663729809
HellaSwag,discovery,validation,222,2264,269,0.11881625441696113,2725,293,0.10752293577981652
HellaSwag,discovery,validation,223,2263,217,0.0958904109589041,2723,232,0.085200146896805
HellaSwag,discovery,validation,224,2265,259,0.11434878587196468,2724,232,0.08516886930983847
HellaSwag,discovery,validation,225,2265,281,0.12406181015452539,2724,285,0.10462555066079295
HellaSwag,discovery,validation,226,2265,238,0.10507726269315673,2722,260,0.09551800146950772
HellaSwag,discovery,validation,227,2264,244,0.10777385159010601,2724,296,0.10866372980910426
HellaSwag,discovery,validation,228,2265,255,0.11258278145695365,2722,231,0.08486407053637031
HellaSwag,discovery,validation,229,2264,297,0.13118374558303886,2723,284,0.10429673154608887
HellaSwag,discovery,validation,230,2265,205,0.09050772626931568,2724,230,0.08443465491923642
HellaSwag,discovery,validation,231,2265,287,0.12671081677704193,2724,282,0.10352422907488987
HellaSwag,discovery,validation,232,2265,261,0.1152317880794702,2721,286,0.10510841602352076
HellaSwag,discovery,validation,233,2265,216,0.09536423841059603,2724,237,0.08700440528634361
HellaSwag,discovery,validation,234,2263,275,0.12152010605391074,2723,240,0.08813808299669482
HellaSwag,discovery,validation,235,2265,301,0.13289183222958056,2725,223,0.0818348623853211
HellaSwag,discovery,validation,236,2265,275,0.12141280353200883,2720,229,0.08419117647058824
HellaSwag,discovery,validation,237,2265,269,0.11876379690949228,2722,256,0.0940484937545922
HellaSwag,discovery,validation,238,2265,312,0.13774834437086092,2723,332,0.12192434814542784
HellaSwag,discovery,validation,239,2265,266,0.11743929359823399,2723,276,0.10135879544619905
HellaSwag,discovery,validation,240,2264,241,0.10644876325088339,2725,265,0.09724770642201835
HellaSwag,discovery,validation,241,2263,287,0.12682280159080866,2723,275,0.10099155343371281
HellaSwag,discovery,validation,242,2265,218,0.09624724061810154,2723,278,0.1020932794711715
HellaSwag,discovery,validation,243,2265,271,0.1196467991169978,2722,242,0.08890521675238795
HellaSwag,discovery,validation,244,2264,233,0.10291519434628975,2724,265,0.0972834067547724
HellaSwag,discovery,validation,245,2265,234,0.10331125827814569,2724,299,0.10976505139500735
HellaSwag,discovery,validation,246,2265,249,0.10993377483443709,2724,255,0.09361233480176212
HellaSwag,discovery,validation,247,2265,315,0.1390728476821192,2724,270,0.09911894273127753
HellaSwag,discovery,validation,248,2265,233,0.10286975717439294,2724,272,0.09985315712187959
HellaSwag,discovery,validation,249,2264,261,0.11528268551236749,2721,219,0.0804851157662624
HellaSwag,discovery,validation,250,2264,257,0.11351590106007067,2725,246,0.09027522935779816
HellaSwag,discovery,validation,251,2265,296,0.13068432671081678,2725,338,0.12403669724770643
HellaSwag,discovery,validation,252,2264,273,0.12058303886925795,2723,286,0.10503121557106133
HellaSwag,discovery,validation,253,2264,243,0.1073321554770318,2725,232,0.08513761467889908
HellaSwag,discovery,validation,254,2265,255,0.11258278145695365,2723,251,0.09217774513404334
HellaSwag,discovery,validation,255,2264,285,0.12588339222614842,2724,244,0.08957415565345081
HellaSwag,discovery,validation,256,2264,281,0.12411660777385158,2725,218,0.08
HellaSwag,discovery,validation,257,2265,297,0.13112582781456952,2725,279,0.10238532110091743
HellaSwag,discovery,validation,258,2265,309,0.13642384105960265,2722,311,0.11425422483468038
HellaSwag,discovery,validation,259,2264,348,0.15371024734982333,2722,251,0.09221160911094783
HellaSwag,discovery,validation,260,2265,259,0.11434878587196468,2723,248,0.09107601909658465
HellaSwag,discovery,validation,261,2265,247,0.10905077262693157,2724,247,0.09067547723935389
HellaSwag,discovery,validation,262,2264,298,0.13162544169611307,2722,270,0.09919177075679647
HellaSwag,discovery,validation,263,2264,340,0.1501766784452297,2724,247,0.09067547723935389
HellaSwag,discovery,validation,264,2265,275,0.12141280353200883,2723,230,0.08446566287183253
HellaSwag,discovery,validation,265,2265,281,0.12406181015452539,2724,252,0.09251101321585903
HellaSwag,discovery,validation,266,2265,308,0.13598233995584988,2724,274,0.10058737151248165
HellaSwag,discovery,validation,267,2265,293,0.1293598233995585,2722,253,0.09294636296840558
HellaSwag,discovery,validation,268,2263,239,0.10561201944321696,2724,260,0.09544787077826726
HellaSwag,discovery,validation,269,2264,276,0.12190812720848057,2724,297,0.10903083700440529
HellaSwag,discovery,validation,270,2264,270,0.11925795053003534,2723,242,0.08887256702166728
HellaSwag,discovery,validation,271,2264,270,0.11925795053003534,2721,258,0.09481808158765159
HellaSwag,discovery,validation,272,2265,286,0.1262693156732892,2725,270,0.09908256880733946
HellaSwag,discovery,validation,273,2265,254,0.11214128035320088,2722,244,0.0896399706098457
HellaSwag,discovery,validation,274,2265,244,0.10772626931567329,2722,310,0.11388684790595151
HellaSwag,discovery,validation,275,2264,241,0.10644876325088339,2722,241,0.08853783982365908
HellaSwag,discovery,validation,276,2265,244,0.10772626931567329,2722,271,0.09955914768552535
HellaSwag,discovery,validation,277,2264,260,0.11484098939929328,2724,233,0.0855359765051395
HellaSwag,discovery,validation,278,2265,259,0.11434878587196468,2723,307,0.11274329783327212
HellaSwag,discovery,validation,279,2264,241,0.10644876325088339,2723,241,0.08850532500918105
HellaSwag,discovery,validation,280,2264,251,0.11086572438162544,2723,279,0.10246052148365772
HellaSwag,discovery,validation,281,2265,213,0.09403973509933775,2725,271,0.09944954128440367
HellaSwag,discovery,validation,282,2264,284,0.1254416961130742,2724,279,0.10242290748898679
HellaSwag,discovery,validation,283,2264,226,0.09982332155477032,2723,306,0.1123760558207859
HellaSwag,discovery,validation,284,2265,245,0.10816777041942605,2722,278,0.10213078618662748
HellaSwag,discovery,validation,285,2265,221,0.09757174392935983,2724,232,0.08516886930983847
HellaSwag,discovery,validation,286,2264,261,0.11528268551236749,2725,267,0.09798165137614678
HellaSwag,discovery,validation,287,2264,271,0.11969964664310954,2725,318,0.11669724770642202
HellaSwag,discovery,validation,288,2263,258,0.11400795404330534,2724,242,0.08883994126284875
HellaSwag,discovery,validation,289,2264,249,0.10998233215547704,2723,333,0.12229159015791406
HellaSwag,discovery,validation,290,2265,223,0.09845474613686535,2724,271,0.09948604992657856
HellaSwag,discovery,validation,291,2265,264,0.11655629139072848,2720,252,0.09264705882352942
HellaSwag,discovery,validation,292,2265,259,0.11434878587196468,2722,268,0.09845701689933872
HellaSwag,discovery,validation,293,2264,306,0.1351590106007067,2722,303,0.11131520940484937
HellaSwag,discovery,validation,294,2265,240,0.10596026490066225,2724,220,0.08076358296622614
HellaSwag,discovery,validation,295,2265,265,0.11699779249448124,2722,279,0.10249816311535635
HellaSwag,discovery,validation,296,2265,281,0.12406181015452539,2724,260,0.09544787077826726
HellaSwag,discovery,validation,297,2264,253,0.11174911660777385,2722,263,0.09662013225569434
HellaSwag,discovery,validation,298,2262,273,0.1206896551724138,2723,272,0.09988982739625413
HellaSwag,discovery,validation,299,2265,309,0.13642384105960265,2722,251,0.09221160911094783
HellaSwag,discovery,validation,300,2265,261,0.1152317880794702,2724,222,0.08149779735682819
HellaSwag,discovery,validation,301,2265,245,0.10816777041942605,2724,258,0.0947136563876652
HellaSwag,discovery,validation,302,2264,286,0.12632508833922262,2722,299,0.10984570168993388
HellaSwag,discovery,validation,303,2264,245,0.10821554770318022,2724,270,0.09911894273127753
HellaSwag,discovery,validation,304,2265,306,0.13509933774834437,2722,307,0.11278471711976489
HellaSwag,discovery,validation,305,2265,295,0.13024282560706402,2718,305,0.11221486387049301
HellaSwag,discovery,validation,306,2265,241,0.106401766004415,2722,281,0.1032329169728141
HellaSwag,discovery,validation,307,2265,287,0.12671081677704193,2720,250,0.09191176470588236
HellaSwag,discovery,validation,308,2263,229,0.10119310649580203,2722,237,0.08706833210874357
HellaSwag,discovery,validation,309,2263,224,0.09898365002209457,2721,262,0.09628812936420433
HellaSwag,discovery,validation,310,2263,320,0.14140521431727796,2724,280,0.1027900146842878
HellaSwag,discovery,validation,311,2265,293,0.1293598233995585,2721,280,0.10290334435869165
HellaSwag,discovery,validation,312,2265,286,0.1262693156732892,2724,236,0.08663729809104258
HellaSwag,discovery,validation,313,2262,254,0.11229000884173299,2717,240,0.08833271991166727
HellaSwag,discovery,validation,314,2265,297,0.13112582781456952,2721,278,0.10216832047041528
HellaSwag,discovery,validation,315,2264,273,0.12058303886925795,2725,247,0.09064220183486238
HellaSwag,discovery,validation,316,2264,246,0.10865724381625441,2722,316,0.11609110947832477
HellaSwag,discovery,validation,317,2265,237,0.10463576158940398,2722,299,0.10984570168993388
HellaSwag,discovery,validation,318,2265,227,0.10022075055187638,2722,243,0.08927259368111683
HellaSwag,discovery,validation,319,2264,249,0.10998233215547704,2724,231,0.08480176211453745
HellaSwag,discovery,validation,320,2265,255,0.11258278145695365,2724,243,0.08920704845814978
HellaSwag,discovery,validation,321,2263,252,0.11135660627485638,2722,251,0.09221160911094783
HellaSwag,discovery,validation,322,2265,274,0.12097130242825607,2724,244,0.08957415565345081
HellaSwag,discovery,validation,323,2265,275,0.12141280353200883,2724,306,0.11233480176211454
HellaSwag,discovery,validation,324,2265,262,0.11567328918322296,2724,280,0.1027900146842878
HellaSwag,discovery,validation,325,2265,246,0.10860927152317881,2725,226,0.08293577981651376
HellaSwag,discovery,validation,326,2264,254,0.11219081272084806,2724,243,0.08920704845814978
HellaSwag,discovery,validation,327,2265,284,0.12538631346578366,2725,297,0.10899082568807339
HellaSwag,discovery,validation,328,2265,287,0.12671081677704193,2723,256,0.09401395519647447
HellaSwag,discovery,validation,329,2265,248,0.10949227373068433,2725,307,0.11266055045871559
HellaSwag,discovery,validation,330,2264,305,0.13471731448763252,2724,256,0.09397944199706314
HellaSwag,discovery,validation,331,2265,258,0.11390728476821192,2723,266,0.09768637532133675
HellaSwag,discovery,validation,332,2264,251,0.11086572438162544,2724,265,0.0972834067547724
HellaSwag,discovery,validation,333,2265,292,0.12891832229580574,2724,255,0.09361233480176212
HellaSwag,discovery,validation,334,2264,306,0.1351590106007067,2725,266,0.09761467889908257
HellaSwag,discovery,validation,335,2264,264,0.1166077738515901,2722,260,0.09551800146950772
HellaSwag,discovery,validation,336,2265,282,0.12450331125827814,2720,255,0.09375
HellaSwag,discovery,validation,337,2265,303,0.1337748344370861,2721,304,0.11172363101800808
HellaSwag,discovery,validation,338,2265,282,0.12450331125827814,2722,248,0.09110947832476121
HellaSwag,discovery,validation,339,2264,273,0.12058303886925795,2724,271,0.09948604992657856
HellaSwag,discovery,validation,340,2265,311,0.13730684326710818,2724,263,0.09654919236417034
HellaSwag,discovery,validation,341,2265,255,0.11258278145695365,2724,246,0.09030837004405286
HellaSwag,discovery,validation,342,2265,210,0.09271523178807947,2723,222,0.08152772677194271
HellaSwag,discovery,validation,343,2264,227,0.10026501766784453,2723,274,0.10062431142122659
HellaSwag,discovery,validation,344,2264,300,0.13250883392226148,2725,313,0.11486238532110092
HellaSwag,discovery,validation,345,2264,275,0.12146643109540636,2720,326,0.11985294117647059
HellaSwag,discovery,validation,346,2264,251,0.11086572438162544,2722,265,0.0973548861131521
HellaSwag,discovery,validation,347,2265,273,0.1205298013245033,2723,252,0.09254498714652956
HellaSwag,discovery,validation,348,2265,233,0.10286975717439294,2724,325,0.11930983847283406
HellaSwag,discovery,validation,349,2264,251,0.11086572438162544,2724,224,0.08223201174743025
HellaSwag,discovery,validation,350,2265,217,0.09580573951434879,2725,259,0.09504587155963302
HellaSwag,discovery,validation,351,2265,275,0.12141280353200883,2724,368,0.13509544787077826
HellaSwag,discovery,validation,352,2264,269,0.11881625441696113,2725,304,0.11155963302752293
HellaSwag,discovery,validation,353,2264,244,0.10777385159010601,2724,282,0.10352422907488987
HellaSwag,discovery,validation,354,2264,258,0.11395759717314488,2725,302,0.11082568807339449
HellaSwag,discovery,validation,355,2265,292,0.12891832229580574,2725,325,0.11926605504587157
HellaSwag,discovery,validation,356,2265,271,0.1196467991169978,2724,259,0.09508076358296623
HellaSwag,discovery,validation,357,2264,278,0.12279151943462897,2722,243,0.08927259368111683
HellaSwag,discovery,validation,358,2265,257,0.11346578366445915,2724,289,0.10609397944199707
HellaSwag,discovery,validation,359,2265,279,0.12317880794701987,2724,251,0.092143906020558
HellaSwag,discovery,validation,360,2265,243,0.10728476821192053,2725,272,0.09981651376146788
HellaSwag,discovery,validation,361,2264,278,0.12279151943462897,2723,270,0.09915534337128168
HellaSwag,discovery,validation,362,2265,330,0.1456953642384106,2723,332,0.12192434814542784
HellaSwag,discovery,validation,363,2265,262,0.11567328918322296,2721,267,0.09812568908489526
HellaSwag,discovery,validation,364,2264,286,0.12632508833922262,2722,264,0.09698750918442321
HellaSwag,discovery,validation,365,2265,209,0.0922737306843267,2722,286,0.10506980161645849
HellaSwag,discovery,validation,366,2264,232,0.10247349823321555,2722,254,0.09331373989713446
HellaSwag,discovery,validation,367,2264,301,0.1329505300353357,2723,369,0.13551230260741828
HellaSwag,discovery,validation,368,2264,220,0.09717314487632508,2723,279,0.10246052148365772
HellaSwag,discovery,validation,369,2263,245,0.10826336721166593,2720,250,0.09191176470588236
HellaSwag,discovery,validation,370,2264,279,0.12323321554770318,2723,253,0.09291222915901579
HellaSwag,discovery,validation,371,2265,257,0.11346578366445915,2724,248,0.09104258443465492
HellaSwag,discovery,validation,372,2264,307,0.1356007067137809,2724,241,0.08847283406754772
HellaSwag,discovery,validation,373,2265,278,0.12273730684326711,2724,377,0.1383994126284875
HellaSwag,discovery,validation,374,2264,315,0.13913427561837455,2723,318,0.11678295997062065
HellaSwag,discovery,validation,375,2265,259,0.11434878587196468,2722,248,0.09110947832476121
HellaSwag,discovery,validation,376,2265,316,0.13951434878587196,2723,303,0.11127432978332721
HellaSwag,discovery,validation,377,2265,257,0.11346578366445915,2721,302,0.11098860712973171
HellaSwag,discovery,validation,378,2264,217,0.09584805653710247,2724,252,0.09251101321585903
HellaSwag,discovery,validation,379,2265,248,0.10949227373068433,2724,294,0.10792951541850221
HellaSwag,discovery,validation,380,2265,284,0.12538631346578366,2724,327,0.12004405286343613
HellaSwag,discovery,validation,381,2263,378,0.16703490941228458,2722,279,0.10249816311535635
HellaSwag,discovery,validation,382,2265,314,0.13863134657836645,2723,307,0.11274329783327212
HellaSwag,discovery,validation,383,2265,235,0.10375275938189846,2723,272,0.09988982739625413
HellaSwag,discovery,validation,384,2265,295,0.13024282560706402,2720,297,0.10919117647058824
HellaSwag,discovery,validation,385,2265,282,0.12450331125827814,2723,261,0.09585016525890562
HellaSwag,discovery,validation,386,2265,215,0.09492273730684327,2721,256,0.09408305769937524
HellaSwag,discovery,validation,387,2265,275,0.12141280353200883,2722,276,0.10139603232916973
HellaSwag,discovery,validation,388,2264,246,0.10865724381625441,2725,265,0.09724770642201835
HellaSwag,discovery,validation,389,2265,256,0.1130242825607064,2723,251,0.09217774513404334
HellaSwag,discovery,validation,390,2264,260,0.11484098939929328,2724,258,0.0947136563876652
HellaSwag,discovery,validation,391,2265,231,0.10198675496688742,2724,251,0.092143906020558
HellaSwag,discovery,validation,392,2263,272,0.12019443216968625,2723,249,0.09144326110907088
HellaSwag,discovery,validation,393,2265,239,0.1055187637969095,2722,228,0.08376193975018369
HellaSwag,discovery,validation,394,2263,231,0.10207688908528502,2725,276,0.10128440366972477
HellaSwag,discovery,validation,395,2265,202,0.08918322295805739,2723,233,0.08556738890929122
HellaSwag,discovery,validation,396,2264,240,0.10600706713780919,2723,281,0.10319500550863019
HellaSwag,discovery,validation,397,2264,234,0.10335689045936396,2724,262,0.09618208516886931
HellaSwag,discovery,validation,398,2265,249,0.10993377483443709,2724,258,0.0947136563876652
HellaSwag,discovery,validation,399,2264,269,0.11881625441696113,2721,288,0.10584343991179714
HellaSwag,discovery,validation,400,2264,223,0.09849823321554771,2722,257,0.0944158706833211
HellaSwag,discovery,validation,401,2265,223,0.09845474613686535,2722,217,0.07972079353416606
HellaSwag,discovery,validation,402,2265,223,0.09845474613686535,2722,297,0.10911094783247612
HellaSwag,discovery,validation,403,2264,267,0.11793286219081273,2723,240,0.08813808299669482
HellaSwag,discovery,validation,404,2265,257,0.11346578366445915,2719,227,0.08348657594703936
HellaSwag,discovery,validation,405,2264,277,0.12234982332155477,2723,301,0.11053984575835475
HellaSwag,discovery,validation,406,2265,253,0.11169977924944813,2720,240,0.08823529411764706
HellaSwag,discovery,validation,407,2265,244,0.10772626931567329,2725,263,0.09651376146788991
HellaSwag,discovery,validation,408,2265,252,0.11125827814569536,2725,270,0.09908256880733946
HellaSwag,discovery,validation,409,2265,256,0.1130242825607064,2724,206,0.07562408223201175
HellaSwag,discovery,validation,410,2262,264,0.11671087533156499,2724,258,0.0947136563876652
HellaSwag,discovery,validation,411,2265,218,0.09624724061810154,2725,265,0.09724770642201835
HellaSwag,discovery,validation,412,2264,306,0.1351590106007067,2723,240,0.08813808299669482
HellaSwag,discovery,validation,413,2265,279,0.12317880794701987,2723,232,0.085200146896805
HellaSwag,discovery,validation,414,2265,307,0.13554083885209714,2724,304,0.11160058737151249
HellaSwag,discovery,validation,415,2264,253,0.11174911660777385,2723,256,0.09401395519647447
HellaSwag,discovery,validation,416,2265,247,0.10905077262693157,2724,259,0.09508076358296623
HellaSwag,discovery,validation,417,2264,339,0.1497349823321555,2723,281,0.10319500550863019
HellaSwag,discovery,validation,418,2264,323,0.14266784452296818,2723,328,0.12045538009548293
HellaSwag,discovery,validation,419,2265,255,0.11258278145695365,2725,285,0.10458715596330276
HellaSwag,discovery,validation,420,2263,247,0.10914714980114892,2722,299,0.10984570168993388
HellaSwag,discovery,validation,421,2265,287,0.12671081677704193,2724,347,0.12738619676945667
HellaSwag,discovery,validation,422,2264,250,0.11042402826855123,2721,273,0.10033076074972437
HellaSwag,discovery,validation,423,2265,269,0.11876379690949228,2722,277,0.1017634092578986
HellaSwag,discovery,validation,424,2265,244,0.10772626931567329,2723,236,0.0866691149467499
HellaSwag,discovery,validation,425,2265,257,0.11346578366445915,2721,255,0.09371554575523705
HellaSwag,discovery,validation,426,2264,254,0.11219081272084806,2724,257,0.09434654919236417
HellaSwag,discovery,validation,427,2265,299,0.13200883002207506,2723,274,0.10062431142122659
HellaSwag,discovery,validation,428,2265,201,0.08874172185430464,2724,210,0.07709251101321586
HellaSwag,discovery,validation,429,2264,247,0.10909893992932862,2722,246,0.09037472446730345
HellaSwag,discovery,validation,430,2263,286,0.12638091029606716,2722,269,0.0988243938280676
HellaSwag,discovery,validation,431,2265,274,0.12097130242825607,2721,275,0.10106578463800074
HellaSwag,discovery,validation,432,2265,260,0.11479028697571744,2722,254,0.09331373989713446
HellaSwag,discovery,validation,433,2265,245,0.10816777041942605,2723,268,0.09842085934630922
HellaSwag,discovery,validation,434,2265,265,0.11699779249448124,2725,269,0.09871559633027523
HellaSwag,discovery,validation,435,2265,258,0.11390728476821192,2723,284,0.10429673154608887
HellaSwag,discovery,validation,436,2263,269,0.11886875828546177,2723,290,0.10650018362100624
HellaSwag,discovery,validation,437,2264,307,0.1356007067137809,2720,270,0.09926470588235294
HellaSwag,discovery,validation,438,2264,294,0.12985865724381626,2723,241,0.08850532500918105
HellaSwag,discovery,validation,439,2265,277,0.12229580573951435,2721,276,0.10143329658213891
HellaSwag,discovery,validation,440,2265,215,0.09492273730684327,2724,234,0.08590308370044053
HellaSwag,discovery,validation,441,2265,307,0.13554083885209714,2723,298,0.10943811972089607
HellaSwag,discovery,validation,442,2265,263,0.11611479028697572,2722,248,0.09110947832476121
HellaSwag,discovery,validation,443,2264,303,0.1338339222614841,2724,278,0.10205580029368576
HellaSwag,discovery,validation,444,2265,258,0.11390728476821192,2723,239,0.08777084098420859
HellaSwag,discovery,validation,445,2265,274,0.12097130242825607,2724,262,0.09618208516886931
HellaSwag,discovery,validation,446,2265,315,0.1390728476821192,2723,317,0.11641571795813441
HellaSwag,discovery,validation,447,2263,278,0.12284577993813522,2724,321,0.11784140969162996
HellaSwag,discovery,validation,448,2264,243,0.1073321554770318,2724,315,0.11563876651982379
HellaSwag,discovery,validation,449,2265,239,0.1055187637969095,2720,246,0.09044117647058823
HellaSwag,discovery,validation,450,2265,231,0.10198675496688742,2724,254,0.09324522760646109
HellaSwag,discovery,validation,451,2265,375,0.16556291390728478,2725,277,0.10165137614678899
HellaSwag,discovery,validation,452,2265,286,0.1262693156732892,2723,277,0.10172603745868528
HellaSwag,discovery,validation,453,2264,245,0.10821554770318022,2719,306,0.11254137550570062
HellaSwag,discovery,validation,454,2264,257,0.11351590106007067,2724,270,0.09911894273127753
HellaSwag,discovery,validation,455,2264,216,0.09540636042402827,2725,271,0.09944954128440367
HellaSwag,discovery,validation,456,2265,227,0.10022075055187638,2723,265,0.09731913330885053
HellaSwag,discovery,validation,457,2265,274,0.12097130242825607,2722,318,0.11682586333578251
HellaSwag,discovery,validation,458,2263,242,0.10693769332744145,2723,277,0.10172603745868528
HellaSwag,discovery,validation,459,2264,286,0.12632508833922262,2723,303,0.11127432978332721
HellaSwag,discovery,validation,460,2264,290,0.12809187279151943,2725,297,0.10899082568807339
HellaSwag,discovery,validation,461,2265,262,0.11567328918322296,2724,242,0.08883994126284875
HellaSwag,discovery,validation,462,2265,298,0.1315673289183223,2723,264,0.0969518912963643
HellaSwag,discovery,validation,463,2262,244,0.10786914235190097,2724,314,0.11527165932452275
HellaSwag,discovery,validation,464,2265,280,0.12362030905077263,2723,305,0.11200881380829968
HellaSwag,discovery,validation,465,2265,254,0.11214128035320088,2723,203,0.07455012853470437
HellaSwag,discovery,validation,466,2264,272,0.12014134275618374,2723,280,0.10282776349614396
HellaSwag,discovery,validation,467,2265,266,0.11743929359823399,2724,265,0.0972834067547724
HellaSwag,discovery,validation,468,2265,367,0.1620309050772627,2723,298,0.10943811972089607
HellaSwag,discovery,validation,469,2264,269,0.11881625441696113,2722,283,0.10396767083027186
HellaSwag,discovery,validation,470,2265,237,0.10463576158940398,2723,236,0.0866691149467499
HellaSwag,discovery,validation,471,2264,287,0.12676678445229683,2725,255,0.09357798165137615
HellaSwag,discovery,validation,472,2265,320,0.141280353200883,2722,350,0.12858192505510654
HellaSwag,discovery,validation,473,2263,227,0.10030932390631904,2724,207,0.07599118942731277
HellaSwag,discovery,validation,474,2264,261,0.11528268551236749,2724,267,0.09801762114537445
HellaSwag,discovery,validation,475,2264,228,0.10070671378091872,2722,254,0.09331373989713446
HellaSwag,discovery,validation,476,2264,296,0.13074204946996468,2724,337,0.1237151248164464
HellaSwag,discovery,validation,477,2264,287,0.12676678445229683,2724,274,0.10058737151248165
HellaSwag,discovery,validation,478,2265,225,0.09933774834437085,2723,255,0.09364671318398825
HellaSwag,discovery,validation,479,2263,264,0.11665930181175431,2723,239,0.08777084098420859
HellaSwag,discovery,validation,480,2264,243,0.1073321554770318,2723,338,0.12412780022034521
HellaSwag,discovery,validation,481,2265,225,0.09933774834437085,2723,286,0.10503121557106133
HellaSwag,discovery,validation,482,2265,249,0.10993377483443709,2722,283,0.10396767083027186
HellaSwag,discovery,validation,483,2265,303,0.1337748344370861,2723,321,0.11788468600807932
HellaSwag,discovery,validation,484,2265,257,0.11346578366445915,2725,249,0.09137614678899082
HellaSwag,discovery,validation,485,2265,232,0.10242825607064018,2725,250,0.09174311926605505
HellaSwag,discovery,validation,486,2265,255,0.11258278145695365,2725,262,0.09614678899082568
HellaSwag,discovery,validation,487,2265,289,0.12759381898454747,2722,281,0.1032329169728141
HellaSwag,discovery,validation,488,2264,253,0.11174911660777385,2724,275,0.10095447870778267
HellaSwag,discovery,validation,489,2265,234,0.10331125827814569,2723,244,0.08960705104663974
HellaSwag,discovery,validation,490,2263,250,0.1104728236853734,2725,260,0.09541284403669725
HellaSwag,discovery,validation,491,2265,240,0.10596026490066225,2724,239,0.08773861967694567
HellaSwag,discovery,validation,492,2264,252,0.11130742049469965,2725,304,0.11155963302752293
HellaSwag,discovery,validation,493,2264,265,0.11704946996466431,2724,267,0.09801762114537445
HellaSwag,discovery,validation,494,2265,287,0.12671081677704193,2722,247,0.09074210139603232
HellaSwag,discovery,validation,495,2265,312,0.13774834437086092,2724,295,0.10829662261380323
HellaSwag,discovery,validation,496,2265,262,0.11567328918322296,2724,287,0.10535976505139501
HellaSwag,discovery,validation,497,2265,246,0.10860927152317881,2725,277,0.10165137614678899
HellaSwag,discovery,validation,498,2265,260,0.11479028697571744,2724,258,0.0947136563876652
HellaSwag,discovery,validation,499,2265,260,0.11479028697571744,2723,295,0.10833639368343738
HellaSwag,discovery,validation,500,2265,307,0.13554083885209714,2721,264,0.0970231532524807
HellaSwag,discovery,validation,501,2264,304,0.13427561837455831,2721,231,0.08489525909592062
HellaSwag,discovery,validation,502,2264,325,0.1435512367491166,2723,296,0.10870363569592362
HellaSwag,discovery,validation,503,2265,233,0.10286975717439294,2722,277,0.1017634092578986
HellaSwag,discovery,validation,504,2264,291,0.12853356890459364,2725,238,0.0873394495412844
HellaSwag,discovery,validation,505,2265,250,0.11037527593818984,2724,237,0.08700440528634361
HellaSwag,discovery,validation,506,2265,264,0.11655629139072848,2725,280,0.10275229357798166
HellaSwag,discovery,validation,507,2265,297,0.13112582781456952,2723,237,0.08703635695923613
HellaSwag,discovery,validation,508,2265,261,0.1152317880794702,2722,254,0.09331373989713446
HellaSwag,discovery,validation,509,2265,269,0.11876379690949228,2723,289,0.10613294160852002
HellaSwag,discovery,validation,510,2265,266,0.11743929359823399,2724,258,0.0947136563876652
HellaSwag,discovery,validation,511,2265,239,0.1055187637969095,2723,245,0.08997429305912596
HellaSwag,discovery,validation,512,2265,263,0.11611479028697572,2722,264,0.09698750918442321
HellaSwag,discovery,validation,513,2265,257,0.11346578366445915,2724,293,0.10756240822320118
HellaSwag,discovery,validation,514,2265,275,0.12141280353200883,2723,304,0.11164157179581344
HellaSwag,discovery,validation,515,2265,265,0.11699779249448124,2723,266,0.09768637532133675
HellaSwag,discovery,validation,516,2265,257,0.11346578366445915,2720,254,0.09338235294117647
HellaSwag,discovery,validation,517,2265,254,0.11214128035320088,2725,262,0.09614678899082568
HellaSwag,discovery,validation,518,2264,259,0.11439929328621908,2725,239,0.08770642201834862
HellaSwag,discovery,validation,519,2265,263,0.11611479028697572,2724,251,0.092143906020558
HellaSwag,discovery,validation,520,2263,229,0.10119310649580203,2723,282,0.10356224752111641
HellaSwag,discovery,validation,521,2264,269,0.11881625441696113,2723,329,0.12082262210796915
HellaSwag,discovery,validation,522,2265,222,0.09801324503311258,2724,321,0.11784140969162996
HellaSwag,discovery,validation,523,2265,233,0.10286975717439294,2721,293,0.10768099963248806
HellaSwag,discovery,validation,524,2265,275,0.12141280353200883,2723,273,0.10025706940874037
HellaSwag,discovery,validation,525,2265,273,0.1205298013245033,2722,272,0.09992652461425422
HellaSwag,discovery,validation,526,2265,273,0.1205298013245033,2722,312,0.11462160176340926
HellaSwag,discovery,validation,527,2265,264,0.11655629139072848,2723,272,0.09988982739625413
HellaSwag,discovery,validation,528,2264,257,0.11351590106007067,2721,234,0.08599779492833518
HellaSwag,discovery,validation,529,2264,256,0.11307420494699646,2722,279,0.10249816311535635
HellaSwag,discovery,validation,530,2265,252,0.11125827814569536,2721,248,0.09114296214626975
HellaSwag,discovery,validation,531,2265,321,0.14172185430463577,2724,301,0.1104992657856094
HellaSwag,discovery,validation,532,2264,264,0.1166077738515901,2724,244,0.08957415565345081
HellaSwag,discovery,validation,533,2264,259,0.11439929328621908,2720,241,0.08860294117647059
HellaSwag,discovery,validation,534,2265,239,0.1055187637969095,2724,282,0.10352422907488987
HellaSwag,discovery,validation,535,2264,211,0.09319787985865724,2723,245,0.08997429305912596
HellaSwag,discovery,validation,536,2265,256,0.1130242825607064,2723,295,0.10833639368343738
HellaSwag,discovery,validation,537,2264,244,0.10777385159010601,2725,221,0.08110091743119266
HellaSwag,discovery,validation,538,2264,270,0.11925795053003534,2722,296,0.10874357090374724
HellaSwag,discovery,validation,539,2264,278,0.12279151943462897,2722,295,0.10837619397501837
HellaSwag,discovery,validation,540,2263,238,0.10517012814847547,2722,288,0.10580455547391623
HellaSwag,discovery,validation,541,2265,353,0.15584988962472407,2724,394,0.144640234948605
HellaSwag,discovery,validation,542,2265,296,0.13068432671081678,2721,274,0.10069827269386256
HellaSwag,discovery,validation,543,2265,232,0.10242825607064018,2723,272,0.09988982739625413
HellaSwag,discovery,validation,544,2265,245,0.10816777041942605,2724,303,0.11123348017621146
HellaSwag,discovery,validation,545,2264,289,0.12765017667844522,2723,270,0.09915534337128168
HellaSwag,discovery,validation,546,2265,257,0.11346578366445915,2724,205,0.07525697503671072
HellaSwag,discovery,validation,547,2265,260,0.11479028697571744,2725,232,0.08513761467889908
HellaSwag,discovery,validation,548,2265,241,0.106401766004415,2724,276,0.1013215859030837
HellaSwag,discovery,validation,549,2265,205,0.09050772626931568,2723,257,0.09438119720896071
HellaSwag,discovery,validation,550,2265,243,0.10728476821192053,2724,237,0.08700440528634361
HellaSwag,discovery,validation,551,2264,281,0.12411660777385158,2724,259,0.09508076358296623
HellaSwag,discovery,validation,552,2264,220,0.09717314487632508,2725,241,0.08844036697247706
HellaSwag,discovery,validation,553,2265,275,0.12141280353200883,2719,230,0.08458992276572269
HellaSwag,discovery,validation,554,2265,299,0.13200883002207506,2723,275,0.10099155343371281
HellaSwag,discovery,validation,555,2265,248,0.10949227373068433,2723,294,0.10796915167095116
HellaSwag,discovery,validation,556,2265,253,0.11169977924944813,2724,259,0.09508076358296623
HellaSwag,discovery,validation,557,2265,295,0.13024282560706402,2725,283,0.10385321100917431
HellaSwag,discovery,validation,558,2265,303,0.1337748344370861,2720,249,0.09154411764705882
HellaSwag,discovery,validation,559,2265,266,0.11743929359823399,2725,275,0.10091743119266056
HellaSwag,discovery,validation,560,2265,277,0.12229580573951435,2724,302,0.11086637298091043
HellaSwag,discovery,validation,561,2265,279,0.12317880794701987,2724,284,0.10425844346549193
HellaSwag,discovery,validation,562,2264,242,0.1068904593639576,2723,223,0.08189496878442894
HellaSwag,discovery,validation,563,2265,298,0.1315673289183223,2722,274,0.10066127847171198
HellaSwag,discovery,validation,564,2265,274,0.12097130242825607,2724,271,0.09948604992657856
HellaSwag,discovery,validation,565,2264,285,0.12588339222614842,2724,273,0.10022026431718062
HellaSwag,discovery,validation,566,2265,278,0.12273730684326711,2725,266,0.09761467889908257
HellaSwag,discovery,validation,567,2265,263,0.11611479028697572,2723,238,0.08740359897172237
HellaSwag,discovery,validation,568,2263,295,0.1303579319487406,2723,307,0.11274329783327212
HellaSwag,discovery,validation,569,2265,287,0.12671081677704193,2725,312,0.11449541284403669
HellaSwag,discovery,validation,570,2264,322,0.142226148409894,2724,259,0.09508076358296623
HellaSwag,discovery,validation,571,2265,254,0.11214128035320088,2722,295,0.10837619397501837
HellaSwag,discovery,validation,572,2263,272,0.12019443216968625,2722,265,0.0973548861131521
HellaSwag,discovery,validation,573,2265,217,0.09580573951434879,2723,245,0.08997429305912596
HellaSwag,discovery,validation,574,2263,268,0.11842686699072029,2723,297,0.10907087770840984
HellaSwag,discovery,validation,575,2265,230,0.10154525386313466,2720,242,0.08897058823529412
HellaSwag,discovery,validation,576,2265,307,0.13554083885209714,2723,276,0.10135879544619905
HellaSwag,discovery,validation,577,2264,265,0.11704946996466431,2722,286,0.10506980161645849
HellaSwag,discovery,validation,578,2265,242,0.10684326710816777,2724,273,0.10022026431718062
HellaSwag,discovery,validation,579,2264,275,0.12146643109540636,2723,252,0.09254498714652956
HellaSwag,discovery,validation,580,2264,303,0.1338339222614841,2720,294,0.10808823529411765
HellaSwag,discovery,validation,581,2265,237,0.10463576158940398,2723,317,0.11641571795813441
HellaSwag,discovery,validation,582,2264,293,0.12941696113074205,2724,268,0.09838472834067548
HellaSwag,discovery,validation,583,2264,248,0.10954063604240283,2720,252,0.09264705882352942
HellaSwag,discovery,validation,584,2263,215,0.09500662836942113,2724,247,0.09067547723935389
HellaSwag,discovery,validation,585,2265,269,0.11876379690949228,2724,278,0.10205580029368576
HellaSwag,discovery,validation,586,2265,306,0.13509933774834437,2725,285,0.10458715596330276
HellaSwag,discovery,validation,587,2265,293,0.1293598233995585,2721,298,0.10951855935317897
HellaSwag,discovery,validation,588,2264,297,0.13118374558303886,2725,295,0.10825688073394496
HellaSwag,discovery,validation,589,2263,314,0.13875386654882899,2725,268,0.09834862385321101
HellaSwag,discovery,validation,590,2265,275,0.12141280353200883,2724,324,0.11894273127753303
HellaSwag,discovery,validation,591,2264,247,0.10909893992932862,2725,270,0.09908256880733946
HellaSwag,discovery,validation,592,2264,228,0.10070671378091872,2721,246,0.09040793825799338
HellaSwag,discovery,validation,593,2265,256,0.1130242825607064,2724,277,0.10168869309838473
HellaSwag,discovery,validation,594,2265,253,0.11169977924944813,2723,254,0.09327947117150202
HellaSwag,discovery,validation,595,2265,232,0.10242825607064018,2723,275,0.10099155343371281
HellaSwag,discovery,validation,596,2265,287,0.12671081677704193,2724,305,0.1119676945668135
HellaSwag,discovery,validation,597,2265,259,0.11434878587196468,2721,264,0.0970231532524807
HellaSwag,discovery,validation,598,2264,349,0.15415194346289754,2723,339,0.12449504223283143
HellaSwag,discovery,validation,599,2265,247,0.10905077262693157,2725,315,0.11559633027522936
HellaSwag,discovery,validation,600,2264,268,0.11837455830388692,2721,260,0.09555310547592796
HellaSwag,discovery,validation,601,2264,256,0.11307420494699646,2723,231,0.08483290488431877
HellaSwag,discovery,validation,602,2265,242,0.10684326710816777,2724,271,0.09948604992657856
HellaSwag,discovery,validation,603,2264,264,0.1166077738515901,2724,277,0.10168869309838473
HellaSwag,discovery,validation,604,2265,248,0.10949227373068433,2720,248,0.09117647058823529
HellaSwag,discovery,validation,605,2264,288,0.127208480565371,2723,273,0.10025706940874037
HellaSwag,discovery,validation,606,2265,260,0.11479028697571744,2723,253,0.09291222915901579
HellaSwag,discovery,validation,607,2264,263,0.11616607773851591,2723,264,0.0969518912963643
HellaSwag,discovery,validation,608,2264,294,0.12985865724381626,2724,270,0.09911894273127753
HellaSwag,discovery,validation,609,2265,273,0.1205298013245033,2724,250,0.09177679882525698
HellaSwag,discovery,validation,610,2265,239,0.1055187637969095,2725,217,0.07963302752293577
HellaSwag,discovery,validation,611,2264,233,0.10291519434628975,2723,219,0.08042600073448403
HellaSwag,discovery,validation,612,2265,261,0.1152317880794702,2722,238,0.08743570903747244
HellaSwag,discovery,validation,613,2265,318,0.1403973509933775,2724,289,0.10609397944199707
HellaSwag,discovery,validation,614,2265,259,0.11434878587196468,2725,291,0.10678899082568807
HellaSwag,discovery,validation,615,2265,262,0.11567328918322296,2723,293,0.10760190965846493
HellaSwag,discovery,validation,616,2265,274,0.12097130242825607,2723,247,0.09070877708409843
HellaSwag,discovery,validation,617,2265,217,0.09580573951434879,2725,283,0.10385321100917431
HellaSwag,discovery,validation,618,2265,271,0.1196467991169978,2723,266,0.09768637532133675
HellaSwag,discovery,validation,619,2265,232,0.10242825607064018,2723,258,0.09474843922144693
HellaSwag,discovery,validation,620,2264,272,0.12014134275618374,2722,304,0.11168258633357825
HellaSwag,discovery,validation,621,2264,243,0.1073321554770318,2723,293,0.10760190965846493
HellaSwag,discovery,validation,622,2265,258,0.11390728476821192,2723,285,0.1046639735585751
HellaSwag,discovery,validation,623,2263,216,0.09544851966416261,2722,260,0.09551800146950772
HellaSwag,discovery,validation,624,2265,276,0.12185430463576159,2721,295,0.10841602352076442
HellaSwag,discovery,validation,625,2265,229,0.1011037527593819,2723,258,0.09474843922144693
HellaSwag,discovery,validation,626,2265,274,0.12097130242825607,2723,276,0.10135879544619905
HellaSwag,discovery,validation,627,2264,304,0.13427561837455831,2725,321,0.11779816513761468
HellaSwag,discovery,validation,628,2265,253,0.11169977924944813,2722,246,0.09037472446730345
HellaSwag,discovery,validation,629,2265,278,0.12273730684326711,2725,253,0.09284403669724771
HellaSwag,discovery,validation,630,2265,289,0.12759381898454747,2723,295,0.10833639368343738
HellaSwag,discovery,validation,631,2262,252,0.11140583554376658,2723,256,0.09401395519647447
HellaSwag,discovery,validation,632,2265,260,0.11479028697571744,2722,314,0.115356355620867
HellaSwag,discovery,validation,633,2265,277,0.12229580573951435,2724,294,0.10792951541850221
HellaSwag,discovery,validation,634,2265,253,0.11169977924944813,2725,261,0.09577981651376147
HellaSwag,discovery,validation,635,2265,265,0.11699779249448124,2719,269,0.09893343140860611
HellaSwag,discovery,validation,636,2265,231,0.10198675496688742,2724,218,0.08002936857562408
HellaSwag,discovery,validation,637,2262,316,0.13969938107869143,2724,312,0.1145374449339207
HellaSwag,discovery,validation,638,2264,247,0.10909893992932862,2724,267,0.09801762114537445
HellaSwag,discovery,validation,639,2265,270,0.11920529801324503,2724,281,0.10315712187958884
HellaSwag,discovery,validation,640,2264,252,0.11130742049469965,2723,229,0.08409842085934631
HellaSwag,discovery,validation,641,2265,286,0.1262693156732892,2723,325,0.11935365405802424
HellaSwag,discovery,validation,642,2265,306,0.13509933774834437,2723,362,0.1329416085200147
HellaSwag,discovery,validation,643,2265,237,0.10463576158940398,2723,313,0.1149467499081895
HellaSwag,discovery,validation,644,2265,258,0.11390728476821192,2725,249,0.09137614678899082
HellaSwag,discovery,validation,645,2263,236,0.1042863455589925,2719,254,0.09341669731518941
HellaSwag,discovery,validation,646,2265,307,0.13554083885209714,2725,276,0.10128440366972477
HellaSwag,discovery,validation,647,2265,306,0.13509933774834437,2725,323,0.11853211009174312
HellaSwag,discovery,validation,648,2265,263,0.11611479028697572,2724,265,0.0972834067547724
HellaSwag,discovery,validation,649,2264,235,0.10379858657243816,2722,248,0.09110947832476121
HellaSwag,discovery,validation,650,2262,235,0.10389036251105217,2722,240,0.0881704628949302
HellaSwag,discovery,validation,651,2265,231,0.10198675496688742,2725,253,0.09284403669724771
HellaSwag,discovery,validation,652,2265,272,0.12008830022075055,2723,285,0.1046639735585751
HellaSwag,discovery,validation,653,2265,279,0.12317880794701987,2721,283,0.10400588019110621
HellaSwag,discovery,validation,654,2265,236,0.10419426048565121,2722,258,0.09478324761204997
HellaSwag,discovery,validation,655,2264,253,0.11174911660777385,2725,266,0.09761467889908257
HellaSwag,discovery,validation,656,2265,306,0.13509933774834437,2724,252,0.09251101321585903
HellaSwag,discovery,validation,657,2265,248,0.10949227373068433,2724,220,0.08076358296622614
HellaSwag,discovery,validation,658,2264,263,0.11616607773851591,2724,268,0.09838472834067548
HellaSwag,discovery,validation,659,2265,306,0.13509933774834437,2722,309,0.11351947097722263
HellaSwag,discovery,validation,660,2265,270,0.11920529801324503,2722,314,0.115356355620867
HellaSwag,discovery,validation,661,2265,257,0.11346578366445915,2725,248,0.09100917431192661
HellaSwag,discovery,validation,662,2264,272,0.12014134275618374,2721,271,0.099595736861448
HellaSwag,discovery,validation,663,2264,250,0.11042402826855123,2725,245,0.08990825688073395
HellaSwag,discovery,validation,664,2262,270,0.11936339522546419,2724,252,0.09251101321585903
HellaSwag,discovery,validation,665,2265,265,0.11699779249448124,2723,251,0.09217774513404334
HellaSwag,discovery,validation,666,2264,313,0.13825088339222616,2724,263,0.09654919236417034
HellaSwag,discovery,validation,667,2264,295,0.13030035335689047,2722,263,0.09662013225569434
HellaSwag,discovery,validation,668,2265,241,0.106401766004415,2723,275,0.10099155343371281
HellaSwag,discovery,validation,669,2264,296,0.13074204946996468,2722,245,0.09000734753857458
HellaSwag,discovery,validation,670,2265,235,0.10375275938189846,2724,283,0.1038913362701909
HellaSwag,discovery,validation,671,2264,303,0.1338339222614841,2722,274,0.10066127847171198
HellaSwag,discovery,validation,672,2264,244,0.10777385159010601,2722,273,0.1002939015429831
HellaSwag,discovery,validation,673,2264,284,0.1254416961130742,2723,292,0.1072346676459787
HellaSwag,discovery,validation,674,2265,290,0.1280353200883002,2723,269,0.09878810135879544
HellaSwag,discovery,validation,675,2264,246,0.10865724381625441,2722,222,0.08155767817781043
HellaSwag,discovery,validation,676,2265,236,0.10419426048565121,2725,260,0.09541284403669725
HellaSwag,discovery,validation,677,2265,272,0.12008830022075055,2723,288,0.10576569959603378
HellaSwag,discovery,validation,678,2265,301,0.13289183222958056,2725,291,0.10678899082568807
HellaSwag,discovery,validation,679,2265,287,0.12671081677704193,2723,296,0.10870363569592362
HellaSwag,discovery,validation,680,2265,299,0.13200883002207506,2722,319,0.11719324026451139
HellaSwag,discovery,validation,681,2264,298,0.13162544169611307,2723,334,0.1226588321704003
HellaSwag,discovery,validation,682,2265,266,0.11743929359823399,2725,254,0.09321100917431192
HellaSwag,discovery,validation,683,2264,262,0.1157243816254417,2724,240,0.0881057268722467
HellaSwag,discovery,validation,684,2265,265,0.11699779249448124,2725,291,0.10678899082568807
HellaSwag,discovery,validation,685,2265,266,0.11743929359823399,2724,316,0.11600587371512482
HellaSwag,discovery,validation,686,2264,253,0.11174911660777385,2724,280,0.1027900146842878
HellaSwag,discovery,validation,687,2265,282,0.12450331125827814,2722,295,0.10837619397501837
HellaSwag,discovery,validation,688,2263,278,0.12284577993813522,2724,321,0.11784140969162996
HellaSwag,discovery,validation,689,2265,248,0.10949227373068433,2721,284,0.1043733921352444
HellaSwag,discovery,validation,690,2265,239,0.1055187637969095,2721,257,0.09445056964351341
HellaSwag,discovery,validation,691,2264,215,0.09496466431095406,2722,257,0.0944158706833211
HellaSwag,discovery,validation,692,2264,305,0.13471731448763252,2721,238,0.0874678427048879
HellaSwag,discovery,validation,693,2264,264,0.1166077738515901,2722,304,0.11168258633357825
HellaSwag,discovery,validation,694,2264,270,0.11925795053003534,2724,279,0.10242290748898679
HellaSwag,discovery,validation,695,2264,266,0.11749116607773852,2723,231,0.08483290488431877
HellaSwag,discovery,validation,696,2265,262,0.11567328918322296,2725,295,0.10825688073394496
HellaSwag,discovery,validation,697,2265,282,0.12450331125827814,2725,281,0.10311926605504587
HellaSwag,discovery,validation,698,2264,248,0.10954063604240283,2721,238,0.0874678427048879
HellaSwag,discovery,validation,699,2265,280,0.12362030905077263,2719,260,0.09562339095255609
HellaSwag,discovery,validation,700,2265,199,0.08785871964679912,2723,266,0.09768637532133675
HellaSwag,discovery,validation,701,2265,276,0.12185430463576159,2721,308,0.11319367879456083
HellaSwag,discovery,validation,702,2265,249,0.10993377483443709,2724,259,0.09508076358296623
HellaSwag,discovery,validation,703,2264,237,0.10468197879858657,2721,291,0.10694597574421169
HellaSwag,discovery,validation,704,2265,267,0.11788079470198676,2723,242,0.08887256702166728
HellaSwag,discovery,validation,705,2265,264,0.11655629139072848,2721,330,0.12127894156560089
HellaSwag,discovery,validation,706,2264,271,0.11969964664310954,2725,237,0.08697247706422018
HellaSwag,discovery,validation,707,2265,289,0.12759381898454747,2720,232,0.08529411764705883
HellaSwag,discovery,validation,708,2264,245,0.10821554770318022,2720,276,0.10147058823529412
HellaSwag,discovery,validation,709,2265,264,0.11655629139072848,2722,254,0.09331373989713446
HellaSwag,discovery,validation,710,2264,260,0.11484098939929328,2724,267,0.09801762114537445
HellaSwag,discovery,validation,711,2265,246,0.10860927152317881,2720,238,0.0875
HellaSwag,discovery,validation,712,2265,291,0.12847682119205298,2723,307,0.11274329783327212
HellaSwag,discovery,validation,713,2265,253,0.11169977924944813,2723,265,0.09731913330885053
HellaSwag,discovery,validation,714,2265,272,0.12008830022075055,2723,263,0.09658464928387808
HellaSwag,discovery,validation,715,2263,271,0.11975254087494476,2724,260,0.09544787077826726
HellaSwag,discovery,validation,716,2265,267,0.11788079470198676,2724,292,0.10719530102790015
HellaSwag,discovery,validation,717,2265,318,0.1403973509933775,2723,348,0.1278002203452075
HellaSwag,discovery,validation,718,2265,294,0.12980132450331125,2724,241,0.08847283406754772
HellaSwag,discovery,validation,719,2264,258,0.11395759717314488,2724,297,0.10903083700440529
HellaSwag,discovery,validation,720,2264,210,0.09275618374558305,2723,227,0.08336393683437385
HellaSwag,discovery,validation,721,2265,255,0.11258278145695365,2725,238,0.0873394495412844
HellaSwag,discovery,validation,722,2265,260,0.11479028697571744,2724,282,0.10352422907488987
HellaSwag,discovery,validation,723,2265,225,0.09933774834437085,2725,218,0.08
HellaSwag,discovery,validation,724,2264,203,0.0896643109540636,2723,260,0.0954829232464194
HellaSwag,discovery,validation,725,2265,276,0.12185430463576159,2722,298,0.10947832476120499
HellaSwag,discovery,validation,726,2264,259,0.11439929328621908,2722,323,0.11866274797942689
HellaSwag,discovery,validation,727,2265,310,0.1368653421633554,2721,344,0.12642410878353547
HellaSwag,discovery,validation,728,2264,249,0.10998233215547704,2724,235,0.08627019089574156
HellaSwag,discovery,validation,729,2263,248,0.1095890410958904,2723,244,0.08960705104663974
HellaSwag,discovery,validation,730,2265,261,0.1152317880794702,2722,266,0.09772226304188097
HellaSwag,discovery,validation,731,2265,259,0.11434878587196468,2722,284,0.10433504775900074
HellaSwag,discovery,validation,732,2265,236,0.10419426048565121,2724,263,0.09654919236417034
HellaSwag,discovery,validation,733,2264,268,0.11837455830388692,2724,258,0.0947136563876652
HellaSwag,discovery,validation,734,2264,264,0.1166077738515901,2721,268,0.09849320102903344
HellaSwag,discovery,validation,735,2265,302,0.13333333333333333,2723,288,0.10576569959603378
HellaSwag,discovery,validation,736,2264,239,0.10556537102473498,2725,247,0.09064220183486238
HellaSwag,discovery,validation,737,2262,252,0.11140583554376658,2722,292,0.10727406318883174
HellaSwag,discovery,validation,738,2264,290,0.12809187279151943,2723,255,0.09364671318398825
HellaSwag,discovery,validation,739,2265,249,0.10993377483443709,2723,247,0.09070877708409843
HellaSwag,discovery,validation,740,2265,277,0.12229580573951435,2724,247,0.09067547723935389
HellaSwag,discovery,validation,741,2264,251,0.11086572438162544,2724,313,0.11490455212922174
HellaSwag,discovery,validation,742,2265,273,0.1205298013245033,2722,254,0.09331373989713446
HellaSwag,discovery,validation,743,2263,264,0.11665930181175431,2725,249,0.09137614678899082
HellaSwag,discovery,validation,744,2265,266,0.11743929359823399,2725,307,0.11266055045871559
HellaSwag,discovery,validation,745,2265,269,0.11876379690949228,2725,266,0.09761467889908257
HellaSwag,discovery,validation,746,2265,278,0.12273730684326711,2720,250,0.09191176470588236
HellaSwag,discovery,validation,747,2265,259,0.11434878587196468,2725,278,0.10201834862385321
HellaSwag,discovery,validation,748,2265,282,0.12450331125827814,2724,224,0.08223201174743025
HellaSwag,discovery,validation,749,2265,248,0.10949227373068433,2723,209,0.07675358060962174
HellaSwag,discovery,validation,750,2265,201,0.08874172185430464,2723,217,0.07969151670951156
HellaSwag,discovery,validation,751,2265,293,0.1293598233995585,2724,247,0.09067547723935389
HellaSwag,discovery,validation,752,2265,257,0.11346578366445915,2721,277,0.1018008085262771
HellaSwag,discovery,validation,753,2265,282,0.12450331125827814,2723,264,0.0969518912963643
HellaSwag,discovery,validation,754,2265,299,0.13200883002207506,2718,419,0.15415746872700514
HellaSwag,discovery,validation,755,2265,228,0.10066225165562914,2725,266,0.09761467889908257
HellaSwag,discovery,validation,756,2263,275,0.12152010605391074,2723,287,0.10539845758354756
HellaSwag,discovery,validation,757,2260,254,0.11238938053097346,2724,283,0.1038913362701909
HellaSwag,discovery,validation,758,2265,253,0.11169977924944813,2723,220,0.08079324274697025
HellaSwag,discovery,validation,759,2265,227,0.10022075055187638,2724,213,0.07819383259911894
HellaSwag,discovery,validation,760,2265,265,0.11699779249448124,2724,253,0.09287812041116006
HellaSwag,discovery,validation,761,2265,255,0.11258278145695365,2722,305,0.11204996326230712
HellaSwag,discovery,validation,762,2265,259,0.11434878587196468,2724,345,0.12665198237885464
HellaSwag,discovery,validation,763,2265,224,0.0988962472406181,2724,299,0.10976505139500735
HellaSwag,discovery,validation,764,2265,209,0.0922737306843267,2724,244,0.08957415565345081
HellaSwag,discovery,validation,765,2264,259,0.11439929328621908,2725,255,0.09357798165137615
HellaSwag,discovery,validation,766,2265,269,0.11876379690949228,2724,262,0.09618208516886931
HellaSwag,discovery,validation,767,2264,285,0.12588339222614842,2724,338,0.12408223201174744
HellaSwag,discovery,validation,768,2264,219,0.09673144876325088,2723,322,0.11825192802056556
HellaSwag,discovery,validation,769,2265,277,0.12229580573951435,2724,302,0.11086637298091043
HellaSwag,discovery,validation,770,2265,230,0.10154525386313466,2724,268,0.09838472834067548
HellaSwag,discovery,validation,771,2264,249,0.10998233215547704,2725,254,0.09321100917431192
HellaSwag,discovery,validation,772,2265,272,0.12008830022075055,2723,235,0.08630187293426368
HellaSwag,discovery,validation,773,2263,224,0.09898365002209457,2722,267,0.09808963997060985
HellaSwag,discovery,validation,774,2264,270,0.11925795053003534,2724,294,0.10792951541850221
HellaSwag,discovery,validation,775,2264,259,0.11439929328621908,2721,325,0.11944138184490996
HellaSwag,discovery,validation,776,2265,252,0.11125827814569536,2724,293,0.10756240822320118
HellaSwag,discovery,validation,777,2263,290,0.12814847547503314,2724,258,0.0947136563876652
HellaSwag,discovery,validation,778,2265,304,0.13421633554083887,2725,277,0.10165137614678899
HellaSwag,discovery,validation,779,2264,245,0.10821554770318022,2722,282,0.10360029390154299
HellaSwag,discovery,validation,780,2263,232,0.10251878038002651,2725,229,0.08403669724770642
HellaSwag,discovery,validation,781,2265,294,0.12980132450331125,2725,292,0.10715596330275229
HellaSwag,discovery,validation,782,2261,252,0.11145510835913312,2722,283,0.10396767083027186
HellaSwag,discovery,validation,783,2265,271,0.1196467991169978,2723,310,0.11384502387073081
HellaSwag,discovery,validation,784,2265,298,0.1315673289183223,2723,283,0.10392948953360265
HellaSwag,discovery,validation,785,2265,234,0.10331125827814569,2724,265,0.0972834067547724
HellaSwag,discovery,validation,786,2265,253,0.11169977924944813,2723,317,0.11641571795813441
HellaSwag,discovery,validation,787,2265,212,0.09359823399558499,2724,265,0.0972834067547724
HellaSwag,discovery,validation,788,2265,288,0.1271523178807947,2723,253,0.09291222915901579
HellaSwag,discovery,validation,789,2265,321,0.14172185430463577,2724,309,0.11343612334801761
HellaSwag,discovery,validation,790,2264,267,0.11793286219081273,2725,269,0.09871559633027523
HellaSwag,discovery,validation,791,2264,243,0.1073321554770318,2724,246,0.09030837004405286
HellaSwag,discovery,validation,792,2265,317,0.13995584988962473,2722,266,0.09772226304188097
HellaSwag,discovery,validation,793,2263,262,0.11577551922227132,2725,248,0.09100917431192661
HellaSwag,discovery,validation,794,2263,267,0.1179849756959788,2723,293,0.10760190965846493
HellaSwag,discovery,validation,795,2265,300,0.13245033112582782,2724,246,0.09030837004405286
HellaSwag,discovery,validation,796,2262,267,0.11803713527851459,2724,238,0.08737151248164464
HellaSwag,discovery,validation,797,2262,283,0.1251105216622458,2723,234,0.08593463092177746
HellaSwag,discovery,validation,798,2264,297,0.13118374558303886,2723,290,0.10650018362100624
HellaSwag,discovery,validation,799,2265,272,0.12008830022075055,2723,293,0.10760190965846493
HellaSwag,discovery,validation,800,2264,277,0.12234982332155477,2722,270,0.09919177075679647
HellaSwag,discovery,validation,801,2265,239,0.1055187637969095,2725,265,0.09724770642201835
HellaSwag,discovery,validation,802,2265,272,0.12008830022075055,2724,313,0.11490455212922174
HellaSwag,discovery,validation,803,2265,244,0.10772626931567329,2723,270,0.09915534337128168
HellaSwag,discovery,validation,804,2265,306,0.13509933774834437,2725,334,0.12256880733944954
HellaSwag,discovery,validation,805,2264,262,0.1157243816254417,2724,268,0.09838472834067548
HellaSwag,discovery,validation,806,2265,293,0.1293598233995585,2723,263,0.09658464928387808
HellaSwag,discovery,validation,807,2264,275,0.12146643109540636,2724,254,0.09324522760646109
HellaSwag,discovery,validation,808,2264,234,0.10335689045936396,2722,242,0.08890521675238795
HellaSwag,discovery,validation,809,2263,239,0.10561201944321696,2724,239,0.08773861967694567
HellaSwag,discovery,validation,810,2264,299,0.13206713780918727,2723,309,0.11347778185824459
HellaSwag,discovery,validation,811,2264,267,0.11793286219081273,2724,274,0.10058737151248165
HellaSwag,discovery,validation,812,2265,258,0.11390728476821192,2722,240,0.0881704628949302
HellaSwag,discovery,validation,813,2264,265,0.11704946996466431,2723,267,0.09805361733382299
HellaSwag,discovery,validation,814,2264,239,0.10556537102473498,2722,253,0.09294636296840558
HellaSwag,discovery,validation,815,2265,299,0.13200883002207506,2723,332,0.12192434814542784
HellaSwag,discovery,validation,816,2265,270,0.11920529801324503,2724,251,0.092143906020558
HellaSwag,discovery,validation,817,2265,290,0.1280353200883002,2723,228,0.08373117884686009
HellaSwag,discovery,validation,818,2265,281,0.12406181015452539,2723,333,0.12229159015791406
HellaSwag,discovery,validation,819,2265,212,0.09359823399558499,2722,278,0.10213078618662748
HellaSwag,discovery,validation,820,2262,245,0.10831122900088418,2724,275,0.10095447870778267
HellaSwag,discovery,validation,821,2265,234,0.10331125827814569,2723,256,0.09401395519647447
HellaSwag,discovery,validation,822,2264,245,0.10821554770318022,2722,220,0.08082292432035268
HellaSwag,discovery,validation,823,2264,252,0.11130742049469965,2723,263,0.09658464928387808
HellaSwag,discovery,validation,824,2265,256,0.1130242825607064,2725,262,0.09614678899082568
HellaSwag,discovery,validation,825,2265,294,0.12980132450331125,2724,310,0.11380323054331865
HellaSwag,discovery,validation,826,2265,247,0.10905077262693157,2725,223,0.0818348623853211
HellaSwag,discovery,validation,827,2263,319,0.14096332302253645,2721,264,0.0970231532524807
HellaSwag,discovery,validation,828,2264,308,0.13604240282685512,2721,291,0.10694597574421169
HellaSwag,discovery,validation,829,2265,261,0.1152317880794702,2722,260,0.09551800146950772
HellaSwag,discovery,validation,830,2265,280,0.12362030905077263,2724,259,0.09508076358296623
HellaSwag,discovery,validation,831,2264,298,0.13162544169611307,2725,253,0.09284403669724771
HellaSwag,discovery,validation,832,2265,268,0.11832229580573951,2722,256,0.0940484937545922
HellaSwag,discovery,validation,833,2265,258,0.11390728476821192,2723,267,0.09805361733382299
HellaSwag,discovery,validation,834,2265,267,0.11788079470198676,2722,254,0.09331373989713446
HellaSwag,discovery,validation,835,2264,249,0.10998233215547704,2721,257,0.09445056964351341
HellaSwag,discovery,validation,836,2265,271,0.1196467991169978,2723,254,0.09327947117150202
HellaSwag,discovery,validation,837,2264,254,0.11219081272084806,2725,245,0.08990825688073395
HellaSwag,discovery,validation,838,2263,252,0.11135660627485638,2723,301,0.11053984575835475
HellaSwag,discovery,validation,839,2265,240,0.10596026490066225,2723,266,0.09768637532133675
HellaSwag,discovery,validation,840,2265,293,0.1293598233995585,2723,291,0.10686742563349247
HellaSwag,discovery,validation,841,2264,262,0.1157243816254417,2723,315,0.11568123393316196
HellaSwag,discovery,validation,842,2264,268,0.11837455830388692,2722,252,0.09257898603967671
HellaSwag,discovery,validation,843,2263,257,0.11356606274856386,2725,286,0.10495412844036697
HellaSwag,discovery,validation,844,2265,229,0.1011037527593819,2723,243,0.0892398090341535
HellaSwag,discovery,validation,845,2265,270,0.11920529801324503,2721,271,0.099595736861448
HellaSwag,discovery,validation,846,2264,257,0.11351590106007067,2723,232,0.085200146896805
HellaSwag,discovery,validation,847,2265,250,0.11037527593818984,2723,255,0.09364671318398825
HellaSwag,discovery,validation,848,2264,280,0.12367491166077739,2723,296,0.10870363569592362
HellaSwag,discovery,validation,849,2265,309,0.13642384105960265,2721,269,0.09886071297317163
HellaSwag,discovery,validation,850,2264,238,0.10512367491166077,2724,262,0.09618208516886931
HellaSwag,discovery,validation,851,2265,221,0.09757174392935983,2724,249,0.09140969162995595
HellaSwag,discovery,validation,852,2265,272,0.12008830022075055,2721,313,0.11503123851525175
HellaSwag,discovery,validation,853,2264,269,0.11881625441696113,2725,276,0.10128440366972477
HellaSwag,discovery,validation,854,2265,236,0.10419426048565121,2723,251,0.09217774513404334
HellaSwag,discovery,validation,855,2265,292,0.12891832229580574,2719,288,0.10592129459360058
HellaSwag,discovery,validation,856,2265,276,0.12185430463576159,2724,279,0.10242290748898679
HellaSwag,discovery,validation,857,2264,253,0.11174911660777385,2723,290,0.10650018362100624
HellaSwag,discovery,validation,858,2265,269,0.11876379690949228,2721,306,0.11245865490628446
HellaSwag,discovery,validation,859,2265,240,0.10596026490066225,2724,278,0.10205580029368576
HellaSwag,discovery,validation,860,2265,296,0.13068432671081678,2724,326,0.1196769456681351
HellaSwag,discovery,validation,861,2264,233,0.10291519434628975,2722,267,0.09808963997060985
HellaSwag,discovery,validation,862,2265,277,0.12229580573951435,2721,248,0.09114296214626975
HellaSwag,discovery,validation,863,2264,272,0.12014134275618374,2722,264,0.09698750918442321
HellaSwag,discovery,validation,864,2264,251,0.11086572438162544,2723,239,0.08777084098420859
HellaSwag,discovery,validation,865,2264,280,0.12367491166077739,2725,253,0.09284403669724771
HellaSwag,discovery,validation,866,2265,287,0.12671081677704193,2722,315,0.11572373254959588
HellaSwag,discovery,validation,867,2264,248,0.10954063604240283,2725,235,0.08623853211009175
HellaSwag,discovery,validation,868,2265,243,0.10728476821192053,2725,245,0.08990825688073395
HellaSwag,discovery,validation,869,2264,275,0.12146643109540636,2722,312,0.11462160176340926
HellaSwag,discovery,validation,870,2265,287,0.12671081677704193,2722,229,0.08412931667891256
HellaSwag,discovery,validation,871,2265,306,0.13509933774834437,2723,314,0.11531399192067572
HellaSwag,discovery,validation,872,2265,262,0.11567328918322296,2723,258,0.09474843922144693
HellaSwag,discovery,validation,873,2263,282,0.12461334511710119,2724,294,0.10792951541850221
HellaSwag,discovery,validation,874,2265,265,0.11699779249448124,2722,286,0.10506980161645849
HellaSwag,discovery,validation,875,2264,265,0.11704946996466431,2723,253,0.09291222915901579
HellaSwag,discovery,validation,876,2265,285,0.12582781456953643,2724,286,0.10499265785609398
HellaSwag,discovery,validation,877,2265,220,0.09713024282560706,2723,274,0.10062431142122659
HellaSwag,discovery,validation,878,2265,258,0.11390728476821192,2724,323,0.11857562408223202
HellaSwag,discovery,validation,879,2265,245,0.10816777041942605,2723,246,0.09034153507161219
HellaSwag,discovery,validation,880,2264,284,0.1254416961130742,2720,265,0.0974264705882353
HellaSwag,discovery,validation,881,2265,341,0.15055187637969095,2719,297,0.1092313350496506
HellaSwag,discovery,validation,882,2264,248,0.10954063604240283,2722,290,0.106539309331374
HellaSwag,discovery,validation,883,2262,275,0.12157382847038019,2724,260,0.09544787077826726
HellaSwag,discovery,validation,884,2264,234,0.10335689045936396,2725,231,0.08477064220183486
HellaSwag,discovery,validation,885,2265,298,0.1315673289183223,2723,320,0.1175174439955931
HellaSwag,discovery,validation,886,2264,269,0.11881625441696113,2725,277,0.10165137614678899
HellaSwag,discovery,validation,887,2265,296,0.13068432671081678,2723,230,0.08446566287183253
HellaSwag,discovery,validation,888,2263,299,0.13212549712770658,2725,244,0.08954128440366972
HellaSwag,discovery,validation,889,2264,264,0.1166077738515901,2725,274,0.10055045871559633
HellaSwag,discovery,validation,890,2263,264,0.11665930181175431,2719,254,0.09341669731518941
HellaSwag,discovery,validation,891,2265,235,0.10375275938189846,2724,246,0.09030837004405286
HellaSwag,discovery,validation,892,2264,238,0.10512367491166077,2724,239,0.08773861967694567
HellaSwag,discovery,validation,893,2264,278,0.12279151943462897,2724,337,0.1237151248164464
HellaSwag,discovery,validation,894,2264,298,0.13162544169611307,2725,322,0.1181651376146789
HellaSwag,discovery,validation,895,2264,234,0.10335689045936396,2723,237,0.08703635695923613
HellaSwag,discovery,validation,896,2264,281,0.12411660777385158,2722,271,0.09955914768552535
HellaSwag,discovery,validation,897,2265,261,0.1152317880794702,2724,275,0.10095447870778267
HellaSwag,discovery,validation,898,2265,249,0.10993377483443709,2722,216,0.07935341660543718
HellaSwag,discovery,validation,899,2265,221,0.09757174392935983,2722,242,0.08890521675238795
HellaSwag,discovery,validation,900,2265,257,0.11346578366445915,2725,272,0.09981651376146788
HellaSwag,discovery,validation,901,2264,259,0.11439929328621908,2719,267,0.09819786686281722
HellaSwag,discovery,validation,902,2265,342,0.1509933774834437,2723,296,0.10870363569592362
HellaSwag,discovery,validation,903,2265,239,0.1055187637969095,2721,245,0.0900404263138552
HellaSwag,discovery,validation,904,2265,235,0.10375275938189846,2723,274,0.10062431142122659
HellaSwag,discovery,validation,905,2265,273,0.1205298013245033,2723,242,0.08887256702166728
HellaSwag,discovery,validation,906,2265,269,0.11876379690949228,2725,283,0.10385321100917431
HellaSwag,discovery,validation,907,2264,259,0.11439929328621908,2723,271,0.0995225853837679
HellaSwag,discovery,validation,908,2265,248,0.10949227373068433,2721,262,0.09628812936420433
HellaSwag,discovery,validation,909,2264,312,0.13780918727915195,2723,287,0.10539845758354756
HellaSwag,discovery,validation,910,2265,211,0.09315673289183223,2724,238,0.08737151248164464
HellaSwag,discovery,validation,911,2264,263,0.11616607773851591,2723,269,0.09878810135879544
HellaSwag,discovery,validation,912,2265,281,0.12406181015452539,2722,274,0.10066127847171198
HellaSwag,discovery,validation,913,2265,282,0.12450331125827814,2722,274,0.10066127847171198
HellaSwag,discovery,validation,914,2265,240,0.10596026490066225,2724,279,0.10242290748898679
HellaSwag,discovery,validation,915,2264,251,0.11086572438162544,2724,274,0.10058737151248165
HellaSwag,discovery,validation,916,2264,213,0.09408127208480566,2723,274,0.10062431142122659
HellaSwag,discovery,validation,917,2265,191,0.08432671081677705,2723,223,0.08189496878442894
HellaSwag,discovery,validation,918,2265,320,0.141280353200883,2725,262,0.09614678899082568
HellaSwag,discovery,validation,919,2263,330,0.14582412726469288,2723,295,0.10833639368343738
HellaSwag,discovery,validation,920,2264,254,0.11219081272084806,2724,223,0.08186490455212922
HellaSwag,discovery,validation,921,2265,250,0.11037527593818984,2723,315,0.11568123393316196
HellaSwag,discovery,validation,922,2265,308,0.13598233995584988,2725,315,0.11559633027522936
HellaSwag,discovery,validation,923,2264,225,0.09938162544169611,2724,248,0.09104258443465492
HellaSwag,discovery,validation,924,2265,235,0.10375275938189846,2725,288,0.10568807339449542
HellaSwag,discovery,validation,925,2265,286,0.1262693156732892,2724,268,0.09838472834067548
HellaSwag,discovery,validation,926,2265,281,0.12406181015452539,2725,238,0.0873394495412844
HellaSwag,discovery,validation,927,2264,252,0.11130742049469965,2724,276,0.1013215859030837
HellaSwag,discovery,validation,928,2265,310,0.1368653421633554,2724,316,0.11600587371512482
HellaSwag,discovery,validation,929,2265,293,0.1293598233995585,2725,246,0.09027522935779816
HellaSwag,discovery,validation,930,2265,218,0.09624724061810154,2723,256,0.09401395519647447
HellaSwag,discovery,validation,931,2264,253,0.11174911660777385,2724,314,0.11527165932452275
HellaSwag,discovery,validation,932,2265,281,0.12406181015452539,2721,241,0.08857037853730246
HellaSwag,discovery,validation,933,2265,304,0.13421633554083887,2722,271,0.09955914768552535
HellaSwag,discovery,validation,934,2265,335,0.1479028697571744,2724,299,0.10976505139500735
HellaSwag,discovery,validation,935,2265,313,0.1381898454746137,2723,262,0.09621740727139184
HellaSwag,discovery,validation,936,2264,270,0.11925795053003534,2722,273,0.1002939015429831
HellaSwag,discovery,validation,937,2265,248,0.10949227373068433,2724,274,0.10058737151248165
HellaSwag,discovery,validation,938,2264,254,0.11219081272084806,2725,320,0.11743119266055047
HellaSwag,discovery,validation,939,2265,252,0.11125827814569536,2722,244,0.0896399706098457
HellaSwag,discovery,validation,940,2265,270,0.11920529801324503,2723,258,0.09474843922144693
HellaSwag,discovery,validation,941,2265,296,0.13068432671081678,2720,285,0.10477941176470588
HellaSwag,discovery,validation,942,2265,296,0.13068432671081678,2725,270,0.09908256880733946
HellaSwag,discovery,validation,943,2264,367,0.16210247349823323,2724,238,0.08737151248164464
HellaSwag,discovery,validation,944,2264,323,0.14266784452296818,2721,273,0.10033076074972437
HellaSwag,discovery,validation,945,2265,238,0.10507726269315673,2725,275,0.10091743119266056
HellaSwag,discovery,validation,946,2265,239,0.1055187637969095,2723,252,0.09254498714652956
HellaSwag,discovery,validation,947,2265,272,0.12008830022075055,2724,269,0.09875183553597651
HellaSwag,discovery,validation,948,2265,243,0.10728476821192053,2722,293,0.10764144011756062
HellaSwag,discovery,validation,949,2265,270,0.11920529801324503,2723,300,0.11017260374586853
HellaSwag,discovery,validation,950,2265,225,0.09933774834437085,2724,252,0.09251101321585903
HellaSwag,discovery,validation,951,2265,308,0.13598233995584988,2720,364,0.1338235294117647
HellaSwag,discovery,validation,952,2265,293,0.1293598233995585,2723,253,0.09291222915901579
HellaSwag,discovery,validation,953,2263,241,0.10649580203269995,2723,236,0.0866691149467499
HellaSwag,discovery,validation,954,2265,286,0.1262693156732892,2720,250,0.09191176470588236
HellaSwag,discovery,validation,955,2264,307,0.1356007067137809,2723,292,0.1072346676459787
HellaSwag,discovery,validation,956,2265,214,0.09448123620309051,2722,215,0.07898603967670831
HellaSwag,discovery,validation,957,2265,311,0.13730684326710818,2724,295,0.10829662261380323
HellaSwag,discovery,validation,958,2264,250,0.11042402826855123,2725,292,0.10715596330275229
HellaSwag,discovery,validation,959,2265,265,0.11699779249448124,2725,242,0.08880733944954128
HellaSwag,discovery,validation,960,2265,255,0.11258278145695365,2722,234,0.08596620132255695
HellaSwag,discovery,validation,961,2264,338,0.14929328621908128,2722,264,0.09698750918442321
HellaSwag,discovery,validation,962,2265,300,0.13245033112582782,2721,225,0.08269018743109151
HellaSwag,discovery,validation,963,2264,287,0.12676678445229683,2718,285,0.10485651214128035
HellaSwag,discovery,validation,964,2265,247,0.10905077262693157,2723,229,0.08409842085934631
HellaSwag,discovery,validation,965,2265,244,0.10772626931567329,2724,220,0.08076358296622614
HellaSwag,discovery,validation,966,2262,293,0.12953138815207782,2721,253,0.09298052186696068
HellaSwag,discovery,validation,967,2265,221,0.09757174392935983,2722,257,0.0944158706833211
HellaSwag,discovery,validation,968,2265,244,0.10772626931567329,2725,231,0.08477064220183486
HellaSwag,discovery,validation,969,2264,248,0.10954063604240283,2723,279,0.10246052148365772
HellaSwag,discovery,validation,970,2265,308,0.13598233995584988,2725,266,0.09761467889908257
HellaSwag,discovery,validation,971,2263,292,0.12903225806451613,2725,286,0.10495412844036697
HellaSwag,discovery,validation,972,2265,228,0.10066225165562914,2724,220,0.08076358296622614
HellaSwag,discovery,validation,973,2265,292,0.12891832229580574,2725,228,0.0836697247706422
HellaSwag,discovery,validation,974,2265,243,0.10728476821192053,2725,285,0.10458715596330276
HellaSwag,discovery,validation,975,2265,280,0.12362030905077263,2723,243,0.0892398090341535
HellaSwag,discovery,validation,976,2265,286,0.1262693156732892,2724,270,0.09911894273127753
HellaSwag,discovery,validation,977,2264,256,0.11307420494699646,2722,228,0.08376193975018369
HellaSwag,discovery,validation,978,2262,250,0.11052166224580018,2724,256,0.09397944199706314
HellaSwag,discovery,validation,979,2264,332,0.14664310954063603,2725,387,0.1420183486238532
HellaSwag,discovery,validation,980,2265,239,0.1055187637969095,2721,293,0.10768099963248806
HellaSwag,discovery,validation,981,2264,269,0.11881625441696113,2723,274,0.10062431142122659
HellaSwag,discovery,validation,982,2265,301,0.13289183222958056,2721,313,0.11503123851525175
HellaSwag,discovery,validation,983,2265,279,0.12317880794701987,2725,320,0.11743119266055047
HellaSwag,discovery,validation,984,2265,207,0.0913907284768212,2724,218,0.08002936857562408
HellaSwag,discovery,validation,985,2264,294,0.12985865724381626,2721,285,0.10474090407938258
HellaSwag,discovery,validation,986,2265,292,0.12891832229580574,2723,259,0.09511568123393316
HellaSwag,discovery,validation,987,2265,265,0.11699779249448124,2723,237,0.08703635695923613
HellaSwag,discovery,validation,988,2265,307,0.13554083885209714,2723,301,0.11053984575835475
HellaSwag,discovery,validation,989,2265,285,0.12582781456953643,2725,280,0.10275229357798166
HellaSwag,discovery,validation,990,2264,264,0.1166077738515901,2721,313,0.11503123851525175
HellaSwag,discovery,validation,991,2264,243,0.1073321554770318,2724,285,0.10462555066079295
HellaSwag,discovery,validation,992,2265,286,0.1262693156732892,2724,327,0.12004405286343613
HellaSwag,discovery,validation,993,2263,289,0.12770658418029165,2723,383,0.14065369078222548
HellaSwag,discovery,validation,994,2265,206,0.09094922737306843,2721,221,0.08122013965453877
HellaSwag,discovery,validation,995,2265,245,0.10816777041942605,2722,260,0.09551800146950772
HellaSwag,discovery,validation,996,2263,270,0.11931064958020327,2721,288,0.10584343991179714
HellaSwag,discovery,validation,997,2264,277,0.12234982332155477,2724,255,0.09361233480176212
HellaSwag,discovery,validation,998,2263,282,0.12461334511710119,2723,304,0.11164157179581344
HellaSwag,discovery,validation,999,2265,270,0.11920529801324503,2725,239,0.08770642201834862
HellaSwag,validation,discovery,0,2267,248,0.10939567710630789,2478,244,0.09846650524616626
HellaSwag,validation,discovery,1,2268,262,0.11552028218694885,2478,233,0.0940274414850686
HellaSwag,validation,discovery,2,2266,238,0.10503089143865843,2477,326,0.13161081953976583
HellaSwag,validation,discovery,3,2268,292,0.12874779541446207,2477,263,0.10617682680662091
HellaSwag,validation,discovery,4,2268,260,0.1146384479717813,2478,244,0.09846650524616626
HellaSwag,validation,discovery,5,2268,309,0.13624338624338625,2476,249,0.10056542810985461
HellaSwag,validation,discovery,6,2268,249,0.10978835978835978,2475,252,0.10181818181818182
HellaSwag,validation,discovery,7,2268,260,0.1146384479717813,2477,296,0.11949939442874445
HellaSwag,validation,discovery,8,2267,234,0.10322011468901632,2478,232,0.09362389023405973
HellaSwag,validation,discovery,9,2266,242,0.10679611650485436,2477,250,0.10092854259184497
HellaSwag,validation,discovery,10,2268,239,0.10537918871252204,2479,220,0.08874546187979024
HellaSwag,validation,discovery,11,2268,263,0.11596119929453262,2478,315,0.1271186440677966
HellaSwag,validation,discovery,12,2268,264,0.1164021164021164,2477,223,0.09002825999192572
HellaSwag,validation,discovery,13,2268,264,0.1164021164021164,2478,300,0.12106537530266344
HellaSwag,validation,discovery,14,2266,290,0.12797881729920565,2477,293,0.1182882519176423
HellaSwag,validation,discovery,15,2268,213,0.09391534391534391,2479,247,0.09963695038321904
HellaSwag,validation,discovery,16,2267,254,0.11204234671371857,2477,265,0.10698425514735567
HellaSwag,validation,discovery,17,2268,302,0.13315696649029982,2478,294,0.11864406779661017
HellaSwag,validation,discovery,18,2267,245,0.10807234230260256,2478,305,0.12308313155770782
HellaSwag,validation,discovery,19,2266,255,0.11253309796999117,2477,266,0.10738796931772306
HellaSwag,validation,discovery,20,2267,234,0.10322011468901632,2479,230,0.0927793465106898
HellaSwag,validation,discovery,21,2266,222,0.09796999117387467,2479,234,0.09439290036304962
HellaSwag,validation,discovery,22,2268,251,0.11067019400352733,2477,274,0.11061768268066209
HellaSwag,validation,discovery,23,2268,237,0.10449735449735449,2476,256,0.10339256865912763
HellaSwag,validation,discovery,24,2267,222,0.09792677547419497,2475,254,0.10262626262626262
HellaSwag,validation,discovery,25,2268,264,0.1164021164021164,2476,293,0.11833602584814217
HellaSwag,validation,discovery,26,2268,273,0.12037037037037036,2477,309,0.12474767864352039
HellaSwag,validation,discovery,27,2267,246,0.10851345390383767,2478,268,0.10815173527037934
HellaSwag,validation,discovery,28,2267,250,0.11027790030877813,2479,274,0.11052843888664785
HellaSwag,validation,discovery,29,2266,278,0.12268314210061783,2478,252,0.1016949152542373
HellaSwag,validation,discovery,30,2267,255,0.11248345831495368,2475,258,0.10424242424242425
HellaSwag,validation,discovery,31,2268,213,0.09391534391534391,2477,250,0.10092854259184497
HellaSwag,validation,discovery,32,2268,296,0.13051146384479717,2479,299,0.12061315046389673
HellaSwag,validation,discovery,33,2267,230,0.10145566828407587,2476,248,0.10016155088852989
HellaSwag,validation,discovery,34,2266,256,0.11297440423654016,2475,258,0.10424242424242425
HellaSwag,validation,discovery,35,2266,274,0.1209179170344219,2479,298,0.12020976200080678
HellaSwag,validation,discovery,36,2268,235,0.10361552028218694,2478,269,0.10855528652138821
HellaSwag,validation,discovery,37,2267,214,0.09439788266431408,2478,258,0.10411622276029056
HellaSwag,validation,discovery,38,2268,270,0.11904761904761904,2479,216,0.08713190802743041
HellaSwag,validation,discovery,39,2267,202,0.08910454344949272,2477,258,0.10415825595478401
HellaSwag,validation,discovery,40,2266,276,0.12180052956751986,2478,292,0.11783696529459241
HellaSwag,validation,discovery,41,2268,256,0.1128747795414462,2479,304,0.12263009277934651
HellaSwag,validation,discovery,42,2268,239,0.10537918871252204,2478,263,0.10613397901533494
HellaSwag,validation,discovery,43,2267,340,0.14997794441993825,2476,297,0.11995153473344103
HellaSwag,validation,discovery,44,2268,283,0.1247795414462081,2477,276,0.11142511102139685
HellaSwag,validation,discovery,45,2268,236,0.10405643738977072,2477,283,0.11425111021396851
HellaSwag,validation,discovery,46,2268,263,0.11596119929453262,2478,288,0.1162227602905569
HellaSwag,validation,discovery,47,2268,346,0.15255731922398588,2477,244,0.0985062575696407
HellaSwag,validation,discovery,48,2267,279,0.12307013674459638,2476,237,0.09571890145395799
HellaSwag,validation,discovery,49,2267,299,0.13189236876929863,2479,251,0.10125050423557887
HellaSwag,validation,discovery,50,2266,235,0.10370697263901148,2476,250,0.10096930533117932
HellaSwag,validation,discovery,51,2266,231,0.10194174757281553,2477,323,0.1303996770286637
HellaSwag,validation,discovery,52,2268,260,0.1146384479717813,2477,273,0.1102139685102947
HellaSwag,validation,discovery,53,2268,253,0.11155202821869488,2478,247,0.0996771589991929
HellaSwag,validation,discovery,54,2268,223,0.09832451499118165,2478,282,0.11380145278450363
HellaSwag,validation,discovery,55,2267,238,0.10498456109395678,2478,275,0.11097659402744149
HellaSwag,validation,discovery,56,2267,259,0.11424790471989413,2479,263,0.10609116579265833
HellaSwag,validation,discovery,57,2267,242,0.10674900749889722,2478,251,0.10129136400322841
HellaSwag,validation,discovery,58,2268,235,0.10361552028218694,2478,246,0.09927360774818401
HellaSwag,validation,discovery,59,2268,185,0.08156966490299823,2478,237,0.09564164648910412
HellaSwag,validation,discovery,60,2268,250,0.11022927689594356,2479,260,0.10488100040338846
HellaSwag,validation,discovery,61,2266,285,0.12577228596646073,2477,262,0.10577311263625354
HellaSwag,validation,discovery,62,2266,295,0.13018534863195058,2478,301,0.12146892655367232
HellaSwag,validation,discovery,63,2268,262,0.11552028218694885,2478,262,0.10573042776432606
HellaSwag,validation,discovery,64,2268,285,0.12566137566137567,2478,285,0.11501210653753027
HellaSwag,validation,discovery,65,2267,250,0.11027790030877813,2478,327,0.13196125907990314
HellaSwag,validation,discovery,66,2268,231,0.10185185185185185,2478,285,0.11501210653753027
HellaSwag,validation,discovery,67,2266,285,0.12577228596646073,2477,249,0.1005248284214776
HellaSwag,validation,discovery,68,2268,278,0.12257495590828923,2474,259,0.10468876313662086
HellaSwag,validation,discovery,69,2267,303,0.13365681517423908,2477,305,0.12313282196205087
HellaSwag,validation,discovery,70,2268,227,0.10008818342151675,2478,251,0.10129136400322841
HellaSwag,validation,discovery,71,2268,236,0.10405643738977072,2477,259,0.1045619701251514
HellaSwag,validation,discovery,72,2266,253,0.11165048543689321,2478,310,0.12510088781275222
HellaSwag,validation,discovery,73,2268,248,0.10934744268077601,2478,249,0.10048426150121065
HellaSwag,validation,discovery,74,2268,256,0.1128747795414462,2478,250,0.10088781275221953
HellaSwag,validation,discovery,75,2268,255,0.11243386243386243,2475,225,0.09090909090909091
HellaSwag,validation,discovery,76,2268,235,0.10361552028218694,2479,233,0.09398951189995966
HellaSwag,validation,discovery,77,2268,284,0.12522045855379188,2479,243,0.09802339653085922
HellaSwag,validation,discovery,78,2267,286,0.12615791795324216,2476,274,0.11066235864297254
HellaSwag,validation,discovery,79,2267,244,0.10763123070136744,2477,305,0.12313282196205087
HellaSwag,validation,discovery,80,2266,258,0.11385701676963812,2477,258,0.10415825595478401
HellaSwag,validation,discovery,81,2268,252,0.1111111111111111,2478,274,0.11057304277643261
HellaSwag,validation,discovery,82,2267,266,0.11733568592853992,2478,276,0.11138014527845036
HellaSwag,validation,discovery,83,2268,232,0.10229276895943562,2479,234,0.09439290036304962
HellaSwag,validation,discovery,84,2268,274,0.12081128747795414,2478,291,0.11743341404358354
HellaSwag,validation,discovery,85,2268,236,0.10405643738977072,2478,227,0.09160613397901533
HellaSwag,validation,discovery,86,2268,239,0.10537918871252204,2477,217,0.08760597496972143
HellaSwag,validation,discovery,87,2268,228,0.10052910052910052,2478,250,0.10088781275221953
HellaSwag,validation,discovery,88,2268,225,0.0992063492063492,2478,251,0.10129136400322841
HellaSwag,validation,discovery,89,2268,225,0.0992063492063492,2476,228,0.09208400646203554
HellaSwag,validation,discovery,90,2268,241,0.10626102292768959,2479,236,0.09519967728922953
HellaSwag,validation,discovery,91,2267,229,0.10101455668284076,2476,252,0.10177705977382875
HellaSwag,validation,discovery,92,2268,235,0.10361552028218694,2478,230,0.09281678773204197
HellaSwag,validation,discovery,93,2266,259,0.11429832303618712,2477,292,0.11788453774727493
HellaSwag,validation,discovery,94,2268,249,0.10978835978835978,2478,215,0.0867635189669088
HellaSwag,validation,discovery,95,2267,244,0.10763123070136744,2479,248,0.100040338846309
HellaSwag,validation,discovery,96,2268,260,0.1146384479717813,2478,279,0.11259079903147699
HellaSwag,validation,discovery,97,2266,232,0.10238305383936452,2477,255,0.10294711344368188
HellaSwag,validation,discovery,98,2267,249,0.10983678870754301,2478,262,0.10573042776432606
HellaSwag,validation,discovery,99,2267,233,0.1027790030877812,2478,269,0.10855528652138821
HellaSwag,validation,discovery,100,2267,253,0.11160123511248346,2479,286,0.11536910044372731
HellaSwag,validation,discovery,101,2268,303,0.1335978835978836,2478,316,0.1275221953188055
HellaSwag,validation,discovery,102,2268,268,0.11816578483245149,2479,263,0.10609116579265833
HellaSwag,validation,discovery,103,2268,248,0.10934744268077601,2479,272,0.10972166196046793
HellaSwag,validation,discovery,104,2268,267,0.11772486772486772,2475,312,0.12606060606060607
HellaSwag,validation,discovery,105,2267,187,0.08248786943096603,2478,204,0.08232445520581114
HellaSwag,validation,discovery,106,2268,220,0.09700176366843033,2478,204,0.08232445520581114
HellaSwag,validation,discovery,107,2268,235,0.10361552028218694,2479,244,0.09842678499394918
HellaSwag,validation,discovery,108,2268,243,0.10714285714285714,2476,272,0.1098546042003231
HellaSwag,validation,discovery,109,2268,240,0.10582010582010581,2479,219,0.08834207341670028
HellaSwag,validation,discovery,110,2267,272,0.1199823555359506,2475,298,0.1204040404040404
HellaSwag,validation,discovery,111,2268,197,0.08686067019400352,2478,220,0.08878127522195318
HellaSwag,validation,discovery,112,2267,296,0.1305690339655933,2478,282,0.11380145278450363
HellaSwag,validation,discovery,113,2268,241,0.10626102292768959,2478,260,0.10492332526230831
HellaSwag,validation,discovery,114,2268,225,0.0992063492063492,2474,257,0.10388035569927244
HellaSwag,validation,discovery,115,2267,266,0.11733568592853992,2479,248,0.100040338846309
HellaSwag,validation,discovery,116,2268,218,0.09611992945326278,2479,255,0.10286405808793868
HellaSwag,validation,discovery,117,2268,255,0.11243386243386243,2479,235,0.09479628882613957
HellaSwag,validation,discovery,118,2268,279,0.12301587301587301,2479,242,0.09762000806776926
HellaSwag,validation,discovery,119,2266,258,0.11385701676963812,2479,212,0.08551835417507059
HellaSwag,validation,discovery,120,2268,269,0.11860670194003527,2476,262,0.10581583198707593
HellaSwag,validation,discovery,121,2267,285,0.12571680635200705,2475,254,0.10262626262626262
HellaSwag,validation,discovery,122,2268,215,0.09479717813051146,2479,237,0.09560306575231949
HellaSwag,validation,discovery,123,2268,264,0.1164021164021164,2476,265,0.10702746365105008
HellaSwag,validation,discovery,124,2268,252,0.1111111111111111,2479,323,0.13029447357805568
HellaSwag,validation,discovery,125,2268,251,0.11067019400352733,2477,302,0.12192167945094873
HellaSwag,validation,discovery,126,2268,233,0.1027336860670194,2477,283,0.11425111021396851
HellaSwag,validation,discovery,127,2268,284,0.12522045855379188,2479,272,0.10972166196046793
HellaSwag,validation,discovery,128,2268,288,0.12698412698412698,2477,258,0.10415825595478401
HellaSwag,validation,discovery,129,2267,277,0.12218791354212616,2478,290,0.11702986279257466
HellaSwag,validation,discovery,130,2267,294,0.12968681076312308,2479,271,0.10931827349737798
HellaSwag,validation,discovery,131,2266,257,0.11341571050308914,2476,288,0.11631663974151858
HellaSwag,validation,discovery,132,2266,257,0.11341571050308914,2477,275,0.11102139685102948
HellaSwag,validation,discovery,133,2267,235,0.10366122629025143,2478,265,0.10694108151735271
HellaSwag,validation,discovery,134,2267,230,0.10145566828407587,2477,240,0.09689140088817118
HellaSwag,validation,discovery,135,2266,229,0.10105913503971757,2479,256,0.10326744655102864
HellaSwag,validation,discovery,136,2267,251,0.11071901191001324,2478,242,0.09765940274414851
HellaSwag,validation,discovery,137,2267,215,0.09483899426554919,2478,227,0.09160613397901533
HellaSwag,validation,discovery,138,2266,232,0.10238305383936452,2478,242,0.09765940274414851
HellaSwag,validation,discovery,139,2268,192,0.08465608465608465,2476,243,0.0981421647819063
HellaSwag,validation,discovery,140,2267,261,0.11513012792236436,2479,258,0.10407422347720856
HellaSwag,validation,discovery,141,2267,255,0.11248345831495368,2474,274,0.11075181891673404
HellaSwag,validation,discovery,142,2266,230,0.10150044130626655,2479,271,0.10931827349737798
HellaSwag,validation,discovery,143,2266,210,0.09267431597528684,2476,243,0.0981421647819063
HellaSwag,validation,discovery,144,2268,225,0.0992063492063492,2479,264,0.10649455425574829
HellaSwag,validation,discovery,145,2268,229,0.1009700176366843,2478,268,0.10815173527037934
HellaSwag,validation,discovery,146,2266,239,0.10547219770520741,2477,243,0.09810254339927331
HellaSwag,validation,discovery,147,2268,258,0.11375661375661375,2477,254,0.10254339927331449
HellaSwag,validation,discovery,148,2267,230,0.10145566828407587,2478,240,0.09685230024213075
HellaSwag,validation,discovery,149,2268,243,0.10714285714285714,2478,273,0.11016949152542373
HellaSwag,validation,discovery,150,2267,218,0.09616232906925452,2477,223,0.09002825999192572
HellaSwag,validation,discovery,151,2267,275,0.12130569033965594,2478,269,0.10855528652138821
HellaSwag,validation,discovery,152,2268,219,0.09656084656084656,2477,206,0.08316511909568026
HellaSwag,validation,discovery,153,2267,247,0.10895456550507278,2477,255,0.10294711344368188
HellaSwag,validation,discovery,154,2267,283,0.12483458314953683,2478,254,0.10250201775625505
HellaSwag,validation,discovery,155,2267,243,0.10719011910013233,2478,266,0.10734463276836158
HellaSwag,validation,discovery,156,2268,261,0.11507936507936507,2477,266,0.10738796931772306
HellaSwag,validation,discovery,157,2268,264,0.1164021164021164,2477,223,0.09002825999192572
HellaSwag,validation,discovery,158,2268,281,0.12389770723104056,2478,317,0.12792574656981437
HellaSwag,validation,discovery,159,2268,286,0.12610229276895943,2479,260,0.10488100040338846
HellaSwag,validation,discovery,160,2268,213,0.09391534391534391,2477,220,0.08881711748082358
HellaSwag,validation,discovery,161,2268,225,0.0992063492063492,2478,249,0.10048426150121065
HellaSwag,validation,discovery,162,2267,249,0.10983678870754301,2478,252,0.1016949152542373
HellaSwag,validation,discovery,163,2268,186,0.082010582010582,2479,270,0.10891488503428802
HellaSwag,validation,discovery,164,2268,217,0.09567901234567901,2478,218,0.08797417271993543
HellaSwag,validation,discovery,165,2268,307,0.1353615520282187,2478,238,0.096045197740113
HellaSwag,validation,discovery,166,2266,224,0.09885260370697264,2477,267,0.10779168348809043
HellaSwag,validation,discovery,167,2268,236,0.10405643738977072,2479,282,0.11375554659136748
HellaSwag,validation,discovery,168,2268,199,0.08774250440917107,2476,252,0.10177705977382875
HellaSwag,validation,discovery,169,2267,201,0.0886634318482576,2476,258,0.10420032310177706
HellaSwag,validation,discovery,170,2267,267,0.11777679752977503,2479,283,0.11415893505445744
HellaSwag,validation,discovery,171,2268,252,0.1111111111111111,2479,261,0.10528438886647842
HellaSwag,validation,discovery,172,2268,304,0.13403880070546736,2478,305,0.12308313155770782
HellaSwag,validation,discovery,173,2268,231,0.10185185185185185,2479,248,0.100040338846309
HellaSwag,validation,discovery,174,2268,241,0.10626102292768959,2477,231,0.09325797335486476
HellaSwag,validation,discovery,175,2268,213,0.09391534391534391,2476,220,0.0888529886914378
HellaSwag,validation,discovery,176,2268,248,0.10934744268077601,2478,239,0.09644874899112187
HellaSwag,validation,discovery,177,2268,231,0.10185185185185185,2478,258,0.10411622276029056
HellaSwag,validation,discovery,178,2268,256,0.1128747795414462,2478,259,0.10451977401129943
HellaSwag,validation,discovery,179,2268,328,0.14462081128747795,2479,296,0.11940298507462686
HellaSwag,validation,discovery,180,2268,320,0.14109347442680775,2475,261,0.10545454545454545
HellaSwag,validation,discovery,181,2268,274,0.12081128747795414,2479,288,0.11617587736990723
HellaSwag,validation,discovery,182,2266,258,0.11385701676963812,2478,226,0.09120258272800645
HellaSwag,validation,discovery,183,2267,275,0.12130569033965594,2476,283,0.11429725363489499
HellaSwag,validation,discovery,184,2268,183,0.08068783068783068,2477,247,0.09971740008074284
HellaSwag,validation,discovery,185,2268,261,0.11507936507936507,2477,281,0.11344368187323375
HellaSwag,validation,discovery,186,2268,247,0.10890652557319223,2478,288,0.1162227602905569
HellaSwag,validation,discovery,187,2268,262,0.11552028218694885,2475,289,0.11676767676767677
HellaSwag,validation,discovery,188,2268,233,0.1027336860670194,2478,275,0.11097659402744149
HellaSwag,validation,discovery,189,2268,252,0.1111111111111111,2479,250,0.10084711577248891
HellaSwag,validation,discovery,190,2268,269,0.11860670194003527,2479,270,0.10891488503428802
HellaSwag,validation,discovery,191,2268,253,0.11155202821869488,2477,257,0.10375454178441663
HellaSwag,validation,discovery,192,2267,238,0.10498456109395678,2478,243,0.09806295399515738
HellaSwag,validation,discovery,193,2268,240,0.10582010582010581,2478,260,0.10492332526230831
HellaSwag,validation,discovery,194,2268,328,0.14462081128747795,2478,371,0.1497175141242938
HellaSwag,validation,discovery,195,2268,266,0.11728395061728394,2476,285,0.11510500807754442
HellaSwag,validation,discovery,196,2266,248,0.10944395410414828,2478,271,0.10936238902340598
HellaSwag,validation,discovery,197,2268,278,0.12257495590828923,2478,253,0.10209846650524616
HellaSwag,validation,discovery,198,2267,226,0.09969122187913543,2477,294,0.11869196608800969
HellaSwag,validation,discovery,199,2268,271,0.11948853615520282,2479,266,0.1073013311819282
HellaSwag,validation,discovery,200,2267,295,0.1301279223643582,2478,262,0.10573042776432606
HellaSwag,validation,discovery,201,2268,221,0.0974426807760141,2479,276,0.11133521581282775
HellaSwag,validation,discovery,202,2267,217,0.09572121746801941,2478,267,0.10774818401937046
HellaSwag,validation,discovery,203,2268,262,0.11552028218694885,2479,265,0.10689794271883823
HellaSwag,validation,discovery,204,2266,270,0.11915269196822595,2477,303,0.12232539362131611
HellaSwag,validation,discovery,205,2268,297,0.13095238095238096,2479,262,0.10568777732956837
HellaSwag,validation,discovery,206,2267,242,0.10674900749889722,2478,252,0.1016949152542373
HellaSwag,validation,discovery,207,2267,241,0.10630789589766211,2473,236,0.09543065103113627
HellaSwag,validation,discovery,208,2264,285,0.12588339222614842,2478,291,0.11743341404358354
HellaSwag,validation,discovery,209,2268,232,0.10229276895943562,2479,272,0.10972166196046793
HellaSwag,validation,discovery,210,2268,202,0.0890652557319224,2479,251,0.10125050423557887
HellaSwag,validation,discovery,211,2266,260,0.1147396293027361,2478,253,0.10209846650524616
HellaSwag,validation,discovery,212,2267,292,0.12880458756065286,2477,294,0.11869196608800969
HellaSwag,validation,discovery,213,2268,292,0.12874779541446207,2477,288,0.11626968106580542
HellaSwag,validation,discovery,214,2268,245,0.10802469135802469,2477,277,0.11182882519176424
HellaSwag,validation,discovery,215,2268,279,0.12301587301587301,2476,261,0.10541195476575121
HellaSwag,validation,discovery,216,2268,219,0.09656084656084656,2478,213,0.08595641646489104
HellaSwag,validation,discovery,217,2268,269,0.11860670194003527,2478,259,0.10451977401129943
HellaSwag,validation,discovery,218,2268,232,0.10229276895943562,2477,248,0.10012111425111021
HellaSwag,validation,discovery,219,2268,262,0.11552028218694885,2477,197,0.07953169156237384
HellaSwag,validation,discovery,220,2267,232,0.1023378914865461,2479,244,0.09842678499394918
HellaSwag,validation,discovery,221,2268,253,0.11155202821869488,2477,229,0.09245054501413
HellaSwag,validation,discovery,222,2268,266,0.11728395061728394,2479,276,0.11133521581282775
HellaSwag,validation,discovery,223,2267,245,0.10807234230260256,2479,257,0.1036708350141186
HellaSwag,validation,discovery,224,2267,254,0.11204234671371857,2479,250,0.10084711577248891
HellaSwag,validation,discovery,225,2268,229,0.1009700176366843,2479,268,0.10810810810810811
HellaSwag,validation,discovery,226,2268,284,0.12522045855379188,2478,304,0.12267958030669895
HellaSwag,validation,discovery,227,2268,218,0.09611992945326278,2478,263,0.10613397901533494
HellaSwag,validation,discovery,228,2268,242,0.10670194003527336,2478,298,0.12025827280064569
HellaSwag,validation,discovery,229,2267,244,0.10763123070136744,2477,239,0.09648768671780379
HellaSwag,validation,discovery,230,2267,291,0.12836347595941774,2476,219,0.08844911147011308
HellaSwag,validation,discovery,231,2268,231,0.10185185185185185,2478,256,0.1033091202582728
HellaSwag,validation,discovery,232,2268,246,0.10846560846560846,2477,241,0.09729511505853855
HellaSwag,validation,discovery,233,2268,268,0.11816578483245149,2477,298,0.12030682276947921
HellaSwag,validation,discovery,234,2266,274,0.1209179170344219,2477,289,0.11667339523617279
HellaSwag,validation,discovery,235,2268,243,0.10714285714285714,2479,254,0.10246066962484873
HellaSwag,validation,discovery,236,2268,224,0.09876543209876543,2478,255,0.10290556900726393
HellaSwag,validation,discovery,237,2267,269,0.11865902073224525,2477,237,0.09568025837706903
HellaSwag,validation,discovery,238,2268,222,0.09788359788359788,2478,255,0.10290556900726393
HellaSwag,validation,discovery,239,2266,237,0.10458958517210945,2479,267,0.10770471964501815
HellaSwag,validation,discovery,240,2268,305,0.13447971781305115,2479,256,0.10326744655102864
HellaSwag,validation,discovery,241,2268,236,0.10405643738977072,2477,226,0.09123940250302785
HellaSwag,validation,discovery,242,2266,230,0.10150044130626655,2477,232,0.09366168752523213
HellaSwag,validation,discovery,243,2267,260,0.11468901632112924,2479,338,0.136345300524405
HellaSwag,validation,discovery,244,2268,203,0.08950617283950617,2478,238,0.096045197740113
HellaSwag,validation,discovery,245,2268,284,0.12522045855379188,2478,257,0.10371267150928168
HellaSwag,validation,discovery,246,2265,300,0.13245033112582782,2478,273,0.11016949152542373
HellaSwag,validation,discovery,247,2266,278,0.12268314210061783,2479,253,0.10205728116175877
HellaSwag,validation,discovery,248,2268,298,0.13139329805996472,2476,246,0.09935379644588045
HellaSwag,validation,discovery,249,2267,245,0.10807234230260256,2477,189,0.0763019781994348
HellaSwag,validation,discovery,250,2267,313,0.13806793118659022,2479,308,0.12424364663170634
HellaSwag,validation,discovery,251,2267,315,0.13895015438906044,2479,291,0.11738604275917709
HellaSwag,validation,discovery,252,2267,224,0.09880899867666519,2478,268,0.10815173527037934
HellaSwag,validation,discovery,253,2268,345,0.15211640211640212,2476,311,0.12560581583198707
HellaSwag,validation,discovery,254,2267,290,0.12792236435818263,2479,287,0.11577248890681727
HellaSwag,validation,discovery,255,2268,256,0.1128747795414462,2479,248,0.100040338846309
HellaSwag,validation,discovery,256,2268,211,0.09303350970017636,2477,216,0.08720226079935406
HellaSwag,validation,discovery,257,2267,261,0.11513012792236436,2479,271,0.10931827349737798
HellaSwag,validation,discovery,258,2268,280,0.12345679012345678,2479,269,0.10851149657119806
HellaSwag,validation,discovery,259,2268,238,0.10493827160493827,2476,284,0.1147011308562197
HellaSwag,validation,discovery,260,2268,225,0.0992063492063492,2477,296,0.11949939442874445
HellaSwag,validation,discovery,261,2268,259,0.11419753086419752,2479,272,0.10972166196046793
HellaSwag,validation,discovery,262,2268,279,0.12301587301587301,2477,264,0.1065805409769883
HellaSwag,validation,discovery,263,2267,226,0.09969122187913543,2476,260,0.1050080775444265
HellaSwag,validation,discovery,264,2268,255,0.11243386243386243,2477,298,0.12030682276947921
HellaSwag,validation,discovery,265,2268,318,0.1402116402116402,2477,295,0.11909568025837707
HellaSwag,validation,discovery,266,2268,262,0.11552028218694885,2475,281,0.11353535353535353
HellaSwag,validation,discovery,267,2267,223,0.09836788707543008,2477,307,0.12394025030278563
HellaSwag,validation,discovery,268,2268,232,0.10229276895943562,2479,220,0.08874546187979024
HellaSwag,validation,discovery,269,2268,226,0.09964726631393298,2475,237,0.09575757575757576
HellaSwag,validation,discovery,270,2268,259,0.11419753086419752,2476,258,0.10420032310177706
HellaSwag,validation,discovery,271,2268,256,0.1128747795414462,2478,293,0.11824051654560129
HellaSwag,validation,discovery,272,2267,270,0.11910013233348037,2477,274,0.11061768268066209
HellaSwag,validation,discovery,273,2267,224,0.09880899867666519,2479,264,0.10649455425574829
HellaSwag,validation,discovery,274,2267,249,0.10983678870754301,2474,242,0.09781729991915926
HellaSwag,validation,discovery,275,2268,228,0.10052910052910052,2477,274,0.11061768268066209
HellaSwag,validation,discovery,276,2268,286,0.12610229276895943,2476,285,0.11510500807754442
HellaSwag,validation,discovery,277,2267,271,0.11954124393471548,2478,264,0.10653753026634383
HellaSwag,validation,discovery,278,2268,330,0.1455026455026455,2477,286,0.11546225272507064
HellaSwag,validation,discovery,279,2268,250,0.11022927689594356,2478,226,0.09120258272800645
HellaSwag,validation,discovery,280,2268,266,0.11728395061728394,2476,259,0.10460420032310178
HellaSwag,validation,discovery,281,2268,231,0.10185185185185185,2478,245,0.09887005649717515
HellaSwag,validation,discovery,282,2268,244,0.10758377425044091,2478,232,0.09362389023405973
HellaSwag,validation,discovery,283,2265,271,0.1196467991169978,2477,252,0.10173597093257973
HellaSwag,validation,discovery,284,2267,223,0.09836788707543008,2479,272,0.10972166196046793
HellaSwag,validation,discovery,285,2266,242,0.10679611650485436,2478,286,0.11541565778853914
HellaSwag,validation,discovery,286,2268,270,0.11904761904761904,2479,293,0.118192819685357
HellaSwag,validation,discovery,287,2267,250,0.11027790030877813,2479,289,0.11657926583299717
HellaSwag,validation,discovery,288,2267,278,0.12262902514336127,2477,265,0.10698425514735567
HellaSwag,validation,discovery,289,2268,237,0.10449735449735449,2479,274,0.11052843888664785
HellaSwag,validation,discovery,290,2268,205,0.09038800705467372,2477,251,0.10133225676221236
HellaSwag,validation,discovery,291,2267,212,0.09351565946184384,2477,245,0.09890997174000807
HellaSwag,validation,discovery,292,2268,221,0.0974426807760141,2479,233,0.09398951189995966
HellaSwag,validation,discovery,293,2268,232,0.10229276895943562,2479,242,0.09762000806776926
HellaSwag,validation,discovery,294,2265,302,0.13333333333333333,2477,305,0.12313282196205087
HellaSwag,validation,discovery,295,2268,293,0.12918871252204586,2478,278,0.11218724778046812
HellaSwag,validation,discovery,296,2266,274,0.1209179170344219,2477,269,0.10859911182882519
HellaSwag,validation,discovery,297,2268,291,0.1283068783068783,2478,315,0.1271186440677966
HellaSwag,validation,discovery,298,2265,261,0.1152317880794702,2478,256,0.1033091202582728
HellaSwag,validation,discovery,299,2267,287,0.12659902955447727,2479,275,0.11093182734973779
HellaSwag,validation,discovery,300,2268,232,0.10229276895943562,2475,224,0.0905050505050505
HellaSwag,validation,discovery,301,2267,277,0.12218791354212616,2478,290,0.11702986279257466
HellaSwag,validation,discovery,302,2268,263,0.11596119929453262,2476,294,0.11873990306946688
HellaSwag,validation,discovery,303,2267,244,0.10763123070136744,2477,252,0.10173597093257973
HellaSwag,validation,discovery,304,2267,253,0.11160123511248346,2477,253,0.10213968510294712
HellaSwag,validation,discovery,305,2268,240,0.10582010582010581,2478,249,0.10048426150121065
HellaSwag,validation,discovery,306,2268,240,0.10582010582010581,2478,235,0.09483454398708636
HellaSwag,validation,discovery,307,2268,243,0.10714285714285714,2476,246,0.09935379644588045
HellaSwag,validation,discovery,308,2268,227,0.10008818342151675,2478,234,0.09443099273607748
HellaSwag,validation,discovery,309,2267,243,0.10719011910013233,2477,267,0.10779168348809043
HellaSwag,validation,discovery,310,2267,238,0.10498456109395678,2479,224,0.09035901573215006
HellaSwag,validation,discovery,311,2266,247,0.10900264783759929,2477,249,0.1005248284214776
HellaSwag,validation,discovery,312,2268,221,0.0974426807760141,2478,256,0.1033091202582728
HellaSwag,validation,discovery,313,2266,228,0.10061782877316858,2478,225,0.09079903147699758
HellaSwag,validation,discovery,314,2268,233,0.1027336860670194,2477,263,0.10617682680662091
HellaSwag,validation,discovery,315,2268,256,0.1128747795414462,2478,270,0.1089588377723971
HellaSwag,validation,discovery,316,2267,257,0.1133656815174239,2477,285,0.11505853855470327
HellaSwag,validation,discovery,317,2268,232,0.10229276895943562,2476,243,0.0981421647819063
HellaSwag,validation,discovery,318,2268,259,0.11419753086419752,2477,230,0.09285425918449737
HellaSwag,validation,discovery,319,2268,243,0.10714285714285714,2479,248,0.100040338846309
HellaSwag,validation,discovery,320,2268,287,0.12654320987654322,2478,251,0.10129136400322841
HellaSwag,validation,discovery,321,2267,244,0.10763123070136744,2476,219,0.08844911147011308
HellaSwag,validation,discovery,322,2267,253,0.11160123511248346,2476,245,0.09894991922455573
HellaSwag,validation,discovery,323,2267,288,0.12704014115571238,2478,294,0.11864406779661017
HellaSwag,validation,discovery,324,2268,233,0.1027336860670194,2476,260,0.1050080775444265
HellaSwag,validation,discovery,325,2267,247,0.10895456550507278,2478,243,0.09806295399515738
HellaSwag,validation,discovery,326,2266,166,0.07325684024713151,2476,255,0.10298869143780291
HellaSwag,validation,discovery,327,2268,228,0.10052910052910052,2477,223,0.09002825999192572
HellaSwag,validation,discovery,328,2267,258,0.11380679311865902,2477,260,0.10496568429551877
HellaSwag,validation,discovery,329,2268,232,0.10229276895943562,2479,259,0.1044776119402985
HellaSwag,validation,discovery,330,2268,263,0.11596119929453262,2478,264,0.10653753026634383
HellaSwag,validation,discovery,331,2267,215,0.09483899426554919,2478,201,0.0811138014527845
HellaSwag,validation,discovery,332,2268,263,0.11596119929453262,2475,246,0.0993939393939394
HellaSwag,validation,discovery,333,2268,247,0.10890652557319223,2477,284,0.11465482438433588
HellaSwag,validation,discovery,334,2267,265,0.11689457432730481,2479,294,0.11859620814844696
HellaSwag,validation,discovery,335,2266,250,0.11032656663724624,2479,247,0.09963695038321904
HellaSwag,validation,discovery,336,2268,268,0.11816578483245149,2477,235,0.09487283003633427
HellaSwag,validation,discovery,337,2268,288,0.12698412698412698,2478,272,0.10976594027441484
HellaSwag,validation,discovery,338,2267,275,0.12130569033965594,2478,274,0.11057304277643261
HellaSwag,validation,discovery,339,2268,274,0.12081128747795414,2477,285,0.11505853855470327
HellaSwag,validation,discovery,340,2268,249,0.10978835978835978,2477,245,0.09890997174000807
HellaSwag,validation,discovery,341,2267,256,0.1129245699161888,2478,325,0.1311541565778854
HellaSwag,validation,discovery,342,2268,281,0.12389770723104056,2476,321,0.12964458804523424
HellaSwag,validation,discovery,343,2267,262,0.11557123952359948,2478,259,0.10451977401129943
HellaSwag,validation,discovery,344,2268,284,0.12522045855379188,2478,244,0.09846650524616626
HellaSwag,validation,discovery,345,2268,255,0.11243386243386243,2474,250,0.10105092966855295
HellaSwag,validation,discovery,346,2267,231,0.10189677988531098,2479,293,0.118192819685357
HellaSwag,validation,discovery,347,2267,226,0.09969122187913543,2478,265,0.10694108151735271
HellaSwag,validation,discovery,348,2267,285,0.12571680635200705,2478,269,0.10855528652138821
HellaSwag,validation,discovery,349,2268,336,0.14814814814814814,2478,292,0.11783696529459241
HellaSwag,validation,discovery,350,2268,250,0.11022927689594356,2479,247,0.09963695038321904
HellaSwag,validation,discovery,351,2268,222,0.09788359788359788,2477,248,0.10012111425111021
HellaSwag,validation,discovery,352,2268,266,0.11728395061728394,2477,226,0.09123940250302785
HellaSwag,validation,discovery,353,2267,228,0.10057344508160565,2478,269,0.10855528652138821
HellaSwag,validation,discovery,354,2268,316,0.13932980599647266,2479,332,0.13392496974586526
HellaSwag,validation,discovery,355,2268,205,0.09038800705467372,2478,252,0.1016949152542373
HellaSwag,validation,discovery,356,2268,308,0.13580246913580246,2479,246,0.09923356192012908
HellaSwag,validation,discovery,357,2268,240,0.10582010582010581,2477,253,0.10213968510294712
HellaSwag,validation,discovery,358,2267,262,0.11557123952359948,2478,324,0.13075060532687652
HellaSwag,validation,discovery,359,2268,251,0.11067019400352733,2477,303,0.12232539362131611
HellaSwag,validation,discovery,360,2267,258,0.11380679311865902,2477,341,0.13766653209527654
HellaSwag,validation,discovery,361,2267,247,0.10895456550507278,2477,257,0.10375454178441663
HellaSwag,validation,discovery,362,2268,273,0.12037037037037036,2477,265,0.10698425514735567
HellaSwag,validation,discovery,363,2267,243,0.10719011910013233,2477,256,0.10335082761404925
HellaSwag,validation,discovery,364,2267,230,0.10145566828407587,2478,234,0.09443099273607748
HellaSwag,validation,discovery,365,2268,216,0.09523809523809523,2477,228,0.09204683084376261
HellaSwag,validation,discovery,366,2268,253,0.11155202821869488,2479,252,0.10165389269866881
HellaSwag,validation,discovery,367,2268,286,0.12610229276895943,2475,277,0.11191919191919192
HellaSwag,validation,discovery,368,2268,204,0.08994708994708994,2476,255,0.10298869143780291
HellaSwag,validation,discovery,369,2268,228,0.10052910052910052,2478,259,0.10451977401129943
HellaSwag,validation,discovery,370,2267,295,0.1301279223643582,2477,319,0.12878482034719418
HellaSwag,validation,discovery,371,2268,235,0.10361552028218694,2478,236,0.09523809523809523
HellaSwag,validation,discovery,372,2268,262,0.11552028218694885,2479,298,0.12020976200080678
HellaSwag,validation,discovery,373,2267,237,0.10454344949272165,2475,274,0.11070707070707071
HellaSwag,validation,discovery,374,2268,219,0.09656084656084656,2475,218,0.08808080808080808
HellaSwag,validation,discovery,375,2268,238,0.10493827160493827,2478,227,0.09160613397901533
HellaSwag,validation,discovery,376,2268,248,0.10934744268077601,2478,272,0.10976594027441484
HellaSwag,validation,discovery,377,2267,320,0.141155712395236,2478,256,0.1033091202582728
HellaSwag,validation,discovery,378,2267,280,0.12351124834583149,2479,270,0.10891488503428802
HellaSwag,validation,discovery,379,2267,283,0.12483458314953683,2479,280,0.11294876966518758
HellaSwag,validation,discovery,380,2266,222,0.09796999117387467,2474,222,0.08973322554567502
HellaSwag,validation,discovery,381,2268,267,0.11772486772486772,2478,323,0.13034705407586764
HellaSwag,validation,discovery,382,2267,221,0.09748566387295986,2477,239,0.09648768671780379
HellaSwag,validation,discovery,383,2268,316,0.13932980599647266,2476,306,0.12358642972536349
HellaSwag,validation,discovery,384,2266,270,0.11915269196822595,2478,255,0.10290556900726393
HellaSwag,validation,discovery,385,2268,243,0.10714285714285714,2479,262,0.10568777732956837
HellaSwag,validation,discovery,386,2267,226,0.09969122187913543,2476,256,0.10339256865912763
HellaSwag,validation,discovery,387,2268,235,0.10361552028218694,2478,283,0.11420500403551251
HellaSwag,validation,discovery,388,2268,224,0.09876543209876543,2479,248,0.100040338846309
HellaSwag,validation,discovery,389,2268,236,0.10405643738977072,2478,293,0.11824051654560129
HellaSwag,validation,discovery,390,2266,247,0.10900264783759929,2477,250,0.10092854259184497
HellaSwag,validation,discovery,391,2267,231,0.10189677988531098,2478,223,0.08999192897497982
HellaSwag,validation,discovery,392,2267,243,0.10719011910013233,2478,301,0.12146892655367232
HellaSwag,validation,discovery,393,2268,265,0.11684303350970017,2477,271,0.10940654016955995
HellaSwag,validation,discovery,394,2266,253,0.11165048543689321,2479,215,0.08672851956434045
HellaSwag,validation,discovery,395,2268,237,0.10449735449735449,2476,252,0.10177705977382875
HellaSwag,validation,discovery,396,2266,264,0.11650485436893204,2476,270,0.10904684975767366
HellaSwag,validation,discovery,397,2268,245,0.10802469135802469,2474,273,0.11034761519805983
HellaSwag,validation,discovery,398,2268,277,0.12213403880070546,2473,247,0.09987868985038414
HellaSwag,validation,discovery,399,2264,227,0.10026501766784453,2478,280,0.11299435028248588
HellaSwag,validation,discovery,400,2268,237,0.10449735449735449,2478,239,0.09644874899112187
HellaSwag,validation,discovery,401,2267,290,0.12792236435818263,2479,306,0.12343686970552642
HellaSwag,validation,discovery,402,2267,250,0.11027790030877813,2477,244,0.0985062575696407
HellaSwag,validation,discovery,403,2268,210,0.09259259259259259,2477,240,0.09689140088817118
HellaSwag,validation,discovery,404,2267,285,0.12571680635200705,2478,254,0.10250201775625505
HellaSwag,validation,discovery,405,2268,194,0.0855379188712522,2477,224,0.0904319741622931
HellaSwag,validation,discovery,406,2267,256,0.1129245699161888,2476,252,0.10177705977382875
HellaSwag,validation,discovery,407,2267,238,0.10498456109395678,2478,258,0.10411622276029056
HellaSwag,validation,discovery,408,2268,251,0.11067019400352733,2477,261,0.10536939846588615
HellaSwag,validation,discovery,409,2267,256,0.1129245699161888,2470,259,0.1048582995951417
HellaSwag,validation,discovery,410,2267,210,0.09263343625937362,2477,226,0.09123940250302785
HellaSwag,validation,discovery,411,2267,306,0.1349801499779444,2477,297,0.11990310859911182
HellaSwag,validation,discovery,412,2268,223,0.09832451499118165,2477,227,0.09164311667339524
HellaSwag,validation,discovery,413,2266,290,0.12797881729920565,2478,292,0.11783696529459241
HellaSwag,validation,discovery,414,2268,244,0.10758377425044091,2477,245,0.09890997174000807
HellaSwag,validation,discovery,415,2267,235,0.10366122629025143,2479,267,0.10770471964501815
HellaSwag,validation,discovery,416,2267,256,0.1129245699161888,2479,310,0.12505042355788623
HellaSwag,validation,discovery,417,2268,232,0.10229276895943562,2478,270,0.1089588377723971
HellaSwag,validation,discovery,418,2268,265,0.11684303350970017,2478,219,0.08837772397094432
HellaSwag,validation,discovery,419,2268,285,0.12566137566137567,2478,303,0.12227602905569007
HellaSwag,validation,discovery,420,2266,216,0.09532215357458076,2476,247,0.09975767366720517
HellaSwag,validation,discovery,421,2267,221,0.09748566387295986,2478,271,0.10936238902340598
HellaSwag,validation,discovery,422,2268,239,0.10537918871252204,2478,250,0.10088781275221953
HellaSwag,validation,discovery,423,2268,242,0.10670194003527336,2477,269,0.10859911182882519
HellaSwag,validation,discovery,424,2268,236,0.10405643738977072,2477,254,0.10254339927331449
HellaSwag,validation,discovery,425,2268,308,0.13580246913580246,2478,299,0.12066182405165456
HellaSwag,validation,discovery,426,2268,252,0.1111111111111111,2478,247,0.0996771589991929
HellaSwag,validation,discovery,427,2267,223,0.09836788707543008,2478,233,0.0940274414850686
HellaSwag,validation,discovery,428,2267,222,0.09792677547419497,2477,231,0.09325797335486476
HellaSwag,validation,discovery,429,2268,242,0.10670194003527336,2477,242,0.09769882922890594
HellaSwag,validation,discovery,430,2267,313,0.13806793118659022,2478,317,0.12792574656981437
HellaSwag,validation,discovery,431,2268,250,0.11022927689594356,2475,277,0.11191919191919192
HellaSwag,validation,discovery,432,2268,309,0.13624338624338625,2479,266,0.1073013311819282
HellaSwag,validation,discovery,433,2268,204,0.08994708994708994,2477,290,0.11707710940654018
HellaSwag,validation,discovery,434,2268,198,0.0873015873015873,2476,282,0.11389337641357028
HellaSwag,validation,discovery,435,2267,277,0.12218791354212616,2476,328,0.13247172859450726
HellaSwag,validation,discovery,436,2267,256,0.1129245699161888,2478,234,0.09443099273607748
HellaSwag,validation,discovery,437,2268,227,0.10008818342151675,2477,270,0.10900282599919257
HellaSwag,validation,discovery,438,2268,261,0.11507936507936507,2477,228,0.09204683084376261
HellaSwag,validation,discovery,439,2268,244,0.10758377425044091,2477,242,0.09769882922890594
HellaSwag,validation,discovery,440,2267,246,0.10851345390383767,2479,242,0.09762000806776926
HellaSwag,validation,discovery,441,2267,220,0.09704455227172475,2478,210,0.0847457627118644
HellaSwag,validation,discovery,442,2268,264,0.1164021164021164,2477,239,0.09648768671780379
HellaSwag,validation,discovery,443,2268,223,0.09832451499118165,2477,273,0.1102139685102947
HellaSwag,validation,discovery,444,2267,244,0.10763123070136744,2478,266,0.10734463276836158
HellaSwag,validation,discovery,445,2268,228,0.10052910052910052,2476,244,0.09854604200323101
HellaSwag,validation,discovery,446,2268,255,0.11243386243386243,2478,260,0.10492332526230831
HellaSwag,validation,discovery,447,2268,282,0.12433862433862433,2479,267,0.10770471964501815
HellaSwag,validation,discovery,448,2268,266,0.11728395061728394,2476,265,0.10702746365105008
HellaSwag,validation,discovery,449,2267,286,0.12615791795324216,2479,243,0.09802339653085922
HellaSwag,validation,discovery,450,2268,264,0.1164021164021164,2479,265,0.10689794271883823
HellaSwag,validation,discovery,451,2266,267,0.117828773168579,2478,271,0.10936238902340598
HellaSwag,validation,discovery,452,2266,259,0.11429832303618712,2479,304,0.12263009277934651
HellaSwag,validation,discovery,453,2268,247,0.10890652557319223,2477,275,0.11102139685102948
HellaSwag,validation,discovery,454,2267,249,0.10983678870754301,2479,279,0.11254538120209762
HellaSwag,validation,discovery,455,2268,242,0.10670194003527336,2477,264,0.1065805409769883
HellaSwag,validation,discovery,456,2266,280,0.1235657546337158,2478,252,0.1016949152542373
HellaSwag,validation,discovery,457,2267,239,0.10542567269519189,2478,278,0.11218724778046812
HellaSwag,validation,discovery,458,2266,254,0.11209179170344219,2478,297,0.1198547215496368
HellaSwag,validation,discovery,459,2267,179,0.07895897662108513,2476,224,0.09046849757673667
HellaSwag,validation,discovery,460,2268,291,0.1283068783068783,2477,290,0.11707710940654018
HellaSwag,validation,discovery,461,2267,232,0.1023378914865461,2476,249,0.10056542810985461
HellaSwag,validation,discovery,462,2268,219,0.09656084656084656,2478,277,0.11178369652945924
HellaSwag,validation,discovery,463,2268,226,0.09964726631393298,2477,212,0.08558740411788454
HellaSwag,validation,discovery,464,2268,284,0.12522045855379188,2479,300,0.12101653892698669
HellaSwag,validation,discovery,465,2267,280,0.12351124834583149,2479,304,0.12263009277934651
HellaSwag,validation,discovery,466,2268,268,0.11816578483245149,2477,270,0.10900282599919257
HellaSwag,validation,discovery,467,2267,239,0.10542567269519189,2479,260,0.10488100040338846
HellaSwag,validation,discovery,468,2268,270,0.11904761904761904,2475,273,0.1103030303030303
HellaSwag,validation,discovery,469,2268,216,0.09523809523809523,2475,216,0.08727272727272728
HellaSwag,validation,discovery,470,2268,281,0.12389770723104056,2475,303,0.12242424242424242
HellaSwag,validation,discovery,471,2267,286,0.12615791795324216,2478,245,0.09887005649717515
HellaSwag,validation,discovery,472,2268,238,0.10493827160493827,2479,234,0.09439290036304962
HellaSwag,validation,discovery,473,2268,303,0.1335978835978836,2477,267,0.10779168348809043
HellaSwag,validation,discovery,474,2268,289,0.12742504409171077,2476,286,0.11550888529886914
HellaSwag,validation,discovery,475,2265,223,0.09845474613686535,2479,227,0.09156918112141993
HellaSwag,validation,discovery,476,2268,278,0.12257495590828923,2478,273,0.11016949152542373
HellaSwag,validation,discovery,477,2267,268,0.11821790913101014,2477,303,0.12232539362131611
HellaSwag,validation,discovery,478,2268,261,0.11507936507936507,2477,241,0.09729511505853855
HellaSwag,validation,discovery,479,2267,259,0.11424790471989413,2477,274,0.11061768268066209
HellaSwag,validation,discovery,480,2268,246,0.10846560846560846,2477,256,0.10335082761404925
HellaSwag,validation,discovery,481,2268,222,0.09788359788359788,2479,281,0.11335215812827754
HellaSwag,validation,discovery,482,2268,221,0.0974426807760141,2478,266,0.10734463276836158
HellaSwag,validation,discovery,483,2268,250,0.11022927689594356,2472,248,0.10032362459546926
HellaSwag,validation,discovery,484,2268,253,0.11155202821869488,2479,230,0.0927793465106898
HellaSwag,validation,discovery,485,2268,292,0.12874779541446207,2479,285,0.11496571198063735
HellaSwag,validation,discovery,486,2267,248,0.10939567710630789,2475,277,0.11191919191919192
HellaSwag,validation,discovery,487,2268,230,0.10141093474426807,2479,263,0.10609116579265833
HellaSwag,validation,discovery,488,2267,250,0.11027790030877813,2478,304,0.12267958030669895
HellaSwag,validation,discovery,489,2268,243,0.10714285714285714,2478,273,0.11016949152542373
HellaSwag,validation,discovery,490,2267,245,0.10807234230260256,2477,241,0.09729511505853855
HellaSwag,validation,discovery,491,2268,273,0.12037037037037036,2476,278,0.1122778675282714
HellaSwag,validation,discovery,492,2267,250,0.11027790030877813,2477,286,0.11546225272507064
HellaSwag,validation,discovery,493,2267,267,0.11777679752977503,2478,269,0.10855528652138821
HellaSwag,validation,discovery,494,2267,236,0.10410233789148654,2477,254,0.10254339927331449
HellaSwag,validation,discovery,495,2268,231,0.10185185185185185,2478,254,0.10250201775625505
HellaSwag,validation,discovery,496,2268,252,0.1111111111111111,2477,253,0.10213968510294712
HellaSwag,validation,discovery,497,2268,246,0.10846560846560846,2479,288,0.11617587736990723
HellaSwag,validation,discovery,498,2268,274,0.12081128747795414,2476,259,0.10460420032310178
HellaSwag,validation,discovery,499,2268,254,0.11199294532627865,2478,250,0.10088781275221953
HellaSwag,validation,discovery,500,2268,246,0.10846560846560846,2478,262,0.10573042776432606
HellaSwag,validation,discovery,501,2267,245,0.10807234230260256,2479,240,0.09681323114158935
HellaSwag,validation,discovery,502,2266,220,0.0970873786407767,2473,255,0.10311362717347351
HellaSwag,validation,discovery,503,2268,286,0.12610229276895943,2479,290,0.11698265429608713
HellaSwag,validation,discovery,504,2268,241,0.10626102292768959,2478,245,0.09887005649717515
HellaSwag,validation,discovery,505,2268,214,0.09435626102292768,2477,244,0.0985062575696407
HellaSwag,validation,discovery,506,2267,281,0.1239523599470666,2477,230,0.09285425918449737
HellaSwag,validation,discovery,507,2268,253,0.11155202821869488,2478,240,0.09685230024213075
HellaSwag,validation,discovery,508,2268,253,0.11155202821869488,2477,238,0.09608397254743642
HellaSwag,validation,discovery,509,2267,221,0.09748566387295986,2479,235,0.09479628882613957
HellaSwag,validation,discovery,510,2268,241,0.10626102292768959,2478,262,0.10573042776432606
HellaSwag,validation,discovery,511,2266,260,0.1147396293027361,2477,214,0.0863948324586193
HellaSwag,validation,discovery,512,2267,241,0.10630789589766211,2478,257,0.10371267150928168
HellaSwag,validation,discovery,513,2267,247,0.10895456550507278,2475,257,0.10383838383838384
HellaSwag,validation,discovery,514,2265,219,0.09668874172185431,2479,237,0.09560306575231949
HellaSwag,validation,discovery,515,2267,258,0.11380679311865902,2477,260,0.10496568429551877
HellaSwag,validation,discovery,516,2268,252,0.1111111111111111,2477,248,0.10012111425111021
HellaSwag,validation,discovery,517,2268,230,0.10141093474426807,2477,220,0.08881711748082358
HellaSwag,validation,discovery,518,2268,246,0.10846560846560846,2477,283,0.11425111021396851
HellaSwag,validation,discovery,519,2268,237,0.10449735449735449,2477,244,0.0985062575696407
HellaSwag,validation,discovery,520,2267,252,0.11116012351124835,2479,238,0.09600645421540945
HellaSwag,validation,discovery,521,2267,268,0.11821790913101014,2479,274,0.11052843888664785
HellaSwag,validation,discovery,522,2266,307,0.1354810238305384,2479,299,0.12061315046389673
HellaSwag,validation,discovery,523,2268,228,0.10052910052910052,2478,235,0.09483454398708636
HellaSwag,validation,discovery,524,2267,269,0.11865902073224525,2479,274,0.11052843888664785
HellaSwag,validation,discovery,525,2267,235,0.10366122629025143,2479,231,0.09318273497377975
HellaSwag,validation,discovery,526,2268,235,0.10361552028218694,2478,277,0.11178369652945924
HellaSwag,validation,discovery,527,2267,243,0.10719011910013233,2477,297,0.11990310859911182
HellaSwag,validation,discovery,528,2268,264,0.1164021164021164,2478,296,0.11945117029862792
HellaSwag,validation,discovery,529,2267,292,0.12880458756065286,2475,253,0.10222222222222223
HellaSwag,validation,discovery,530,2268,287,0.12654320987654322,2478,293,0.11824051654560129
HellaSwag,validation,discovery,531,2267,198,0.08734009704455227,2477,283,0.11425111021396851
HellaSwag,validation,discovery,532,2268,237,0.10449735449735449,2478,235,0.09483454398708636
HellaSwag,validation,discovery,533,2268,278,0.12257495590828923,2475,306,0.12363636363636364
HellaSwag,validation,discovery,534,2268,270,0.11904761904761904,2479,284,0.1145623235175474
HellaSwag,validation,discovery,535,2268,227,0.10008818342151675,2477,233,0.09406540169559952
HellaSwag,validation,discovery,536,2267,333,0.14689016321129245,2479,271,0.10931827349737798
HellaSwag,validation,discovery,537,2268,283,0.1247795414462081,2477,273,0.1102139685102947
HellaSwag,validation,discovery,538,2268,250,0.11022927689594356,2479,244,0.09842678499394918
HellaSwag,validation,discovery,539,2268,261,0.11507936507936507,2478,257,0.10371267150928168
HellaSwag,validation,discovery,540,2268,254,0.11199294532627865,2478,288,0.1162227602905569
HellaSwag,validation,discovery,541,2268,240,0.10582010582010581,2475,307,0.12404040404040403
HellaSwag,validation,discovery,542,2268,209,0.09215167548500881,2478,245,0.09887005649717515
HellaSwag,validation,discovery,543,2268,220,0.09700176366843033,2479,264,0.10649455425574829
HellaSwag,validation,discovery,544,2268,268,0.11816578483245149,2475,264,0.10666666666666667
HellaSwag,validation,discovery,545,2267,297,0.1310101455668284,2478,290,0.11702986279257466
HellaSwag,validation,discovery,546,2267,261,0.11513012792236436,2477,235,0.09487283003633427
HellaSwag,validation,discovery,547,2268,236,0.10405643738977072,2478,250,0.10088781275221953
HellaSwag,validation,discovery,548,2267,277,0.12218791354212616,2479,296,0.11940298507462686
HellaSwag,validation,discovery,549,2268,241,0.10626102292768959,2478,275,0.11097659402744149
HellaSwag,validation,discovery,550,2268,280,0.12345679012345678,2479,240,0.09681323114158935
HellaSwag,validation,discovery,551,2267,281,0.1239523599470666,2478,269,0.10855528652138821
HellaSwag,validation,discovery,552,2267,268,0.11821790913101014,2479,257,0.1036708350141186
HellaSwag,validation,discovery,553,2268,218,0.09611992945326278,2475,276,0.11151515151515151
HellaSwag,validation,discovery,554,2268,260,0.1146384479717813,2477,214,0.0863948324586193
HellaSwag,validation,discovery,555,2268,248,0.10934744268077601,2478,280,0.11299435028248588
HellaSwag,validation,discovery,556,2268,233,0.1027336860670194,2477,269,0.10859911182882519
HellaSwag,validation,discovery,557,2267,306,0.1349801499779444,2478,246,0.09927360774818401
HellaSwag,validation,discovery,558,2266,246,0.10856134157105031,2476,274,0.11066235864297254
HellaSwag,validation,discovery,559,2268,253,0.11155202821869488,2478,264,0.10653753026634383
HellaSwag,validation,discovery,560,2267,284,0.12527569475077194,2476,299,0.12075928917609047
HellaSwag,validation,discovery,561,2268,308,0.13580246913580246,2477,317,0.12797739200645944
HellaSwag,validation,discovery,562,2268,244,0.10758377425044091,2477,277,0.11182882519176424
HellaSwag,validation,discovery,563,2268,222,0.09788359788359788,2479,252,0.10165389269866881
HellaSwag,validation,discovery,564,2268,205,0.09038800705467372,2479,258,0.10407422347720856
HellaSwag,validation,discovery,565,2268,264,0.1164021164021164,2477,322,0.12999596285829632
HellaSwag,validation,discovery,566,2267,223,0.09836788707543008,2479,253,0.10205728116175877
HellaSwag,validation,discovery,567,2267,228,0.10057344508160565,2478,240,0.09685230024213075
HellaSwag,validation,discovery,568,2267,207,0.09131010145566829,2477,255,0.10294711344368188
HellaSwag,validation,discovery,569,2268,269,0.11860670194003527,2478,222,0.08958837772397095
HellaSwag,validation,discovery,570,2266,212,0.09355692850838482,2477,295,0.11909568025837707
HellaSwag,validation,discovery,571,2266,232,0.10238305383936452,2477,247,0.09971740008074284
HellaSwag,validation,discovery,572,2268,257,0.11331569664902998,2478,266,0.10734463276836158
HellaSwag,validation,discovery,573,2265,293,0.1293598233995585,2476,310,0.12520193861066237
HellaSwag,validation,discovery,574,2266,230,0.10150044130626655,2476,297,0.11995153473344103
HellaSwag,validation,discovery,575,2268,218,0.09611992945326278,2477,236,0.09527654420670166
HellaSwag,validation,discovery,576,2265,252,0.11125827814569536,2477,282,0.11384739604360113
HellaSwag,validation,discovery,577,2268,268,0.11816578483245149,2477,262,0.10577311263625354
HellaSwag,validation,discovery,578,2267,238,0.10498456109395678,2477,252,0.10173597093257973
HellaSwag,validation,discovery,579,2268,216,0.09523809523809523,2478,213,0.08595641646489104
HellaSwag,validation,discovery,580,2267,291,0.12836347595941774,2478,242,0.09765940274414851
HellaSwag,validation,discovery,581,2268,273,0.12037037037037036,2479,268,0.10810810810810811
HellaSwag,validation,discovery,582,2268,236,0.10405643738977072,2475,236,0.09535353535353536
HellaSwag,validation,discovery,583,2268,217,0.09567901234567901,2478,291,0.11743341404358354
HellaSwag,validation,discovery,584,2267,279,0.12307013674459638,2478,298,0.12025827280064569
HellaSwag,validation,discovery,585,2266,188,0.08296557811120918,2478,245,0.09887005649717515
HellaSwag,validation,discovery,586,2268,240,0.10582010582010581,2479,242,0.09762000806776926
HellaSwag,validation,discovery,587,2268,266,0.11728395061728394,2479,259,0.1044776119402985
HellaSwag,validation,discovery,588,2267,248,0.10939567710630789,2479,289,0.11657926583299717
HellaSwag,validation,discovery,589,2266,197,0.08693733451015004,2478,212,0.08555286521388217
HellaSwag,validation,discovery,590,2267,214,0.09439788266431408,2477,223,0.09002825999192572
HellaSwag,validation,discovery,591,2268,250,0.11022927689594356,2479,240,0.09681323114158935
HellaSwag,validation,discovery,592,2267,236,0.10410233789148654,2476,256,0.10339256865912763
HellaSwag,validation,discovery,593,2267,268,0.11821790913101014,2475,244,0.09858585858585858
HellaSwag,validation,discovery,594,2267,278,0.12262902514336127,2478,246,0.09927360774818401
HellaSwag,validation,discovery,595,2267,303,0.13365681517423908,2479,323,0.13029447357805568
HellaSwag,validation,discovery,596,2268,275,0.12125220458553791,2479,311,0.1254538120209762
HellaSwag,validation,discovery,597,2268,228,0.10052910052910052,2478,209,0.08434221146085553
HellaSwag,validation,discovery,598,2268,260,0.1146384479717813,2477,293,0.1182882519176423
HellaSwag,validation,discovery,599,2267,307,0.13542126157917952,2477,246,0.09931368591037545
HellaSwag,validation,discovery,600,2267,306,0.1349801499779444,2478,282,0.11380145278450363
HellaSwag,validation,discovery,601,2267,298,0.13145125716806352,2478,301,0.12146892655367232
HellaSwag,validation,discovery,602,2267,241,0.10630789589766211,2477,236,0.09527654420670166
HellaSwag,validation,discovery,603,2267,246,0.10851345390383767,2479,263,0.10609116579265833
HellaSwag,validation,discovery,604,2267,219,0.09660344067048963,2477,254,0.10254339927331449
HellaSwag,validation,discovery,605,2268,296,0.13051146384479717,2476,280,0.11308562197092084
HellaSwag,validation,discovery,606,2268,235,0.10361552028218694,2477,262,0.10577311263625354
HellaSwag,validation,discovery,607,2266,257,0.11341571050308914,2478,241,0.09725585149313963
HellaSwag,validation,discovery,608,2267,305,0.1345390383767093,2479,282,0.11375554659136748
HellaSwag,validation,discovery,609,2267,275,0.12130569033965594,2477,230,0.09285425918449737
HellaSwag,validation,discovery,610,2268,320,0.14109347442680775,2478,244,0.09846650524616626
HellaSwag,validation,discovery,611,2267,272,0.1199823555359506,2476,242,0.09773828756058159
HellaSwag,validation,discovery,612,2267,260,0.11468901632112924,2476,263,0.10621970920840064
HellaSwag,validation,discovery,613,2268,285,0.12566137566137567,2477,281,0.11344368187323375
HellaSwag,validation,discovery,614,2268,257,0.11331569664902998,2478,265,0.10694108151735271
HellaSwag,validation,discovery,615,2267,339,0.14953683281870314,2478,263,0.10613397901533494
HellaSwag,validation,discovery,616,2268,278,0.12257495590828923,2477,266,0.10738796931772306
HellaSwag,validation,discovery,617,2268,237,0.10449735449735449,2476,256,0.10339256865912763
HellaSwag,validation,discovery,618,2267,263,0.11601235112483459,2477,240,0.09689140088817118
HellaSwag,validation,discovery,619,2266,237,0.10458958517210945,2477,267,0.10779168348809043
HellaSwag,validation,discovery,620,2267,299,0.13189236876929863,2477,325,0.13120710536939847
HellaSwag,validation,discovery,621,2265,274,0.12097130242825607,2478,253,0.10209846650524616
HellaSwag,validation,discovery,622,2268,228,0.10052910052910052,2479,252,0.10165389269866881
HellaSwag,validation,discovery,623,2268,283,0.1247795414462081,2478,288,0.1162227602905569
HellaSwag,validation,discovery,624,2267,212,0.09351565946184384,2478,262,0.10573042776432606
HellaSwag,validation,discovery,625,2268,249,0.10978835978835978,2476,251,0.10137318255250403
HellaSwag,validation,discovery,626,2267,261,0.11513012792236436,2478,340,0.13720742534301855
HellaSwag,validation,discovery,627,2267,276,0.12174680194089105,2479,309,0.12464703509479629
HellaSwag,validation,discovery,628,2267,303,0.13365681517423908,2477,264,0.1065805409769883
HellaSwag,validation,discovery,629,2268,262,0.11552028218694885,2478,249,0.10048426150121065
HellaSwag,validation,discovery,630,2268,271,0.11948853615520282,2477,254,0.10254339927331449
HellaSwag,validation,discovery,631,2268,209,0.09215167548500881,2479,221,0.0891488503428802
HellaSwag,validation,discovery,632,2268,284,0.12522045855379188,2478,321,0.12953995157384987
HellaSwag,validation,discovery,633,2267,233,0.1027790030877812,2476,240,0.09693053311793215
HellaSwag,validation,discovery,634,2266,262,0.11562224183583407,2476,327,0.13206785137318255
HellaSwag,validation,discovery,635,2267,219,0.09660344067048963,2479,271,0.10931827349737798
HellaSwag,validation,discovery,636,2267,271,0.11954124393471548,2478,294,0.11864406779661017
HellaSwag,validation,discovery,637,2268,277,0.12213403880070546,2477,235,0.09487283003633427
HellaSwag,validation,discovery,638,2265,275,0.12141280353200883,2478,330,0.13317191283292978
HellaSwag,validation,discovery,639,2267,218,0.09616232906925452,2475,279,0.11272727272727273
HellaSwag,validation,discovery,640,2267,292,0.12880458756065286,2478,219,0.08837772397094432
HellaSwag,validation,discovery,641,2267,270,0.11910013233348037,2478,239,0.09644874899112187
HellaSwag,validation,discovery,642,2268,249,0.10978835978835978,2478,304,0.12267958030669895
HellaSwag,validation,discovery,643,2268,270,0.11904761904761904,2479,264,0.10649455425574829
HellaSwag,validation,discovery,644,2268,272,0.11992945326278659,2476,260,0.1050080775444265
HellaSwag,validation,discovery,645,2268,286,0.12610229276895943,2478,312,0.12590799031476999
HellaSwag,validation,discovery,646,2268,214,0.09435626102292768,2477,264,0.1065805409769883
HellaSwag,validation,discovery,647,2268,266,0.11728395061728394,2479,270,0.10891488503428802
HellaSwag,validation,discovery,648,2268,249,0.10978835978835978,2477,238,0.09608397254743642
HellaSwag,validation,discovery,649,2268,266,0.11728395061728394,2478,260,0.10492332526230831
HellaSwag,validation,discovery,650,2268,254,0.11199294532627865,2479,226,0.09116579265832997
HellaSwag,validation,discovery,651,2267,206,0.09086898985443317,2476,233,0.09410339256865913
HellaSwag,validation,discovery,652,2268,281,0.12389770723104056,2477,281,0.11344368187323375
HellaSwag,validation,discovery,653,2266,262,0.11562224183583407,2477,274,0.11061768268066209
HellaSwag,validation,discovery,654,2268,232,0.10229276895943562,2478,248,0.10008071025020178
HellaSwag,validation,discovery,655,2267,270,0.11910013233348037,2478,251,0.10129136400322841
HellaSwag,validation,discovery,656,2268,285,0.12566137566137567,2479,253,0.10205728116175877
HellaSwag,validation,discovery,657,2267,231,0.10189677988531098,2477,291,0.11748082357690755
HellaSwag,validation,discovery,658,2267,236,0.10410233789148654,2478,250,0.10088781275221953
HellaSwag,validation,discovery,659,2267,249,0.10983678870754301,2479,257,0.1036708350141186
HellaSwag,validation,discovery,660,2267,278,0.12262902514336127,2479,278,0.11214199273900767
HellaSwag,validation,discovery,661,2267,245,0.10807234230260256,2479,285,0.11496571198063735
HellaSwag,validation,discovery,662,2268,205,0.09038800705467372,2476,289,0.1167205169628433
HellaSwag,validation,discovery,663,2267,282,0.12439347154830172,2477,270,0.10900282599919257
HellaSwag,validation,discovery,664,2268,270,0.11904761904761904,2478,250,0.10088781275221953
HellaSwag,validation,discovery,665,2268,240,0.10582010582010581,2478,266,0.10734463276836158
HellaSwag,validation,discovery,666,2268,219,0.09656084656084656,2478,279,0.11259079903147699
HellaSwag,validation,discovery,667,2266,261,0.11518093556928509,2478,259,0.10451977401129943
HellaSwag,validation,discovery,668,2268,240,0.10582010582010581,2476,273,0.11025848142164782
HellaSwag,validation,discovery,669,2266,218,0.09620476610767872,2476,266,0.1074313408723748
HellaSwag,validation,discovery,670,2268,332,0.14638447971781304,2479,243,0.09802339653085922
HellaSwag,validation,discovery,671,2266,202,0.08914386584289496,2478,234,0.09443099273607748
HellaSwag,validation,discovery,672,2268,290,0.12786596119929453,2478,281,0.11339790153349476
HellaSwag,validation,discovery,673,2268,263,0.11596119929453262,2479,276,0.11133521581282775
HellaSwag,validation,discovery,674,2268,257,0.11331569664902998,2478,228,0.09200968523002422
HellaSwag,validation,discovery,675,2268,252,0.1111111111111111,2479,288,0.11617587736990723
HellaSwag,validation,discovery,676,2268,222,0.09788359788359788,2478,244,0.09846650524616626
HellaSwag,validation,discovery,677,2267,266,0.11733568592853992,2477,281,0.11344368187323375
HellaSwag,validation,discovery,678,2267,250,0.11027790030877813,2479,233,0.09398951189995966
HellaSwag,validation,discovery,679,2268,226,0.09964726631393298,2476,234,0.09450726978998385
HellaSwag,validation,discovery,680,2268,314,0.1384479717813051,2476,300,0.12116316639741519
HellaSwag,validation,discovery,681,2267,271,0.11954124393471548,2478,342,0.13801452784503632
HellaSwag,validation,discovery,682,2268,227,0.10008818342151675,2478,243,0.09806295399515738
HellaSwag,validation,discovery,683,2268,254,0.11199294532627865,2477,282,0.11384739604360113
HellaSwag,validation,discovery,684,2266,244,0.10767872903795234,2478,295,0.11904761904761904
HellaSwag,validation,discovery,685,2267,264,0.1164534627260697,2478,263,0.10613397901533494
HellaSwag,validation,discovery,686,2267,250,0.11027790030877813,2477,269,0.10859911182882519
HellaSwag,validation,discovery,687,2267,235,0.10366122629025143,2479,280,0.11294876966518758
HellaSwag,validation,discovery,688,2268,266,0.11728395061728394,2478,266,0.10734463276836158
HellaSwag,validation,discovery,689,2268,224,0.09876543209876543,2477,245,0.09890997174000807
HellaSwag,validation,discovery,690,2264,254,0.11219081272084806,2478,256,0.1033091202582728
HellaSwag,validation,discovery,691,2268,205,0.09038800705467372,2476,273,0.11025848142164782
HellaSwag,validation,discovery,692,2267,275,0.12130569033965594,2475,259,0.10464646464646464
HellaSwag,validation,discovery,693,2268,235,0.10361552028218694,2479,270,0.10891488503428802
HellaSwag,validation,discovery,694,2267,227,0.10013233348037054,2479,207,0.08350141185962082
HellaSwag,validation,discovery,695,2268,225,0.0992063492063492,2478,230,0.09281678773204197
HellaSwag,validation,discovery,696,2266,282,0.12444836716681378,2478,265,0.10694108151735271
HellaSwag,validation,discovery,697,2268,243,0.10714285714285714,2478,250,0.10088781275221953
HellaSwag,validation,discovery,698,2268,268,0.11816578483245149,2477,290,0.11707710940654018
HellaSwag,validation,discovery,699,2268,262,0.11552028218694885,2475,271,0.10949494949494949
HellaSwag,validation,discovery,700,2268,250,0.11022927689594356,2479,272,0.10972166196046793
HellaSwag,validation,discovery,701,2268,275,0.12125220458553791,2478,262,0.10573042776432606
HellaSwag,validation,discovery,702,2267,258,0.11380679311865902,2478,268,0.10815173527037934
HellaSwag,validation,discovery,703,2268,258,0.11375661375661375,2477,278,0.11223253936213161
HellaSwag,validation,discovery,704,2266,252,0.11120917917034422,2476,260,0.1050080775444265
HellaSwag,validation,discovery,705,2268,286,0.12610229276895943,2479,247,0.09963695038321904
HellaSwag,validation,discovery,706,2268,241,0.10626102292768959,2477,282,0.11384739604360113
HellaSwag,validation,discovery,707,2268,218,0.09611992945326278,2477,217,0.08760597496972143
HellaSwag,validation,discovery,708,2268,206,0.09082892416225749,2477,239,0.09648768671780379
HellaSwag,validation,discovery,709,2268,285,0.12566137566137567,2478,245,0.09887005649717515
HellaSwag,validation,discovery,710,2268,235,0.10361552028218694,2476,212,0.08562197092084006
HellaSwag,validation,discovery,711,2266,257,0.11341571050308914,2475,260,0.10505050505050505
HellaSwag,validation,discovery,712,2267,276,0.12174680194089105,2474,266,0.10751818916734034
HellaSwag,validation,discovery,713,2268,253,0.11155202821869488,2478,241,0.09725585149313963
HellaSwag,validation,discovery,714,2267,244,0.10763123070136744,2479,266,0.1073013311819282
HellaSwag,validation,discovery,715,2268,258,0.11375661375661375,2477,273,0.1102139685102947
HellaSwag,validation,discovery,716,2268,211,0.09303350970017636,2478,247,0.0996771589991929
HellaSwag,validation,discovery,717,2268,251,0.11067019400352733,2479,257,0.1036708350141186
HellaSwag,validation,discovery,718,2268,248,0.10934744268077601,2474,196,0.07922392886014551
HellaSwag,validation,discovery,719,2267,206,0.09086898985443317,2476,244,0.09854604200323101
HellaSwag,validation,discovery,720,2267,216,0.0952801058667843,2477,264,0.1065805409769883
HellaSwag,validation,discovery,721,2268,241,0.10626102292768959,2478,244,0.09846650524616626
HellaSwag,validation,discovery,722,2267,224,0.09880899867666519,2478,287,0.11581920903954802
HellaSwag,validation,discovery,723,2267,248,0.10939567710630789,2476,267,0.10783521809369952
HellaSwag,validation,discovery,724,2267,279,0.12307013674459638,2478,273,0.11016949152542373
HellaSwag,validation,discovery,725,2267,247,0.10895456550507278,2479,292,0.11778943122226704
HellaSwag,validation,discovery,726,2268,238,0.10493827160493827,2475,222,0.08969696969696969
HellaSwag,validation,discovery,727,2267,291,0.12836347595941774,2477,304,0.12272910779168349
HellaSwag,validation,discovery,728,2267,222,0.09792677547419497,2478,278,0.11218724778046812
HellaSwag,validation,discovery,729,2268,268,0.11816578483245149,2478,233,0.0940274414850686
HellaSwag,validation,discovery,730,2266,281,0.12400706090026478,2478,189,0.07627118644067797
HellaSwag,validation,discovery,731,2267,263,0.11601235112483459,2479,241,0.09721661960467931
HellaSwag,validation,discovery,732,2268,226,0.09964726631393298,2478,269,0.10855528652138821
HellaSwag,validation,discovery,733,2267,262,0.11557123952359948,2478,307,0.12389023405972559
HellaSwag,validation,discovery,734,2268,236,0.10405643738977072,2477,260,0.10496568429551877
HellaSwag,validation,discovery,735,2268,236,0.10405643738977072,2476,286,0.11550888529886914
HellaSwag,validation,discovery,736,2268,280,0.12345679012345678,2476,233,0.09410339256865913
HellaSwag,validation,discovery,737,2268,261,0.11507936507936507,2473,255,0.10311362717347351
HellaSwag,validation,discovery,738,2268,286,0.12610229276895943,2478,225,0.09079903147699758
HellaSwag,validation,discovery,739,2267,295,0.1301279223643582,2477,259,0.1045619701251514
HellaSwag,validation,discovery,740,2268,282,0.12433862433862433,2477,260,0.10496568429551877
HellaSwag,validation,discovery,741,2268,228,0.10052910052910052,2478,242,0.09765940274414851
HellaSwag,validation,discovery,742,2266,256,0.11297440423654016,2477,264,0.1065805409769883
HellaSwag,validation,discovery,743,2267,248,0.10939567710630789,2479,267,0.10770471964501815
HellaSwag,validation,discovery,744,2268,219,0.09656084656084656,2476,238,0.09612277867528271
HellaSwag,validation,discovery,745,2268,270,0.11904761904761904,2479,275,0.11093182734973779
HellaSwag,validation,discovery,746,2267,254,0.11204234671371857,2478,245,0.09887005649717515
HellaSwag,validation,discovery,747,2268,213,0.09391534391534391,2478,244,0.09846650524616626
HellaSwag,validation,discovery,748,2267,287,0.12659902955447727,2477,282,0.11384739604360113
HellaSwag,validation,discovery,749,2267,236,0.10410233789148654,2478,239,0.09644874899112187
HellaSwag,validation,discovery,750,2266,267,0.117828773168579,2477,272,0.10981025433992733
HellaSwag,validation,discovery,751,2267,241,0.10630789589766211,2475,230,0.09292929292929293
HellaSwag,validation,discovery,752,2268,284,0.12522045855379188,2479,302,0.1218233158531666
HellaSwag,validation,discovery,753,2268,284,0.12522045855379188,2478,305,0.12308313155770782
HellaSwag,validation,discovery,754,2267,243,0.10719011910013233,2477,256,0.10335082761404925
HellaSwag,validation,discovery,755,2267,228,0.10057344508160565,2477,269,0.10859911182882519
HellaSwag,validation,discovery,756,2268,272,0.11992945326278659,2478,332,0.13397901533494755
HellaSwag,validation,discovery,757,2266,235,0.10370697263901148,2474,234,0.09458367016976556
HellaSwag,validation,discovery,758,2266,228,0.10061782877316858,2476,280,0.11308562197092084
HellaSwag,validation,discovery,759,2266,233,0.1028243601059135,2478,244,0.09846650524616626
HellaSwag,validation,discovery,760,2267,201,0.0886634318482576,2477,266,0.10738796931772306
HellaSwag,validation,discovery,761,2268,293,0.12918871252204586,2478,302,0.12187247780468119
HellaSwag,validation,discovery,762,2268,278,0.12257495590828923,2478,271,0.10936238902340598
HellaSwag,validation,discovery,763,2267,247,0.10895456550507278,2476,264,0.10662358642972536
HellaSwag,validation,discovery,764,2267,255,0.11248345831495368,2475,283,0.11434343434343434
HellaSwag,validation,discovery,765,2268,236,0.10405643738977072,2479,244,0.09842678499394918
HellaSwag,validation,discovery,766,2267,270,0.11910013233348037,2477,264,0.1065805409769883
HellaSwag,validation,discovery,767,2268,260,0.1146384479717813,2478,290,0.11702986279257466
HellaSwag,validation,discovery,768,2267,199,0.08778120864578738,2478,243,0.09806295399515738
HellaSwag,validation,discovery,769,2267,295,0.1301279223643582,2478,306,0.1234866828087167
HellaSwag,validation,discovery,770,2267,232,0.1023378914865461,2478,253,0.10209846650524616
HellaSwag,validation,discovery,771,2267,260,0.11468901632112924,2478,313,0.12631154156577887
HellaSwag,validation,discovery,772,2267,246,0.10851345390383767,2478,230,0.09281678773204197
HellaSwag,validation,discovery,773,2268,226,0.09964726631393298,2477,238,0.09608397254743642
HellaSwag,validation,discovery,774,2267,255,0.11248345831495368,2477,260,0.10496568429551877
HellaSwag,validation,discovery,775,2268,253,0.11155202821869488,2478,280,0.11299435028248588
HellaSwag,validation,discovery,776,2267,231,0.10189677988531098,2477,231,0.09325797335486476
HellaSwag,validation,discovery,777,2268,258,0.11375661375661375,2477,276,0.11142511102139685
HellaSwag,validation,discovery,778,2268,316,0.13932980599647266,2477,268,0.10819539765845781
HellaSwag,validation,discovery,779,2268,264,0.1164021164021164,2478,277,0.11178369652945924
HellaSwag,validation,discovery,780,2267,286,0.12615791795324216,2477,282,0.11384739604360113
HellaSwag,validation,discovery,781,2268,217,0.09567901234567901,2477,261,0.10536939846588615
HellaSwag,validation,discovery,782,2268,308,0.13580246913580246,2477,260,0.10496568429551877
HellaSwag,validation,discovery,783,2268,267,0.11772486772486772,2478,279,0.11259079903147699
HellaSwag,validation,discovery,784,2267,256,0.1129245699161888,2479,244,0.09842678499394918
HellaSwag,validation,discovery,785,2267,296,0.1305690339655933,2477,288,0.11626968106580542
HellaSwag,validation,discovery,786,2268,224,0.09876543209876543,2477,245,0.09890997174000807
HellaSwag,validation,discovery,787,2267,283,0.12483458314953683,2477,286,0.11546225272507064
HellaSwag,validation,discovery,788,2268,280,0.12345679012345678,2477,232,0.09366168752523213
HellaSwag,validation,discovery,789,2267,287,0.12659902955447727,2479,308,0.12424364663170634
HellaSwag,validation,discovery,790,2268,236,0.10405643738977072,2478,253,0.10209846650524616
HellaSwag,validation,discovery,791,2267,287,0.12659902955447727,2476,262,0.10581583198707593
HellaSwag,validation,discovery,792,2267,235,0.10366122629025143,2477,293,0.1182882519176423
HellaSwag,validation,discovery,793,2268,267,0.11772486772486772,2477,290,0.11707710940654018
HellaSwag,validation,discovery,794,2268,246,0.10846560846560846,2478,249,0.10048426150121065
HellaSwag,validation,discovery,795,2268,248,0.10934744268077601,2479,267,0.10770471964501815
HellaSwag,validation,discovery,796,2267,239,0.10542567269519189,2479,296,0.11940298507462686
HellaSwag,validation,discovery,797,2267,238,0.10498456109395678,2476,289,0.1167205169628433
HellaSwag,validation,discovery,798,2266,288,0.12709620476610767,2476,286,0.11550888529886914
HellaSwag,validation,discovery,799,2267,226,0.09969122187913543,2476,262,0.10581583198707593
HellaSwag,validation,discovery,800,2268,249,0.10978835978835978,2479,260,0.10488100040338846
HellaSwag,validation,discovery,801,2267,227,0.10013233348037054,2477,240,0.09689140088817118
HellaSwag,validation,discovery,802,2268,215,0.09479717813051146,2475,263,0.10626262626262627
HellaSwag,validation,discovery,803,2268,263,0.11596119929453262,2479,241,0.09721661960467931
HellaSwag,validation,discovery,804,2268,280,0.12345679012345678,2479,302,0.1218233158531666
HellaSwag,validation,discovery,805,2266,256,0.11297440423654016,2479,327,0.1319080274304155
HellaSwag,validation,discovery,806,2268,236,0.10405643738977072,2478,257,0.10371267150928168
HellaSwag,validation,discovery,807,2267,251,0.11071901191001324,2478,244,0.09846650524616626
HellaSwag,validation,discovery,808,2268,274,0.12081128747795414,2477,276,0.11142511102139685
HellaSwag,validation,discovery,809,2266,202,0.08914386584289496,2479,266,0.1073013311819282
HellaSwag,validation,discovery,810,2268,223,0.09832451499118165,2478,249,0.10048426150121065
HellaSwag,validation,discovery,811,2268,272,0.11992945326278659,2478,253,0.10209846650524616
HellaSwag,validation,discovery,812,2268,283,0.1247795414462081,2479,242,0.09762000806776926
HellaSwag,validation,discovery,813,2267,269,0.11865902073224525,2479,268,0.10810810810810811
HellaSwag,validation,discovery,814,2268,254,0.11199294532627865,2478,265,0.10694108151735271
HellaSwag,validation,discovery,815,2267,272,0.1199823555359506,2478,243,0.09806295399515738
HellaSwag,validation,discovery,816,2268,306,0.1349206349206349,2478,299,0.12066182405165456
HellaSwag,validation,discovery,817,2267,209,0.09219232465813851,2479,266,0.1073013311819282
HellaSwag,validation,discovery,818,2268,278,0.12257495590828923,2479,259,0.1044776119402985
HellaSwag,validation,discovery,819,2268,245,0.10802469135802469,2478,220,0.08878127522195318
HellaSwag,validation,discovery,820,2267,228,0.10057344508160565,2478,308,0.12429378531073447
HellaSwag,validation,discovery,821,2266,234,0.10326566637246248,2478,261,0.1053268765133172
HellaSwag,validation,discovery,822,2268,247,0.10890652557319223,2476,263,0.10621970920840064
HellaSwag,validation,discovery,823,2268,272,0.11992945326278659,2478,283,0.11420500403551251
HellaSwag,validation,discovery,824,2268,285,0.12566137566137567,2479,271,0.10931827349737798
HellaSwag,validation,discovery,825,2268,307,0.1353615520282187,2477,272,0.10981025433992733
HellaSwag,validation,discovery,826,2267,298,0.13145125716806352,2479,269,0.10851149657119806
HellaSwag,validation,discovery,827,2268,242,0.10670194003527336,2479,244,0.09842678499394918
HellaSwag,validation,discovery,828,2265,252,0.11125827814569536,2477,258,0.10415825595478401
HellaSwag,validation,discovery,829,2268,288,0.12698412698412698,2479,297,0.11980637353771682
HellaSwag,validation,discovery,830,2267,248,0.10939567710630789,2475,238,0.09616161616161616
HellaSwag,validation,discovery,831,2264,203,0.0896643109540636,2477,273,0.1102139685102947
HellaSwag,validation,discovery,832,2268,274,0.12081128747795414,2477,280,0.11303996770286637
HellaSwag,validation,discovery,833,2268,255,0.11243386243386243,2478,277,0.11178369652945924
HellaSwag,validation,discovery,834,2268,252,0.1111111111111111,2474,247,0.09983831851253032
HellaSwag,validation,discovery,835,2266,287,0.1266548984995587,2478,296,0.11945117029862792
HellaSwag,validation,discovery,836,2266,229,0.10105913503971757,2476,239,0.09652665589660743
HellaSwag,validation,discovery,837,2268,236,0.10405643738977072,2475,267,0.10787878787878788
HellaSwag,validation,discovery,838,2266,292,0.12886142983230361,2477,270,0.10900282599919257
HellaSwag,validation,discovery,839,2266,244,0.10767872903795234,2477,235,0.09487283003633427
HellaSwag,validation,discovery,840,2268,296,0.13051146384479717,2479,288,0.11617587736990723
HellaSwag,validation,discovery,841,2267,251,0.11071901191001324,2478,251,0.10129136400322841
HellaSwag,validation,discovery,842,2268,240,0.10582010582010581,2475,311,0.12565656565656566
HellaSwag,validation,discovery,843,2268,206,0.09082892416225749,2478,253,0.10209846650524616
HellaSwag,validation,discovery,844,2268,272,0.11992945326278659,2479,322,0.12989108511496572
HellaSwag,validation,discovery,845,2268,256,0.1128747795414462,2478,255,0.10290556900726393
HellaSwag,validation,discovery,846,2267,284,0.12527569475077194,2477,306,0.12353653613241825
HellaSwag,validation,discovery,847,2267,220,0.09704455227172475,2477,245,0.09890997174000807
HellaSwag,validation,discovery,848,2267,256,0.1129245699161888,2477,267,0.10779168348809043
HellaSwag,validation,discovery,849,2268,312,0.13756613756613756,2476,236,0.09531502423263329
HellaSwag,validation,discovery,850,2268,220,0.09700176366843033,2478,249,0.10048426150121065
HellaSwag,validation,discovery,851,2267,288,0.12704014115571238,2478,259,0.10451977401129943
HellaSwag,validation,discovery,852,2268,272,0.11992945326278659,2478,286,0.11541565778853914
HellaSwag,validation,discovery,853,2268,224,0.09876543209876543,2475,219,0.08848484848484849
HellaSwag,validation,discovery,854,2268,281,0.12389770723104056,2478,307,0.12389023405972559
HellaSwag,validation,discovery,855,2268,242,0.10670194003527336,2479,296,0.11940298507462686
HellaSwag,validation,discovery,856,2268,250,0.11022927689594356,2479,226,0.09116579265832997
HellaSwag,validation,discovery,857,2268,267,0.11772486772486772,2479,275,0.11093182734973779
HellaSwag,validation,discovery,858,2267,281,0.1239523599470666,2478,304,0.12267958030669895
HellaSwag,validation,discovery,859,2268,243,0.10714285714285714,2478,258,0.10411622276029056
HellaSwag,validation,discovery,860,2266,268,0.11827007943512798,2477,265,0.10698425514735567
HellaSwag,validation,discovery,861,2267,209,0.09219232465813851,2474,235,0.09498787388843978
HellaSwag,validation,discovery,862,2268,197,0.08686067019400352,2479,264,0.10649455425574829
HellaSwag,validation,discovery,863,2267,277,0.12218791354212616,2478,282,0.11380145278450363
HellaSwag,validation,discovery,864,2267,237,0.10454344949272165,2478,238,0.096045197740113
HellaSwag,validation,discovery,865,2268,284,0.12522045855379188,2476,294,0.11873990306946688
HellaSwag,validation,discovery,866,2266,252,0.11120917917034422,2477,222,0.08962454582155834
HellaSwag,validation,discovery,867,2267,303,0.13365681517423908,2476,293,0.11833602584814217
HellaSwag,validation,discovery,868,2268,238,0.10493827160493827,2478,271,0.10936238902340598
HellaSwag,validation,discovery,869,2267,242,0.10674900749889722,2479,231,0.09318273497377975
HellaSwag,validation,discovery,870,2268,255,0.11243386243386243,2479,269,0.10851149657119806
HellaSwag,validation,discovery,871,2267,243,0.10719011910013233,2479,226,0.09116579265832997
HellaSwag,validation,discovery,872,2268,306,0.1349206349206349,2478,262,0.10573042776432606
HellaSwag,validation,discovery,873,2267,237,0.10454344949272165,2478,224,0.0903954802259887
HellaSwag,validation,discovery,874,2268,253,0.11155202821869488,2477,226,0.09123940250302785
HellaSwag,validation,discovery,875,2267,240,0.105866784296427,2479,307,0.12384025816861638
HellaSwag,validation,discovery,876,2268,321,0.14153439153439154,2479,355,0.14320290439693426
HellaSwag,validation,discovery,877,2268,225,0.0992063492063492,2478,259,0.10451977401129943
HellaSwag,validation,discovery,878,2267,258,0.11380679311865902,2479,297,0.11980637353771682
HellaSwag,validation,discovery,879,2268,192,0.08465608465608465,2475,243,0.09818181818181818
HellaSwag,validation,discovery,880,2267,241,0.10630789589766211,2478,307,0.12389023405972559
HellaSwag,validation,discovery,881,2268,260,0.1146384479717813,2478,238,0.096045197740113
HellaSwag,validation,discovery,882,2268,226,0.09964726631393298,2476,265,0.10702746365105008
HellaSwag,validation,discovery,883,2268,263,0.11596119929453262,2478,339,0.1368038740920097
HellaSwag,validation,discovery,884,2268,219,0.09656084656084656,2475,279,0.11272727272727273
HellaSwag,validation,discovery,885,2268,238,0.10493827160493827,2477,286,0.11546225272507064
HellaSwag,validation,discovery,886,2266,235,0.10370697263901148,2479,270,0.10891488503428802
HellaSwag,validation,discovery,887,2268,224,0.09876543209876543,2477,254,0.10254339927331449
HellaSwag,validation,discovery,888,2268,240,0.10582010582010581,2478,234,0.09443099273607748
HellaSwag,validation,discovery,889,2268,286,0.12610229276895943,2479,235,0.09479628882613957
HellaSwag,validation,discovery,890,2267,253,0.11160123511248346,2475,263,0.10626262626262627
HellaSwag,validation,discovery,891,2268,244,0.10758377425044091,2477,284,0.11465482438433588
HellaSwag,validation,discovery,892,2268,257,0.11331569664902998,2479,242,0.09762000806776926
HellaSwag,validation,discovery,893,2268,223,0.09832451499118165,2478,231,0.09322033898305085
HellaSwag,validation,discovery,894,2266,228,0.10061782877316858,2477,257,0.10375454178441663
HellaSwag,validation,discovery,895,2268,249,0.10978835978835978,2478,263,0.10613397901533494
HellaSwag,validation,discovery,896,2268,220,0.09700176366843033,2478,273,0.11016949152542373
HellaSwag,validation,discovery,897,2268,254,0.11199294532627865,2478,295,0.11904761904761904
HellaSwag,validation,discovery,898,2267,254,0.11204234671371857,2475,269,0.10868686868686869
HellaSwag,validation,discovery,899,2267,293,0.12924569916188797,2475,314,0.12686868686868688
HellaSwag,validation,discovery,900,2268,231,0.10185185185185185,2479,308,0.12424364663170634
HellaSwag,validation,discovery,901,2266,237,0.10458958517210945,2478,248,0.10008071025020178
HellaSwag,validation,discovery,902,2266,226,0.0997352162400706,2479,243,0.09802339653085922
HellaSwag,validation,discovery,903,2268,255,0.11243386243386243,2478,302,0.12187247780468119
HellaSwag,validation,discovery,904,2267,251,0.11071901191001324,2478,293,0.11824051654560129
HellaSwag,validation,discovery,905,2267,253,0.11160123511248346,2477,211,0.08518368994751715
HellaSwag,validation,discovery,906,2268,187,0.08245149911816578,2479,216,0.08713190802743041
HellaSwag,validation,discovery,907,2266,277,0.12224183583406885,2478,238,0.096045197740113
HellaSwag,validation,discovery,908,2267,283,0.12483458314953683,2477,271,0.10940654016955995
HellaSwag,validation,discovery,909,2268,277,0.12213403880070546,2479,279,0.11254538120209762
HellaSwag,validation,discovery,910,2268,242,0.10670194003527336,2477,242,0.09769882922890594
HellaSwag,validation,discovery,911,2268,284,0.12522045855379188,2478,277,0.11178369652945924
HellaSwag,validation,discovery,912,2267,315,0.13895015438906044,2478,289,0.11662631154156577
HellaSwag,validation,discovery,913,2267,270,0.11910013233348037,2479,260,0.10488100040338846
HellaSwag,validation,discovery,914,2267,221,0.09748566387295986,2479,270,0.10891488503428802
HellaSwag,validation,discovery,915,2268,242,0.10670194003527336,2474,261,0.10549717057396928
HellaSwag,validation,discovery,916,2268,239,0.10537918871252204,2476,232,0.09369951534733441
HellaSwag,validation,discovery,917,2266,234,0.10326566637246248,2478,268,0.10815173527037934
HellaSwag,validation,discovery,918,2268,233,0.1027336860670194,2479,249,0.10044372730939895
HellaSwag,validation,discovery,919,2267,241,0.10630789589766211,2478,271,0.10936238902340598
HellaSwag,validation,discovery,920,2268,228,0.10052910052910052,2478,260,0.10492332526230831
HellaSwag,validation,discovery,921,2267,287,0.12659902955447727,2475,270,0.10909090909090909
HellaSwag,validation,discovery,922,2268,252,0.1111111111111111,2477,222,0.08962454582155834
HellaSwag,validation,discovery,923,2268,234,0.10317460317460317,2477,272,0.10981025433992733
HellaSwag,validation,discovery,924,2268,246,0.10846560846560846,2478,289,0.11662631154156577
HellaSwag,validation,discovery,925,2268,265,0.11684303350970017,2476,264,0.10662358642972536
HellaSwag,validation,discovery,926,2268,274,0.12081128747795414,2478,280,0.11299435028248588
HellaSwag,validation,discovery,927,2267,270,0.11910013233348037,2478,279,0.11259079903147699
HellaSwag,validation,discovery,928,2267,228,0.10057344508160565,2479,245,0.09883017345703912
HellaSwag,validation,discovery,929,2266,253,0.11165048543689321,2479,297,0.11980637353771682
HellaSwag,validation,discovery,930,2268,281,0.12389770723104056,2479,258,0.10407422347720856
HellaSwag,validation,discovery,931,2267,262,0.11557123952359948,2479,254,0.10246066962484873
HellaSwag,validation,discovery,932,2266,251,0.11076787290379524,2477,284,0.11465482438433588
HellaSwag,validation,discovery,933,2267,242,0.10674900749889722,2479,265,0.10689794271883823
HellaSwag,validation,discovery,934,2268,257,0.11331569664902998,2479,323,0.13029447357805568
HellaSwag,validation,discovery,935,2268,262,0.11552028218694885,2478,323,0.13034705407586764
HellaSwag,validation,discovery,936,2268,272,0.11992945326278659,2477,333,0.1344368187323375
HellaSwag,validation,discovery,937,2267,273,0.12042346713718571,2478,288,0.1162227602905569
HellaSwag,validation,discovery,938,2268,242,0.10670194003527336,2479,227,0.09156918112141993
HellaSwag,validation,discovery,939,2268,239,0.10537918871252204,2477,270,0.10900282599919257
HellaSwag,validation,discovery,940,2267,276,0.12174680194089105,2479,264,0.10649455425574829
HellaSwag,validation,discovery,941,2268,235,0.10361552028218694,2477,276,0.11142511102139685
HellaSwag,validation,discovery,942,2266,299,0.1319505736981465,2479,260,0.10488100040338846
HellaSwag,validation,discovery,943,2268,245,0.10802469135802469,2478,266,0.10734463276836158
HellaSwag,validation,discovery,944,2266,239,0.10547219770520741,2479,302,0.1218233158531666
HellaSwag,validation,discovery,945,2267,236,0.10410233789148654,2478,260,0.10492332526230831
HellaSwag,validation,discovery,946,2268,225,0.0992063492063492,2478,261,0.1053268765133172
HellaSwag,validation,discovery,947,2267,265,0.11689457432730481,2479,316,0.127470754336426
HellaSwag,validation,discovery,948,2267,233,0.1027790030877812,2477,259,0.1045619701251514
HellaSwag,validation,discovery,949,2268,310,0.13668430335097,2477,284,0.11465482438433588
HellaSwag,validation,discovery,950,2267,250,0.11027790030877813,2478,270,0.1089588377723971
HellaSwag,validation,discovery,951,2268,243,0.10714285714285714,2478,243,0.09806295399515738
HellaSwag,validation,discovery,952,2268,232,0.10229276895943562,2479,325,0.13110125050423557
HellaSwag,validation,discovery,953,2266,230,0.10150044130626655,2479,275,0.11093182734973779
HellaSwag,validation,discovery,954,2268,228,0.10052910052910052,2478,224,0.0903954802259887
HellaSwag,validation,discovery,955,2267,269,0.11865902073224525,2478,261,0.1053268765133172
HellaSwag,validation,discovery,956,2268,216,0.09523809523809523,2479,269,0.10851149657119806
HellaSwag,validation,discovery,957,2268,278,0.12257495590828923,2478,257,0.10371267150928168
HellaSwag,validation,discovery,958,2268,271,0.11948853615520282,2479,234,0.09439290036304962
HellaSwag,validation,discovery,959,2266,307,0.1354810238305384,2476,263,0.10621970920840064
HellaSwag,validation,discovery,960,2268,238,0.10493827160493827,2476,251,0.10137318255250403
HellaSwag,validation,discovery,961,2267,239,0.10542567269519189,2479,218,0.08793868495361033
HellaSwag,validation,discovery,962,2267,225,0.0992501102779003,2478,220,0.08878127522195318
HellaSwag,validation,discovery,963,2267,275,0.12130569033965594,2476,262,0.10581583198707593
HellaSwag,validation,discovery,964,2267,245,0.10807234230260256,2478,224,0.0903954802259887
HellaSwag,validation,discovery,965,2266,241,0.10635481023830538,2479,246,0.09923356192012908
HellaSwag,validation,discovery,966,2265,263,0.11611479028697572,2476,247,0.09975767366720517
HellaSwag,validation,discovery,967,2267,281,0.1239523599470666,2479,255,0.10286405808793868
HellaSwag,validation,discovery,968,2266,265,0.11694616063548102,2476,252,0.10177705977382875
HellaSwag,validation,discovery,969,2267,226,0.09969122187913543,2476,225,0.09087237479806139
HellaSwag,validation,discovery,970,2268,215,0.09479717813051146,2477,253,0.10213968510294712
HellaSwag,validation,discovery,971,2268,258,0.11375661375661375,2478,293,0.11824051654560129
HellaSwag,validation,discovery,972,2267,260,0.11468901632112924,2479,259,0.1044776119402985
HellaSwag,validation,discovery,973,2267,236,0.10410233789148654,2477,257,0.10375454178441663
HellaSwag,validation,discovery,974,2266,288,0.12709620476610767,2479,245,0.09883017345703912
HellaSwag,validation,discovery,975,2268,252,0.1111111111111111,2478,247,0.0996771589991929
HellaSwag,validation,discovery,976,2268,233,0.1027336860670194,2479,240,0.09681323114158935
HellaSwag,validation,discovery,977,2267,259,0.11424790471989413,2479,258,0.10407422347720856
HellaSwag,validation,discovery,978,2268,252,0.1111111111111111,2477,256,0.10335082761404925
HellaSwag,validation,discovery,979,2267,255,0.11248345831495368,2478,286,0.11541565778853914
HellaSwag,validation,discovery,980,2268,228,0.10052910052910052,2479,243,0.09802339653085922
HellaSwag,validation,discovery,981,2267,288,0.12704014115571238,2478,271,0.10936238902340598
HellaSwag,validation,discovery,982,2268,241,0.10626102292768959,2476,306,0.12358642972536349
HellaSwag,validation,discovery,983,2268,252,0.1111111111111111,2478,261,0.1053268765133172
HellaSwag,validation,discovery,984,2267,278,0.12262902514336127,2478,267,0.10774818401937046
HellaSwag,validation,discovery,985,2268,285,0.12566137566137567,2477,347,0.14008881711748083
HellaSwag,validation,discovery,986,2268,276,0.12169312169312169,2479,302,0.1218233158531666
HellaSwag,validation,discovery,987,2267,239,0.10542567269519189,2477,260,0.10496568429551877
HellaSwag,validation,discovery,988,2268,242,0.10670194003527336,2479,240,0.09681323114158935
HellaSwag,validation,discovery,989,2267,280,0.12351124834583149,2479,283,0.11415893505445744
HellaSwag,validation,discovery,990,2268,235,0.10361552028218694,2477,230,0.09285425918449737
HellaSwag,validation,discovery,991,2266,254,0.11209179170344219,2478,295,0.11904761904761904
HellaSwag,validation,discovery,992,2268,207,0.09126984126984126,2475,236,0.09535353535353536
HellaSwag,validation,discovery,993,2268,247,0.10890652557319223,2479,258,0.10407422347720856
HellaSwag,validation,discovery,994,2267,238,0.10498456109395678,2478,295,0.11904761904761904
HellaSwag,validation,discovery,995,2268,243,0.10714285714285714,2478,253,0.10209846650524616
HellaSwag,validation,discovery,996,2268,207,0.09126984126984126,2478,237,0.09564164648910412
HellaSwag,validation,discovery,997,2268,283,0.1247795414462081,2477,324,0.1308033911990311
HellaSwag,validation,discovery,998,2268,245,0.10802469135802469,2479,256,0.10326744655102864
HellaSwag,validation,discovery,999,2267,336,0.1482134980149978,2476,198,0.07996768982229402
WinoGrande,discovery,validation,0,2810,1055,0.37544483985765126,2477,812,0.3278159063383125
WinoGrande,discovery,validation,1,2794,913,0.32677165354330706,2467,784,0.3177948925820835
WinoGrande,discovery,validation,2,2802,942,0.3361884368308351,2486,801,0.32220434432823813
WinoGrande,discovery,validation,3,2800,862,0.3078571428571429,2477,780,0.31489705288655634
WinoGrande,discovery,validation,4,2798,1016,0.3631165117941387,2486,801,0.32220434432823813
WinoGrande,discovery,validation,5,2801,1076,0.3841485183862906,2497,848,0.3396075290348418
WinoGrande,discovery,validation,6,2806,1042,0.3713471133285816,2504,886,0.3538338658146965
WinoGrande,discovery,validation,7,2810,993,0.35338078291814945,2464,763,0.3096590909090909
WinoGrande,discovery,validation,8,2800,930,0.33214285714285713,2456,788,0.32084690553745926
WinoGrande,discovery,validation,9,2815,1016,0.36092362344582596,2476,748,0.30210016155088854
WinoGrande,discovery,validation,10,2800,905,0.32321428571428573,2479,784,0.3162565550625252
WinoGrande,discovery,validation,11,2810,1014,0.3608540925266904,2489,772,0.3101647247890719
WinoGrande,discovery,validation,12,2817,1140,0.40468583599574015,2500,818,0.3272
WinoGrande,discovery,validation,13,2804,1031,0.36768901569186874,2494,824,0.33039294306335204
WinoGrande,discovery,validation,14,2802,1024,0.3654532476802284,2476,808,0.3263327948303716
WinoGrande,discovery,validation,15,2788,952,0.34146341463414637,2486,811,0.3262268704746581
WinoGrande,discovery,validation,16,2801,952,0.3398786147804356,2476,783,0.31623586429725364
WinoGrande,discovery,validation,17,2815,1122,0.3985790408525755,2482,751,0.30257856567284447
WinoGrande,discovery,validation,18,2790,930,0.3333333333333333,2456,719,0.2927524429967427
WinoGrande,discovery,validation,19,2800,919,0.32821428571428574,2472,779,0.3151294498381877
WinoGrande,discovery,validation,20,2794,946,0.33858267716535434,2486,757,0.3045052292839903
WinoGrande,discovery,validation,21,2791,1006,0.3604442852024364,2438,721,0.29573420836751435
WinoGrande,discovery,validation,22,2810,1140,0.40569395017793597,2490,887,0.3562248995983936
WinoGrande,discovery,validation,23,2813,965,0.3430501244223249,2505,818,0.3265469061876248
WinoGrande,discovery,validation,24,2806,1113,0.39665003563791873,2483,785,0.31614981876761983
WinoGrande,discovery,validation,25,2806,944,0.33642195295794725,2488,851,0.3420418006430868
WinoGrande,discovery,validation,26,2798,920,0.3288062902072909,2469,788,0.3191575536654516
WinoGrande,discovery,validation,27,2806,1018,0.36279401282965074,2473,826,0.33400727860897694
WinoGrande,discovery,validation,28,2795,994,0.3556350626118068,2455,708,0.2883910386965377
WinoGrande,discovery,validation,29,2823,937,0.33191640099185266,2482,687,0.2767929089443997
WinoGrande,discovery,validation,30,2819,1241,0.4402270308620078,2490,839,0.3369477911646586
WinoGrande,discovery,validation,31,2801,927,0.33095323098893253,2480,775,0.3125
WinoGrande,discovery,validation,32,2779,923,0.33213386110111554,2492,819,0.32865168539325845
WinoGrande,discovery,validation,33,2799,934,0.33369060378706683,2490,774,0.3108433734939759
WinoGrande,discovery,validation,34,2818,1000,0.35486160397445,2470,758,0.3068825910931174
WinoGrande,discovery,validation,35,2810,1115,0.39679715302491103,2486,838,0.337087691069992
WinoGrande,discovery,validation,36,2809,983,0.34994660021359913,2473,790,0.3194500606550748
WinoGrande,discovery,validation,37,2794,964,0.345025053686471,2493,777,0.31167268351383876
WinoGrande,discovery,validation,38,2801,959,0.3423777222420564,2497,884,0.3540248297957549
WinoGrande,discovery,validation,39,2797,956,0.34179478012155884,2479,754,0.3041549011698265
WinoGrande,discovery,validation,40,2798,997,0.35632594710507504,2488,837,0.33641479099678456
WinoGrande,discovery,validation,41,2808,920,0.32763532763532766,2497,754,0.3019623548257909
WinoGrande,discovery,validation,42,2811,1014,0.3607257203842049,2501,855,0.34186325469812073
WinoGrande,discovery,validation,43,2822,1151,0.40786676116229625,2505,844,0.33692614770459084
WinoGrande,discovery,validation,44,2811,1066,0.3792244752757026,2493,816,0.32731648616125153
WinoGrande,discovery,validation,45,2820,1084,0.3843971631205674,2491,759,0.30469690887193895
WinoGrande,discovery,validation,46,2810,1052,0.37437722419928826,2508,781,0.31140350877192985
WinoGrande,discovery,validation,47,2818,1120,0.397444996451384,2481,848,0.3417976622329706
WinoGrande,discovery,validation,48,2795,842,0.3012522361359571,2475,741,0.2993939393939394
WinoGrande,discovery,validation,49,2825,1050,0.37168141592920356,2490,774,0.3108433734939759
WinoGrande,discovery,validation,50,2799,855,0.3054662379421222,2486,768,0.3089300080450523
WinoGrande,discovery,validation,51,2797,978,0.3496603503754022,2492,823,0.33025682182985555
WinoGrande,discovery,validation,52,2801,951,0.3395215994287754,2495,715,0.2865731462925852
WinoGrande,discovery,validation,53,2798,1023,0.3656182987848463,2499,803,0.321328531412565
WinoGrande,discovery,validation,54,2823,1156,0.40949344668792065,2471,827,0.3346823148522865
WinoGrande,discovery,validation,55,2790,1029,0.3688172043010753,2471,767,0.3104006475111291
WinoGrande,discovery,validation,56,2815,1160,0.41207815275310833,2487,788,0.3168476075593084
WinoGrande,discovery,validation,57,2791,985,0.35292010032246507,2449,680,0.27766435279706003
WinoGrande,discovery,validation,58,2810,1149,0.4088967971530249,2496,854,0.3421474358974359
WinoGrande,discovery,validation,59,2810,924,0.3288256227758007,2492,796,0.31942215088282505
WinoGrande,discovery,validation,60,2790,959,0.34372759856630825,2481,738,0.2974607013301088
WinoGrande,discovery,validation,61,2808,962,0.3425925925925926,2483,697,0.2807088199758357
WinoGrande,discovery,validation,62,2815,942,0.3346358792184725,2495,822,0.3294589178356713
WinoGrande,discovery,validation,63,2801,1171,0.4180649767940021,2487,804,0.3232810615199035
WinoGrande,discovery,validation,64,2800,924,0.33,2496,800,0.32051282051282054
WinoGrande,discovery,validation,65,2799,959,0.3426223651304037,2464,815,0.330762987012987
WinoGrande,discovery,validation,66,2798,1027,0.367047891350965,2480,706,0.2846774193548387
WinoGrande,discovery,validation,67,2792,894,0.3202005730659026,2489,784,0.31498593812776216
WinoGrande,discovery,validation,68,2795,924,0.33059033989266545,2480,794,0.32016129032258067
WinoGrande,discovery,validation,69,2785,927,0.33285457809694796,2468,797,0.32293354943273905
WinoGrande,discovery,validation,70,2808,862,0.306980056980057,2493,659,0.26434015242679504
WinoGrande,discovery,validation,71,2782,977,0.3511861969805895,2480,817,0.3294354838709677
WinoGrande,discovery,validation,72,2803,952,0.3396361041740992,2492,797,0.3198234349919743
WinoGrande,discovery,validation,73,2797,954,0.3410797282803003,2472,831,0.33616504854368934
WinoGrande,discovery,validation,74,2803,1022,0.3646093471280771,2489,811,0.3258336681398152
WinoGrande,discovery,validation,75,2787,992,0.3559382848941514,2484,775,0.31199677938808373
WinoGrande,discovery,validation,76,2804,894,0.318830242510699,2480,744,0.3
WinoGrande,discovery,validation,77,2816,904,0.3210227272727273,2490,740,0.2971887550200803
WinoGrande,discovery,validation,78,2814,988,0.35110163468372424,2491,784,0.3147330389401847
WinoGrande,discovery,validation,79,2802,961,0.34296930763740185,2471,766,0.30999595305544314
WinoGrande,discovery,validation,80,2801,997,0.355944305605141,2498,776,0.31064851881505207
WinoGrande,discovery,validation,81,2812,1005,0.35739687055476527,2471,833,0.3371104815864023
WinoGrande,discovery,validation,82,2788,919,0.32962697274031566,2489,760,0.3053435114503817
WinoGrande,discovery,validation,83,2784,922,0.3311781609195402,2486,827,0.33266291230893
WinoGrande,discovery,validation,84,2784,914,0.32830459770114945,2485,784,0.3154929577464789
WinoGrande,discovery,validation,85,2794,879,0.31460272011453116,2456,762,0.31026058631921827
WinoGrande,discovery,validation,86,2789,995,0.3567586948727142,2481,817,0.32930270052398225
WinoGrande,discovery,validation,87,2801,975,0.34808996786861834,2491,741,0.29747089522280207
WinoGrande,discovery,validation,88,2800,932,0.33285714285714285,2473,685,0.2769915082895269
WinoGrande,discovery,validation,89,2817,958,0.34007809726659566,2476,806,0.3255250403877221
WinoGrande,discovery,validation,90,2801,1052,0.3755801499464477,2487,866,0.34821069561720946
WinoGrande,discovery,validation,91,2789,908,0.32556471853711005,2486,821,0.33024939662107805
WinoGrande,discovery,validation,92,2800,966,0.345,2485,815,0.32796780684104626
WinoGrande,discovery,validation,93,2797,976,0.34894529853414374,2488,778,0.31270096463022506
WinoGrande,discovery,validation,94,2804,955,0.3405848787446505,2476,730,0.2948303715670436
WinoGrande,discovery,validation,95,2807,1021,0.36373352333452086,2481,746,0.3006852075775897
WinoGrande,discovery,validation,96,2812,979,0.3481507823613087,2461,760,0.3088175538399025
WinoGrande,discovery,validation,97,2819,1140,0.4043987229514012,2493,776,0.3112715603690333
WinoGrande,discovery,validation,98,2800,961,0.3432142857142857,2479,732,0.2952803549818475
WinoGrande,discovery,validation,99,2795,992,0.3549194991055456,2494,738,0.29591018444266237
WinoGrande,discovery,validation,100,2791,915,0.32783948405589397,2476,743,0.3000807754442649
WinoGrande,discovery,validation,101,2790,988,0.3541218637992832,2446,786,0.321340964840556
WinoGrande,discovery,validation,102,2803,945,0.3371387798787014,2480,790,0.3185483870967742
WinoGrande,discovery,validation,103,2813,915,0.3252755065766086,2465,776,0.3148073022312373
WinoGrande,discovery,validation,104,2825,1172,0.41486725663716817,2467,794,0.32184839886501826
WinoGrande,discovery,validation,105,2805,1013,0.3611408199643494,2486,730,0.2936444086886565
WinoGrande,discovery,validation,106,2810,967,0.34412811387900355,2487,787,0.31644551668677123
WinoGrande,discovery,validation,107,2804,1017,0.36269614835948644,2487,796,0.320064334539606
WinoGrande,discovery,validation,108,2795,973,0.3481216457960644,2469,720,0.2916160388821385
WinoGrande,discovery,validation,109,2800,949,0.3389285714285714,2469,755,0.30579181855002024
WinoGrande,discovery,validation,110,2818,973,0.3452803406671398,2475,784,0.31676767676767675
WinoGrande,discovery,validation,111,2816,979,0.34765625,2492,814,0.32664526484751205
WinoGrande,discovery,validation,112,2814,1000,0.35536602700781805,2509,825,0.3288162614587485
WinoGrande,discovery,validation,113,2791,941,0.33715514152633463,2481,773,0.3115679161628376
WinoGrande,discovery,validation,114,2798,970,0.34667619728377413,2478,857,0.34584342211460856
WinoGrande,discovery,validation,115,2823,1078,0.38186326602904713,2496,671,0.2688301282051282
WinoGrande,discovery,validation,116,2824,1228,0.4348441926345609,2474,753,0.3043654001616815
WinoGrande,discovery,validation,117,2792,866,0.31017191977077363,2466,759,0.3077858880778589
WinoGrande,discovery,validation,118,2809,956,0.34033463866144537,2504,753,0.3007188498402556
WinoGrande,discovery,validation,119,2788,940,0.33715925394548063,2492,817,0.32784911717495985
WinoGrande,discovery,validation,120,2787,914,0.32795120200932903,2477,779,0.31449333871618895
WinoGrande,discovery,validation,121,2800,927,0.33107142857142857,2471,752,0.30433023067583975
WinoGrande,discovery,validation,122,2804,985,0.351283880171184,2473,777,0.3141932875050546
WinoGrande,discovery,validation,123,2813,1078,0.3832207607536438,2478,732,0.29539951573849876
WinoGrande,discovery,validation,124,2795,891,0.318783542039356,2484,754,0.3035426731078905
WinoGrande,discovery,validation,125,2805,979,0.34901960784313724,2473,878,0.35503437120905784
WinoGrande,discovery,validation,126,2804,988,0.35235378031383735,2486,806,0.3242156074014481
WinoGrande,discovery,validation,127,2811,1001,0.3561010316613305,2494,850,0.3408179631114675
WinoGrande,discovery,validation,128,2805,1048,0.37361853832442066,2484,798,0.321256038647343
WinoGrande,discovery,validation,129,2805,962,0.3429590017825312,2489,801,0.3218159903575733
WinoGrande,discovery,validation,130,2787,903,0.3240043057050592,2474,780,0.3152789005658852
WinoGrande,discovery,validation,131,2791,1021,0.3658187029738445,2465,758,0.30750507099391483
WinoGrande,discovery,validation,132,2794,892,0.3192555476020043,2479,648,0.2613957240822912
WinoGrande,discovery,validation,133,2821,942,0.3339241403757533,2477,851,0.34356075898264027
WinoGrande,discovery,validation,134,2805,940,0.33511586452762926,2489,789,0.31699477701888307
WinoGrande,discovery,validation,135,2811,924,0.3287086446104589,2485,849,0.34164989939637824
WinoGrande,discovery,validation,136,2811,932,0.33155460690145855,2481,740,0.29826682789197906
WinoGrande,discovery,validation,137,2801,1050,0.37486611924312746,2479,808,0.3259378781766841
WinoGrande,discovery,validation,138,2786,1016,0.3646805455850682,2473,833,0.33683784876668016
WinoGrande,discovery,validation,139,2790,1040,0.3727598566308244,2467,784,0.3177948925820835
WinoGrande,discovery,validation,140,2786,875,0.314070351758794,2463,689,0.2797401542833942
WinoGrande,discovery,validation,141,2824,1153,0.40828611898017,2499,818,0.3273309323729492
WinoGrande,discovery,validation,142,2791,898,0.3217484772482981,2472,712,0.28802588996763756
WinoGrande,discovery,validation,143,2800,925,0.33035714285714285,2491,789,0.3167402649538338
WinoGrande,discovery,validation,144,2799,1068,0.3815648445873526,2492,846,0.3394863563402889
WinoGrande,discovery,validation,145,2812,1016,0.3613086770981508,2492,841,0.33747993579454255
WinoGrande,discovery,validation,146,2806,952,0.33927298645759085,2507,770,0.30714000797766255
WinoGrande,discovery,validation,147,2799,811,0.2897463379778492,2478,701,0.2828894269572236
WinoGrande,discovery,validation,148,2797,911,0.32570611369324276,2494,750,0.30072173215717724
WinoGrande,discovery,validation,149,2831,1062,0.3751324620275521,2468,720,0.2917341977309562
WinoGrande,discovery,validation,150,2789,940,0.33703836500537826,2477,820,0.3310456197012515
WinoGrande,discovery,validation,151,2783,946,0.33992094861660077,2467,730,0.2959059586542359
WinoGrande,discovery,validation,152,2821,1140,0.4041120170152428,2497,792,0.31718061674008813
WinoGrande,discovery,validation,153,2811,991,0.3525435787975809,2481,791,0.31882305521966947
WinoGrande,discovery,validation,154,2807,938,0.3341645885286783,2480,792,0.3193548387096774
WinoGrande,discovery,validation,155,2822,998,0.35364989369241673,2468,754,0.3055105348460292
WinoGrande,discovery,validation,156,2792,954,0.34169054441260743,2480,772,0.31129032258064515
WinoGrande,discovery,validation,157,2811,940,0.3344005691924582,2506,769,0.3068635275339186
WinoGrande,discovery,validation,158,2809,976,0.34745461018155926,2466,804,0.3260340632603406
WinoGrande,discovery,validation,159,2793,919,0.32903687790905833,2469,740,0.2997164844066424
WinoGrande,discovery,validation,160,2805,959,0.3418894830659537,2491,837,0.3360096346848655
WinoGrande,discovery,validation,161,2805,1020,0.36363636363636365,2483,836,0.33668948852194924
WinoGrande,discovery,validation,162,2803,967,0.344987513378523,2483,838,0.3374949657672171
WinoGrande,discovery,validation,163,2817,966,0.34291799787007454,2510,752,0.299601593625498
WinoGrande,discovery,validation,164,2804,958,0.34165477888730383,2490,795,0.3192771084337349
WinoGrande,discovery,validation,165,2816,1160,0.4119318181818182,2493,712,0.28559967910148415
WinoGrande,discovery,validation,166,2819,1000,0.35473572188719404,2504,737,0.2943290734824281
WinoGrande,discovery,validation,167,2812,894,0.317923186344239,2492,815,0.3270465489566613
WinoGrande,discovery,validation,168,2814,1096,0.3894811656005686,2487,770,0.3096099718536389
WinoGrande,discovery,validation,169,2806,931,0.33178902352102635,2467,742,0.3007701661937576
WinoGrande,discovery,validation,170,2828,1025,0.36244695898161244,2489,754,0.30293290478103657
WinoGrande,discovery,validation,171,2797,1003,0.35859849839113334,2477,839,0.33871618893823174
WinoGrande,discovery,validation,172,2802,1023,0.36509635974304067,2480,775,0.3125
WinoGrande,discovery,validation,173,2807,962,0.3427146419665123,2481,841,0.33897621926642485
WinoGrande,discovery,validation,174,2804,917,0.32703281027104136,2473,754,0.3048928427011727
WinoGrande,discovery,validation,175,2808,967,0.34437321937321935,2484,767,0.30877616747181963
WinoGrande,discovery,validation,176,2796,935,0.3344062947067239,2461,786,0.3193823648923202
WinoGrande,discovery,validation,177,2813,1144,0.40668325630998936,2509,810,0.32283778397768037
WinoGrande,discovery,validation,178,2815,954,0.338898756660746,2497,797,0.3191830196235483
WinoGrande,discovery,validation,179,2802,1092,0.3897216274089936,2492,860,0.3451043338683788
WinoGrande,discovery,validation,180,2793,851,0.3046902971715002,2486,744,0.29927594529364443
WinoGrande,discovery,validation,181,2783,904,0.3248293208767517,2474,719,0.2906224737267583
WinoGrande,discovery,validation,182,2799,949,0.33904966059306896,2480,790,0.3185483870967742
WinoGrande,discovery,validation,183,2810,1053,0.3747330960854093,2503,872,0.34838194166999603
WinoGrande,discovery,validation,184,2811,934,0.3322660974742085,2480,731,0.294758064516129
WinoGrande,discovery,validation,185,2823,1068,0.3783209351753454,2487,763,0.3067953357458786
WinoGrande,discovery,validation,186,2805,932,0.3322638146167558,2477,775,0.3128784820347194
WinoGrande,discovery,validation,187,2804,839,0.2992154065620542,2483,712,0.28674989931534434
WinoGrande,discovery,validation,188,2809,963,0.34282662869348524,2481,783,0.31559854897218864
WinoGrande,discovery,validation,189,2821,1075,0.38107054236086496,2495,880,0.3527054108216433
WinoGrande,discovery,validation,190,2803,975,0.34784159828754907,2485,781,0.3142857142857143
WinoGrande,discovery,validation,191,2815,1188,0.42202486678507994,2489,897,0.3603856970670952
WinoGrande,discovery,validation,192,2792,1063,0.38073065902578795,2478,791,0.3192090395480226
WinoGrande,discovery,validation,193,2809,911,0.324314702741189,2487,811,0.3260956976276638
WinoGrande,discovery,validation,194,2785,863,0.30987432675044885,2486,763,0.3069187449718423
WinoGrande,discovery,validation,195,2796,993,0.3551502145922747,2478,755,0.304681194511703
WinoGrande,discovery,validation,196,2801,933,0.3330953230988932,2491,815,0.32717784022480934
WinoGrande,discovery,validation,197,2796,923,0.3301144492131617,2491,751,0.30148534725010034
WinoGrande,discovery,validation,198,2796,920,0.3290414878397711,2470,750,0.30364372469635625
WinoGrande,discovery,validation,199,2813,1089,0.38713117667970137,2503,877,0.35037954454654413
WinoGrande,discovery,validation,200,2803,1004,0.3581876560827685,2472,756,0.3058252427184466
WinoGrande,discovery,validation,201,2803,1015,0.3621120228326793,2492,835,0.33507223113964685
WinoGrande,discovery,validation,202,2825,1244,0.44035398230088496,2491,793,0.3183460457647531
WinoGrande,discovery,validation,203,2801,887,0.3166726169225277,2479,750,0.30254134731746674
WinoGrande,discovery,validation,204,2793,943,0.3376297887576083,2474,798,0.322554567502021
WinoGrande,discovery,validation,205,2807,905,0.3224082650516566,2497,787,0.315178213856628
WinoGrande,discovery,validation,206,2803,925,0.3300035676061363,2477,788,0.3181267662494954
WinoGrande,discovery,validation,207,2795,953,0.3409660107334526,2451,774,0.3157894736842105
WinoGrande,discovery,validation,208,2818,1018,0.36124911284599004,2489,741,0.29770992366412213
WinoGrande,discovery,validation,209,2801,923,0.32952516958229205,2480,692,0.27903225806451615
WinoGrande,discovery,validation,210,2795,1007,0.3602862254025045,2481,848,0.3417976622329706
WinoGrande,discovery,validation,211,2813,1024,0.36402417348027016,2481,782,0.31519548569125355
WinoGrande,discovery,validation,212,2808,915,0.32585470085470086,2483,721,0.2903745469190495
WinoGrande,discovery,validation,213,2795,949,0.3395348837209302,2482,800,0.32232070910556004
WinoGrande,discovery,validation,214,2810,955,0.3398576512455516,2501,771,0.30827668932427027
WinoGrande,discovery,validation,215,2793,891,0.31901181525241673,2481,679,0.2736799677549375
WinoGrande,discovery,validation,216,2789,912,0.3269989243456436,2467,779,0.31576813944061616
WinoGrande,discovery,validation,217,2820,1090,0.38652482269503546,2505,792,0.3161676646706587
WinoGrande,discovery,validation,218,2802,1003,0.3579586009992862,2479,783,0.31585316659943524
WinoGrande,discovery,validation,219,2814,926,0.3290689410092395,2480,764,0.30806451612903224
WinoGrande,discovery,validation,220,2805,1060,0.3778966131907308,2484,839,0.33776167471819646
WinoGrande,discovery,validation,221,2813,1061,0.37717739068610023,2489,806,0.32382482924869427
WinoGrande,discovery,validation,222,2806,1061,0.3781183178902352,2495,813,0.32585170340681363
WinoGrande,discovery,validation,223,2795,953,0.3409660107334526,2487,752,0.30237233614796943
WinoGrande,discovery,validation,224,2775,961,0.3463063063063063,2469,759,0.30741190765492105
WinoGrande,discovery,validation,225,2788,966,0.3464849354375897,2491,822,0.3299879566439181
WinoGrande,discovery,validation,226,2809,998,0.3552865788536846,2487,783,0.3148371531966224
WinoGrande,discovery,validation,227,2803,1015,0.3621120228326793,2467,739,0.2995541143088772
WinoGrande,discovery,validation,228,2812,894,0.317923186344239,2498,799,0.3198558847077662
WinoGrande,discovery,validation,229,2817,900,0.3194888178913738,2489,734,0.2948975492165528
WinoGrande,discovery,validation,230,2794,917,0.3282032927702219,2478,829,0.33454398708635996
WinoGrande,discovery,validation,231,2791,938,0.33608025797205304,2478,696,0.28087167070217917
WinoGrande,discovery,validation,232,2786,953,0.34206748025843503,2490,801,0.3216867469879518
WinoGrande,discovery,validation,233,2808,1012,0.3603988603988604,2490,787,0.31606425702811247
WinoGrande,discovery,validation,234,2794,973,0.34824624194702936,2490,780,0.3132530120481928
WinoGrande,discovery,validation,235,2801,1012,0.3612995358800428,2480,766,0.3088709677419355
WinoGrande,discovery,validation,236,2804,878,0.3131241084165478,2499,827,0.33093237294917965
WinoGrande,discovery,validation,237,2814,1014,0.3603411513859275,2490,861,0.3457831325301205
WinoGrande,discovery,validation,238,2805,932,0.3322638146167558,2470,756,0.3060728744939271
WinoGrande,discovery,validation,239,2778,928,0.33405327573794097,2480,772,0.31129032258064515
WinoGrande,discovery,validation,240,2795,1001,0.3581395348837209,2497,750,0.30036043251902284
WinoGrande,discovery,validation,241,2811,1017,0.3617929562433298,2495,858,0.3438877755511022
WinoGrande,discovery,validation,242,2811,869,0.30914265385983636,2469,778,0.3151073309031997
WinoGrande,discovery,validation,243,2769,908,0.3279162152401589,2464,703,0.28530844155844154
WinoGrande,discovery,validation,244,2795,880,0.3148479427549195,2484,743,0.29911433172302737
WinoGrande,discovery,validation,245,2805,909,0.3240641711229946,2480,793,0.31975806451612904
WinoGrande,discovery,validation,246,2811,896,0.31874777659196013,2501,807,0.32267093162734906
WinoGrande,discovery,validation,247,2808,846,0.30128205128205127,2486,759,0.3053097345132743
WinoGrande,discovery,validation,248,2796,987,0.3530042918454936,2487,775,0.3116204262163249
WinoGrande,discovery,validation,249,2795,895,0.32021466905187834,2493,738,0.296028880866426
WinoGrande,discovery,validation,250,2792,924,0.330945558739255,2473,772,0.3121714516781237
WinoGrande,discovery,validation,251,2819,1021,0.3621851720468251,2476,814,0.3287560581583199
WinoGrande,discovery,validation,252,2812,1026,0.36486486486486486,2477,740,0.2987484860718611
WinoGrande,discovery,validation,253,2808,940,0.33475783475783477,2490,828,0.3325301204819277
WinoGrande,discovery,validation,254,2796,1052,0.37625178826895567,2496,754,0.3020833333333333
WinoGrande,discovery,validation,255,2799,922,0.3294033583422651,2484,786,0.3164251207729469
WinoGrande,discovery,validation,256,2794,958,0.3428775948460988,2473,742,0.3000404367165386
WinoGrande,discovery,validation,257,2794,944,0.33786685755189694,2481,750,0.3022974607013301
WinoGrande,discovery,validation,258,2799,1016,0.36298678099321185,2480,791,0.3189516129032258
WinoGrande,discovery,validation,259,2810,1037,0.36903914590747333,2476,824,0.33279483037156704
WinoGrande,discovery,validation,260,2824,918,0.32507082152974504,2481,813,0.32769044740024184
WinoGrande,discovery,validation,261,2802,933,0.3329764453961456,2484,827,0.3329307568438003
WinoGrande,discovery,validation,262,2805,1006,0.3586452762923351,2487,829,0.3333333333333333
WinoGrande,discovery,validation,263,2817,1026,0.36421725239616615,2485,809,0.3255533199195171
WinoGrande,discovery,validation,264,2829,1276,0.4510427712972782,2461,755,0.30678585940674524
WinoGrande,discovery,validation,265,2803,969,0.3457010346057795,2489,794,0.31900361591000403
WinoGrande,discovery,validation,266,2795,926,0.3313059033989267,2492,841,0.33747993579454255
WinoGrande,discovery,validation,267,2780,1061,0.3816546762589928,2479,747,0.30133118192819686
WinoGrande,discovery,validation,268,2808,1055,0.37571225071225073,2491,844,0.33881975110397433
WinoGrande,discovery,validation,269,2789,981,0.3517389745428469,2478,792,0.3196125907990315
WinoGrande,discovery,validation,270,2812,967,0.3438833570412518,2496,802,0.3213141025641026
WinoGrande,discovery,validation,271,2805,1067,0.3803921568627451,2489,825,0.3314584170349538
WinoGrande,discovery,validation,272,2816,997,0.35404829545454547,2502,865,0.3457234212629896
WinoGrande,discovery,validation,273,2804,1101,0.3926533523537803,2488,802,0.32234726688102894
WinoGrande,discovery,validation,274,2809,1137,0.40477038091847634,2476,730,0.2948303715670436
WinoGrande,discovery,validation,275,2789,881,0.31588382932950876,2480,696,0.2806451612903226
WinoGrande,discovery,validation,276,2799,1034,0.3694176491604144,2492,775,0.3109951845906902
WinoGrande,discovery,validation,277,2788,821,0.29447632711621236,2477,698,0.28179249091643116
WinoGrande,discovery,validation,278,2788,904,0.3242467718794835,2475,735,0.296969696969697
WinoGrande,discovery,validation,279,2799,935,0.3340478742408003,2487,805,0.32368315239244067
WinoGrande,discovery,validation,280,2816,910,0.3231534090909091,2496,757,0.3032852564102564
WinoGrande,discovery,validation,281,2810,965,0.34341637010676157,2486,753,0.3028962188254224
WinoGrande,discovery,validation,282,2808,989,0.3522079772079772,2490,784,0.314859437751004
WinoGrande,discovery,validation,283,2793,875,0.3132832080200501,2477,744,0.30036334275333065
WinoGrande,discovery,validation,284,2801,1017,0.36308461263834346,2491,708,0.2842232035327178
WinoGrande,discovery,validation,285,2810,933,0.3320284697508897,2490,768,0.30843373493975906
WinoGrande,discovery,validation,286,2795,1032,0.36923076923076925,2489,804,0.32302129369224586
WinoGrande,discovery,validation,287,2811,1026,0.3649946638207044,2493,770,0.30886482150020056
WinoGrande,discovery,validation,288,2811,941,0.33475631447883314,2470,807,0.32672064777327936
WinoGrande,discovery,validation,289,2798,929,0.3320228734810579,2500,795,0.318
WinoGrande,discovery,validation,290,2803,972,0.3467713164466643,2479,810,0.32674465510286405
WinoGrande,discovery,validation,291,2788,1074,0.38522238163558103,2466,786,0.31873479318734793
WinoGrande,discovery,validation,292,2818,1057,0.3750887154009936,2503,819,0.3272073511785857
WinoGrande,discovery,validation,293,2803,1059,0.3778094898323225,2492,740,0.2969502407704655
WinoGrande,discovery,validation,294,2816,888,0.3153409090909091,2506,781,0.31165203511572226
WinoGrande,discovery,validation,295,2799,992,0.3544122901036084,2479,826,0.33319887051230335
WinoGrande,discovery,validation,296,2794,971,0.34753042233357195,2478,833,0.3361581920903955
WinoGrande,discovery,validation,297,2805,961,0.342602495543672,2498,811,0.3246597277822258
WinoGrande,discovery,validation,298,2821,1014,0.35944700460829493,2466,806,0.32684509326845096
WinoGrande,discovery,validation,299,2802,1056,0.37687366167023556,2495,883,0.3539078156312625
WinoGrande,discovery,validation,300,2800,1057,0.3775,2482,724,0.29170024174053183
WinoGrande,discovery,validation,301,2804,1020,0.3637660485021398,2482,816,0.3287671232876712
WinoGrande,discovery,validation,302,2803,918,0.3275062433107385,2494,806,0.3231756214915798
WinoGrande,discovery,validation,303,2811,1018,0.36214870152970474,2472,781,0.31593851132686085
WinoGrande,discovery,validation,304,2796,928,0.3319027181688126,2469,774,0.3134872417982989
WinoGrande,discovery,validation,305,2816,994,0.35298295454545453,2490,782,0.3140562248995984
WinoGrande,discovery,validation,306,2825,1110,0.3929203539823009,2487,802,0.3224768797748291
WinoGrande,discovery,validation,307,2828,981,0.3468882602545969,2486,777,0.31255028157683024
WinoGrande,discovery,validation,308,2817,1011,0.3588924387646432,2500,834,0.3336
WinoGrande,discovery,validation,309,2806,944,0.33642195295794725,2489,813,0.32663720369626353
WinoGrande,discovery,validation,310,2785,936,0.33608617594254936,2485,831,0.33440643863179076
WinoGrande,discovery,validation,311,2808,1102,0.3924501424501424,2482,854,0.3440773569701853
WinoGrande,discovery,validation,312,2810,1004,0.3572953736654804,2491,793,0.3183460457647531
WinoGrande,discovery,validation,313,2807,1148,0.4089775561097257,2495,787,0.3154308617234469
WinoGrande,discovery,validation,314,2815,1019,0.36198934280639433,2489,824,0.3310566492567296
WinoGrande,discovery,validation,315,2827,1153,0.4078528475415635,2492,749,0.300561797752809
WinoGrande,discovery,validation,316,2823,1145,0.40559688274884875,2459,871,0.35420902806018706
WinoGrande,discovery,validation,317,2814,1129,0.40120824449182657,2486,754,0.3032984714400644
WinoGrande,discovery,validation,318,2810,934,0.3323843416370107,2478,777,0.3135593220338983
WinoGrande,discovery,validation,319,2805,1018,0.36292335115864527,2475,737,0.29777777777777775
WinoGrande,discovery,validation,320,2817,1035,0.36741214057507987,2509,829,0.3304105221203667
WinoGrande,discovery,validation,321,2807,907,0.3231207695048094,2454,732,0.2982885085574572
WinoGrande,discovery,validation,322,2807,1016,0.3619522622016388,2477,822,0.3318530480419863
WinoGrande,discovery,validation,323,2804,1030,0.3673323823109843,2471,789,0.31930392553622017
WinoGrande,discovery,validation,324,2772,1077,0.38852813852813856,2483,715,0.2879581151832461
WinoGrande,discovery,validation,325,2807,1004,0.3576772354827218,2494,800,0.32076984763432237
WinoGrande,discovery,validation,326,2791,959,0.34360444285202435,2488,723,0.29059485530546625
WinoGrande,discovery,validation,327,2800,961,0.3432142857142857,2485,716,0.2881287726358149
WinoGrande,discovery,validation,328,2799,1021,0.36477313326187927,2474,735,0.29708973322554566
WinoGrande,discovery,validation,329,2802,916,0.3269093504639543,2499,794,0.31772709083633455
WinoGrande,discovery,validation,330,2796,873,0.31223175965665234,2490,784,0.314859437751004
WinoGrande,discovery,validation,331,2803,970,0.34605779521940777,2467,813,0.32955006080259425
WinoGrande,discovery,validation,332,2821,920,0.32612548741581,2493,806,0.32330525471319693
WinoGrande,discovery,validation,333,2802,1026,0.36616702355460384,2489,838,0.3366813981518682
WinoGrande,discovery,validation,334,2807,999,0.35589597434983966,2499,791,0.3165266106442577
WinoGrande,discovery,validation,335,2792,969,0.34706303724928367,2485,747,0.3006036217303823
WinoGrande,discovery,validation,336,2786,978,0.35104091888011485,2468,747,0.3026742301458671
WinoGrande,discovery,validation,337,2822,1020,0.3614457831325301,2495,843,0.337875751503006
WinoGrande,discovery,validation,338,2802,892,0.31834403997144894,2492,702,0.28170144462279295
WinoGrande,discovery,validation,339,2819,1082,0.38382405108194395,2491,811,0.32557205941389
WinoGrande,discovery,validation,340,2805,1000,0.35650623885918004,2477,776,0.3132821962050868
WinoGrande,discovery,validation,341,2795,976,0.34919499105545615,2478,741,0.2990314769975787
WinoGrande,discovery,validation,342,2805,1006,0.3586452762923351,2505,762,0.30419161676646705
WinoGrande,discovery,validation,343,2807,1023,0.36444602778767365,2455,760,0.3095723014256619
WinoGrande,discovery,validation,344,2809,948,0.3374866500533998,2463,772,0.31343889565570443
WinoGrande,discovery,validation,345,2806,1032,0.3677833214540271,2479,774,0.31222267043162566
WinoGrande,discovery,validation,346,2793,1014,0.36305048335123524,2490,784,0.314859437751004
WinoGrande,discovery,validation,347,2793,898,0.32151808091657713,2489,800,0.32141422257934915
WinoGrande,discovery,validation,348,2788,865,0.3102582496413199,2480,686,0.27661290322580645
WinoGrande,discovery,validation,349,2814,958,0.3404406538734897,2479,787,0.3174667204517951
WinoGrande,discovery,validation,350,2799,963,0.3440514469453376,2488,762,0.3062700964630225
WinoGrande,discovery,validation,351,2806,961,0.34248039914469,2493,755,0.3028479743281187
WinoGrande,discovery,validation,352,2821,1089,0.3860333215171925,2507,847,0.3378540087754288
WinoGrande,discovery,validation,353,2808,949,0.33796296296296297,2470,717,0.2902834008097166
WinoGrande,discovery,validation,354,2809,1027,0.3656105375578498,2486,787,0.3165728077232502
WinoGrande,discovery,validation,355,2798,966,0.34524660471765545,2474,794,0.32093775262732416
WinoGrande,discovery,validation,356,2817,1150,0.40823571175008877,2498,911,0.3646917534027222
WinoGrande,discovery,validation,357,2782,974,0.3501078360891445,2451,783,0.31946144430844553
WinoGrande,discovery,validation,358,2792,949,0.3398997134670487,2467,795,0.3222537494933117
WinoGrande,discovery,validation,359,2800,988,0.35285714285714287,2486,767,0.3085277554304103
WinoGrande,discovery,validation,360,2815,1132,0.40213143872113677,2482,780,0.314262691377921
WinoGrande,discovery,validation,361,2794,874,0.31281317108088763,2483,699,0.2815142972211035
WinoGrande,discovery,validation,362,2804,968,0.34522111269614836,2480,732,0.29516129032258065
WinoGrande,discovery,validation,363,2797,957,0.34215230604218805,2493,780,0.3128760529482551
WinoGrande,discovery,validation,364,2816,1129,0.40092329545454547,2482,803,0.3235294117647059
WinoGrande,discovery,validation,365,2805,1103,0.3932263814616756,2493,820,0.3289209787404733
WinoGrande,discovery,validation,366,2781,944,0.3394462423588637,2497,828,0.3315979175010012
WinoGrande,discovery,validation,367,2791,955,0.3421712647796489,2466,800,0.32441200324412
WinoGrande,discovery,validation,368,2811,944,0.335823550337958,2471,771,0.31201942533387295
WinoGrande,discovery,validation,369,2809,893,0.31790672837308653,2484,759,0.3055555555555556
WinoGrande,discovery,validation,370,2778,931,0.3351331893448524,2475,773,0.31232323232323234
WinoGrande,discovery,validation,371,2800,808,0.2885714285714286,2463,736,0.2988225740966301
WinoGrande,discovery,validation,372,2805,1017,0.3625668449197861,2485,816,0.3283702213279678
WinoGrande,discovery,validation,373,2811,1014,0.3607257203842049,2488,733,0.29461414790996787
WinoGrande,discovery,validation,374,2799,987,0.35262593783494106,2491,804,0.3227619429947812
WinoGrande,discovery,validation,375,2798,997,0.35632594710507504,2483,744,0.2996375352396295
WinoGrande,discovery,validation,376,2811,943,0.3354678050515831,2498,768,0.3074459567654123
WinoGrande,discovery,validation,377,2777,980,0.35289881166726683,2478,718,0.2897497982243745
WinoGrande,discovery,validation,378,2805,900,0.32085561497326204,2503,787,0.31442269276867757
WinoGrande,discovery,validation,379,2815,987,0.3506216696269982,2487,806,0.3240852432649779
WinoGrande,discovery,validation,380,2817,1097,0.38942137025204115,2477,851,0.34356075898264027
WinoGrande,discovery,validation,381,2806,850,0.3029223093371347,2499,702,0.2809123649459784
WinoGrande,discovery,validation,382,2814,1033,0.36709310589907607,2477,827,0.33387161889382316
WinoGrande,discovery,validation,383,2795,995,0.3559928443649374,2497,814,0.32599118942731276
WinoGrande,discovery,validation,384,2803,1110,0.3960042811273635,2470,815,0.3299595141700405
WinoGrande,discovery,validation,385,2812,999,0.35526315789473684,2464,751,0.304788961038961
WinoGrande,discovery,validation,386,2793,1035,0.37056928034371645,2481,788,0.31761386537686415
WinoGrande,discovery,validation,387,2796,894,0.3197424892703863,2457,747,0.304029304029304
WinoGrande,discovery,validation,388,2808,1049,0.3735754985754986,2499,865,0.3461384553821529
WinoGrande,discovery,validation,389,2794,948,0.33929849677881174,2476,769,0.3105815831987076
WinoGrande,discovery,validation,390,2798,901,0.3220157255182273,2457,786,0.3199023199023199
WinoGrande,discovery,validation,391,2818,1051,0.3729595457771469,2482,792,0.31909750201450443
WinoGrande,discovery,validation,392,2813,967,0.3437611091361536,2485,763,0.30704225352112674
WinoGrande,discovery,validation,393,2802,898,0.3204853675945753,2491,782,0.313930148534725
WinoGrande,discovery,validation,394,2801,1027,0.3666547661549447,2483,804,0.32380185259766414
WinoGrande,discovery,validation,395,2800,1077,0.3846428571428571,2473,775,0.31338455317428227
WinoGrande,discovery,validation,396,2802,1006,0.3590292648108494,2501,772,0.3086765293882447
WinoGrande,discovery,validation,397,2791,913,0.3271228950197062,2493,811,0.32531087043722423
WinoGrande,discovery,validation,398,2798,988,0.3531093638313081,2481,790,0.3184199919387344
WinoGrande,discovery,validation,399,2807,978,0.34841467759173494,2476,809,0.32673667205169626
WinoGrande,discovery,validation,400,2807,1045,0.37228357677235485,2482,732,0.29492344883158744
WinoGrande,discovery,validation,401,2821,1145,0.40588443814250263,2490,831,0.3337349397590361
WinoGrande,discovery,validation,402,2807,954,0.33986462415390095,2493,789,0.3164861612515042
WinoGrande,discovery,validation,403,2803,1068,0.3810203353549768,2485,809,0.3255533199195171
WinoGrande,discovery,validation,404,2797,908,0.324633535931355,2482,707,0.28485092667203865
WinoGrande,discovery,validation,405,2813,948,0.3370067543547814,2493,746,0.2992378660248696
WinoGrande,discovery,validation,406,2821,1019,0.36121942573555477,2500,868,0.3472
WinoGrande,discovery,validation,407,2801,1051,0.37522313459478757,2496,729,0.2920673076923077
WinoGrande,discovery,validation,408,2801,914,0.32631203141735093,2487,854,0.3433856051467632
WinoGrande,discovery,validation,409,2794,871,0.3117394416607015,2473,717,0.28993125758188437
WinoGrande,discovery,validation,410,2799,910,0.3251161128974634,2490,832,0.334136546184739
WinoGrande,discovery,validation,411,2809,999,0.3556425774296903,2492,845,0.33908507223113965
WinoGrande,discovery,validation,412,2816,895,0.31782670454545453,2485,801,0.32233400402414486
WinoGrande,discovery,validation,413,2800,1034,0.3692857142857143,2492,862,0.34590690208667735
WinoGrande,discovery,validation,414,2805,965,0.34402852049910876,2496,855,0.3425480769230769
WinoGrande,discovery,validation,415,2818,980,0.34776437189496096,2481,775,0.31237404272470776
WinoGrande,discovery,validation,416,2814,1015,0.36069651741293535,2489,851,0.34190437926878264
WinoGrande,discovery,validation,417,2790,927,0.33225806451612905,2480,742,0.2991935483870968
WinoGrande,discovery,validation,418,2816,962,0.3416193181818182,2490,681,0.27349397590361446
WinoGrande,discovery,validation,419,2806,888,0.3164647184604419,2503,782,0.31242508989212947
WinoGrande,discovery,validation,420,2814,930,0.3304904051172708,2467,808,0.32752330766112686
WinoGrande,discovery,validation,421,2807,980,0.3491271820448878,2496,847,0.33934294871794873
WinoGrande,discovery,validation,422,2804,999,0.35627674750356636,2495,774,0.31022044088176354
WinoGrande,discovery,validation,423,2798,970,0.34667619728377413,2477,739,0.2983447719014937
WinoGrande,discovery,validation,424,2795,1031,0.36887298747763864,2479,767,0.30939895118999594
WinoGrande,discovery,validation,425,2793,911,0.32617257429287505,2482,707,0.28485092667203865
WinoGrande,discovery,validation,426,2794,1023,0.3661417322834646,2458,785,0.3193653376729048
WinoGrande,discovery,validation,427,2793,1033,0.3698532044396706,2483,796,0.3205799436165928
WinoGrande,discovery,validation,428,2814,1009,0.35856432125088844,2486,689,0.27715205148833466
WinoGrande,discovery,validation,429,2781,906,0.325782092772384,2482,711,0.28646253021756646
WinoGrande,discovery,validation,430,2804,964,0.3437945791726106,2482,789,0.3178887993553586
WinoGrande,discovery,validation,431,2814,1020,0.3624733475479744,2482,794,0.31990330378726833
WinoGrande,discovery,validation,432,2807,970,0.3455646597791236,2488,829,0.33319935691318325
WinoGrande,discovery,validation,433,2783,1027,0.36902623068630974,2479,782,0.3154497781363453
WinoGrande,discovery,validation,434,2812,961,0.34174964438122335,2480,750,0.3024193548387097
WinoGrande,discovery,validation,435,2830,1063,0.3756183745583039,2480,841,0.33911290322580645
WinoGrande,discovery,validation,436,2808,1016,0.36182336182336183,2499,780,0.31212484993997597
WinoGrande,discovery,validation,437,2812,953,0.33890469416785207,2493,751,0.3012434817488969
WinoGrande,discovery,validation,438,2803,863,0.30788440956118446,2483,748,0.3012484897301651
WinoGrande,discovery,validation,439,2787,890,0.31933979189092215,2494,721,0.28909382518043303
WinoGrande,discovery,validation,440,2823,1188,0.4208289054197662,2490,746,0.2995983935742972
WinoGrande,discovery,validation,441,2797,1066,0.38112263139077585,2476,832,0.3360258481421648
WinoGrande,discovery,validation,442,2791,1071,0.3837334288785382,2486,890,0.3580048270313757
WinoGrande,discovery,validation,443,2793,886,0.3172216254923022,2471,745,0.30149736948603806
WinoGrande,discovery,validation,444,2796,927,0.3315450643776824,2495,800,0.32064128256513025
WinoGrande,discovery,validation,445,2804,940,0.33523537803138376,2475,820,0.33131313131313134
WinoGrande,discovery,validation,446,2769,893,0.3224990971469845,2459,832,0.3383489223261488
WinoGrande,discovery,validation,447,2806,968,0.3449750534568781,2460,802,0.3260162601626016
WinoGrande,discovery,validation,448,2801,876,0.31274544805426635,2478,669,0.26997578692493945
WinoGrande,discovery,validation,449,2807,1001,0.3566084788029925,2478,790,0.3188054882970137
WinoGrande,discovery,validation,450,2808,1083,0.3856837606837607,2495,744,0.29819639278557114
WinoGrande,discovery,validation,451,2817,1029,0.3652822151224707,2500,848,0.3392
WinoGrande,discovery,validation,452,2777,896,0.3226503420957868,2467,709,0.287393595460073
WinoGrande,discovery,validation,453,2805,954,0.34010695187165774,2481,818,0.3297057638049174
WinoGrande,discovery,validation,454,2807,1090,0.38831492696829356,2481,820,0.3305118903667876
WinoGrande,discovery,validation,455,2805,963,0.3433155080213904,2472,795,0.32160194174757284
WinoGrande,discovery,validation,456,2802,950,0.3390435403283369,2501,752,0.3006797281087565
WinoGrande,discovery,validation,457,2783,901,0.3237513474667625,2478,755,0.304681194511703
WinoGrande,discovery,validation,458,2813,950,0.33771773906861,2492,794,0.3186195826645265
WinoGrande,discovery,validation,459,2796,970,0.3469241773962804,2492,801,0.32142857142857145
WinoGrande,discovery,validation,460,2795,966,0.3456171735241503,2468,677,0.27431118314424635
WinoGrande,discovery,validation,461,2804,984,0.3509272467902996,2495,835,0.3346693386773547
WinoGrande,discovery,validation,462,2777,910,0.3276917536910335,2460,748,0.3040650406504065
WinoGrande,discovery,validation,463,2803,1028,0.3667499108098466,2475,816,0.3296969696969697
WinoGrande,discovery,validation,464,2789,940,0.33703836500537826,2490,753,0.3024096385542169
WinoGrande,discovery,validation,465,2813,1067,0.3793103448275862,2472,800,0.32362459546925565
WinoGrande,discovery,validation,466,2805,1103,0.3932263814616756,2475,768,0.3103030303030303
WinoGrande,discovery,validation,467,2810,1031,0.36690391459074734,2490,786,0.3156626506024096
WinoGrande,discovery,validation,468,2817,1034,0.36705715299964503,2490,829,0.3329317269076305
WinoGrande,discovery,validation,469,2795,901,0.3223613595706619,2482,769,0.3098307816277196
WinoGrande,discovery,validation,470,2809,988,0.35172659309362764,2496,720,0.28846153846153844
WinoGrande,discovery,validation,471,2772,1016,0.3665223665223665,2480,787,0.31733870967741934
WinoGrande,discovery,validation,472,2791,1014,0.3633106413471874,2473,806,0.3259199353012535
WinoGrande,discovery,validation,473,2797,924,0.330353950661423,2481,735,0.2962515114873035
WinoGrande,discovery,validation,474,2821,972,0.3445586671393123,2505,765,0.30538922155688625
WinoGrande,discovery,validation,475,2805,1076,0.3836007130124777,2476,699,0.2823101777059774
WinoGrande,discovery,validation,476,2803,1047,0.37352836246878346,2486,763,0.3069187449718423
WinoGrande,discovery,validation,477,2793,914,0.3272466881489438,2485,800,0.32193158953722334
WinoGrande,discovery,validation,478,2794,983,0.35182534001431637,2479,832,0.3356192012908431
WinoGrande,discovery,validation,479,2808,1007,0.35861823361823364,2504,766,0.3059105431309904
WinoGrande,discovery,validation,480,2797,1026,0.366821594565606,2480,817,0.3294354838709677
WinoGrande,discovery,validation,481,2814,963,0.3422174840085288,2494,809,0.3243785084202085
WinoGrande,discovery,validation,482,2811,987,0.3511205976520811,2501,813,0.32506997201119553
WinoGrande,discovery,validation,483,2819,1066,0.37814827953174884,2501,857,0.3426629348260696
WinoGrande,discovery,validation,484,2807,991,0.35304595653722837,2497,754,0.3019623548257909
WinoGrande,discovery,validation,485,2798,1004,0.3588277340957827,2479,806,0.32513110125050426
WinoGrande,discovery,validation,486,2779,840,0.3022670025188917,2475,674,0.2723232323232323
WinoGrande,discovery,validation,487,2788,980,0.351506456241033,2480,851,0.3431451612903226
WinoGrande,discovery,validation,488,2792,899,0.3219914040114613,2467,758,0.30725577624645317
WinoGrande,discovery,validation,489,2797,927,0.33142652842331066,2488,779,0.31310289389067525
WinoGrande,discovery,validation,490,2794,946,0.33858267716535434,2495,772,0.3094188376753507
WinoGrande,discovery,validation,491,2794,916,0.3278453829634932,2492,763,0.3061797752808989
WinoGrande,discovery,validation,492,2816,1072,0.3806818181818182,2491,799,0.32075471698113206
WinoGrande,discovery,validation,493,2806,1025,0.36528866714183894,2483,848,0.3415223519935562
WinoGrande,discovery,validation,494,2802,966,0.34475374732334046,2485,776,0.3122736418511066
WinoGrande,discovery,validation,495,2790,945,0.3387096774193548,2481,704,0.2837565497783152
WinoGrande,discovery,validation,496,2782,975,0.35046728971962615,2453,740,0.3016714227476559
WinoGrande,discovery,validation,497,2801,1054,0.37629418064976794,2497,719,0.2879455346415699
WinoGrande,discovery,validation,498,2809,862,0.3068707725169099,2494,743,0.2979149959903769
WinoGrande,discovery,validation,499,2799,984,0.3515541264737406,2483,840,0.3383004430124849
WinoGrande,discovery,validation,500,2828,1171,0.4140735502121641,2504,809,0.3230830670926518
WinoGrande,discovery,validation,501,2824,1246,0.4412181303116147,2495,861,0.3450901803607214
WinoGrande,discovery,validation,502,2806,1068,0.3806129722024234,2491,733,0.29425933360096346
WinoGrande,discovery,validation,503,2808,907,0.323005698005698,2475,808,0.32646464646464646
WinoGrande,discovery,validation,504,2807,940,0.33487709298183116,2478,786,0.3171912832929782
WinoGrande,discovery,validation,505,2794,854,0.30565497494631355,2467,746,0.3023915687069315
WinoGrande,discovery,validation,506,2784,978,0.35129310344827586,2474,789,0.3189167340339531
WinoGrande,discovery,validation,507,2777,840,0.30248469571480013,2477,713,0.28784820347194184
WinoGrande,discovery,validation,508,2801,868,0.30988932524098534,2489,763,0.30654881478505425
WinoGrande,discovery,validation,509,2818,1149,0.407735982966643,2504,818,0.3266773162939297
WinoGrande,discovery,validation,510,2820,921,0.32659574468085106,2496,702,0.28125
WinoGrande,discovery,validation,511,2794,993,0.35540443808160344,2487,777,0.31242460796139926
WinoGrande,discovery,validation,512,2804,1027,0.36626248216833096,2485,877,0.3529175050301811
WinoGrande,discovery,validation,513,2810,1000,0.35587188612099646,2491,757,0.30389401846647934
WinoGrande,discovery,validation,514,2804,1006,0.3587731811697575,2485,768,0.3090543259557344
WinoGrande,discovery,validation,515,2816,1023,0.36328125,2484,888,0.357487922705314
WinoGrande,discovery,validation,516,2818,988,0.35060326472675657,2478,834,0.3365617433414044
WinoGrande,discovery,validation,517,2803,959,0.34213342846949696,2484,710,0.285829307568438
WinoGrande,discovery,validation,518,2818,991,0.3516678495386799,2484,746,0.3003220611916264
WinoGrande,discovery,validation,519,2793,894,0.3200859291084855,2479,735,0.2964905203711174
WinoGrande,discovery,validation,520,2816,1029,0.3654119318181818,2478,664,0.2679580306698951
WinoGrande,discovery,validation,521,2795,922,0.3298747763864043,2492,802,0.3218298555377207
WinoGrande,discovery,validation,522,2812,949,0.33748221906116643,2480,762,0.307258064516129
WinoGrande,discovery,validation,523,2800,971,0.3467857142857143,2497,782,0.3131758109731678
WinoGrande,discovery,validation,524,2814,998,0.35465529495380244,2489,812,0.3262354359180394
WinoGrande,discovery,validation,525,2786,1043,0.3743718592964824,2467,852,0.3453587353060397
WinoGrande,discovery,validation,526,2826,953,0.3372257607926398,2505,751,0.2998003992015968
WinoGrande,discovery,validation,527,2791,911,0.32640630598351844,2485,744,0.2993963782696177
WinoGrande,discovery,validation,528,2789,934,0.334887056292578,2475,777,0.31393939393939396
WinoGrande,discovery,validation,529,2789,991,0.35532448906418074,2465,875,0.35496957403651114
WinoGrande,discovery,validation,530,2796,1034,0.3698140200286123,2492,834,0.3346709470304976
WinoGrande,discovery,validation,531,2809,1046,0.37237451050195797,2493,794,0.3184917769755315
WinoGrande,discovery,validation,532,2811,981,0.3489861259338314,2482,816,0.3287671232876712
WinoGrande,discovery,validation,533,2807,850,0.3028143925899537,2492,781,0.31340288924558585
WinoGrande,discovery,validation,534,2792,985,0.3527936962750716,2470,814,0.32955465587044536
WinoGrande,discovery,validation,535,2808,946,0.3368945868945869,2497,855,0.34241089307168604
WinoGrande,discovery,validation,536,2794,860,0.30780243378668576,2483,772,0.310914216673379
WinoGrande,discovery,validation,537,2769,901,0.3253882267966775,2479,758,0.30576845502218636
WinoGrande,discovery,validation,538,2824,972,0.34419263456090654,2487,856,0.34418978689183755
WinoGrande,discovery,validation,539,2782,934,0.3357296908698778,2485,748,0.3010060362173038
WinoGrande,discovery,validation,540,2783,877,0.31512756018684873,2464,789,0.320211038961039
WinoGrande,discovery,validation,541,2809,991,0.3527945888216447,2494,733,0.2939053728949479
WinoGrande,discovery,validation,542,2807,1029,0.36658354114713215,2487,875,0.3518295134700442
WinoGrande,discovery,validation,543,2788,1002,0.3593974175035868,2467,742,0.3007701661937576
WinoGrande,discovery,validation,544,2806,1036,0.3692088382038489,2492,744,0.2985553772070626
WinoGrande,discovery,validation,545,2785,1021,0.3666068222621185,2459,707,0.28751525010166734
WinoGrande,discovery,validation,546,2807,900,0.32062700391877447,2491,762,0.30590124448012845
WinoGrande,discovery,validation,547,2792,905,0.3241404011461318,2465,745,0.3022312373225152
WinoGrande,discovery,validation,548,2803,1038,0.37031751694612913,2485,895,0.36016096579476864
WinoGrande,discovery,validation,549,2806,1097,0.3909479686386315,2499,811,0.32452981192476993
WinoGrande,discovery,validation,550,2807,942,0.33558959743498396,2507,752,0.29996011168727565
WinoGrande,discovery,validation,551,2803,1066,0.3803068141277203,2489,846,0.33989554037766173
WinoGrande,discovery,validation,552,2798,1059,0.3784846318799142,2490,749,0.3008032128514056
WinoGrande,discovery,validation,553,2799,1099,0.3926402286530904,2466,772,0.31305758313057586
WinoGrande,discovery,validation,554,2796,1025,0.3665951359084406,2492,776,0.3113964686998395
WinoGrande,discovery,validation,555,2817,1043,0.37025204117855876,2490,729,0.2927710843373494
WinoGrande,discovery,validation,556,2811,1006,0.35787975809320527,2470,831,0.33643724696356275
WinoGrande,discovery,validation,557,2809,1004,0.35742257030971875,2463,823,0.33414535119772637
WinoGrande,discovery,validation,558,2812,965,0.343172119487909,2470,809,0.32753036437246963
WinoGrande,discovery,validation,559,2799,923,0.32976062879599854,2484,717,0.2886473429951691
WinoGrande,discovery,validation,560,2785,875,0.3141831238779174,2475,760,0.30707070707070705
WinoGrande,discovery,validation,561,2810,1019,0.36263345195729535,2516,833,0.3310810810810811
WinoGrande,discovery,validation,562,2810,1044,0.3715302491103203,2476,801,0.32350565428109856
WinoGrande,discovery,validation,563,2797,981,0.35073292813728996,2478,807,0.32566585956416466
WinoGrande,discovery,validation,564,2817,1030,0.36563720269790556,2476,737,0.29765751211631664
WinoGrande,discovery,validation,565,2814,954,0.3390191897654584,2516,854,0.3394276629570747
WinoGrande,discovery,validation,566,2821,1052,0.3729174051754697,2500,886,0.3544
WinoGrande,discovery,validation,567,2806,999,0.35602280826799715,2482,814,0.3279613215149073
WinoGrande,discovery,validation,568,2815,1056,0.37513321492007107,2493,798,0.3200962695547533
WinoGrande,discovery,validation,569,2799,1040,0.3715612718828153,2496,750,0.3004807692307692
WinoGrande,discovery,validation,570,2813,1091,0.38784216139353006,2499,856,0.34253701480592236
WinoGrande,discovery,validation,571,2802,884,0.31548893647394716,2493,756,0.30324909747292417
WinoGrande,discovery,validation,572,2800,1007,0.35964285714285715,2493,857,0.34376253509827515
WinoGrande,discovery,validation,573,2794,916,0.3278453829634932,2478,752,0.30347054075867635
WinoGrande,discovery,validation,574,2779,904,0.32529686937747393,2468,765,0.309967585089141
WinoGrande,discovery,validation,575,2795,998,0.3570661896243292,2494,769,0.30834001603849237
WinoGrande,discovery,validation,576,2810,984,0.3501779359430605,2489,783,0.31458417034953795
WinoGrande,discovery,validation,577,2811,990,0.35218783351120597,2499,784,0.3137254901960784
WinoGrande,discovery,validation,578,2792,889,0.31840974212034384,2494,748,0.29991980753809144
WinoGrande,discovery,validation,579,2786,915,0.3284278535534817,2482,802,0.32312651087832395
WinoGrande,discovery,validation,580,2810,991,0.35266903914590747,2491,834,0.33480529907667606
WinoGrande,discovery,validation,581,2802,985,0.3515346181299072,2489,767,0.308155885897951
WinoGrande,discovery,validation,582,2800,921,0.3289285714285714,2482,795,0.3203062046736503
WinoGrande,discovery,validation,583,2804,994,0.3544935805991441,2497,841,0.3368041649979976
WinoGrande,discovery,validation,584,2822,1086,0.3848334514528703,2493,846,0.33935018050541516
WinoGrande,discovery,validation,585,2798,960,0.3431022158684775,2474,776,0.31366208569118836
WinoGrande,discovery,validation,586,2821,1052,0.3729174051754697,2483,871,0.3507853403141361
WinoGrande,discovery,validation,587,2804,1139,0.4062054208273894,2487,825,0.33172496984318456
WinoGrande,discovery,validation,588,2803,928,0.33107384944702106,2468,774,0.31361426256077796
WinoGrande,discovery,validation,589,2810,1127,0.40106761565836296,2490,776,0.3116465863453815
WinoGrande,discovery,validation,590,2777,944,0.33993518185091826,2485,788,0.317102615694165
WinoGrande,discovery,validation,591,2810,993,0.35338078291814945,2486,783,0.3149637972646822
WinoGrande,discovery,validation,592,2813,1062,0.3775328830430146,2478,774,0.31234866828087166
WinoGrande,discovery,validation,593,2816,1075,0.3817471590909091,2481,791,0.31882305521966947
WinoGrande,discovery,validation,594,2812,982,0.3492176386913229,2475,792,0.32
WinoGrande,discovery,validation,595,2792,1004,0.35959885386819485,2495,864,0.34629258517034067
WinoGrande,discovery,validation,596,2792,987,0.3535100286532951,2467,780,0.3161734900689096
WinoGrande,discovery,validation,597,2809,1078,0.38376646493414024,2492,787,0.31581059390048155
WinoGrande,discovery,validation,598,2804,1086,0.38730385164051356,2500,846,0.3384
WinoGrande,discovery,validation,599,2788,935,0.3353658536585366,2485,793,0.31911468812877264
WinoGrande,discovery,validation,600,2812,1071,0.3808677098150782,2494,783,0.313953488372093
WinoGrande,discovery,validation,601,2804,1001,0.3569900142653352,2488,832,0.33440514469453375
WinoGrande,discovery,validation,602,2790,936,0.33548387096774196,2476,777,0.31381260096930536
WinoGrande,discovery,validation,603,2787,1071,0.38428417653390745,2477,790,0.3189341945902301
WinoGrande,discovery,validation,604,2805,949,0.33832442067736185,2484,743,0.29911433172302737
WinoGrande,discovery,validation,605,2788,829,0.29734576757532283,2493,737,0.29562775772162053
WinoGrande,discovery,validation,606,2802,948,0.33832976445396146,2477,751,0.3031893419459023
WinoGrande,discovery,validation,607,2813,1050,0.37326697476004267,2495,811,0.3250501002004008
WinoGrande,discovery,validation,608,2793,956,0.3422842821339062,2474,741,0.29951495553759094
WinoGrande,discovery,validation,609,2789,933,0.3345285048404446,2493,731,0.2932210188527878
WinoGrande,discovery,validation,610,2811,822,0.29242262540021347,2480,676,0.2725806451612903
WinoGrande,discovery,validation,611,2799,1047,0.3740621650589496,2484,709,0.285426731078905
WinoGrande,discovery,validation,612,2794,987,0.35325697924123123,2498,851,0.34067253803042435
WinoGrande,discovery,validation,613,2815,1071,0.380461811722913,2495,822,0.3294589178356713
WinoGrande,discovery,validation,614,2805,991,0.3532976827094474,2474,799,0.3229587712206952
WinoGrande,discovery,validation,615,2806,985,0.3510334996436208,2497,770,0.30837004405286345
WinoGrande,discovery,validation,616,2796,1021,0.36516452074391986,2500,854,0.3416
WinoGrande,discovery,validation,617,2799,971,0.3469096105752054,2476,760,0.3069466882067851
WinoGrande,discovery,validation,618,2810,984,0.3501779359430605,2495,826,0.331062124248497
WinoGrande,discovery,validation,619,2802,955,0.3408279800142755,2476,805,0.32512116316639744
WinoGrande,discovery,validation,620,2804,1059,0.3776747503566334,2501,812,0.3246701319472211
WinoGrande,discovery,validation,621,2782,1002,0.3601725377426312,2472,759,0.3070388349514563
WinoGrande,discovery,validation,622,2808,1030,0.3668091168091168,2496,852,0.34134615384615385
WinoGrande,discovery,validation,623,2791,917,0.3285560730920817,2504,768,0.30670926517571884
WinoGrande,discovery,validation,624,2803,989,0.35283624687834464,2477,809,0.3266047638272103
WinoGrande,discovery,validation,625,2807,931,0.3316708229426434,2457,753,0.3064713064713065
WinoGrande,discovery,validation,626,2791,958,0.34324614833393047,2476,740,0.2988691437802908
WinoGrande,discovery,validation,627,2807,955,0.3402208763804774,2488,795,0.3195337620578778
WinoGrande,discovery,validation,628,2806,927,0.3303635067712046,2485,741,0.2981891348088531
WinoGrande,discovery,validation,629,2804,977,0.3484308131241084,2490,842,0.3381526104417671
WinoGrande,discovery,validation,630,2804,960,0.34236804564907275,2502,844,0.33733013589128696
WinoGrande,discovery,validation,631,2789,1033,0.3703836500537827,2476,811,0.32754442649434573
WinoGrande,discovery,validation,632,2797,935,0.33428673578834467,2488,761,0.30586816720257237
WinoGrande,discovery,validation,633,2806,986,0.35138987883107625,2480,685,0.2762096774193548
WinoGrande,discovery,validation,634,2811,1026,0.3649946638207044,2485,804,0.3235412474849095
WinoGrande,discovery,validation,635,2800,1008,0.36,2485,790,0.317907444668008
WinoGrande,discovery,validation,636,2789,1047,0.37540337038365007,2472,863,0.3491100323624595
WinoGrande,discovery,validation,637,2812,933,0.3317923186344239,2478,786,0.3171912832929782
WinoGrande,discovery,validation,638,2796,1013,0.3623032904148784,2477,724,0.29228905934598304
WinoGrande,discovery,validation,639,2793,1031,0.3691371285356248,2454,812,0.33088834555827223
WinoGrande,discovery,validation,640,2797,1000,0.3575259206292456,2460,775,0.3150406504065041
WinoGrande,discovery,validation,641,2803,993,0.35426328933285767,2477,782,0.31570448122729106
WinoGrande,discovery,validation,642,2800,941,0.3360714285714286,2469,780,0.3159173754556501
WinoGrande,discovery,validation,643,2810,1041,0.3704626334519573,2487,776,0.3120225170888621
WinoGrande,discovery,validation,644,2814,943,0.3351101634683724,2502,760,0.3037569944044764
WinoGrande,discovery,validation,645,2792,911,0.3262893982808023,2470,763,0.3089068825910931
WinoGrande,discovery,validation,646,2813,1155,0.4105936722360469,2497,868,0.3476171405686824
WinoGrande,discovery,validation,647,2813,1168,0.4152150728759332,2479,767,0.30939895118999594
WinoGrande,discovery,validation,648,2810,1017,0.36192170818505337,2471,743,0.3006879805746661
WinoGrande,discovery,validation,649,2799,1024,0.36584494462307965,2483,789,0.31776077325815544
WinoGrande,discovery,validation,650,2790,935,0.33512544802867383,2475,829,0.33494949494949494
WinoGrande,discovery,validation,651,2809,1114,0.3965824136703453,2496,879,0.35216346153846156
WinoGrande,discovery,validation,652,2801,875,0.3123884327026062,2488,679,0.2729099678456592
WinoGrande,discovery,validation,653,2815,1017,0.36127886323268205,2489,809,0.3250301325833668
WinoGrande,discovery,validation,654,2778,889,0.32001439884809213,2460,732,0.2975609756097561
WinoGrande,discovery,validation,655,2806,908,0.323592302209551,2473,749,0.3028710068742418
WinoGrande,discovery,validation,656,2807,943,0.3359458496615604,2499,793,0.31732693077230895
WinoGrande,discovery,validation,657,2797,919,0.3285663210582767,2455,682,0.2778004073319756
WinoGrande,discovery,validation,658,2800,979,0.34964285714285714,2490,828,0.3325301204819277
WinoGrande,discovery,validation,659,2806,934,0.3328581610833927,2509,757,0.30171383021123954
WinoGrande,discovery,validation,660,2796,954,0.34120171673819744,2482,812,0.3271555197421434
WinoGrande,discovery,validation,661,2796,837,0.29935622317596566,2488,707,0.2841639871382637
WinoGrande,discovery,validation,662,2802,990,0.3533190578158458,2495,800,0.32064128256513025
WinoGrande,discovery,validation,663,2815,1130,0.40142095914742454,2473,780,0.3154063890012131
WinoGrande,discovery,validation,664,2797,975,0.3485877726135145,2470,850,0.3441295546558704
WinoGrande,discovery,validation,665,2808,1066,0.37962962962962965,2491,776,0.31152147731834606
WinoGrande,discovery,validation,666,2802,974,0.34760885082084225,2490,755,0.3032128514056225
WinoGrande,discovery,validation,667,2801,878,0.31345947875758656,2480,673,0.2713709677419355
WinoGrande,discovery,validation,668,2804,1017,0.36269614835948644,2476,830,0.33521809369951533
WinoGrande,discovery,validation,669,2805,988,0.3522281639928699,2466,813,0.32968369829683697
WinoGrande,discovery,validation,670,2794,978,0.3500357909806729,2488,763,0.3066720257234727
WinoGrande,discovery,validation,671,2806,995,0.3545972915181753,2494,811,0.3251804330392943
WinoGrande,discovery,validation,672,2800,900,0.32142857142857145,2492,785,0.315008025682183
WinoGrande,discovery,validation,673,2800,1037,0.3703571428571429,2476,765,0.3089660743134087
WinoGrande,discovery,validation,674,2819,1086,0.38524299396949274,2498,856,0.34267413931144913
WinoGrande,discovery,validation,675,2811,917,0.32621842760583425,2498,729,0.29183346677341876
WinoGrande,discovery,validation,676,2784,943,0.3387212643678161,2458,710,0.28885272579332794
WinoGrande,discovery,validation,677,2792,1068,0.3825214899713467,2492,781,0.31340288924558585
WinoGrande,discovery,validation,678,2825,1054,0.37309734513274334,2492,792,0.31781701444622795
WinoGrande,discovery,validation,679,2796,944,0.3376251788268956,2478,797,0.3216303470540759
WinoGrande,discovery,validation,680,2801,963,0.3438057836486969,2486,788,0.3169750603378922
WinoGrande,discovery,validation,681,2811,1007,0.3582355033795802,2490,717,0.28795180722891567
WinoGrande,discovery,validation,682,2804,1021,0.36412268188302427,2472,808,0.3268608414239482
WinoGrande,discovery,validation,683,2796,986,0.35264663805436336,2479,779,0.31423961274707546
WinoGrande,discovery,validation,684,2796,910,0.32546494992846925,2477,684,0.27614049253128786
WinoGrande,discovery,validation,685,2817,1143,0.4057507987220447,2476,883,0.35662358642972536
WinoGrande,discovery,validation,686,2812,1004,0.35704125177809387,2487,819,0.3293124246079614
WinoGrande,discovery,validation,687,2799,972,0.34726688102893893,2476,763,0.3081583198707593
WinoGrande,discovery,validation,688,2820,1101,0.3904255319148936,2508,895,0.35685805422647526
WinoGrande,discovery,validation,689,2798,990,0.3538241601143674,2465,759,0.3079107505070994
WinoGrande,discovery,validation,690,2810,898,0.3195729537366548,2495,738,0.29579158316633264
WinoGrande,discovery,validation,691,2815,1139,0.40461811722912966,2484,803,0.32326892109500804
WinoGrande,discovery,validation,692,2787,941,0.3376390383925368,2488,757,0.3042604501607717
WinoGrande,discovery,validation,693,2780,1005,0.36151079136690645,2482,774,0.31184528605962936
WinoGrande,discovery,validation,694,2792,1076,0.3853868194842407,2464,770,0.3125
WinoGrande,discovery,validation,695,2805,994,0.35436720142602496,2486,864,0.3475462590506838
WinoGrande,discovery,validation,696,2793,985,0.3526673827425707,2489,799,0.32101245480112495
WinoGrande,discovery,validation,697,2807,1086,0.3868899180619879,2489,770,0.30936118923262357
WinoGrande,discovery,validation,698,2812,1040,0.36984352773826457,2492,828,0.33226324237560195
WinoGrande,discovery,validation,699,2803,971,0.34641455583303604,2459,777,0.31598210654737696
WinoGrande,discovery,validation,700,2806,930,0.33143264433357095,2471,710,0.28733306353702953
WinoGrande,discovery,validation,701,2797,900,0.32177332856632107,2452,714,0.2911908646003263
WinoGrande,discovery,validation,702,2802,1013,0.36152748037116345,2494,764,0.3063352044907779
WinoGrande,discovery,validation,703,2795,923,0.3302325581395349,2470,717,0.2902834008097166
WinoGrande,discovery,validation,704,2810,1023,0.36405693950177936,2504,837,0.33426517571884984
WinoGrande,discovery,validation,705,2812,995,0.3538406827880512,2483,742,0.29883205799436163
WinoGrande,discovery,validation,706,2817,986,0.3500177493787717,2494,667,0.26744186046511625
WinoGrande,discovery,validation,707,2827,1028,0.36363636363636365,2488,775,0.3114951768488746
WinoGrande,discovery,validation,708,2798,931,0.3327376697641172,2483,775,0.3121224325412807
WinoGrande,discovery,validation,709,2816,1055,0.37464488636363635,2503,828,0.33080303635637237
WinoGrande,discovery,validation,710,2803,881,0.31430610060649306,2488,766,0.30787781350482313
WinoGrande,discovery,validation,711,2795,988,0.35348837209302325,2479,703,0.2835820895522388
WinoGrande,discovery,validation,712,2804,1159,0.41333808844507847,2490,831,0.3337349397590361
WinoGrande,discovery,validation,713,2797,986,0.35252055774043617,2497,786,0.3147777332799359
WinoGrande,discovery,validation,714,2816,1031,0.3661221590909091,2466,813,0.32968369829683697
WinoGrande,discovery,validation,715,2795,992,0.3549194991055456,2493,762,0.3056558363417569
WinoGrande,discovery,validation,716,2785,876,0.31454219030520647,2480,713,0.2875
WinoGrande,discovery,validation,717,2806,936,0.33357091945830364,2484,762,0.30676328502415456
WinoGrande,discovery,validation,718,2811,915,0.3255069370330843,2487,847,0.3405709690390028
WinoGrande,discovery,validation,719,2801,990,0.35344519814352016,2488,840,0.33762057877813506
WinoGrande,discovery,validation,720,2801,1008,0.35987147447340234,2511,841,0.334926324173636
WinoGrande,discovery,validation,721,2816,962,0.3416193181818182,2502,793,0.31694644284572343
WinoGrande,discovery,validation,722,2815,934,0.33179396092362345,2486,739,0.29726468222043445
WinoGrande,discovery,validation,723,2817,991,0.35179268725594603,2487,787,0.31644551668677123
WinoGrande,discovery,validation,724,2808,1038,0.3696581196581197,2467,709,0.287393595460073
WinoGrande,discovery,validation,725,2810,1055,0.37544483985765126,2507,839,0.33466294375747907
WinoGrande,discovery,validation,726,2814,1070,0.3802416488983653,2481,843,0.33978234582829503
WinoGrande,discovery,validation,727,2794,1051,0.37616320687186827,2487,815,0.32770406111781264
WinoGrande,discovery,validation,728,2798,979,0.3498927805575411,2494,765,0.3067361668003208
WinoGrande,discovery,validation,729,2795,1022,0.3656529516994633,2481,788,0.31761386537686415
WinoGrande,discovery,validation,730,2805,1005,0.3582887700534759,2473,783,0.3166194904973716
WinoGrande,discovery,validation,731,2815,1016,0.36092362344582596,2485,752,0.30261569416498996
WinoGrande,discovery,validation,732,2793,981,0.35123523093447906,2484,792,0.3188405797101449
WinoGrande,discovery,validation,733,2798,932,0.3330950679056469,2484,729,0.29347826086956524
WinoGrande,discovery,validation,734,2819,1052,0.3731819794253281,2499,869,0.3477390956382553
WinoGrande,discovery,validation,735,2810,979,0.34839857651245554,2495,819,0.3282565130260521
WinoGrande,discovery,validation,736,2793,968,0.34658073755818114,2480,796,0.3209677419354839
WinoGrande,discovery,validation,737,2813,1047,0.3722004976892997,2493,903,0.3622141997593261
WinoGrande,discovery,validation,738,2802,932,0.3326195574589579,2498,753,0.30144115292233786
WinoGrande,discovery,validation,739,2785,911,0.32710951526032317,2491,822,0.3299879566439181
WinoGrande,discovery,validation,740,2809,1020,0.3631185475258099,2504,818,0.3266773162939297
WinoGrande,discovery,validation,741,2801,1073,0.38307747233131023,2467,850,0.3445480340494528
WinoGrande,discovery,validation,742,2816,1038,0.36860795454545453,2499,808,0.32332933173269307
WinoGrande,discovery,validation,743,2807,955,0.3402208763804774,2483,804,0.32380185259766414
WinoGrande,discovery,validation,744,2812,997,0.35455192034139404,2488,773,0.31069131832797425
WinoGrande,discovery,validation,745,2801,1062,0.3791503034630489,2499,816,0.32653061224489793
WinoGrande,discovery,validation,746,2810,950,0.33807829181494664,2485,715,0.28772635814889336
WinoGrande,discovery,validation,747,2802,1168,0.41684511063526053,2474,791,0.31972514147130154
WinoGrande,discovery,validation,748,2794,998,0.35719398711524697,2488,820,0.3295819935691318
WinoGrande,discovery,validation,749,2793,895,0.32044396706050843,2497,810,0.32438926712054467
WinoGrande,discovery,validation,750,2815,1018,0.3616341030195382,2487,795,0.31966224366706875
WinoGrande,discovery,validation,751,2790,1060,0.37992831541218636,2487,788,0.3168476075593084
WinoGrande,discovery,validation,752,2809,937,0.3335706657173371,2490,812,0.3261044176706827
WinoGrande,discovery,validation,753,2799,933,0.3333333333333333,2495,789,0.31623246492985974
WinoGrande,discovery,validation,754,2815,979,0.3477797513321492,2486,818,0.32904263877715206
WinoGrande,discovery,validation,755,2824,1075,0.3806657223796034,2495,807,0.32344689378757513
WinoGrande,discovery,validation,756,2787,1025,0.3677789738069609,2473,757,0.30610594419733117
WinoGrande,discovery,validation,757,2790,877,0.314336917562724,2493,736,0.2952266345768151
WinoGrande,discovery,validation,758,2801,856,0.3056051410210639,2486,740,0.29766693483507645
WinoGrande,discovery,validation,759,2802,956,0.34118486795146324,2487,864,0.3474065138721351
WinoGrande,discovery,validation,760,2802,1004,0.35831548893647397,2483,751,0.30245670559806687
WinoGrande,discovery,validation,761,2798,919,0.3284488920657613,2465,790,0.3204868154158215
WinoGrande,discovery,validation,762,2821,1003,0.3555476781283233,2504,820,0.3274760383386581
WinoGrande,discovery,validation,763,2804,989,0.35271041369472184,2479,757,0.3053650665590964
WinoGrande,discovery,validation,764,2803,1002,0.35747413485551194,2496,751,0.30088141025641024
WinoGrande,discovery,validation,765,2802,1003,0.3579586009992862,2492,803,0.32223113964687
WinoGrande,discovery,validation,766,2814,1098,0.39019189765458423,2498,791,0.3166533226581265
WinoGrande,discovery,validation,767,2815,999,0.35488454706927175,2467,788,0.3194162950952574
WinoGrande,discovery,validation,768,2800,945,0.3375,2476,783,0.31623586429725364
WinoGrande,discovery,validation,769,2799,863,0.30832440157199,2488,728,0.29260450160771706
WinoGrande,discovery,validation,770,2820,1128,0.4,2493,807,0.3237063778580024
WinoGrande,discovery,validation,771,2803,934,0.3332144131287906,2489,824,0.3310566492567296
WinoGrande,discovery,validation,772,2790,1003,0.3594982078853047,2467,733,0.29712201053911635
WinoGrande,discovery,validation,773,2796,989,0.35371959942775394,2486,851,0.34231697506033787
WinoGrande,discovery,validation,774,2818,1052,0.37331440738112137,2504,884,0.35303514376996803
WinoGrande,discovery,validation,775,2792,983,0.35207736389684813,2495,874,0.3503006012024048
WinoGrande,discovery,validation,776,2788,885,0.31743185078909614,2486,766,0.3081255028157683
WinoGrande,discovery,validation,777,2812,1017,0.3616642958748222,2491,768,0.30830991569650745
WinoGrande,discovery,validation,778,2824,1035,0.3665014164305949,2483,820,0.3302456705598067
WinoGrande,discovery,validation,779,2823,1002,0.35494155154091395,2488,860,0.34565916398713825
WinoGrande,discovery,validation,780,2797,993,0.3550232391848409,2477,747,0.30157448526443276
WinoGrande,discovery,validation,781,2804,1093,0.3898002853067047,2483,809,0.32581554571083365
WinoGrande,discovery,validation,782,2799,965,0.3447659878528046,2462,833,0.33834281072298944
WinoGrande,discovery,validation,783,2806,1049,0.37384176764076976,2490,795,0.3192771084337349
WinoGrande,discovery,validation,784,2801,847,0.30239200285612283,2495,789,0.31623246492985974
WinoGrande,discovery,validation,785,2808,918,0.3269230769230769,2500,768,0.3072
WinoGrande,discovery,validation,786,2800,946,0.33785714285714286,2469,728,0.29485621709194004
WinoGrande,discovery,validation,787,2789,860,0.3083542488347078,2486,727,0.2924376508447305
WinoGrande,discovery,validation,788,2801,968,0.3455908604069975,2453,741,0.30207908683245005
WinoGrande,discovery,validation,789,2811,902,0.3208822483102099,2477,750,0.3027856277755349
WinoGrande,discovery,validation,790,2781,914,0.32865875584322185,2471,654,0.2646701740186159
WinoGrande,discovery,validation,791,2814,1004,0.35678749111584934,2484,807,0.3248792270531401
WinoGrande,discovery,validation,792,2813,1105,0.3928190543903306,2503,845,0.337594886136636
WinoGrande,discovery,validation,793,2801,1049,0.37450910389146735,2480,726,0.29274193548387095
WinoGrande,discovery,validation,794,2806,982,0.3499643620812545,2473,788,0.3186413263243025
WinoGrande,discovery,validation,795,2790,928,0.3326164874551971,2479,867,0.34973779749899153
WinoGrande,discovery,validation,796,2810,1114,0.39644128113879,2501,807,0.32267093162734906
WinoGrande,discovery,validation,797,2809,1014,0.3609825560697757,2481,810,0.3264812575574365
WinoGrande,discovery,validation,798,2809,949,0.3378426486294055,2481,887,0.35751713018943976
WinoGrande,discovery,validation,799,2809,954,0.33962264150943394,2491,819,0.3287836210357286
WinoGrande,discovery,validation,800,2802,952,0.3397573162027123,2492,777,0.31179775280898875
WinoGrande,discovery,validation,801,2798,988,0.3531093638313081,2482,816,0.3287671232876712
WinoGrande,discovery,validation,802,2818,1032,0.36621717530163234,2473,730,0.2951880307319046
WinoGrande,discovery,validation,803,2811,1010,0.3593027392387051,2502,775,0.3097521982414069
WinoGrande,discovery,validation,804,2795,982,0.35134168157423973,2496,761,0.30488782051282054
WinoGrande,discovery,validation,805,2809,1072,0.3816304734781061,2469,805,0.32604293236127985
WinoGrande,discovery,validation,806,2816,1043,0.3703835227272727,2496,894,0.3581730769230769
WinoGrande,discovery,validation,807,2802,908,0.3240542469664525,2468,667,0.27025931928687197
WinoGrande,discovery,validation,808,2810,998,0.3551601423487544,2481,742,0.29907295445384924
WinoGrande,discovery,validation,809,2800,995,0.35535714285714287,2483,769,0.3097060008054772
WinoGrande,discovery,validation,810,2815,1016,0.36092362344582596,2495,833,0.3338677354709419
WinoGrande,discovery,validation,811,2797,920,0.328923846978906,2483,733,0.29520741039065646
WinoGrande,discovery,validation,812,2813,1214,0.4315677212939922,2466,650,0.2635847526358475
WinoGrande,discovery,validation,813,2790,855,0.3064516129032258,2459,768,0.3123220821472143
WinoGrande,discovery,validation,814,2810,1032,0.36725978647686836,2491,833,0.3344038538739462
WinoGrande,discovery,validation,815,2813,1046,0.37184500533238535,2496,792,0.3173076923076923
WinoGrande,discovery,validation,816,2784,910,0.32686781609195403,2485,757,0.30462776659959756
WinoGrande,discovery,validation,817,2816,1081,0.3838778409090909,2500,791,0.3164
WinoGrande,discovery,validation,818,2794,966,0.3457408732999284,2499,850,0.3401360544217687
WinoGrande,discovery,validation,819,2797,876,0.31319270647121916,2481,792,0.3192261185006046
WinoGrande,discovery,validation,820,2817,1217,0.43201987930422436,2496,759,0.30408653846153844
WinoGrande,discovery,validation,821,2805,1054,0.37575757575757573,2493,798,0.3200962695547533
WinoGrande,discovery,validation,822,2792,858,0.30730659025787965,2460,736,0.2991869918699187
WinoGrande,discovery,validation,823,2798,847,0.30271622587562547,2487,732,0.2943305186972256
WinoGrande,discovery,validation,824,2811,1156,0.4112415510494486,2510,918,0.36573705179282867
WinoGrande,discovery,validation,825,2801,967,0.3452338450553374,2479,769,0.31020572811617586
WinoGrande,discovery,validation,826,2793,910,0.3258145363408521,2501,811,0.3242702918832467
WinoGrande,discovery,validation,827,2804,963,0.3434379457917261,2497,845,0.33840608730476573
WinoGrande,discovery,validation,828,2814,978,0.34754797441364604,2486,734,0.29525341914722447
WinoGrande,discovery,validation,829,2797,929,0.3321415802645692,2469,783,0.31713244228432563
WinoGrande,discovery,validation,830,2813,1043,0.37077852826164237,2491,817,0.32798073063026895
WinoGrande,discovery,validation,831,2808,1007,0.35861823361823364,2475,825,0.3333333333333333
WinoGrande,discovery,validation,832,2820,1047,0.37127659574468086,2501,779,0.3114754098360656
WinoGrande,discovery,validation,833,2798,1034,0.3695496783416726,2481,816,0.32889963724304716
WinoGrande,discovery,validation,834,2800,976,0.3485714285714286,2457,725,0.29507529507529506
WinoGrande,discovery,validation,835,2785,899,0.3228007181328546,2477,767,0.30964876867178037
WinoGrande,discovery,validation,836,2819,1118,0.39659453706988296,2497,798,0.3195835002002403
WinoGrande,discovery,validation,837,2801,950,0.3391645840771153,2482,712,0.2868654311039484
WinoGrande,discovery,validation,838,2815,1017,0.36127886323268205,2475,758,0.30626262626262624
WinoGrande,discovery,validation,839,2801,964,0.344162799000357,2493,780,0.3128760529482551
WinoGrande,discovery,validation,840,2798,987,0.3527519656897784,2476,760,0.3069466882067851
WinoGrande,discovery,validation,841,2777,903,0.32517104789341017,2496,710,0.2844551282051282
WinoGrande,discovery,validation,842,2819,1049,0.3721177722596665,2484,734,0.29549114331723025
WinoGrande,discovery,validation,843,2801,924,0.32988218493395216,2498,769,0.3078462770216173
WinoGrande,discovery,validation,844,2785,946,0.33967684021543987,2465,690,0.2799188640973631
WinoGrande,discovery,validation,845,2807,968,0.3448521553259708,2459,713,0.28995526636844243
WinoGrande,discovery,validation,846,2810,977,0.3476868327402135,2466,697,0.2826439578264396
WinoGrande,discovery,validation,847,2803,992,0.3539065287192294,2484,695,0.27979066022544286
WinoGrande,discovery,validation,848,2790,1015,0.36379928315412186,2480,733,0.2955645161290323
WinoGrande,discovery,validation,849,2803,988,0.35247948626471637,2484,725,0.2918679549114332
WinoGrande,discovery,validation,850,2817,1162,0.41249556265530707,2473,824,0.3331985442782046
WinoGrande,discovery,validation,851,2820,1066,0.3780141843971631,2493,802,0.32170076213397514
WinoGrande,discovery,validation,852,2805,974,0.34723707664884135,2488,798,0.3207395498392283
WinoGrande,discovery,validation,853,2803,844,0.3011059579022476,2480,706,0.2846774193548387
WinoGrande,discovery,validation,854,2798,1003,0.35847033595425304,2474,665,0.2687954729183509
WinoGrande,discovery,validation,855,2806,981,0.349607982893799,2499,801,0.3205282112845138
WinoGrande,discovery,validation,856,2803,1001,0.3571173742418837,2478,823,0.3321226795803067
WinoGrande,discovery,validation,857,2796,981,0.35085836909871243,2472,875,0.35396440129449835
WinoGrande,discovery,validation,858,2795,953,0.3409660107334526,2497,732,0.2931517821385663
WinoGrande,discovery,validation,859,2784,965,0.34662356321839083,2474,786,0.3177041228779305
WinoGrande,discovery,validation,860,2809,951,0.33855464578141686,2503,751,0.300039952057531
WinoGrande,discovery,validation,861,2822,987,0.34975194897236,2489,869,0.349136199276818
WinoGrande,discovery,validation,862,2793,928,0.3322592194772646,2487,838,0.33695215118616806
WinoGrande,discovery,validation,863,2802,983,0.3508208422555318,2490,727,0.2919678714859438
WinoGrande,discovery,validation,864,2798,948,0.3388134381701215,2495,753,0.30180360721442884
WinoGrande,discovery,validation,865,2811,986,0.35076485236570615,2491,704,0.28261742272179846
WinoGrande,discovery,validation,866,2793,952,0.3408521303258145,2468,795,0.32212317666126417
WinoGrande,discovery,validation,867,2803,1038,0.37031751694612913,2490,838,0.3365461847389558
WinoGrande,discovery,validation,868,2811,1013,0.36036997509783,2498,813,0.3254603682946357
WinoGrande,discovery,validation,869,2790,929,0.33297491039426524,2474,695,0.2809215844785772
WinoGrande,discovery,validation,870,2787,912,0.32723358449946177,2487,822,0.330518697225573
WinoGrande,discovery,validation,871,2792,1008,0.36103151862464183,2483,777,0.31292790978654855
WinoGrande,discovery,validation,872,2818,1061,0.3765081618168914,2502,899,0.359312549960032
WinoGrande,discovery,validation,873,2799,1034,0.3694176491604144,2488,789,0.31712218649517687
WinoGrande,discovery,validation,874,2788,960,0.34433285509325684,2474,763,0.30840743734842363
WinoGrande,discovery,validation,875,2796,871,0.311516452074392,2490,783,0.3144578313253012
WinoGrande,discovery,validation,876,2765,911,0.3294755877034358,2469,800,0.3240178209801539
WinoGrande,discovery,validation,877,2823,1129,0.39992915338292595,2512,790,0.3144904458598726
WinoGrande,discovery,validation,878,2790,928,0.3326164874551971,2481,765,0.3083434099153567
WinoGrande,discovery,validation,879,2802,1064,0.37972876516773735,2462,869,0.3529650690495532
WinoGrande,discovery,validation,880,2782,970,0.3486700215672178,2483,722,0.2907772855416835
WinoGrande,discovery,validation,881,2782,1048,0.3767074047447879,2474,785,0.31729991915925626
WinoGrande,discovery,validation,882,2788,894,0.3206599713055954,2491,767,0.3079084704937776
WinoGrande,discovery,validation,883,2799,969,0.3461950696677385,2507,884,0.35261268448344635
WinoGrande,discovery,validation,884,2814,1056,0.3752665245202559,2500,809,0.3236
WinoGrande,discovery,validation,885,2820,985,0.34929078014184395,2485,709,0.2853118712273642
WinoGrande,discovery,validation,886,2807,1101,0.39223370146063413,2497,746,0.2987585102122547
WinoGrande,discovery,validation,887,2812,1001,0.3559743954480797,2478,644,0.2598870056497175
WinoGrande,discovery,validation,888,2796,888,0.31759656652360513,2480,694,0.27983870967741936
WinoGrande,discovery,validation,889,2804,1129,0.40263908701854495,2493,878,0.35218612113918973
WinoGrande,discovery,validation,890,2818,1118,0.39673527324343505,2479,795,0.3206938281565147
WinoGrande,discovery,validation,891,2819,915,0.32458318552678256,2491,784,0.3147330389401847
WinoGrande,discovery,validation,892,2801,927,0.33095323098893253,2466,794,0.3219789132197891
WinoGrande,discovery,validation,893,2802,906,0.3233404710920771,2476,714,0.28836833602584816
WinoGrande,discovery,validation,894,2783,980,0.3521379805964786,2480,757,0.30524193548387096
WinoGrande,discovery,validation,895,2800,916,0.3271428571428571,2491,738,0.2962665596146126
WinoGrande,discovery,validation,896,2797,923,0.3299964247407937,2483,806,0.32460732984293195
WinoGrande,discovery,validation,897,2796,919,0.32868383404864093,2484,792,0.3188405797101449
WinoGrande,discovery,validation,898,2804,918,0.3273894436519258,2482,742,0.2989524576954069
WinoGrande,discovery,validation,899,2800,909,0.3246428571428571,2478,743,0.29983857949959647
WinoGrande,discovery,validation,900,2804,952,0.33951497860199714,2495,788,0.3158316633266533
WinoGrande,discovery,validation,901,2798,986,0.35239456754824877,2490,819,0.3289156626506024
WinoGrande,discovery,validation,902,2791,967,0.34647079899677535,2485,787,0.31670020120724346
WinoGrande,discovery,validation,903,2815,948,0.33676731793960923,2472,761,0.30784789644012944
WinoGrande,discovery,validation,904,2783,943,0.33884297520661155,2488,809,0.32516077170418006
WinoGrande,discovery,validation,905,2818,939,0.33321504613200853,2496,829,0.33213141025641024
WinoGrande,discovery,validation,906,2801,1004,0.35844341306676186,2497,886,0.35482579094913896
WinoGrande,discovery,validation,907,2807,1017,0.36230851442821516,2480,815,0.3286290322580645
WinoGrande,discovery,validation,908,2807,1011,0.36017100106875666,2481,725,0.29222087867795243
WinoGrande,discovery,validation,909,2817,984,0.34930777422790205,2498,836,0.33466773418734985
WinoGrande,discovery,validation,910,2808,987,0.35149572649572647,2470,743,0.30080971659919026
WinoGrande,discovery,validation,911,2787,871,0.31252242554718335,2485,765,0.30784708249496984
WinoGrande,discovery,validation,912,2812,1049,0.37304409672830724,2488,772,0.3102893890675241
WinoGrande,discovery,validation,913,2802,1065,0.38008565310492504,2489,802,0.3222177581357975
WinoGrande,discovery,validation,914,2808,992,0.35327635327635326,2489,789,0.31699477701888307
WinoGrande,discovery,validation,915,2808,933,0.33226495726495725,2502,741,0.2961630695443645
WinoGrande,discovery,validation,916,2783,1018,0.3657923104563421,2496,779,0.312099358974359
WinoGrande,discovery,validation,917,2797,987,0.35287808366106543,2486,769,0.30933226065969427
WinoGrande,discovery,validation,918,2804,965,0.344151212553495,2487,756,0.3039806996381182
WinoGrande,discovery,validation,919,2819,991,0.3515431003902093,2494,794,0.31836407377706494
WinoGrande,discovery,validation,920,2807,1073,0.3822586391164945,2484,737,0.2966988727858293
WinoGrande,discovery,validation,921,2811,909,0.3233724653148346,2486,849,0.3415124698310539
WinoGrande,discovery,validation,922,2804,960,0.34236804564907275,2494,757,0.30352846832397756
WinoGrande,discovery,validation,923,2804,1070,0.38159771754636235,2479,826,0.33319887051230335
WinoGrande,discovery,validation,924,2805,981,0.3497326203208556,2501,775,0.30987604958016796
WinoGrande,discovery,validation,925,2811,1021,0.3632159373888296,2475,801,0.3236363636363636
WinoGrande,discovery,validation,926,2803,1110,0.3960042811273635,2482,743,0.29935535858178886
WinoGrande,discovery,validation,927,2824,951,0.33675637393767704,2496,866,0.3469551282051282
WinoGrande,discovery,validation,928,2799,1021,0.36477313326187927,2504,787,0.31429712460063897
WinoGrande,discovery,validation,929,2805,991,0.3532976827094474,2499,827,0.33093237294917965
WinoGrande,discovery,validation,930,2796,951,0.34012875536480686,2478,809,0.3264729620661824
WinoGrande,discovery,validation,931,2786,891,0.31981335247666903,2470,787,0.3186234817813765
WinoGrande,discovery,validation,932,2827,1033,0.3654050229925716,2478,726,0.2929782082324455
WinoGrande,discovery,validation,933,2813,1116,0.3967294703163882,2489,819,0.32904781036560865
WinoGrande,discovery,validation,934,2793,952,0.3408521303258145,2491,730,0.293054997992774
WinoGrande,discovery,validation,935,2809,895,0.3186187255250979,2488,829,0.33319935691318325
WinoGrande,discovery,validation,936,2805,1045,0.37254901960784315,2492,794,0.3186195826645265
WinoGrande,discovery,validation,937,2796,1017,0.36373390557939916,2488,808,0.3247588424437299
WinoGrande,discovery,validation,938,2809,979,0.34852260590957634,2478,832,0.3357546408393866
WinoGrande,discovery,validation,939,2812,1002,0.3563300142247511,2491,782,0.313930148534725
WinoGrande,discovery,validation,940,2815,1009,0.358436944937833,2508,889,0.35446570972886765
WinoGrande,discovery,validation,941,2801,974,0.34773295251695824,2470,729,0.2951417004048583
WinoGrande,discovery,validation,942,2816,911,0.3235085227272727,2497,836,0.33480176211453744
WinoGrande,discovery,validation,943,2810,1026,0.36512455516014236,2478,818,0.3301049233252623
WinoGrande,discovery,validation,944,2790,1024,0.36702508960573477,2478,770,0.3107344632768362
WinoGrande,discovery,validation,945,2802,867,0.3094218415417559,2464,741,0.3007305194805195
WinoGrande,discovery,validation,946,2812,958,0.3406827880512091,2495,830,0.33266533066132264
WinoGrande,discovery,validation,947,2817,931,0.33049343272985443,2468,780,0.3160453808752026
WinoGrande,discovery,validation,948,2817,1017,0.3610223642172524,2501,845,0.33786485405837663
WinoGrande,discovery,validation,949,2802,1019,0.3636688079942898,2474,826,0.33387227162489896
WinoGrande,discovery,validation,950,2790,989,0.35448028673835125,2486,758,0.3049074818986323
WinoGrande,discovery,validation,951,2778,954,0.3434125269978402,2475,754,0.30464646464646467
WinoGrande,discovery,validation,952,2810,948,0.3373665480427046,2504,785,0.31349840255591055
WinoGrande,discovery,validation,953,2796,968,0.34620886981402005,2475,731,0.29535353535353537
WinoGrande,discovery,validation,954,2818,1141,0.4048970901348474,2476,814,0.3287560581583199
WinoGrande,discovery,validation,955,2792,896,0.3209169054441261,2474,710,0.28698464025869036
WinoGrande,discovery,validation,956,2812,842,0.29943100995732574,2491,730,0.293054997992774
WinoGrande,discovery,validation,957,2811,992,0.3528993240839559,2484,824,0.33172302737520126
WinoGrande,discovery,validation,958,2809,978,0.3481666073335707,2498,770,0.3082465972778223
WinoGrande,discovery,validation,959,2795,1046,0.37423971377459747,2490,872,0.3502008032128514
WinoGrande,discovery,validation,960,2818,1117,0.3963804116394606,2492,905,0.3631621187800963
WinoGrande,discovery,validation,961,2802,967,0.3451106352605282,2485,751,0.30221327967806844
WinoGrande,discovery,validation,962,2818,953,0.3381831085876508,2505,834,0.332934131736527
WinoGrande,discovery,validation,963,2808,1133,0.40349002849002846,2460,812,0.3300813008130081
WinoGrande,discovery,validation,964,2791,931,0.3335721963453959,2469,715,0.28959092750101256
WinoGrande,discovery,validation,965,2788,953,0.3418220946915351,2473,824,0.3331985442782046
WinoGrande,discovery,validation,966,2807,953,0.3395083719273245,2500,732,0.2928
WinoGrande,discovery,validation,967,2822,1079,0.38235294117647056,2500,862,0.3448
WinoGrande,discovery,validation,968,2796,978,0.3497854077253219,2486,746,0.3000804505229284
WinoGrande,discovery,validation,969,2800,964,0.3442857142857143,2490,821,0.329718875502008
WinoGrande,discovery,validation,970,2801,1045,0.3730810424848269,2462,792,0.32168968318440294
WinoGrande,discovery,validation,971,2790,1037,0.37168458781362007,2489,825,0.3314584170349538
WinoGrande,discovery,validation,972,2798,983,0.35132237312365977,2472,769,0.311084142394822
WinoGrande,discovery,validation,973,2796,966,0.34549356223175964,2489,787,0.3161912414624347
WinoGrande,discovery,validation,974,2801,954,0.3405926454837558,2471,769,0.311210036422501
WinoGrande,discovery,validation,975,2804,911,0.32489300998573467,2495,766,0.3070140280561122
WinoGrande,discovery,validation,976,2809,999,0.3556425774296903,2505,803,0.3205588822355289
WinoGrande,discovery,validation,977,2805,981,0.3497326203208556,2488,780,0.3135048231511254
WinoGrande,discovery,validation,978,2796,981,0.35085836909871243,2472,769,0.311084142394822
WinoGrande,discovery,validation,979,2809,959,0.34140263438946244,2468,732,0.2965964343598055
WinoGrande,discovery,validation,980,2793,933,0.33404940923737914,2449,680,0.27766435279706003
WinoGrande,discovery,validation,981,2798,995,0.3556111508220157,2503,788,0.3148222133439872
WinoGrande,discovery,validation,982,2799,1045,0.37334762415148265,2504,809,0.3230830670926518
WinoGrande,discovery,validation,983,2808,994,0.353988603988604,2480,812,0.32741935483870965
WinoGrande,discovery,validation,984,2799,1086,0.3879957127545552,2487,761,0.3059911540008042
WinoGrande,discovery,validation,985,2806,965,0.34390591589451175,2465,694,0.28154158215010144
WinoGrande,discovery,validation,986,2819,1035,0.36715147215324584,2497,855,0.34241089307168604
WinoGrande,discovery,validation,987,2798,966,0.34524660471765545,2496,783,0.3137019230769231
WinoGrande,discovery,validation,988,2798,939,0.33559685489635455,2459,668,0.2716551443676291
WinoGrande,discovery,validation,989,2815,947,0.3364120781527531,2485,780,0.31388329979879276
WinoGrande,discovery,validation,990,2805,950,0.33868092691622104,2493,845,0.3389490573606097
WinoGrande,discovery,validation,991,2803,976,0.3481983589011773,2485,795,0.3199195171026157
WinoGrande,discovery,validation,992,2796,1051,0.3758941344778255,2487,746,0.29995979091274627
WinoGrande,discovery,validation,993,2808,946,0.3368945868945869,2480,849,0.34233870967741936
WinoGrande,discovery,validation,994,2789,946,0.33918967371817854,2491,785,0.3151344841429145
WinoGrande,discovery,validation,995,2805,1018,0.36292335115864527,2470,775,0.31376518218623484
WinoGrande,discovery,validation,996,2802,941,0.3358315488936474,2493,727,0.291616526273566
WinoGrande,discovery,validation,997,2808,1045,0.37215099715099714,2491,795,0.3191489361702128
WinoGrande,discovery,validation,998,2798,999,0.3570407433881344,2490,754,0.3028112449799197
WinoGrande,discovery,validation,999,2804,947,0.3377318116975749,2496,873,0.34975961538461536
WinoGrande,validation,discovery,0,2770,958,0.3458483754512635,2902,865,0.29807029634734666
WinoGrande,validation,discovery,1,2787,960,0.3444564047362756,2934,967,0.32958418541240625
WinoGrande,validation,discovery,2,2765,845,0.30560578661844484,2911,879,0.30195809000343526
WinoGrande,validation,discovery,3,2763,967,0.34998190372783206,2916,896,0.30727023319615915
WinoGrande,validation,discovery,4,2775,1069,0.38522522522522523,2920,956,0.3273972602739726
WinoGrande,validation,discovery,5,2770,847,0.30577617328519857,2915,945,0.3241852487135506
WinoGrande,validation,discovery,6,2768,872,0.315028901734104,2922,961,0.32888432580424365
WinoGrande,validation,discovery,7,2775,959,0.3455855855855856,2937,897,0.3054136874361593
WinoGrande,validation,discovery,8,2757,870,0.31556039173014144,2926,881,0.30109364319890636
WinoGrande,validation,discovery,9,2766,831,0.3004338394793926,2925,948,0.3241025641025641
WinoGrande,validation,discovery,10,2774,981,0.35364095169430426,2924,928,0.3173734610123119
WinoGrande,validation,discovery,11,2781,1023,0.36785329018338725,2924,970,0.3317373461012312
WinoGrande,validation,discovery,12,2758,1053,0.38179840464104425,2923,844,0.28874444064317484
WinoGrande,validation,discovery,13,2769,893,0.3224990971469845,2934,943,0.3214042263122018
WinoGrande,validation,discovery,14,2776,1002,0.36095100864553314,2939,954,0.32460020415107177
WinoGrande,validation,discovery,15,2776,998,0.3595100864553314,2922,923,0.31587953456536616
WinoGrande,validation,discovery,16,2768,881,0.31828034682080925,2919,950,0.32545392257622474
WinoGrande,validation,discovery,17,2765,870,0.31464737793851716,2916,907,0.311042524005487
WinoGrande,validation,discovery,18,2767,887,0.3205637874954825,2928,878,0.2998633879781421
WinoGrande,validation,discovery,19,2773,949,0.3422286332491886,2919,1002,0.3432682425488181
WinoGrande,validation,discovery,20,2777,922,0.33201296362981636,2923,995,0.34040369483407457
WinoGrande,validation,discovery,21,2762,964,0.3490224475018103,2932,1052,0.3587994542974079
WinoGrande,validation,discovery,22,2779,1068,0.38431090320259087,2931,957,0.3265097236438076
WinoGrande,validation,discovery,23,2770,936,0.3379061371841155,2925,859,0.29367521367521365
WinoGrande,validation,discovery,24,2764,954,0.3451519536903039,2937,922,0.31392577459993193
WinoGrande,validation,discovery,25,2769,911,0.3289996388587938,2917,898,0.3078505313678437
WinoGrande,validation,discovery,26,2790,968,0.34695340501792116,2923,1034,0.35374615121450564
WinoGrande,validation,discovery,27,2772,863,0.31132756132756134,2920,1034,0.3541095890410959
WinoGrande,validation,discovery,28,2772,856,0.3088023088023088,2931,982,0.33503923575571476
WinoGrande,validation,discovery,29,2784,1009,0.3624281609195402,2933,966,0.32935560859188545
WinoGrande,validation,discovery,30,2783,918,0.3298598634567014,2938,957,0.32573179033356026
WinoGrande,validation,discovery,31,2759,929,0.3367162015222907,2930,942,0.32150170648464166
WinoGrande,validation,discovery,32,2774,1022,0.3684210526315789,2918,976,0.33447566826593556
WinoGrande,validation,discovery,33,2772,918,0.33116883116883117,2914,997,0.3421413864104324
WinoGrande,validation,discovery,34,2780,895,0.32194244604316546,2917,928,0.31813507027768256
WinoGrande,validation,discovery,35,2754,878,0.3188090050835149,2912,882,0.30288461538461536
WinoGrande,validation,discovery,36,2777,920,0.33129276197335256,2937,841,0.2863466121893088
WinoGrande,validation,discovery,37,2777,869,0.3129276197335254,2918,903,0.30945853324194655
WinoGrande,validation,discovery,38,2764,1047,0.3787988422575977,2920,950,0.3253424657534247
WinoGrande,validation,discovery,39,2763,926,0.33514296055012666,2935,1003,0.3417376490630324
WinoGrande,validation,discovery,40,2784,914,0.32830459770114945,2933,955,0.32560518240709174
WinoGrande,validation,discovery,41,2773,887,0.31987017670393075,2925,932,0.3186324786324786
WinoGrande,validation,discovery,42,2775,894,0.32216216216216215,2932,936,0.31923601637107774
WinoGrande,validation,discovery,43,2768,907,0.3276734104046243,2922,1008,0.34496919917864477
WinoGrande,validation,discovery,44,2784,1233,0.44288793103448276,2912,885,0.30391483516483514
WinoGrande,validation,discovery,45,2769,953,0.3441675695196822,2912,904,0.31043956043956045
WinoGrande,validation,discovery,46,2757,1015,0.3681537903518317,2922,1035,0.3542094455852156
WinoGrande,validation,discovery,47,2775,890,0.3207207207207207,2909,913,0.31385355792368513
WinoGrande,validation,discovery,48,2762,880,0.31860970311368575,2921,945,0.3235193426908593
WinoGrande,validation,discovery,49,2769,1093,0.39472733838931023,2936,985,0.3354904632152589
WinoGrande,validation,discovery,50,2756,878,0.318577648766328,2894,868,0.29993089149965446
WinoGrande,validation,discovery,51,2765,907,0.32802893309222425,2930,1006,0.3433447098976109
WinoGrande,validation,discovery,52,2770,1009,0.36425992779783395,2912,1029,0.35336538461538464
WinoGrande,validation,discovery,53,2780,1057,0.3802158273381295,2942,923,0.31373215499660095
WinoGrande,validation,discovery,54,2762,1102,0.39898624185372916,2922,955,0.3268309377138946
WinoGrande,validation,discovery,55,2777,968,0.34857760172848395,2923,930,0.31816626753335614
WinoGrande,validation,discovery,56,2766,1004,0.36297903109182933,2921,976,0.3341321465251626
WinoGrande,validation,discovery,57,2772,1029,0.3712121212121212,2915,939,0.3221269296740995
WinoGrande,validation,discovery,58,2778,914,0.32901367890568756,2913,1061,0.36422931685547544
WinoGrande,validation,discovery,59,2782,987,0.35478073328540616,2910,889,0.3054982817869416
WinoGrande,validation,discovery,60,2774,921,0.3320115356885364,2915,851,0.2919382504288165
WinoGrande,validation,discovery,61,2774,955,0.34426820475847153,2917,892,0.3057936235858759
WinoGrande,validation,discovery,62,2792,1051,0.376432664756447,2904,925,0.31852617079889806
WinoGrande,validation,discovery,63,2783,904,0.3248293208767517,2908,979,0.33665749656121047
WinoGrande,validation,discovery,64,2765,859,0.3106690777576854,2911,956,0.32840948127791136
WinoGrande,validation,discovery,65,2781,1079,0.38798993167925205,2931,882,0.300921187308086
WinoGrande,validation,discovery,66,2788,993,0.3561692969870875,2922,1008,0.34496919917864477
WinoGrande,validation,discovery,67,2775,1095,0.3945945945945946,2917,956,0.3277339732601988
WinoGrande,validation,discovery,68,2800,1309,0.4675,2925,1016,0.34735042735042737
WinoGrande,validation,discovery,69,2775,923,0.3326126126126126,2918,985,0.33755997258396164
WinoGrande,validation,discovery,70,2776,976,0.3515850144092219,2913,943,0.3237212495708891
WinoGrande,validation,discovery,71,2766,929,0.3358640636297903,2907,886,0.30478156174750604
WinoGrande,validation,discovery,72,2753,845,0.30693788594260807,2917,912,0.31264998285910184
WinoGrande,validation,discovery,73,2740,908,0.33138686131386863,2888,925,0.3202908587257618
WinoGrande,validation,discovery,74,2755,882,0.3201451905626134,2917,949,0.32533424751456974
WinoGrande,validation,discovery,75,2768,965,0.3486271676300578,2899,848,0.2925146602276647
WinoGrande,validation,discovery,76,2755,942,0.34192377495462795,2892,799,0.27627939142461966
WinoGrande,validation,discovery,77,2778,938,0.33765298776097913,2940,976,0.33197278911564626
WinoGrande,validation,discovery,78,2786,1037,0.37221823402727927,2933,954,0.32526423457211046
WinoGrande,validation,discovery,79,2768,927,0.33489884393063585,2905,940,0.32358003442340794
WinoGrande,validation,discovery,80,2774,982,0.35400144196106703,2921,1010,0.3457719958918179
WinoGrande,validation,discovery,81,2774,1000,0.3604902667627974,2939,975,0.3317454916638312
WinoGrande,validation,discovery,82,2778,905,0.3257739380849532,2902,959,0.3304617505168849
WinoGrande,validation,discovery,83,2760,838,0.3036231884057971,2922,1000,0.34223134839151265
WinoGrande,validation,discovery,84,2765,962,0.34792043399638334,2943,934,0.31736323479442746
WinoGrande,validation,discovery,85,2765,873,0.31573236889692585,2926,873,0.2983595352016405
WinoGrande,validation,discovery,86,2766,958,0.34634851771511205,2908,1039,0.35729023383768915
WinoGrande,validation,discovery,87,2752,1072,0.38953488372093026,2922,936,0.3203285420944558
WinoGrande,validation,discovery,88,2770,898,0.32418772563176895,2912,1001,0.34375
WinoGrande,validation,discovery,89,2779,1052,0.3785534364879453,2869,892,0.31090972464273264
WinoGrande,validation,discovery,90,2774,896,0.32299927901946646,2925,866,0.29606837606837605
WinoGrande,validation,discovery,91,2765,1105,0.3996383363471971,2915,919,0.31526586620926245
WinoGrande,validation,discovery,92,2764,848,0.3068017366136035,2908,943,0.32427785419532323
WinoGrande,validation,discovery,93,2773,989,0.35665344392354853,2926,946,0.3233082706766917
WinoGrande,validation,discovery,94,2747,913,0.33236257735711683,2918,878,0.3008910212474297
WinoGrande,validation,discovery,95,2770,893,0.3223826714801444,2924,930,0.3180574555403557
WinoGrande,validation,discovery,96,2771,977,0.3525802959220498,2923,865,0.2959288402326377
WinoGrande,validation,discovery,97,2754,933,0.33877995642701525,2893,1005,0.34739025233321813
WinoGrande,validation,discovery,98,2767,968,0.34983736899168777,2914,896,0.3074811256005491
WinoGrande,validation,discovery,99,2777,1031,0.371263953907094,2921,863,0.2954467648065731
WinoGrande,validation,discovery,100,2760,917,0.3322463768115942,2906,1056,0.3633860977288369
WinoGrande,validation,discovery,101,2787,982,0.3523501973448152,2910,942,0.3237113402061856
WinoGrande,validation,discovery,102,2756,846,0.306966618287373,2921,894,0.3060595686408764
WinoGrande,validation,discovery,103,2774,1116,0.4023071377072819,2923,952,0.32569278138898394
WinoGrande,validation,discovery,104,2778,927,0.33369330453563717,2898,937,0.3233264320220842
WinoGrande,validation,discovery,105,2765,934,0.3377938517179023,2925,952,0.3254700854700855
WinoGrande,validation,discovery,106,2779,1186,0.42677222022310185,2904,877,0.30199724517906334
WinoGrande,validation,discovery,107,2774,1034,0.3727469358327325,2918,851,0.29163810829335163
WinoGrande,validation,discovery,108,2782,1109,0.3986340762041697,2918,970,0.33241946538725153
WinoGrande,validation,discovery,109,2772,1010,0.3643578643578644,2928,970,0.3312841530054645
WinoGrande,validation,discovery,110,2780,928,0.3338129496402878,2924,947,0.3238714090287278
WinoGrande,validation,discovery,111,2787,1245,0.44671689989235736,2925,951,0.3251282051282051
WinoGrande,validation,discovery,112,2735,915,0.33455210237659966,2903,879,0.3027902170168791
WinoGrande,validation,discovery,113,2771,920,0.3320101046553591,2894,941,0.3251554941257775
WinoGrande,validation,discovery,114,2760,871,0.3155797101449275,2914,947,0.32498284145504464
WinoGrande,validation,discovery,115,2766,944,0.34128705712219815,2937,983,0.33469526727953697
WinoGrande,validation,discovery,116,2780,1010,0.36330935251798563,2901,796,0.2743881420199931
WinoGrande,validation,discovery,117,2754,794,0.28830791575889614,2910,877,0.3013745704467354
WinoGrande,validation,discovery,118,2776,985,0.35482708933717577,2937,907,0.3088185223016684
WinoGrande,validation,discovery,119,2760,846,0.3065217391304348,2938,928,0.31586113002042204
WinoGrande,validation,discovery,120,2764,921,0.33321273516642547,2912,827,0.28399725274725274
WinoGrande,validation,discovery,121,2764,961,0.347684515195369,2913,939,0.3223480947476828
WinoGrande,validation,discovery,122,2774,793,0.28586878154289835,2920,874,0.2993150684931507
WinoGrande,validation,discovery,123,2769,941,0.3398338750451427,2926,935,0.31954887218045114
WinoGrande,validation,discovery,124,2769,983,0.35500180570603107,2926,936,0.3198906356801094
WinoGrande,validation,discovery,125,2755,862,0.31288566243194194,2929,1041,0.35541140320928644
WinoGrande,validation,discovery,126,2771,946,0.34139299891735836,2932,977,0.33321964529331516
WinoGrande,validation,discovery,127,2774,997,0.359408795962509,2930,982,0.33515358361774744
WinoGrande,validation,discovery,128,2768,856,0.3092485549132948,2930,860,0.2935153583617747
WinoGrande,validation,discovery,129,2763,905,0.3275425262395946,2918,964,0.3303632625085675
WinoGrande,validation,discovery,130,2781,1001,0.35994246673858327,2936,946,0.32220708446866486
WinoGrande,validation,discovery,131,2765,1121,0.4054249547920434,2893,871,0.3010715520221224
WinoGrande,validation,discovery,132,2757,845,0.3064925643815742,2917,882,0.30236544394926296
WinoGrande,validation,discovery,133,2773,1000,0.36062026685899745,2924,1090,0.37277701778385774
WinoGrande,validation,discovery,134,2780,1139,0.4097122302158273,2927,942,0.3218312265117868
WinoGrande,validation,discovery,135,2762,941,0.3406951484431571,2914,935,0.3208647906657515
WinoGrande,validation,discovery,136,2765,918,0.33200723327305603,2911,956,0.32840948127791136
WinoGrande,validation,discovery,137,2775,930,0.33513513513513515,2921,835,0.2858610065046217
WinoGrande,validation,discovery,138,2782,1061,0.3813803019410496,2921,1039,0.3557001027045532
WinoGrande,validation,discovery,139,2763,982,0.3554107853782121,2919,991,0.3394998287084618
WinoGrande,validation,discovery,140,2768,871,0.31466763005780346,2904,776,0.26721763085399447
WinoGrande,validation,discovery,141,2767,832,0.3006866642573184,2913,863,0.2962581531067628
WinoGrande,validation,discovery,142,2762,987,0.3573497465604634,2912,919,0.31559065934065933
WinoGrande,validation,discovery,143,2759,947,0.343240304458137,2904,876,0.30165289256198347
WinoGrande,validation,discovery,144,2751,790,0.28716830243547803,2921,872,0.2985279014036289
WinoGrande,validation,discovery,145,2778,920,0.33117350611951046,2937,970,0.3302689819543752
WinoGrande,validation,discovery,146,2772,946,0.3412698412698413,2909,1068,0.3671364730147817
WinoGrande,validation,discovery,147,2769,1072,0.38714337305886604,2927,958,0.32729757430816536
WinoGrande,validation,discovery,148,2757,859,0.31157054769677184,2901,894,0.3081695966907963
WinoGrande,validation,discovery,149,2770,835,0.30144404332129965,2913,897,0.3079299691040165
WinoGrande,validation,discovery,150,2757,853,0.3093942691331157,2904,1029,0.3543388429752066
WinoGrande,validation,discovery,151,2772,1074,0.3874458874458874,2893,908,0.3138610438990667
WinoGrande,validation,discovery,152,2776,877,0.3159221902017291,2909,859,0.2952904778274321
WinoGrande,validation,discovery,153,2784,1011,0.36314655172413796,2914,942,0.32326698695950584
WinoGrande,validation,discovery,154,2775,864,0.31135135135135134,2907,849,0.29205366357069146
WinoGrande,validation,discovery,155,2773,913,0.3292463036422647,2925,1028,0.35145299145299147
WinoGrande,validation,discovery,156,2772,965,0.3481240981240981,2930,946,0.3228668941979522
WinoGrande,validation,discovery,157,2771,950,0.3428365211115121,2916,832,0.28532235939643347
WinoGrande,validation,discovery,158,2775,997,0.3592792792792793,2914,1014,0.34797529169526425
WinoGrande,validation,discovery,159,2773,908,0.3274432023079697,2921,864,0.2957891133173571
WinoGrande,validation,discovery,160,2754,1061,0.3852578068264343,2898,936,0.32298136645962733
WinoGrande,validation,discovery,161,2781,970,0.34879539733908665,2908,879,0.3022696011004127
WinoGrande,validation,discovery,162,2757,966,0.35038084874863984,2908,910,0.31292984869325996
WinoGrande,validation,discovery,163,2774,970,0.34967555875991346,2915,904,0.3101200686106346
WinoGrande,validation,discovery,164,2766,941,0.34020245842371655,2909,978,0.33619800618769335
WinoGrande,validation,discovery,165,2765,938,0.3392405063291139,2912,955,0.3279532967032967
WinoGrande,validation,discovery,166,2775,1183,0.4263063063063063,2905,805,0.27710843373493976
WinoGrande,validation,discovery,167,2763,971,0.35142960550126673,2897,882,0.3044528822920262
WinoGrande,validation,discovery,168,2779,966,0.34760705289672544,2928,997,0.3405054644808743
WinoGrande,validation,discovery,169,2763,942,0.34093376764386535,2914,920,0.3157172271791352
WinoGrande,validation,discovery,170,2774,863,0.31110310021629417,2910,879,0.3020618556701031
WinoGrande,validation,discovery,171,2775,965,0.34774774774774775,2908,1081,0.3717331499312242
WinoGrande,validation,discovery,172,2791,1067,0.38230025080616264,2892,906,0.3132780082987552
WinoGrande,validation,discovery,173,2761,974,0.3527707352408548,2917,842,0.2886527254028111
WinoGrande,validation,discovery,174,2770,985,0.3555956678700361,2941,945,0.3213192791567494
WinoGrande,validation,discovery,175,2763,932,0.33731451321027867,2916,992,0.3401920438957476
WinoGrande,validation,discovery,176,2772,1010,0.3643578643578644,2937,1098,0.3738508682328907
WinoGrande,validation,discovery,177,2771,891,0.3215445687477445,2924,873,0.29856361149110805
WinoGrande,validation,discovery,178,2765,1006,0.3638336347197107,2905,878,0.30223752151462996
WinoGrande,validation,discovery,179,2767,900,0.32526201662450305,2905,1016,0.34974182444061963
WinoGrande,validation,discovery,180,2786,1020,0.36611629576453697,2916,898,0.30795610425240055
WinoGrande,validation,discovery,181,2772,933,0.3365800865800866,2935,932,0.31754684838160135
WinoGrande,validation,discovery,182,2754,915,0.332244008714597,2912,856,0.29395604395604397
WinoGrande,validation,discovery,183,2756,955,0.3465166908563135,2894,910,0.3144436765722184
WinoGrande,validation,discovery,184,2762,959,0.34721216509775527,2924,1016,0.34746922024623805
WinoGrande,validation,discovery,185,2782,897,0.32242990654205606,2918,864,0.29609321453050036
WinoGrande,validation,discovery,186,2776,984,0.35446685878962536,2926,1087,0.3714969241285031
WinoGrande,validation,discovery,187,2779,1222,0.43972652033105436,2929,923,0.31512461590986685
WinoGrande,validation,discovery,188,2767,890,0.3216479942175641,2919,1012,0.34669407331277835
WinoGrande,validation,discovery,189,2763,864,0.3127035830618892,2927,825,0.2818585582507687
WinoGrande,validation,discovery,190,2779,913,0.32853544440446203,2897,996,0.34380393510528134
WinoGrande,validation,discovery,191,2788,1182,0.42395982783357244,2920,917,0.31404109589041096
WinoGrande,validation,discovery,192,2744,982,0.35787172011661805,2907,834,0.2868937048503612
WinoGrande,validation,discovery,193,2773,873,0.3148214929679048,2937,935,0.31835205992509363
WinoGrande,validation,discovery,194,2786,1001,0.3592964824120603,2924,950,0.32489740082079344
WinoGrande,validation,discovery,195,2760,943,0.3416666666666667,2910,969,0.33298969072164947
WinoGrande,validation,discovery,196,2772,908,0.32756132756132755,2926,967,0.3304853041695147
WinoGrande,validation,discovery,197,2778,994,0.3578113750899928,2932,989,0.33731241473397
WinoGrande,validation,discovery,198,2754,870,0.3159041394335512,2910,889,0.3054982817869416
WinoGrande,validation,discovery,199,2779,951,0.34220942785174524,2920,891,0.3051369863013699
WinoGrande,validation,discovery,200,2763,825,0.2985884907709012,2876,851,0.2958970792767733
WinoGrande,validation,discovery,201,2744,805,0.29336734693877553,2886,907,0.3142758142758143
WinoGrande,validation,discovery,202,2757,915,0.33188248095756256,2908,966,0.3321870701513067
WinoGrande,validation,discovery,203,2756,930,0.3374455732946299,2906,913,0.3141775636613902
WinoGrande,validation,discovery,204,2765,886,0.32043399638336345,2903,974,0.33551498449879436
WinoGrande,validation,discovery,205,2774,798,0.2876712328767123,2919,866,0.29667694415895857
WinoGrande,validation,discovery,206,2771,1040,0.3753157704799711,2919,873,0.29907502569373073
WinoGrande,validation,discovery,207,2784,908,0.3261494252873563,2897,979,0.3379357956506731
WinoGrande,validation,discovery,208,2771,929,0.33525802959220496,2936,965,0.3286784741144414
WinoGrande,validation,discovery,209,2768,938,0.3388728323699422,2920,889,0.30445205479452053
WinoGrande,validation,discovery,210,2782,919,0.33033788641265277,2933,932,0.31776338220252304
WinoGrande,validation,discovery,211,2777,1134,0.4083543392149802,2930,932,0.3180887372013652
WinoGrande,validation,discovery,212,2782,1004,0.36089144500359455,2915,1035,0.35506003430531735
WinoGrande,validation,discovery,213,2769,949,0.3427230046948357,2910,939,0.32268041237113404
WinoGrande,validation,discovery,214,2786,928,0.3330940416367552,2931,971,0.3312862504264756
WinoGrande,validation,discovery,215,2788,1051,0.37697274031563843,2931,983,0.33538041624019105
WinoGrande,validation,discovery,216,2767,893,0.32273220093964583,2920,895,0.3065068493150685
WinoGrande,validation,discovery,217,2768,1011,0.3652456647398844,2919,935,0.32031517643028434
WinoGrande,validation,discovery,218,2748,888,0.3231441048034934,2912,955,0.3279532967032967
WinoGrande,validation,discovery,219,2774,1139,0.41059841384282625,2930,900,0.30716723549488056
WinoGrande,validation,discovery,220,2777,999,0.359740727403673,2943,1060,0.3601766904519198
WinoGrande,validation,discovery,221,2773,833,0.3003966822935449,2915,829,0.28439108061749574
WinoGrande,validation,discovery,222,2776,963,0.3469020172910663,2916,903,0.3096707818930041
WinoGrande,validation,discovery,223,2783,885,0.31800215594681996,2934,949,0.3234492160872529
WinoGrande,validation,discovery,224,2771,976,0.35221941537351137,2925,937,0.3203418803418803
WinoGrande,validation,discovery,225,2762,954,0.3454018826937002,2918,1026,0.35161069225496916
WinoGrande,validation,discovery,226,2765,962,0.34792043399638334,2918,847,0.29026730637422893
WinoGrande,validation,discovery,227,2745,907,0.3304189435336976,2906,888,0.3055746730901583
WinoGrande,validation,discovery,228,2758,985,0.35714285714285715,2926,975,0.3332194121667806
WinoGrande,validation,discovery,229,2787,994,0.3566559024040187,2921,971,0.33242040397124273
WinoGrande,validation,discovery,230,2772,970,0.3499278499278499,2919,973,0.3333333333333333
WinoGrande,validation,discovery,231,2759,930,0.33707865168539325,2919,921,0.31551901336073995
WinoGrande,validation,discovery,232,2763,962,0.3481722765110387,2932,948,0.32332878581173263
WinoGrande,validation,discovery,233,2770,854,0.3083032490974729,2918,824,0.2823851953392735
WinoGrande,validation,discovery,234,2766,863,0.31200289226319594,2916,929,0.31858710562414266
WinoGrande,validation,discovery,235,2776,1062,0.38256484149855907,2918,937,0.32111034955448936
WinoGrande,validation,discovery,236,2760,920,0.3333333333333333,2929,915,0.31239330829634687
WinoGrande,validation,discovery,237,2774,992,0.357606344628695,2947,1026,0.3481506616898541
WinoGrande,validation,discovery,238,2768,986,0.35621387283236994,2943,868,0.2949371389738362
WinoGrande,validation,discovery,239,2779,1015,0.36523929471032746,2916,986,0.3381344307270233
WinoGrande,validation,discovery,240,2770,844,0.3046931407942238,2921,912,0.312221841834988
WinoGrande,validation,discovery,241,2766,1102,0.39840925524222703,2905,935,0.3218588640275387
WinoGrande,validation,discovery,242,2761,1031,0.3734154291923216,2918,900,0.30843043180260454
WinoGrande,validation,discovery,243,2773,929,0.33501622791200864,2923,950,0.32500855285665414
WinoGrande,validation,discovery,244,2767,907,0.3277918323093603,2930,903,0.3081911262798635
WinoGrande,validation,discovery,245,2785,1067,0.3831238779174147,2927,892,0.30474888964810387
WinoGrande,validation,discovery,246,2792,985,0.3527936962750716,2910,1011,0.3474226804123711
WinoGrande,validation,discovery,247,2769,929,0.3355001805706031,2928,1028,0.3510928961748634
WinoGrande,validation,discovery,248,2776,937,0.33753602305475505,2893,864,0.2986519184237815
WinoGrande,validation,discovery,249,2771,927,0.33453626849512813,2912,894,0.3070054945054945
WinoGrande,validation,discovery,250,2758,983,0.35641769398114576,2912,947,0.32520604395604397
WinoGrande,validation,discovery,251,2760,923,0.33442028985507244,2896,923,0.3187154696132597
WinoGrande,validation,discovery,252,2768,878,0.3171965317919075,2900,913,0.31482758620689655
WinoGrande,validation,discovery,253,2768,984,0.3554913294797688,2915,856,0.29365351629502573
WinoGrande,validation,discovery,254,2771,930,0.3356189101407434,2933,992,0.3382202523013979
WinoGrande,validation,discovery,255,2761,906,0.32814197754436797,2927,855,0.29210796036897846
WinoGrande,validation,discovery,256,2754,905,0.3286129266521423,2905,934,0.3215146299483649
WinoGrande,validation,discovery,257,2758,859,0.31145757795503987,2898,821,0.2832988267770876
WinoGrande,validation,discovery,258,2787,955,0.34266236096160746,2924,883,0.301983584131327
WinoGrande,validation,discovery,259,2795,1279,0.457602862254025,2930,963,0.3286689419795222
WinoGrande,validation,discovery,260,2778,1126,0.40532757379409645,2911,863,0.2964616970113363
WinoGrande,validation,discovery,261,2768,1106,0.3995664739884393,2926,989,0.3380041011619959
WinoGrande,validation,discovery,262,2779,936,0.33681180280676504,2920,1052,0.36027397260273974
WinoGrande,validation,discovery,263,2766,856,0.309472161966739,2893,905,0.31282405807120633
WinoGrande,validation,discovery,264,2767,894,0.3230936031803397,2910,791,0.2718213058419244
WinoGrande,validation,discovery,265,2779,1094,0.3936667866138899,2927,850,0.29039972668261016
WinoGrande,validation,discovery,266,2778,979,0.35241180705543557,2928,978,0.33401639344262296
WinoGrande,validation,discovery,267,2758,971,0.35206671501087744,2930,929,0.3170648464163823
WinoGrande,validation,discovery,268,2764,946,0.3422575976845152,2927,885,0.30235736248718825
WinoGrande,validation,discovery,269,2755,791,0.2871143375680581,2901,904,0.31161668390210273
WinoGrande,validation,discovery,270,2760,961,0.3481884057971015,2920,982,0.3363013698630137
WinoGrande,validation,discovery,271,2764,987,0.35709117221418235,2918,944,0.32350925291295407
WinoGrande,validation,discovery,272,2748,976,0.3551673944687045,2909,960,0.3300103128222757
WinoGrande,validation,discovery,273,2760,1124,0.4072463768115942,2894,830,0.28680027643400136
WinoGrande,validation,discovery,274,2746,817,0.29752367079388203,2897,763,0.26337590610976874
WinoGrande,validation,discovery,275,2755,891,0.3234119782214156,2908,843,0.28988995873452544
WinoGrande,validation,discovery,276,2765,912,0.3298372513562387,2923,942,0.32227163872733494
WinoGrande,validation,discovery,277,2767,974,0.3520057824358511,2920,984,0.336986301369863
WinoGrande,validation,discovery,278,2774,904,0.32588320115356884,2934,843,0.28732106339468305
WinoGrande,validation,discovery,279,2771,935,0.3374233128834356,2933,943,0.32151380838731675
WinoGrande,validation,discovery,280,2789,1037,0.37181785586231625,2907,1130,0.3887168902648779
WinoGrande,validation,discovery,281,2780,957,0.34424460431654674,2939,1011,0.34399455597141887
WinoGrande,validation,discovery,282,2778,994,0.3578113750899928,2923,904,0.3092712966130688
WinoGrande,validation,discovery,283,2769,965,0.34850126399422177,2897,959,0.33103210217466345
WinoGrande,validation,discovery,284,2773,923,0.33285250631085467,2927,1008,0.3443799111718483
WinoGrande,validation,discovery,285,2785,1073,0.38527827648114904,2917,897,0.30750771340418237
WinoGrande,validation,discovery,286,2762,809,0.29290369297610425,2927,861,0.2941578407926204
WinoGrande,validation,discovery,287,2767,986,0.35634260932417783,2900,944,0.3255172413793103
WinoGrande,validation,discovery,288,2790,1002,0.35913978494623655,2928,912,0.3114754098360656
WinoGrande,validation,discovery,289,2787,1009,0.36203803372802296,2927,878,0.29996583532627263
WinoGrande,validation,discovery,290,2761,986,0.35711698659905833,2923,952,0.32569278138898394
WinoGrande,validation,discovery,291,2755,971,0.3524500907441016,2909,858,0.2949467170849089
WinoGrande,validation,discovery,292,2770,880,0.3176895306859206,2914,950,0.3260123541523679
WinoGrande,validation,discovery,293,2764,1027,0.3715629522431259,2912,1015,0.3485576923076923
WinoGrande,validation,discovery,294,2763,933,0.33767643865363733,2926,871,0.297676008202324
WinoGrande,validation,discovery,295,2780,1230,0.44244604316546765,2932,921,0.3141200545702592
WinoGrande,validation,discovery,296,2775,900,0.32432432432432434,2917,860,0.2948234487487144
WinoGrande,validation,discovery,297,2767,1028,0.3715215034333213,2926,1054,0.36021872863978127
WinoGrande,validation,discovery,298,2769,855,0.3087757313109426,2907,914,0.31441348469212244
WinoGrande,validation,discovery,299,2772,1203,0.43398268398268397,2907,828,0.2848297213622291
WinoGrande,validation,discovery,300,2773,940,0.3389830508474576,2926,1026,0.35064935064935066
WinoGrande,validation,discovery,301,2771,1048,0.3782028148682786,2920,959,0.3284246575342466
WinoGrande,validation,discovery,302,2788,1162,0.4167862266857963,2917,980,0.33596160438806993
WinoGrande,validation,discovery,303,2781,1061,0.38151743976986696,2919,940,0.3220280918122645
WinoGrande,validation,discovery,304,2767,960,0.34694615106613663,2928,1045,0.35689890710382516
WinoGrande,validation,discovery,305,2776,1054,0.3796829971181556,2917,987,0.338361330133699
WinoGrande,validation,discovery,306,2779,1088,0.3915077365958978,2928,960,0.32786885245901637
WinoGrande,validation,discovery,307,2788,952,0.34146341463414637,2931,1014,0.345957011258956
WinoGrande,validation,discovery,308,2768,906,0.3273121387283237,2922,1027,0.3514715947980835
WinoGrande,validation,discovery,309,2780,904,0.3251798561151079,2909,860,0.2956342385699553
WinoGrande,validation,discovery,310,2771,874,0.3154095994225911,2921,877,0.30023964395754876
WinoGrande,validation,discovery,311,2778,873,0.3142548596112311,2912,852,0.2925824175824176
WinoGrande,validation,discovery,312,2792,1026,0.3674785100286533,2923,1030,0.35237769414984604
WinoGrande,validation,discovery,313,2791,971,0.3479039770691508,2926,892,0.30485304169514693
WinoGrande,validation,discovery,314,2774,989,0.35652487382840664,2921,839,0.2872304005477576
WinoGrande,validation,discovery,315,2777,924,0.33273316528628016,2938,1004,0.3417290673927842
WinoGrande,validation,discovery,316,2781,917,0.32973750449478606,2910,904,0.3106529209621993
WinoGrande,validation,discovery,317,2763,927,0.3355048859934853,2903,860,0.296245263520496
WinoGrande,validation,discovery,318,2772,978,0.3528138528138528,2917,898,0.3078505313678437
WinoGrande,validation,discovery,319,2773,890,0.32095203750450774,2922,921,0.31519507186858314
WinoGrande,validation,discovery,320,2770,1002,0.36173285198555954,2942,899,0.305574439157036
WinoGrande,validation,discovery,321,2766,937,0.33875632682574114,2911,1002,0.3442116111301958
WinoGrande,validation,discovery,322,2771,923,0.33309274630097435,2920,1038,0.35547945205479453
WinoGrande,validation,discovery,323,2767,1062,0.38380917961691363,2914,1002,0.3438572409059712
WinoGrande,validation,discovery,324,2759,879,0.31859369336716203,2915,952,0.3265866209262436
WinoGrande,validation,discovery,325,2771,940,0.33922771562612775,2913,924,0.3171987641606591
WinoGrande,validation,discovery,326,2791,902,0.3231816553206736,2913,911,0.31273601098523857
WinoGrande,validation,discovery,327,2781,911,0.3275800071916577,2924,1038,0.35499316005471954
WinoGrande,validation,discovery,328,2777,1101,0.39647101188332734,2928,901,0.3077185792349727
WinoGrande,validation,discovery,329,2792,1234,0.44197707736389685,2908,891,0.3063961485557084
WinoGrande,validation,discovery,330,2780,1035,0.3723021582733813,2935,978,0.3332197614991482
WinoGrande,validation,discovery,331,2783,964,0.3463887890765361,2912,973,0.33413461538461536
WinoGrande,validation,discovery,332,2774,1009,0.3637346791636626,2926,952,0.3253588516746411
WinoGrande,validation,discovery,333,2783,855,0.3072224218469278,2916,925,0.3172153635116598
WinoGrande,validation,discovery,334,2771,1048,0.3782028148682786,2898,872,0.30089717046238784
WinoGrande,validation,discovery,335,2786,948,0.3402727925340991,2931,984,0.33572159672466734
WinoGrande,validation,discovery,336,2772,991,0.3575036075036075,2936,898,0.305858310626703
WinoGrande,validation,discovery,337,2765,897,0.3244122965641953,2917,900,0.30853616729516625
WinoGrande,validation,discovery,338,2770,845,0.30505415162454874,2917,932,0.31950634213232776
WinoGrande,validation,discovery,339,2783,1035,0.371900826446281,2934,970,0.33060668029993184
WinoGrande,validation,discovery,340,2771,992,0.3579935041501263,2923,875,0.2993499828942867
WinoGrande,validation,discovery,341,2774,910,0.3280461427541456,2925,869,0.2970940170940171
WinoGrande,validation,discovery,342,2774,961,0.3464311463590483,2919,900,0.30832476875642345
WinoGrande,validation,discovery,343,2767,929,0.33574268160462595,2908,877,0.3015818431911967
WinoGrande,validation,discovery,344,2790,973,0.3487455197132617,2934,1001,0.34117246080436264
WinoGrande,validation,discovery,345,2759,976,0.3537513591881116,2924,964,0.32968536251709984
WinoGrande,validation,discovery,346,2775,944,0.3401801801801802,2911,911,0.3129508759876331
WinoGrande,validation,discovery,347,2757,888,0.3220892274211099,2935,917,0.31243611584327086
WinoGrande,validation,discovery,348,2770,1044,0.3768953068592058,2934,869,0.2961826857532379
WinoGrande,validation,discovery,349,2757,866,0.3141095393543707,2910,931,0.3199312714776632
WinoGrande,validation,discovery,350,2763,864,0.3127035830618892,2916,840,0.2880658436213992
WinoGrande,validation,discovery,351,2758,997,0.36149383611312547,2912,876,0.3008241758241758
WinoGrande,validation,discovery,352,2768,1001,0.3616329479768786,2914,934,0.3205216197666438
WinoGrande,validation,discovery,353,2775,844,0.30414414414414415,2903,821,0.2828108852910782
WinoGrande,validation,discovery,354,2773,915,0.3299675441759827,2933,991,0.3378793044664166
WinoGrande,validation,discovery,355,2756,922,0.33454281567489114,2903,965,0.3324147433689287
WinoGrande,validation,discovery,356,2758,866,0.3139956490210297,2911,924,0.3174166952937135
WinoGrande,validation,discovery,357,2765,988,0.3573236889692586,2889,798,0.2762201453790239
WinoGrande,validation,discovery,358,2774,900,0.32444124008651765,2927,882,0.3013324222753673
WinoGrande,validation,discovery,359,2760,978,0.35434782608695653,2922,1025,0.35078713210130047
WinoGrande,validation,discovery,360,2767,883,0.3191181785327069,2922,929,0.31793292265571527
WinoGrande,validation,discovery,361,2767,863,0.31189013371882907,2922,969,0.3316221765913758
WinoGrande,validation,discovery,362,2760,902,0.32681159420289857,2932,903,0.30798090040927695
WinoGrande,validation,discovery,363,2760,823,0.29818840579710143,2910,897,0.3082474226804124
WinoGrande,validation,discovery,364,2756,971,0.352322206095791,2913,997,0.34225883968417437
WinoGrande,validation,discovery,365,2765,965,0.34900542495479203,2938,1044,0.35534377127297484
WinoGrande,validation,discovery,366,2776,989,0.3562680115273775,2922,947,0.3240930869267625
WinoGrande,validation,discovery,367,2768,863,0.31177745664739887,2918,852,0.29198080877313226
WinoGrande,validation,discovery,368,2768,898,0.32442196531791906,2902,922,0.3177119228118539
WinoGrande,validation,discovery,369,2738,897,0.32761139517896276,2903,952,0.3279366172924561
WinoGrande,validation,discovery,370,2781,1072,0.38547285149226895,2917,835,0.28625299965718204
WinoGrande,validation,discovery,371,2775,996,0.3589189189189189,2918,920,0.315284441398218
WinoGrande,validation,discovery,372,2772,949,0.34235209235209235,2937,939,0.31971399387129723
WinoGrande,validation,discovery,373,2775,972,0.35027027027027025,2913,1036,0.35564709921043597
WinoGrande,validation,discovery,374,2763,905,0.3275425262395946,2912,868,0.2980769230769231
WinoGrande,validation,discovery,375,2774,972,0.35039653929343906,2901,889,0.30644605308514306
WinoGrande,validation,discovery,376,2763,953,0.3449149475208107,2924,1001,0.3423392612859097
WinoGrande,validation,discovery,377,2772,884,0.3189033189033189,2915,980,0.3361921097770154
WinoGrande,validation,discovery,378,2757,971,0.3521944142183533,2904,888,0.30578512396694213
WinoGrande,validation,discovery,379,2761,810,0.2933719666787396,2930,850,0.2901023890784983
WinoGrande,validation,discovery,380,2777,809,0.29132157003961107,2909,906,0.3114472327260227
WinoGrande,validation,discovery,381,2763,936,0.33876221498371334,2924,918,0.313953488372093
WinoGrande,validation,discovery,382,2793,1016,0.36376655925528106,2921,925,0.3166723724751797
WinoGrande,validation,discovery,383,2771,903,0.3258751353302057,2901,868,0.2992071699413995
WinoGrande,validation,discovery,384,2760,991,0.35905797101449277,2904,956,0.32920110192837465
WinoGrande,validation,discovery,385,2773,944,0.3404255319148936,2926,1022,0.3492822966507177
WinoGrande,validation,discovery,386,2786,973,0.3492462311557789,2923,1027,0.35135135135135137
WinoGrande,validation,discovery,387,2757,831,0.3014145810663765,2890,895,0.3096885813148789
WinoGrande,validation,discovery,388,2771,949,0.34247564056297364,2933,1055,0.3596999659052165
WinoGrande,validation,discovery,389,2776,1010,0.3638328530259366,2944,1091,0.37058423913043476
WinoGrande,validation,discovery,390,2773,896,0.32311575910566176,2926,991,0.33868762816131237
WinoGrande,validation,discovery,391,2768,863,0.31177745664739887,2903,961,0.3310368584223217
WinoGrande,validation,discovery,392,2764,901,0.3259768451519537,2913,943,0.3237212495708891
WinoGrande,validation,discovery,393,2777,952,0.34281598847677347,2930,911,0.31092150170648464
WinoGrande,validation,discovery,394,2777,938,0.33777457688152684,2938,939,0.3196051735874745
WinoGrande,validation,discovery,395,2786,897,0.32196697774587224,2913,887,0.3044970820460007
WinoGrande,validation,discovery,396,2774,1118,0.4030281182408075,2908,988,0.33975240715268223
WinoGrande,validation,discovery,397,2790,971,0.3480286738351254,2931,892,0.30433299215284887
WinoGrande,validation,discovery,398,2782,1083,0.3892882818116463,2906,826,0.2842395044735031
WinoGrande,validation,discovery,399,2782,880,0.3163191948238677,2919,958,0.3281945871873929
WinoGrande,validation,discovery,400,2784,1067,0.38326149425287354,2927,993,0.3392552101127434
WinoGrande,validation,discovery,401,2778,985,0.3545716342692585,2922,823,0.2816563997262149
WinoGrande,validation,discovery,402,2786,1181,0.4239052404881551,2925,814,0.27829059829059827
WinoGrande,validation,discovery,403,2783,1035,0.371900826446281,2930,954,0.32559726962457336
WinoGrande,validation,discovery,404,2761,889,0.3219847881202463,2908,928,0.31911966987620355
WinoGrande,validation,discovery,405,2766,842,0.30441070137382503,2911,984,0.3380281690140845
WinoGrande,validation,discovery,406,2776,837,0.3015129682997118,2911,852,0.2926829268292683
WinoGrande,validation,discovery,407,2766,893,0.3228488792480116,2927,975,0.3331055688418176
WinoGrande,validation,discovery,408,2765,980,0.35443037974683544,2923,966,0.3304823811152925
WinoGrande,validation,discovery,409,2772,916,0.33044733044733043,2925,833,0.28478632478632476
WinoGrande,validation,discovery,410,2768,936,0.33815028901734107,2916,852,0.29218106995884774
WinoGrande,validation,discovery,411,2762,1004,0.36350470673425056,2916,971,0.3329903978052126
WinoGrande,validation,discovery,412,2772,1072,0.38672438672438675,2924,940,0.32147742818057456
WinoGrande,validation,discovery,413,2775,1156,0.4165765765765766,2936,949,0.3232288828337875
WinoGrande,validation,discovery,414,2772,943,0.3401875901875902,2942,998,0.3392250169952413
WinoGrande,validation,discovery,415,2773,965,0.34799855751893255,2916,948,0.32510288065843623
WinoGrande,validation,discovery,416,2772,921,0.33225108225108224,2923,999,0.34177215189873417
WinoGrande,validation,discovery,417,2774,872,0.3143475126171593,2904,801,0.27582644628099173
WinoGrande,validation,discovery,418,2760,839,0.3039855072463768,2925,1011,0.34564102564102567
WinoGrande,validation,discovery,419,2769,1023,0.3694474539544962,2926,992,0.3390293916609706
WinoGrande,validation,discovery,420,2778,939,0.33801295896328293,2918,883,0.3026045236463331
WinoGrande,validation,discovery,421,2775,831,0.29945945945945945,2921,939,0.3214652516261554
WinoGrande,validation,discovery,422,2782,1074,0.3860531991373113,2919,1060,0.3631380609797876
WinoGrande,validation,discovery,423,2767,1026,0.3707986989519335,2903,957,0.32965897347571477
WinoGrande,validation,discovery,424,2764,975,0.35274963820549926,2928,994,0.3394808743169399
WinoGrande,validation,discovery,425,2777,1081,0.38926899531868925,2938,986,0.3356024506466984
WinoGrande,validation,discovery,426,2788,1060,0.3802008608321377,2908,935,0.32152682255845944
WinoGrande,validation,discovery,427,2787,925,0.33189809831359884,2915,931,0.31938250428816467
WinoGrande,validation,discovery,428,2774,946,0.3410237923576063,2916,956,0.3278463648834019
WinoGrande,validation,discovery,429,2769,981,0.3542795232936078,2933,891,0.30378452096829184
WinoGrande,validation,discovery,430,2772,1082,0.3903318903318903,2929,923,0.31512461590986685
WinoGrande,validation,discovery,431,2751,978,0.3555070883315158,2920,979,0.3352739726027397
WinoGrande,validation,discovery,432,2786,925,0.33201722900215364,2906,926,0.31865106675843086
WinoGrande,validation,discovery,433,2776,823,0.2964697406340058,2907,952,0.32748538011695905
WinoGrande,validation,discovery,434,2777,996,0.3586604249189773,2930,975,0.33276450511945393
WinoGrande,validation,discovery,435,2771,1140,0.41140382533381453,2924,858,0.29343365253077974
WinoGrande,validation,discovery,436,2783,976,0.350700682716493,2920,921,0.3154109589041096
WinoGrande,validation,discovery,437,2779,908,0.3267362360561353,2935,1007,0.34310051107325384
WinoGrande,validation,discovery,438,2773,1165,0.42012261089073205,2900,971,0.33482758620689657
WinoGrande,validation,discovery,439,2763,826,0.2989504162142599,2898,915,0.31573498964803315
WinoGrande,validation,discovery,440,2766,870,0.31453362255965295,2921,951,0.3255734337555632
WinoGrande,validation,discovery,441,2760,972,0.3521739130434783,2911,838,0.2878735829611817
WinoGrande,validation,discovery,442,2776,995,0.3584293948126801,2912,1079,0.3705357142857143
WinoGrande,validation,discovery,443,2774,864,0.31146359048305694,2922,967,0.33093771389459276
WinoGrande,validation,discovery,444,2772,841,0.3033910533910534,2929,898,0.30658927961761695
WinoGrande,validation,discovery,445,2753,852,0.30948056665455864,2903,926,0.31898036513951084
WinoGrande,validation,discovery,446,2764,909,0.3288712011577424,2916,936,0.32098765432098764
WinoGrande,validation,discovery,447,2771,993,0.35835438469866476,2927,943,0.32217287324906047
WinoGrande,validation,discovery,448,2779,1045,0.37603454480028786,2915,908,0.31149228130360207
WinoGrande,validation,discovery,449,2773,896,0.32311575910566176,2924,894,0.3057455540355677
WinoGrande,validation,discovery,450,2767,899,0.3249006143838092,2918,862,0.295407813570939
WinoGrande,validation,discovery,451,2770,890,0.3212996389891697,2923,823,0.28156004105371196
WinoGrande,validation,discovery,452,2770,921,0.3324909747292419,2890,928,0.32110726643598614
WinoGrande,validation,discovery,453,2766,896,0.32393347794649313,2916,951,0.32613168724279834
WinoGrande,validation,discovery,454,2761,1032,0.37377761680550525,2930,838,0.2860068259385666
WinoGrande,validation,discovery,455,2775,952,0.34306306306306306,2912,883,0.30322802197802196
WinoGrande,validation,discovery,456,2767,1012,0.365739067582219,2926,973,0.33253588516746413
WinoGrande,validation,discovery,457,2775,1047,0.3772972972972973,2918,884,0.3029472241261138
WinoGrande,validation,discovery,458,2761,1035,0.37486417964505614,2893,842,0.29104735568613893
WinoGrande,validation,discovery,459,2762,858,0.3106444605358436,2893,899,0.3107500864154857
WinoGrande,validation,discovery,460,2764,952,0.34442836468885674,2893,895,0.3093674386450052
WinoGrande,validation,discovery,461,2777,856,0.3082463089665106,2946,946,0.3211133740665309
WinoGrande,validation,discovery,462,2785,1043,0.37450628366247757,2937,894,0.30439223697650664
WinoGrande,validation,discovery,463,2780,983,0.3535971223021583,2912,1017,0.3492445054945055
WinoGrande,validation,discovery,464,2774,996,0.3590483056957462,2929,912,0.3113690679412769
WinoGrande,validation,discovery,465,2777,925,0.33309326611451207,2915,899,0.3084048027444254
WinoGrande,validation,discovery,466,2774,883,0.3183129055515501,2904,937,0.3226584022038568
WinoGrande,validation,discovery,467,2737,828,0.3025210084033613,2908,844,0.2902338376891334
WinoGrande,validation,discovery,468,2762,943,0.34141926140477913,2910,913,0.31374570446735395
WinoGrande,validation,discovery,469,2753,1014,0.3683254631311297,2899,951,0.3280441531562608
WinoGrande,validation,discovery,470,2764,995,0.35998552821997104,2929,910,0.3106862410378969
WinoGrande,validation,discovery,471,2785,1087,0.39030520646319566,2928,999,0.3411885245901639
WinoGrande,validation,discovery,472,2770,969,0.3498194945848375,2905,943,0.32461273666092944
WinoGrande,validation,discovery,473,2766,1050,0.3796095444685466,2925,977,0.334017094017094
WinoGrande,validation,discovery,474,2777,930,0.3348937702556716,2931,897,0.3060388945752303
WinoGrande,validation,discovery,475,2773,839,0.3025604038946989,2932,1028,0.3506139154160982
WinoGrande,validation,discovery,476,2779,986,0.3548038862900324,2917,1063,0.3644154953719575
WinoGrande,validation,discovery,477,2773,902,0.3252794807068157,2922,886,0.30321697467488024
WinoGrande,validation,discovery,478,2755,952,0.3455535390199637,2906,1030,0.35443909153475567
WinoGrande,validation,discovery,479,2753,942,0.34217217580820924,2936,887,0.3021117166212534
WinoGrande,validation,discovery,480,2757,864,0.3133841131664853,2909,828,0.2846338948092128
WinoGrande,validation,discovery,481,2783,1037,0.3726194753862738,2927,1047,0.35770413392552103
WinoGrande,validation,discovery,482,2775,880,0.3171171171171171,2917,883,0.3027082619129242
WinoGrande,validation,discovery,483,2777,835,0.3006841915736406,2907,892,0.3068455452356381
WinoGrande,validation,discovery,484,2763,990,0.3583061889250814,2907,950,0.32679738562091504
WinoGrande,validation,discovery,485,2769,919,0.3318887685084868,2916,897,0.30761316872427985
WinoGrande,validation,discovery,486,2790,999,0.3580645161290323,2921,869,0.29750085587127695
WinoGrande,validation,discovery,487,2767,1009,0.3646548608601373,2931,968,0.3302627089730467
WinoGrande,validation,discovery,488,2765,894,0.3233273056057866,2900,951,0.3279310344827586
WinoGrande,validation,discovery,489,2776,1075,0.3872478386167147,2937,895,0.30473272046305755
WinoGrande,validation,discovery,490,2764,955,0.3455137481910275,2909,910,0.3128222756961155
WinoGrande,validation,discovery,491,2778,964,0.34701223902087835,2937,978,0.33299284984678246
WinoGrande,validation,discovery,492,2788,990,0.3550932568149211,2936,1011,0.34434604904632155
WinoGrande,validation,discovery,493,2771,854,0.30819198845182244,2906,915,0.31486579490708877
WinoGrande,validation,discovery,494,2775,821,0.29585585585585583,2915,863,0.2960548885077187
WinoGrande,validation,discovery,495,2760,947,0.3431159420289855,2920,822,0.2815068493150685
WinoGrande,validation,discovery,496,2758,887,0.3216098622189993,2906,828,0.28492773571920166
WinoGrande,validation,discovery,497,2785,948,0.340394973070018,2935,1022,0.34821124361158434
WinoGrande,validation,discovery,498,2765,923,0.33381555153707054,2918,960,0.3289924605894448
WinoGrande,validation,discovery,499,2777,907,0.3266114512063378,2924,927,0.31703146374829
WinoGrande,validation,discovery,500,2768,1081,0.39053468208092484,2921,960,0.32865457035261897
WinoGrande,validation,discovery,501,2769,1008,0.3640303358613218,2918,919,0.3149417409184373
WinoGrande,validation,discovery,502,2771,980,0.3536629375676651,2913,864,0.29660144181256437
WinoGrande,validation,discovery,503,2762,928,0.33598841419261405,2920,874,0.2993150684931507
WinoGrande,validation,discovery,504,2779,976,0.3512054695933789,2911,890,0.3057368601855033
WinoGrande,validation,discovery,505,2782,1249,0.44895758447160317,2935,974,0.33185689948892677
WinoGrande,validation,discovery,506,2773,869,0.3133790119004688,2923,970,0.3318508381799521
WinoGrande,validation,discovery,507,2775,1128,0.4064864864864865,2933,1016,0.34640300034094784
WinoGrande,validation,discovery,508,2768,914,0.3302023121387283,2908,909,0.312585969738652
WinoGrande,validation,discovery,509,2775,961,0.3463063063063063,2912,992,0.34065934065934067
WinoGrande,validation,discovery,510,2766,1106,0.39985538684020244,2924,1005,0.3437072503419973
WinoGrande,validation,discovery,511,2769,916,0.3308053448898519,2912,933,0.3203983516483517
WinoGrande,validation,discovery,512,2783,869,0.31225296442687744,2946,1000,0.3394433129667346
WinoGrande,validation,discovery,513,2767,1097,0.39645825804119983,2930,1033,0.35255972696245735
WinoGrande,validation,discovery,514,2763,880,0.3184943901556279,2919,819,0.2805755395683453
WinoGrande,validation,discovery,515,2770,887,0.32021660649819494,2921,955,0.3269428277986991
WinoGrande,validation,discovery,516,2779,893,0.3213386110111551,2928,892,0.3046448087431694
WinoGrande,validation,discovery,517,2763,1064,0.3850886717336229,2918,942,0.32282385195339275
WinoGrande,validation,discovery,518,2749,890,0.32375409239723535,2885,1020,0.3535528596187175
WinoGrande,validation,discovery,519,2777,959,0.34533669427439684,2907,885,0.304437564499484
WinoGrande,validation,discovery,520,2766,1069,0.38647866955892984,2934,1040,0.35446489434219497
WinoGrande,validation,discovery,521,2770,946,0.34151624548736464,2907,900,0.30959752321981426
WinoGrande,validation,discovery,522,2772,1116,0.4025974025974026,2921,969,0.33173570694967475
WinoGrande,validation,discovery,523,2768,913,0.32984104046242774,2917,972,0.33321906067877954
WinoGrande,validation,discovery,524,2784,1026,0.36853448275862066,2908,1004,0.3452544704264099
WinoGrande,validation,discovery,525,2762,845,0.3059377262853005,2934,924,0.3149284253578732
WinoGrande,validation,discovery,526,2771,852,0.3074702273547456,2921,926,0.3170147209859637
WinoGrande,validation,discovery,527,2790,963,0.34516129032258064,2935,921,0.3137989778534923
WinoGrande,validation,discovery,528,2775,1088,0.39207207207207206,2920,851,0.29143835616438357
WinoGrande,validation,discovery,529,2775,1096,0.394954954954955,2930,969,0.33071672354948806
WinoGrande,validation,discovery,530,2775,1101,0.39675675675675676,2920,938,0.32123287671232875
WinoGrande,validation,discovery,531,2775,982,0.35387387387387387,2926,914,0.31237183868762813
WinoGrande,validation,discovery,532,2756,990,0.35921625544267055,2936,943,0.32118528610354224
WinoGrande,validation,discovery,533,2788,1031,0.3697991391678623,2927,970,0.3313973351554493
WinoGrande,validation,discovery,534,2765,866,0.3132007233273056,2912,930,0.31936813186813184
WinoGrande,validation,discovery,535,2749,1006,0.36595125500181885,2929,940,0.32092864458859677
WinoGrande,validation,discovery,536,2768,903,0.32622832369942195,2907,859,0.2954936360509116
WinoGrande,validation,discovery,537,2771,919,0.33164922410682063,2935,897,0.3056218057921635
WinoGrande,validation,discovery,538,2765,802,0.2900542495479204,2910,872,0.29965635738831614
WinoGrande,validation,discovery,539,2765,1037,0.37504520795660035,2924,951,0.32523939808481533
WinoGrande,validation,discovery,540,2779,1007,0.36236056135300465,2893,969,0.3349464223988939
WinoGrande,validation,discovery,541,2757,879,0.3188248095756257,2897,910,0.31411805315843977
WinoGrande,validation,discovery,542,2768,942,0.3403179190751445,2917,1070,0.3668152211175866
WinoGrande,validation,discovery,543,2774,945,0.34066330209084356,2906,974,0.33516861665519615
WinoGrande,validation,discovery,544,2784,1004,0.36063218390804597,2920,986,0.3376712328767123
WinoGrande,validation,discovery,545,2764,946,0.3422575976845152,2932,867,0.2957025920873124
WinoGrande,validation,discovery,546,2777,1006,0.3622614332012964,2934,920,0.31356509884117245
WinoGrande,validation,discovery,547,2752,809,0.29396802325581395,2928,896,0.30601092896174864
WinoGrande,validation,discovery,548,2743,802,0.2923806051768137,2927,831,0.2839084386744107
WinoGrande,validation,discovery,549,2774,990,0.3568853640951694,2910,874,0.30034364261168384
WinoGrande,validation,discovery,550,2760,888,0.3217391304347826,2886,942,0.3264033264033264
WinoGrande,validation,discovery,551,2771,896,0.3233489714904367,2924,977,0.3341313269493844
WinoGrande,validation,discovery,552,2776,1109,0.3994956772334294,2931,995,0.3394745820539065
WinoGrande,validation,discovery,553,2780,968,0.34820143884892085,2918,937,0.32111034955448936
WinoGrande,validation,discovery,554,2777,912,0.3284119553474973,2909,949,0.32622894465452046
WinoGrande,validation,discovery,555,2777,1098,0.39539070939863163,2904,1006,0.3464187327823691
WinoGrande,validation,discovery,556,2771,1044,0.3767592926741249,2936,967,0.3293596730245232
WinoGrande,validation,discovery,557,2771,990,0.35727174305304943,2935,1001,0.34105621805792163
WinoGrande,validation,discovery,558,2766,897,0.324295010845987,2919,840,0.28776978417266186
WinoGrande,validation,discovery,559,2792,1249,0.4473495702005731,2937,892,0.3037112700034048
WinoGrande,validation,discovery,560,2761,984,0.35639261137269107,2925,953,0.3258119658119658
WinoGrande,validation,discovery,561,2782,1073,0.3856937455068296,2943,920,0.3126061841658172
WinoGrande,validation,discovery,562,2774,1033,0.3723864455659697,2906,988,0.33998623537508604
WinoGrande,validation,discovery,563,2780,1006,0.3618705035971223,2934,867,0.2955010224948875
WinoGrande,validation,discovery,564,2778,961,0.3459323254139669,2920,942,0.3226027397260274
WinoGrande,validation,discovery,565,2779,894,0.3216984526808204,2928,980,0.33469945355191255
WinoGrande,validation,discovery,566,2771,941,0.3395885961746662,2916,976,0.3347050754458162
WinoGrande,validation,discovery,567,2769,936,0.3380281690140845,2916,996,0.34156378600823045
WinoGrande,validation,discovery,568,2763,887,0.3210278682591386,2880,883,0.30659722222222224
WinoGrande,validation,discovery,569,2770,1046,0.3776173285198556,2924,908,0.31053351573187415
WinoGrande,validation,discovery,570,2795,1111,0.3974955277280859,2919,1054,0.36108256252141147
WinoGrande,validation,discovery,571,2780,1009,0.36294964028776977,2923,945,0.3232979815258296
WinoGrande,validation,discovery,572,2759,932,0.3378035520115984,2920,884,0.30273972602739724
WinoGrande,validation,discovery,573,2771,990,0.35727174305304943,2929,861,0.29395698190508707
WinoGrande,validation,discovery,574,2772,850,0.30663780663780665,2924,851,0.29103967168262657
WinoGrande,validation,discovery,575,2792,1206,0.43194842406876793,2931,961,0.32787444558171275
WinoGrande,validation,discovery,576,2757,896,0.32499093217265146,2919,902,0.30900993490921547
WinoGrande,validation,discovery,577,2775,978,0.35243243243243244,2930,1008,0.3440273037542662
WinoGrande,validation,discovery,578,2777,952,0.34281598847677347,2923,964,0.3297981525829627
WinoGrande,validation,discovery,579,2770,921,0.3324909747292419,2938,894,0.30428863172226006
WinoGrande,validation,discovery,580,2774,946,0.3410237923576063,2929,947,0.32331853875042676
WinoGrande,validation,discovery,581,2774,898,0.32372025955299205,2922,963,0.3295687885010267
WinoGrande,validation,discovery,582,2773,913,0.3292463036422647,2913,954,0.3274974253347065
WinoGrande,validation,discovery,583,2791,938,0.33608025797205304,2932,966,0.3294679399727149
WinoGrande,validation,discovery,584,2753,961,0.3490737377406466,2894,958,0.3310297166551486
WinoGrande,validation,discovery,585,2790,1110,0.3978494623655914,2913,931,0.3196017851012702
WinoGrande,validation,discovery,586,2752,870,0.31613372093023256,2900,914,0.31517241379310346
WinoGrande,validation,discovery,587,2779,1128,0.4059014033825117,2917,1035,0.3548165923894412
WinoGrande,validation,discovery,588,2782,949,0.3411214953271028,2915,942,0.32315608919382505
WinoGrande,validation,discovery,589,2778,975,0.3509719222462203,2923,1022,0.34964078002052684
WinoGrande,validation,discovery,590,2787,909,0.3261571582346609,2938,972,0.33083730428863173
WinoGrande,validation,discovery,591,2772,1112,0.40115440115440115,2939,934,0.31779516842463423
WinoGrande,validation,discovery,592,2765,952,0.34430379746835443,2918,1034,0.35435229609321456
WinoGrande,validation,discovery,593,2769,935,0.3376670278078729,2911,1025,0.352112676056338
WinoGrande,validation,discovery,594,2773,878,0.3166245943021998,2922,936,0.3203285420944558
WinoGrande,validation,discovery,595,2783,874,0.3140495867768595,2925,954,0.3261538461538461
WinoGrande,validation,discovery,596,2780,866,0.31151079136690646,2880,978,0.33958333333333335
WinoGrande,validation,discovery,597,2778,848,0.3052555795536357,2914,840,0.2882635552505148
WinoGrande,validation,discovery,598,2780,858,0.30863309352517987,2921,952,0.32591578226634715
WinoGrande,validation,discovery,599,2769,961,0.3470566991693752,2932,963,0.32844474761255116
WinoGrande,validation,discovery,600,2773,931,0.33573746844572666,2914,1011,0.346945778997941
WinoGrande,validation,discovery,601,2771,1080,0.38975099242150846,2930,974,0.3324232081911263
WinoGrande,validation,discovery,602,2774,963,0.3471521268925739,2933,966,0.32935560859188545
WinoGrande,validation,discovery,603,2774,1083,0.3904109589041096,2909,872,0.29975936748023374
WinoGrande,validation,discovery,604,2775,1151,0.41477477477477476,2930,869,0.29658703071672354
WinoGrande,validation,discovery,605,2779,969,0.3486865779057215,2934,945,0.3220858895705521
WinoGrande,validation,discovery,606,2772,890,0.32106782106782106,2905,906,0.3118760757314974
WinoGrande,validation,discovery,607,2783,1116,0.40100610851598995,2923,851,0.2911392405063291
WinoGrande,validation,discovery,608,2759,821,0.2975715839072128,2898,955,0.3295376121463078
WinoGrande,validation,discovery,609,2752,932,0.3386627906976744,2907,812,0.2793257653938768
WinoGrande,validation,discovery,610,2781,926,0.3329737504494786,2922,935,0.3199863107460643
WinoGrande,validation,discovery,611,2761,1039,0.37631293009779065,2902,943,0.3249483115093039
WinoGrande,validation,discovery,612,2789,927,0.3323771961276443,2922,881,0.30150581793292264
WinoGrande,validation,discovery,613,2776,989,0.3562680115273775,2921,1032,0.3533036631290654
WinoGrande,validation,discovery,614,2765,976,0.35298372513562387,2922,856,0.2929500342231348
WinoGrande,validation,discovery,615,2782,1123,0.403666427030913,2944,951,0.32302989130434784
WinoGrande,validation,discovery,616,2777,1173,0.4223982715160245,2923,884,0.3024290112897708
WinoGrande,validation,discovery,617,2778,1058,0.380849532037437,2930,924,0.315358361774744
WinoGrande,validation,discovery,618,2781,1215,0.4368932038834951,2937,959,0.3265236636023153
WinoGrande,validation,discovery,619,2759,975,0.3533889090250091,2921,1000,0.3423485107839781
WinoGrande,validation,discovery,620,2767,847,0.3061076978677268,2914,839,0.287920384351407
WinoGrande,validation,discovery,621,2758,844,0.3060188542422045,2888,923,0.3195983379501385
WinoGrande,validation,discovery,622,2763,872,0.31559898660875857,2909,871,0.29941560673771056
WinoGrande,validation,discovery,623,2777,924,0.33273316528628016,2932,915,0.3120736698499318
WinoGrande,validation,discovery,624,2773,925,0.33357374684457264,2939,984,0.33480775774072813
WinoGrande,validation,discovery,625,2773,981,0.35376848178867654,2924,1032,0.35294117647058826
WinoGrande,validation,discovery,626,2773,896,0.32311575910566176,2924,805,0.2753077975376197
WinoGrande,validation,discovery,627,2764,896,0.32416787264833574,2919,883,0.302500856457691
WinoGrande,validation,discovery,628,2770,1024,0.36967509025270756,2925,932,0.3186324786324786
WinoGrande,validation,discovery,629,2771,919,0.33164922410682063,2912,813,0.27918956043956045
WinoGrande,validation,discovery,630,2779,1014,0.3648794530406621,2905,861,0.2963855421686747
WinoGrande,validation,discovery,631,2766,917,0.33152566883586404,2928,856,0.2923497267759563
WinoGrande,validation,discovery,632,2745,862,0.3140255009107468,2885,972,0.3369150779896014
WinoGrande,validation,discovery,633,2767,880,0.3180339718106252,2911,824,0.28306423909309514
WinoGrande,validation,discovery,634,2782,1025,0.3684399712437096,2935,912,0.310732538330494
WinoGrande,validation,discovery,635,2759,929,0.3367162015222907,2913,911,0.31273601098523857
WinoGrande,validation,discovery,636,2758,879,0.31870920957215376,2902,891,0.30702963473466577
WinoGrande,validation,discovery,637,2766,1001,0.3618944323933478,2920,831,0.2845890410958904
WinoGrande,validation,discovery,638,2783,1150,0.4132231404958678,2932,963,0.32844474761255116
WinoGrande,validation,discovery,639,2792,944,0.33810888252148996,2935,860,0.293015332197615
WinoGrande,validation,discovery,640,2783,1056,0.3794466403162055,2927,1030,0.3518961393918688
WinoGrande,validation,discovery,641,2767,1027,0.3711601011926274,2913,968,0.33230346721592857
WinoGrande,validation,discovery,642,2770,935,0.33754512635379064,2934,954,0.32515337423312884
WinoGrande,validation,discovery,643,2766,837,0.30260303687635576,2898,857,0.29572118702553485
WinoGrande,validation,discovery,644,2761,904,0.3274176023180007,2910,929,0.3192439862542955
WinoGrande,validation,discovery,645,2770,917,0.3310469314079422,2927,881,0.3009907755380936
WinoGrande,validation,discovery,646,2759,948,0.34360275462123957,2908,885,0.30433287482806054
WinoGrande,validation,discovery,647,2759,988,0.3581007611453425,2913,907,0.31136285616203224
WinoGrande,validation,discovery,648,2785,1115,0.400359066427289,2901,955,0.3291968286797656
WinoGrande,validation,discovery,649,2760,947,0.3431159420289855,2911,968,0.3325317760219856
WinoGrande,validation,discovery,650,2754,940,0.34132171387073346,2909,856,0.2942591955998625
WinoGrande,validation,discovery,651,2769,798,0.28819068255687974,2909,939,0.32279133722928843
WinoGrande,validation,discovery,652,2759,905,0.32801739760782894,2901,924,0.3185108583247156
WinoGrande,validation,discovery,653,2774,934,0.33669790915645276,2906,986,0.3392980041293875
WinoGrande,validation,discovery,654,2769,973,0.3513903936439148,2913,995,0.34157226227257126
WinoGrande,validation,discovery,655,2770,829,0.29927797833935016,2911,939,0.32256956372380624
WinoGrande,validation,discovery,656,2768,972,0.3511560693641618,2921,979,0.33515919205751454
WinoGrande,validation,discovery,657,2788,974,0.34935437589670015,2913,963,0.3305870236869207
WinoGrande,validation,discovery,658,2760,984,0.3565217391304348,2898,944,0.32574189095928224
WinoGrande,validation,discovery,659,2764,892,0.3227206946454414,2917,947,0.32464861158724717
WinoGrande,validation,discovery,660,2762,1043,0.3776249094858798,2897,838,0.28926475664480494
WinoGrande,validation,discovery,661,2772,852,0.30735930735930733,2936,866,0.2949591280653951
WinoGrande,validation,discovery,662,2767,973,0.3516443801951572,2914,903,0.30988332189430334
WinoGrande,validation,discovery,663,2766,915,0.33080260303687636,2907,804,0.27657378740970073
WinoGrande,validation,discovery,664,2759,839,0.3040956868430591,2930,950,0.3242320819112628
WinoGrande,validation,discovery,665,2770,1033,0.3729241877256318,2941,1002,0.3407004420265216
WinoGrande,validation,discovery,666,2773,920,0.3317706455102777,2916,1028,0.35253772290809327
WinoGrande,validation,discovery,667,2744,911,0.33199708454810495,2912,981,0.33688186813186816
WinoGrande,validation,discovery,668,2771,891,0.3215445687477445,2930,1035,0.3532423208191126
WinoGrande,validation,discovery,669,2788,1203,0.43149210903873747,2930,988,0.3372013651877133
WinoGrande,validation,discovery,670,2773,950,0.3425892535160476,2916,997,0.34190672153635115
WinoGrande,validation,discovery,671,2765,986,0.3566003616636528,2917,1024,0.35104559478916697
WinoGrande,validation,discovery,672,2774,942,0.33958183129055514,2927,911,0.3112401776563034
WinoGrande,validation,discovery,673,2781,951,0.3419633225458468,2921,822,0.28141047586442997
WinoGrande,validation,discovery,674,2775,1010,0.36396396396396397,2924,887,0.3033515731874145
WinoGrande,validation,discovery,675,2774,918,0.330930064888248,2917,908,0.31127871100445664
WinoGrande,validation,discovery,676,2780,1002,0.360431654676259,2918,938,0.32145305003427005
WinoGrande,validation,discovery,677,2745,890,0.3242258652094718,2901,849,0.29265770423991727
WinoGrande,validation,discovery,678,2757,1071,0.38846572361262244,2903,917,0.3158801240096452
WinoGrande,validation,discovery,679,2778,1009,0.36321094312455005,2934,843,0.28732106339468305
WinoGrande,validation,discovery,680,2773,1054,0.3800937612693833,2919,973,0.3333333333333333
WinoGrande,validation,discovery,681,2761,946,0.3426294820717131,2909,919,0.3159161223788243
WinoGrande,validation,discovery,682,2779,1151,0.4141777617848147,2913,857,0.2941984208719533
WinoGrande,validation,discovery,683,2768,950,0.3432080924855491,2928,931,0.31796448087431695
WinoGrande,validation,discovery,684,2758,959,0.3477157360406091,2896,837,0.28901933701657456
WinoGrande,validation,discovery,685,2738,859,0.3137326515704894,2903,821,0.2828108852910782
WinoGrande,validation,discovery,686,2760,937,0.3394927536231884,2904,950,0.3271349862258953
WinoGrande,validation,discovery,687,2761,917,0.3321260412893879,2926,944,0.32262474367737526
WinoGrande,validation,discovery,688,2755,892,0.3237749546279492,2911,961,0.33012710408794227
WinoGrande,validation,discovery,689,2774,950,0.3424657534246575,2917,1006,0.3448748714432636
WinoGrande,validation,discovery,690,2782,928,0.3335729690869878,2911,974,0.3345929233940227
WinoGrande,validation,discovery,691,2775,909,0.32756756756756755,2925,935,0.31965811965811963
WinoGrande,validation,discovery,692,2766,896,0.32393347794649313,2930,926,0.31604095563139933
WinoGrande,validation,discovery,693,2769,959,0.346334416756952,2932,993,0.33867667121418826
WinoGrande,validation,discovery,694,2759,1051,0.38093512142080466,2923,922,0.31542935340403694
WinoGrande,validation,discovery,695,2765,828,0.29945750452079567,2920,844,0.28904109589041094
WinoGrande,validation,discovery,696,2760,970,0.35144927536231885,2910,995,0.34192439862542956
WinoGrande,validation,discovery,697,2771,969,0.3496932515337423,2923,976,0.3339035237769415
WinoGrande,validation,discovery,698,2785,1214,0.43590664272890484,2931,970,0.3309450699419993
WinoGrande,validation,discovery,699,2751,877,0.3187931661214104,2894,915,0.31617138908085696
WinoGrande,validation,discovery,700,2766,987,0.35683297180043383,2930,1019,0.3477815699658703
WinoGrande,validation,discovery,701,2761,971,0.3516841724013039,2923,997,0.34108792336640437
WinoGrande,validation,discovery,702,2759,970,0.3515766582094962,2923,957,0.3274033527198084
WinoGrande,validation,discovery,703,2763,958,0.34672457473760404,2924,925,0.31634746922024626
WinoGrande,validation,discovery,704,2765,916,0.3312839059674503,2893,914,0.3159350155547874
WinoGrande,validation,discovery,705,2772,955,0.3445165945165945,2929,908,0.3100034141345169
WinoGrande,validation,discovery,706,2771,947,0.3417538794658968,2937,880,0.299625468164794
WinoGrande,validation,discovery,707,2767,982,0.35489700036140226,2896,870,0.300414364640884
WinoGrande,validation,discovery,708,2775,927,0.33405405405405403,2940,994,0.3380952380952381
WinoGrande,validation,discovery,709,2776,1125,0.4052593659942363,2923,953,0.3260348956551488
WinoGrande,validation,discovery,710,2760,937,0.3394927536231884,2908,904,0.3108665749656121
WinoGrande,validation,discovery,711,2774,933,0.33633741888969,2931,939,0.3203684749232344
WinoGrande,validation,discovery,712,2760,875,0.3170289855072464,2898,1001,0.34541062801932365
WinoGrande,validation,discovery,713,2775,930,0.33513513513513515,2920,927,0.31746575342465755
WinoGrande,validation,discovery,714,2774,954,0.3439077144917087,2912,926,0.3179945054945055
WinoGrande,validation,discovery,715,2750,901,0.3276363636363636,2918,1008,0.34544208361891704
WinoGrande,validation,discovery,716,2774,949,0.34210526315789475,2940,920,0.3129251700680272
WinoGrande,validation,discovery,717,2778,1014,0.3650107991360691,2931,852,0.2906857727737973
WinoGrande,validation,discovery,718,2779,1133,0.40770061173083844,2919,934,0.31997259335388833
WinoGrande,validation,discovery,719,2771,915,0.3302057019126669,2924,902,0.3084815321477428
WinoGrande,validation,discovery,720,2779,934,0.33609211946743434,2921,949,0.3248887367339952
WinoGrande,validation,discovery,721,2756,921,0.3341799709724238,2916,958,0.32853223593964337
WinoGrande,validation,discovery,722,2760,1057,0.3829710144927536,2902,998,0.3439007580978635
WinoGrande,validation,discovery,723,2773,930,0.33537684817886765,2936,885,0.3014305177111717
WinoGrande,validation,discovery,724,2763,959,0.3470865001809627,2927,995,0.3399385035872907
WinoGrande,validation,discovery,725,2730,811,0.29706959706959707,2895,910,0.3143350604490501
WinoGrande,validation,discovery,726,2761,858,0.3107569721115538,2918,1044,0.3577793008910212
WinoGrande,validation,discovery,727,2757,894,0.32426550598476606,2922,894,0.3059548254620123
WinoGrande,validation,discovery,728,2779,1152,0.41453760345448004,2919,885,0.30318602261048305
WinoGrande,validation,discovery,729,2780,990,0.35611510791366907,2919,986,0.3377869133264817
WinoGrande,validation,discovery,730,2758,895,0.3245105148658448,2919,851,0.29153819801301817
WinoGrande,validation,discovery,731,2784,1014,0.3642241379310345,2932,965,0.3291268758526603
WinoGrande,validation,discovery,732,2771,1026,0.37026344280043305,2934,873,0.29754601226993865
WinoGrande,validation,discovery,733,2770,1051,0.37942238267148015,2928,1006,0.3435792349726776
WinoGrande,validation,discovery,734,2774,1028,0.3705839942321557,2930,942,0.32150170648464166
WinoGrande,validation,discovery,735,2764,930,0.33646888567293776,2936,1104,0.3760217983651226
WinoGrande,validation,discovery,736,2782,947,0.3404025880661395,2929,941,0.3212700580402868
WinoGrande,validation,discovery,737,2772,997,0.3596681096681097,2925,898,0.307008547008547
WinoGrande,validation,discovery,738,2770,864,0.311913357400722,2895,836,0.2887737478411054
WinoGrande,validation,discovery,739,2770,864,0.311913357400722,2933,917,0.3126491646778043
WinoGrande,validation,discovery,740,2776,981,0.3533861671469741,2929,937,0.3199044042335268
WinoGrande,validation,discovery,741,2779,931,0.3350125944584383,2914,885,0.30370624571036375
WinoGrande,validation,discovery,742,2778,999,0.3596112311015119,2908,847,0.29126547455295737
WinoGrande,validation,discovery,743,2765,884,0.3197106690777577,2907,833,0.28654970760233917
WinoGrande,validation,discovery,744,2757,938,0.3402248821182445,2920,970,0.3321917808219178
WinoGrande,validation,discovery,745,2781,976,0.350952894642215,2933,909,0.30992158199795433
WinoGrande,validation,discovery,746,2748,1036,0.37700145560407566,2921,960,0.32865457035261897
WinoGrande,validation,discovery,747,2761,978,0.3542194856935893,2929,851,0.2905428473881871
WinoGrande,validation,discovery,748,2772,1051,0.3791486291486291,2923,966,0.3304823811152925
WinoGrande,validation,discovery,749,2773,971,0.3501622791200866,2936,971,0.33072207084468663
WinoGrande,validation,discovery,750,2777,908,0.3269715520345697,2910,911,0.31305841924398625
WinoGrande,validation,discovery,751,2775,1139,0.4104504504504505,2915,910,0.31217838765008576
WinoGrande,validation,discovery,752,2774,1041,0.3752703677000721,2928,1032,0.3524590163934426
WinoGrande,validation,discovery,753,2785,1007,0.3615798922800718,2943,943,0.32042133876996265
WinoGrande,validation,discovery,754,2790,938,0.33620071684587816,2931,927,0.3162743091095189
WinoGrande,validation,discovery,755,2761,981,0.3553060485331402,2918,967,0.3313913639479095
WinoGrande,validation,discovery,756,2767,960,0.34694615106613663,2922,1043,0.35694729637234773
WinoGrande,validation,discovery,757,2768,860,0.3106936416184971,2917,981,0.33630442235173125
WinoGrande,validation,discovery,758,2761,944,0.34190510684534586,2911,930,0.3194778426657506
WinoGrande,validation,discovery,759,2771,900,0.3247924936845904,2930,911,0.31092150170648464
WinoGrande,validation,discovery,760,2754,1015,0.3685548293391431,2907,880,0.3027175782593739
WinoGrande,validation,discovery,761,2767,947,0.342247921937116,2913,883,0.30312392722279435
WinoGrande,validation,discovery,762,2773,923,0.33285250631085467,2918,986,0.3379026730637423
WinoGrande,validation,discovery,763,2763,988,0.3575823380383641,2904,991,0.3412534435261708
WinoGrande,validation,discovery,764,2760,892,0.32318840579710145,2904,1000,0.3443526170798898
WinoGrande,validation,discovery,765,2771,1051,0.3792854565138939,2913,885,0.3038105046343975
WinoGrande,validation,discovery,766,2768,899,0.3247832369942196,2921,1032,0.3533036631290654
WinoGrande,validation,discovery,767,2773,1018,0.3671114316624594,2938,1015,0.3454731109598366
WinoGrande,validation,discovery,768,2790,1196,0.42867383512544804,2946,937,0.3180583842498303
WinoGrande,validation,discovery,769,2745,844,0.30746812386156647,2890,910,0.314878892733564
WinoGrande,validation,discovery,770,2761,1071,0.3879029337196668,2916,1005,0.3446502057613169
WinoGrande,validation,discovery,771,2776,896,0.3227665706051873,2924,901,0.3081395348837209
WinoGrande,validation,discovery,772,2784,905,0.3250718390804598,2912,1001,0.34375
WinoGrande,validation,discovery,773,2781,1053,0.3786407766990291,2941,946,0.32165929955797345
WinoGrande,validation,discovery,774,2757,927,0.33623503808487487,2912,959,0.3293269230769231
WinoGrande,validation,discovery,775,2780,1009,0.36294964028776977,2920,879,0.301027397260274
WinoGrande,validation,discovery,776,2783,1066,0.3830398850161696,2944,963,0.32710597826086957
WinoGrande,validation,discovery,777,2776,987,0.35554755043227665,2921,793,0.27148236905169465
WinoGrande,validation,discovery,778,2753,948,0.3443516164184526,2914,931,0.3194921070693205
WinoGrande,validation,discovery,779,2787,1022,0.36670254754216003,2937,988,0.3363976847122915
WinoGrande,validation,discovery,780,2784,943,0.3387212643678161,2947,984,0.33389888021717
WinoGrande,validation,discovery,781,2779,1019,0.36667866138898886,2922,1015,0.34736481861738533
WinoGrande,validation,discovery,782,2767,926,0.3346584748825443,2934,949,0.3234492160872529
WinoGrande,validation,discovery,783,2776,954,0.34365994236311237,2928,957,0.32684426229508196
WinoGrande,validation,discovery,784,2760,1087,0.3938405797101449,2927,915,0.312606764605398
WinoGrande,validation,discovery,785,2745,892,0.3249544626593807,2926,882,0.3014354066985646
WinoGrande,validation,discovery,786,2760,954,0.3456521739130435,2898,851,0.29365079365079366
WinoGrande,validation,discovery,787,2765,891,0.32224231464737796,2923,809,0.27677044132740336
WinoGrande,validation,discovery,788,2758,920,0.3335750543872371,2906,874,0.3007570543702684
WinoGrande,validation,discovery,789,2783,1123,0.4035213798059648,2905,904,0.3111876075731497
WinoGrande,validation,discovery,790,2750,797,0.2898181818181818,2909,843,0.28979030594706084
WinoGrande,validation,discovery,791,2767,1064,0.3845319840983014,2930,886,0.3023890784982935
WinoGrande,validation,discovery,792,2764,834,0.3017366136034732,2902,955,0.32908339076498966
WinoGrande,validation,discovery,793,2759,977,0.3541138093512142,2915,946,0.32452830188679244
WinoGrande,validation,discovery,794,2782,955,0.3432782171099928,2939,1026,0.349098332766247
WinoGrande,validation,discovery,795,2774,973,0.3507570295602019,2909,980,0.33688552767273977
WinoGrande,validation,discovery,796,2790,1064,0.3813620071684588,2919,1023,0.35046248715313466
WinoGrande,validation,discovery,797,2748,878,0.3195050946142649,2898,939,0.32401656314699795
WinoGrande,validation,discovery,798,2777,947,0.34101548433561396,2920,915,0.3133561643835616
WinoGrande,validation,discovery,799,2754,1069,0.38816267247639796,2918,1057,0.36223440712816996
WinoGrande,validation,discovery,800,2791,921,0.3299892511644572,2927,1066,0.3641954219337205
WinoGrande,validation,discovery,801,2779,1116,0.40158330334652753,2935,976,0.33253833049403747
WinoGrande,validation,discovery,802,2770,973,0.3512635379061372,2933,942,0.3211728605523355
WinoGrande,validation,discovery,803,2783,970,0.3485447358965146,2923,1124,0.38453643516934655
WinoGrande,validation,discovery,804,2764,976,0.35311143270622286,2933,882,0.30071599045346065
WinoGrande,validation,discovery,805,2781,1179,0.42394822006472493,2936,864,0.29427792915531337
WinoGrande,validation,discovery,806,2769,910,0.3286384976525822,2899,1058,0.3649534322180062
WinoGrande,validation,discovery,807,2774,774,0.2790194664744052,2908,879,0.3022696011004127
WinoGrande,validation,discovery,808,2782,849,0.30517613227893603,2911,833,0.2861559601511508
WinoGrande,validation,discovery,809,2754,859,0.31190994916485115,2908,946,0.3253094910591472
WinoGrande,validation,discovery,810,2769,947,0.3420007222824124,2903,997,0.3434378229417844
WinoGrande,validation,discovery,811,2764,867,0.3136758321273517,2889,1035,0.3582554517133956
WinoGrande,validation,discovery,812,2772,941,0.33946608946608947,2942,989,0.3361658735554045
WinoGrande,validation,discovery,813,2759,917,0.3323667995650598,2924,930,0.3180574555403557
WinoGrande,validation,discovery,814,2786,955,0.3427853553481694,2941,973,0.3308398503910235
WinoGrande,validation,discovery,815,2758,922,0.3343002175489485,2897,889,0.3068691750086296
WinoGrande,validation,discovery,816,2777,1084,0.39034929780338495,2921,942,0.32249229715850736
WinoGrande,validation,discovery,817,2778,1166,0.4197264218862491,2938,1004,0.3417290673927842
WinoGrande,validation,discovery,818,2778,1042,0.375089992800576,2930,946,0.3228668941979522
WinoGrande,validation,discovery,819,2781,1194,0.42934196332254587,2903,1020,0.3513606613847744
WinoGrande,validation,discovery,820,2779,994,0.35768261964735515,2915,846,0.2902229845626072
WinoGrande,validation,discovery,821,2747,965,0.3512923188933382,2896,872,0.3011049723756906
WinoGrande,validation,discovery,822,2785,981,0.35224416517055657,2924,905,0.30950752393980846
WinoGrande,validation,discovery,823,2748,1001,0.36426491994177584,2906,905,0.311424638678596
WinoGrande,validation,discovery,824,2764,969,0.3505788712011577,2914,959,0.3291008922443377
WinoGrande,validation,discovery,825,2781,1112,0.3998561668464581,2914,874,0.29993136582017843
WinoGrande,validation,discovery,826,2770,1020,0.36823104693140796,2909,991,0.34066689584049503
WinoGrande,validation,discovery,827,2768,947,0.3421242774566474,2917,910,0.3119643469317792
WinoGrande,validation,discovery,828,2774,1019,0.36733958183129056,2909,942,0.32382261945685803
WinoGrande,validation,discovery,829,2760,907,0.32862318840579713,2911,928,0.3187907935417382
WinoGrande,validation,discovery,830,2765,850,0.3074141048824593,2934,904,0.30811179277436945
WinoGrande,validation,discovery,831,2794,1154,0.41302791696492486,2922,908,0.3107460643394935
WinoGrande,validation,discovery,832,2761,949,0.343716044911264,2908,834,0.2867950481430536
WinoGrande,validation,discovery,833,2777,1041,0.374864962189413,2907,886,0.30478156174750604
WinoGrande,validation,discovery,834,2763,1041,0.3767643865363735,2945,922,0.3130730050933786
WinoGrande,validation,discovery,835,2754,1023,0.37145969498910675,2911,880,0.3023016145654414
WinoGrande,validation,discovery,836,2764,958,0.3465991316931983,2920,950,0.3253424657534247
WinoGrande,validation,discovery,837,2764,946,0.3422575976845152,2929,1012,0.3455104131102765
WinoGrande,validation,discovery,838,2770,955,0.3447653429602888,2913,945,0.32440782698249226
WinoGrande,validation,discovery,839,2771,1014,0.3659328762179718,2922,890,0.30458590006844627
WinoGrande,validation,discovery,840,2779,918,0.3303346527527888,2916,896,0.30727023319615915
WinoGrande,validation,discovery,841,2749,911,0.33139323390323755,2897,831,0.28684846392820157
WinoGrande,validation,discovery,842,2762,780,0.2824040550325851,2894,797,0.2753973738769869
WinoGrande,validation,discovery,843,2768,845,0.30527456647398843,2919,885,0.30318602261048305
WinoGrande,validation,discovery,844,2764,844,0.3053545586107091,2915,959,0.3289879931389365
WinoGrande,validation,discovery,845,2769,1068,0.3856988082340195,2917,924,0.31676379842303737
WinoGrande,validation,discovery,846,2766,1001,0.3618944323933478,2920,866,0.2965753424657534
WinoGrande,validation,discovery,847,2781,929,0.3340524991010428,2930,1004,0.34266211604095564
WinoGrande,validation,discovery,848,2763,1006,0.3640969960188201,2903,942,0.32449190492593866
WinoGrande,validation,discovery,849,2755,793,0.28784029038112524,2909,829,0.284977655551736
WinoGrande,validation,discovery,850,2775,1126,0.4057657657657658,2909,881,0.3028532141629426
WinoGrande,validation,discovery,851,2779,879,0.3163008276358402,2940,900,0.30612244897959184
WinoGrande,validation,discovery,852,2763,955,0.34563879840752804,2924,942,0.3221614227086183
WinoGrande,validation,discovery,853,2757,836,0.3032281465360899,2907,886,0.30478156174750604
WinoGrande,validation,discovery,854,2764,963,0.3484081041968162,2912,982,0.33722527472527475
WinoGrande,validation,discovery,855,2770,950,0.34296028880866425,2920,974,0.33356164383561643
WinoGrande,validation,discovery,856,2744,850,0.3097667638483965,2897,793,0.2737314463237832
WinoGrande,validation,discovery,857,2777,944,0.33993518185091826,2920,879,0.301027397260274
WinoGrande,validation,discovery,858,2764,888,0.32127351664254705,2914,924,0.31708991077556625
WinoGrande,validation,discovery,859,2773,1016,0.36639019112874144,2928,1018,0.3476775956284153
WinoGrande,validation,discovery,860,2786,990,0.35534816941852115,2933,936,0.319127173542448
WinoGrande,validation,discovery,861,2767,865,0.31261293820021685,2942,858,0.29163834126444593
WinoGrande,validation,discovery,862,2768,960,0.3468208092485549,2923,877,0.3000342114266165
WinoGrande,validation,discovery,863,2761,895,0.32415791379934805,2873,1010,0.35154890358510266
WinoGrande,validation,discovery,864,2773,901,0.3249188604399567,2912,996,0.34203296703296704
WinoGrande,validation,discovery,865,2774,943,0.33994232155731796,2916,956,0.3278463648834019
WinoGrande,validation,discovery,866,2769,869,0.3138317081979054,2914,908,0.31159917638984214
WinoGrande,validation,discovery,867,2757,1003,0.3638012332245194,2913,871,0.29900446275317544
WinoGrande,validation,discovery,868,2778,906,0.326133909287257,2928,971,0.3316256830601093
WinoGrande,validation,discovery,869,2766,1006,0.36370209689081706,2920,905,0.3099315068493151
WinoGrande,validation,discovery,870,2772,962,0.34704184704184704,2931,974,0.33230979187990445
WinoGrande,validation,discovery,871,2766,795,0.2874186550976139,2900,902,0.31103448275862067
WinoGrande,validation,discovery,872,2758,892,0.32342277012327775,2915,976,0.334819897084048
WinoGrande,validation,discovery,873,2785,897,0.3220825852782765,2903,888,0.30589045814674476
WinoGrande,validation,discovery,874,2771,1053,0.3800072176109708,2915,973,0.3337907375643225
WinoGrande,validation,discovery,875,2764,922,0.33357452966714907,2917,999,0.34247514569763454
WinoGrande,validation,discovery,876,2776,949,0.3418587896253602,2932,923,0.31480218281036837
WinoGrande,validation,discovery,877,2784,933,0.33512931034482757,2929,1001,0.34175486514168657
WinoGrande,validation,discovery,878,2766,1011,0.36550976138828634,2905,984,0.3387263339070568
WinoGrande,validation,discovery,879,2782,920,0.33069734004313445,2912,980,0.33653846153846156
WinoGrande,validation,discovery,880,2772,957,0.34523809523809523,2920,1073,0.36746575342465754
WinoGrande,validation,discovery,881,2776,1003,0.36131123919308356,2920,854,0.2924657534246575
WinoGrande,validation,discovery,882,2755,926,0.33611615245009074,2904,941,0.3240358126721763
WinoGrande,validation,discovery,883,2772,1027,0.3704906204906205,2908,973,0.3345942228335626
WinoGrande,validation,discovery,884,2772,950,0.3427128427128427,2930,1024,0.34948805460750854
WinoGrande,validation,discovery,885,2771,897,0.3237098520389751,2921,1005,0.34406025333789797
WinoGrande,validation,discovery,886,2760,1029,0.37282608695652175,2890,853,0.2951557093425606
WinoGrande,validation,discovery,887,2761,879,0.31836291198841,2936,769,0.2619209809264305
WinoGrande,validation,discovery,888,2777,973,0.3503781058696435,2910,974,0.3347079037800687
WinoGrande,validation,discovery,889,2765,916,0.3312839059674503,2929,1046,0.3571184704677364
WinoGrande,validation,discovery,890,2788,1011,0.36262553802008607,2917,994,0.3407610558793281
WinoGrande,validation,discovery,891,2752,777,0.28234011627906974,2899,885,0.30527768195929633
WinoGrande,validation,discovery,892,2779,1031,0.370996761424973,2929,957,0.32673267326732675
WinoGrande,validation,discovery,893,2757,908,0.3293434892999637,2928,895,0.3056693989071038
WinoGrande,validation,discovery,894,2764,822,0.29739507959479017,2895,860,0.2970639032815199
WinoGrande,validation,discovery,895,2774,858,0.30930064888248016,2923,941,0.32192952446117
WinoGrande,validation,discovery,896,2743,932,0.33977397010572363,2899,984,0.33942738875474304
WinoGrande,validation,discovery,897,2769,1224,0.4420368364030336,2933,919,0.3133310603477668
WinoGrande,validation,discovery,898,2752,881,0.32013081395348836,2903,867,0.2986565621770582
WinoGrande,validation,discovery,899,2760,926,0.3355072463768116,2935,1061,0.3614991482112436
WinoGrande,validation,discovery,900,2793,1060,0.3795202291442893,2926,937,0.3202323991797676
WinoGrande,validation,discovery,901,2768,994,0.3591040462427746,2924,944,0.3228454172366621
WinoGrande,validation,discovery,902,2771,884,0.31901840490797545,2920,952,0.32602739726027397
WinoGrande,validation,discovery,903,2786,1177,0.4224694903086863,2924,964,0.32968536251709984
WinoGrande,validation,discovery,904,2769,942,0.3401950162513543,2934,883,0.3009543285616905
WinoGrande,validation,discovery,905,2772,877,0.31637806637806637,2924,884,0.3023255813953488
WinoGrande,validation,discovery,906,2789,1038,0.3721764073144496,2932,981,0.3345839017735334
WinoGrande,validation,discovery,907,2768,942,0.3403179190751445,2914,929,0.318805765271105
WinoGrande,validation,discovery,908,2762,914,0.33091962346125997,2899,990,0.34149706795446705
WinoGrande,validation,discovery,909,2752,974,0.3539244186046512,2925,884,0.3022222222222222
WinoGrande,validation,discovery,910,2762,877,0.3175235336712527,2920,911,0.311986301369863
WinoGrande,validation,discovery,911,2770,920,0.33212996389891697,2905,973,0.3349397590361446
WinoGrande,validation,discovery,912,2793,1005,0.359828141783029,2930,833,0.2843003412969283
WinoGrande,validation,discovery,913,2768,981,0.35440751445086704,2928,978,0.33401639344262296
WinoGrande,validation,discovery,914,2767,830,0.2999638597759306,2926,951,0.3250170881749829
WinoGrande,validation,discovery,915,2768,933,0.3370664739884393,2932,953,0.3250341064120055
WinoGrande,validation,discovery,916,2789,1064,0.38149874506991754,2934,875,0.29822767552828905
WinoGrande,validation,discovery,917,2761,879,0.31836291198841,2923,856,0.2928498118371536
WinoGrande,validation,discovery,918,2778,1007,0.3624910007199424,2918,845,0.2895819054146676
WinoGrande,validation,discovery,919,2761,965,0.3495110467222021,2903,1027,0.35377196004133654
WinoGrande,validation,discovery,920,2777,1027,0.3698235505941664,2903,888,0.30589045814674476
WinoGrande,validation,discovery,921,2777,1024,0.3687432481094707,2930,963,0.3286689419795222
WinoGrande,validation,discovery,922,2773,892,0.32167327803822576,2912,821,0.2819368131868132
WinoGrande,validation,discovery,923,2749,926,0.33684976355038193,2914,970,0.332875772134523
WinoGrande,validation,discovery,924,2774,1060,0.3821196827685652,2935,921,0.3137989778534923
WinoGrande,validation,discovery,925,2777,937,0.33741447605329494,2909,948,0.3258851839119972
WinoGrande,validation,discovery,926,2777,908,0.3269715520345697,2912,871,0.29910714285714285
WinoGrande,validation,discovery,927,2758,937,0.3397389412617839,2920,984,0.336986301369863
WinoGrande,validation,discovery,928,2777,959,0.34533669427439684,2932,1026,0.3499317871759891
WinoGrande,validation,discovery,929,2769,896,0.32358252076561933,2911,927,0.318447268979732
WinoGrande,validation,discovery,930,2761,960,0.347700108656284,2924,920,0.3146374829001368
WinoGrande,validation,discovery,931,2750,821,0.29854545454545456,2907,835,0.28723770209838323
WinoGrande,validation,discovery,932,2764,904,0.32706222865412443,2906,922,0.31727460426703374
WinoGrande,validation,discovery,933,2767,884,0.3194795807734008,2929,876,0.299078183680437
WinoGrande,validation,discovery,934,2785,862,0.3095152603231598,2926,966,0.33014354066985646
WinoGrande,validation,discovery,935,2769,1130,0.4080895630191405,2915,864,0.29639794168096056
WinoGrande,validation,discovery,936,2778,1117,0.40208783297336215,2924,987,0.3375512995896033
WinoGrande,validation,discovery,937,2776,893,0.32168587896253603,2935,913,0.3110732538330494
WinoGrande,validation,discovery,938,2772,1014,0.3658008658008658,2927,911,0.3112401776563034
WinoGrande,validation,discovery,939,2786,1064,0.38190954773869346,2898,803,0.27708764665286406
WinoGrande,validation,discovery,940,2760,881,0.31920289855072465,2935,931,0.317206132879046
WinoGrande,validation,discovery,941,2770,867,0.31299638989169676,2914,960,0.32944406314344543
WinoGrande,validation,discovery,942,2767,907,0.3277918323093603,2908,1004,0.3452544704264099
WinoGrande,validation,discovery,943,2771,791,0.28545651389390114,2919,831,0.2846865364850976
WinoGrande,validation,discovery,944,2766,961,0.34743311641359365,2927,921,0.31465664502903995
WinoGrande,validation,discovery,945,2767,949,0.3429707264185038,2916,907,0.311042524005487
WinoGrande,validation,discovery,946,2784,961,0.3451867816091954,2927,1009,0.34472155790912196
WinoGrande,validation,discovery,947,2775,1091,0.39315315315315313,2901,787,0.2712857635298173
WinoGrande,validation,discovery,948,2780,1049,0.3773381294964029,2933,912,0.3109444255028981
WinoGrande,validation,discovery,949,2772,857,0.30916305916305914,2924,994,0.3399452804377565
WinoGrande,validation,discovery,950,2784,1094,0.39295977011494254,2933,964,0.32867371292192293
WinoGrande,validation,discovery,951,2762,976,0.35336712527154235,2920,964,0.33013698630136984
WinoGrande,validation,discovery,952,2768,891,0.32189306358381503,2915,894,0.3066895368782161
WinoGrande,validation,discovery,953,2765,999,0.36130198915009043,2918,917,0.3142563399588759
WinoGrande,validation,discovery,954,2769,1022,0.3690863127482846,2913,1031,0.35393065568142806
WinoGrande,validation,discovery,955,2782,905,0.3253055355859094,2928,915,0.3125
WinoGrande,validation,discovery,956,2767,981,0.35453559812070834,2927,1020,0.3484796720191322
WinoGrande,validation,discovery,957,2749,793,0.28846853401236816,2903,911,0.3138132965897348
WinoGrande,validation,discovery,958,2775,878,0.3163963963963964,2923,921,0.31508723913787207
WinoGrande,validation,discovery,959,2760,828,0.3,2911,911,0.3129508759876331
WinoGrande,validation,discovery,960,2779,1084,0.3900683699172364,2922,1043,0.35694729637234773
WinoGrande,validation,discovery,961,2771,1063,0.3836160230963551,2920,955,0.3270547945205479
WinoGrande,validation,discovery,962,2770,850,0.30685920577617326,2943,957,0.3251783893985729
WinoGrande,validation,discovery,963,2773,1087,0.39199423007573025,2936,1007,0.34298365122615804
WinoGrande,validation,discovery,964,2769,815,0.29433008306247743,2904,907,0.31232782369146006
WinoGrande,validation,discovery,965,2766,927,0.3351409978308026,2908,934,0.32118294360385147
WinoGrande,validation,discovery,966,2780,1013,0.3643884892086331,2920,789,0.2702054794520548
WinoGrande,validation,discovery,967,2775,895,0.3225225225225225,2918,904,0.3098012337217272
WinoGrande,validation,discovery,968,2757,943,0.34203844758795793,2926,861,0.2942583732057416
WinoGrande,validation,discovery,969,2777,963,0.34677709758732445,2915,979,0.33584905660377357
WinoGrande,validation,discovery,970,2767,891,0.32200939645825805,2925,932,0.3186324786324786
WinoGrande,validation,discovery,971,2768,930,0.33598265895953755,2903,892,0.3072683430933517
WinoGrande,validation,discovery,972,2771,987,0.35618910140743415,2922,913,0.3124572210814511
WinoGrande,validation,discovery,973,2780,983,0.3535971223021583,2926,987,0.3373205741626794
WinoGrande,validation,discovery,974,2763,970,0.35106768005790806,2930,888,0.3030716723549488
WinoGrande,validation,discovery,975,2781,1008,0.36245954692556637,2888,954,0.3303324099722992
WinoGrande,validation,discovery,976,2772,872,0.31457431457431456,2915,974,0.33413379073756433
WinoGrande,validation,discovery,977,2776,832,0.29971181556195964,2913,946,0.32475111568829385
WinoGrande,validation,discovery,978,2774,986,0.3554434030281182,2912,967,0.3320741758241758
WinoGrande,validation,discovery,979,2759,821,0.2975715839072128,2902,843,0.2904893177119228
WinoGrande,validation,discovery,980,2776,872,0.31412103746397696,2925,890,0.30427350427350425
WinoGrande,validation,discovery,981,2766,1021,0.3691250903832249,2911,861,0.29577464788732394
WinoGrande,validation,discovery,982,2768,959,0.34645953757225434,2933,898,0.30617115581316057
WinoGrande,validation,discovery,983,2778,950,0.3419726421886249,2924,977,0.3341313269493844
WinoGrande,validation,discovery,984,2770,893,0.3223826714801444,2918,972,0.3331048663468129
WinoGrande,validation,discovery,985,2777,861,0.3100468131076701,2922,949,0.3247775496235455
WinoGrande,validation,discovery,986,2761,848,0.3071350959797175,2912,836,0.28708791208791207
WinoGrande,validation,discovery,987,2762,915,0.331281679942071,2926,896,0.3062200956937799
WinoGrande,validation,discovery,988,2760,882,0.31956521739130433,2927,954,0.3259309873590707
WinoGrande,validation,discovery,989,2762,941,0.3406951484431571,2915,1051,0.36054888507718696
WinoGrande,validation,discovery,990,2765,953,0.3446654611211573,2912,1006,0.34546703296703296
WinoGrande,validation,discovery,991,2775,921,0.3318918918918919,2926,981,0.33526999316473
WinoGrande,validation,discovery,992,2786,997,0.3578607322325915,2932,884,0.3015006821282401
WinoGrande,validation,discovery,993,2758,868,0.3147208121827411,2930,973,0.3320819112627986
WinoGrande,validation,discovery,994,2774,983,0.35436193222782986,2913,965,0.3312736010985239
WinoGrande,validation,discovery,995,2764,994,0.35962373371924744,2903,945,0.3255253186358939
WinoGrande,validation,discovery,996,2791,941,0.33715514152633463,2932,1004,0.3424283765347885
WinoGrande,validation,discovery,997,2748,1005,0.36572052401746724,2905,815,0.28055077452667815
WinoGrande,validation,discovery,998,2765,811,0.2933092224231465,2907,909,0.3126934984520124
WinoGrande,validation,discovery,999,2771,918,0.3312883435582822,2892,942,0.3257261410788382
