kendall_tau_b,all_eligible_pairs,all_flips,all_flip_rate,cross_family_eligible_pairs,cross_family_flips,cross_family_flip_rate,close_cross_family_eligible_pairs,close_cross_family_flips,close_cross_family_flip_rate,replicate,benchmark,anchor_fraction,audit_half,target_half
0.910446702925162,27875,1245,0.04466367713004484,19894,839,0.04217351965416709,1082,316,0.2920517560073937,0,BBH,0.5,discovery,validation
0.929248526795857,27867,982,0.03523881293285965,19885,712,0.035805883832034195,1078,188,0.17439703153988867,1,BBH,0.5,discovery,validation
0.9144267643445249,27870,1191,0.042734122712594184,19887,881,0.044300296676220645,1078,318,0.2949907235621521,2,BBH,0.5,discovery,validation
0.9161435946929775,27870,1166,0.04183710082526013,19888,883,0.04439863234111022,1081,364,0.3367252543940796,3,BBH,0.5,discovery,validation
0.8873985411785834,27868,1565,0.05615760011482704,19888,1092,0.05490748189863234,1080,356,0.3296296296296296,4,BBH,0.5,discovery,validation
0.9046836789596686,27851,1320,0.04739506660443072,19874,956,0.04810304921002315,1070,368,0.34392523364485983,5,BBH,0.5,discovery,validation
0.9343849171452855,27870,913,0.03275923932543954,19891,678,0.034085767432507165,1081,185,0.1711378353376503,6,BBH,0.5,discovery,validation
0.8757892129444907,27867,1728,0.062008827645602324,19889,1350,0.06787671577253758,1079,382,0.3540315106580167,7,BBH,0.5,discovery,validation
0.8969649691143623,27866,1434,0.05146056125744635,19886,995,0.05003520064366891,1076,259,0.24070631970260223,8,BBH,0.5,discovery,validation
0.8744612477520116,27864,1742,0.06251794430089004,19886,1304,0.06557377049180328,1078,250,0.23191094619666047,9,BBH,0.5,discovery,validation
0.9016669518618384,27865,1368,0.04909384532567737,19884,987,0.04963789981894991,1080,255,0.2361111111111111,10,BBH,0.5,discovery,validation
0.926887758376421,27867,1015,0.0364230092941472,19888,686,0.034493161705551084,1080,220,0.2037037037037037,11,BBH,0.5,discovery,validation
0.8743986722574414,27868,1744,0.06258073776374336,19887,1242,0.0624528586513803,1079,490,0.4541241890639481,12,BBH,0.5,discovery,validation
0.9134579600797896,27868,1205,0.04323955791588919,19887,854,0.04294262583597325,1079,170,0.15755329008341057,13,BBH,0.5,discovery,validation
0.8697907801865661,27863,1813,0.06506837024010337,19881,1326,0.06669684623509883,1078,275,0.25510204081632654,14,BBH,0.5,discovery,validation
0.8859442201744149,27873,1584,0.05682918953826283,19891,1119,0.056256598461615806,1080,277,0.2564814814814815,15,BBH,0.5,discovery,validation
0.8963211116632515,27866,1439,0.05163999138735376,19886,1097,0.055164437292567634,1077,342,0.31754874651810583,16,BBH,0.5,discovery,validation
0.9205651077093886,27873,1106,0.039679977038711296,19892,815,0.04097124472149608,1083,315,0.29085872576177285,17,BBH,0.5,discovery,validation
0.9181078752967359,27868,1138,0.04083536672886465,19883,815,0.04098979027309762,1075,274,0.25488372093023254,18,BBH,0.5,discovery,validation
0.9004633163058787,27862,1382,0.04960160792477209,19883,1019,0.05124981139667052,1075,334,0.31069767441860463,19,BBH,0.5,discovery,validation
0.8928156655405362,27866,1490,0.05347017871240939,19881,1057,0.053166339721341986,1080,329,0.30462962962962964,20,BBH,0.5,discovery,validation
0.9075399096963435,27869,1287,0.04618034375112132,19885,922,0.04636660799597687,1082,266,0.24584103512014788,21,BBH,0.5,discovery,validation
0.8963655269362876,27861,1437,0.05157747388823086,19879,1091,0.054882036319734394,1078,351,0.32560296846011133,22,BBH,0.5,discovery,validation
0.8988519109653682,27871,1406,0.050446700871873994,19887,1018,0.05118921908784633,1078,301,0.2792207792207792,23,BBH,0.5,discovery,validation
0.9090356745215574,27866,1261,0.045252278762649825,19884,918,0.04616777308388654,1078,314,0.2912801484230056,24,BBH,0.5,discovery,validation
0.9006976072608732,27863,1382,0.049599827728528875,19884,974,0.048984107825387244,1078,227,0.21057513914656772,25,BBH,0.5,discovery,validation
0.9151093664546726,27872,1177,0.04222876004592423,19889,853,0.04288802855849967,1082,283,0.26155268022181144,26,BBH,0.5,discovery,validation
0.8997085205177401,27860,1392,0.04996410624551328,19885,1015,0.05104350012572291,1074,313,0.2914338919925512,27,BBH,0.5,discovery,validation
0.8733881136019437,27864,1762,0.06323571633649153,19882,1236,0.06216678402575194,1078,316,0.29313543599257885,28,BBH,0.5,discovery,validation
0.8894495051529783,27856,1532,0.05499712808730615,19881,1145,0.057592676424727124,1077,314,0.2915506035283194,29,BBH,0.5,discovery,validation
0.8869929856082233,27861,1572,0.056422956821363196,19882,1127,0.05668443818529323,1079,211,0.19555143651529194,30,BBH,0.5,discovery,validation
0.8962175051984967,27868,1443,0.051779819147409215,19889,1052,0.05289355925385892,1080,361,0.33425925925925926,31,BBH,0.5,discovery,validation
0.8640973216229759,27868,1891,0.06785560499497632,19884,1280,0.06437336552001609,1076,433,0.4024163568773234,32,BBH,0.5,discovery,validation
0.8828200812136167,27867,1628,0.05842035382351886,19886,1136,0.05712561601126421,1080,292,0.27037037037037037,33,BBH,0.5,discovery,validation
0.8849662343221948,27867,1595,0.05723615746223131,19884,1221,0.06140615570307785,1075,290,0.26976744186046514,34,BBH,0.5,discovery,validation
0.8868380616161283,27864,1572,0.056416881998277345,19881,1116,0.05613399728383884,1075,309,0.2874418604651163,35,BBH,0.5,discovery,validation
0.8727331616032995,27867,1767,0.06340833243621488,19882,1283,0.06453073131475706,1077,455,0.42246982358402974,36,BBH,0.5,discovery,validation
0.9016220713289831,27870,1369,0.04912091855041263,19888,960,0.04827031375703942,1081,378,0.34967622571692875,37,BBH,0.5,discovery,validation
0.9215883258215924,27863,1088,0.039048200122025624,19881,817,0.041094512348473416,1074,265,0.2467411545623836,38,BBH,0.5,discovery,validation
0.8631575680379628,27864,1903,0.06829600918748206,19890,1326,0.06666666666666667,1081,352,0.32562442183163737,39,BBH,0.5,discovery,validation
0.9183669938862756,27874,1138,0.040826576738178945,19892,783,0.039362557812185804,1081,257,0.23774283071230343,40,BBH,0.5,discovery,validation
0.8990396209012754,27866,1404,0.05038398047800187,19884,1003,0.05044256688795011,1077,364,0.33797585886722376,41,BBH,0.5,discovery,validation
0.8667656981603147,27862,1853,0.06650635273849688,19883,1371,0.06895337725695318,1078,454,0.42115027829313545,42,BBH,0.5,discovery,validation
0.9038465094436465,27874,1335,0.04789409485542082,19890,958,0.0481649069884364,1081,224,0.2072155411655874,43,BBH,0.5,discovery,validation
0.8759435366375551,27863,1722,0.06180239026666188,19889,1196,0.06013374226959626,1082,331,0.30591497227356745,44,BBH,0.5,discovery,validation
0.8959116151759433,27867,1443,0.05178167725266444,19886,1117,0.056170169968822285,1077,394,0.3658310120705664,45,BBH,0.5,discovery,validation
0.9335455703357239,27871,925,0.03318861899465394,19886,617,0.031026853062456,1081,209,0.1933395004625347,46,BBH,0.5,discovery,validation
0.8769225541333406,27869,1710,0.06135849869030105,19887,1267,0.063709961281239,1079,428,0.39666357738646896,47,BBH,0.5,discovery,validation
0.8871877259976124,27860,1566,0.05620961952620244,19882,1210,0.06085906850417463,1080,278,0.2574074074074074,48,BBH,0.5,discovery,validation
0.8956846997072515,27870,1450,0.052027269465374955,19885,1043,0.052451596680915265,1083,216,0.1994459833795014,49,BBH,0.5,discovery,validation
0.8803277144390497,27864,1664,0.059718633362044214,19884,1141,0.05738282035807685,1080,406,0.37592592592592594,50,BBH,0.5,discovery,validation
0.9080341005678092,27865,1279,0.04589987439440158,19885,973,0.048931355292934374,1078,270,0.2504638218923933,51,BBH,0.5,discovery,validation
0.908001602307952,27867,1276,0.04578892596978505,19890,970,0.048768225238813474,1080,335,0.3101851851851852,52,BBH,0.5,discovery,validation
0.9112665866667709,27862,1230,0.04414614887660613,19885,901,0.0453105355795826,1079,260,0.24096385542168675,53,BBH,0.5,discovery,validation
0.9082943089795682,27871,1272,0.04563883606616196,19890,901,0.0452991452991453,1080,296,0.2740740740740741,54,BBH,0.5,discovery,validation
0.8999052409805305,27870,1393,0.049982059562253316,19886,937,0.04711857588253043,1081,326,0.301572617946346,55,BBH,0.5,discovery,validation
0.9149081050771596,27869,1182,0.04241271663855897,19887,881,0.044300296676220645,1078,383,0.35528756957328383,56,BBH,0.5,discovery,validation
0.8750223915857828,27867,1738,0.062367675027810675,19882,1333,0.06704556885625189,1080,431,0.3990740740740741,57,BBH,0.5,discovery,validation
0.9347857917696504,27861,904,0.03244678941890097,19881,662,0.03329812383682913,1078,179,0.1660482374768089,58,BBH,0.5,discovery,validation
0.8810401147113095,27871,1658,0.05948835707366079,19890,1170,0.058823529411764705,1083,323,0.2982456140350877,59,BBH,0.5,discovery,validation
0.8861705981929103,27870,1582,0.05676354503049874,19886,1188,0.0597405209695263,1080,392,0.362962962962963,60,BBH,0.5,discovery,validation
0.8857531571286734,27867,1590,0.05705673377112714,19887,1054,0.052999446874842863,1077,348,0.3231197771587744,61,BBH,0.5,discovery,validation
0.8925250500364346,27873,1492,0.05352850428730312,19892,1039,0.05223205308666801,1082,294,0.27171903881700554,62,BBH,0.5,discovery,validation
0.8673272734476135,27865,1839,0.0659967701417549,19883,1329,0.06684101996680582,1079,300,0.27803521779425394,63,BBH,0.5,discovery,validation
0.916033297738406,27868,1167,0.0418759867948902,19885,867,0.043600704048277594,1082,168,0.15526802218114602,64,BBH,0.5,discovery,validation
0.9101152012857547,27869,1249,0.04481682155800352,19889,817,0.04107798280456534,1081,222,0.2053654024051804,65,BBH,0.5,discovery,validation
0.9046069387195136,27869,1324,0.047507983781262336,19885,988,0.04968569273321599,1077,288,0.26740947075208915,66,BBH,0.5,discovery,validation
0.9109931036476198,27870,1237,0.04438464298528884,19888,890,0.04475060337892196,1081,174,0.16096207215541167,67,BBH,0.5,discovery,validation
0.8943773082393516,27869,1469,0.05271089741289605,19888,999,0.05023129525341915,1080,412,0.3814814814814815,68,BBH,0.5,discovery,validation
0.8647769168715059,27870,1879,0.06742016505202728,19888,1437,0.07225462590506838,1080,305,0.2824074074074074,69,BBH,0.5,discovery,validation
0.9006205869590524,27870,1382,0.04958736993182634,19889,995,0.05002765347679622,1080,338,0.31296296296296294,70,BBH,0.5,discovery,validation
0.9111167035705259,27869,1237,0.0443862356022821,19887,961,0.048323025091768494,1079,307,0.2845227062094532,71,BBH,0.5,discovery,validation
0.8627584503915776,27869,1908,0.06846316695970434,19886,1302,0.06547319722417781,1082,310,0.28650646950092423,72,BBH,0.5,discovery,validation
0.9047176430650986,27871,1326,0.04757633382368771,19888,903,0.045404263877715206,1076,308,0.2862453531598513,73,BBH,0.5,discovery,validation
0.8582314465709571,27861,1968,0.07063637342521804,19879,1370,0.06891694753257206,1081,344,0.31822386679000925,74,BBH,0.5,discovery,validation
0.9026419638053129,27860,1353,0.04856424982053123,19888,945,0.04751609010458568,1080,326,0.30185185185185187,75,BBH,0.5,discovery,validation
0.9174699295879929,27872,1149,0.041224167623421355,19888,857,0.04309131134352373,1079,274,0.25393883225208524,76,BBH,0.5,discovery,validation
0.8958672538718246,27872,1448,0.05195177956371986,19888,1029,0.051739742558326626,1078,296,0.274582560296846,77,BBH,0.5,discovery,validation
0.8958598194125778,27868,1448,0.05195923640017224,19890,1090,0.05480140774258421,1080,304,0.2814814814814815,78,BBH,0.5,discovery,validation
0.8954231348166716,27864,1453,0.052146138386448465,19886,1028,0.05169465955948909,1082,341,0.31515711645101663,79,BBH,0.5,discovery,validation
0.9157204031257964,27874,1172,0.04204635143861663,19890,839,0.04218200100553042,1079,206,0.19091751621872105,80,BBH,0.5,discovery,validation
0.8905420261612378,27874,1525,0.05471048288727847,19892,1084,0.05449426905288558,1080,400,0.37037037037037035,81,BBH,0.5,discovery,validation
0.8838532436844592,27865,1612,0.05785034990130989,19887,1147,0.05767586865791723,1078,410,0.3803339517625232,82,BBH,0.5,discovery,validation
0.8847867801773849,27860,1599,0.057394113424264176,19881,1263,0.06352799154972084,1081,299,0.2765957446808511,83,BBH,0.5,discovery,validation
0.9074422372974322,27864,1289,0.04626040769451622,19885,906,0.04556198139300981,1079,183,0.1696014828544949,84,BBH,0.5,discovery,validation
0.914855971931638,27870,1182,0.04241119483315393,19885,888,0.044656776464671866,1075,219,0.20372093023255813,85,BBH,0.5,discovery,validation
0.9052831504167345,27867,1315,0.0471884307603976,19887,952,0.04787046814501936,1078,262,0.24304267161410018,86,BBH,0.5,discovery,validation
0.9067530150440232,27869,1297,0.04653916538088916,19888,908,0.045655671761866454,1080,299,0.27685185185185185,87,BBH,0.5,discovery,validation
0.882974768507397,27864,1621,0.058175423485501004,19883,1121,0.05637982195845697,1078,259,0.24025974025974026,88,BBH,0.5,discovery,validation
0.8554310021574739,27864,2011,0.07217197817973012,19881,1472,0.07404054122026055,1078,429,0.3979591836734694,89,BBH,0.5,discovery,validation
0.8927562724655312,27863,1486,0.05333237626960485,19884,1030,0.05180044256688795,1077,290,0.2692664809656453,90,BBH,0.5,discovery,validation
0.8821246852332905,27868,1641,0.05888474235682503,19886,1175,0.05908679472996078,1079,207,0.19184430027803523,91,BBH,0.5,discovery,validation
0.8829232107274074,27865,1625,0.05831688498115916,19887,1147,0.05767586865791723,1078,356,0.3302411873840445,92,BBH,0.5,discovery,validation
0.8965751909844156,27868,1436,0.05152863499354098,19888,1117,0.05616452131938857,1080,266,0.2462962962962963,93,BBH,0.5,discovery,validation
0.9080406608387289,27869,1279,0.045893286447307044,19885,967,0.04862962031682173,1079,291,0.26969416126042633,94,BBH,0.5,discovery,validation
0.8777809846631444,27869,1703,0.06110732354946356,19887,1183,0.05948609644491376,1080,341,0.31574074074074077,95,BBH,0.5,discovery,validation
0.9007046904517678,27867,1378,0.04944916926831019,19885,1056,0.053105355795826,1077,234,0.21727019498607242,96,BBH,0.5,discovery,validation
0.9105575153044827,27866,1239,0.0444627861910572,19880,896,0.04507042253521127,1075,388,0.36093023255813955,97,BBH,0.5,discovery,validation
0.9115653804304372,27870,1229,0.04409759598134194,19888,894,0.04495172968624296,1079,290,0.26876737720111216,98,BBH,0.5,discovery,validation
0.8608985175770026,27869,1931,0.06928845670817037,19886,1429,0.07185959971839485,1080,435,0.4027777777777778,99,BBH,0.5,discovery,validation
0.894865805328691,27872,1461,0.05241819747416762,19888,1097,0.05515888978278359,1080,333,0.30833333333333335,100,BBH,0.5,discovery,validation
0.8995600754605261,27867,1396,0.05009509455628521,19885,1014,0.050993210963037466,1077,307,0.2850510677808728,101,BBH,0.5,discovery,validation
0.9127519250351944,27875,1214,0.04355156950672646,19893,884,0.04443774191926808,1081,273,0.25254394079555964,102,BBH,0.5,discovery,validation
0.8785391575222697,27864,1689,0.06061584840654608,19886,1135,0.057075329377451474,1078,367,0.3404452690166976,103,BBH,0.5,discovery,validation
0.891488309599756,27864,1502,0.053904679873672125,19881,1085,0.05457471958150999,1083,297,0.2742382271468144,104,BBH,0.5,discovery,validation
0.9061153584152196,27862,1304,0.04680209604479219,19884,859,0.0432005632669483,1078,309,0.28664192949907236,105,BBH,0.5,discovery,validation
0.8763615306788115,27866,1716,0.061580420584224506,19883,1161,0.058391590806216365,1077,382,0.35468895078922935,106,BBH,0.5,discovery,validation
0.9191751706715082,27864,1123,0.04030289979902383,19885,814,0.04093537842594921,1081,236,0.2183163737280296,107,BBH,0.5,discovery,validation
0.8585071194501506,27871,1971,0.07071866814968965,19888,1330,0.0668744971842317,1081,281,0.2599444958371878,108,BBH,0.5,discovery,validation
0.9049194516438409,27874,1321,0.04739183468465236,19890,887,0.044595274007038714,1080,331,0.30648148148148147,109,BBH,0.5,discovery,validation
0.8928278160222461,27863,1489,0.05344004593905897,19883,1032,0.05190363627219233,1078,291,0.2699443413729128,110,BBH,0.5,discovery,validation
0.8623902597156433,27872,1914,0.06867106773823192,19887,1364,0.06858751948509076,1078,511,0.474025974025974,111,BBH,0.5,discovery,validation
0.8852723201493772,27868,1597,0.057305870532510406,19886,1113,0.05596902343357136,1079,443,0.41056533827618164,112,BBH,0.5,discovery,validation
0.9158962247344972,27872,1172,0.04204936854190586,19888,869,0.043694690265486724,1082,253,0.23382624768946395,113,BBH,0.5,discovery,validation
0.8944017742699715,27863,1468,0.052686358252880164,19888,1060,0.05329847144006436,1080,261,0.24166666666666667,114,BBH,0.5,discovery,validation
0.897433636870621,27868,1424,0.051098033586909716,19886,1099,0.055265010560193104,1078,446,0.4137291280148423,115,BBH,0.5,discovery,validation
0.8817985401288913,27866,1642,0.05892485466159478,19884,1185,0.0595956547978274,1081,264,0.24421831637372804,116,BBH,0.5,discovery,validation
0.8721113932705333,27861,1776,0.06374501992031872,19887,1298,0.0652687685422638,1080,382,0.3537037037037037,117,BBH,0.5,discovery,validation
0.9081284337366367,27869,1278,0.04585740428433026,19885,901,0.0453105355795826,1081,152,0.14061054579093432,118,BBH,0.5,discovery,validation
0.9151809043465445,27872,1180,0.04233639494833525,19888,898,0.04515285599356396,1081,201,0.18593894542090658,119,BBH,0.5,discovery,validation
0.8926527862781043,27865,1492,0.05354387224116275,19882,1125,0.056583844683633436,1078,359,0.33302411873840443,120,BBH,0.5,discovery,validation
0.9122161198919547,27863,1218,0.0437138857983706,19880,898,0.04517102615694165,1075,192,0.1786046511627907,121,BBH,0.5,discovery,validation
0.8851808496330527,27867,1595,0.05723615746223131,19886,1207,0.06069596701196822,1077,374,0.34726090993500464,122,BBH,0.5,discovery,validation
0.8951716881331165,27873,1458,0.05230868582499193,19888,1093,0.05495776347546259,1078,416,0.38589981447124305,123,BBH,0.5,discovery,validation
0.9145892409890348,27871,1189,0.04266083025366869,19887,897,0.04510484235933022,1077,314,0.2915506035283194,124,BBH,0.5,discovery,validation
0.8841194551026229,27864,1609,0.05774476026414011,19880,1148,0.057746478873239436,1075,320,0.29767441860465116,125,BBH,0.5,discovery,validation
0.9027596861743611,27866,1351,0.04848202110098328,19884,946,0.047575940454636895,1078,365,0.3385899814471243,126,BBH,0.5,discovery,validation
0.9199020189070316,27872,1116,0.040040183696900114,19888,803,0.040376106194690266,1080,251,0.2324074074074074,127,BBH,0.5,discovery,validation
0.9235501528855898,27872,1065,0.03821039035591274,19889,760,0.03821207702750264,1083,162,0.14958448753462603,128,BBH,0.5,discovery,validation
0.8705466182989472,27866,1801,0.06463073279265054,19882,1316,0.06619052409214365,1074,516,0.48044692737430167,129,BBH,0.5,discovery,validation
0.919778269356321,27873,1116,0.04003874717468518,19891,804,0.04042029058368106,1082,194,0.17929759704251386,130,BBH,0.5,discovery,validation
0.9026039341499715,27869,1353,0.048548566507589076,19887,968,0.04867501382812893,1080,211,0.19537037037037036,131,BBH,0.5,discovery,validation
0.9074749787447188,27873,1290,0.04628134754063072,19890,941,0.047310206133735544,1079,339,0.31417979610750696,132,BBH,0.5,discovery,validation
0.8893619004300745,27865,1539,0.055230575991387046,19882,1125,0.056583844683633436,1077,470,0.436397400185701,133,BBH,0.5,discovery,validation
0.9076309775485669,27870,1286,0.04614280588446358,19887,967,0.04862472972293458,1077,363,0.3370473537604457,134,BBH,0.5,discovery,validation
0.8899660737536543,27863,1527,0.05480386175214442,19884,1030,0.05180044256688795,1075,283,0.26325581395348835,135,BBH,0.5,discovery,validation
0.8574546159035239,27865,1982,0.0711286560200969,19887,1387,0.06974405390456077,1076,395,0.3671003717472119,136,BBH,0.5,discovery,validation
0.8887816385334263,27861,1543,0.05538207530239403,19882,1077,0.05416960064379841,1074,457,0.425512104283054,137,BBH,0.5,discovery,validation
0.8847234522039168,27862,1603,0.05753355825138181,19882,1117,0.05618147067699426,1076,420,0.3903345724907063,138,BBH,0.5,discovery,validation
0.852191664213121,27870,2058,0.07384284176533908,19884,1499,0.07538724602695634,1079,456,0.422613531047266,139,BBH,0.5,discovery,validation
0.8550732809269495,27864,2018,0.07242319839219064,19889,1478,0.07431243400874855,1079,478,0.44300278035217794,140,BBH,0.5,discovery,validation
0.919662376244208,27867,1116,0.0400473678544515,19890,806,0.040522875816993466,1081,276,0.2553191489361702,141,BBH,0.5,discovery,validation
0.8970832985313439,27872,1431,0.051341848450057403,19887,1045,0.052546889928093726,1081,333,0.3080481036077706,142,BBH,0.5,discovery,validation
0.8836702407627528,27863,1616,0.05799806194594983,19885,1141,0.05737993462408851,1079,286,0.26506024096385544,143,BBH,0.5,discovery,validation
0.9012769979473887,27867,1373,0.049269745577206016,19886,1006,0.05058835361560897,1081,200,0.18501387604070305,144,BBH,0.5,discovery,validation
0.9047364226262381,27861,1322,0.047449840278525536,19884,938,0.04717360692013679,1075,190,0.17674418604651163,145,BBH,0.5,discovery,validation
0.9030204577513505,27872,1350,0.04843570608495982,19888,948,0.047666934835076426,1078,212,0.19666048237476808,146,BBH,0.5,discovery,validation
0.8974584331591405,27863,1423,0.05107131321106844,19884,1057,0.053158318245825786,1076,283,0.26301115241635686,147,BBH,0.5,discovery,validation
0.9022266264019349,27868,1357,0.048693842399885175,19887,1028,0.05169206013978981,1080,210,0.19444444444444445,148,BBH,0.5,discovery,validation
0.8791114957356393,27864,1678,0.06022107378696526,19885,1272,0.06396781493588131,1078,417,0.3868274582560297,149,BBH,0.5,discovery,validation
0.9292152805738897,27869,982,0.03523628404320212,19888,726,0.03650442477876106,1078,245,0.22727272727272727,150,BBH,0.5,discovery,validation
0.8767907689795521,27866,1712,0.06143687648029857,19888,1210,0.06084070796460177,1079,490,0.4541241890639481,151,BBH,0.5,discovery,validation
0.9009586089678474,27869,1377,0.0494097384190319,19891,1048,0.052687144939922576,1081,295,0.272895467160037,152,BBH,0.5,discovery,validation
0.887378647064488,27866,1564,0.05612574463503912,19888,1153,0.057974658085277554,1078,316,0.29313543599257885,153,BBH,0.5,discovery,validation
0.8852523880700053,27867,1595,0.05723615746223131,19884,1271,0.06392074029370348,1078,423,0.39239332096474955,154,BBH,0.5,discovery,validation
0.8336911284371704,27861,2311,0.08294748932199131,19885,1639,0.08242393764143827,1081,480,0.4440333024976873,155,BBH,0.5,discovery,validation
0.8933560189111452,27868,1482,0.053179273718960814,19887,1124,0.056519334238447225,1077,449,0.4168987929433612,156,BBH,0.5,discovery,validation
0.8916589374801641,27869,1506,0.05403853744303706,19887,1086,0.054608538241062,1081,243,0.2247918593894542,157,BBH,0.5,discovery,validation
0.8536528890290507,27868,2034,0.07298693842399885,19887,1458,0.07331422537335948,1078,442,0.4100185528756957,158,BBH,0.5,discovery,validation
0.865497099413628,27870,1870,0.067097237172587,19888,1388,0.06979082864038616,1080,461,0.42685185185185187,159,BBH,0.5,discovery,validation
0.9007298400737831,27861,1377,0.04942392591794982,19879,1055,0.05307108003420695,1077,267,0.2479108635097493,160,BBH,0.5,discovery,validation
0.8782015049454515,27865,1690,0.060649560380405525,19883,1199,0.06030277121158779,1077,364,0.33797585886722376,161,BBH,0.5,discovery,validation
0.8872952563684701,27869,1567,0.05622734938462091,19886,1213,0.06099768681484462,1079,368,0.3410565338276182,162,BBH,0.5,discovery,validation
0.9100631468900804,27870,1251,0.04488697524219591,19886,913,0.04591169667102484,1078,351,0.32560296846011133,163,BBH,0.5,discovery,validation
0.920344831765917,27870,1108,0.03975601004664514,19886,765,0.03846927486674042,1079,211,0.19555143651529194,164,BBH,0.5,discovery,validation
0.8797010131040961,27872,1675,0.06009615384615385,19890,1197,0.060180995475113123,1080,465,0.4305555555555556,165,BBH,0.5,discovery,validation
0.902493151375583,27867,1355,0.04862382028923099,19885,927,0.04661805380940407,1080,298,0.2759259259259259,166,BBH,0.5,discovery,validation
0.8894454114345054,27862,1532,0.05498528461704113,19883,1127,0.05668158728562088,1076,353,0.32806691449814124,167,BBH,0.5,discovery,validation
0.9091267209686805,27866,1259,0.04518050671068686,19886,954,0.04797344865734688,1077,347,0.32219127205199627,168,BBH,0.5,discovery,validation
0.8985782313855617,27868,1409,0.05055978182862064,19883,1043,0.05245687270532616,1080,202,0.18703703703703703,169,BBH,0.5,discovery,validation
0.9002110440128668,27871,1387,0.049764988697929745,19886,1081,0.054359851151563915,1077,373,0.3463324048282266,170,BBH,0.5,discovery,validation
0.8900851555903324,27869,1529,0.0548638271915031,19891,1140,0.05731235232014479,1079,429,0.39759036144578314,171,BBH,0.5,discovery,validation
0.8993526441933941,27871,1399,0.05019554375515769,19888,948,0.047666934835076426,1078,326,0.30241187384044527,172,BBH,0.5,discovery,validation
0.9081901586832055,27862,1274,0.04572536070633838,19883,935,0.047025096816375796,1074,261,0.2430167597765363,173,BBH,0.5,discovery,validation
0.9088535730445533,27874,1270,0.04556217263399584,19890,927,0.04660633484162896,1080,362,0.3351851851851852,174,BBH,0.5,discovery,validation
0.9113833825214598,27868,1234,0.04428017798191474,19883,880,0.04425891465070663,1077,357,0.33147632311977715,175,BBH,0.5,discovery,validation
0.8976015228327948,27862,1421,0.05100136386476204,19881,984,0.04949449222876113,1076,284,0.26394052044609667,176,BBH,0.5,discovery,validation
0.9073968379413762,27869,1290,0.04628799024005167,19888,976,0.04907481898632341,1079,348,0.32252085264133457,177,BBH,0.5,discovery,validation
0.9243923725717059,27860,1048,0.037616654702081836,19877,761,0.0382854555516426,1078,196,0.18181818181818182,178,BBH,0.5,discovery,validation
0.9046069387195136,27869,1325,0.04754386594423912,19888,1059,0.05324818986323411,1081,376,0.34782608695652173,179,BBH,0.5,discovery,validation
0.9007440013353966,27869,1381,0.04955326707093904,19888,980,0.04927594529364441,1080,281,0.2601851851851852,180,BBH,0.5,discovery,validation
0.9146934974447085,27869,1183,0.04244859880153576,19887,817,0.04108211394378237,1082,186,0.17190388170055454,181,BBH,0.5,discovery,validation
0.9002896984222456,27875,1389,0.049829596412556056,19888,988,0.049678197908286405,1081,273,0.25254394079555964,182,BBH,0.5,discovery,validation
0.9205651077093886,27873,1107,0.03971585405230869,19890,795,0.03996983408748114,1080,333,0.30833333333333335,183,BBH,0.5,discovery,validation
0.9241446572956488,27862,1053,0.037793410379728665,19884,706,0.03550593441963388,1081,167,0.15448658649398705,184,BBH,0.5,discovery,validation
0.9051076898618993,27869,1317,0.04725680864042484,19888,898,0.04515285599356396,1082,276,0.25508317929759705,185,BBH,0.5,discovery,validation
0.9051137306996403,27862,1316,0.04723279018017371,19884,994,0.0499899416616375,1076,408,0.379182156133829,186,BBH,0.5,discovery,validation
0.921742572817974,27871,1090,0.03910875103153816,19885,793,0.03987930600955494,1080,185,0.1712962962962963,187,BBH,0.5,discovery,validation
0.8618809410075732,27854,1918,0.06885905076470165,19879,1379,0.06936968660395391,1075,451,0.41953488372093023,188,BBH,0.5,discovery,validation
0.8986228441161441,27863,1408,0.050532964863797866,19881,1016,0.05110406921181027,1075,350,0.32558139534883723,189,BBH,0.5,discovery,validation
0.9007510873639595,27873,1384,0.049653786818785205,19892,1096,0.05509752664387694,1082,339,0.3133086876155268,190,BBH,0.5,discovery,validation
0.891110770661091,27864,1512,0.05426356589147287,19881,1163,0.05849806347769227,1081,362,0.3348751156336725,191,BBH,0.5,discovery,validation
0.9125731060052267,27874,1216,0.043624883403888925,19890,873,0.04389140271493212,1082,202,0.1866913123844732,192,BBH,0.5,discovery,validation
0.8914090224358269,27860,1505,0.05402010050251256,19883,1143,0.057486294824724636,1075,331,0.30790697674418605,193,BBH,0.5,discovery,validation
0.8755769418405646,27859,1723,0.06184715890735489,19880,1302,0.06549295774647887,1079,415,0.38461538461538464,194,BBH,0.5,discovery,validation
0.8939800773782229,27867,1475,0.05292998887573115,19884,1120,0.05632669483001408,1076,333,0.30947955390334575,195,BBH,0.5,discovery,validation
0.8635461805030951,27862,1897,0.06808556456822913,19880,1323,0.06654929577464788,1073,402,0.3746505125815471,196,BBH,0.5,discovery,validation
0.9056799768817685,27869,1311,0.04704151566256414,19887,980,0.049278423090461106,1080,212,0.1962962962962963,197,BBH,0.5,discovery,validation
0.8708933515554358,27868,1797,0.06448256064303143,19883,1258,0.06327013026203289,1080,298,0.2759259259259259,198,BBH,0.5,discovery,validation
0.8521910758082443,27863,2055,0.07375372357606862,19887,1460,0.07341479358374818,1080,439,0.4064814814814815,199,BBH,0.5,discovery,validation
0.8758093143922613,27867,1725,0.06190117343093982,19889,1226,0.061642113731208203,1080,340,0.3148148148148148,200,BBH,0.5,discovery,validation
0.9073706950207612,27864,1285,0.046116853287395926,19883,977,0.04913745410652316,1077,408,0.3788300835654596,201,BBH,0.5,discovery,validation
0.8561464249241858,27864,1999,0.07174131495836922,19888,1381,0.06943885760257441,1079,431,0.3994439295644115,202,BBH,0.5,discovery,validation
0.9117668243069056,27873,1227,0.044021095683995266,19889,892,0.0448489114585952,1082,244,0.2255083179297597,203,BBH,0.5,discovery,validation
0.9122091918111069,27870,1221,0.04381054897739505,19890,862,0.04333836098541981,1081,154,0.14246068455134134,204,BBH,0.5,discovery,validation
0.8727643797043536,27866,1769,0.06348237996124309,19886,1246,0.06265714573066479,1079,282,0.26135310472659873,205,BBH,0.5,discovery,validation
0.9020569348384542,27863,1361,0.04884614004235007,19881,948,0.04768371812283084,1078,356,0.3302411873840445,206,BBH,0.5,discovery,validation
0.9107069652562111,27870,1239,0.044456404736275566,19890,898,0.04514831573655103,1078,335,0.310760667903525,207,BBH,0.5,discovery,validation
0.8853837176165363,27870,1596,0.057265877287405814,19884,1161,0.058388654194327094,1076,432,0.40148698884758366,208,BBH,0.5,discovery,validation
0.8903316170936401,27867,1526,0.05476011052499372,19885,1014,0.050993210963037466,1081,257,0.23774283071230343,209,BBH,0.5,discovery,validation
0.8983760660138085,27865,1412,0.05067288713439799,19881,962,0.048387908052914846,1078,166,0.15398886827458255,210,BBH,0.5,discovery,validation
0.8867546952460099,27867,1576,0.056554347436035456,19882,1134,0.057036515441102505,1079,279,0.25857275254865614,211,BBH,0.5,discovery,validation
0.907273304559306,27870,1292,0.04635809113742375,19890,952,0.04786324786324787,1078,390,0.36178107606679033,212,BBH,0.5,discovery,validation
0.9019404696956567,27868,1360,0.04880149275154299,19888,959,0.04822003218020917,1081,299,0.2765957446808511,213,BBH,0.5,discovery,validation
0.9156040747953033,27868,1175,0.04216305439931104,19884,851,0.0427982297324482,1075,274,0.25488372093023254,214,BBH,0.5,discovery,validation
0.9200586882559824,27869,1112,0.03990096523018408,19890,821,0.041277023629964806,1082,231,0.2134935304990758,215,BBH,0.5,discovery,validation
0.8935432515893941,27863,1479,0.05308114704087859,19883,1018,0.051199517175476536,1075,407,0.3786046511627907,216,BBH,0.5,discovery,validation
0.877546307173528,27868,1707,0.06125305009329697,19884,1152,0.05793602896801448,1078,358,0.3320964749536178,217,BBH,0.5,discovery,validation
0.9098290577758201,27870,1254,0.04499461786867599,19887,888,0.04465228541258108,1078,298,0.2764378478664193,218,BBH,0.5,discovery,validation
0.8829515412895619,27870,1627,0.058378184427700035,19885,1179,0.05929092280613528,1079,331,0.30676552363299353,219,BBH,0.5,discovery,validation
0.9038719810171622,27868,1335,0.04790440648772786,19890,984,0.04947209653092006,1081,231,0.21369102682701202,220,BBH,0.5,discovery,validation
0.8723351432163547,27865,1775,0.06369998205634309,19886,1251,0.06290857889972845,1080,271,0.25092592592592594,221,BBH,0.5,discovery,validation
0.918407545088773,27865,1126,0.04040911537771398,19886,869,0.043699084783264605,1079,206,0.19091751621872105,222,BBH,0.5,discovery,validation
0.9005419549538677,27866,1382,0.049594487906409246,19883,1032,0.05190363627219233,1079,260,0.24096385542168675,223,BBH,0.5,discovery,validation
0.902493151375583,27867,1354,0.04858793555101015,19883,973,0.04893627722174722,1080,234,0.21666666666666667,224,BBH,0.5,discovery,validation
0.8681547016383326,27867,1834,0.06581260989701081,19885,1433,0.07206437012823737,1078,425,0.3942486085343228,225,BBH,0.5,discovery,validation
0.9079300725839808,27867,1278,0.04586069544622672,19883,999,0.05024392697279083,1082,274,0.2532347504621072,226,BBH,0.5,discovery,validation
0.9076309775485669,27870,1286,0.04614280588446358,19888,855,0.04299074818986323,1078,267,0.24768089053803338,227,BBH,0.5,discovery,validation
0.8652419161379165,27868,1874,0.06724558633558203,19885,1316,0.06618053809404073,1079,441,0.4087117701575533,228,BBH,0.5,discovery,validation
0.8936147951461088,27863,1475,0.05293758748160643,19883,1068,0.05371422823517578,1076,312,0.2899628252788104,229,BBH,0.5,discovery,validation
0.9116243108509062,27862,1229,0.04411025769865767,19882,854,0.042953425208731515,1079,172,0.15940685820203893,230,BBH,0.5,discovery,validation
0.8850858510619776,27873,1600,0.05740322175582105,19890,1151,0.05786827551533434,1083,293,0.270544783010157,231,BBH,0.5,discovery,validation
0.8767016349275026,27858,1712,0.06145451934812262,19882,1099,0.05527612916205613,1075,374,0.347906976744186,232,BBH,0.5,discovery,validation
0.929372460820281,27866,981,0.03520419148783464,19883,726,0.036513604586832976,1079,231,0.21408711770157554,233,BBH,0.5,discovery,validation
0.8953638812981737,27861,1453,0.052151753346972474,19884,1071,0.05386240193120097,1079,268,0.24837812789620017,234,BBH,0.5,discovery,validation
0.9033261895015173,27873,1345,0.048254583288487064,19889,977,0.04912263059982905,1080,299,0.27685185185185185,235,BBH,0.5,discovery,validation
0.91444119210705,27856,1185,0.04254020677771396,19881,837,0.04210049796287913,1079,228,0.211306765523633,236,BBH,0.5,discovery,validation
0.9112403082070921,27868,1235,0.044316061432467344,19885,917,0.04611516218254966,1077,482,0.44753946146703805,237,BBH,0.5,discovery,validation
0.9158514543469507,27866,1171,0.04202253642431637,19882,849,0.04270194145458203,1078,369,0.3423005565862709,238,BBH,0.5,discovery,validation
0.8687457619026244,27875,1830,0.06565022421524663,19891,1397,0.070232768588809,1082,371,0.34288354898336415,239,BBH,0.5,discovery,validation
0.8987068569561297,27860,1407,0.05050251256281407,19877,965,0.04854857372842984,1075,252,0.2344186046511628,240,BBH,0.5,discovery,validation
0.9129509926011145,27864,1208,0.043353430950330174,19881,881,0.044313666314571704,1074,285,0.26536312849162014,241,BBH,0.5,discovery,validation
0.8611136560509738,27862,1928,0.06919819108463139,19879,1363,0.06856481714371951,1076,410,0.38104089219330856,242,BBH,0.5,discovery,validation
0.8750985160039684,27854,1733,0.06221727579521792,19880,1206,0.060663983903420524,1073,299,0.2786579683131407,243,BBH,0.5,discovery,validation
0.8782015049454515,27865,1687,0.06054189843890185,19884,1231,0.06190907262120298,1079,280,0.2594995366079703,244,BBH,0.5,discovery,validation
0.9209500681093549,27867,1099,0.03943732730469731,19887,791,0.03977472720872932,1077,312,0.28969359331476324,245,BBH,0.5,discovery,validation
0.917131631259639,27873,1152,0.04133031966419115,19889,822,0.04132937804816733,1081,234,0.21646623496762257,246,BBH,0.5,discovery,validation
0.8905859067327179,27869,1522,0.054612652050665615,19888,1130,0.056818181818181816,1081,303,0.2802960222016651,247,BBH,0.5,discovery,validation
0.9046001327263867,27865,1325,0.04755069083079132,19882,1041,0.05235891761392214,1081,205,0.18963922294172064,248,BBH,0.5,discovery,validation
0.8773919093053116,27871,1709,0.06131821606687955,19890,1247,0.06269482151835093,1078,398,0.3692022263450835,249,BBH,0.5,discovery,validation
0.8784876593778114,27865,1691,0.060685447694240086,19885,1111,0.05587125974352527,1080,317,0.2935185185185185,250,BBH,0.5,discovery,validation
0.8872834092163936,27872,1568,0.05625717566016074,19885,1059,0.053256223283882326,1080,429,0.3972222222222222,251,BBH,0.5,discovery,validation
0.8820247389583126,27863,1639,0.058823529411764705,19884,1176,0.05914302957151479,1076,308,0.2862453531598513,252,BBH,0.5,discovery,validation
0.9090941853499688,27868,1263,0.04532079804794029,19888,896,0.04505229283990346,1082,307,0.28373382624768945,253,BBH,0.5,discovery,validation
0.890753052877517,27863,1517,0.05444496285396404,19886,1120,0.05632102987026048,1078,383,0.35528756957328383,254,BBH,0.5,discovery,validation
0.8953393076803223,27867,1455,0.05221229411131446,19884,1000,0.05029169181251257,1081,255,0.23589269195189638,255,BBH,0.5,discovery,validation
0.868431463182502,27863,1828,0.06560671858737394,19884,1472,0.07402937034801851,1081,411,0.38020351526364476,256,BBH,0.5,discovery,validation
0.9030919897901458,27872,1349,0.04839982778415614,19891,964,0.04846412950580665,1081,311,0.28769657724329323,257,BBH,0.5,discovery,validation
0.8469174712336017,27864,2127,0.07633505598621877,19881,1604,0.08068004627533826,1076,416,0.38661710037174724,258,BBH,0.5,discovery,validation
0.8767819753161087,27862,1711,0.06140980546981552,19882,1273,0.0640277638064581,1073,451,0.42031686859273065,259,BBH,0.5,discovery,validation
0.9010553250444472,27863,1373,0.04927681872016653,19882,945,0.047530429534252086,1080,240,0.2222222222222222,260,BBH,0.5,discovery,validation
0.8916072276296767,27870,1505,0.054000717617509866,19889,1087,0.05465332595907285,1081,217,0.20074005550416282,261,BBH,0.5,discovery,validation
0.9193297625966695,27872,1120,0.040183696900114814,19888,839,0.04218624296057925,1079,179,0.16589434661723818,262,BBH,0.5,discovery,validation
0.8720196777789435,27860,1777,0.06378320172290021,19880,1224,0.061569416498993966,1079,371,0.3438368860055607,263,BBH,0.5,discovery,validation
0.912755806349765,27865,1212,0.043495424367486095,19886,870,0.04374937141707734,1077,278,0.25812441968430827,264,BBH,0.5,discovery,validation
0.8796609497883613,27871,1672,0.059990671307093395,19889,1223,0.06149127658504701,1080,388,0.3592592592592593,265,BBH,0.5,discovery,validation
0.887593257129576,27866,1560,0.055982200531113184,19885,1119,0.0562735730450088,1079,292,0.2706209453197405,266,BBH,0.5,discovery,validation
0.8840912344721501,27859,1609,0.0577551240173732,19885,1095,0.05506663314055821,1076,391,0.36338289962825276,267,BBH,0.5,discovery,validation
0.8580065241176369,27864,1970,0.07070054550674705,19886,1445,0.07266418585939857,1076,424,0.3940520446096654,268,BBH,0.5,discovery,validation
0.930579414021158,27873,964,0.03458544110788218,19888,706,0.035498793242156074,1080,244,0.22592592592592592,269,BBH,0.5,discovery,validation
0.925074728336535,27863,1039,0.03728959552094175,19882,712,0.03581128659088623,1078,203,0.18831168831168832,270,BBH,0.5,discovery,validation
0.9141600410792985,27871,1193,0.042804348606078,19884,906,0.04556427278213639,1074,353,0.3286778398510242,271,BBH,0.5,discovery,validation
0.8578021698689083,27861,1973,0.0708158357560748,19881,1367,0.06875911674463055,1081,284,0.2627197039777983,272,BBH,0.5,discovery,validation
0.8797067331619722,27858,1671,0.059982769760930435,19880,1128,0.05674044265593561,1078,401,0.3719851576994434,273,BBH,0.5,discovery,validation
0.9009263771957607,27871,1377,0.04940619281690646,19886,996,0.05008548727748165,1079,334,0.30954587581093607,274,BBH,0.5,discovery,validation
0.9124043493652316,27869,1216,0.043632710179769635,19885,888,0.044656776464671866,1079,253,0.2344763670064875,275,BBH,0.5,discovery,validation
0.9105511382984999,27862,1243,0.04461273418993612,19885,914,0.045964294694493334,1075,232,0.2158139534883721,276,BBH,0.5,discovery,validation
0.8673070200848921,27864,1843,0.06614269308067758,19886,1306,0.06567434375942874,1080,319,0.2953703703703704,277,BBH,0.5,discovery,validation
0.9076571030968963,27875,1283,0.04602690582959641,19892,930,0.04675246330182988,1082,215,0.1987060998151571,278,BBH,0.5,discovery,validation
0.8487667736701353,27860,2101,0.07541277817659728,19880,1478,0.07434607645875252,1077,416,0.3862581244196843,279,BBH,0.5,discovery,validation
0.9069023516203176,27862,1294,0.04644318426530759,19885,924,0.04646718632134775,1082,186,0.17190388170055454,280,BBH,0.5,discovery,validation
0.9251131796352174,27864,1039,0.03728825724949756,19880,751,0.037776659959758555,1078,276,0.2560296846011132,281,BBH,0.5,discovery,validation
0.8830147243402916,27866,1624,0.05827890619392809,19885,1124,0.056525018858436006,1078,290,0.2690166975881262,282,BBH,0.5,discovery,validation
0.9161957508718651,27869,1161,0.041659191216046505,19888,846,0.042538213998390986,1078,319,0.29591836734693877,283,BBH,0.5,discovery,validation
0.8825139463227607,27866,1632,0.058565994401779946,19884,1179,0.059293904646952326,1077,403,0.37418755803156917,284,BBH,0.5,discovery,validation
0.9019853912817395,27863,1360,0.048810250152532035,19887,1033,0.05194348066576155,1079,345,0.31974050046339203,285,BBH,0.5,discovery,validation
0.9017455036201677,27869,1366,0.04901503462628727,19889,1003,0.0504298858665594,1080,361,0.33425925925925926,286,BBH,0.5,discovery,validation
0.9259193497418846,27865,1031,0.036999820563430826,19886,735,0.036960675852358446,1080,242,0.22407407407407406,287,BBH,0.5,discovery,validation
0.8927639239500288,27867,1490,0.053468259949043674,19886,1074,0.054007844714874784,1078,322,0.2987012987012987,288,BBH,0.5,discovery,validation
0.8733992233766795,27861,1757,0.06306306306306306,19883,1220,0.06135894985666147,1077,270,0.25069637883008355,289,BBH,0.5,discovery,validation
0.8382516349921441,27867,2252,0.0808124304733197,19885,1513,0.07608750314307267,1080,279,0.25833333333333336,290,BBH,0.5,discovery,validation
0.913894325603278,27861,1196,0.042927389540935355,19880,824,0.04144869215291751,1077,232,0.21541318477251625,291,BBH,0.5,discovery,validation
0.862022744064646,27868,1921,0.06893210851155447,19884,1404,0.07060953530476766,1077,347,0.32219127205199627,292,BBH,0.5,discovery,validation
0.8798040189840656,27870,1673,0.06002870470039469,19887,1146,0.05762558455272288,1079,330,0.30583873957367935,293,BBH,0.5,discovery,validation
0.8722122271049854,27866,1780,0.06387712624703941,19885,1191,0.05989439275836057,1081,318,0.29417206290471787,294,BBH,0.5,discovery,validation
0.9350240984466994,27866,904,0.03244096748726046,19887,657,0.033036657112686676,1081,154,0.14246068455134134,295,BBH,0.5,discovery,validation
0.9098616016508716,27867,1249,0.044820038037822515,19889,942,0.047362863894615116,1081,155,0.14338575393154487,296,BBH,0.5,discovery,validation
0.8798469478694664,27865,1669,0.059895926789879775,19882,1217,0.061211145759983904,1075,397,0.36930232558139536,297,BBH,0.5,discovery,validation
0.8818985145307823,27871,1644,0.058986042840228195,19888,1164,0.0585277554304103,1080,434,0.40185185185185185,298,BBH,0.5,discovery,validation
0.8890200428273154,27873,1540,0.05525060093997776,19892,1162,0.05841544339432938,1082,407,0.37615526802218113,299,BBH,0.5,discovery,validation
0.8833524567075851,27865,1621,0.058173335725820924,19885,1256,0.06316318833291426,1079,427,0.3957367933271548,300,BBH,0.5,discovery,validation
0.8911228328467954,27860,1510,0.05419956927494616,19882,1014,0.05100090534151494,1078,357,0.33116883116883117,301,BBH,0.5,discovery,validation
0.8409493708677085,27866,2206,0.07916457331515107,19886,1566,0.07874886855073922,1080,432,0.4,302,BBH,0.5,discovery,validation
0.8979001292443853,27859,1415,0.05079148569582541,19880,977,0.04914486921529175,1077,231,0.21448467966573817,303,BBH,0.5,discovery,validation
0.924370073445979,27870,1049,0.03763903839253678,19890,769,0.03866264454499749,1082,169,0.15619223659889095,304,BBH,0.5,discovery,validation
0.9007494956531871,27862,1378,0.04945804321297825,19884,957,0.04812914906457453,1079,298,0.2761816496756256,305,BBH,0.5,discovery,validation
0.9131523784815211,27867,1205,0.043241109556105786,19890,907,0.045600804424333834,1081,269,0.2488436632747456,306,BBH,0.5,discovery,validation
0.9003076729246087,27865,1385,0.049703929660864885,19885,1006,0.05059089766155393,1079,276,0.2557924003707136,307,BBH,0.5,discovery,validation
0.9008155372128801,27869,1379,0.049481502744985466,19888,1066,0.05360016090104586,1081,362,0.3348751156336725,308,BBH,0.5,discovery,validation
0.9306891837302703,27875,964,0.03458295964125561,19890,691,0.03474107591754651,1082,187,0.17282809611829944,309,BBH,0.5,discovery,validation
0.8732742243816745,27869,1761,0.06318848900211704,19890,1229,0.06178984414278532,1080,349,0.32314814814814813,310,BBH,0.5,discovery,validation
0.8886226464499851,27871,1547,0.05550572279430232,19889,1138,0.05721755744381316,1078,374,0.3469387755102041,311,BBH,0.5,discovery,validation
0.8742868788918985,27866,1744,0.06258522931170603,19881,1197,0.06020823902218198,1079,284,0.2632066728452271,312,BBH,0.5,discovery,validation
0.9085218962341083,27868,1271,0.04560786565236113,19891,950,0.04776029360012066,1082,216,0.19963031423290203,313,BBH,0.5,discovery,validation
0.8848032172600442,27866,1602,0.057489413622335464,19884,1155,0.05808690404345202,1079,402,0.37256719184430026,314,BBH,0.5,discovery,validation
0.8961657051764428,27870,1441,0.0517043415859347,19887,1023,0.05144063961381807,1079,347,0.3215940685820204,315,BBH,0.5,discovery,validation
0.9051596498464703,27868,1319,0.04733027127888618,19885,956,0.04807643952728187,1079,315,0.2919369786839666,316,BBH,0.5,discovery,validation
0.8808255147564413,27871,1655,0.059380718309353805,19888,1155,0.05807522123893805,1079,313,0.29008341056533826,317,BBH,0.5,discovery,validation
0.8593959585875862,27876,1956,0.07016788635385278,19891,1428,0.07179126237997084,1081,366,0.3385753931544866,318,BBH,0.5,discovery,validation
0.8743271351002575,27868,1748,0.06272427156595378,19887,1285,0.06461507517473726,1081,292,0.27012025901942643,319,BBH,0.5,discovery,validation
0.9212884728229987,27866,1094,0.03925931242374219,19884,825,0.04149064574532287,1077,202,0.18755803156917364,320,BBH,0.5,discovery,validation
0.8670816250840436,27867,1848,0.06631499623210249,19890,1382,0.06948215183509301,1080,472,0.43703703703703706,321,BBH,0.5,discovery,validation
0.8990271402757889,27869,1404,0.050378556819405076,19886,1023,0.05144322639042542,1079,448,0.4151992585727525,322,BBH,0.5,discovery,validation
0.8901170017827824,27867,1528,0.05483188000143539,19886,1113,0.05596902343357136,1080,243,0.225,323,BBH,0.5,discovery,validation
0.8611026830173286,27872,1931,0.06928099885189437,19890,1400,0.07038712921065862,1082,423,0.3909426987060998,324,BBH,0.5,discovery,validation
0.8767079465008896,27869,1715,0.06153790950518497,19884,1188,0.05974652987326494,1078,373,0.3460111317254174,325,BBH,0.5,discovery,validation
0.9135877745329833,27871,1201,0.04309138531089663,19889,896,0.04505002765347679,1081,341,0.3154486586493987,326,BBH,0.5,discovery,validation
0.8849744472172261,27871,1600,0.05740734096372574,19887,1015,0.05103836677226329,1082,251,0.23197781885397412,327,BBH,0.5,discovery,validation
0.9070716026364922,27867,1291,0.04632719704309757,19886,915,0.046012269938650305,1078,390,0.36178107606679033,328,BBH,0.5,discovery,validation
0.8900496218879274,27860,1527,0.05480976310122039,19885,1052,0.052904199145084235,1080,242,0.22407407407407406,329,BBH,0.5,discovery,validation
0.9055558377450545,27859,1309,0.046986611149000324,19882,955,0.04803339704255105,1078,230,0.21335807050092764,330,BBH,0.5,discovery,validation
0.9074617725942388,27865,1284,0.04607931096357438,19885,952,0.0478752828765401,1081,164,0.1517113783533765,331,BBH,0.5,discovery,validation
0.9206968569830547,27865,1102,0.03954781984568455,19884,796,0.040032186682760006,1079,178,0.164967562557924,332,BBH,0.5,discovery,validation
0.9125995141935842,27868,1216,0.043634275871967845,19884,887,0.04460873063769865,1078,327,0.3033395176252319,333,BBH,0.5,discovery,validation
0.9139454411244302,27871,1197,0.04294786695848732,19888,867,0.043594127111826225,1078,389,0.3608534322820037,334,BBH,0.5,discovery,validation
0.8884716177328724,27867,1550,0.05562134424229375,19887,1124,0.056519334238447225,1079,392,0.3632993512511585,335,BBH,0.5,discovery,validation
0.9186743747348098,27864,1130,0.040554120011484354,19884,879,0.04420639710319855,1077,245,0.22748375116063138,336,BBH,0.5,discovery,validation
0.9163060341809458,27871,1162,0.041692081374905814,19890,830,0.04172951231774761,1082,193,0.17837338262476896,337,BBH,0.5,discovery,validation
0.8717536626854927,27861,1781,0.06392448225117547,19884,1286,0.06467511567089117,1077,352,0.3268337975858867,338,BBH,0.5,discovery,validation
0.9169170389815298,27873,1155,0.041437950704983316,19889,854,0.042938307607220075,1080,326,0.30185185185185187,339,BBH,0.5,discovery,validation
0.88285820756693,27851,1625,0.05834619941833327,19878,1163,0.05850689204145286,1074,311,0.28957169459962756,340,BBH,0.5,discovery,validation
0.8778350826311832,27861,1698,0.06094540755895338,19885,1266,0.06366607995976867,1079,407,0.37720111214087115,341,BBH,0.5,discovery,validation
0.8900851555903324,27869,1524,0.05468441637661918,19887,1142,0.05742444813194549,1081,368,0.3404255319148936,342,BBH,0.5,discovery,validation
0.8548075990257608,27865,2018,0.07242059931814104,19885,1441,0.0724666834297209,1077,459,0.42618384401114207,343,BBH,0.5,discovery,validation
0.9075853218507748,27864,1284,0.04608096468561585,19884,894,0.04496077248038624,1077,256,0.23769730733519034,344,BBH,0.5,discovery,validation
0.9154803844841269,27869,1174,0.0421256593347447,19887,862,0.04334489867752803,1078,212,0.19666048237476808,345,BBH,0.5,discovery,validation
0.9221332287030083,27869,1078,0.038680971688973415,19885,754,0.03791802866482273,1079,149,0.1380908248378128,346,BBH,0.5,discovery,validation
0.8597947191793598,27871,1954,0.07010871515195005,19886,1412,0.0710047269435784,1078,477,0.4424860853432282,347,BBH,0.5,discovery,validation
0.9307175340010464,27869,960,0.03444687645771287,19885,688,0.03459894392758361,1080,217,0.20092592592592592,348,BBH,0.5,discovery,validation
0.8728651629924035,27870,1766,0.06336562612127736,19888,1252,0.06295253419147225,1081,403,0.37280296022201664,349,BBH,0.5,discovery,validation
0.871566537541089,27873,1787,0.06411222329853263,19889,1313,0.06601639096988285,1078,438,0.40630797773654914,350,BBH,0.5,discovery,validation
0.8640673062228998,27863,1889,0.06779600186627427,19881,1351,0.06795432825310598,1079,384,0.35588507877664505,351,BBH,0.5,discovery,validation
0.9098421181365817,27866,1251,0.04489341850283499,19885,887,0.04460648730198642,1077,255,0.23676880222841226,352,BBH,0.5,discovery,validation
0.9048479221638279,27874,1326,0.04757121331706967,19889,952,0.0478656543818191,1080,207,0.19166666666666668,353,BBH,0.5,discovery,validation
0.9081576600641443,27864,1274,0.0457220786678151,19882,958,0.04818428729504074,1078,259,0.24025974025974026,354,BBH,0.5,discovery,validation
0.9103036465237127,27875,1251,0.044878923766816146,19891,921,0.046302347795485393,1082,219,0.2024029574861368,355,BBH,0.5,discovery,validation
0.8760729753813851,27873,1723,0.061816094428299787,19889,1269,0.06380411282618532,1081,417,0.38575393154486587,356,BBH,0.5,discovery,validation
0.8887379016835001,27866,1545,0.05544391014139094,19883,1166,0.05864306191218629,1077,271,0.25162488393686167,357,BBH,0.5,discovery,validation
0.8618796697502785,27868,1921,0.06893210851155447,19887,1375,0.06914064464222859,1082,416,0.3844731977818854,358,BBH,0.5,discovery,validation
0.8857296278963055,27873,1595,0.0572238366878341,19888,1205,0.06058930008045052,1080,370,0.3425925925925926,359,BBH,0.5,discovery,validation
0.8932692547645316,27860,1481,0.0531586503948313,19882,1091,0.05487375515541696,1075,454,0.4223255813953488,360,BBH,0.5,discovery,validation
0.8899540768689319,27866,1527,0.05479796167372425,19884,1113,0.05597465298732649,1077,405,0.37604456824512533,361,BBH,0.5,discovery,validation
0.7889748053070926,27861,2936,0.10538028067908546,19881,1911,0.09612192545646597,1079,446,0.41334569045412417,362,BBH,0.5,discovery,validation
0.8779266927053423,27862,1694,0.060799655444691694,19885,1139,0.057279356298717624,1077,414,0.38440111420612816,363,BBH,0.5,discovery,validation
0.8951914423620795,27874,1458,0.05230680921288656,19888,1038,0.05219227674979887,1083,187,0.17266851338873498,364,BBH,0.5,discovery,validation
0.90809909012562,27862,1274,0.04572536070633838,19886,858,0.04314593181132455,1079,295,0.27340129749768305,365,BBH,0.5,discovery,validation
0.8979074085489964,27863,1419,0.05092775365179629,19882,1008,0.05069912483653556,1078,210,0.19480519480519481,366,BBH,0.5,discovery,validation
0.9109931036476198,27870,1237,0.04438464298528884,19890,931,0.046807440925087984,1082,355,0.32809611829944546,367,BBH,0.5,discovery,validation
0.9151748518522006,27868,1180,0.04234247165207406,19886,854,0.04294478527607362,1080,253,0.23425925925925925,368,BBH,0.5,discovery,validation
0.8867509637205514,27874,1573,0.05643251775848461,19889,1097,0.05515611644627683,1079,348,0.32252085264133457,369,BBH,0.5,discovery,validation
0.8901488513937338,27865,1526,0.05476404091153777,19887,1195,0.06008950570724594,1079,293,0.2715477293790547,370,BBH,0.5,discovery,validation
0.9039954585515876,27867,1332,0.047798471310151795,19883,995,0.050042750088014884,1075,358,0.3330232558139535,371,BBH,0.5,discovery,validation
0.9137635310374211,27869,1197,0.04295094908321074,19890,830,0.04172951231774761,1080,243,0.225,372,BBH,0.5,discovery,validation
0.9136204592824538,27869,1201,0.043094477735117875,19887,877,0.044099160255443255,1079,395,0.366079703429101,373,BBH,0.5,discovery,validation
0.9088600722643647,27867,1265,0.04539419384935587,19883,883,0.04440979731428859,1077,278,0.25812441968430827,374,BBH,0.5,discovery,validation
0.9271075716896786,27871,1015,0.03641778192386352,19887,750,0.03771307889576105,1080,266,0.2462962962962963,375,BBH,0.5,discovery,validation
0.9014397095998549,27868,1371,0.049196210707621646,19889,985,0.04952486298959224,1081,265,0.24514338575393155,376,BBH,0.5,discovery,validation
0.8798469478694664,27865,1673,0.06003947604521802,19885,1283,0.06452099572542117,1077,346,0.3212627669452182,377,BBH,0.5,discovery,validation
0.8927562724655312,27863,1492,0.05354771560851308,19886,1075,0.05405813134868752,1080,288,0.26666666666666666,378,BBH,0.5,discovery,validation
0.9160586698690925,27873,1165,0.0417967208409572,19887,863,0.043395182782722384,1080,189,0.175,379,BBH,0.5,discovery,validation
0.8890796343098174,27876,1543,0.055352274357870566,19892,1159,0.05826462899658154,1080,427,0.39537037037037037,380,BBH,0.5,discovery,validation
0.910069813190511,27863,1251,0.04489825216236586,19883,868,0.04365538399637882,1081,348,0.32192414431082333,381,BBH,0.5,discovery,validation
0.8944535500124023,27862,1464,0.052544684516545835,19882,1061,0.05336485263052007,1080,230,0.21296296296296297,382,BBH,0.5,discovery,validation
0.9156234638519961,27869,1172,0.04205389500879113,19884,816,0.04103802051901026,1077,316,0.2934076137418756,383,BBH,0.5,discovery,validation
0.9047040464369016,27863,1322,0.04744643433944658,19879,964,0.0484933849791237,1077,256,0.23769730733519034,384,BBH,0.5,discovery,validation
0.8904470391500847,27862,1520,0.05455459048165961,19884,1075,0.05406356869845102,1078,395,0.36641929499072357,385,BBH,0.5,discovery,validation
0.907000064200226,27867,1289,0.046255427566655904,19889,904,0.04545226004323998,1081,207,0.19148936170212766,386,BBH,0.5,discovery,validation
0.89779132265654,27868,1419,0.05091861633414669,19884,1041,0.05235365117682559,1082,240,0.22181146025878004,387,BBH,0.5,discovery,validation
0.907611445573827,27869,1280,0.04592916861028383,19886,960,0.04827516846022327,1079,269,0.24930491195551435,388,BBH,0.5,discovery,validation
0.9088340579412859,27873,1267,0.04545617622789079,19889,897,0.045100306702197196,1080,306,0.2833333333333333,389,BBH,0.5,discovery,validation
0.9014790021332787,27870,1371,0.04919268030139935,19886,957,0.04812430855878508,1076,407,0.37825278810408924,390,BBH,0.5,discovery,validation
0.8992811108751048,27871,1398,0.05015966416705536,19890,1056,0.0530920060331825,1081,203,0.1877890841813136,391,BBH,0.5,discovery,validation
0.8997746907713838,27867,1392,0.04995155560340187,19887,1040,0.05229546940212199,1080,314,0.29074074074074074,392,BBH,0.5,discovery,validation
0.917353788399543,27866,1148,0.04119715782674227,19889,823,0.04137965709688773,1080,232,0.21481481481481482,393,BBH,0.5,discovery,validation
0.9116952935475359,27873,1224,0.0439134646432031,19889,916,0.04605560862788476,1080,248,0.22962962962962963,394,BBH,0.5,discovery,validation
0.8974190038054881,27860,1422,0.05104091888011486,19882,1039,0.05225832411226235,1078,226,0.20964749536178107,395,BBH,0.5,discovery,validation
0.899468859202016,27866,1394,0.05002512021818704,19884,999,0.05024140012070006,1077,286,0.265552460538533,396,BBH,0.5,discovery,validation
0.8878078853652288,27866,1559,0.055946314505131704,19881,1096,0.055128011669433125,1075,414,0.3851162790697674,397,BBH,0.5,discovery,validation
0.8747496652977581,27857,1739,0.062425961158775176,19884,1244,0.06256286461476564,1077,391,0.3630454967502321,398,BBH,0.5,discovery,validation
0.7809554921427604,27864,3047,0.10935256962388745,19887,2113,0.10625031427565747,1079,514,0.4763670064874884,399,BBH,0.5,discovery,validation
0.8544703773410388,27866,2025,0.07266920261250269,19888,1466,0.07371279163314562,1079,474,0.4392956441149212,400,BBH,0.5,discovery,validation
0.8884755791482541,27860,1549,0.055599425699928214,19883,1116,0.05612835085248705,1074,387,0.36033519553072624,401,BBH,0.5,discovery,validation
0.9200916068659236,27867,1110,0.03983205942512649,19890,798,0.04012066365007542,1081,284,0.2627197039777983,402,BBH,0.5,discovery,validation
0.9126057451128516,27872,1214,0.04355625717566016,19889,855,0.04298858665594047,1080,287,0.2657407407407407,403,BBH,0.5,discovery,validation
0.9303456965711395,27872,967,0.0346943168771527,19889,696,0.034994217909397156,1080,312,0.28888888888888886,404,BBH,0.5,discovery,validation
0.873835380333798,27872,1750,0.06278702640642939,19888,1304,0.06556717618664522,1083,338,0.3120960295475531,405,BBH,0.5,discovery,validation
0.9109931036476198,27870,1236,0.04434876210979548,19885,937,0.047120945436258485,1079,291,0.26969416126042633,406,BBH,0.5,discovery,validation
0.8676552865462134,27861,1839,0.06600624528911382,19883,1376,0.0692048483629231,1077,369,0.3426183844011142,407,BBH,0.5,discovery,validation
0.8848114408337189,27870,1598,0.057337639038392535,19887,1169,0.05878211897219289,1078,273,0.2532467532467532,408,BBH,0.5,discovery,validation
0.9212555102128225,27868,1093,0.03922061145399742,19886,785,0.03947500754299507,1080,165,0.1527777777777778,409,BBH,0.5,discovery,validation
0.8729699466746308,27862,1764,0.06331203790108392,19883,1237,0.06221395161695921,1075,427,0.3972093023255814,410,BBH,0.5,discovery,validation
0.8672652106730476,27869,1847,0.0662743550181205,19887,1252,0.06295569970332378,1080,419,0.38796296296296295,411,BBH,0.5,discovery,validation
0.8530190648309242,27865,2042,0.07328189485017046,19889,1532,0.07702750263965005,1079,417,0.386468952734013,412,BBH,0.5,discovery,validation
0.890192716682443,27860,1526,0.054773869346733665,19883,1119,0.056279233516069005,1077,383,0.3556174558960074,413,BBH,0.5,discovery,validation
0.8955464711774083,27863,1445,0.05186089078706528,19881,997,0.05014838287812484,1075,343,0.31906976744186044,414,BBH,0.5,discovery,validation
0.8908323861523083,27867,1518,0.05447303261922704,19885,1091,0.05486547648981645,1077,383,0.3556174558960074,415,BBH,0.5,discovery,validation
0.8852125226216889,27865,1596,0.05727615287995694,19887,1157,0.058178709709860714,1077,397,0.3686165273909007,416,BBH,0.5,discovery,validation
0.8803762957668833,27870,1664,0.05970577682095443,19889,1090,0.05480416310523405,1081,316,0.2923219241443108,417,BBH,0.5,discovery,validation
0.8783901086067881,27853,1688,0.06060388468028578,19874,1190,0.05987722652712086,1076,303,0.2815985130111524,418,BBH,0.5,discovery,validation
0.8967898024559671,27868,1432,0.05138510119133056,19885,1043,0.052451596680915265,1078,287,0.2662337662337662,419,BBH,0.5,discovery,validation
0.8987088443287895,27871,1411,0.05062609881238563,19889,971,0.048820956307506665,1083,201,0.18559556786703602,420,BBH,0.5,discovery,validation
0.9033516126190142,27867,1343,0.04819320343058097,19884,1074,0.0540132770066385,1077,314,0.2915506035283194,421,BBH,0.5,discovery,validation
0.8644762633818475,27862,1882,0.06754719689900222,19879,1384,0.06962120831027718,1080,339,0.3138888888888889,422,BBH,0.5,discovery,validation
0.9139454411244302,27871,1198,0.042983746546589645,19887,772,0.03881932921003671,1079,219,0.20296570898980537,423,BBH,0.5,discovery,validation
0.8739895831565109,27869,1748,0.06272202088341886,19889,1306,0.06566443762884006,1079,345,0.31974050046339203,424,BBH,0.5,discovery,validation
0.8856580920388833,27873,1591,0.05708032863344455,19889,1144,0.05751923173613555,1081,530,0.4902867715078631,425,BBH,0.5,discovery,validation
0.8668765176900096,27871,1851,0.06641311757741021,19884,1291,0.06492657412995373,1079,350,0.3243744207599629,426,BBH,0.5,discovery,validation
0.9045158154318161,27869,1325,0.04754386594423912,19886,945,0.047520868953032286,1078,330,0.30612244897959184,427,BBH,0.5,discovery,validation
0.8773229388188594,27864,1705,0.061190066035027274,19885,1297,0.06522504400301735,1077,411,0.3816155988857939,428,BBH,0.5,discovery,validation
0.8713629364375073,27870,1788,0.06415500538213133,19889,1248,0.06274825280305697,1081,257,0.23774283071230343,429,BBH,0.5,discovery,validation
0.8746334060538637,27870,1742,0.06250448510943667,19888,1286,0.06466210780370073,1080,363,0.33611111111111114,430,BBH,0.5,discovery,validation
0.8388862290126139,27870,2243,0.08048080373161105,19887,1509,0.07587871473827124,1082,418,0.38632162661737524,431,BBH,0.5,discovery,validation
0.9339413597115375,27873,921,0.03304272952319449,19887,622,0.0312767134308845,1081,188,0.17391304347826086,432,BBH,0.5,discovery,validation
0.9218663625211524,27871,1082,0.03882171432671953,19889,788,0.03961989039167379,1082,226,0.2088724584103512,433,BBH,0.5,discovery,validation
0.9219323302741097,27866,1082,0.0388286801119644,19883,806,0.04053714228235176,1080,190,0.17592592592592593,434,BBH,0.5,discovery,validation
0.8789970945803665,27869,1682,0.060353798126951096,19886,1201,0.060394247209091825,1077,478,0.4438254410399257,435,BBH,0.5,discovery,validation
0.9142775805775682,27866,1190,0.04270437091796454,19883,895,0.04501332796861641,1076,205,0.19052044609665428,436,BBH,0.5,discovery,validation
0.9107331820243073,27864,1238,0.044430089003732416,19882,954,0.047983100291721155,1079,230,0.21316033364226136,437,BBH,0.5,discovery,validation
0.89539109534498,27866,1453,0.05214239575109452,19883,929,0.046723331489211886,1078,268,0.24860853432282004,438,BBH,0.5,discovery,validation
0.9226477179979158,27866,1074,0.03854159190411254,19883,784,0.03943066941608409,1080,178,0.1648148148148148,439,BBH,0.5,discovery,validation
0.8753085453335931,27867,1732,0.062152366598485664,19883,1255,0.06311924759845094,1080,356,0.3296296296296296,440,BBH,0.5,discovery,validation
0.8790199095762912,27863,1680,0.06029501489430428,19883,1150,0.05783835437308253,1079,362,0.33549582947173306,441,BBH,0.5,discovery,validation
0.8885550660234867,27864,1547,0.05551966695377548,19884,1166,0.05864011265338966,1077,484,0.44939647168059427,442,BBH,0.5,discovery,validation
0.9256192768010335,27868,1034,0.03710348787139371,19886,731,0.03675952931710751,1082,138,0.12754158964879853,443,BBH,0.5,discovery,validation
0.8966146494793299,27870,1440,0.05166846071044134,19886,1034,0.05199637936236548,1081,194,0.17946345975948197,444,BBH,0.5,discovery,validation
0.9194942429018873,27862,1116,0.04005455459048166,19878,842,0.04235838615554885,1073,232,0.21621621621621623,445,BBH,0.5,discovery,validation
0.9252231572464547,27866,1038,0.037249694968779154,19884,755,0.03797022731844699,1081,127,0.11748381128584644,446,BBH,0.5,discovery,validation
0.8965554611085167,27867,1437,0.05156636882333943,19887,1040,0.05229546940212199,1080,270,0.25,447,BBH,0.5,discovery,validation
0.9090877096608698,27864,1263,0.04532730404823428,19881,840,0.04225139580503999,1077,249,0.23119777158774374,448,BBH,0.5,discovery,validation
0.8956057144953504,27866,1453,0.05214239575109452,19884,1044,0.05250452625226312,1080,238,0.22037037037037038,449,BBH,0.5,discovery,validation
0.9074813074825081,27866,1287,0.046185315438168374,19886,855,0.04299507190988635,1079,283,0.2622798887859129,450,BBH,0.5,discovery,validation
0.8830263487523196,27863,1625,0.058321070954312174,19886,1179,0.059287941265211704,1081,374,0.3459759481961147,451,BBH,0.5,discovery,validation
0.8921993123644548,27871,1496,0.053675863801083565,19885,1092,0.054915765652501884,1078,316,0.29313543599257885,452,BBH,0.5,discovery,validation
0.8784134364057813,27872,1690,0.06063432835820896,19889,1202,0.06043541656191865,1082,314,0.2902033271719039,453,BBH,0.5,discovery,validation
0.899574416414998,27875,1397,0.050116591928251124,19888,1006,0.050583266291230895,1081,391,0.3617021276595745,454,BBH,0.5,discovery,validation
0.9074683738188597,27869,1284,0.046072697262190966,19888,863,0.04339300080450523,1079,248,0.22984244670991658,455,BBH,0.5,discovery,validation
0.8798269185023513,27864,1669,0.05989807637094459,19882,1235,0.06211648727492204,1077,306,0.2841225626740947,456,BBH,0.5,discovery,validation
0.8856816186917209,27867,1587,0.05694907955646464,19887,1092,0.054910242872228086,1079,427,0.3957367933271548,457,BBH,0.5,discovery,validation
0.8575670129693471,27867,1980,0.07105178167725267,19889,1446,0.07270350444969581,1079,453,0.4198331788693234,458,BBH,0.5,discovery,validation
0.8410490320021674,27857,2208,0.07926194493305094,19878,1512,0.07606399034108059,1080,456,0.4222222222222222,459,BBH,0.5,discovery,validation
0.8993776399675567,27865,1397,0.0501345774268796,19885,1042,0.05240130751822982,1081,243,0.2247918593894542,460,BBH,0.5,discovery,validation
0.9162165907039305,27859,1164,0.041781829929286765,19879,857,0.04311082046380603,1073,250,0.23299161230195714,461,BBH,0.5,discovery,validation
0.8911504156553366,27865,1515,0.05436928045935762,19887,1050,0.05279831045406547,1078,294,0.2727272727272727,462,BBH,0.5,discovery,validation
0.8881219132219593,27872,1553,0.05571900114810563,19892,1148,0.05771164287150613,1082,352,0.32532347504621073,463,BBH,0.5,discovery,validation
0.9048802907600272,27872,1323,0.04746699196326062,19886,917,0.046112843206275775,1080,189,0.175,464,BBH,0.5,discovery,validation
0.8670708605663761,27870,1848,0.06630785791173305,19890,1365,0.06862745098039216,1081,306,0.28307123034227566,465,BBH,0.5,discovery,validation
0.9322770616186115,27872,942,0.03379735935706085,19889,727,0.036552868419729496,1082,272,0.2513863216266174,466,BBH,0.5,discovery,validation
0.8898866642587153,27859,1530,0.05491941562870167,19876,1097,0.055192191587844636,1077,249,0.23119777158774374,467,BBH,0.5,discovery,validation
0.8997746907713838,27867,1393,0.04998744034162271,19885,989,0.049735981895901435,1082,244,0.2255083179297597,468,BBH,0.5,discovery,validation
0.8810231291643054,27863,1651,0.059254208089581165,19885,1258,0.06326376665828513,1078,324,0.300556586270872,469,BBH,0.5,discovery,validation
0.8510265594073386,27869,2072,0.07434784168789695,19889,1396,0.0701895520136759,1080,373,0.3453703703703704,470,BBH,0.5,discovery,validation
0.8888372464048533,27871,1546,0.05546984320619999,19888,1106,0.055611423974255836,1080,406,0.37592592592592594,471,BBH,0.5,discovery,validation
0.9078131043506328,27872,1285,0.04610361653272101,19890,893,0.04489693313222725,1079,270,0.25023169601482853,472,BBH,0.5,discovery,validation
0.9147916879336873,27863,1183,0.04245773965473926,19885,796,0.04003017349761127,1079,317,0.293790546802595,473,BBH,0.5,discovery,validation
0.9064535294344331,27861,1298,0.04658842109041312,19879,949,0.04773881986015393,1070,416,0.38878504672897196,474,BBH,0.5,discovery,validation
0.8759636254743616,27864,1726,0.06194372667240884,19881,1186,0.05965494693425884,1080,301,0.27870370370370373,475,BBH,0.5,discovery,validation
0.90287739367376,27872,1352,0.048507462686567165,19889,950,0.0477650962843783,1079,337,0.3123262279888786,476,BBH,0.5,discovery,validation
0.9138422007925464,27862,1198,0.0429976311822554,19882,843,0.04240016094960265,1078,213,0.19758812615955473,477,BBH,0.5,discovery,validation
0.9214757237605273,27872,1090,0.039107347876004596,19890,807,0.04057315233785822,1081,228,0.21091581868640147,478,BBH,0.5,discovery,validation
0.9078324344990699,27862,1281,0.0459765989519776,19882,953,0.04793280354089126,1078,234,0.21706864564007422,479,BBH,0.5,discovery,validation
0.9073186906008462,27865,1285,0.04611519827740894,19887,933,0.046915070146326746,1083,183,0.16897506925207756,480,BBH,0.5,discovery,validation
0.9237923629106526,27866,1057,0.03793152946242733,19882,709,0.03566039633839654,1079,229,0.21223354958294718,481,BBH,0.5,discovery,validation
0.9061935925802862,27866,1304,0.046795377879853585,19884,901,0.04531281432307383,1081,303,0.2802960222016651,482,BBH,0.5,discovery,validation
0.8946879484968306,27863,1461,0.0524351290241539,19885,1061,0.053356801609253206,1078,344,0.31910946196660483,483,BBH,0.5,discovery,validation
0.884004606004222,27869,1613,0.05787792888155298,19886,1137,0.05717590264507694,1081,417,0.38575393154486587,484,BBH,0.5,discovery,validation
0.8834522834745273,27870,1620,0.0581270182992465,19886,1187,0.05969023433571357,1080,424,0.3925925925925926,485,BBH,0.5,discovery,validation
0.9170348179389791,27868,1152,0.04133773503660112,19888,840,0.042236524537409496,1080,336,0.3111111111111111,486,BBH,0.5,discovery,validation
0.9002290172547261,27861,1384,0.04967517318114928,19881,968,0.04868970373723656,1079,253,0.2344763670064875,487,BBH,0.5,discovery,validation
0.9132106761810377,27870,1208,0.04334409759598134,19888,884,0.044448913917940466,1079,310,0.2873030583873957,488,BBH,0.5,discovery,validation
0.90202465684532,27865,1360,0.0488067468150009,19880,1005,0.0505533199195171,1074,331,0.30819366852886404,489,BBH,0.5,discovery,validation
0.9047108429211137,27867,1323,0.04747550866616428,19885,969,0.04873019864219261,1078,285,0.26437847866419295,490,BBH,0.5,discovery,validation
0.8989608747325095,27862,1400,0.05024764912784438,19883,1037,0.05215510737816225,1075,237,0.22046511627906976,491,BBH,0.5,discovery,validation
0.8930424466923904,27863,1487,0.05336826615942289,19887,965,0.048524161512545884,1081,312,0.28862164662349676,492,BBH,0.5,discovery,validation
0.8866396208672361,27872,1576,0.056544202066590124,19888,1122,0.05641592920353982,1082,264,0.24399260628465805,493,BBH,0.5,discovery,validation
0.9305220488612673,27870,965,0.03462504485109437,19889,715,0.03594951983508472,1082,156,0.14417744916820702,494,BBH,0.5,discovery,validation
0.8865798975936335,27869,1576,0.056550288851411966,19887,1150,0.05782672097350028,1077,368,0.34168987929433614,495,BBH,0.5,discovery,validation
0.8873388575528267,27864,1568,0.05627332759115705,19884,1180,0.05934419633876484,1079,401,0.3716404077849861,496,BBH,0.5,discovery,validation
0.9028577767895744,27871,1347,0.0483298051738366,19889,1013,0.05093267635376339,1080,332,0.3074074074074074,497,BBH,0.5,discovery,validation
0.8923787383249498,27862,1496,0.05369320221089656,19880,1076,0.05412474849094567,1076,395,0.3671003717472119,498,BBH,0.5,discovery,validation
0.8790485796018583,27869,1678,0.06021026947504395,19885,1223,0.061503645964294695,1078,514,0.47680890538033394,499,BBH,0.5,discovery,validation
0.8712528398664358,27861,1788,0.06417572951437493,19884,1336,0.0671897002615168,1081,483,0.44680851063829785,500,BBH,0.5,discovery,validation
0.8940196288519332,27869,1473,0.05285442606480319,19889,1049,0.052742722107697725,1080,394,0.3648148148148148,501,BBH,0.5,discovery,validation
0.9110130092844838,27860,1233,0.04425699928212491,19883,895,0.04501332796861641,1075,327,0.3041860465116279,502,BBH,0.5,discovery,validation
0.9072408422375213,27872,1289,0.046247129735935706,19889,905,0.04550253909196038,1079,270,0.25023169601482853,503,BBH,0.5,discovery,validation
0.9056084410042847,27869,1314,0.04714916215149449,19886,931,0.04681685607965403,1082,165,0.15249537892791126,504,BBH,0.5,discovery,validation
0.9350477700198011,27871,903,0.03239926805640271,19886,663,0.0333400382178417,1083,174,0.16066481994459833,505,BBH,0.5,discovery,validation
0.8735513401601918,27865,1758,0.06308989772115557,19888,1338,0.06727674979887369,1080,430,0.39814814814814814,506,BBH,0.5,discovery,validation
0.8797725350141816,27872,1674,0.06006027554535017,19888,1167,0.05867860016090105,1078,378,0.35064935064935066,507,BBH,0.5,discovery,validation
0.8997675410235809,27863,1392,0.049958726626709256,19882,1088,0.05472286490292727,1074,265,0.2467411545623836,508,BBH,0.5,discovery,validation
0.890029774710987,27859,1525,0.0547399404142288,19875,1078,0.054238993710691824,1074,329,0.3063314711359404,509,BBH,0.5,discovery,validation
0.904443429241856,27857,1326,0.047600244103815914,19880,998,0.05020120724346076,1074,325,0.3026070763500931,510,BBH,0.5,discovery,validation
0.9064473186757784,27868,1302,0.04672025261949189,19887,957,0.0481218886709911,1077,335,0.3110492107706592,511,BBH,0.5,discovery,validation
0.8850577086778257,27869,1600,0.057411460762854784,19894,1215,0.06107369055996783,1082,288,0.266173752310536,512,BBH,0.5,discovery,validation
0.862697444771901,27866,1907,0.06843465154668772,19884,1316,0.06618386642526655,1080,245,0.22685185185185186,513,BBH,0.5,discovery,validation
0.9173596828564646,27870,1150,0.041263006817366346,19888,819,0.04118061142397426,1078,282,0.26159554730983303,514,BBH,0.5,discovery,validation
0.8604693023121007,27869,1944,0.06975492482686857,19885,1350,0.06789036962534574,1077,292,0.2711234911792015,515,BBH,0.5,discovery,validation
0.90204428900646,27866,1361,0.0488408813607981,19881,937,0.0471304260349077,1074,333,0.3100558659217877,516,BBH,0.5,discovery,validation
0.9306459981235627,27870,965,0.03462504485109437,19890,708,0.03559577677224736,1080,211,0.19537037037037036,517,BBH,0.5,discovery,validation
0.8996369731204822,27860,1393,0.05,19882,1104,0.055527612916205615,1078,276,0.2560296846011132,518,BBH,0.5,discovery,validation
0.90561454455743,27862,1308,0.04694566075658603,19885,900,0.04526024641689716,1082,255,0.2356746765249538,519,BBH,0.5,discovery,validation
0.9158574563015687,27870,1169,0.04194474345174022,19886,864,0.043447651614200944,1078,344,0.31910946196660483,520,BBH,0.5,discovery,validation
0.8609804915689385,27866,1933,0.06936768822220628,19884,1410,0.07091128545564272,1080,339,0.3138888888888889,521,BBH,0.5,discovery,validation
0.9166324494288033,27863,1156,0.04148871262965223,19880,798,0.04014084507042254,1078,181,0.1679035250463822,522,BBH,0.5,discovery,validation
0.8767079465008896,27869,1717,0.061609673831138544,19891,1272,0.0639485194308984,1079,435,0.4031510658016682,523,BBH,0.5,discovery,validation
0.9063428731983943,27860,1300,0.046661880832735106,19882,957,0.048133990544210845,1072,263,0.2453358208955224,524,BBH,0.5,discovery,validation
0.918531279603506,27864,1132,0.040625897215044504,19883,768,0.038625961876980336,1077,296,0.2748375116063138,525,BBH,0.5,discovery,validation
0.8885948222499198,27866,1547,0.055515682193353906,19888,1188,0.059734513274336286,1080,443,0.4101851851851852,526,BBH,0.5,discovery,validation
0.8969007809863093,27870,1433,0.0514172945819878,19885,955,0.048026150364596426,1078,276,0.2560296846011132,527,BBH,0.5,discovery,validation
0.8894930124232208,27868,1536,0.055116980048801494,19888,1104,0.05551086082059534,1081,406,0.3755781683626272,528,BBH,0.5,discovery,validation
0.9248131437047956,27867,1044,0.037463666702551406,19888,774,0.03891794046661303,1078,157,0.1456400742115028,529,BBH,0.5,discovery,validation
0.9032927852505032,27864,1341,0.0481266149870801,19883,986,0.04959010209726902,1075,296,0.2753488372093023,530,BBH,0.5,discovery,validation
0.8639445330813461,27864,1891,0.06786534596612116,19882,1333,0.06704556885625189,1079,305,0.28266913809082483,531,BBH,0.5,discovery,validation
0.8929511084390332,27862,1488,0.05340607278730888,19884,1101,0.055371152685576346,1077,292,0.2711234911792015,532,BBH,0.5,discovery,validation
0.8583844655431088,27872,1968,0.07060849598163031,19886,1443,0.0725636125917731,1078,394,0.3654916512059369,533,BBH,0.5,discovery,validation
0.9199485299920185,27867,1109,0.03979617468690566,19883,818,0.04114067293667958,1078,192,0.17810760667903525,534,BBH,0.5,discovery,validation
0.8913572987457188,27861,1509,0.054161731452568106,19879,1026,0.05161225413753207,1075,347,0.3227906976744186,535,BBH,0.5,discovery,validation
0.8912736827697425,27864,1511,0.05422767728969279,19883,1115,0.05607805663129307,1077,341,0.3166202414113278,536,BBH,0.5,discovery,validation
0.8691780024732002,27861,1817,0.0652166110333441,19881,1330,0.06689804335797998,1077,460,0.4271123491179202,537,BBH,0.5,discovery,validation
0.8678469380538605,27873,1837,0.06590607397840204,19888,1328,0.0667739340305712,1081,332,0.3071230342275671,538,BBH,0.5,discovery,validation
0.8989483939873789,27865,1403,0.05034990130988695,19885,1001,0.05033945184812673,1075,389,0.36186046511627906,539,BBH,0.5,discovery,validation
0.8579756932608307,27873,1976,0.070892978868439,19887,1433,0.07205712274350078,1078,421,0.39053803339517623,540,BBH,0.5,discovery,validation
0.8669385482101385,27867,1846,0.06624322675566081,19886,1268,0.0637634516745449,1077,340,0.31569173630454966,541,BBH,0.5,discovery,validation
0.856810760689613,27872,1991,0.07143369690011481,19888,1528,0.07683024939662107,1082,442,0.40850277264325324,542,BBH,0.5,discovery,validation
0.9199928616344304,27873,1115,0.04000287016108779,19889,813,0.040876866609683746,1080,184,0.17037037037037037,543,BBH,0.5,discovery,validation
0.9158126836679621,27864,1170,0.04198966408268734,19886,792,0.0398270139796842,1079,232,0.21501390176088972,544,BBH,0.5,discovery,validation
0.9022266264019349,27868,1361,0.04883737620209559,19886,897,0.04510711053002112,1077,255,0.23676880222841226,545,BBH,0.5,discovery,validation
0.8744903342988964,27869,1744,0.06257849223151171,19888,1228,0.06174577634754626,1080,462,0.42777777777777776,546,BBH,0.5,discovery,validation
0.8385054876136103,27862,2248,0.08068336802813868,19883,1568,0.07886133883216818,1079,437,0.40500463392029656,547,BBH,0.5,discovery,validation
0.8896720313231052,27859,1535,0.055098890843174556,19879,1021,0.05136073243120881,1077,362,0.3361188486536676,548,BBH,0.5,discovery,validation
0.8715280144084927,27864,1788,0.06416881998277348,19889,1275,0.06410578711850771,1082,348,0.32162661737523107,549,BBH,0.5,discovery,validation
0.9223478363354592,27869,1079,0.03871685385195019,19888,793,0.03987329042638777,1080,262,0.24259259259259258,550,BBH,0.5,discovery,validation
0.9036377663668246,27867,1337,0.04797789500125597,19891,973,0.04891659544517621,1083,295,0.2723915050784857,551,BBH,0.5,discovery,validation
0.8853274936689077,27860,1594,0.057214644651830585,19882,1117,0.05618147067699426,1074,350,0.3258845437616387,552,BBH,0.5,discovery,validation
0.8824308166995817,27869,1631,0.058523807815135095,19883,1200,0.06035306543278177,1076,369,0.3429368029739777,553,BBH,0.5,discovery,validation
0.9195328820548642,27864,1118,0.040123456790123455,19885,779,0.03917525773195876,1076,178,0.1654275092936803,554,BBH,0.5,discovery,validation
0.9022013314033487,27874,1362,0.04886273947047428,19890,985,0.049522373051784814,1078,299,0.27736549165120594,555,BBH,0.5,discovery,validation
0.9101152012857547,27869,1249,0.04481682155800352,19886,856,0.043045358543699085,1076,240,0.22304832713754646,556,BBH,0.5,discovery,validation
0.9309512564483803,27870,960,0.03444564047362755,19890,672,0.03378582202111614,1082,186,0.17190388170055454,557,BBH,0.5,discovery,validation
0.8835238180723795,27870,1620,0.0581270182992465,19887,1195,0.06008950570724594,1079,356,0.329935125115848,558,BBH,0.5,discovery,validation
0.9145443312671726,27865,1189,0.04267001614929122,19887,817,0.04108211394378237,1081,283,0.26179463459759483,559,BBH,0.5,discovery,validation
0.9251377355573216,27869,1038,0.037245685169902044,19886,712,0.035804083274665596,1081,240,0.22201665124884365,560,BBH,0.5,discovery,validation
0.9213158344896174,27860,1092,0.03919597989949749,19882,773,0.03887938839150991,1079,157,0.14550509731232622,561,BBH,0.5,discovery,validation
0.9299356371868298,27873,977,0.03505184228464823,19888,687,0.034543443282381334,1080,244,0.22592592592592592,562,BBH,0.5,discovery,validation
0.9222900288580603,27866,1079,0.038721022034019954,19887,760,0.038215919947704534,1080,199,0.18425925925925926,563,BBH,0.5,discovery,validation
0.901563151695199,27867,1369,0.049126206624322676,19885,976,0.0490822227809907,1076,295,0.2741635687732342,564,BBH,0.5,discovery,validation
0.8782329304524286,27863,1685,0.060474464343394464,19887,1190,0.059838085181274196,1080,279,0.25833333333333336,565,BBH,0.5,discovery,validation
0.9033654110534104,27875,1346,0.04828699551569507,19889,933,0.04691035245613153,1082,218,0.20147874306839186,566,BBH,0.5,discovery,validation
0.891698579136429,27871,1506,0.05403465968210685,19891,1107,0.05565331054245639,1081,270,0.24976873265494912,567,BBH,0.5,discovery,validation
0.8844173253959307,27861,1607,0.05767919313736047,19884,1190,0.05984711325688996,1080,446,0.412962962962963,568,BBH,0.5,discovery,validation
0.9020190092082168,27872,1363,0.048902123995407575,19891,999,0.050223719270021616,1081,267,0.24699352451433856,569,BBH,0.5,discovery,validation
0.8788052789061468,27864,1685,0.06047229399942578,19882,1242,0.06246856453073132,1076,374,0.3475836431226766,570,BBH,0.5,discovery,validation
0.8956206192421573,27874,1452,0.05209155485398579,19889,1000,0.05027904872039821,1079,316,0.2928637627432808,571,BBH,0.5,discovery,validation
0.8891750513027024,27870,1543,0.055364190886257623,19888,1039,0.05224255832662912,1080,369,0.3416666666666667,572,BBH,0.5,discovery,validation
0.9085283440988675,27850,1263,0.04535008976660682,19873,928,0.046696522920545463,1073,252,0.23485554520037277,573,BBH,0.5,discovery,validation
0.9018619397170791,27864,1365,0.048987941429801896,19886,990,0.04978376747460525,1078,403,0.3738404452690167,574,BBH,0.5,discovery,validation
0.9192467129481794,27864,1119,0.04015934539190353,19884,840,0.04224502112251056,1077,178,0.16527390900649955,575,BBH,0.5,discovery,validation
0.8917667594221161,27860,1503,0.053948312993539124,19882,1094,0.05502464540790665,1079,429,0.39759036144578314,576,BBH,0.5,discovery,validation
0.8739403170495409,27863,1754,0.0629508667408391,19879,1244,0.06257860053322602,1073,309,0.287977632805219,577,BBH,0.5,discovery,validation
0.8604289663889558,27860,1938,0.06956209619526202,19881,1412,0.07102258437704341,1080,355,0.3287037037037037,578,BBH,0.5,discovery,validation
0.9039758613597929,27866,1334,0.04787195865929807,19888,935,0.04701327433628318,1078,428,0.3970315398886827,579,BBH,0.5,discovery,validation
0.9091982606854708,27866,1261,0.045252278762649825,19883,956,0.04808127546144948,1080,386,0.3574074074074074,580,BBH,0.5,discovery,validation
0.900341564923012,27874,1386,0.049723756906077346,19890,1060,0.053293112116641526,1081,376,0.34782608695652173,581,BBH,0.5,discovery,validation
0.8800615708595553,27865,1668,0.05986003947604522,19884,1140,0.057332528666264336,1079,374,0.34661723818350326,582,BBH,0.5,discovery,validation
0.887255464304678,27867,1567,0.05623138479204794,19887,1174,0.05903353949816463,1080,310,0.28703703703703703,583,BBH,0.5,discovery,validation
0.9309987605073221,27865,956,0.03430827202583887,19884,700,0.0352041842687588,1077,195,0.181058495821727,584,BBH,0.5,discovery,validation
0.8788654207664652,27866,1685,0.06046795377879854,19884,1200,0.060350030175015085,1075,523,0.4865116279069767,585,BBH,0.5,discovery,validation
0.8676120985476973,27872,1842,0.0660878300803674,19889,1272,0.06395494997234652,1080,288,0.26666666666666666,586,BBH,0.5,discovery,validation
0.9142254550358101,27867,1190,0.04270283848279327,19888,859,0.04319187449718423,1078,261,0.24211502782931354,587,BBH,0.5,discovery,validation
0.9076893332100248,27862,1282,0.046012490129926066,19884,907,0.045614564473948904,1077,235,0.2181987000928505,588,BBH,0.5,discovery,validation
0.9009656796420689,27873,1376,0.0493667707100061,19888,982,0.04937650844730491,1078,275,0.25510204081632654,589,BBH,0.5,discovery,validation
0.9133793591548774,27875,1207,0.04330044843049327,19891,908,0.04564878588306269,1079,298,0.2761816496756256,590,BBH,0.5,discovery,validation
0.8879907321223611,27868,1555,0.05579876560930099,19889,1156,0.05812258032078033,1081,301,0.2784458834412581,591,BBH,0.5,discovery,validation
0.8857214596983957,27869,1589,0.05701675697011016,19889,1124,0.05651365076172759,1078,402,0.37291280148423006,592,BBH,0.5,discovery,validation
0.9183224867682872,27868,1136,0.040763599827759435,19886,858,0.04314593181132455,1083,145,0.13388734995383195,593,BBH,0.5,discovery,validation
0.8534073162723956,27863,2036,0.07307181566952589,19883,1432,0.07202132474978624,1077,335,0.3110492107706592,594,BBH,0.5,discovery,validation
0.8934549499082418,27873,1484,0.05324148817852402,19888,1162,0.0584271922767498,1080,343,0.3175925925925926,595,BBH,0.5,discovery,validation
0.9001001784380436,27869,1391,0.04991208870070688,19888,1043,0.05244368463395012,1078,284,0.2634508348794063,596,BBH,0.5,discovery,validation
0.8686367201156587,27859,1826,0.06554434832549624,19881,1315,0.0661435541471757,1078,332,0.3079777365491651,597,BBH,0.5,discovery,validation
0.8748927677745971,27857,1733,0.062210575438848406,19873,1246,0.06269813314547376,1074,375,0.34916201117318435,598,BBH,0.5,discovery,validation
0.902486196178743,27863,1352,0.048523131033987726,19881,943,0.047432221719229416,1073,253,0.23578751164958062,599,BBH,0.5,discovery,validation
0.8817554478942035,27871,1647,0.05909368160453518,19890,1121,0.056359979889391655,1083,367,0.33887349953831947,600,BBH,0.5,discovery,validation
0.9193606070819015,27881,1123,0.04027832574154442,19894,822,0.04131899065044737,1083,258,0.23822714681440443,601,BBH,0.5,discovery,validation
0.915213644920899,27870,1179,0.042303552206673846,19885,863,0.043399547397535834,1079,239,0.22150139017608897,602,BBH,0.5,discovery,validation
0.8802932901842023,27873,1665,0.05973522763965128,19891,1136,0.057111256347091646,1080,402,0.37222222222222223,603,BBH,0.5,discovery,validation
0.8766075160521476,27864,1712,0.0614412862474878,19885,1286,0.0646718632134775,1079,385,0.3568118628359592,604,BBH,0.5,discovery,validation
0.887597119673391,27859,1559,0.05596037187264439,19880,1116,0.05613682092555332,1072,345,0.3218283582089552,605,BBH,0.5,discovery,validation
0.9031693127924608,27865,1348,0.04837609904898618,19886,999,0.050236347178919845,1078,413,0.38311688311688313,606,BBH,0.5,discovery,validation
0.9303931417870986,27867,963,0.034557002906663796,19886,673,0.03384290455596902,1080,161,0.14907407407407408,607,BBH,0.5,discovery,validation
0.8741437994583183,27866,1748,0.06272877341563195,19890,1217,0.06118652589240824,1081,301,0.2784458834412581,608,BBH,0.5,discovery,validation
0.9163462700814948,27862,1161,0.04166965759816237,19879,815,0.04099803813069068,1080,297,0.275,609,BBH,0.5,discovery,validation
0.9144339701501133,27863,1183,0.04245773965473926,19886,903,0.04540883033289752,1079,169,0.1566265060240964,610,BBH,0.5,discovery,validation
0.9317332714743544,27866,947,0.03398406660446422,19886,687,0.034546917429347276,1077,236,0.2191272051996286,611,BBH,0.5,discovery,validation
0.905114463685516,27873,1323,0.047465288989344524,19888,946,0.04756637168141593,1079,321,0.2974976830398517,612,BBH,0.5,discovery,validation
0.9310345208797457,27866,958,0.034378812890260534,19885,686,0.03449836560221272,1075,279,0.25953488372093025,613,BBH,0.5,discovery,validation
0.8766163241301388,27868,1712,0.06143246734606,19893,1236,0.062132408384859,1083,428,0.39519852262234534,614,BBH,0.5,discovery,validation
0.8934077698826021,27867,1481,0.05314529730505616,19885,1045,0.052552175006286145,1080,257,0.23796296296296296,615,BBH,0.5,discovery,validation
0.903566227929872,27867,1339,0.04804966447769764,19884,947,0.047626232146449406,1075,301,0.28,616,BBH,0.5,discovery,validation
0.9280796233211391,27862,999,0.03585528677051181,19884,733,0.03686381009857172,1078,213,0.19758812615955473,617,BBH,0.5,discovery,validation
0.8784161279355404,27865,1689,0.060613673066570964,19887,1210,0.06084376728516116,1080,479,0.44351851851851853,618,BBH,0.5,discovery,validation
0.9213077602941179,27867,1093,0.03922201887537231,19886,789,0.039676154078246005,1080,185,0.1712962962962963,619,BBH,0.5,discovery,validation
0.8771999309917032,27865,1709,0.06133141934326216,19883,1154,0.05803953125785847,1075,374,0.347906976744186,620,BBH,0.5,discovery,validation
0.9047568098886671,27873,1326,0.04757292003013669,19889,1009,0.05073156015888179,1078,231,0.21428571428571427,621,BBH,0.5,discovery,validation
0.9011016807228147,27869,1376,0.049373856256055115,19885,996,0.050088006034699525,1078,336,0.3116883116883117,622,BBH,0.5,discovery,validation
0.9007510873639595,27873,1381,0.04954615577799304,19889,1027,0.05163658303584896,1080,385,0.35648148148148145,623,BBH,0.5,discovery,validation
0.8808885434158964,27867,1654,0.059353357017260557,19890,1212,0.06093514328808446,1080,491,0.4546296296296296,624,BBH,0.5,discovery,validation
0.9209034674501652,27872,1098,0.03939437428243398,19890,819,0.041176470588235294,1082,162,0.14972273567467653,625,BBH,0.5,discovery,validation
0.865804632274797,27864,1865,0.06693224231983921,19881,1294,0.06508726925204969,1077,327,0.30362116991643456,626,BBH,0.5,discovery,validation
0.9142121605509683,27870,1193,0.04280588446358091,19885,854,0.04294694493336686,1075,304,0.2827906976744186,627,BBH,0.5,discovery,validation
0.9016417103786546,27871,1370,0.04915503570019016,19887,999,0.05023382108915372,1079,329,0.3049119555143652,628,BBH,0.5,discovery,validation
0.9001913793719393,27870,1390,0.049874416935773234,19888,968,0.048672566371681415,1081,163,0.150786308973173,629,BBH,0.5,discovery,validation
0.8883126064491546,27859,1547,0.055529631357909476,19883,1101,0.055373937534577276,1080,261,0.24166666666666667,630,BBH,0.5,discovery,validation
0.8743807418884534,27860,1746,0.06267049533381192,19879,1269,0.06383620906484229,1076,404,0.3754646840148699,631,BBH,0.5,discovery,validation
0.8821278496516707,27861,1637,0.05875596712250099,19886,1125,0.056572463039324145,1078,360,0.3339517625231911,632,BBH,0.5,discovery,validation
0.9119035982228462,27869,1224,0.04391976748358391,19889,859,0.04318970285082206,1079,327,0.3030583873957368,633,BBH,0.5,discovery,validation
0.8523951703058276,27859,2052,0.07365662801967049,19878,1421,0.07148606499647851,1080,470,0.4351851851851852,634,BBH,0.5,discovery,validation
0.849891835466472,27866,2085,0.07482236417139165,19884,1548,0.07785153892576946,1077,476,0.44196843082636955,635,BBH,0.5,discovery,validation
0.9191422813192955,27866,1123,0.040300007177205194,19884,752,0.03781935224300945,1080,244,0.22592592592592592,636,BBH,0.5,discovery,validation
0.9108826224211732,27868,1240,0.04449547868523037,19887,927,0.04661336551516066,1081,321,0.2969472710453284,637,BBH,0.5,discovery,validation
0.9072862266514073,27867,1288,0.046219542828435066,19885,969,0.04873019864219261,1079,230,0.21316033364226136,638,BBH,0.5,discovery,validation
0.8691873393617174,27865,1821,0.06535079849273281,19890,1207,0.06068376068376068,1082,262,0.24214417744916822,639,BBH,0.5,discovery,validation
0.9013681805157295,27868,1370,0.049160327257069036,19886,1039,0.05224781253142915,1080,219,0.20277777777777778,640,BBH,0.5,discovery,validation
0.8787423903073182,27867,1687,0.060537553378548103,19886,1228,0.0617519863220356,1080,278,0.2574074074074074,641,BBH,0.5,discovery,validation
0.9051009197032608,27865,1320,0.04737125426161852,19887,959,0.04822245688137979,1078,285,0.26437847866419295,642,BBH,0.5,discovery,validation
0.9047959750679058,27875,1324,0.047497757847533635,19891,942,0.04735810165401438,1083,270,0.24930747922437674,643,BBH,0.5,discovery,validation
0.9104013447956893,27869,1244,0.044637410743119596,19891,915,0.04600070383590569,1080,364,0.337037037037037,644,BBH,0.5,discovery,validation
0.9264253813520273,27869,1024,0.036743334888227064,19887,759,0.03816563584251018,1081,195,0.18038852913968548,645,BBH,0.5,discovery,validation
0.8810977182790463,27856,1652,0.0593049971280873,19874,1151,0.05791486364093791,1074,248,0.2309124767225326,646,BBH,0.5,discovery,validation
0.9001055921217431,27862,1388,0.04981695499246285,19883,993,0.04994216164562692,1077,364,0.33797585886722376,647,BBH,0.5,discovery,validation
0.9120014892218103,27863,1221,0.043821555467824715,19888,857,0.04309131134352373,1080,350,0.32407407407407407,648,BBH,0.5,discovery,validation
0.8764507185986864,27874,1719,0.06167037382506996,19889,1296,0.06516164714163608,1079,326,0.30213160333642264,649,BBH,0.5,discovery,validation
0.8995332334271264,27862,1398,0.05017586677194746,19885,985,0.04953482524515967,1078,389,0.3608534322820037,650,BBH,0.5,discovery,validation
0.8966541062985725,27872,1436,0.05152123995407577,19890,1028,0.05168426344896933,1080,377,0.3490740740740741,651,BBH,0.5,discovery,validation
0.8757779800936022,27870,1730,0.06207391460351633,19885,1189,0.05979381443298969,1081,345,0.3191489361702128,652,BBH,0.5,discovery,validation
0.8867304607705468,27855,1575,0.05654281098546042,19879,1143,0.05749786206549625,1077,303,0.28133704735376047,653,BBH,0.5,discovery,validation
0.8694315022954984,27870,1815,0.0651237890204521,19886,1378,0.06929498139394549,1080,459,0.425,654,BBH,0.5,discovery,validation
0.9054329762479925,27871,1316,0.047217537942664416,19886,969,0.048727748164537864,1079,436,0.4040778498609824,655,BBH,0.5,discovery,validation
0.8537039373739066,27867,2036,0.0730613270176194,19881,1501,0.07549922036114884,1075,366,0.3404651162790698,656,BBH,0.5,discovery,validation
0.8975767111849887,27868,1421,0.0509903832352519,19884,1052,0.052906859786763225,1078,270,0.2504638218923933,657,BBH,0.5,discovery,validation
0.8908720502426525,27869,1514,0.05432559474685134,19886,1144,0.05752790908176607,1079,288,0.2669138090824838,658,BBH,0.5,discovery,validation
0.9056995434065579,27870,1312,0.04707570864729099,19886,936,0.04706828924871769,1080,387,0.35833333333333334,659,BBH,0.5,discovery,validation
0.8997353449510382,27865,1394,0.05002691548537592,19885,1035,0.05204928337943173,1078,412,0.3821892393320965,660,BBH,0.5,discovery,validation
0.8766276030181328,27865,1716,0.06158263054010407,19881,1173,0.059001056284895124,1080,315,0.2916666666666667,661,BBH,0.5,discovery,validation
0.89197700114355,27867,1501,0.053862992069472856,19880,1132,0.05694164989939638,1074,325,0.3026070763500931,662,BBH,0.5,discovery,validation
0.9213849062265271,27872,1092,0.03917910447761194,19889,775,0.03896626275830861,1082,216,0.19963031423290203,663,BBH,0.5,discovery,validation
0.8820731373121635,27869,1637,0.0587391007929958,19887,1106,0.055614220344948964,1081,287,0.26549491211840887,664,BBH,0.5,discovery,validation
0.9180228402669257,27871,1141,0.04093861002475692,19886,817,0.041084179825002516,1079,252,0.23354958294717332,665,BBH,0.5,discovery,validation
0.8929070008239339,27867,1488,0.053396490472602004,19880,1155,0.058098591549295774,1076,338,0.3141263940520446,666,BBH,0.5,discovery,validation
0.8700971688750688,27864,1804,0.06474303761125466,19881,1266,0.0636788893918817,1076,308,0.2862453531598513,667,BBH,0.5,discovery,validation
0.9003666603151564,27869,1386,0.04973267788582296,19886,963,0.04842602836166147,1082,316,0.2920517560073937,668,BBH,0.5,discovery,validation
0.8857730802496636,27868,1589,0.057018802928089564,19889,1282,0.06445774045955051,1081,332,0.3071230342275671,669,BBH,0.5,discovery,validation
0.877852520540628,27869,1701,0.06103555922350999,19885,1280,0.06437012823736485,1079,333,0.3086190917516219,670,BBH,0.5,discovery,validation
0.8845768930240913,27869,1606,0.05762675374071549,19887,1171,0.058882687182581585,1078,416,0.38589981447124305,671,BBH,0.5,discovery,validation
0.8687566111684215,27872,1824,0.06544202066590127,19885,1324,0.06658285139552426,1082,366,0.33826247689463956,672,BBH,0.5,discovery,validation
0.920779699987498,27873,1099,0.03942883794352958,19890,827,0.04157868275515334,1080,234,0.21666666666666667,673,BBH,0.5,discovery,validation
0.9039562637561201,27865,1334,0.04787367665530235,19885,948,0.04767412622579834,1079,173,0.1603336422613531,674,BBH,0.5,discovery,validation
0.8919649006189377,27870,1501,0.05385719411553642,19889,1124,0.05651365076172759,1081,332,0.3071230342275671,675,BBH,0.5,discovery,validation
0.8712308544272946,27867,1791,0.06426956615351491,19885,1322,0.06648227307015338,1079,297,0.2752548656163114,676,BBH,0.5,discovery,validation
0.9159483740365332,27871,1168,0.041907358903519785,19888,861,0.04329243765084473,1079,234,0.21686746987951808,677,BBH,0.5,discovery,validation
0.879990029862859,27865,1668,0.05986003947604522,19888,1129,0.05676790024135157,1078,468,0.43413729128014844,678,BBH,0.5,discovery,validation
0.9201381464333312,27862,1110,0.039839207522790895,19883,858,0.043152441784438965,1080,251,0.2324074074074074,679,BBH,0.5,discovery,validation
0.874776477808831,27869,1739,0.0623990814166278,19890,1299,0.06530920060331825,1082,497,0.45933456561922364,680,BBH,0.5,discovery,validation
0.8586710455206855,27858,1962,0.07042860219685548,19879,1361,0.0684642084611902,1078,344,0.31910946196660483,681,BBH,0.5,discovery,validation
0.887704583493626,27868,1562,0.056049949763169224,19887,1073,0.053954844873535475,1081,333,0.3080481036077706,682,BBH,0.5,discovery,validation
0.9105313218248526,27872,1246,0.044704362801377726,19887,913,0.04590938804243978,1079,324,0.3002780352177943,683,BBH,0.5,discovery,validation
0.9225294393191574,27872,1079,0.03871268656716418,19890,795,0.03996983408748114,1081,153,0.14153561517113783,684,BBH,0.5,discovery,validation
0.8808485218232146,27865,1656,0.059429391710030505,19882,1159,0.05829393421184991,1078,482,0.44712430426716143,685,BBH,0.5,discovery,validation
0.87126202826591,27865,1788,0.06416651713619236,19886,1322,0.06647892990043247,1080,451,0.41759259259259257,686,BBH,0.5,discovery,validation
0.899248941417194,27873,1400,0.050227819036343414,19889,937,0.04711146865101312,1079,297,0.2752548656163114,687,BBH,0.5,discovery,validation
0.9056280088087056,27870,1311,0.04703982777179763,19884,890,0.04475960571313619,1079,323,0.29935125115848005,688,BBH,0.5,discovery,validation
0.9093413401190509,27866,1260,0.04521639273666834,19883,890,0.044761856862646485,1077,201,0.18662952646239556,689,BBH,0.5,discovery,validation
0.8884239079483857,27861,1546,0.05548975270090808,19881,1167,0.058699260600573414,1081,287,0.26549491211840887,690,BBH,0.5,discovery,validation
0.9331449904082112,27865,927,0.033267539924636644,19889,693,0.03484338076323596,1080,226,0.20925925925925926,691,BBH,0.5,discovery,validation
0.9009711932546084,27866,1376,0.04937917175052035,19886,1027,0.051644372925676356,1080,360,0.3333333333333333,692,BBH,0.5,discovery,validation
0.8916952120248584,27860,1502,0.053912419239052406,19881,1078,0.054222624616467985,1080,327,0.30277777777777776,693,BBH,0.5,discovery,validation
0.9043795664884605,27872,1331,0.04775401836969001,19890,907,0.045600804424333834,1082,303,0.2800369685767098,694,BBH,0.5,discovery,validation
0.8846800805743843,27867,1601,0.05745146589155632,19886,1151,0.05787991551845519,1081,366,0.3385753931544866,695,BBH,0.5,discovery,validation
0.9035132631424023,27857,1336,0.047959220303693866,19878,1002,0.0504074856625415,1076,272,0.2527881040892193,696,BBH,0.5,discovery,validation
0.8777722589652737,27865,1694,0.06079310963574376,19889,1233,0.06199406707225099,1080,319,0.2953703703703704,697,BBH,0.5,discovery,validation
0.8875894276399198,27873,1563,0.05607577225271768,19890,1157,0.05816993464052288,1082,398,0.3678373382624769,698,BBH,0.5,discovery,validation
0.8996691714338055,27858,1394,0.050039485964534426,19882,994,0.04999497032491701,1075,337,0.31348837209302327,699,BBH,0.5,discovery,validation
0.8787223413328851,27867,1686,0.06050166864032727,19886,1254,0.06305943880116666,1079,424,0.39295644114921224,700,BBH,0.5,discovery,validation
0.9106159524281404,27869,1243,0.04460152858014281,19887,855,0.0429929099411676,1079,245,0.22706209453197404,701,BBH,0.5,discovery,validation
0.9000018405236282,27864,1388,0.04981337927074361,19885,954,0.04797586120191099,1081,364,0.3367252543940796,702,BBH,0.5,discovery,validation
0.8723332075287056,27872,1777,0.06375574052812859,19890,1192,0.059929612870789344,1079,416,0.3855421686746988,703,BBH,0.5,discovery,validation
0.9063624284627221,27860,1301,0.046697774587221824,19882,901,0.045317372497736645,1078,211,0.19573283858998144,704,BBH,0.5,discovery,validation
0.9126578413952212,27871,1214,0.0435578199562269,19887,883,0.04440086488660934,1079,230,0.21316033364226136,705,BBH,0.5,discovery,validation
0.8641794695929762,27865,1886,0.06768347389197918,19883,1264,0.0635718955891968,1076,293,0.27230483271375466,706,BBH,0.5,discovery,validation
0.914621961567225,27869,1187,0.042592127453442895,19888,865,0.043493563958165726,1082,313,0.28927911275415896,707,BBH,0.5,discovery,validation
0.8713023928642473,27867,1786,0.06409014246241074,19889,1296,0.06516164714163608,1080,354,0.3277777777777778,708,BBH,0.5,discovery,validation
0.8922708456827443,27871,1497,0.05371174338918589,19886,1082,0.05441013778537665,1080,406,0.37592592592592594,709,BBH,0.5,discovery,validation
0.9111819044224464,27865,1232,0.044213170644177284,19886,842,0.04234134567032083,1080,231,0.21388888888888888,710,BBH,0.5,discovery,validation
0.9066490426589122,27871,1299,0.04660758494492483,19889,961,0.04831816582030268,1079,289,0.267840593141798,711,BBH,0.5,discovery,validation
0.8636266232510434,27873,1900,0.0681663258350375,19891,1309,0.06580865718163993,1081,490,0.4532839962997225,712,BBH,0.5,discovery,validation
0.900288009630313,27864,1384,0.04966982486362331,19883,1029,0.05175275360861037,1077,255,0.23676880222841226,713,BBH,0.5,discovery,validation
0.9009318901203537,27864,1375,0.04934682744760264,19883,970,0.04878539455816527,1081,357,0.33024976873265494,714,BBH,0.5,discovery,validation
0.9256278887926105,27861,1028,0.03689745522414845,19879,710,0.03571608229790231,1075,218,0.2027906976744186,715,BBH,0.5,discovery,validation
0.9016865904225094,27866,1368,0.04909208354266849,19889,964,0.04846900296646387,1082,194,0.17929759704251386,716,BBH,0.5,discovery,validation
0.9162553474645462,27861,1162,0.04170704569110944,19879,842,0.04235625534483626,1072,246,0.2294776119402985,717,BBH,0.5,discovery,validation
0.9102321183229879,27875,1249,0.044807174887892376,19893,910,0.045744734328658325,1081,393,0.3635522664199815,718,BBH,0.5,discovery,validation
0.8710566121796811,27869,1792,0.06430083605439736,19889,1213,0.06098848609784303,1080,347,0.3212962962962963,719,BBH,0.5,discovery,validation
0.892564652743971,27875,1494,0.05359641255605381,19891,1120,0.056306872454879094,1080,311,0.287962962962963,720,BBH,0.5,discovery,validation
0.8986871646977251,27859,1404,0.050396640223985066,19882,1005,0.05054823458404587,1075,395,0.3674418604651163,721,BBH,0.5,discovery,validation
0.9196759666082067,27864,1117,0.04008756818834338,19883,750,0.03772066589548861,1082,170,0.15711645101663585,722,BBH,0.5,discovery,validation
0.8759925877260532,27870,1725,0.06189451022604951,19889,1234,0.06204434612097139,1081,308,0.2849213691026827,723,BBH,0.5,discovery,validation
0.8702293163099583,27867,1805,0.0647719524886066,19885,1216,0.061151621825496605,1078,392,0.36363636363636365,724,BBH,0.5,discovery,validation
0.8879429584984329,27862,1555,0.05581078170985572,19883,1058,0.05321128602323593,1081,245,0.22664199814986125,725,BBH,0.5,discovery,validation
0.9242739068178697,27865,1053,0.037789341467791136,19888,752,0.03781174577634755,1082,119,0.1099815157116451,726,BBH,0.5,discovery,validation
0.8843739789593036,27866,1605,0.05759707170027991,19883,1141,0.05738570638233667,1076,316,0.2936802973977695,727,BBH,0.5,discovery,validation
0.9109998794278032,27863,1236,0.04435990381509529,19882,862,0.04335579921537069,1079,219,0.20296570898980537,728,BBH,0.5,discovery,validation
0.9242600708145416,27868,1051,0.037713506530788,19884,780,0.03922751961375981,1077,158,0.1467038068709378,729,BBH,0.5,discovery,validation
0.9022336053246027,27872,1360,0.04879448909299656,19888,979,0.04922566371681416,1082,297,0.2744916820702403,730,BBH,0.5,discovery,validation
0.8904626740640418,27870,1521,0.05457481162540366,19888,1069,0.053751005631536605,1080,292,0.27037037037037037,731,BBH,0.5,discovery,validation
0.8765246987617874,27867,1709,0.06132701761940647,19888,1188,0.059734513274336286,1082,347,0.32070240295748614,732,BBH,0.5,discovery,validation
0.9014593601102331,27869,1371,0.04919444544117119,19889,1042,0.05239076876665494,1080,472,0.43703703703703706,733,BBH,0.5,discovery,validation
0.9068440969721928,27870,1297,0.046537495514890566,19887,1004,0.05048524161512546,1078,324,0.300556586270872,734,BBH,0.5,discovery,validation
0.8694641869412327,27861,1814,0.06510893363483004,19883,1320,0.06638837197605996,1077,303,0.28133704735376047,735,BBH,0.5,discovery,validation
0.912775246524976,27866,1212,0.043493863489557166,19883,870,0.043755972438766784,1080,170,0.1574074074074074,736,BBH,0.5,discovery,validation
0.9233355567692041,27872,1068,0.038318025258323764,19889,795,0.039971843732716575,1081,238,0.22016651248843663,737,BBH,0.5,discovery,validation
0.9072342274048001,27868,1291,0.046325534663413236,19885,943,0.04742268041237113,1077,376,0.3491179201485608,738,BBH,0.5,discovery,validation
0.9297210449087204,27873,977,0.03505184228464823,19889,714,0.03589924078636432,1079,294,0.27247451343836887,739,BBH,0.5,discovery,validation
0.8614917381811671,27863,1924,0.06905214800990561,19881,1377,0.06926210955183341,1077,333,0.30919220055710306,740,BBH,0.5,discovery,validation
0.9282469886785206,27867,997,0.035777084006172175,19888,768,0.038616251005631534,1079,234,0.21686746987951808,741,BBH,0.5,discovery,validation
0.9211839648057559,27868,1092,0.03918472800344481,19886,826,0.04153675952931711,1080,311,0.287962962962963,742,BBH,0.5,discovery,validation
0.886591710179797,27866,1575,0.05652049092083543,19885,1055,0.05305506663314056,1079,467,0.432808155699722,743,BBH,0.5,discovery,validation
0.8594681248039505,27862,1950,0.06998779699949752,19885,1306,0.06567764646718632,1078,317,0.2940630797773655,744,BBH,0.5,discovery,validation
0.9222955701082656,27870,1082,0.03882310728381772,19887,766,0.03851762457887062,1078,234,0.21706864564007422,745,BBH,0.5,discovery,validation
0.861338190152889,27866,1922,0.06897294193640996,19884,1371,0.06894990947495473,1079,394,0.36515291936978683,746,BBH,0.5,discovery,validation
0.8925735827348569,27861,1490,0.053479774595312446,19882,1060,0.053314555879690174,1076,422,0.39219330855018586,747,BBH,0.5,discovery,validation
0.8941156000431124,27863,1470,0.05275813803251624,19889,1170,0.058826487002865906,1080,342,0.31666666666666665,748,BBH,0.5,discovery,validation
0.8987606874148956,27870,1406,0.05044851094366703,19888,1005,0.050532984714400646,1079,309,0.28637627432808155,749,BBH,0.5,discovery,validation
0.9236685287135539,27867,1062,0.03810959199052643,19882,737,0.03706870536163364,1080,206,0.19074074074074074,750,BBH,0.5,discovery,validation
0.9055301656834387,27865,1313,0.0471200430647766,19886,1080,0.05430956451775118,1079,347,0.3215940685820204,751,BBH,0.5,discovery,validation
0.9062131500971183,27867,1304,0.04679369863996842,19886,938,0.047168862516343155,1078,310,0.287569573283859,752,BBH,0.5,discovery,validation
0.9210875209245888,27864,1091,0.039154464542061444,19883,798,0.04013478851279988,1078,154,0.14285714285714285,753,BBH,0.5,discovery,validation
0.9160526791168978,27869,1168,0.04191036635688399,19884,841,0.042295312814323076,1076,357,0.33178438661710036,754,BBH,0.5,discovery,validation
0.9165206405828484,27871,1160,0.04162032219870116,19891,828,0.0416268664219999,1079,373,0.3456904541241891,755,BBH,0.5,discovery,validation
0.8994169985866209,27867,1398,0.05016686403272688,19882,1007,0.050648828085705665,1077,376,0.3491179201485608,756,BBH,0.5,discovery,validation
0.887378647064488,27866,1566,0.05619751668700208,19886,1088,0.05471185758825304,1082,316,0.2920517560073937,757,BBH,0.5,discovery,validation
0.8891472774399856,27866,1541,0.055300366037465014,19884,1055,0.053057734862200764,1079,310,0.2873030583873957,758,BBH,0.5,discovery,validation
0.8881774848357845,27863,1551,0.05566521910777734,19887,1157,0.058178709709860714,1079,351,0.3253012048192771,759,BBH,0.5,discovery,validation
0.8995922629576456,27865,1395,0.05006280279921048,19884,993,0.04993964996982499,1080,230,0.21296296296296297,760,BBH,0.5,discovery,validation
0.9155846853379095,27867,1172,0.042056913194818246,19885,823,0.04138798089011818,1078,256,0.23747680890538034,761,BBH,0.5,discovery,validation
0.9121376572132548,27870,1223,0.04388231072838177,19887,815,0.04098154573339367,1079,282,0.26135310472659873,762,BBH,0.5,discovery,validation
0.8720581144644522,27869,1781,0.06390613226165273,19890,1234,0.0620412267471091,1081,445,0.4116558741905643,763,BBH,0.5,discovery,validation
0.8697891752847592,27870,1813,0.06505202726946538,19887,1287,0.06471564338512596,1077,335,0.3110492107706592,764,BBH,0.5,discovery,validation
0.9112077074411763,27870,1235,0.04431288123430212,19888,910,0.04575623491552695,1079,197,0.18257645968489342,765,BBH,0.5,discovery,validation
0.9093998425109182,27869,1262,0.04528328967670171,19889,938,0.04716174769973352,1083,306,0.28254847645429365,766,BBH,0.5,discovery,validation
0.880920062819911,27865,1657,0.059465279023865066,19881,1140,0.0573411800211257,1079,241,0.22335495829471733,767,BBH,0.5,discovery,validation
0.9054201580039315,27874,1315,0.047176580325751595,19888,969,0.048722847948511665,1080,308,0.2851851851851852,768,BBH,0.5,discovery,validation
0.8998980975027567,27866,1392,0.04995334816622407,19889,990,0.049776258233194225,1082,382,0.35304990757855825,769,BBH,0.5,discovery,validation
0.8981956805226236,27874,1415,0.050764152974097726,19890,1008,0.05067873303167421,1080,304,0.2814814814814815,770,BBH,0.5,discovery,validation
0.892465642803903,27870,1497,0.05371367061356297,19886,1117,0.056170169968822285,1079,331,0.30676552363299353,771,BBH,0.5,discovery,validation
0.915116659240743,27865,1172,0.04205993181410372,19884,843,0.0423958961979481,1078,272,0.2523191094619666,772,BBH,0.5,discovery,validation
0.9166965020142508,27869,1158,0.04155154472711615,19889,828,0.041631052340489715,1081,346,0.32007400555041626,773,BBH,0.5,discovery,validation
0.8389877794514663,27868,2238,0.0803071623367303,19885,1623,0.08161931103847121,1078,423,0.39239332096474955,774,BBH,0.5,discovery,validation
0.8894174119120813,27875,1540,0.05524663677130045,19892,1132,0.05690729941685099,1082,376,0.34750462107208874,775,BBH,0.5,discovery,validation
0.8668885267289402,27861,1848,0.06632927748465597,19883,1322,0.06648896041844791,1080,338,0.31296296296296294,776,BBH,0.5,discovery,validation
0.8615528093032593,27866,1923,0.06900882796239144,19884,1326,0.06668678334339168,1076,315,0.29275092936802977,777,BBH,0.5,discovery,validation
0.9032270581887243,27857,1343,0.04821050364360843,19877,946,0.047592695074709465,1076,323,0.30018587360594795,778,BBH,0.5,discovery,validation
0.8877761206508098,27868,1560,0.05597818286206402,19888,1098,0.05520917135961384,1080,450,0.4166666666666667,779,BBH,0.5,discovery,validation
0.9049254582319715,27867,1319,0.04733196971328094,19882,885,0.04451262448445831,1078,200,0.18552875695732837,780,BBH,0.5,discovery,validation
0.9322197874282031,27869,940,0.03372923319817719,19886,682,0.034295484260283615,1079,158,0.1464318813716404,781,BBH,0.5,discovery,validation
0.9247000412194142,27876,1049,0.03763093700674415,19889,764,0.038413193222384234,1081,266,0.24606845513413506,782,BBH,0.5,discovery,validation
0.9362257965672875,27869,887,0.03182747856040762,19888,601,0.030219227674979886,1081,175,0.16188714153561518,783,BBH,0.5,discovery,validation
0.8974015300557039,27870,1424,0.05109436670254754,19889,1049,0.052742722107697725,1079,368,0.3410565338276182,784,BBH,0.5,discovery,validation
0.8927364739285519,27862,1488,0.05340607278730888,19884,1078,0.05421444377388855,1076,319,0.29646840148698883,785,BBH,0.5,discovery,validation
0.8928431122290593,27871,1490,0.05346058627246959,19888,1120,0.05631536604987932,1079,266,0.24652455977757182,786,BBH,0.5,discovery,validation
0.9168395737692181,27869,1155,0.0414438982381858,19888,806,0.040526950925181014,1082,133,0.12292051756007394,787,BBH,0.5,discovery,validation
0.9099851975701618,27866,1250,0.044857532476853514,19884,907,0.045614564473948904,1078,345,0.3200371057513915,788,BBH,0.5,discovery,validation
0.8359324893838066,27869,2285,0.08199074240195199,19885,1593,0.08011063615790798,1080,450,0.4166666666666667,789,BBH,0.5,discovery,validation
0.8560749866283114,27871,2003,0.07186681496896416,19890,1350,0.06787330316742081,1081,290,0.2682701202590194,790,BBH,0.5,discovery,validation
0.8702402534284112,27864,1801,0.06463537180591444,19887,1282,0.06446422285915422,1079,348,0.32252085264133457,791,BBH,0.5,discovery,validation
0.9093674191475527,27860,1257,0.04511844938980617,19879,936,0.047084863423713465,1070,336,0.31401869158878504,792,BBH,0.5,discovery,validation
0.8827569143502549,27871,1631,0.058519608194897925,19885,1230,0.061855670103092786,1078,311,0.2884972170686456,793,BBH,0.5,discovery,validation
0.8904392268565062,27858,1522,0.054634216383085646,19884,1078,0.05421444377388855,1076,317,0.29460966542750927,794,BBH,0.5,discovery,validation
0.8769853080016143,27865,1706,0.06122375740175848,19888,1255,0.063103378921963,1083,465,0.4293628808864266,795,BBH,0.5,discovery,validation
0.9203641359662564,27870,1109,0.0397918909221385,19891,822,0.04132522246242019,1082,235,0.21719038817005545,796,BBH,0.5,discovery,validation
0.8961213256022479,27874,1445,0.05184042476860157,19889,1025,0.05153602493840816,1078,411,0.3812615955473098,797,BBH,0.5,discovery,validation
0.9079559978916036,27861,1273,0.045691109436129355,19882,909,0.04571974650437582,1075,271,0.25209302325581395,798,BBH,0.5,discovery,validation
0.9182954644062626,27874,1137,0.040790701011695484,19888,785,0.039471037811745775,1081,250,0.23126734505087881,799,BBH,0.5,discovery,validation
0.9170541814016689,27869,1151,0.04130036958627866,19885,838,0.042142318330399796,1078,242,0.22448979591836735,800,BBH,0.5,discovery,validation
0.872571897382358,27859,1770,0.06353422592339998,19883,1276,0.06417542624352462,1081,376,0.34782608695652173,801,BBH,0.5,discovery,validation
0.9063495482413418,27863,1300,0.04665685676344974,19885,933,0.04691978878551672,1079,341,0.3160333642261353,802,BBH,0.5,discovery,validation
0.8943575391117181,27868,1472,0.05282043921343477,19887,1148,0.057726152763111584,1079,396,0.3670064874884152,803,BBH,0.5,discovery,validation
0.8817470046593276,27867,1645,0.059030394373273044,19889,1179,0.05927899844134949,1078,348,0.3228200371057514,804,BBH,0.5,discovery,validation
0.8856218429127181,27864,1587,0.05695521102497847,19883,1167,0.058693356133380274,1078,353,0.3274582560296846,805,BBH,0.5,discovery,validation
0.8785218275970548,27856,1686,0.0605255600229753,19883,1273,0.06402454357994267,1077,373,0.3463324048282266,806,BBH,0.5,discovery,validation
0.8982081111007638,27871,1418,0.05087725592910193,19890,1047,0.0526395173453997,1079,338,0.3132530120481928,807,BBH,0.5,discovery,validation
0.9249615721409968,27871,1044,0.03745828997883104,19886,739,0.03716182238760937,1077,219,0.20334261838440112,808,BBH,0.5,discovery,validation
0.9011072198373226,27862,1373,0.04927858732323595,19879,985,0.04954977614568137,1074,327,0.30446927374301674,809,BBH,0.5,discovery,validation
0.9111035781352148,27872,1239,0.04445321469575201,19888,871,0.04379525341914722,1083,183,0.16897506925207756,810,BBH,0.5,discovery,validation
0.901393399184631,27862,1371,0.04920680496733903,19885,987,0.04963540357053055,1079,243,0.22520852641334568,811,BBH,0.5,discovery,validation
0.8979095626025717,27874,1420,0.05094353160651503,19890,989,0.04972347913524384,1079,347,0.3215940685820204,812,BBH,0.5,discovery,validation
0.9205481144850336,27861,1100,0.039481712788485696,19882,794,0.039935620158937736,1078,223,0.20686456400742115,813,BBH,0.5,discovery,validation
0.9243316079717254,27868,1052,0.03774938998134061,19888,780,0.03921962992759453,1079,299,0.27710843373493976,814,BBH,0.5,discovery,validation
0.9088665755258833,27871,1268,0.04549531771375265,19889,965,0.048519282015184274,1080,286,0.26481481481481484,815,BBH,0.5,discovery,validation
0.9045745764285197,27871,1329,0.04768397258799469,19891,1002,0.05037454124981147,1083,263,0.24284395198522624,816,BBH,0.5,discovery,validation
0.8937334853419986,27869,1478,0.05303383687968711,19889,1106,0.05560862788476042,1080,250,0.23148148148148148,817,BBH,0.5,discovery,validation
0.9046784670739215,27869,1325,0.04754386594423912,19887,975,0.049027002564489365,1079,378,0.35032437442076,818,BBH,0.5,discovery,validation
0.8315149879176694,27863,2345,0.08416179162329972,19886,1572,0.07905058835361561,1079,457,0.4235403151065802,819,BBH,0.5,discovery,validation
0.8815523879758203,27868,1645,0.059028276159035456,19888,1201,0.06038817377312952,1079,385,0.3568118628359592,820,BBH,0.5,discovery,validation
0.9073836289555387,27861,1286,0.04615771149635692,19883,990,0.04979127898204496,1080,329,0.30462962962962964,821,BBH,0.5,discovery,validation
0.914082378161905,27867,1193,0.04281049269745577,19884,890,0.04475960571313619,1081,243,0.2247918593894542,822,BBH,0.5,discovery,validation
0.8994169985866209,27867,1398,0.05016686403272688,19887,1037,0.05214461708653895,1082,247,0.22828096118299446,823,BBH,0.5,discovery,validation
0.9087560196135654,27869,1266,0.04542681832860885,19884,947,0.047626232146449406,1078,237,0.21985157699443414,824,BBH,0.5,discovery,validation
0.9167218158459778,27874,1159,0.041579966994331634,19889,873,0.043893609532907635,1080,250,0.23148148148148148,825,BBH,0.5,discovery,validation
0.8951369657099868,27864,1457,0.052289692793568765,19882,1017,0.05115179559400463,1078,399,0.37012987012987014,826,BBH,0.5,discovery,validation
0.8822162090671308,27869,1637,0.0587391007929958,19887,1133,0.05697189118519636,1078,443,0.4109461966604824,827,BBH,0.5,discovery,validation
0.8901645349772319,27873,1529,0.05485595379040649,19890,1045,0.05253896430367019,1082,426,0.39371534195933455,828,BBH,0.5,discovery,validation
0.862942185184093,27871,1911,0.06856589286354993,19888,1476,0.07421560740144811,1080,309,0.2861111111111111,829,BBH,0.5,discovery,validation
0.9106811174455725,27865,1240,0.04450026915485376,19889,868,0.04364221428930565,1079,230,0.21316033364226136,830,BBH,0.5,discovery,validation
0.8923621839708569,27872,1497,0.053709816303099886,19888,1115,0.056063958165728074,1080,280,0.25925925925925924,831,BBH,0.5,discovery,validation
0.9024539028254978,27865,1352,0.04851964830432442,19887,944,0.04746819530346458,1077,357,0.33147632311977715,832,BBH,0.5,discovery,validation
0.8759346852284462,27859,1723,0.06184715890735489,19889,1239,0.06229574136457338,1081,392,0.36262719703977797,833,BBH,0.5,discovery,validation
0.854081437265786,27854,2027,0.07277231277374883,19879,1421,0.07148246893706926,1077,471,0.4373259052924791,834,BBH,0.5,discovery,validation
0.914726215316969,27867,1185,0.04252341479168909,19886,864,0.043447651614200944,1076,364,0.3382899628252788,835,BBH,0.5,discovery,validation
0.88805037990367,27872,1560,0.055970149253731345,19889,1223,0.06149127658504701,1081,407,0.37650323774283073,836,BBH,0.5,discovery,validation
0.9086910016540051,27873,1271,0.045599684282280346,19890,868,0.043640020110608344,1079,391,0.3623725671918443,837,BBH,0.5,discovery,validation
0.9204436289141558,27863,1101,0.03951476868966012,19881,819,0.04119511090991399,1080,133,0.12314814814814815,838,BBH,0.5,discovery,validation
0.8765648747459223,27869,1716,0.06157379166816176,19888,1241,0.0623994368463395,1079,328,0.303985171455051,839,BBH,0.5,discovery,validation
0.8989556043983051,27869,1407,0.05048620330833543,19888,935,0.04701327433628318,1080,257,0.23796296296296296,840,BBH,0.5,discovery,validation
0.8871957729994842,27864,1569,0.05630921619293712,19884,1177,0.0591933212633273,1077,393,0.3649025069637883,841,BBH,0.5,discovery,validation
0.903981766838375,27859,1334,0.04788398722136473,19878,938,0.04718784585974444,1078,188,0.17439703153988867,842,BBH,0.5,discovery,validation
0.8665796503568992,27874,1855,0.06654947262682069,19890,1274,0.06405228758169934,1081,299,0.2765957446808511,843,BBH,0.5,discovery,validation
0.9219186210705573,27869,1085,0.0389321468298109,19886,763,0.03836870159911496,1080,282,0.2611111111111111,844,BBH,0.5,discovery,validation
0.8928476128565086,27864,1488,0.053402239448751075,19883,1103,0.05547452597696525,1078,378,0.35064935064935066,845,BBH,0.5,discovery,validation
0.8413145177460636,27856,2206,0.079192992533027,19879,1516,0.07626138135721112,1078,455,0.42207792207792205,846,BBH,0.5,discovery,validation
0.8891472774399856,27865,1539,0.055230575991387046,19883,1183,0.05949806367248403,1078,356,0.3302411873840445,847,BBH,0.5,discovery,validation
0.8782844168894777,27862,1687,0.060548417199052476,19884,1219,0.06130557231945283,1081,321,0.2969472710453284,848,BBH,0.5,discovery,validation
0.8905306154540215,27859,1519,0.05452457015686134,19881,1038,0.052210653387656555,1079,282,0.26135310472659873,849,BBH,0.5,discovery,validation
0.9104990634624168,27863,1243,0.044611133043821555,19883,887,0.044610974199064526,1075,284,0.2641860465116279,850,BBH,0.5,discovery,validation
0.904431509791941,27871,1329,0.04768397258799469,19892,974,0.04896440780213151,1082,236,0.21811460258780038,851,BBH,0.5,discovery,validation
0.8974460330567565,27865,1420,0.050959985645074465,19884,1009,0.05074431703882518,1076,362,0.33643122676579923,852,BBH,0.5,discovery,validation
0.9126321670913958,27866,1213,0.043529749515538646,19888,928,0.04666130329847144,1080,233,0.21574074074074073,853,BBH,0.5,discovery,validation
0.8667739766633138,27873,1856,0.06658773723675242,19890,1248,0.06274509803921569,1081,396,0.36632747456059206,854,BBH,0.5,discovery,validation
0.8951764761946097,27866,1458,0.05232182588100194,19885,997,0.05013829519738496,1080,395,0.36574074074074076,855,BBH,0.5,discovery,validation
0.8852125226216889,27865,1597,0.05731204019379149,19886,1059,0.0532535452076838,1080,275,0.25462962962962965,856,BBH,0.5,discovery,validation
0.8790800399168356,27866,1677,0.06018086557094667,19883,1173,0.058995121460544184,1078,282,0.26159554730983303,857,BBH,0.5,discovery,validation
0.8846085421374317,27867,1602,0.057487350629777154,19888,1141,0.05737127916331456,1078,272,0.2523191094619666,858,BBH,0.5,discovery,validation
0.8887498332895029,27864,1545,0.055447889750215335,19881,1181,0.05940345053065741,1077,330,0.3064066852367688,859,BBH,0.5,discovery,validation
0.8915598518764273,27864,1503,0.0539405684754522,19882,1098,0.055225832411226236,1076,409,0.38011152416356875,860,BBH,0.5,discovery,validation
0.9029419979737728,27868,1349,0.04840677479546433,19884,942,0.047374773687386844,1080,196,0.1814814814814815,861,BBH,0.5,discovery,validation
0.9078583603641823,27856,1274,0.04573520964962665,19880,922,0.04637826961770624,1075,319,0.29674418604651165,862,BBH,0.5,discovery,validation
0.9115327703679863,27872,1233,0.04423794489092996,19889,921,0.04630700387148675,1081,343,0.3172987974098057,863,BBH,0.5,discovery,validation
0.8886584182294072,27862,1545,0.055451869930371114,19883,1008,0.05069657496353669,1083,229,0.21144967682363805,864,BBH,0.5,discovery,validation
0.8959559915857714,27862,1445,0.05186275213552509,19883,1085,0.05456922999547352,1078,291,0.2699443413729128,865,BBH,0.5,discovery,validation
0.8420638772103692,27868,2197,0.07883594086407349,19884,1617,0.08132166566083283,1076,427,0.39684014869888473,866,BBH,0.5,discovery,validation
0.9051920365452247,27866,1316,0.047226010191631376,19885,949,0.04772441538848378,1076,342,0.31784386617100374,867,BBH,0.5,discovery,validation
0.9005883684323117,27872,1382,0.04958381171067738,19888,1013,0.05093523732904264,1081,421,0.3894542090656799,868,BBH,0.5,discovery,validation
0.919428440186456,27866,1119,0.04015646307327927,19885,777,0.03907467940658788,1081,174,0.16096207215541167,869,BBH,0.5,discovery,validation
0.8989431315400208,27872,1406,0.050444890929965555,19890,958,0.0481649069884364,1081,189,0.17483811285846437,870,BBH,0.5,discovery,validation
0.902584312187854,27868,1356,0.048657958949332565,19886,1007,0.050638640249421704,1077,281,0.26090993500464255,871,BBH,0.5,discovery,validation
0.898109604583004,27866,1417,0.05085049881576114,19884,1029,0.05175015087507544,1078,399,0.37012987012987014,872,BBH,0.5,discovery,validation
0.8588239771299768,27869,1964,0.07047256808640424,19887,1325,0.06662643938251119,1080,442,0.40925925925925927,873,BBH,0.5,discovery,validation
0.908619427704168,27863,1267,0.045472490399454474,19880,903,0.04542253521126761,1074,262,0.24394785847299813,874,BBH,0.5,discovery,validation
0.9091462260121752,27867,1262,0.04528653963469337,19885,870,0.04375157153633392,1080,243,0.225,875,BBH,0.5,discovery,validation
0.9089966598397891,27863,1265,0.045400710619818395,19883,868,0.04365538399637882,1077,318,0.29526462395543174,876,BBH,0.5,discovery,validation
0.9082357476053732,27868,1276,0.045787282905124155,19885,968,0.048679909479507164,1076,338,0.3141263940520446,877,BBH,0.5,discovery,validation
0.8986031505483741,27862,1406,0.05046299619553514,19886,1002,0.05038720708035804,1082,242,0.22365988909426987,878,BBH,0.5,discovery,validation
0.9094649205017353,27865,1254,0.045002691548537595,19879,887,0.04461995070174556,1079,249,0.23076923076923078,879,BBH,0.5,discovery,validation
0.8621041315604623,27872,1920,0.06888633754305395,19889,1358,0.06827894816230078,1081,344,0.31822386679000925,880,BBH,0.5,discovery,validation
0.8952998031558675,27865,1456,0.05225192894311861,19887,949,0.04771961582943632,1081,285,0.26364477335800185,881,BBH,0.5,discovery,validation
0.9096534420270668,27871,1257,0.04510064224462703,19888,958,0.04816975060337892,1079,214,0.19833178869323448,882,BBH,0.5,discovery,validation
0.8813408423645814,27861,1646,0.05907899931804314,19885,1178,0.059240633643449836,1079,354,0.32808155699721964,883,BBH,0.5,discovery,validation
0.9184984238681847,27866,1129,0.04051532333309409,19886,823,0.04138589962787891,1080,189,0.175,884,BBH,0.5,discovery,validation
0.9069156246087439,27870,1291,0.04632221026193039,19885,958,0.048177017852652756,1079,252,0.23354958294717332,885,BBH,0.5,discovery,validation
0.8824771990470655,27857,1631,0.05854901820009333,19882,1207,0.06070817825168494,1076,477,0.4433085501858736,886,BBH,0.5,discovery,validation
0.8714344710353595,27870,1785,0.06404736275565123,19885,1309,0.06582851395524264,1076,353,0.32806691449814124,887,BBH,0.5,discovery,validation
0.8909634162490071,27870,1516,0.05439540724793685,19886,1028,0.05169465955948909,1079,226,0.20945319740500462,888,BBH,0.5,discovery,validation
0.9256000665112742,27867,1032,0.03703304984390139,19886,781,0.03927386100774414,1078,185,0.17161410018552875,889,BBH,0.5,discovery,validation
0.8918779358866267,27862,1496,0.05369320221089656,19881,1080,0.05432322317790855,1076,247,0.2295539033457249,890,BBH,0.5,discovery,validation
0.8838366725770361,27857,1612,0.05786696342032523,19878,1197,0.060217325686688805,1076,414,0.3847583643122677,891,BBH,0.5,discovery,validation
0.9002612356044047,27860,1386,0.04974874371859297,19883,1054,0.05301010913845999,1078,361,0.33487940630797774,892,BBH,0.5,discovery,validation
0.8440557801667539,27864,2167,0.07777060005742176,19884,1470,0.07392878696439348,1078,541,0.5018552875695733,893,BBH,0.5,discovery,validation
0.8557479343981799,27869,2006,0.07197961893142919,19887,1389,0.06984462211494946,1080,386,0.3574074074074074,894,BBH,0.5,discovery,validation
0.8586710455206855,27858,1961,0.07039270586546055,19877,1324,0.0666096493434623,1078,333,0.30890538033395176,895,BBH,0.5,discovery,validation
0.9051792182121431,27869,1319,0.047328572966378414,19887,835,0.041987227837280636,1080,235,0.2175925925925926,896,BBH,0.5,discovery,validation
0.9122286414854849,27871,1219,0.043737217896738546,19887,854,0.04294262583597325,1083,223,0.2059095106186519,897,BBH,0.5,discovery,validation
0.8846202510393213,27864,1604,0.05756531725523974,19884,1174,0.05904244618788976,1080,410,0.37962962962962965,898,BBH,0.5,discovery,validation
0.8990396209012754,27866,1403,0.05034809445202038,19889,1096,0.05510583739755644,1081,415,0.38390379278445885,899,BBH,0.5,discovery,validation
0.887255464304678,27867,1570,0.056339039006710445,19887,1129,0.056770754764418965,1079,437,0.40500463392029656,900,BBH,0.5,discovery,validation
0.9209420551667419,27874,1100,0.03946329913180742,19889,777,0.03906682085574941,1080,242,0.22407407407407406,901,BBH,0.5,discovery,validation
0.8743695783898298,27863,1741,0.06248429817320461,19886,1206,0.060645680378155487,1077,300,0.2785515320334262,902,BBH,0.5,discovery,validation
0.906642380718834,27867,1294,0.046434851257760076,19885,929,0.04671863213477496,1077,299,0.2776230269266481,903,BBH,0.5,discovery,validation
0.8805938678240167,27863,1660,0.05957721709794351,19884,1194,0.06004828002414001,1075,437,0.40651162790697676,904,BBH,0.5,discovery,validation
0.9195057207920302,27870,1120,0.040186580552565486,19888,800,0.04022526146419952,1078,275,0.25510204081632654,905,BBH,0.5,discovery,validation
0.8930500776978391,27867,1488,0.053396490472602004,19887,1085,0.05455825413586765,1081,341,0.3154486586493987,906,BBH,0.5,discovery,validation
0.9007385225151673,27876,1383,0.049612569952647435,19891,1045,0.05253632296013273,1079,385,0.3568118628359592,907,BBH,0.5,discovery,validation
0.8943424657233996,27860,1467,0.05265613783201723,19879,1080,0.05432868856582323,1074,335,0.31191806331471134,908,BBH,0.5,discovery,validation
0.8719553832885565,27871,1780,0.06386566682214488,19888,1371,0.06893604183427192,1082,374,0.3456561922365989,909,BBH,0.5,discovery,validation
0.8240070326593586,27870,2454,0.08805166846071044,19887,1871,0.09408156081862523,1081,480,0.4440333024976873,910,BBH,0.5,discovery,validation
0.8850260378339943,27870,1599,0.0573735199138859,19886,1152,0.05793020215226793,1081,273,0.25254394079555964,911,BBH,0.5,discovery,validation
0.9230301725471832,27871,1070,0.03839115926949158,19888,775,0.03896822204344328,1080,300,0.2777777777777778,912,BBH,0.5,discovery,validation
0.8834872258748252,27861,1617,0.058038117799073974,19883,1185,0.059598652114872,1079,414,0.38368860055607046,913,BBH,0.5,discovery,validation
0.9163194463671411,27868,1165,0.04180421989378499,19887,833,0.04188665962689194,1078,214,0.19851576994434136,914,BBH,0.5,discovery,validation
0.9142509878422062,27872,1192,0.042766934557979336,19888,914,0.04595736122284795,1081,218,0.20166512488436633,915,BBH,0.5,discovery,validation
0.8645971262605883,27875,1883,0.06755156950672646,19890,1365,0.06862745098039216,1083,388,0.358264081255771,916,BBH,0.5,discovery,validation
0.8758897157944731,27871,1723,0.061820530300312156,19887,1167,0.058681550761804195,1082,243,0.2245841035120148,917,BBH,0.5,discovery,validation
0.8770254678204557,27867,1711,0.06139878709584814,19891,1340,0.06736715097280177,1081,363,0.33580018501387604,918,BBH,0.5,discovery,validation
0.9204879035208843,27869,1104,0.039613907926369804,19887,846,0.04254035299441847,1079,306,0.283595922150139,919,BBH,0.5,discovery,validation
0.9050165755321027,27868,1322,0.04743792163054399,19886,992,0.049884340742230714,1078,329,0.3051948051948052,920,BBH,0.5,discovery,validation
0.9031820201053085,27862,1345,0.048273634340679064,19882,1009,0.05074942158736546,1079,334,0.30954587581093607,921,BBH,0.5,discovery,validation
0.9123460082242354,27866,1220,0.04378095169740903,19887,918,0.046160808568411524,1079,303,0.2808155699721965,922,BBH,0.5,discovery,validation
0.8971401494567804,27864,1430,0.05132070054550675,19886,1025,0.05154379965805089,1078,351,0.32560296846011133,923,BBH,0.5,discovery,validation
0.8661730655588589,27862,1859,0.06672169980618764,19884,1398,0.07030778515389258,1075,536,0.4986046511627907,924,BBH,0.5,discovery,validation
0.8603262305571334,27869,1936,0.06946786752305428,19883,1456,0.07322838605844188,1079,336,0.3113994439295644,925,BBH,0.5,discovery,validation
0.896372918106312,27865,1441,0.051713619235600215,19887,1058,0.05320058329562025,1077,336,0.31197771587743733,926,BBH,0.5,discovery,validation
0.9048019640605512,27868,1322,0.04743792163054399,19886,1038,0.05219752589761641,1079,344,0.31881371640407785,927,BBH,0.5,discovery,validation
0.8686974087546463,27862,1822,0.0653937262220946,19883,1395,0.07016043856560882,1077,324,0.3008356545961003,928,BBH,0.5,discovery,validation
0.8914960528243666,27868,1510,0.054184010334433756,19884,1060,0.053309193321263326,1078,255,0.23654916512059368,929,BBH,0.5,discovery,validation
0.8949100770586067,27867,1461,0.05242760254063947,19888,952,0.047868061142397424,1079,338,0.3132530120481928,930,BBH,0.5,discovery,validation
0.882076293241314,27863,1639,0.058823529411764705,19884,1222,0.06145644739489036,1077,275,0.255338904363974,931,BBH,0.5,discovery,validation
0.8989234442836578,27872,1405,0.050409012629161885,19888,999,0.05023129525341915,1080,366,0.3388888888888889,932,BBH,0.5,discovery,validation
0.9021550892447512,27868,1360,0.04880149275154299,19884,1017,0.051146650573325285,1079,219,0.20296570898980537,933,BBH,0.5,discovery,validation
0.8722304792779223,27874,1777,0.06375116596111072,19892,1330,0.06686104966820833,1082,278,0.25693160813308685,934,BBH,0.5,discovery,validation
0.9182761234095556,27873,1139,0.040863918487425106,19891,844,0.04243125031421246,1081,365,0.33765032377428306,935,BBH,0.5,discovery,validation
0.8795435982718653,27857,1670,0.059949025379617334,19883,1219,0.06130865563546749,1076,385,0.35780669144981414,936,BBH,0.5,discovery,validation
0.8871919800841972,27871,1568,0.05625919414445122,19891,1093,0.0549494746367704,1082,246,0.22735674676524953,937,BBH,0.5,discovery,validation
0.895028626614377,27873,1461,0.052416316865784095,19887,1073,0.053954844873535475,1079,438,0.40593141797961074,938,BBH,0.5,discovery,validation
0.9012377058816606,27865,1369,0.04912973263951193,19887,1005,0.05053552572031981,1080,329,0.30462962962962964,939,BBH,0.5,discovery,validation
0.9007762288887204,27867,1379,0.04948505400653102,19884,981,0.049336149668074834,1078,433,0.40166975881261596,940,BBH,0.5,discovery,validation
0.8924458395472928,27869,1494,0.053607951487315654,19888,1084,0.05450522928399035,1080,414,0.38333333333333336,941,BBH,0.5,discovery,validation
0.8811516592966396,27873,1655,0.05937645750367739,19887,1186,0.05963694876049681,1078,549,0.5092764378478665,942,BBH,0.5,discovery,validation
0.9089641335248612,27865,1263,0.04532567737304863,19884,914,0.045966606316636495,1076,227,0.21096654275092938,943,BBH,0.5,discovery,validation
0.9005293937029455,27869,1383,0.0496250313968926,19888,984,0.04947707160096541,1080,437,0.4046296296296296,944,BBH,0.5,discovery,validation
0.9208841570948987,27871,1101,0.039503426500663776,19889,811,0.04077630851224295,1080,170,0.1574074074074074,945,BBH,0.5,discovery,validation
0.8825107437246655,27873,1633,0.05858716320453485,19891,1185,0.05957468201699261,1080,357,0.33055555555555555,946,BBH,0.5,discovery,validation
0.923096221217933,27867,1070,0.038396669896293104,19885,811,0.040784510937892884,1080,254,0.2351851851851852,947,BBH,0.5,discovery,validation
0.8487569850859342,27863,2101,0.07540465850769838,19886,1458,0.0733179120989641,1079,394,0.36515291936978683,948,BBH,0.5,discovery,validation
0.8873786379814026,27866,1564,0.05612574463503912,19887,1108,0.05571478855533766,1079,295,0.27340129749768305,949,BBH,0.5,discovery,validation
0.8696865276727597,27872,1815,0.06511911595866819,19889,1253,0.06299964804665896,1081,401,0.3709528214616096,950,BBH,0.5,discovery,validation
0.9311325489978873,27872,958,0.03437141216991963,19890,662,0.03328305681246858,1080,217,0.20092592592592592,951,BBH,0.5,discovery,validation
0.8717646878280171,27858,1780,0.06389546988297796,19885,1272,0.06396781493588131,1081,375,0.34690101757631825,952,BBH,0.5,discovery,validation
0.892465642803903,27870,1497,0.05371367061356297,19887,1139,0.057273595816362446,1078,274,0.2541743970315399,953,BBH,0.5,discovery,validation
0.8663555145878541,27870,1861,0.06677430929314675,19887,1298,0.0652687685422638,1081,519,0.4801110083256244,954,BBH,0.5,discovery,validation
0.8798698624951455,27859,1667,0.05983703650525862,19880,1218,0.06126760563380282,1077,334,0.31012070566388117,955,BBH,0.5,discovery,validation
0.9120272169361138,27868,1222,0.04384957657528348,19886,857,0.04309564517751182,1078,194,0.17996289424860853,956,BBH,0.5,discovery,validation
0.9068440969721928,27870,1296,0.0465016146393972,19889,966,0.04856956106390467,1080,365,0.33796296296296297,957,BBH,0.5,discovery,validation
0.89362238519346,27867,1478,0.05303764309039365,19882,1101,0.055376722663715926,1078,281,0.2606679035250464,958,BBH,0.5,discovery,validation
0.9113376345048171,27873,1234,0.04427223477917698,19888,876,0.04404666130329847,1079,310,0.2873030583873957,959,BBH,0.5,discovery,validation
0.9159349915658352,27874,1170,0.04197459998564971,19889,808,0.04062547136608175,1080,241,0.22314814814814815,960,BBH,0.5,discovery,validation
0.8652226750394458,27860,1873,0.06722900215362528,19879,1333,0.06705568690577997,1076,353,0.32806691449814124,961,BBH,0.5,discovery,validation
0.913952584474511,27864,1195,0.042886879127189206,19884,864,0.04345202172601086,1080,176,0.16296296296296298,962,BBH,0.5,discovery,validation
0.9285714576765369,27869,993,0.03563098783594675,19884,711,0.03575739287869644,1078,198,0.1836734693877551,963,BBH,0.5,discovery,validation
0.9070454412939719,27862,1290,0.04629961955351375,19881,968,0.04868970373723656,1077,275,0.255338904363974,964,BBH,0.5,discovery,validation
0.8937061201765629,27864,1478,0.05304335343095033,19887,1068,0.053703424347563734,1080,410,0.37962962962962965,965,BBH,0.5,discovery,validation
0.9114354559946586,27867,1229,0.04410234327340582,19889,870,0.04374277238674644,1080,250,0.23148148148148148,966,BBH,0.5,discovery,validation
0.897941682996887,27872,1419,0.05091130884041332,19890,1029,0.051734539969834084,1082,309,0.2855822550831793,967,BBH,0.5,discovery,validation
0.8760375735738588,27857,1719,0.06170800875901928,19878,1220,0.061374383740818994,1078,310,0.287569573283859,968,BBH,0.5,discovery,validation
0.9104336200893041,27878,1248,0.04476648253102805,19892,895,0.04499296199477177,1080,241,0.22314814814814815,969,BBH,0.5,discovery,validation
0.9067854575927391,27867,1293,0.04639896651953924,19887,988,0.04968069593201589,1078,306,0.28385899814471244,970,BBH,0.5,discovery,validation
0.8931094541845727,27870,1485,0.053283100107642624,19885,1071,0.05385969323610762,1080,345,0.3194444444444444,971,BBH,0.5,discovery,validation
0.8490127782933603,27865,2102,0.07543513368024403,19885,1406,0.07070656273573045,1079,324,0.3002780352177943,972,BBH,0.5,discovery,validation
0.9093218385083427,27865,1260,0.045218015431544946,19883,904,0.04546597595936227,1073,240,0.22367194780987884,973,BBH,0.5,discovery,validation
0.9129377631706631,27867,1208,0.043348763770768295,19883,906,0.04556656440175024,1080,327,0.30277777777777776,974,BBH,0.5,discovery,validation
0.9063237997791213,27869,1301,0.0466826940327963,19886,964,0.0484763149954742,1076,359,0.3336431226765799,975,BBH,0.5,discovery,validation
0.9126842653530689,27865,1214,0.04356719899515521,19883,863,0.043403912890408895,1076,213,0.1979553903345725,976,BBH,0.5,discovery,validation
0.8475407446217827,27863,2118,0.07601478663460504,19886,1507,0.07578195715578799,1079,567,0.5254865616311399,977,BBH,0.5,discovery,validation
0.8863018739712638,27873,1583,0.05679331252466545,19889,1196,0.06013374226959626,1081,407,0.37650323774283073,978,BBH,0.5,discovery,validation
0.9220175871618811,27863,1082,0.038832860783117394,19880,778,0.039134808853118715,1077,205,0.1903435468895079,979,BBH,0.5,discovery,validation
0.8454054786874045,27867,2153,0.07725984138945706,19883,1460,0.07342956294321783,1080,444,0.4111111111111111,980,BBH,0.5,discovery,validation
0.8844572091348075,27863,1606,0.05763916304776944,19886,1058,0.053203258573871065,1079,340,0.31510658016682114,981,BBH,0.5,discovery,validation
0.9164103585043162,27869,1162,0.041695073379023284,19888,818,0.04113032984714401,1080,291,0.26944444444444443,982,BBH,0.5,discovery,validation
0.9016080221575418,27862,1366,0.049027349077596726,19888,956,0.04806918744971842,1083,337,0.31117266851338876,983,BBH,0.5,discovery,validation
0.8777207852978237,27866,1700,0.061006244168520775,19883,1150,0.05783835437308253,1078,396,0.3673469387755102,984,BBH,0.5,discovery,validation
0.9192409599691391,27860,1119,0.04016511127063891,19884,804,0.04043452021726011,1077,257,0.23862581244196843,985,BBH,0.5,discovery,validation
0.894850796603302,27864,1460,0.05239735859890899,19889,1081,0.05435165166675047,1081,338,0.31267345050878814,986,BBH,0.5,discovery,validation
0.873584703789904,27856,1754,0.06296668581275129,19878,1236,0.06217929369151826,1079,284,0.2632066728452271,987,BBH,0.5,discovery,validation
0.9050685351058766,27867,1320,0.047367854451501774,19884,923,0.04641923154294911,1079,289,0.267840593141798,988,BBH,0.5,discovery,validation
0.9043335599437433,27866,1328,0.047656642503409175,19884,986,0.049587608127137396,1078,285,0.26437847866419295,989,BBH,0.5,discovery,validation
0.896612253048011,27859,1435,0.05150938655371693,19882,1017,0.05115179559400463,1076,333,0.30947955390334575,990,BBH,0.5,discovery,validation
0.8922433478062154,27866,1493,0.053577836790353835,19889,1142,0.05741867363869475,1078,304,0.2820037105751391,991,BBH,0.5,discovery,validation
0.8778237347555577,27864,1697,0.06090295722078668,19880,1247,0.06272635814889337,1079,310,0.2873030583873957,992,BBH,0.5,discovery,validation
0.892986178865638,27871,1487,0.05335294750816261,19891,1123,0.05645769443466894,1082,305,0.28188539741219965,993,BBH,0.5,discovery,validation
0.8787337353494321,27863,1685,0.060474464343394464,19885,1257,0.0632134774955997,1081,344,0.31822386679000925,994,BBH,0.5,discovery,validation
0.8902360657366017,27874,1527,0.054782234340245387,19892,1098,0.05519806957570883,1082,396,0.3659889094269871,995,BBH,0.5,discovery,validation
0.8915081303309634,27865,1506,0.05404629463484658,19883,1101,0.055373937534577276,1075,344,0.32,996,BBH,0.5,discovery,validation
0.9139924426007746,27855,1191,0.042757135164243405,19877,909,0.04573124717009609,1078,243,0.22541743970315398,997,BBH,0.5,discovery,validation
0.8980132150356824,27872,1419,0.05091130884041332,19890,1083,0.05444947209653092,1080,319,0.2953703703703704,998,BBH,0.5,discovery,validation
0.903403543625472,27866,1338,0.048015502763224,19887,980,0.049278423090461106,1082,235,0.21719038817005545,999,BBH,0.5,discovery,validation
0.880908553561166,27868,1655,0.0593871106645615,19889,1192,0.05993262607471467,1081,277,0.25624421831637373,1000,BBH,0.5,discovery,validation
0.9280898725342929,27870,1000,0.03588087549336204,19887,726,0.036506260371096694,1080,144,0.13333333333333333,1001,BBH,0.5,discovery,validation
0.9230990468992998,27857,1061,0.038087374807050295,19884,814,0.04093743713538523,1080,194,0.17962962962962964,1002,BBH,0.5,discovery,validation
0.9153700700270518,27867,1174,0.042128682671259916,19888,870,0.043744971842316974,1079,270,0.25023169601482853,1003,BBH,0.5,discovery,validation
0.9026754700274551,27869,1352,0.04851268434461229,19888,972,0.04887369267900241,1079,337,0.3123262279888786,1004,BBH,0.5,discovery,validation
0.8978183262297985,27873,1422,0.051017113335485954,19889,979,0.04922318869726985,1079,322,0.29842446709916587,1005,BBH,0.5,discovery,validation
0.8873706111665194,27862,1564,0.05613380231139186,19888,1200,0.06033789219629927,1077,341,0.3166202414113278,1006,BBH,0.5,discovery,validation
0.9037543787999254,27863,1338,0.04802067257653519,19883,1029,0.05175275360861037,1078,306,0.28385899814471244,1007,BBH,0.5,discovery,validation
0.9056671431867751,27872,1314,0.047144087256027555,19891,1029,0.05173193906792017,1082,322,0.2975970425138632,1008,BBH,0.5,discovery,validation
0.9137114183660029,27870,1198,0.04298528884104772,19887,917,0.04611052446321718,1080,259,0.23981481481481481,1009,BBH,0.5,discovery,validation
0.9062131500971183,27867,1307,0.04690135285463093,19885,961,0.04832788534070908,1080,281,0.2601851851851852,1010,BBH,0.5,discovery,validation
0.8871005479649888,27870,1568,0.056261212773591675,19889,1145,0.05756951078485595,1081,328,0.303422756706753,1011,BBH,0.5,discovery,validation
0.9112271750294333,27871,1235,0.0443112913063758,19887,861,0.04329461457233368,1080,318,0.29444444444444445,1012,BBH,0.5,discovery,validation
0.9172376199336596,27860,1147,0.04117013639626705,19881,826,0.041547205874955986,1082,208,0.1922365988909427,1013,BBH,0.5,discovery,validation
0.8953024764807711,27876,1457,0.05226718324006314,19889,1013,0.05093267635376339,1080,341,0.31574074074074077,1014,BBH,0.5,discovery,validation
0.8867466137014889,27863,1575,0.05652657646341026,19881,1139,0.05729088074040541,1078,282,0.26159554730983303,1015,BBH,0.5,discovery,validation
0.8833241665456874,27861,1621,0.05818168766375938,19882,1214,0.061060255507494214,1076,312,0.2899628252788104,1016,BBH,0.5,discovery,validation
0.8897911464102524,27865,1530,0.05490759016687601,19882,1082,0.05442108439794789,1073,423,0.39422180801491147,1017,BBH,0.5,discovery,validation
0.8830746395969346,27869,1625,0.05830851483727439,19888,1247,0.062701126307321,1081,350,0.32377428307123035,1018,BBH,0.5,discovery,validation
0.8625136875479222,27864,1914,0.06869078380706288,19882,1301,0.0654360728296952,1078,430,0.39888682745825604,1019,BBH,0.5,discovery,validation
0.8854905171510525,27861,1590,0.05706902121244751,19881,1096,0.055128011669433125,1077,390,0.362116991643454,1020,BBH,0.5,discovery,validation
0.8977986189192966,27872,1424,0.05109070034443169,19885,1101,0.055368368116670855,1079,349,0.32344763670064874,1021,BBH,0.5,discovery,validation
0.898546083621339,27870,1412,0.0506637961966272,19890,1001,0.05032679738562092,1083,362,0.33425669436749766,1022,BBH,0.5,discovery,validation
0.8515981927529696,27862,2063,0.07404350010767353,19878,1354,0.06811550457792534,1074,301,0.2802607076350093,1023,BBH,0.5,discovery,validation
0.9017581301392995,27866,1364,0.048948539438742555,19883,963,0.04843333500980737,1078,320,0.29684601113172543,1024,BBH,0.5,discovery,validation
0.9281894975320788,27864,995,0.035709158771174275,19884,751,0.03776906055119694,1077,204,0.1894150417827298,1025,BBH,0.5,discovery,validation
0.8921717989572776,27866,1501,0.0538649249982057,19886,1057,0.05315297194005833,1082,349,0.32255083179297594,1026,BBH,0.5,discovery,validation
0.8797324843862135,27870,1672,0.05999282382490133,19889,1181,0.05937955653879028,1080,296,0.2740740740740741,1027,BBH,0.5,discovery,validation
0.9025381165738646,27862,1354,0.048596654942215205,19882,999,0.05024645407906649,1080,304,0.2814814814814815,1028,BBH,0.5,discovery,validation
0.9016206604783554,27859,1362,0.048889048422412866,19881,965,0.0485388058950757,1074,395,0.36778398510242083,1029,BBH,0.5,discovery,validation
0.8473370164851247,27867,2121,0.07611152976639035,19886,1486,0.07472593784572061,1079,426,0.3948100092678406,1030,BBH,0.5,discovery,validation
0.9094454210442259,27864,1260,0.04521963824289406,19886,984,0.049482047671728854,1081,333,0.3080481036077706,1031,BBH,0.5,discovery,validation
0.8600101101833383,27857,1943,0.06974907563628531,19884,1350,0.06789378394689197,1079,313,0.29008341056533826,1032,BBH,0.5,discovery,validation
0.8977270868805013,27872,1424,0.05109070034443169,19887,1053,0.05294916276964851,1078,413,0.38311688311688313,1033,BBH,0.5,discovery,validation
0.9275839679005282,27866,1003,0.03599368405942726,19890,718,0.03609854198089492,1080,230,0.21296296296296297,1034,BBH,0.5,discovery,validation
0.9222844915381442,27862,1077,0.038654798650491706,19882,794,0.039935620158937736,1075,268,0.24930232558139534,1035,BBH,0.5,discovery,validation
0.9099982696337962,27863,1248,0.04479058249291175,19883,932,0.046874214152793844,1078,227,0.21057513914656772,1036,BBH,0.5,discovery,validation
0.8737145611575776,27866,1757,0.06305174764946529,19882,1268,0.06377628005230862,1078,283,0.2625231910946197,1037,BBH,0.5,discovery,validation
0.9138217956094347,27872,1195,0.04287456946039036,19889,916,0.04605560862788476,1079,255,0.23632993512511585,1038,BBH,0.5,discovery,validation
0.8966664563188282,27869,1438,0.05159855036061574,19887,1045,0.052546889928093726,1080,368,0.34074074074074073,1039,BBH,0.5,discovery,validation
0.8806053654498882,27860,1661,0.05961952620244078,19883,1126,0.0566312930644269,1080,214,0.19814814814814816,1040,BBH,0.5,discovery,validation
0.8753800837705459,27868,1733,0.06218601980766471,19883,1262,0.06347130714680883,1079,311,0.2882298424467099,1041,BBH,0.5,discovery,validation
0.8799356363873534,27873,1672,0.05998636673483299,19891,1164,0.05851892815846363,1080,342,0.31666666666666665,1042,BBH,0.5,discovery,validation
0.9105185551942937,27864,1243,0.04460953201263279,19882,858,0.0431546122120511,1076,273,0.2537174721189591,1043,BBH,0.5,discovery,validation
0.8968736953287944,27865,1435,0.05149829535259286,19888,1108,0.055711987127916335,1081,296,0.2738205365402405,1044,BBH,0.5,discovery,validation
0.928843523756439,27872,987,0.03541188289322618,19888,744,0.037409493161705554,1078,209,0.19387755102040816,1045,BBH,0.5,discovery,validation
0.9008477673256731,27867,1379,0.04948505400653102,19883,934,0.04697480259518182,1078,318,0.2949907235621521,1046,BBH,0.5,discovery,validation
0.881572386169778,27869,1647,0.05909792242276365,19889,1216,0.06113932324400422,1080,490,0.4537037037037037,1047,BBH,0.5,discovery,validation
0.8747161171926391,27866,1741,0.062477571233761575,19885,1201,0.06039728438521499,1078,436,0.4044526901669759,1048,BBH,0.5,discovery,validation
0.8861905136281457,27871,1581,0.05672562878978149,19888,1173,0.058980289621882544,1079,344,0.31881371640407785,1049,BBH,0.5,discovery,validation
0.9020765665470928,27864,1363,0.048916164226241746,19884,1073,0.05396298531482599,1078,195,0.18089053803339517,1050,BBH,0.5,discovery,validation
0.8920045237768806,27872,1505,0.05399684270952928,19888,1171,0.058879726468222045,1079,296,0.2743280815569972,1051,BBH,0.5,discovery,validation
0.9021101717919853,27873,1362,0.048864492519642665,19888,977,0.04912510056315366,1080,305,0.2824074074074074,1052,BBH,0.5,discovery,validation
0.9068374500313973,27866,1293,0.04640063159405727,19886,949,0.04772201548828321,1078,194,0.17996289424860853,1053,BBH,0.5,discovery,validation
0.8435661575112287,27868,2175,0.07804650495191617,19888,1440,0.07240547063555913,1078,542,0.5027829313543599,1054,BBH,0.5,discovery,validation
0.905920286901053,27863,1303,0.04676452643290385,19884,929,0.04672098169382418,1076,279,0.25929368029739774,1055,BBH,0.5,discovery,validation
0.8847000149687648,27868,1602,0.05748528778527343,19885,1087,0.05466431983907468,1078,223,0.20686456400742115,1056,BBH,0.5,discovery,validation
0.8853157425671929,27863,1595,0.057244374259771025,19886,1147,0.057678768983204266,1079,401,0.3716404077849861,1057,BBH,0.5,discovery,validation
0.8892626005180907,27860,1540,0.05527638190954774,19882,1215,0.06111055225832411,1077,320,0.2971216341689879,1058,BBH,0.5,discovery,validation
0.9047823813580663,27867,1324,0.047511393404385115,19887,987,0.04963041182682154,1078,385,0.35714285714285715,1059,BBH,0.5,discovery,validation
0.897954102113534,27869,1418,0.05088090710108005,19885,1066,0.05360824742268041,1076,349,0.3243494423791822,1060,BBH,0.5,discovery,validation
0.8816439220472616,27869,1644,0.05899027593383329,19888,1218,0.06124296057924376,1079,239,0.22150139017608897,1061,BBH,0.5,discovery,validation
0.8942464598763382,27866,1470,0.05275245819277973,19888,1055,0.05304706355591311,1081,402,0.37187789084181316,1062,BBH,0.5,discovery,validation
0.9308846528885422,27874,962,0.03451244887708976,19889,738,0.03710593795565388,1078,217,0.2012987012987013,1063,BBH,0.5,discovery,validation
0.896698537982422,27867,1438,0.05160225356156027,19887,1005,0.05053552572031981,1083,335,0.30932594644506,1064,BBH,0.5,discovery,validation
0.9040219062944842,27872,1334,0.04786165327210103,19887,1004,0.05048524161512546,1079,264,0.24467099165894346,1065,BBH,0.5,discovery,validation
0.882748542776664,27867,1626,0.05834858434707719,19885,1219,0.06130248931355293,1079,418,0.3873957367933272,1066,BBH,0.5,discovery,validation
0.9015364888582852,27862,1368,0.04909913143349365,19881,997,0.05014838287812484,1074,270,0.25139664804469275,1067,BBH,0.5,discovery,validation
0.8386093271769071,27867,2243,0.08048946782933218,19889,1712,0.08607773140932173,1080,452,0.4185185185185185,1068,BBH,0.5,discovery,validation
0.8988965414676953,27866,1408,0.050527524581927795,19883,974,0.048986571442941204,1075,217,0.20186046511627906,1069,BBH,0.5,discovery,validation
0.8829431846235013,27866,1629,0.0584583363238355,19881,1138,0.05724058145968513,1077,376,0.3491179201485608,1070,BBH,0.5,discovery,validation
0.8791028701074728,27860,1678,0.060229720028715,19883,1209,0.060805713423527634,1078,437,0.40538033395176254,1071,BBH,0.5,discovery,validation
0.8818585296797126,27869,1643,0.058954393770856504,19885,1308,0.06577822479255721,1076,405,0.3763940520446097,1072,BBH,0.5,discovery,validation
0.9178158674147555,27864,1142,0.04098478323284525,19884,842,0.04234560450613559,1079,252,0.23354958294717332,1073,BBH,0.5,discovery,validation
0.873826374999971,27868,1758,0.06308310607147984,19885,1167,0.058687452853909985,1080,348,0.32222222222222224,1074,BBH,0.5,discovery,validation
0.9055564742108534,27870,1312,0.04707570864729099,19888,993,0.04992960579243765,1081,329,0.30434782608695654,1075,BBH,0.5,discovery,validation
0.8926406473393074,27868,1495,0.05364575857614468,19888,1036,0.05209171359613837,1081,289,0.26734505087881594,1076,BBH,0.5,discovery,validation
0.9027793051233933,27867,1349,0.04840851185990598,19886,1009,0.05073921351704717,1081,360,0.3330249768732655,1077,BBH,0.5,discovery,validation
0.8865437994222916,27860,1577,0.05660445082555635,19884,1171,0.058891571112452225,1081,450,0.4162812210915819,1078,BBH,0.5,discovery,validation
0.9194420191201487,27863,1119,0.04016078670638481,19881,803,0.04039032241838942,1075,276,0.2567441860465116,1079,BBH,0.5,discovery,validation
0.9322388792097197,27870,941,0.03376390383925368,19888,691,0.03474456958970233,1080,169,0.15648148148148147,1080,BBH,0.5,discovery,validation
0.9098290577758201,27869,1252,0.04492446804693387,19885,899,0.045209957254211716,1079,390,0.3614457831325301,1081,BBH,0.5,discovery,validation
0.8997353449510382,27865,1391,0.04991925354387224,19885,1018,0.05119436761377923,1079,191,0.17701575532900835,1082,BBH,0.5,discovery,validation
0.9209693615840874,27868,1095,0.039292378355102624,19886,798,0.04012873378256059,1080,245,0.22685185185185186,1083,BBH,0.5,discovery,validation
0.8463464553409538,27871,2139,0.07674643895088085,19888,1529,0.07688053097345132,1083,341,0.31486611265004616,1084,BBH,0.5,discovery,validation
0.9053155426933497,27865,1316,0.04722770500628028,19883,904,0.04546597595936227,1080,285,0.2638888888888889,1085,BBH,0.5,discovery,validation
0.8776981160178289,27872,1701,0.061028989667049366,19888,1154,0.058024939662107804,1078,473,0.4387755102040816,1086,BBH,0.5,discovery,validation
0.8942464598763382,27866,1470,0.05275245819277973,19885,1118,0.05622328388232336,1078,398,0.3692022263450835,1087,BBH,0.5,discovery,validation
0.8786795152077594,27871,1687,0.060528865128628324,19890,1265,0.06359979889391654,1080,345,0.3194444444444444,1088,BBH,0.5,discovery,validation
0.8879310804961484,27865,1556,0.05584066032657456,19883,1195,0.06010159432681185,1073,462,0.43056849953401677,1089,BBH,0.5,discovery,validation
0.9336218399599857,27875,924,0.03314798206278027,19890,686,0.03448969331322273,1081,159,0.14708603145235893,1090,BBH,0.5,discovery,validation
0.9180885306312507,27867,1140,0.04090860157175153,19886,862,0.04334707834657548,1080,215,0.19907407407407407,1091,BBH,0.5,discovery,validation
0.8938963347609469,27870,1477,0.05299605310369573,19887,1122,0.05641876602805853,1077,506,0.46982358402971214,1092,BBH,0.5,discovery,validation
0.9135692896336056,27859,1199,0.043038156430596934,19882,871,0.043808469972839756,1076,195,0.1812267657992565,1093,BBH,0.5,discovery,validation
0.90049007514091,27867,1383,0.04962859295941436,19883,1058,0.05321128602323593,1077,290,0.2692664809656453,1094,BBH,0.5,discovery,validation
0.9226532430975265,27870,1075,0.03857194115536419,19884,783,0.03937839468919734,1077,162,0.15041782729805014,1095,BBH,0.5,discovery,validation
0.9254762024866661,27868,1034,0.03710348787139371,19883,764,0.0384247849922044,1078,148,0.137291280148423,1096,BBH,0.5,discovery,validation
0.9075333135909351,27866,1284,0.04607765736022393,19888,887,0.044599758648431215,1079,429,0.39759036144578314,1097,BBH,0.5,discovery,validation
0.8851491800439605,27869,1596,0.05726793211094765,19886,1114,0.05601931006738409,1080,241,0.22314814814814815,1098,BBH,0.5,discovery,validation
0.9169364042860165,27874,1157,0.04150821554136471,19888,907,0.045605390185036204,1080,346,0.32037037037037036,1099,BBH,0.5,discovery,validation
0.898156279113273,27872,1416,0.050803673938002294,19892,984,0.04946712246129097,1081,390,0.36077705827937095,1100,BBH,0.5,discovery,validation
0.8965628447801077,27871,1439,0.05163072727925083,19887,994,0.049982400563181976,1079,281,0.26042632066728455,1101,BBH,0.5,discovery,validation
0.9333452897768827,27868,926,0.03322807521171236,19887,675,0.033941771006184944,1079,230,0.21316033364226136,1102,BBH,0.5,discovery,validation
0.8770367697121746,27864,1709,0.061333620442147574,19884,1303,0.06553007443170389,1079,355,0.3290083410565338,1103,BBH,0.5,discovery,validation
0.8911780200425635,27870,1511,0.05421600287047004,19886,1139,0.05727647591270241,1078,402,0.37291280148423006,1104,BBH,0.5,discovery,validation
0.8923743036698093,27869,1495,0.05364383365029244,19885,1114,0.05602212723158159,1080,264,0.24444444444444444,1105,BBH,0.5,discovery,validation
0.880748460244404,27860,1655,0.05940416367552046,19879,1099,0.055284471049851604,1079,269,0.24930491195551435,1106,BBH,0.5,discovery,validation
0.9027793051233933,27867,1351,0.04848028133634765,19887,993,0.04993211645798763,1077,378,0.35097493036211697,1107,BBH,0.5,discovery,validation
0.881360844873043,27862,1646,0.059076878903165604,19882,1176,0.05914897897595815,1076,415,0.3856877323420074,1108,BBH,0.5,discovery,validation
0.847316405662028,27866,2125,0.07625780521065097,19887,1496,0.0752250213707447,1082,389,0.35951940850277264,1109,BBH,0.5,discovery,validation
0.9214427615268325,27874,1090,0.039104541866972806,19892,812,0.04082043032374824,1083,207,0.19113573407202217,1110,BBH,0.5,discovery,validation
0.9041444591477281,27860,1330,0.04773869346733668,19878,952,0.047892142066606296,1078,206,0.19109461966604824,1111,BBH,0.5,discovery,validation
0.8083485605892223,27867,2666,0.09566871209674525,19883,1732,0.0871095911079817,1080,507,0.46944444444444444,1112,BBH,0.5,discovery,validation
0.8692682152425899,27869,1819,0.06526965445477054,19889,1290,0.06485997284931369,1081,361,0.333950046253469,1113,BBH,0.5,discovery,validation
0.9113118453642761,27868,1234,0.04428017798191474,19890,923,0.046405228758169936,1081,331,0.30619796484736356,1114,BBH,0.5,discovery,validation
0.8985191480072011,27865,1410,0.05060111250672887,19884,1006,0.05059344196338765,1080,249,0.23055555555555557,1115,BBH,0.5,discovery,validation
0.9253139127634638,27867,1034,0.037104819320343055,19887,729,0.03665711268667974,1078,189,0.17532467532467533,1116,BBH,0.5,discovery,validation
0.8862856375721335,27865,1581,0.056737843172438546,19888,1182,0.05943282381335479,1080,349,0.32314814814814813,1117,BBH,0.5,discovery,validation
0.8890360075163621,27863,1546,0.05548576965868715,19883,1135,0.05708394105517276,1080,265,0.24537037037037038,1118,BBH,0.5,discovery,validation
0.8889525208338703,27866,1544,0.05540802411540946,19884,1150,0.05783544558438946,1077,317,0.2943361188486537,1119,BBH,0.5,discovery,validation
0.8959510975439919,27869,1444,0.05181384333847645,19886,1074,0.054007844714874784,1081,304,0.28122109158186864,1120,BBH,0.5,discovery,validation
0.8944808464368913,27867,1468,0.05267879570818531,19886,1131,0.05687418284220054,1079,266,0.24652455977757182,1121,BBH,0.5,discovery,validation
0.8736833006856035,27868,1756,0.06301133917037462,19884,1292,0.06497686582176625,1075,419,0.38976744186046514,1122,BBH,0.5,discovery,validation
0.9382813452195617,27868,856,0.03071623367303,19886,623,0.031328572865332395,1077,210,0.19498607242339833,1123,BBH,0.5,discovery,validation
0.9122091918111069,27871,1222,0.04384485666104553,19890,841,0.04228255404725993,1080,298,0.2759259259259259,1124,BBH,0.5,discovery,validation
0.9165534302592835,27869,1157,0.04151566256413937,19887,813,0.04088097752300498,1079,232,0.21501390176088972,1125,BBH,0.5,discovery,validation
0.9301069880392883,27867,972,0.03487996555065131,19885,715,0.03595675132009052,1081,205,0.18963922294172064,1126,BBH,0.5,discovery,validation
0.8917261269838898,27876,1504,0.05395322140909743,19891,1104,0.055502488562666534,1081,288,0.2664199814986124,1127,BBH,0.5,discovery,validation
0.8443006193966053,27862,2162,0.0775967267245711,19883,1477,0.07428456470351556,1075,429,0.39906976744186046,1128,BBH,0.5,discovery,validation
0.8954674610275338,27859,1449,0.052011917154241,19879,1062,0.05342321042305951,1073,288,0.2684063373718546,1129,BBH,0.5,discovery,validation
0.922790806875591,27866,1069,0.03836216177420512,19886,773,0.03887156793724228,1082,167,0.15434380776340112,1130,BBH,0.5,discovery,validation
0.8810000991499087,27869,1656,0.0594208618895547,19887,1234,0.06205058580982552,1079,432,0.40037071362372567,1131,BBH,0.5,discovery,validation
0.9227577751662959,27868,1076,0.03861059279460313,19887,726,0.036506260371096694,1080,169,0.15648148148148147,1132,BBH,0.5,discovery,validation
0.884393926826574,27868,1604,0.057557054686378645,19889,1211,0.060887928000402235,1080,388,0.3592592592592593,1133,BBH,0.5,discovery,validation
0.84378076898278,27868,2176,0.07808238840246878,19890,1470,0.07390648567119155,1082,465,0.4297597042513863,1134,BBH,0.5,discovery,validation
0.8845088176934355,27862,1606,0.05764123178522719,19882,1062,0.05341514938134997,1078,241,0.22356215213358072,1135,BBH,0.5,discovery,validation
0.8873270027416307,27867,1566,0.056195500053827105,19884,1110,0.05582377791188896,1078,326,0.30241187384044527,1136,BBH,0.5,discovery,validation
0.918589299689919,27867,1131,0.04058563892776402,19883,797,0.0400844942916059,1076,346,0.3215613382899628,1137,BBH,0.5,discovery,validation
0.8958080257890246,27869,1449,0.05199325415336036,19885,996,0.050088006034699525,1078,354,0.32838589981447125,1138,BBH,0.5,discovery,validation
0.8834522834745273,27870,1622,0.058198780050233226,19891,1088,0.054698104670453974,1082,330,0.3049907578558225,1139,BBH,0.5,discovery,validation
0.8848583301353485,27858,1595,0.05725464857491564,19880,1122,0.056438631790744466,1073,379,0.353215284249767,1140,BBH,0.5,discovery,validation
0.8897671795426154,27871,1533,0.05500340856086972,19887,1087,0.054658822346256346,1078,411,0.3812615955473098,1141,BBH,0.5,discovery,validation
0.8578020517908025,27868,1977,0.07094158174250036,19892,1281,0.06439774783832697,1082,255,0.2356746765249538,1142,BBH,0.5,discovery,validation
0.8220036961932694,27853,2472,0.08875166050335691,19878,1675,0.08426401046382936,1079,418,0.3873957367933272,1143,BBH,0.5,discovery,validation
0.9016669518618384,27865,1365,0.048986183384173695,19886,946,0.047571155586845014,1078,323,0.29962894248608535,1144,BBH,0.5,discovery,validation
0.8560954403016606,27872,2002,0.07182835820895522,19888,1364,0.06858407079646017,1082,413,0.38170055452865065,1145,BBH,0.5,discovery,validation
0.9173925037248979,27868,1147,0.04115831778383809,19887,806,0.04052898878664454,1081,214,0.19796484736355227,1146,BBH,0.5,discovery,validation
0.9260869037944316,27870,1029,0.03692142088266954,19888,731,0.03675583266291231,1078,241,0.22356215213358072,1147,BBH,0.5,discovery,validation
0.8984548532559197,27869,1411,0.05062973196024256,19885,977,0.04913251194367614,1081,254,0.23496762257169287,1148,BBH,0.5,discovery,validation
0.8510463789008075,27863,2070,0.0742920719233392,19882,1426,0.07172316668343225,1079,383,0.35495829471733087,1149,BBH,0.5,discovery,validation
0.9080795659969111,27860,1276,0.04580043072505384,19879,880,0.044267820312893,1072,423,0.394589552238806,1150,BBH,0.5,discovery,validation
0.9143297082770837,27865,1189,0.04267001614929122,19886,808,0.04063160012068792,1078,236,0.2189239332096475,1151,BBH,0.5,discovery,validation
0.878559209928933,27865,1690,0.060649560380405525,19885,1164,0.05853658536585366,1078,367,0.3404452690166976,1152,BBH,0.5,discovery,validation
0.9150196635309247,27860,1176,0.04221105527638191,19882,878,0.04416054722864903,1083,182,0.1680517082179132,1153,BBH,0.5,discovery,validation
0.8579349818409656,27864,1973,0.07080821131208728,19883,1360,0.06840014082381934,1079,381,0.3531047265987025,1154,BBH,0.5,discovery,validation
0.9051333077771903,27863,1316,0.04723109500053835,19885,903,0.04541111390495348,1079,210,0.19462465245597776,1155,BBH,0.5,discovery,validation
0.9160974307824185,27875,1166,0.041829596412556055,19891,815,0.040973304509577195,1080,221,0.20462962962962963,1156,BBH,0.5,discovery,validation
0.8979343969709076,27868,1419,0.05091861633414669,19885,997,0.05013829519738496,1078,337,0.31261595547309834,1157,BBH,0.5,discovery,validation
0.9075267211895549,27861,1282,0.046014141631671515,19885,975,0.049031933618305254,1082,257,0.23752310536044363,1158,BBH,0.5,discovery,validation
0.9112665866667709,27862,1234,0.04428971358839997,19884,795,0.039981894990947495,1080,185,0.1712962962962963,1159,BBH,0.5,discovery,validation
0.8878874285413629,27870,1560,0.05597416576964478,19888,1109,0.055762268704746584,1080,438,0.40555555555555556,1160,BBH,0.5,discovery,validation
0.904762018254039,27855,1321,0.04742416083288458,19882,980,0.04929081581329846,1078,288,0.26716141001855287,1161,BBH,0.5,discovery,validation
0.9062455756504016,27865,1301,0.046689395298761885,19886,954,0.04797344865734688,1079,282,0.26135310472659873,1162,BBH,0.5,discovery,validation
0.8777609186450794,27868,1699,0.06096598248887613,19885,1125,0.05657530802112145,1082,329,0.30406654343807765,1163,BBH,0.5,discovery,validation
0.8764619823407883,27871,1720,0.06171289153600517,19890,1108,0.05570638511814983,1082,462,0.4269870609981516,1164,BBH,0.5,discovery,validation
0.9090486554508539,27873,1267,0.04545617622789079,19891,934,0.0469559097079081,1082,356,0.3290203327171904,1165,BBH,0.5,discovery,validation
0.8903316170936401,27867,1526,0.05476011052499372,19886,1078,0.05420899125012572,1075,357,0.33209302325581397,1166,BBH,0.5,discovery,validation
0.9110777638098955,27867,1234,0.04428176696450999,19889,915,0.04600532957916436,1082,316,0.2920517560073937,1167,BBH,0.5,discovery,validation
0.8859596238075542,27863,1585,0.05688547536159064,19884,1081,0.05436531884932609,1077,241,0.22376973073351902,1168,BBH,0.5,discovery,validation
0.8911581937525871,27869,1510,0.054182066094944206,19887,1108,0.05571478855533766,1079,220,0.20389249304911955,1169,BBH,0.5,discovery,validation
0.9234263380841797,27873,1065,0.03820901948121838,19890,787,0.039567621920563095,1078,187,0.17346938775510204,1170,BBH,0.5,discovery,validation
0.8939800773782229,27867,1474,0.05289410413751032,19886,1025,0.05154379965805089,1078,364,0.33766233766233766,1171,BBH,0.5,discovery,validation
0.8655173846425113,27871,1869,0.06705895016325213,19888,1268,0.06375703942075624,1078,362,0.3358070500927644,1172,BBH,0.5,discovery,validation
0.9045217842752136,27861,1325,0.04755751767703959,19883,885,0.04451038575667656,1077,354,0.3286908077994429,1173,BBH,0.5,discovery,validation
0.8877482234954959,27863,1561,0.056024118005957725,19885,1179,0.05929092280613528,1080,342,0.31666666666666665,1174,BBH,0.5,discovery,validation
0.8948112741965378,27862,1461,0.052437010982700455,19884,1151,0.05788573727620197,1077,354,0.3286908077994429,1175,BBH,0.5,discovery,validation
0.9037093048037771,27867,1337,0.04797789500125597,19885,1060,0.05330651244656776,1080,314,0.29074074074074074,1176,BBH,0.5,discovery,validation
0.9063757815185945,27868,1301,0.04668436916893928,19888,944,0.04746580852775543,1081,304,0.28122109158186864,1177,BBH,0.5,discovery,validation
0.8761581673076996,27863,1723,0.06183828015647992,19881,1256,0.06317589658467884,1077,368,0.34168987929433614,1178,BBH,0.5,discovery,validation
0.923635482130165,27869,1063,0.03814273924432165,19887,771,0.03876904510484236,1083,228,0.21052631578947367,1179,BBH,0.5,discovery,validation
0.9143092257642994,27875,1193,0.042798206278026905,19889,862,0.04334053999698326,1081,294,0.2719703977798335,1180,BBH,0.5,discovery,validation
0.8801302053368676,27872,1671,0.05995264064293915,19890,1219,0.061287078934137755,1081,338,0.31267345050878814,1181,BBH,0.5,discovery,validation
0.9264777226872392,27868,1020,0.03660111956365724,19890,768,0.03861236802413273,1080,241,0.22314814814814815,1182,BBH,0.5,discovery,validation
0.8773517621024086,27869,1708,0.061286734364347485,19890,1120,0.0563097033685269,1082,272,0.2513863216266174,1183,BBH,0.5,discovery,validation
0.9177114869834935,27866,1140,0.040910069618890404,19887,818,0.04113239804897672,1082,226,0.2088724584103512,1184,BBH,0.5,discovery,validation
0.904170886746209,27866,1330,0.04772841455537214,19884,959,0.04822973244819956,1075,333,0.3097674418604651,1185,BBH,0.5,discovery,validation
0.8912340323551827,27862,1510,0.054195678702175,19882,1182,0.05945075948093753,1079,478,0.44300278035217794,1186,BBH,0.5,discovery,validation
0.9045618042437761,27874,1327,0.04760708904355313,19889,944,0.04746342199205591,1081,294,0.2719703977798335,1187,BBH,0.5,discovery,validation
0.8790914531330061,27863,1680,0.06029501489430428,19879,1168,0.05875547059711253,1076,381,0.354089219330855,1188,BBH,0.5,discovery,validation
0.8871204467659078,27871,1570,0.05633095332065588,19888,1159,0.05827634754625905,1078,492,0.45640074211502785,1189,BBH,0.5,discovery,validation
0.8800215193702984,27863,1669,0.059900226106305854,19883,1236,0.06216365739576522,1079,476,0.4411492122335496,1190,BBH,0.5,discovery,validation
0.9064668715340886,27869,1300,0.04664681186981951,19886,924,0.0464648496429649,1076,288,0.26765799256505574,1191,BBH,0.5,discovery,validation
0.9087365077056597,27868,1267,0.04546433185015071,19885,937,0.047120945436258485,1080,239,0.2212962962962963,1192,BBH,0.5,discovery,validation
0.8797467966827937,27860,1670,0.05994256999282125,19878,1208,0.06077070127779455,1072,298,0.27798507462686567,1193,BBH,0.5,discovery,validation
0.8924260358677559,27868,1495,0.05364575857614468,19883,1091,0.05487099532263743,1079,271,0.2511584800741427,1194,BBH,0.5,discovery,validation
0.8847000228919069,27868,1604,0.057557054686378645,19886,1153,0.05798048878608066,1077,369,0.3426183844011142,1195,BBH,0.5,discovery,validation
0.8944366130959194,27872,1470,0.05274110218140069,19889,1100,0.05530695359243803,1080,371,0.3435185185185185,1196,BBH,0.5,discovery,validation
0.8843058805048791,27859,1606,0.05764743888868947,19881,1250,0.06287410090035712,1075,348,0.32372093023255816,1197,BBH,0.5,discovery,validation
0.9002307082383354,27872,1386,0.049727324913892076,19888,1027,0.05163917940466613,1080,307,0.28425925925925927,1198,BBH,0.5,discovery,validation
0.8528859998158573,27862,2042,0.07328978537075587,19883,1456,0.07322838605844188,1080,420,0.3888888888888889,1199,BBH,0.5,discovery,validation
0.9199599536215557,27875,1115,0.04,19887,782,0.03932217026198019,1080,310,0.28703703703703703,1200,BBH,0.5,discovery,validation
0.8960423726965124,27870,1445,0.051847865087908146,19888,960,0.04827031375703942,1080,192,0.17777777777777778,1201,BBH,0.5,discovery,validation
0.8601627779778676,27868,1945,0.06979331132481699,19885,1358,0.06829268292682927,1077,367,0.34076137418755803,1202,BBH,0.5,discovery,validation
0.9115133018892776,27871,1229,0.04409601377776183,19890,834,0.04193061840120663,1083,215,0.19852262234533702,1203,BBH,0.5,discovery,validation
0.9254238790672562,27869,1036,0.03717392084394847,19884,747,0.03756789378394689,1083,178,0.16435826408125578,1204,BBH,0.5,discovery,validation
0.885705155502077,27862,1585,0.05688751704830953,19886,1182,0.0594388011666499,1078,271,0.25139146567717996,1205,BBH,0.5,discovery,validation
0.8866514334711171,27869,1570,0.05633499587355126,19886,1120,0.05632102987026048,1081,225,0.20814061054579094,1206,BBH,0.5,discovery,validation
0.8989483939873789,27865,1402,0.0503140139960524,19887,995,0.05003268466837633,1080,233,0.21574074074074073,1207,BBH,0.5,discovery,validation
0.8918141095054746,27866,1502,0.05390081102418718,19882,996,0.0500955638265768,1080,193,0.1787037037037037,1208,BBH,0.5,discovery,validation
0.9074163737550103,27871,1287,0.04617702988769689,19888,982,0.04937650844730491,1080,265,0.24537037037037038,1209,BBH,0.5,discovery,validation
0.8959313565697616,27868,1447,0.05192335294961964,19885,1038,0.052200150867488054,1077,407,0.3779015784586815,1210,BBH,0.5,discovery,validation
0.8244236962891938,27866,2447,0.08781310557668844,19885,1740,0.08750314307266784,1079,494,0.4578313253012048,1211,BBH,0.5,discovery,validation
0.9044826075814093,27859,1324,0.04752503679241897,19882,931,0.046826275022633534,1078,268,0.24860853432282004,1212,BBH,0.5,discovery,validation
0.8711950768490242,27868,1790,0.0642313764891632,19887,1275,0.06411223412279378,1076,403,0.3745353159851301,1213,BBH,0.5,discovery,validation
0.9011072198373226,27862,1376,0.04938626085708133,19885,954,0.04797586120191099,1076,359,0.3336431226765799,1214,BBH,0.5,discovery,validation
0.8964000456857735,27870,1443,0.05177610333692142,19888,1040,0.05229283990345937,1080,215,0.19907407407407407,1215,BBH,0.5,discovery,validation
0.8710070312242344,27863,1788,0.06417112299465241,19888,1248,0.06275140788415125,1081,338,0.31267345050878814,1216,BBH,0.5,discovery,validation
0.9112597753254932,27869,1236,0.04435035343930532,19890,840,0.042232277526395176,1082,232,0.2144177449168207,1217,BBH,0.5,discovery,validation
0.9082096807159263,27863,1273,0.045687829738362704,19882,938,0.04717835227844281,1078,280,0.2597402597402597,1218,BBH,0.5,discovery,validation
0.9246839259751903,27864,1041,0.03736003445305771,19882,769,0.03867820138819032,1079,189,0.17516218721038,1219,BBH,0.5,discovery,validation
0.9169051841581506,27865,1154,0.04141396016508164,19886,854,0.04294478527607362,1079,265,0.24559777571825764,1220,BBH,0.5,discovery,validation
0.8829980052358993,27858,1625,0.058331538516763586,19879,1116,0.05613964485135067,1080,278,0.2574074074074074,1221,BBH,0.5,discovery,validation
0.904073843200494,27871,1336,0.04793512970471099,19888,917,0.0461082059533387,1080,245,0.22685185185185186,1222,BBH,0.5,discovery,validation
0.9024804865032093,27870,1355,0.04861858629350556,19886,1031,0.05184551946092728,1078,333,0.30890538033395176,1223,BBH,0.5,discovery,validation
0.874776477808831,27869,1743,0.06254261006853493,19889,1236,0.062144904218412185,1078,549,0.5092764378478665,1224,BBH,0.5,discovery,validation
0.881014641336367,27859,1654,0.05937040094762913,19880,1140,0.05734406438631791,1076,469,0.4358736059479554,1225,BBH,0.5,discovery,validation
0.884016280375353,27866,1609,0.05774061580420584,19882,1168,0.05874660496931898,1079,283,0.2622798887859129,1226,BBH,0.5,discovery,validation
0.8815523879758203,27868,1649,0.05917180996124587,19889,1242,0.062446578510734575,1082,427,0.3946395563770795,1227,BBH,0.5,discovery,validation
0.874644577475849,27866,1742,0.06251345725974305,19885,1266,0.06366607995976867,1077,344,0.31940575673166205,1228,BBH,0.5,discovery,validation
0.8965554611085167,27868,1439,0.0516362853451988,19885,1107,0.05567010309278351,1082,231,0.2134935304990758,1229,BBH,0.5,discovery,validation
0.9163254169672687,27872,1164,0.041762342135476464,19891,879,0.044190840078427426,1080,182,0.1685185185185185,1230,BBH,0.5,discovery,validation
0.8731714496994764,27871,1763,0.0632557138244053,19885,1347,0.06773950213728941,1081,364,0.3367252543940796,1231,BBH,0.5,discovery,validation
0.8997997405526774,27861,1394,0.050034097842862786,19884,1050,0.0528062764031382,1076,306,0.2843866171003718,1232,BBH,0.5,discovery,validation
0.9247554682518614,27864,1042,0.037395923054837785,19883,784,0.03943066941608409,1080,183,0.16944444444444445,1233,BBH,0.5,discovery,validation
0.8896004826455289,27859,1529,0.0548835205858071,19884,1080,0.05431502715751358,1077,298,0.27669452181987003,1234,BBH,0.5,discovery,validation
0.8895368124133657,27863,1534,0.05505509098087069,19882,1122,0.056432954431143746,1078,296,0.274582560296846,1235,BBH,0.5,discovery,validation
0.8755343819020796,27864,1730,0.06208728107952914,19884,1305,0.06563065781532891,1082,351,0.3243992606284658,1236,BBH,0.5,discovery,validation
0.9095363338603087,27876,1259,0.04516429903859951,19891,919,0.046201799808958825,1082,319,0.2948243992606285,1237,BBH,0.5,discovery,validation
0.8907289784876852,27869,1521,0.05457676988768883,19885,1047,0.052652753331657025,1078,200,0.18552875695732837,1238,BBH,0.5,discovery,validation
0.8886504779074171,27858,1547,0.05553162466795893,19880,1179,0.05930583501006036,1073,352,0.32805219012115566,1239,BBH,0.5,discovery,validation
0.8999964440579987,27871,1390,0.04987262746223673,19888,1005,0.050532984714400646,1080,231,0.21388888888888888,1240,BBH,0.5,discovery,validation
0.8945006134260858,27868,1467,0.05264102196067174,19884,1083,0.05446590223295111,1077,294,0.27298050139275765,1241,BBH,0.5,discovery,validation
0.9145443213205954,27865,1186,0.04256235420778755,19885,768,0.03862207694241891,1079,270,0.25023169601482853,1242,BBH,0.5,discovery,validation
0.904639304484161,27867,1321,0.04740373918972261,19887,960,0.04827274098657414,1077,362,0.3361188486536676,1243,BBH,0.5,discovery,validation
0.8994491809642531,27865,1395,0.05006280279921048,19882,990,0.049793783321597423,1075,325,0.3023255813953488,1244,BBH,0.5,discovery,validation
0.8981220392191407,27863,1414,0.050748304202706096,19882,981,0.049341112564128355,1078,260,0.24118738404452691,1245,BBH,0.5,discovery,validation
0.8866470790844375,27858,1575,0.05653672194701701,19883,1193,0.06000100588442388,1079,420,0.38924930491195553,1246,BBH,0.5,discovery,validation
0.9138483422768277,27867,1195,0.04288226217389744,19887,821,0.041283250364559765,1082,216,0.19963031423290203,1247,BBH,0.5,discovery,validation
0.896725632601874,27872,1437,0.05155711825487945,19891,991,0.049821527323915336,1079,360,0.3336422613531047,1248,BBH,0.5,discovery,validation
0.9106485331881798,27867,1241,0.044532960132055835,19887,935,0.04701563835671544,1080,249,0.23055555555555557,1249,BBH,0.5,discovery,validation
0.8703521944684425,27866,1803,0.06470250484461351,19886,1271,0.06391431157598311,1079,427,0.3957367933271548,1250,BBH,0.5,discovery,validation
0.9142642745770178,27869,1191,0.04273565610535003,19888,926,0.046560740144810944,1078,257,0.23840445269016697,1251,BBH,0.5,discovery,validation
0.9092567707559509,27869,1262,0.04528328967670171,19888,913,0.0459070796460177,1079,230,0.21316033364226136,1252,BBH,0.5,discovery,validation
0.8964370730532956,27861,1434,0.05146979648971681,19881,1112,0.055932800160957696,1076,235,0.2184014869888476,1253,BBH,0.5,discovery,validation
0.918167749010271,27860,1136,0.040775305096913135,19882,849,0.04270194145458203,1076,320,0.29739776951672864,1254,BBH,0.5,discovery,validation
0.8910314561970558,27859,1513,0.05430919989949388,19880,1084,0.0545271629778672,1077,297,0.2757660167130919,1255,BBH,0.5,discovery,validation
0.877016689988277,27863,1708,0.06129993180920935,19882,1183,0.05950105623176743,1078,226,0.20964749536178107,1256,BBH,0.5,discovery,validation
0.9053486285239186,27874,1316,0.047212456052235056,19890,1024,0.051483157365510304,1081,236,0.2183163737280296,1257,BBH,0.5,discovery,validation
0.9166518204082718,27863,1156,0.04148871262965223,19881,820,0.041245410190634275,1077,176,0.16341689879294335,1258,BBH,0.5,discovery,validation
0.8974781472087076,27863,1426,0.051178982880522556,19885,1048,0.05270304249434247,1082,398,0.3678373382624769,1259,BBH,0.5,discovery,validation
0.8699322444804637,27870,1805,0.06476498026551848,19889,1278,0.06425662426466891,1079,517,0.47914735866543096,1260,BBH,0.5,discovery,validation
0.8761356594810205,27869,1721,0.06175320248304568,19884,1203,0.060500905250452625,1081,323,0.29879740980573544,1261,BBH,0.5,discovery,validation
0.9068894446206683,27865,1293,0.04640229678808541,19883,917,0.046119800834884074,1082,314,0.2902033271719039,1262,BBH,0.5,discovery,validation
0.9233217790556197,27875,1068,0.03831390134529148,19890,802,0.04032176973353444,1081,225,0.20814061054579094,1263,BBH,0.5,discovery,validation
0.9071822303089251,27869,1287,0.04618034375112132,19886,928,0.04666599617821583,1080,205,0.18981481481481483,1264,BBH,0.5,discovery,validation
0.9085153714475003,27864,1267,0.045470858455354576,19883,891,0.044812151083840464,1078,285,0.26437847866419295,1265,BBH,0.5,discovery,validation
0.9152524363853397,27872,1176,0.04219288174512055,19887,841,0.04228893246844673,1079,288,0.2669138090824838,1266,BBH,0.5,discovery,validation
0.915116659240743,27865,1179,0.04231114301094563,19886,889,0.04470481745951926,1079,232,0.21501390176088972,1267,BBH,0.5,discovery,validation
0.9132433486082383,27868,1206,0.0432754413664418,19887,882,0.044350580781414996,1078,221,0.20500927643784786,1268,BBH,0.5,discovery,validation
0.9164759381779728,27865,1160,0.041629284048089,19885,890,0.044757354790042746,1080,357,0.33055555555555555,1269,BBH,0.5,discovery,validation
0.8895128685704632,27869,1537,0.055150884495317375,19887,1119,0.056267913712475484,1080,366,0.3388888888888889,1270,BBH,0.5,discovery,validation
0.8933758059545804,27869,1480,0.05310560120564067,19887,1117,0.05616734550208679,1078,366,0.3395176252319109,1271,BBH,0.5,discovery,validation
0.9197611071979442,27861,1111,0.03987652991637056,19884,830,0.041742104204385434,1076,179,0.16635687732342008,1272,BBH,0.5,discovery,validation
0.912794686296758,27867,1213,0.04352818746187247,19884,857,0.04309997988332327,1083,223,0.2059095106186519,1273,BBH,0.5,discovery,validation
0.9101152012857547,27869,1245,0.04467329290609638,19883,908,0.045667152844138206,1079,231,0.21408711770157554,1274,BBH,0.5,discovery,validation
0.8736027404319573,27864,1757,0.06305627332759116,19885,1242,0.06245914005531808,1080,282,0.2611111111111111,1275,BBH,0.5,discovery,validation
0.862124477304278,27873,1914,0.06866860402540093,19889,1453,0.0730554577907386,1081,400,0.3700277520814061,1276,BBH,0.5,discovery,validation
0.9049450383749189,27868,1321,0.04740203817999139,19887,982,0.0493789913008498,1078,369,0.3423005565862709,1277,BBH,0.5,discovery,validation
0.9089056070514765,27862,1267,0.04547412246069916,19881,881,0.044313666314571704,1076,319,0.29646840148698883,1278,BBH,0.5,discovery,validation
0.9023500745016777,27867,1359,0.04876735924211433,19889,961,0.04831816582030268,1083,203,0.18744228993536471,1279,BBH,0.5,discovery,validation
0.894540139275307,27870,1466,0.05260136347326875,19889,1016,0.05108351349992458,1080,347,0.3212962962962963,1280,BBH,0.5,discovery,validation
0.9047176430650986,27871,1325,0.047540454235585373,19890,907,0.045600804424333834,1082,234,0.21626617375231053,1281,BBH,0.5,discovery,validation
0.8978234457158436,27866,1417,0.05085049881576114,19884,1064,0.05351036008851338,1077,275,0.255338904363974,1282,BBH,0.5,discovery,validation
0.8936955997097952,27850,1472,0.052854578096947935,19872,1051,0.052888486312399355,1075,257,0.23906976744186045,1283,BBH,0.5,discovery,validation
0.8448442556568766,27871,2162,0.0775716694772344,19887,1468,0.07381706642530296,1081,470,0.43478260869565216,1284,BBH,0.5,discovery,validation
0.8751140438292792,27868,1735,0.06225778670876991,19887,1295,0.06511791622668074,1080,436,0.40370370370370373,1285,BBH,0.5,discovery,validation
0.907273304559306,27870,1290,0.04628632938643703,19888,916,0.04605792437650845,1081,225,0.20814061054579094,1286,BBH,0.5,discovery,validation
0.9112081832735862,27859,1231,0.04418679780322338,19881,862,0.04335797998088627,1074,332,0.3091247672253259,1287,BBH,0.5,discovery,validation
0.8446089968407889,27870,2164,0.07764621456763544,19888,1475,0.07416532582461786,1079,512,0.47451343836886006,1288,BBH,0.5,discovery,validation
0.8806854156802835,27864,1657,0.05946741314958369,19886,1185,0.0595896610680881,1081,353,0.3265494912118409,1289,BBH,0.5,discovery,validation
0.9060963354195466,27872,1306,0.04685706084959816,19891,993,0.04992207531044191,1083,446,0.4118190212373038,1290,BBH,0.5,discovery,validation
0.8930104912615858,27865,1489,0.05343621029965907,19887,1007,0.0506360939307085,1083,210,0.19390581717451524,1291,BBH,0.5,discovery,validation
0.8720489792295694,27865,1778,0.06380764399784676,19888,1292,0.06496379726468222,1078,344,0.31910946196660483,1292,BBH,0.5,discovery,validation
0.9052183762931243,27871,1318,0.047289297118869075,19886,940,0.04726943578396862,1080,285,0.2638888888888889,1293,BBH,0.5,discovery,validation
0.9072146882144547,27867,1289,0.046255427566655904,19885,929,0.04671863213477496,1080,284,0.26296296296296295,1294,BBH,0.5,discovery,validation
0.9187903748135083,27870,1129,0.04050950843200574,19888,807,0.040577232502011264,1079,232,0.21501390176088972,1295,BBH,0.5,discovery,validation
0.9038651234638727,27864,1336,0.04794717197817973,19882,1012,0.05090031183985515,1079,275,0.2548656163113994,1296,BBH,0.5,discovery,validation
0.8863335802647245,27871,1581,0.05672562878978149,19887,1178,0.05923467591894202,1077,289,0.2683379758588672,1297,BBH,0.5,discovery,validation
0.8927121844964911,27869,1492,0.05353618716136209,19887,1120,0.056318197817669835,1077,408,0.3788300835654596,1298,BBH,0.5,discovery,validation
0.8908600111561564,27872,1520,0.05453501722158439,19891,1040,0.052284952993816296,1080,304,0.2814814814814815,1299,BBH,0.5,discovery,validation
0.8428413227447736,27871,2185,0.07839690000358795,19885,1411,0.07095800854915765,1081,312,0.28862164662349676,1300,BBH,0.5,discovery,validation
0.8801731590463703,27867,1668,0.05985574335235225,19887,1302,0.06546990496304118,1078,345,0.3200371057513915,1301,BBH,0.5,discovery,validation
0.883340816905415,27868,1622,0.05820295679632553,19885,1162,0.058436007040482775,1081,374,0.3459759481961147,1302,BBH,0.5,discovery,validation
0.9019923823169146,27868,1363,0.048909143103200804,19886,1052,0.05290153877099467,1078,427,0.3961038961038961,1303,BBH,0.5,discovery,validation
0.8940394039566512,27870,1476,0.052960172228202367,19886,1076,0.054108417982500254,1080,277,0.2564814814814815,1304,BBH,0.5,discovery,validation
0.9093218385083427,27865,1261,0.04525390274537951,19884,929,0.04672098169382418,1077,215,0.19962859795728877,1305,BBH,0.5,discovery,validation
0.9009979105140502,27871,1374,0.049298554052599475,19888,1006,0.050583266291230895,1081,244,0.22571692876965774,1306,BBH,0.5,discovery,validation
0.8927805773794754,27857,1487,0.05337976092185088,19879,1006,0.05060616731223905,1073,227,0.21155638397017706,1307,BBH,0.5,discovery,validation
0.9039503742556888,27872,1335,0.04789753157290471,19889,958,0.04816732867414149,1078,304,0.2820037105751391,1308,BBH,0.5,discovery,validation
0.8623187276768481,27872,1914,0.06867106773823192,19886,1408,0.07080358040832746,1081,347,0.3209990749306198,1309,BBH,0.5,discovery,validation
0.8939329589580112,27861,1473,0.05286960267039948,19879,1149,0.05779968811308416,1075,338,0.3144186046511628,1310,BBH,0.5,discovery,validation
0.8702293163099583,27867,1804,0.06473606775038576,19884,1301,0.06542949104807885,1080,346,0.32037037037037036,1311,BBH,0.5,discovery,validation
0.9010442795582392,27877,1377,0.04939555906302687,19891,1001,0.050324267256548184,1080,480,0.4444444444444444,1312,BBH,0.5,discovery,validation
0.9211566436067807,27874,1097,0.039355671952357035,19889,827,0.04158077329176932,1079,275,0.2548656163113994,1313,BBH,0.5,discovery,validation
0.8837899983717711,27869,1618,0.0580573396964369,19884,1128,0.056729028364514184,1081,200,0.18501387604070305,1314,BBH,0.5,discovery,validation
0.8940836062120303,27865,1472,0.05282612596447156,19883,1001,0.050344515415178794,1076,345,0.32063197026022305,1315,BBH,0.5,discovery,validation
0.8880225045155989,27866,1558,0.05591042847915022,19883,1102,0.05542423175577126,1074,359,0.33426443202979517,1316,BBH,0.5,discovery,validation
0.9127356053483546,27875,1215,0.04358744394618834,19890,871,0.04379084967320261,1081,323,0.29879740980573544,1317,BBH,0.5,discovery,validation
0.9008155372128801,27869,1379,0.049481502744985466,19889,1053,0.052943838302579316,1082,424,0.39186691312384475,1318,BBH,0.5,discovery,validation
0.8885232825331297,27866,1549,0.05558745424531687,19883,1207,0.06070512498113967,1078,356,0.3302411873840445,1319,BBH,0.5,discovery,validation
0.877119621461102,27861,1705,0.06119665482215283,19882,1255,0.06312242229151997,1078,314,0.2912801484230056,1320,BBH,0.5,discovery,validation
0.92243863930397,27870,1080,0.038751345532831,19891,831,0.041777688401789755,1081,304,0.28122109158186864,1321,BBH,0.5,discovery,validation
0.9037034504836208,27874,1341,0.04810934921432159,19891,991,0.049821527323915336,1081,387,0.3580018501387604,1322,BBH,0.5,discovery,validation
0.8455788104519378,27866,2147,0.07704729778224359,19886,1499,0.07537966408528612,1078,471,0.43692022263450836,1323,BBH,0.5,discovery,validation
0.8366803277114858,27874,2271,0.08147377484394058,19892,1530,0.07691534285139755,1081,489,0.45235892691951896,1324,BBH,0.5,discovery,validation
0.9072471496041499,27865,1287,0.046186972905078054,19880,913,0.045925553319919515,1072,344,0.3208955223880597,1325,BBH,0.5,discovery,validation
0.8271126113589574,27868,2406,0.08633558202956797,19887,1620,0.08146025041484387,1079,508,0.47080630213160335,1326,BBH,0.5,discovery,validation
0.9030654588712038,27867,1346,0.04830085764524348,19885,1039,0.0522504400301735,1073,353,0.32898415657036345,1327,BBH,0.5,discovery,validation
0.89362238519346,27867,1480,0.05310941256683532,19882,1150,0.05784126345438085,1080,273,0.25277777777777777,1328,BBH,0.5,discovery,validation
0.908287764768744,27867,1275,0.045753041231564213,19885,914,0.045964294694493334,1079,345,0.31974050046339203,1329,BBH,0.5,discovery,validation
0.9139454411244302,27871,1198,0.042983746546589645,19888,843,0.042387369267900245,1078,286,0.2653061224489796,1330,BBH,0.5,discovery,validation
0.889874680455468,27862,1528,0.05484171990524729,19881,1048,0.052713646194859416,1079,307,0.2845227062094532,1331,BBH,0.5,discovery,validation
0.8664985837835586,27870,1858,0.06666666666666667,19888,1229,0.06179605792437651,1081,278,0.25716928769657726,1332,BBH,0.5,discovery,validation
0.8597847045148779,27867,1949,0.06993935479240679,19885,1301,0.06542620065375912,1077,418,0.3881151346332405,1333,BBH,0.5,discovery,validation
0.8956377616466853,27865,1449,0.05200071774627669,19886,1106,0.05561701699688223,1082,276,0.25508317929759705,1334,BBH,0.5,discovery,validation
0.918297322212712,27863,1132,0.04062735527401931,19880,803,0.04039235412474849,1079,124,0.11492122335495829,1335,BBH,0.5,discovery,validation
0.8891869935699579,27867,1540,0.05526249686008541,19882,1165,0.05859571471682929,1081,270,0.24976873265494912,1336,BBH,0.5,discovery,validation
0.8627283143779357,27864,1909,0.0685113407981625,19886,1346,0.06768580911193804,1080,414,0.38333333333333336,1337,BBH,0.5,discovery,validation
0.9081121967162127,27869,1277,0.04582152212135347,19884,922,0.04636893985113659,1077,340,0.31569173630454966,1338,BBH,0.5,discovery,validation
0.8804478303647353,27870,1663,0.05966989594546107,19890,1218,0.061236802413273,1082,381,0.3521256931608133,1339,BBH,0.5,discovery,validation
0.9110714119091774,27863,1234,0.04428812403545921,19884,874,0.04395493864413599,1078,392,0.36363636363636365,1340,BBH,0.5,discovery,validation
0.8750335758883466,27864,1736,0.06230261269020959,19883,1265,0.06362218981039079,1077,467,0.4336118848653668,1341,BBH,0.5,discovery,validation
0.89513217841432,27872,1460,0.05238231917336395,19888,1019,0.05123692679002414,1082,298,0.2754158964879852,1342,BBH,0.5,discovery,validation
0.9060180957326757,27868,1307,0.04689966987225492,19885,897,0.045109378928840836,1075,412,0.38325581395348834,1343,BBH,0.5,discovery,validation
0.9053486285239186,27874,1318,0.04728420750520198,19891,973,0.04891659544517621,1081,348,0.32192414431082333,1344,BBH,0.5,discovery,validation
0.9030850722881403,27868,1348,0.04837089134491172,19884,996,0.05009052504526252,1078,375,0.34786641929499074,1345,BBH,0.5,discovery,validation
0.8895844044479468,27869,1533,0.05500735584341024,19887,1107,0.05566450445014331,1080,292,0.27037037037037037,1346,BBH,0.5,discovery,validation
0.8946361697732885,27864,1458,0.05232558139534884,19882,1059,0.05326425912886028,1081,237,0.21924144310823312,1347,BBH,0.5,discovery,validation
0.9313471451142731,27872,952,0.03415614236509759,19888,730,0.03670555108608206,1080,193,0.1787037037037037,1348,BBH,0.5,discovery,validation
0.8771597771017067,27863,1705,0.06119226213975523,19881,1220,0.061365122478748556,1079,467,0.432808155699722,1349,BBH,0.5,discovery,validation
0.8626259050551109,27866,1908,0.0684705375726692,19883,1428,0.07182014786501031,1082,410,0.3789279112754159,1350,BBH,0.5,discovery,validation
0.9037485081897098,27869,1339,0.048046216225914096,19885,941,0.04732210208700025,1078,291,0.2699443413729128,1351,BBH,0.5,discovery,validation
0.9036828339630981,27862,1339,0.0480582872729883,19884,1009,0.05074431703882518,1077,281,0.26090993500464255,1352,BBH,0.5,discovery,validation
0.9028242959211731,27862,1349,0.0484171990524729,19883,983,0.04943921943368707,1080,349,0.32314814814814813,1353,BBH,0.5,discovery,validation
0.9041061875771281,27869,1334,0.047866805411030174,19887,999,0.05023382108915372,1077,255,0.23676880222841226,1354,BBH,0.5,discovery,validation
0.8456186881907889,27861,2149,0.07713290980223252,19880,1538,0.07736418511066398,1076,468,0.4349442379182156,1355,BBH,0.5,discovery,validation
0.906792109295491,27871,1292,0.046356427828208535,19889,962,0.04836844486902308,1082,246,0.22735674676524953,1356,BBH,0.5,discovery,validation
0.8604792698387731,27873,1941,0.0696372833925304,19892,1473,0.07404986929418862,1082,470,0.4343807763401109,1357,BBH,0.5,discovery,validation
0.9202483048215763,27864,1106,0.03969279356876256,19886,813,0.04088303328975158,1079,284,0.2632066728452271,1358,BBH,0.5,discovery,validation
0.8931688268707627,27874,1485,0.053275453827940016,19892,1116,0.05610295596219586,1082,287,0.26524953789279115,1359,BBH,0.5,discovery,validation
0.893145928811536,27861,1478,0.05304906500125624,19883,1048,0.052708343811296084,1078,240,0.22263450834879406,1360,BBH,0.5,discovery,validation
0.914855971931638,27870,1182,0.04241119483315393,19889,905,0.04550253909196038,1082,234,0.21626617375231053,1361,BBH,0.5,discovery,validation
0.9182045926501857,27873,1134,0.04068453341943817,19888,805,0.040476669348350765,1082,217,0.20055452865064696,1362,BBH,0.5,discovery,validation
0.9270500199447094,27868,1012,0.0363140519592364,19885,757,0.038068896152879055,1078,205,0.1901669758812616,1363,BBH,0.5,discovery,validation
0.8686243923452371,27869,1826,0.06552082959560802,19884,1309,0.06583182458257895,1078,384,0.3562152133580705,1364,BBH,0.5,discovery,validation
0.8891353186744383,27868,1540,0.05526051385101191,19887,1070,0.05380399255795243,1078,287,0.2662337662337662,1365,BBH,0.5,discovery,validation
0.8849427895432379,27873,1601,0.05743909876941843,19887,1092,0.054910242872228086,1079,395,0.366079703429101,1366,BBH,0.5,discovery,validation
0.9066685917299087,27872,1299,0.046605912743972445,19889,896,0.04505002765347679,1081,339,0.3135985198889917,1367,BBH,0.5,discovery,validation
0.8576998282477394,27870,1978,0.0709723717258701,19887,1386,0.06969376979936642,1078,361,0.33487940630797774,1368,BBH,0.5,discovery,validation
0.9366740242765554,27870,878,0.03150340868317187,19885,634,0.03188332914256978,1078,167,0.1549165120593692,1369,BBH,0.5,discovery,validation
0.8914167673230847,27864,1510,0.05419178868791272,19882,996,0.0500955638265768,1078,305,0.2829313543599258,1370,BBH,0.5,discovery,validation
0.8783733270270219,27870,1690,0.06063867958378184,19885,1298,0.06527533316570279,1076,369,0.3429368029739777,1371,BBH,0.5,discovery,validation
0.9109088624826353,27862,1234,0.04428971358839997,19887,931,0.04681450193593805,1078,185,0.17161410018552875,1372,BBH,0.5,discovery,validation
0.9052831504167345,27867,1315,0.0471884307603976,19887,952,0.04787046814501936,1078,254,0.23562152133580705,1373,BBH,0.5,discovery,validation
0.9237070180076485,27869,1060,0.0380350927553913,19892,824,0.0414236879147396,1082,324,0.29944547134935307,1374,BBH,0.5,discovery,validation
0.9055429997206027,27862,1311,0.04705333429043141,19884,956,0.04807885737276202,1077,313,0.2906220984215413,1375,BBH,0.5,discovery,validation
0.8897154985354323,27872,1533,0.05500143513203215,19890,1194,0.060030165912518856,1080,439,0.4064814814814815,1376,BBH,0.5,discovery,validation
0.8343885593967033,27867,2303,0.08264255212258227,19888,1596,0.08024939662107804,1082,448,0.41404805914972276,1377,BBH,0.5,discovery,validation
0.9234016249283362,27868,1063,0.038144107937419264,19887,771,0.03876904510484236,1080,145,0.13425925925925927,1378,BBH,0.5,discovery,validation
0.894071390482983,27868,1472,0.05282043921343477,19886,984,0.049482047671728854,1080,233,0.21574074074074073,1379,BBH,0.5,discovery,validation
0.8716509232346676,27863,1783,0.06399167354556222,19884,1283,0.06452424059545363,1083,352,0.3250230840258541,1380,BBH,0.5,discovery,validation
0.8638111729942407,27868,1891,0.06785560499497632,19883,1351,0.06794749283307348,1076,432,0.40148698884758366,1381,BBH,0.5,discovery,validation
0.8830978923090345,27863,1625,0.058321070954312174,19881,1052,0.05291484331774056,1075,239,0.22232558139534883,1382,BBH,0.5,discovery,validation
0.8958080257890246,27870,1451,0.052063150340868315,19887,1010,0.05078694624629155,1081,397,0.36725254394079554,1383,BBH,0.5,discovery,validation
0.868431463182502,27863,1831,0.06571438825682806,19885,1293,0.06502388735227559,1079,303,0.2808155699721965,1384,BBH,0.5,discovery,validation
0.8544599862260536,27862,2020,0.07250017945588974,19884,1421,0.07146449406558036,1074,404,0.3761638733705773,1385,BBH,0.5,discovery,validation
0.9067339006849195,27879,1297,0.04652247211162524,19893,909,0.04569446538983562,1082,291,0.2689463955637708,1386,BBH,0.5,discovery,validation
0.844046248385305,27867,2168,0.07779811246276959,19883,1575,0.07921339838052607,1078,389,0.3608534322820037,1387,BBH,0.5,discovery,validation
0.8841476777591893,27869,1610,0.05777028239262263,19887,1183,0.05948609644491376,1078,410,0.3803339517625232,1388,BBH,0.5,discovery,validation
0.8843106986487534,27871,1606,0.05762261849233971,19887,1149,0.05777643686830593,1081,309,0.2858464384828862,1389,BBH,0.5,discovery,validation
0.8803877743572281,27867,1666,0.05978397387591058,19886,1153,0.05798048878608066,1081,295,0.272895467160037,1390,BBH,0.5,discovery,validation
0.9060834826809514,27875,1310,0.04699551569506726,19893,996,0.050067863067410644,1083,296,0.27331486611265005,1391,BBH,0.5,discovery,validation
0.9192775540407326,27873,1122,0.040254009256269506,19889,823,0.04137965709688773,1082,163,0.15064695009242143,1392,BBH,0.5,discovery,validation
0.9142193394799689,27863,1186,0.04256540932419337,19884,862,0.04335143834238584,1080,216,0.2,1393,BBH,0.5,discovery,validation
0.9033585100176,27871,1345,0.04825804599763195,19887,938,0.047166490672298486,1081,298,0.27567067530064754,1394,BBH,0.5,discovery,validation
0.841962216720258,27870,2199,0.07890204520990313,19884,1434,0.07211828605914303,1077,358,0.33240482822655526,1395,BBH,0.5,discovery,validation
0.9118709748940379,27871,1227,0.04402425460155717,19889,864,0.043441098094424056,1082,293,0.2707948243992606,1396,BBH,0.5,discovery,validation
0.8824024404625143,27864,1634,0.05864197530864197,19884,1222,0.06145644739489036,1081,279,0.25809435707678074,1397,BBH,0.5,discovery,validation
0.8678996014211839,27865,1834,0.0658173335725821,19887,1332,0.06697842811887163,1081,288,0.2664199814986124,1398,BBH,0.5,discovery,validation
0.8923985546819573,27863,1495,0.0536553852779672,19883,1136,0.05713423527636675,1075,372,0.34604651162790695,1399,BBH,0.5,discovery,validation
0.8982796444190532,27871,1415,0.05076961716479495,19886,1038,0.05219752589761641,1078,258,0.23933209647495363,1400,BBH,0.5,discovery,validation
0.9190456336786715,27861,1123,0.04030723951042676,19880,791,0.0397887323943662,1082,186,0.17190388170055454,1401,BBH,0.5,discovery,validation
0.8988446910910001,27868,1405,0.05041624802641022,19888,969,0.048722847948511665,1081,258,0.23866790009250693,1402,BBH,0.5,discovery,validation
0.9116758344455769,27873,1229,0.04409284971119004,19888,845,0.04248793242156074,1079,315,0.2919369786839666,1403,BBH,0.5,discovery,validation
0.9068050044616973,27868,1291,0.046325534663413236,19886,950,0.04777230212209595,1079,297,0.2752548656163114,1404,BBH,0.5,discovery,validation
0.8998784269444309,27865,1390,0.04988336623003768,19886,1023,0.05144322639042542,1079,273,0.25301204819277107,1405,BBH,0.5,discovery,validation
0.8755521548539711,27872,1728,0.06199770378874857,19888,1205,0.06058930008045052,1081,258,0.23866790009250693,1406,BBH,0.5,discovery,validation
0.8932890439049382,27861,1482,0.05319263486594164,19883,1007,0.0506462807423427,1078,340,0.31539888682745826,1407,BBH,0.5,discovery,validation
0.8849978996316,27865,1599,0.05738381482146061,19884,1094,0.055019110842888755,1079,227,0.21037998146431883,1408,BBH,0.5,discovery,validation
0.8793776273598651,27863,1678,0.0602232351146682,19881,1213,0.061013027513706554,1079,266,0.24652455977757182,1409,BBH,0.5,discovery,validation
0.8554516519525032,27872,2012,0.07218714121699196,19889,1305,0.06561415858011967,1080,458,0.42407407407407405,1410,BBH,0.5,discovery,validation
0.8937654620673652,27867,1477,0.05300175835217282,19887,1055,0.05304973098003721,1079,380,0.35217794253938833,1411,BBH,0.5,discovery,validation
0.880610914801573,27871,1661,0.05959599583796778,19891,1177,0.05917249007088633,1081,440,0.4070305272895467,1412,BBH,0.5,discovery,validation
0.9109672814323576,27865,1239,0.0444643818410192,19888,943,0.04741552695092518,1077,302,0.28040854224698236,1413,BBH,0.5,discovery,validation
0.8946832153373209,27870,1465,0.05256548259777539,19891,1003,0.05042481524307476,1083,285,0.2631578947368421,1414,BBH,0.5,discovery,validation
0.862933934645722,27853,1903,0.06832298136645963,19882,1339,0.06734734936123127,1078,277,0.2569573283858998,1415,BBH,0.5,discovery,validation
0.8892068637944854,27868,1536,0.055116980048801494,19886,1136,0.05712561601126421,1081,262,0.242368177613321,1416,BBH,0.5,discovery,validation
0.8675013969452097,27863,1841,0.06607328715500843,19885,1375,0.06914759869248177,1078,426,0.39517625231910947,1417,BBH,0.5,discovery,validation
0.9151481672856929,27874,1179,0.04229748152400086,19889,897,0.045100306702197196,1081,389,0.3598519888991674,1418,BBH,0.5,discovery,validation
0.8805138005933327,27859,1658,0.059513981119207436,19885,1180,0.059341211968820716,1079,473,0.43836886005560705,1419,BBH,0.5,discovery,validation
0.8986176182191913,27870,1408,0.05052027269465375,19889,1080,0.054301372618030065,1081,322,0.2978723404255319,1420,BBH,0.5,discovery,validation
0.8981490084424589,27868,1416,0.050810965982488875,19885,1002,0.05038974101081217,1080,370,0.3425925925925926,1421,BBH,0.5,discovery,validation
0.8844689124508502,27860,1602,0.05750179468772434,19879,1097,0.0551838623673223,1077,272,0.2525533890436397,1422,BBH,0.5,discovery,validation
0.8882808157143693,27861,1550,0.05563332256559348,19886,1185,0.0595896610680881,1078,331,0.3070500927643785,1423,BBH,0.5,discovery,validation
0.9002290172547261,27861,1382,0.04960338824880658,19881,1000,0.0502992807202857,1073,274,0.255358807082945,1424,BBH,0.5,discovery,validation
0.8517525171956598,27873,2065,0.07408603307860653,19888,1472,0.07401448109412712,1081,471,0.4357076780758557,1425,BBH,0.5,discovery,validation
0.8656615477214548,27864,1869,0.06707579672695951,19886,1313,0.06602635019611787,1079,432,0.40037071362372567,1426,BBH,0.5,discovery,validation
0.8594681248039505,27862,1952,0.07005957935539445,19885,1379,0.06934875534322353,1079,380,0.35217794253938833,1427,BBH,0.5,discovery,validation
0.8608885837449465,27866,1931,0.0692959161702433,19882,1397,0.07026456090936525,1080,363,0.33611111111111114,1428,BBH,0.5,discovery,validation
0.9170348179389791,27868,1153,0.04137361848715373,19889,868,0.04364221428930565,1080,305,0.2824074074074074,1429,BBH,0.5,discovery,validation
0.8982205455996428,27868,1415,0.05077508253193627,19885,1046,0.05260246416897159,1078,360,0.3339517625231911,1430,BBH,0.5,discovery,validation
0.9128273473464615,27865,1211,0.043459537053651534,19885,903,0.04541111390495348,1079,357,0.33086190917516217,1431,BBH,0.5,discovery,validation
0.910433917877322,27867,1244,0.044640614346718344,19887,872,0.043847739729471515,1078,369,0.3423005565862709,1432,BBH,0.5,discovery,validation
0.8691749311069731,27875,1821,0.06532735426008969,19888,1292,0.06496379726468222,1080,449,0.41574074074074074,1433,BBH,0.5,discovery,validation
0.891452088645888,27873,1512,0.05424604455925089,19889,1114,0.05601086027452361,1081,365,0.33765032377428306,1434,BBH,0.5,discovery,validation
0.9027989236594052,27868,1352,0.04851442514712215,19887,970,0.048775582038517624,1079,416,0.3855421686746988,1435,BBH,0.5,discovery,validation
0.9159825618494972,27858,1166,0.04185512240649006,19881,861,0.04330768070016599,1077,351,0.32590529247910865,1436,BBH,0.5,discovery,validation
0.912345331050218,27877,1213,0.04351257308892636,19892,915,0.04599839131309069,1082,227,0.2097966728280961,1437,BBH,0.5,discovery,validation
0.8574750454462232,27866,1983,0.07116198952128042,19885,1506,0.07573547900427458,1081,340,0.3145235892691952,1438,BBH,0.5,discovery,validation
0.8922708456827443,27871,1497,0.05371174338918589,19890,1035,0.05203619909502263,1080,425,0.39351851851851855,1439,BBH,0.5,discovery,validation
0.8954108461172752,27867,1452,0.052104639896651955,19884,1009,0.05074431703882518,1077,315,0.2924791086350975,1440,BBH,0.5,discovery,validation
0.89771248767015,27864,1422,0.05103359173126615,19887,999,0.05023382108915372,1078,290,0.2690166975881262,1441,BBH,0.5,discovery,validation
0.8792030788991997,27865,1680,0.06029068724205993,19882,1235,0.06211648727492204,1080,315,0.2916666666666667,1442,BBH,0.5,discovery,validation
0.9107526584422687,27865,1243,0.04460793109635744,19882,901,0.045317372497736645,1077,342,0.31754874651810583,1443,BBH,0.5,discovery,validation
0.8899859217896608,27864,1531,0.054945449325294285,19884,1128,0.056729028364514184,1081,341,0.3154486586493987,1444,BBH,0.5,discovery,validation
0.8986819223173249,27867,1408,0.050525711414935226,19886,1019,0.0512420798551745,1079,377,0.3493975903614458,1445,BBH,0.5,discovery,validation
0.9017455036201677,27869,1366,0.04901503462628727,19888,996,0.0500804505229284,1081,215,0.19888991674375578,1446,BBH,0.5,discovery,validation
0.8832892472293855,27869,1619,0.058093221859413686,19887,1257,0.06320712022929552,1081,285,0.26364477335800185,1447,BBH,0.5,discovery,validation
0.8930577121839274,27871,1489,0.05342470668436727,19890,1105,0.05555555555555555,1082,433,0.400184842883549,1448,BBH,0.5,discovery,validation
0.9110451676930423,27869,1239,0.044457999928235674,19888,916,0.04605792437650845,1079,287,0.2659870250231696,1449,BBH,0.5,discovery,validation
0.8933758059545804,27870,1484,0.053247219232149264,19887,1084,0.05450797003067331,1079,452,0.41890639481000924,1450,BBH,0.5,discovery,validation
0.9015238698684457,27865,1367,0.04905795801184281,19886,1063,0.053454691742934726,1077,231,0.21448467966573817,1451,BBH,0.5,discovery,validation
0.8992148754802449,27864,1399,0.05020815389032443,19881,995,0.050047784316684274,1075,368,0.34232558139534885,1452,BBH,0.5,discovery,validation
0.8789570056181761,27867,1681,0.06032224494922309,19884,1229,0.06180848923757795,1079,387,0.3586654309545876,1453,BBH,0.5,discovery,validation
0.9366650037403912,27862,877,0.031476563060799656,19882,622,0.03128457901619555,1079,199,0.18443002780352177,1454,BBH,0.5,discovery,validation
0.903591684754108,27861,1338,0.04802411973726715,19881,961,0.048337608772194555,1077,242,0.22469823584029713,1455,BBH,0.5,discovery,validation
0.9079300725839808,27867,1278,0.04586069544622672,19884,925,0.04651981492657413,1076,308,0.2862453531598513,1456,BBH,0.5,discovery,validation
0.9143890513821683,27857,1185,0.04253867968553685,19879,883,0.04441873333668696,1073,253,0.23578751164958062,1457,BBH,0.5,discovery,validation
0.8874023681893861,27861,1565,0.056171709558163745,19884,1103,0.05547173606920137,1079,263,0.24374420759962928,1458,BBH,0.5,discovery,validation
0.9071365273652044,27863,1290,0.04629795786526936,19884,920,0.04626835646751157,1078,236,0.2189239332096475,1459,BBH,0.5,discovery,validation
0.9026419638053129,27860,1353,0.04856424982053123,19886,925,0.046515136276777634,1080,340,0.3148148148148148,1460,BBH,0.5,discovery,validation
0.9072537661864088,27869,1289,0.04625210807707489,19889,926,0.046558399115088744,1080,329,0.30462962962962964,1461,BBH,0.5,discovery,validation
0.88291485693876,27861,1626,0.05836114999461613,19885,1099,0.055267789791299975,1081,362,0.3348751156336725,1462,BBH,0.5,discovery,validation
0.9049254582319715,27867,1320,0.047367854451501774,19887,964,0.04847387740735153,1078,429,0.3979591836734694,1463,BBH,0.5,discovery,validation
0.9050361539844155,27869,1315,0.04718504431447128,19887,970,0.048775582038517624,1080,212,0.1962962962962963,1464,BBH,0.5,discovery,validation
0.9083657555859426,27860,1271,0.04562096195262024,19881,952,0.047884915245711986,1079,218,0.2020389249304912,1465,BBH,0.5,discovery,validation
0.915037840268954,27872,1179,0.04230051664753157,19891,829,0.041677140415263186,1080,254,0.2351851851851852,1466,BBH,0.5,discovery,validation
0.8877879985027558,27865,1558,0.055912434954243674,19883,1157,0.05819041392144043,1077,305,0.28319405756731664,1467,BBH,0.5,discovery,validation
0.9025127750306701,27868,1352,0.04851442514712215,19885,898,0.04515966809152627,1077,308,0.28597957288765086,1468,BBH,0.5,discovery,validation
0.8801760810663409,27860,1664,0.05972720746590093,19885,1189,0.05979381443298969,1079,439,0.4068582020389249,1469,BBH,0.5,discovery,validation
0.9047755899936163,27863,1321,0.04741054444962854,19885,949,0.04772441538848378,1079,315,0.2919369786839666,1470,BBH,0.5,discovery,validation
0.8745730377590589,27866,1746,0.06265700136366899,19886,1247,0.06270743236447752,1080,323,0.29907407407407405,1471,BBH,0.5,discovery,validation
0.9018584290832322,27863,1362,0.04888202993216811,19880,941,0.04733400402414487,1077,286,0.265552460538533,1472,BBH,0.5,discovery,validation
0.895307274646639,27869,1453,0.0521367828052675,19883,1057,0.053160991802041944,1078,271,0.25139146567717996,1473,BBH,0.5,discovery,validation
0.8755923648385311,27874,1733,0.06217263399583842,19890,1247,0.06269482151835093,1079,447,0.41427247451343835,1474,BBH,0.5,discovery,validation
0.9107852487576589,27863,1240,0.04450346337436744,19884,897,0.04511164755582378,1078,242,0.22448979591836735,1475,BBH,0.5,discovery,validation
0.9300878579881819,27866,972,0.03488121725400129,19885,684,0.03439778727684184,1080,184,0.17037037037037037,1476,BBH,0.5,discovery,validation
0.9001055921217431,27862,1385,0.04970928145861747,19882,959,0.04823458404587064,1078,274,0.2541743970315399,1477,BBH,0.5,discovery,validation
0.8099445957221562,27864,2642,0.09481768590295722,19882,1757,0.08837139120812795,1077,514,0.47725162488393685,1478,BBH,0.5,discovery,validation
0.9330925260933665,27866,931,0.0334098901887605,19886,680,0.03419491099265815,1080,179,0.16574074074074074,1479,BBH,0.5,discovery,validation
0.8740632715166788,27862,1749,0.06277367023185701,19881,1277,0.06423218147980483,1078,438,0.40630797773654914,1480,BBH,0.5,discovery,validation
0.9189856500937277,27869,1128,0.04047507983781262,19883,815,0.04098979027309762,1075,228,0.21209302325581394,1481,BBH,0.5,discovery,validation
0.9105316581038961,27861,1242,0.04457844298481749,19882,851,0.042802534956241825,1074,311,0.28957169459962756,1482,BBH,0.5,discovery,validation
0.904808758721232,27872,1323,0.04746699196326062,19887,888,0.04465228541258108,1079,266,0.24652455977757182,1483,BBH,0.5,discovery,validation
0.861032194133483,27858,1928,0.06920812692942781,19883,1372,0.06900367147814716,1077,407,0.3779015784586815,1484,BBH,0.5,discovery,validation
0.9184655610826548,27868,1134,0.04069183292665423,19885,852,0.04284636660799598,1079,189,0.17516218721038,1485,BBH,0.5,discovery,validation
0.890908178113411,27860,1511,0.05423546302943288,19880,1103,0.05548289738430583,1079,238,0.2205746061167748,1486,BBH,0.5,discovery,validation
0.8812492920252091,27860,1648,0.05915290739411343,19882,1180,0.05935016597927774,1075,386,0.3590697674418605,1487,BBH,0.5,discovery,validation
0.9095820613393263,27860,1255,0.045046661880832735,19882,842,0.042349864198772756,1078,255,0.23654916512059368,1488,BBH,0.5,discovery,validation
0.8906333913244023,27875,1522,0.05460089686098655,19892,1110,0.05580132716670018,1083,335,0.30932594644506,1489,BBH,0.5,discovery,validation
0.9088795820200272,27868,1266,0.04542844839959811,19885,868,0.04365099321096304,1081,307,0.2839962997224792,1490,BBH,0.5,discovery,validation
0.9161972117233879,27859,1163,0.04174593488639219,19883,871,0.04380626665996077,1081,386,0.35707678075855687,1491,BBH,0.5,discovery,validation
0.8715170081751051,27867,1787,0.06412602720063157,19888,1246,0.06265084473049075,1080,294,0.2722222222222222,1492,BBH,0.5,discovery,validation
0.9214508371680231,27868,1093,0.03922061145399742,19889,780,0.039217658001910606,1081,240,0.22201665124884365,1493,BBH,0.5,discovery,validation
0.8675716027513414,27870,1840,0.06602081090778615,19888,1238,0.06224859211584875,1081,421,0.3894542090656799,1494,BBH,0.5,discovery,validation
0.9153567141166032,27870,1178,0.04226767133118048,19888,851,0.042789621882542234,1078,265,0.24582560296846012,1495,BBH,0.5,discovery,validation
0.9098941664819131,27865,1252,0.04493091692086847,19885,913,0.0459140055318079,1078,279,0.2588126159554731,1496,BBH,0.5,discovery,validation
0.8936421675398803,27868,1479,0.053071623367303,19886,1115,0.05606959670119682,1078,334,0.3098330241187384,1497,BBH,0.5,discovery,validation
0.8948978191308773,27870,1463,0.05249372084678866,19886,1102,0.0554158704616313,1079,449,0.4161260426320667,1498,BBH,0.5,discovery,validation
0.8917822014531018,27868,1504,0.05396870963111813,19887,1090,0.05480967466183939,1078,522,0.4842300556586271,1499,BBH,0.5,discovery,validation
0.8518227683483124,27859,2058,0.07387199827703794,19878,1397,0.07027870007042962,1080,324,0.3,1500,BBH,0.5,discovery,validation
0.8581496086709792,27864,1971,0.07073643410852713,19885,1407,0.07075685189841589,1080,305,0.2824074074074074,1501,BBH,0.5,discovery,validation
0.9204765683680254,27861,1103,0.03958939018699975,19878,770,0.03873629137740215,1074,255,0.23743016759776536,1502,BBH,0.5,discovery,validation
0.8910952425423445,27856,1508,0.054135554279149914,19884,1112,0.05592436129551398,1077,280,0.25998142989786444,1503,BBH,0.5,discovery,validation
0.8608071067832496,27861,1938,0.06955959944007753,19881,1419,0.07137467934208541,1080,359,0.33240740740740743,1504,BBH,0.5,discovery,validation
0.9085153714475003,27864,1270,0.0455785242606948,19889,884,0.04444667906883202,1081,173,0.16003700277520813,1505,BBH,0.5,discovery,validation
0.9089836415351004,27866,1266,0.04543170889255724,19886,919,0.04621341647390124,1077,370,0.3435468895078923,1506,BBH,0.5,discovery,validation
0.9132168713253432,27875,1210,0.043408071748878924,19892,842,0.04232857430122662,1081,225,0.20814061054579094,1507,BBH,0.5,discovery,validation
0.8477662471068403,27867,2119,0.07603976028994869,19888,1543,0.07758447304907481,1079,407,0.37720111214087115,1508,BBH,0.5,discovery,validation
0.9169111096467016,27869,1155,0.0414438982381858,19887,860,0.04324433046713934,1079,234,0.21686746987951808,1509,BBH,0.5,discovery,validation
0.9167874060736472,27870,1153,0.04137064944384643,19885,868,0.04365099321096304,1077,224,0.20798514391829154,1510,BBH,0.5,discovery,validation
0.9095819087087773,27871,1258,0.045136521832729364,19886,893,0.04490596399477019,1076,309,0.2871747211895911,1511,BBH,0.5,discovery,validation
0.9254430924137619,27870,1036,0.037172587011123075,19891,758,0.038107686893569956,1081,224,0.2072155411655874,1512,BBH,0.5,discovery,validation
0.9109283358710885,27863,1237,0.044395793704913325,19887,894,0.04495399004374717,1079,240,0.22242817423540315,1513,BBH,0.5,discovery,validation
0.9030527632860268,27870,1350,0.04843918191603875,19889,975,0.049022072502388256,1082,381,0.3521256931608133,1514,BBH,0.5,discovery,validation
0.8829431846235013,27866,1628,0.05842245029785401,19886,1068,0.05370612491199839,1082,218,0.20147874306839186,1515,BBH,0.5,discovery,validation
0.9272978090333677,27866,1007,0.03613722816335319,19888,737,0.03705752212389381,1082,215,0.1987060998151571,1516,BBH,0.5,discovery,validation
0.9000679773762881,27871,1387,0.049764988697929745,19890,1070,0.05379587732528909,1080,321,0.2972222222222222,1517,BBH,0.5,discovery,validation
0.8941033804427581,27866,1469,0.05271657216679825,19885,994,0.04998742770932864,1081,300,0.27752081406105455,1518,BBH,0.5,discovery,validation
0.8906255730957388,27871,1524,0.054680492267948765,19889,1089,0.05475388405651365,1081,368,0.3404255319148936,1519,BBH,0.5,discovery,validation
0.8925569789559018,27871,1496,0.053675863801083565,19891,1115,0.05605550248856267,1082,272,0.2513863216266174,1520,BBH,0.5,discovery,validation
0.910791610062085,27867,1240,0.044497075393835,19885,871,0.04380186069901936,1082,268,0.2476894639556377,1521,BBH,0.5,discovery,validation
0.8839214033930163,27872,1611,0.05779994259471871,19891,1180,0.05932331205067619,1081,353,0.3265494912118409,1522,BBH,0.5,discovery,validation
0.8827401637945256,27863,1629,0.058464630513584324,19886,1152,0.05793020215226793,1077,365,0.33890436397400187,1523,BBH,0.5,discovery,validation
0.8840328434800592,27875,1615,0.0579372197309417,19893,1062,0.05338561302970894,1082,374,0.3456561922365989,1524,BBH,0.5,discovery,validation
0.9084958549427854,27863,1266,0.04543660050963644,19887,968,0.04867501382812893,1080,226,0.20925925925925926,1525,BBH,0.5,discovery,validation
0.9167621021647581,27865,1157,0.041521622106585325,19886,884,0.044453384290455596,1082,242,0.22365988909426987,1526,BBH,0.5,discovery,validation
0.9138739078061409,27871,1199,0.04301962613469197,19889,819,0.041178540902006136,1083,185,0.17082179132040629,1527,BBH,0.5,discovery,validation
0.9040601544264684,27863,1333,0.047841223127445,19883,965,0.04853392345219534,1076,385,0.35780669144981414,1528,BBH,0.5,discovery,validation
0.9104990745307996,27863,1241,0.044539353264185476,19881,973,0.048941200140837984,1072,321,0.2994402985074627,1529,BBH,0.5,discovery,validation
0.9014593601102331,27869,1369,0.04912268111521763,19885,1012,0.05089263263766658,1078,290,0.2690166975881262,1530,BBH,0.5,discovery,validation
0.8584664970883711,27862,1965,0.07052616466872443,19884,1324,0.06658619995976664,1081,484,0.4477335800185014,1531,BBH,0.5,discovery,validation
0.8984797570027147,27863,1407,0.05049707497397983,19882,989,0.04974348657076753,1079,253,0.2344763670064875,1532,BBH,0.5,discovery,validation
0.8807569680990767,27864,1658,0.059503301751363764,19886,1095,0.05506386402494217,1079,322,0.29842446709916587,1533,BBH,0.5,discovery,validation
0.878067128173079,27869,1694,0.060784384082672505,19885,1214,0.061051043500125725,1081,302,0.2793709528214616,1534,BBH,0.5,discovery,validation
0.9056928145627555,27866,1309,0.046974808009761,19882,985,0.04954229956744794,1077,320,0.2971216341689879,1535,BBH,0.5,discovery,validation
0.8774032328591604,27868,1706,0.06121716664274437,19886,1227,0.06170169968822287,1078,339,0.3144712430426716,1536,BBH,0.5,discovery,validation
0.9022981635591186,27868,1358,0.04872972585043778,19883,973,0.04893627722174722,1075,376,0.3497674418604651,1537,BBH,0.5,discovery,validation
0.8791315379025033,27866,1679,0.06025263762290964,19882,1283,0.06453073131475706,1078,393,0.3645640074211503,1538,BBH,0.5,discovery,validation
0.8749330037423774,27859,1736,0.06231379446498438,19883,1219,0.06130865563546749,1080,361,0.33425925925925926,1539,BBH,0.5,discovery,validation
0.882991486888678,27872,1629,0.058445752009184844,19888,1124,0.05651649235720032,1080,367,0.3398148148148148,1540,BBH,0.5,discovery,validation
0.8929267959680425,27868,1490,0.053466341323381655,19885,1092,0.054915765652501884,1078,416,0.38589981447124305,1541,BBH,0.5,discovery,validation
0.8973818150936648,27869,1429,0.05127561089382468,19887,1030,0.05179262835017851,1078,344,0.31910946196660483,1542,BBH,0.5,discovery,validation
0.9018619397170791,27864,1364,0.04895205282802182,19887,981,0.049328707195655457,1080,268,0.24814814814814815,1543,BBH,0.5,discovery,validation
0.888213325720732,27872,1554,0.0557548794489093,19889,1174,0.0590276031977475,1082,251,0.23197781885397412,1544,BBH,0.5,discovery,validation
0.9135560214452381,27862,1200,0.04306941353815232,19885,865,0.043500125722906714,1077,318,0.29526462395543174,1545,BBH,0.5,discovery,validation
0.8766878612873227,27868,1717,0.061611884598823025,19887,1238,0.06225172223060291,1078,408,0.3784786641929499,1546,BBH,0.5,discovery,validation
0.8644250240064736,27863,1884,0.06761655241718408,19882,1285,0.06463132481641685,1082,297,0.2744916820702403,1547,BBH,0.5,discovery,validation
0.8858998728469707,27860,1585,0.056891600861450106,19881,1096,0.055128011669433125,1076,341,0.31691449814126393,1548,BBH,0.5,discovery,validation
0.8617359982315976,27875,1927,0.06913004484304933,19888,1489,0.07486926790024136,1080,431,0.3990740740740741,1549,BBH,0.5,discovery,validation
0.8774145539817921,27865,1705,0.061187870087923917,19886,1230,0.06185255958966107,1080,524,0.48518518518518516,1550,BBH,0.5,discovery,validation
0.9299306393487262,27869,976,0.03502099106534142,19890,726,0.036500754147812974,1080,272,0.2518518518518518,1551,BBH,0.5,discovery,validation
0.9167874060736472,27870,1158,0.04155005382131324,19886,847,0.04259277883938449,1078,358,0.3320964749536178,1552,BBH,0.5,discovery,validation
0.8891274144696065,27864,1533,0.055017226528854435,19883,1120,0.05632952773726299,1077,348,0.3231197771587744,1553,BBH,0.5,discovery,validation
0.9211373537843469,27873,1098,0.03939296092993219,19890,758,0.03810960281548517,1081,198,0.18316373728029603,1554,BBH,0.5,discovery,validation
0.8671734116157004,27868,1846,0.06624084972010909,19885,1227,0.06170480261503646,1078,360,0.3339517625231911,1555,BBH,0.5,discovery,validation
0.8971204294251336,27863,1430,0.051322542439794706,19881,1036,0.05211005482621599,1071,299,0.2791783380018674,1556,BBH,0.5,discovery,validation
0.8967503499639922,27866,1434,0.05146056125744635,19888,1085,0.0545555108608206,1080,261,0.24166666666666667,1557,BBH,0.5,discovery,validation
0.877168544694361,27867,1708,0.06129113288118563,19889,1256,0.06315048519282015,1082,476,0.4399260628465804,1558,BBH,0.5,discovery,validation
0.8817869938022289,27869,1643,0.058954393770856504,19886,1188,0.0597405209695263,1083,266,0.24561403508771928,1559,BBH,0.5,discovery,validation
0.8962446495236632,27873,1444,0.051806407634628494,19888,1084,0.05450522928399035,1078,419,0.38868274582560297,1560,BBH,0.5,discovery,validation
0.8971548305701392,27872,1430,0.051305970149253734,19888,1008,0.050683829444891394,1080,270,0.25,1561,BBH,0.5,discovery,validation
0.8695745714912027,27870,1817,0.06519555077143882,19887,1297,0.06521848443706944,1082,373,0.34473197781885395,1562,BBH,0.5,discovery,validation
0.9014916132582463,27867,1370,0.04916209136254351,19886,963,0.04842602836166147,1081,329,0.30434782608695654,1563,BBH,0.5,discovery,validation
0.9106680109496219,27868,1240,0.04449547868523037,19889,949,0.0477148172356579,1081,344,0.31822386679000925,1564,BBH,0.5,discovery,validation
0.9079952192843977,27874,1280,0.045920929898830454,19888,857,0.04309131134352373,1081,208,0.19241443108233117,1565,BBH,0.5,discovery,validation
0.8920606478131256,27864,1501,0.05386879127189205,19884,1074,0.0540132770066385,1075,249,0.23162790697674418,1566,BBH,0.5,discovery,validation
0.9332356055269466,27866,926,0.033230460058853085,19887,668,0.03358978226982451,1080,136,0.1259259259259259,1567,BBH,0.5,discovery,validation
0.9182374402217939,27871,1136,0.040759212084245273,19889,777,0.03906682085574941,1081,331,0.30619796484736356,1568,BBH,0.5,discovery,validation
0.8955613783240562,27871,1450,0.05202540274837645,19889,1037,0.052139373523052944,1078,365,0.3385899814471243,1569,BBH,0.5,discovery,validation
0.9178158674147555,27864,1140,0.0409130060292851,19883,848,0.04264949957249912,1077,274,0.25441039925719594,1570,BBH,0.5,discovery,validation
0.9252840563847601,27858,1032,0.03704501399956924,19878,781,0.0392896669685079,1071,203,0.1895424836601307,1571,BBH,0.5,discovery,validation
0.8957439342080747,27873,1451,0.05205754672981021,19888,994,0.0499798873692679,1082,339,0.3133086876155268,1572,BBH,0.5,discovery,validation
0.8816954543939537,27868,1647,0.05910004306014066,19885,1170,0.05883832034196631,1080,487,0.45092592592592595,1573,BBH,0.5,discovery,validation
0.9073186807328548,27865,1288,0.046222860218912615,19882,936,0.04707775877678302,1078,286,0.2653061224489796,1574,BBH,0.5,discovery,validation
0.9104406301064208,27860,1243,0.0446159368269921,19879,889,0.04472055938427486,1079,220,0.20389249304911955,1575,BBH,0.5,discovery,validation
0.8588960327503942,27855,1957,0.07025668641177527,19877,1362,0.06852140665090306,1074,482,0.44878957169459965,1576,BBH,0.5,discovery,validation
0.8330084623040067,27866,2324,0.08339912438096606,19883,1649,0.08293517074888096,1077,460,0.4271123491179202,1577,BBH,0.5,discovery,validation
0.8852605804903836,27871,1598,0.05733558178752108,19891,1168,0.058720024131516765,1081,334,0.3089731729879741,1578,BBH,0.5,discovery,validation
0.8952507025275414,27877,1457,0.05226530831868566,19891,1008,0.050676185209391184,1080,406,0.37592592592592594,1579,BBH,0.5,discovery,validation
0.9170869925139141,27867,1151,0.04130333369218071,19882,834,0.04194749019213359,1078,190,0.17625231910946196,1580,BBH,0.5,discovery,validation
0.8808170049789438,27867,1657,0.059461011231923065,19886,1150,0.057829628884642464,1080,372,0.34444444444444444,1581,BBH,0.5,discovery,validation
0.8696695273699726,27857,1807,0.06486699931794522,19877,1161,0.05840921668259798,1078,262,0.24304267161410018,1582,BBH,0.5,discovery,validation
0.8898945301969396,27863,1530,0.05491153142159853,19886,1062,0.053404405109122,1080,254,0.2351851851851852,1583,BBH,0.5,discovery,validation
0.9167874060736472,27870,1157,0.041514172945819876,19888,875,0.04399637972646822,1082,155,0.14325323475046212,1584,BBH,0.5,discovery,validation
0.8694626084117599,27868,1807,0.06484139514855748,19886,1318,0.06627778336518153,1081,321,0.2969472710453284,1585,BBH,0.5,discovery,validation
0.9167233639649865,27863,1157,0.041524602519470266,19881,884,0.044464564156732556,1080,183,0.16944444444444445,1586,BBH,0.5,discovery,validation
0.8938492047299054,27864,1475,0.05293568762561011,19885,1073,0.0539602715614785,1080,271,0.25092592592592594,1587,BBH,0.5,discovery,validation
0.9120466699778135,27869,1224,0.04391976748358391,19886,912,0.04586141003721211,1080,240,0.2222222222222222,1588,BBH,0.5,discovery,validation
0.8738375041469771,27865,1752,0.06287457383814822,19886,1229,0.061802272955848336,1079,465,0.4309545875810936,1589,BBH,0.5,discovery,validation
0.8213896387842544,27868,2486,0.08920625807377637,19888,1725,0.0867357200321802,1081,469,0.4338575393154487,1590,BBH,0.5,discovery,validation
0.9228596004762993,27877,1074,0.038526383757219215,19892,794,0.03991554393726121,1080,326,0.30185185185185187,1591,BBH,0.5,discovery,validation
0.894865805328691,27872,1463,0.05248995407577497,19887,1104,0.05551365213456026,1080,342,0.31666666666666665,1592,BBH,0.5,discovery,validation
0.9019082097203919,27870,1367,0.049049156799425904,19888,927,0.046611021721641194,1081,296,0.2738205365402405,1593,BBH,0.5,discovery,validation
0.9075660424043202,27874,1287,0.04617205998421468,19891,969,0.04871549947212307,1081,457,0.4227567067530065,1594,BBH,0.5,discovery,validation
0.914179455803411,27872,1191,0.04273105625717566,19889,879,0.044195283825230025,1079,263,0.24374420759962928,1595,BBH,0.5,discovery,validation
0.8937288842076563,27876,1482,0.05316401205337925,19891,1051,0.05283796691971243,1083,458,0.4228993536472761,1596,BBH,0.5,discovery,validation
0.9021803923897291,27862,1357,0.048704328476060585,19880,905,0.04552313883299799,1076,271,0.25185873605947956,1597,BBH,0.5,discovery,validation
0.9263590992183407,27873,1027,0.03684569296451763,19888,740,0.037208366854384556,1079,161,0.14921223354958293,1598,BBH,0.5,discovery,validation
0.8839398473142578,27855,1612,0.0578711182911506,19879,1143,0.05749786206549625,1078,367,0.3404452690166976,1599,BBH,0.5,discovery,validation
0.8962446495236632,27873,1443,0.051770530621031104,19888,1041,0.05234312148028962,1081,366,0.3385753931544866,1600,BBH,0.5,discovery,validation
0.8445661382224053,27861,2160,0.07752772693011736,19880,1470,0.07394366197183098,1078,390,0.36178107606679033,1601,BBH,0.5,discovery,validation
0.886643342555615,27865,1577,0.0565942939171003,19890,1087,0.054650578179989945,1081,218,0.20166512488436633,1602,BBH,0.5,discovery,validation
0.9147977625314309,27867,1181,0.04237987583880576,19887,847,0.04259063709961281,1080,219,0.20277777777777778,1603,BBH,0.5,discovery,validation
0.8966196245281302,27863,1437,0.05157377166852098,19885,1050,0.05280362081971335,1076,372,0.34572490706319703,1604,BBH,0.5,discovery,validation
0.9134844766084108,27862,1198,0.0429976311822554,19883,850,0.04275008801488709,1077,233,0.21634168987929434,1605,BBH,0.5,discovery,validation
0.9043335599437433,27866,1328,0.047656642503409175,19885,919,0.046215740507920544,1079,310,0.2873030583873957,1606,BBH,0.5,discovery,validation
0.8962051781886609,27872,1444,0.051808266360505166,19890,1057,0.05314228255404726,1081,298,0.27567067530064754,1607,BBH,0.5,discovery,validation
0.9032154433810213,27871,1346,0.048293925585734275,19888,953,0.04791834271922767,1080,219,0.20277777777777778,1608,BBH,0.5,discovery,validation
0.9047432147197795,27865,1325,0.04755069083079132,19883,910,0.04576774128652618,1078,257,0.23840445269016697,1609,BBH,0.5,discovery,validation
0.9153627557257317,27874,1176,0.04218985434455048,19889,889,0.04469807431243401,1082,234,0.21626617375231053,1610,BBH,0.5,discovery,validation
0.8790686304578501,27869,1678,0.06021026947504395,19886,1209,0.060796540279593685,1080,422,0.3907407407407407,1611,BBH,0.5,discovery,validation
0.9076243869160884,27866,1286,0.046149429412186894,19888,988,0.049678197908286405,1078,380,0.3525046382189239,1612,BBH,0.5,discovery,validation
0.9140435442902985,27865,1192,0.042777678090794906,19886,935,0.047018002614904957,1081,221,0.20444033302497688,1613,BBH,0.5,discovery,validation
0.9185951068132407,27871,1132,0.04061569373183596,19889,832,0.04183216853537131,1080,210,0.19444444444444445,1614,BBH,0.5,discovery,validation
0.9032604641918919,27866,1344,0.0482308189191129,19886,1010,0.0507895001508599,1076,295,0.2741635687732342,1615,BBH,0.5,discovery,validation
0.9039307765639153,27871,1336,0.04793512970471099,19889,978,0.04917290964854945,1079,256,0.23725671918443003,1616,BBH,0.5,discovery,validation
0.8776466520875204,27873,1706,0.06120618519714419,19890,1297,0.06520864756158874,1082,396,0.3659889094269871,1617,BBH,0.5,discovery,validation
0.8425646373106558,27868,2189,0.07854887325965265,19885,1541,0.07749559969826503,1078,396,0.3673469387755102,1618,BBH,0.5,discovery,validation
0.8993579600335874,27864,1400,0.050244042492104506,19886,915,0.046012269938650305,1081,350,0.32377428307123035,1619,BBH,0.5,discovery,validation
0.8958721311294379,27865,1447,0.05192894311860757,19884,1152,0.05793602896801448,1076,315,0.29275092936802977,1620,BBH,0.5,discovery,validation
0.8913452250464136,27864,1509,0.05415590008613264,19886,1068,0.05370612491199839,1081,380,0.3515263644773358,1621,BBH,0.5,discovery,validation
0.9060443542855003,27873,1307,0.046891256771786315,19893,959,0.048207912330970694,1082,284,0.26247689463955637,1622,BBH,0.5,discovery,validation
0.9031497006971607,27864,1344,0.04823428079242033,19883,960,0.04828245234622542,1077,385,0.3574744661095636,1623,BBH,0.5,discovery,validation
0.9037553792574903,27873,1337,0.04796756717970796,19887,961,0.048323025091768494,1079,339,0.31417979610750696,1624,BBH,0.5,discovery,validation
0.8704750773022507,27865,1798,0.06452539027453795,19882,1285,0.06463132481641685,1078,370,0.3432282003710575,1625,BBH,0.5,discovery,validation
0.8930257653520232,27873,1488,0.053384996232913574,19888,1090,0.054806918744971844,1078,266,0.24675324675324675,1626,BBH,0.5,discovery,validation
0.8710860075977152,27874,1794,0.06436105331132956,19890,1312,0.06596279537456008,1078,397,0.3682745825602968,1627,BBH,0.5,discovery,validation
0.924345447814566,27865,1051,0.037717566840122015,19887,757,0.03806506763212149,1082,180,0.16635859519408502,1628,BBH,0.5,discovery,validation
0.904521772121179,27861,1327,0.04762930260938229,19880,900,0.04527162977867203,1075,336,0.3125581395348837,1629,BBH,0.5,discovery,validation
0.9223478363354592,27869,1076,0.03860920736301984,19886,813,0.04088303328975158,1080,292,0.27037037037037037,1630,BBH,0.5,discovery,validation
0.8719774382328732,27865,1778,0.06380764399784676,19882,1319,0.06634141434463334,1078,334,0.3098330241187384,1631,BBH,0.5,discovery,validation
0.8830346965244745,27867,1623,0.05824093013241469,19886,1155,0.058081062053706126,1079,377,0.3493975903614458,1632,BBH,0.5,discovery,validation
0.9067725623743408,27870,1298,0.046573376390383926,19885,1005,0.050540608498868496,1079,328,0.303985171455051,1633,BBH,0.5,discovery,validation
0.8930577121839274,27871,1486,0.05331706792006028,19888,1108,0.055711987127916335,1080,322,0.29814814814814816,1634,BBH,0.5,discovery,validation
0.8814723908657888,27864,1648,0.05914441573356302,19879,1178,0.05925851400975904,1074,364,0.33891992551210426,1635,BBH,0.5,discovery,validation
0.884497112654726,27865,1604,0.05756325139063341,19882,1156,0.05814304395936023,1075,453,0.4213953488372093,1636,BBH,0.5,discovery,validation
0.8998533774214199,27871,1390,0.04987262746223673,19889,1006,0.050580723012720596,1078,297,0.2755102040816326,1637,BBH,0.5,discovery,validation
0.8923787189118577,27862,1494,0.053621419854999644,19878,1098,0.055236945366737095,1075,274,0.25488372093023254,1638,BBH,0.5,discovery,validation
0.9176593000095351,27867,1144,0.04105214052463487,19885,816,0.04103595675132009,1080,268,0.24814814814814815,1639,BBH,0.5,discovery,validation
0.8951887533938343,27863,1457,0.05229156946488174,19882,1145,0.05758977970023137,1081,263,0.2432932469935245,1640,BBH,0.5,discovery,validation
0.8945646274966172,27864,1464,0.05254091300602928,19886,1002,0.05038720708035804,1082,339,0.3133086876155268,1641,BBH,0.5,discovery,validation
0.922353376693633,27873,1081,0.03878305169877659,19890,785,0.03946706887883358,1078,311,0.2884972170686456,1642,BBH,0.5,discovery,validation
0.917794758046172,27874,1145,0.041077706823563175,19890,809,0.040673705379587734,1079,306,0.283595922150139,1643,BBH,0.5,discovery,validation
0.8860909230923615,27866,1584,0.056843465154668774,19885,1143,0.05748051294945939,1081,397,0.36725254394079554,1644,BBH,0.5,discovery,validation
0.9163388226268324,27869,1162,0.041695073379023284,19891,789,0.03966618068473179,1081,265,0.24514338575393155,1645,BBH,0.5,discovery,validation
0.9135233202941949,27864,1200,0.04306632213608958,19882,847,0.04260134795292224,1078,208,0.19294990723562153,1646,BBH,0.5,discovery,validation
0.888912787639593,27864,1546,0.05548377835199541,19884,1234,0.06205994769664051,1079,285,0.26413345690454126,1647,BBH,0.5,discovery,validation
0.8962100998600548,27864,1444,0.05182314097042779,19882,1032,0.05190624685645307,1076,211,0.19609665427509293,1648,BBH,0.5,discovery,validation
0.864365045820744,27853,1884,0.06764082863605357,19876,1309,0.06585832159388207,1077,291,0.27019498607242337,1649,BBH,0.5,discovery,validation
0.9243839042128976,27867,1048,0.037607205655434746,19887,789,0.039674158998340626,1078,258,0.23933209647495363,1650,BBH,0.5,discovery,validation
0.9060242527323844,27861,1306,0.046875560819783925,19882,952,0.04788250679006136,1079,230,0.21316033364226136,1651,BBH,0.5,discovery,validation
0.8692402199394554,27857,1817,0.06522597551782316,19876,1387,0.06978265244515999,1076,365,0.3392193308550186,1652,BBH,0.5,discovery,validation
0.8604693023121007,27869,1939,0.06957551401198464,19886,1417,0.07125616011264206,1076,472,0.43866171003717475,1653,BBH,0.5,discovery,validation
0.9001252588071549,27863,1387,0.04977927717761906,19879,1027,0.05166255847879672,1076,276,0.25650557620817843,1654,BBH,0.5,discovery,validation
0.8523863235776422,27876,2057,0.07379107475964988,19890,1448,0.07280040221216692,1082,509,0.4704251386321627,1655,BBH,0.5,discovery,validation
0.92549541494474,27869,1035,0.03713803868097169,19887,734,0.03690853321265148,1079,149,0.1380908248378128,1656,BBH,0.5,discovery,validation
0.9135356674542536,27873,1203,0.04316004735765795,19889,886,0.04454723716627281,1079,332,0.3076923076923077,1657,BBH,0.5,discovery,validation
0.8803277043010469,27864,1663,0.05968274476026414,19880,1148,0.057746478873239436,1077,322,0.2989786443825441,1658,BBH,0.5,discovery,validation
0.9149469075804817,27871,1185,0.042517311901259375,19889,807,0.040575192317361355,1083,232,0.21421975992613113,1659,BBH,0.5,discovery,validation
0.865762957245891,27869,1865,0.06692023395170262,19888,1252,0.06295253419147225,1078,336,0.3116883116883117,1660,BBH,0.5,discovery,validation
0.9065255276523183,27872,1301,0.04667766934557979,19889,950,0.0477650962843783,1081,340,0.3145235892691952,1661,BBH,0.5,discovery,validation
0.9213326596829369,27872,1094,0.03925086107921929,19888,797,0.04007441673370877,1080,231,0.21388888888888888,1662,BBH,0.5,discovery,validation
0.8943377695629859,27867,1467,0.05264291096996447,19886,1001,0.05033692044654531,1077,325,0.30176415970287834,1663,BBH,0.5,discovery,validation
0.9249615721409968,27871,1043,0.037422410390728716,19887,783,0.039372454367174535,1079,304,0.28174235403151066,1664,BBH,0.5,discovery,validation
0.9123786543877449,27864,1214,0.043568762561010624,19882,901,0.045317372497736645,1079,236,0.21872103799814643,1665,BBH,0.5,discovery,validation
0.9069871661678973,27870,1293,0.04639397201291712,19889,1005,0.0505304439640002,1080,272,0.2518518518518518,1666,BBH,0.5,discovery,validation
0.903403543625472,27866,1343,0.04819493289313141,19882,995,0.050045267075746906,1072,281,0.2621268656716418,1667,BBH,0.5,discovery,validation
0.8912099041956315,27868,1512,0.05425577723553897,19886,1070,0.05380669817962386,1078,292,0.27087198515769945,1668,BBH,0.5,discovery,validation
0.9072730060068869,27859,1283,0.04605334003374134,19884,978,0.049185274592637294,1076,268,0.24907063197026022,1669,BBH,0.5,discovery,validation
0.8769451464315623,27863,1712,0.0614434913684815,19887,1223,0.061497460652687685,1079,428,0.39666357738646896,1670,BBH,0.5,discovery,validation
0.9062064611279121,27863,1302,0.04672863654308581,19885,941,0.04732210208700025,1076,300,0.2788104089219331,1671,BBH,0.5,discovery,validation
0.8995654257232244,27860,1393,0.05,19883,1043,0.05245687270532616,1077,258,0.2395543175487465,1672,BBH,0.5,discovery,validation
0.9189025537938468,27861,1126,0.040414916908940814,19885,778,0.03912496856927332,1080,354,0.3277777777777778,1673,BBH,0.5,discovery,validation
0.907598508234247,27872,1282,0.04599598163030999,19890,905,0.04550025138260432,1081,263,0.2432932469935245,1674,BBH,0.5,discovery,validation
0.8963976070152819,27859,1439,0.051652966725295235,19878,1052,0.05292282925847671,1080,346,0.32037037037037036,1675,BBH,0.5,discovery,validation
0.8899937725235071,27868,1530,0.054901679345485864,19884,1099,0.05527056930195132,1076,243,0.2258364312267658,1676,BBH,0.5,discovery,validation
0.9192138210360856,27866,1122,0.040264121151223714,19889,827,0.04158077329176932,1081,345,0.3191489361702128,1677,BBH,0.5,discovery,validation
0.8890161424135428,27862,1541,0.055308305218577276,19882,1167,0.058696308218489084,1080,266,0.2462962962962963,1678,BBH,0.5,discovery,validation
0.9017581209090276,27866,1363,0.04891265341276107,19883,932,0.046874214152793844,1076,238,0.2211895910780669,1679,BBH,0.5,discovery,validation
0.8573320290585957,27859,1980,0.071072184931261,19887,1418,0.07130286116558555,1079,438,0.40593141797961074,1680,BBH,0.5,discovery,validation
0.9183283140535359,27872,1137,0.04079362801377727,19886,796,0.04002816051493513,1076,261,0.2425650557620818,1681,BBH,0.5,discovery,validation
0.9214041858283935,27872,1092,0.03917910447761194,19889,799,0.04017295992759817,1080,295,0.27314814814814814,1682,BBH,0.5,discovery,validation
0.8941946926890808,27867,1470,0.05275056518462698,19887,998,0.05018353698395937,1079,331,0.30676552363299353,1683,BBH,0.5,discovery,validation
0.8853121830186842,27870,1595,0.057229996411912454,19888,1165,0.05857803700724055,1077,330,0.3064066852367688,1684,BBH,0.5,discovery,validation
0.9079495989766379,27868,1282,0.046002583608439784,19885,1020,0.05129494593915011,1078,211,0.19573283858998144,1685,BBH,0.5,discovery,validation
0.9092177644491278,27867,1260,0.0452147701582517,19887,985,0.049529843616432846,1078,292,0.27087198515769945,1686,BBH,0.5,discovery,validation
0.9053418704172969,27870,1318,0.04729099390025117,19887,952,0.04787046814501936,1081,311,0.28769657724329323,1687,BBH,0.5,discovery,validation
0.8946681845228837,27862,1463,0.05250879333859737,19880,1072,0.053923541247484906,1074,255,0.23743016759776536,1688,BBH,0.5,discovery,validation
0.9001395106945774,27871,1386,0.04972910910982742,19887,1082,0.054407401820284605,1079,351,0.3253012048192771,1689,BBH,0.5,discovery,validation
0.913146186129247,27863,1208,0.04335498690019022,19887,863,0.043395182782722384,1079,259,0.24003707136237257,1690,BBH,0.5,discovery,validation
0.8987731526540474,27867,1406,0.050453941938493556,19887,1056,0.05310001508523156,1077,300,0.2785515320334262,1691,BBH,0.5,discovery,validation
0.9106612875273364,27875,1244,0.04462780269058296,19890,939,0.04720965309200603,1081,240,0.22201665124884365,1692,BBH,0.5,discovery,validation
0.8768623086963422,27866,1714,0.06150864853226154,19886,1165,0.05858392839183345,1077,377,0.3500464252553389,1693,BBH,0.5,discovery,validation
0.9121960088631242,27873,1221,0.043805833602410936,19887,890,0.04475285362296978,1079,252,0.23354958294717332,1694,BBH,0.5,discovery,validation
0.9093152771653333,27872,1262,0.04527841561423651,19892,866,0.04353508948320933,1082,237,0.21903881700554528,1695,BBH,0.5,discovery,validation
0.9233438738608177,27865,1066,0.038255876547640406,19888,756,0.03801287208366854,1080,227,0.2101851851851852,1696,BBH,0.5,discovery,validation
0.9121640275577312,27864,1217,0.04367642836635085,19887,924,0.046462513199577615,1078,284,0.2634508348794063,1697,BBH,0.5,discovery,validation
0.9056928145627555,27866,1312,0.04708246608770545,19885,874,0.043952728187075685,1078,197,0.18274582560296845,1698,BBH,0.5,discovery,validation
0.894878059381737,27869,1463,0.05249560443503534,19885,1045,0.052552175006286145,1079,360,0.3336422613531047,1699,BBH,0.5,discovery,validation
0.9018366751225396,27870,1366,0.049013275923932544,19891,1019,0.05122919913528732,1081,262,0.242368177613321,1700,BBH,0.5,discovery,validation
0.8812892887586574,27862,1646,0.059076878903165604,19883,1196,0.060151888548005836,1077,265,0.24605385329619314,1701,BBH,0.5,discovery,validation
0.866232717825405,27871,1859,0.06670015428222884,19889,1314,0.06606667001860325,1079,315,0.2919369786839666,1702,BBH,0.5,discovery,validation
0.8785592003737295,27866,1686,0.06050383980478002,19886,1268,0.0637634516745449,1080,289,0.2675925925925926,1703,BBH,0.5,discovery,validation
0.8976482483421724,27868,1424,0.051098033586909716,19886,1061,0.05335411847530926,1077,249,0.23119777158774374,1704,BBH,0.5,discovery,validation
0.8543474706562492,27860,2023,0.07261306532663317,19880,1485,0.07469818913480886,1077,448,0.4159702878365831,1705,BBH,0.5,discovery,validation
0.932806367226206,27866,935,0.03355343429268643,19883,655,0.03294271488206005,1077,235,0.2181987000928505,1706,BBH,0.5,discovery,validation
0.8751341571962493,27869,1734,0.062219670601743875,19887,1284,0.06456479106954292,1079,414,0.38368860055607046,1707,BBH,0.5,discovery,validation
0.9254623053690225,27871,1036,0.03717125327401241,19889,734,0.03690482176077228,1081,215,0.19888991674375578,1708,BBH,0.5,discovery,validation
0.8775977668948436,27867,1701,0.06103993971363979,19886,1199,0.060293673941466355,1079,406,0.376274328081557,1709,BBH,0.5,discovery,validation
0.9114743829579443,27869,1232,0.04420682478739819,19888,906,0.045555108608205955,1080,241,0.22314814814814815,1710,BBH,0.5,discovery,validation
0.8805938678240167,27863,1662,0.05964899687757959,19887,1129,0.056770754764418965,1082,353,0.32624768946395566,1711,BBH,0.5,discovery,validation
0.9243370053123376,27872,1055,0.037851607347876,19888,764,0.038415124698310536,1080,218,0.20185185185185187,1712,BBH,0.5,discovery,validation
0.8908125443521787,27866,1517,0.054439101413909424,19886,1126,0.05662274967313688,1082,366,0.33826247689463956,1713,BBH,0.5,discovery,validation
0.901232156781469,27872,1375,0.04933266360505167,19888,1024,0.05148833467417538,1077,315,0.2924791086350975,1714,BBH,0.5,discovery,validation
0.9244116048034724,27861,1047,0.03757941208140411,19882,810,0.040740368172216074,1077,220,0.2042711234911792,1715,BBH,0.5,discovery,validation
0.9162225590679831,27863,1165,0.04181172163801457,19883,813,0.040889201830709654,1079,186,0.17238183503243745,1716,BBH,0.5,discovery,validation
0.9330782101987662,27869,928,0.03329864724245578,19890,625,0.0314228255404726,1082,184,0.17005545286506468,1717,BBH,0.5,discovery,validation
0.9108241994389649,27865,1240,0.04450026915485376,19881,902,0.0453699512096977,1079,290,0.26876737720111216,1718,BBH,0.5,discovery,validation
0.9038004438599782,27868,1338,0.048012056839385676,19889,1002,0.050379606817839005,1079,287,0.2659870250231696,1719,BBH,0.5,discovery,validation
0.8915796713276599,27865,1506,0.05404629463484658,19882,1079,0.0542701941454582,1076,236,0.21933085501858737,1720,BBH,0.5,discovery,validation
0.8745507063108373,27872,1747,0.06267939150401837,19890,1252,0.06294620412267471,1083,449,0.41458910433979684,1721,BBH,0.5,discovery,validation
0.9060376562691866,27869,1306,0.04686210484768022,19885,931,0.04681921046014584,1079,182,0.1686746987951807,1722,BBH,0.5,discovery,validation
0.9048607097016774,27871,1324,0.04750457464748305,19885,915,0.04601458385717878,1081,316,0.2923219241443108,1723,BBH,0.5,discovery,validation
0.8834522834745273,27870,1621,0.058162899174739865,19888,1145,0.05757240547063556,1081,320,0.2960222016651249,1724,BBH,0.5,discovery,validation
0.9132106761810377,27870,1205,0.04323645496950126,19889,879,0.044195283825230025,1080,405,0.375,1725,BBH,0.5,discovery,validation
0.8738239545070334,27860,1746,0.06267049533381192,19877,1248,0.06278613472858077,1076,356,0.3308550185873606,1726,BBH,0.5,discovery,validation
0.8945373413982969,27859,1466,0.052622132883448795,19883,1033,0.05195393049338631,1079,274,0.25393883225208524,1727,BBH,0.5,discovery,validation
0.8753936264435337,27859,1729,0.06206252916472235,19878,1288,0.06479525103129087,1080,317,0.2935185185185185,1728,BBH,0.5,discovery,validation
0.9026881464575709,27866,1352,0.04851790712696476,19890,965,0.048516842634489694,1080,421,0.38981481481481484,1729,BBH,0.5,discovery,validation
0.9061611700470432,27868,1302,0.04672025261949189,19883,902,0.0453653875169743,1083,175,0.1615881809787627,1730,BBH,0.5,discovery,validation
0.911747366484372,27872,1225,0.04395091848450058,19890,872,0.04384112619406737,1081,278,0.25716928769657726,1731,BBH,0.5,discovery,validation
0.9144267643445249,27870,1185,0.042518837459634015,19887,952,0.04787046814501936,1081,279,0.25809435707678074,1732,BBH,0.5,discovery,validation
0.8771860895881467,27875,1709,0.06130941704035874,19890,1269,0.06380090497737556,1079,359,0.33271547729379053,1733,BBH,0.5,discovery,validation
0.8743875161103959,27871,1746,0.06264576082666572,19888,1289,0.06481295253419148,1080,383,0.35462962962962963,1734,BBH,0.5,discovery,validation
0.9054262272906397,27867,1317,0.04726020023683927,19888,920,0.04625905068382945,1081,280,0.2590194264569843,1735,BBH,0.5,discovery,validation
0.7931244800935638,27861,2876,0.10322673270880442,19879,1906,0.09588007445042507,1079,447,0.41427247451343835,1736,BBH,0.5,discovery,validation
0.901232156781469,27872,1376,0.04936854190585534,19889,1056,0.05309467544874051,1077,419,0.38904363974001854,1737,BBH,0.5,discovery,validation
0.8922950812946228,27866,1500,0.053829038972224214,19887,1054,0.052999446874842863,1080,364,0.337037037037037,1738,BBH,0.5,discovery,validation
0.9017974034588321,27868,1363,0.048909143103200804,19890,967,0.048617395676219206,1080,324,0.3,1739,BBH,0.5,discovery,validation
0.9083462361705321,27859,1271,0.04562259951900643,19878,897,0.045125264111077576,1078,187,0.17346938775510204,1740,BBH,0.5,discovery,validation
0.8971277686041375,27867,1429,0.05127929091757276,19885,1077,0.05416142821222027,1080,434,0.40185185185185185,1741,BBH,0.5,discovery,validation
0.8721205202262658,27866,1778,0.06380535419507644,19886,1353,0.06803781554862717,1078,420,0.38961038961038963,1742,BBH,0.5,discovery,validation
0.8989877679649053,27867,1402,0.05031040298561022,19886,1012,0.050890073418485365,1079,227,0.21037998146431883,1743,BBH,0.5,discovery,validation
0.8931855338058201,27864,1482,0.053186907838070625,19885,1061,0.053356801609253206,1081,209,0.1933395004625347,1744,BBH,0.5,discovery,validation
0.9193819733144242,27871,1121,0.040221018262710344,19887,857,0.04309347815155629,1078,206,0.19109461966604824,1745,BBH,0.5,discovery,validation
0.8619512069074622,27868,1920,0.06889622506100186,19886,1404,0.07060243387307653,1079,464,0.43002780352177944,1746,BBH,0.5,discovery,validation
0.9019012095728797,27866,1362,0.04887676738677959,19884,957,0.04812914906457453,1076,292,0.27137546468401486,1747,BBH,0.5,discovery,validation
0.926797031015837,27866,1017,0.03649608842316802,19885,745,0.03746542620065376,1080,182,0.1685185185185185,1748,BBH,0.5,discovery,validation
0.8959708380986602,27870,1444,0.051811984212414786,19888,1053,0.052946500402252614,1079,347,0.3215940685820204,1749,BBH,0.5,discovery,validation
0.9096339462884282,27870,1256,0.04506637961966272,19886,927,0.0466157095444031,1075,411,0.38232558139534883,1750,BBH,0.5,discovery,validation
0.9223478363354592,27869,1081,0.038788618177903765,19885,785,0.03947699270807141,1078,213,0.19758812615955473,1751,BBH,0.5,discovery,validation
0.9096469950708435,27867,1256,0.04507123120536836,19887,936,0.04706592246190979,1080,261,0.24166666666666667,1752,BBH,0.5,discovery,validation
0.9026627975573742,27872,1356,0.04865097588978186,19889,994,0.04997737442807582,1080,205,0.18981481481481483,1753,BBH,0.5,discovery,validation
0.9178410760539892,27869,1143,0.04101331228246439,19889,850,0.04273719141233848,1081,209,0.1933395004625347,1754,BBH,0.5,discovery,validation
0.9001968023638697,27863,1384,0.04967160750816495,19882,1060,0.053314555879690174,1079,409,0.3790546802594995,1755,BBH,0.5,discovery,validation
0.9053810150315941,27872,1316,0.0472158438576349,19885,942,0.047372391249685696,1079,245,0.22706209453197404,1756,BBH,0.5,discovery,validation
0.8858718151760949,27855,1584,0.05686591276252019,19880,1170,0.05885311871227364,1080,409,0.3787037037037037,1757,BBH,0.5,discovery,validation
0.8920485395805027,27867,1502,0.05389887680769369,19885,1092,0.054915765652501884,1078,509,0.47217068645640076,1758,BBH,0.5,discovery,validation
0.9178874096914268,27864,1138,0.04084122882572495,19885,847,0.04259492079456877,1078,253,0.23469387755102042,1759,BBH,0.5,discovery,validation
0.9107264418014076,27871,1241,0.044526568834989774,19886,872,0.0438499446847028,1078,211,0.19573283858998144,1760,BBH,0.5,discovery,validation
0.8934641112346517,27859,1476,0.05298108331239456,19879,1030,0.05181347150259067,1076,247,0.2295539033457249,1761,BBH,0.5,discovery,validation
0.9079691249612454,27869,1277,0.04582152212135347,19888,945,0.04751609010458568,1082,246,0.22735674676524953,1762,BBH,0.5,discovery,validation
0.8846167806257792,27871,1602,0.05747910013993039,19891,1118,0.05620632446835252,1083,253,0.23361034164358263,1763,BBH,0.5,discovery,validation
0.8972066446447123,27871,1431,0.05134369057443221,19887,1089,0.05475939055664505,1080,368,0.34074074074074073,1764,BBH,0.5,discovery,validation
0.8739381819601861,27870,1753,0.06289917473986366,19888,1200,0.06033789219629927,1080,284,0.26296296296296295,1765,BBH,0.5,discovery,validation
0.8761155640298522,27868,1721,0.06175541840103344,19891,1266,0.06364687547131868,1080,317,0.2935185185185185,1766,BBH,0.5,discovery,validation
0.9007958832582592,27868,1378,0.04944739486148988,19885,960,0.048277596178023637,1075,353,0.3283720930232558,1767,BBH,0.5,discovery,validation
0.8991111606180657,27866,1404,0.05038398047800187,19885,1056,0.053105355795826,1078,359,0.33302411873840443,1768,BBH,0.5,discovery,validation
0.8502388408532546,27862,2078,0.07458186777690044,19885,1449,0.07286899673120442,1082,384,0.35489833641404805,1769,BBH,0.5,discovery,validation
0.8982081111007638,27871,1414,0.05073373757669262,19890,1026,0.051583710407239816,1079,387,0.3586654309545876,1770,BBH,0.5,discovery,validation
0.8912693792266928,27871,1513,0.05428581679882315,19890,1061,0.05334338863750628,1083,416,0.38411819021237303,1771,BBH,0.5,discovery,validation
0.9052703358194447,27870,1318,0.04729099390025117,19886,924,0.0464648496429649,1078,246,0.22820037105751392,1772,BBH,0.5,discovery,validation
0.8613393335113907,27852,1920,0.06893580353295993,19879,1239,0.06232707882690276,1079,251,0.23262279888785914,1773,BBH,0.5,discovery,validation
0.9267446815025159,27867,1018,0.0365306635088097,19887,673,0.03384120279579625,1080,188,0.17407407407407408,1774,BBH,0.5,discovery,validation
0.8754493058785051,27874,1734,0.06220850972232188,19890,1229,0.06178984414278532,1081,376,0.34782608695652173,1775,BBH,0.5,discovery,validation
0.8569436059045972,27868,1989,0.07137218314913162,19887,1416,0.07120229295519687,1083,286,0.26408125577100644,1776,BBH,0.5,discovery,validation
0.9182257786559973,27863,1136,0.04077091483329146,19881,772,0.03883104471606056,1081,284,0.2627197039777983,1777,BBH,0.5,discovery,validation
0.9003541106494456,27871,1386,0.04972910910982742,19887,1042,0.05239603761251069,1078,383,0.35528756957328383,1778,BBH,0.5,discovery,validation
0.9070716113405496,27867,1290,0.046291312304876736,19883,985,0.04953980787607504,1082,188,0.17375231053604437,1779,BBH,0.5,discovery,validation
0.894675698177079,27866,1460,0.05239359793296491,19883,1098,0.055223054870995325,1078,274,0.2541743970315399,1780,BBH,0.5,discovery,validation
0.8956131651093993,27870,1453,0.05213491209185504,19888,1082,0.05440466613032985,1083,309,0.2853185595567867,1781,BBH,0.5,discovery,validation
0.8467137924273155,27868,2135,0.07661116692981197,19885,1395,0.0701533819461906,1082,290,0.2680221811460259,1782,BBH,0.5,discovery,validation
0.9252530404751883,27875,1041,0.03734529147982063,19890,739,0.0371543489190548,1081,185,0.1711378353376503,1783,BBH,0.5,discovery,validation
0.892231231914842,27869,1500,0.05382324446517636,19886,1155,0.058081062053706126,1080,402,0.37222222222222223,1784,BBH,0.5,discovery,validation
0.931151660096116,27873,957,0.03433430201270046,19887,719,0.03615427163473626,1078,192,0.17810760667903525,1785,BBH,0.5,discovery,validation
0.8883205719492142,27863,1551,0.05566521910777734,19883,1091,0.05487099532263743,1078,324,0.300556586270872,1786,BBH,0.5,discovery,validation
0.8326059858686647,27857,2329,0.08360555695157411,19879,1654,0.08320338045173298,1078,399,0.37012987012987014,1787,BBH,0.5,discovery,validation
0.9119299456650954,27863,1224,0.04392922513727883,19884,860,0.04325085495876081,1080,302,0.2796296296296296,1788,BBH,0.5,discovery,validation
0.8802361500404428,27863,1664,0.05972077665721566,19884,1236,0.06216053108026554,1079,521,0.48285449490268767,1789,BBH,0.5,discovery,validation
0.898546083621339,27870,1411,0.05062791532113384,19888,974,0.04897425583266291,1082,375,0.3465804066543438,1790,BBH,0.5,discovery,validation
0.8764845210247402,27865,1714,0.06151085591243496,19885,1216,0.061151621825496605,1079,448,0.4151992585727525,1791,BBH,0.5,discovery,validation
0.8625957597084528,27861,1909,0.06851871792110836,19880,1326,0.06670020120724346,1079,380,0.35217794253938833,1792,BBH,0.5,discovery,validation
0.8729256219691148,27873,1767,0.06339468302658487,19890,1216,0.06113624937154349,1082,440,0.4066543438077634,1793,BBH,0.5,discovery,validation
0.8975372868486833,27866,1425,0.051137587023613006,19889,970,0.04877067725878626,1079,372,0.3447636700648749,1794,BBH,0.5,discovery,validation
0.9188367910689508,27865,1126,0.04040911537771398,19886,764,0.038418988232927685,1078,226,0.20964749536178107,1795,BBH,0.5,discovery,validation
0.9123102208565623,27867,1214,0.0435640722000933,19886,861,0.043296791712762746,1081,171,0.15818686401480112,1796,BBH,0.5,discovery,validation
0.9219378971190046,27870,1086,0.03896663078579117,19886,771,0.038770994669616816,1077,277,0.25719591457753016,1797,BBH,0.5,discovery,validation
0.8959954730300411,27864,1445,0.051859029572207865,19888,1007,0.050633547868061145,1080,243,0.225,1798,BBH,0.5,discovery,validation
0.9102777576690978,27870,1250,0.044851094366702544,19890,971,0.04881850175967823,1081,204,0.1887141535615171,1799,BBH,0.5,discovery,validation
0.8973818150936648,27869,1424,0.05109620007894076,19888,1021,0.05133748994368464,1082,373,0.34473197781885395,1800,BBH,0.5,discovery,validation
0.8812104579262835,27868,1650,0.059207693411798476,19885,1194,0.0600452602464169,1075,341,0.3172093023255814,1801,BBH,0.5,discovery,validation
0.8783733270270219,27870,1692,0.06071044133476857,19887,1275,0.06411223412279378,1078,397,0.3682745825602968,1802,BBH,0.5,discovery,validation
0.9230769657427514,27866,1068,0.03832627574822364,19885,790,0.03972843852149862,1079,230,0.21316033364226136,1803,BBH,0.5,discovery,validation
0.881091641745405,27870,1654,0.059346968066020814,19888,1082,0.05440466613032985,1083,335,0.30932594644506,1804,BBH,0.5,discovery,validation
0.8739090451436733,27865,1751,0.06283868652431365,19885,1295,0.06512446567764647,1076,476,0.4423791821561338,1805,BBH,0.5,discovery,validation
0.8131495166447978,27864,2600,0.09331036462819409,19889,1768,0.08889335813766404,1082,571,0.5277264325323475,1806,BBH,0.5,discovery,validation
0.8896798995267953,27863,1528,0.05483975164196246,19882,1134,0.057036515441102505,1077,396,0.36768802228412256,1807,BBH,0.5,discovery,validation
0.9001591761995401,27872,1389,0.0498349598163031,19888,1002,0.0503821399839099,1079,329,0.3049119555143652,1808,BBH,0.5,discovery,validation
0.8670329067819647,27854,1845,0.06623824226322969,19881,1318,0.06629445198933655,1078,456,0.4230055658627087,1809,BBH,0.5,discovery,validation
0.9271930942590768,27868,1011,0.036278168508683796,19884,712,0.03580768457050895,1080,128,0.11851851851851852,1810,BBH,0.5,discovery,validation
0.8813639258052218,27855,1642,0.05894812421468318,19878,1161,0.05840627829761545,1078,299,0.27736549165120594,1811,BBH,0.5,discovery,validation
0.8647614549611199,27870,1877,0.06734840330104054,19887,1349,0.06783325790717554,1081,328,0.303422756706753,1812,BBH,0.5,discovery,validation
0.8688592255126807,27870,1821,0.06533907427341228,19888,1246,0.06265084473049075,1081,281,0.2599444958371878,1813,BBH,0.5,discovery,validation
0.9207660605366275,27876,1101,0.03949634093844167,19891,815,0.040973304509577195,1083,276,0.2548476454293629,1814,BBH,0.5,discovery,validation
0.8810201071475529,27870,1656,0.059418729817007535,19888,1259,0.06330450522928399,1081,440,0.4070305272895467,1815,BBH,0.5,discovery,validation
0.9053546888536871,27867,1315,0.0471884307603976,19887,935,0.04701563835671544,1078,360,0.3339517625231911,1816,BBH,0.5,discovery,validation
0.8891353266373017,27868,1543,0.055368164202669726,19884,1045,0.05255481794407564,1078,336,0.3116883116883117,1817,BBH,0.5,discovery,validation
0.9360827248123202,27869,888,0.03186336072338441,19888,643,0.032331053901850364,1079,221,0.20481927710843373,1818,BBH,0.5,discovery,validation
0.8974190038054881,27860,1422,0.05104091888011486,19880,974,0.04899396378269618,1082,212,0.19593345656192238,1819,BBH,0.5,discovery,validation
0.905231187003654,27868,1318,0.047294387828333576,19886,995,0.05003520064366891,1075,350,0.32558139534883723,1820,BBH,0.5,discovery,validation
0.9153045741719288,27871,1177,0.04223027519644074,19887,899,0.04520541056971891,1079,267,0.247451343836886,1821,BBH,0.5,discovery,validation
0.828211717285022,27859,2389,0.08575325747514269,19887,1597,0.08030371599537386,1080,430,0.39814814814814814,1822,BBH,0.5,discovery,validation
0.8996316138974787,27867,1394,0.05002332507984354,19884,1051,0.052856568094950714,1076,340,0.3159851301115242,1823,BBH,0.5,discovery,validation
0.8971378751706737,27853,1425,0.05116145478045453,19880,1067,0.053672032193158956,1070,323,0.3018691588785047,1824,BBH,0.5,discovery,validation
0.8850694406282964,27865,1598,0.05734792750762605,19887,1199,0.06029064212802333,1079,432,0.40037071362372567,1825,BBH,0.5,discovery,validation
0.8852958108985335,27862,1591,0.05710286411600029,19888,1187,0.059684231697506036,1079,487,0.45134383688600554,1826,BBH,0.5,discovery,validation
0.9111687710499085,27868,1235,0.044316061432467344,19890,896,0.04504776269482152,1081,274,0.2534690101757632,1827,BBH,0.5,discovery,validation
0.9017595359817823,27877,1369,0.04910858413746099,19893,981,0.04931382898507013,1083,340,0.3139427516158818,1828,BBH,0.5,discovery,validation
0.9031300881891761,27863,1343,0.04820012202562538,19883,948,0.0476789216918976,1083,167,0.15420129270544783,1829,BBH,0.5,discovery,validation
0.909712095406937,27863,1254,0.04500592183181998,19878,942,0.04738907334741926,1078,282,0.26159554730983303,1830,BBH,0.5,discovery,validation
0.8536428538064719,27871,2036,0.073050841376341,19888,1384,0.06958970233306516,1080,426,0.39444444444444443,1831,BBH,0.5,discovery,validation
0.8697689663849755,27869,1813,0.06505436147690982,19887,1409,0.07085030421883642,1083,312,0.2880886426592798,1832,BBH,0.5,discovery,validation
0.8968737050831862,27865,1433,0.05142652072492374,19886,993,0.04993462737604345,1079,291,0.26969416126042633,1833,BBH,0.5,discovery,validation
0.8537855297940363,27864,2033,0.07296152741889177,19883,1415,0.07116632298948851,1078,501,0.4647495361781076,1834,BBH,0.5,discovery,validation
0.8798841336393081,27874,1669,0.059876587500896895,19890,1202,0.0604323780794369,1082,430,0.3974121996303142,1835,BBH,0.5,discovery,validation
0.9052055695638926,27875,1316,0.04721076233183857,19891,966,0.048564677492333216,1083,232,0.21421975992613113,1836,BBH,0.5,discovery,validation
0.8625852110609813,27864,1904,0.06833189778926213,19886,1370,0.06889268832344363,1079,278,0.25764596848934196,1837,BBH,0.5,discovery,validation
0.9001127166531271,27866,1387,0.04977391803631666,19887,1002,0.05038467340473676,1082,314,0.2902033271719039,1838,BBH,0.5,discovery,validation
0.8504748338646684,27870,2078,0.07456045927520631,19889,1506,0.0757202473729197,1079,397,0.36793327154772937,1839,BBH,0.5,discovery,validation
0.9299164983905841,27872,973,0.03490958668197474,19890,704,0.035394670688788335,1081,230,0.2127659574468085,1840,BBH,0.5,discovery,validation
0.9023880698364208,27858,1353,0.048567736377342234,19881,1070,0.0538202303707057,1076,244,0.22676579925650558,1841,BBH,0.5,discovery,validation
0.903332003908682,27866,1345,0.04826670494509438,19883,1041,0.05235628426293819,1077,359,0.3333333333333333,1842,BBH,0.5,discovery,validation
0.8875416180524885,27867,1566,0.056195500053827105,19886,1078,0.05420899125012572,1081,328,0.303422756706753,1843,BBH,0.5,discovery,validation
0.9070977839626801,27872,1288,0.04621125143513203,19889,973,0.04892151440494746,1078,232,0.21521335807050093,1844,BBH,0.5,discovery,validation
0.9137758438973039,27877,1202,0.04311798256627327,19889,840,0.042234400925134495,1080,283,0.262037037037037,1845,BBH,0.5,discovery,validation
0.9051792257393828,27869,1320,0.0473644551293552,19886,947,0.04762144222065775,1080,300,0.2777777777777778,1846,BBH,0.5,discovery,validation
0.9249316505007469,27862,1038,0.03725504271050176,19883,735,0.03696625257757884,1078,223,0.20686456400742115,1847,BBH,0.5,discovery,validation
0.8856616938615254,27866,1586,0.05691523720663174,19885,1170,0.05883832034196631,1079,312,0.2891566265060241,1848,BBH,0.5,discovery,validation
0.8906142032986268,27856,1515,0.054386846639862145,19883,1137,0.057184529497560734,1077,323,0.2999071494893222,1849,BBH,0.5,discovery,validation
0.9102518714653947,27865,1245,0.044679705724026554,19887,950,0.04776989993463066,1079,327,0.3030583873957368,1850,BBH,0.5,discovery,validation
0.8918020166499401,27869,1505,0.054002655280060284,19887,1006,0.05058580982551415,1079,411,0.3809082483781279,1851,BBH,0.5,discovery,validation
0.8702806547516524,27866,1804,0.06473839087059499,19884,1232,0.06195936431301549,1075,345,0.3209302325581395,1852,BBH,0.5,discovery,validation
0.9006205869590524,27870,1382,0.04958736993182634,19888,1045,0.05254424778761062,1081,309,0.2858464384828862,1853,BBH,0.5,discovery,validation
0.8858364697427316,27864,1585,0.05688343382141832,19885,1204,0.06054815187327131,1077,397,0.3686165273909007,1854,BBH,0.5,discovery,validation
0.9064277654079761,27868,1299,0.04661260226783408,19891,928,0.04665426574832839,1082,336,0.31053604436229204,1855,BBH,0.5,discovery,validation
0.930803255156083,27866,957,0.03434292686427905,19887,703,0.03534972595162669,1080,193,0.1787037037037037,1856,BBH,0.5,discovery,validation
0.8879230731983305,27861,1553,0.055740999964107536,19883,1141,0.05738570638233667,1077,426,0.3955431754874652,1857,BBH,0.5,discovery,validation
0.8703833379817536,27864,1799,0.0645635946023543,19882,1298,0.06528518257720552,1074,470,0.4376163873370577,1858,BBH,0.5,discovery,validation
0.9085153714475003,27864,1269,0.045542635658914726,19885,882,0.04435504148855922,1075,256,0.23813953488372094,1859,BBH,0.5,discovery,validation
0.9135356674542536,27872,1203,0.043161595866819745,19888,823,0.041381737731295255,1079,249,0.23076923076923078,1860,BBH,0.5,discovery,validation
0.8394470282226522,27866,2234,0.0801693820426326,19885,1531,0.0769927080714106,1080,416,0.3851851851851852,1861,BBH,0.5,discovery,validation
0.9237593107142551,27868,1058,0.03796469068465624,19887,770,0.03871876099964801,1081,157,0.1452358926919519,1862,BBH,0.5,discovery,validation
0.9226339798453939,27869,1075,0.03857332520004306,19887,785,0.03947302257756323,1081,305,0.2821461609620722,1863,BBH,0.5,discovery,validation
0.8762071953585041,27869,1719,0.06168143815709211,19886,1281,0.06441717791411043,1078,361,0.33487940630797774,1864,BBH,0.5,discovery,validation
0.8617773003253142,27870,1921,0.06892716182274848,19886,1380,0.06939555466157095,1080,460,0.42592592592592593,1865,BBH,0.5,discovery,validation
0.881326247984467,27871,1649,0.05916544078073984,19888,1163,0.05847747385358005,1080,259,0.23981481481481481,1866,BBH,0.5,discovery,validation
0.9245077600785535,27867,1048,0.037607205655434746,19886,776,0.03902242783868048,1078,280,0.2597402597402597,1867,BBH,0.5,discovery,validation
0.8642713185412835,27866,1888,0.06775281705303955,19883,1195,0.06010159432681185,1078,388,0.35992578849721707,1868,BBH,0.5,discovery,validation
0.8948903081674754,27866,1463,0.05250125601090935,19886,1034,0.05199637936236548,1076,330,0.3066914498141264,1869,BBH,0.5,discovery,validation
0.8926374749026365,27857,1487,0.05337976092185088,19880,1047,0.05266599597585513,1072,317,0.2957089552238806,1870,BBH,0.5,discovery,validation
0.918484898951342,27869,1132,0.04061860848971976,19888,841,0.042286806114239746,1079,370,0.34291010194624655,1871,BBH,0.5,discovery,validation
0.8965036538272319,27868,1439,0.0516362853451988,19887,1031,0.051842912455372855,1079,247,0.2289156626506024,1872,BBH,0.5,discovery,validation
0.8973818150936648,27869,1425,0.051132082241917544,19887,1001,0.05033438929954241,1080,443,0.4101851851851852,1873,BBH,0.5,discovery,validation
0.9239324851116139,27877,1058,0.037952433906087456,19893,768,0.038606545015834715,1083,214,0.19759926131117267,1874,BBH,0.5,discovery,validation
0.8742376470939377,27860,1748,0.06274228284278535,19882,1274,0.064078060557288,1079,351,0.3253012048192771,1875,BBH,0.5,discovery,validation
0.8998784269444309,27865,1386,0.049739816974699445,19887,1029,0.05174234424498416,1079,226,0.20945319740500462,1876,BBH,0.5,discovery,validation
0.911851518821846,27871,1225,0.04395249542535252,19887,919,0.046211092673605875,1079,435,0.4031510658016682,1877,BBH,0.5,discovery,validation
0.8591615460920627,27861,1954,0.07013387889881914,19877,1449,0.07289832469688584,1075,456,0.4241860465116279,1878,BBH,0.5,discovery,validation
0.9088925925281649,27865,1265,0.04539745200071774,19885,952,0.0478752828765401,1077,309,0.28690807799442897,1879,BBH,0.5,discovery,validation
0.8657832378050366,27870,1865,0.0669178327951202,19889,1333,0.06702197194429081,1081,334,0.3089731729879741,1880,BBH,0.5,discovery,validation
0.9153118771903774,27864,1177,0.042240884295147864,19885,780,0.039225546894644206,1080,255,0.2361111111111111,1881,BBH,0.5,discovery,validation
0.9021228135139484,27871,1362,0.04886799899537153,19889,951,0.047815375333098695,1079,381,0.3531047265987025,1882,BBH,0.5,discovery,validation
0.8913926238361203,27870,1508,0.054108360243989954,19890,1088,0.0547008547008547,1082,373,0.34473197781885395,1883,BBH,0.5,discovery,validation
0.8938248001630946,27870,1477,0.05299605310369573,19886,1094,0.055013577391129435,1079,244,0.22613531047265986,1884,BBH,0.5,discovery,validation
0.9249284840309452,27873,1044,0.03745560219567323,19888,752,0.03781174577634755,1080,232,0.21481481481481482,1885,BBH,0.5,discovery,validation
0.873334661651318,27872,1764,0.06328932261768083,19887,1237,0.062201438125408556,1079,337,0.3123262279888786,1886,BBH,0.5,discovery,validation
0.9091136990009838,27869,1261,0.04524740751372493,19886,927,0.0466157095444031,1082,264,0.24399260628465805,1887,BBH,0.5,discovery,validation
0.8879031761078755,27860,1556,0.05585068198133525,19881,1111,0.05588250088023741,1077,328,0.3045496750232126,1888,BBH,0.5,discovery,validation
0.8977467954704286,27873,1423,0.051052990349083345,19889,1022,0.05138518779224697,1081,281,0.2599444958371878,1889,BBH,0.5,discovery,validation
0.8427680191866724,27864,2183,0.07834481768590296,19882,1513,0.07609898400563324,1077,456,0.4233983286908078,1890,BBH,0.5,discovery,validation
0.885332113808673,27871,1591,0.05708442467080478,19886,1102,0.0554158704616313,1079,335,0.31047265987025024,1891,BBH,0.5,discovery,validation
0.8591204589323956,27866,1959,0.07030072489772482,19884,1401,0.07045866022933012,1077,425,0.3946146703806871,1892,BBH,0.5,discovery,validation
0.9130870413049574,27871,1211,0.043450181191919915,19888,883,0.04439863234111022,1078,374,0.3469387755102041,1893,BBH,0.5,discovery,validation
0.9059594116636165,27865,1308,0.046940606495603804,19880,904,0.0454728370221328,1077,188,0.1745589600742804,1894,BBH,0.5,discovery,validation
0.8951022553164539,27855,1456,0.052270687488781185,19876,1013,0.05096598913262226,1076,225,0.20910780669144982,1895,BBH,0.5,discovery,validation
0.897189712018428,27853,1426,0.05119735755573906,19876,1073,0.05398470517206681,1068,234,0.21910112359550563,1896,BBH,0.5,discovery,validation
0.894695461747749,27867,1460,0.05239171780241863,19884,1016,0.051096358881512774,1075,351,0.32651162790697674,1897,BBH,0.5,discovery,validation
0.9115196259360336,27875,1234,0.04426905829596413,19891,920,0.04625207380222211,1083,329,0.30378578024007385,1898,BBH,0.5,discovery,validation
0.8651703789807328,27868,1872,0.06717381943447683,19888,1351,0.06793041029766693,1079,438,0.40593141797961074,1899,BBH,0.5,discovery,validation
0.9102390795538365,27857,1241,0.04454894640485336,19880,930,0.04678068410462777,1076,203,0.18866171003717472,1900,BBH,0.5,discovery,validation
0.8791114957356393,27864,1681,0.06032873959230548,19882,1101,0.055376722663715926,1078,363,0.336734693877551,1901,BBH,0.5,discovery,validation
0.8950088694062814,27872,1461,0.05241819747416762,19887,974,0.048976718459295014,1081,177,0.1637372802960222,1902,BBH,0.5,discovery,validation
0.9025127750306701,27868,1356,0.048657958949332565,19885,1034,0.051998994216746294,1079,269,0.24930491195551435,1903,BBH,0.5,discovery,validation
0.9159557682213044,27864,1166,0.04184610967556704,19884,830,0.041742104204385434,1079,309,0.28637627432808155,1904,BBH,0.5,discovery,validation
0.9110062253729428,27867,1236,0.04435353644095166,19885,894,0.04495851144078451,1080,296,0.2740740740740741,1905,BBH,0.5,discovery,validation
0.850986223714076,27874,2073,0.07437038100021526,19888,1459,0.07336082059533387,1079,358,0.33178869323447635,1906,BBH,0.5,discovery,validation
0.894695461747749,27868,1459,0.0523539543562509,19888,1032,0.051890587288817375,1082,239,0.2208872458410351,1907,BBH,0.5,discovery,validation
0.9057191095211501,27871,1310,0.047002260414050444,19888,982,0.04937650844730491,1082,334,0.30868761552680224,1908,BBH,0.5,discovery,validation
0.8863136673886148,27870,1578,0.0566200215285253,19888,1153,0.057974658085277554,1080,282,0.2611111111111111,1909,BBH,0.5,discovery,validation
0.9058426126022622,27870,1308,0.046932185145317544,19886,961,0.048325455094036004,1077,407,0.3779015784586815,1910,BBH,0.5,discovery,validation
0.8623909446755686,27865,1913,0.06865243136551229,19883,1361,0.06845043504501333,1079,334,0.30954587581093607,1911,BBH,0.5,discovery,validation
0.9290248864082052,27874,986,0.03537346631269283,19891,717,0.036046453169775276,1083,241,0.22253000923361035,1912,BBH,0.5,discovery,validation
0.9121050266783484,27872,1223,0.043879161882893224,19890,899,0.045198592257415786,1080,308,0.2851851851851852,1913,BBH,0.5,discovery,validation
0.876576149829182,27866,1717,0.061616306610205986,19886,1263,0.06351201850548124,1078,451,0.41836734693877553,1914,BBH,0.5,discovery,validation
0.8946389705649892,27875,1467,0.05262780269058296,19891,1011,0.05082700718918104,1080,390,0.3611111111111111,1915,BBH,0.5,discovery,validation
0.909978779603883,27862,1252,0.04493575479147226,19889,849,0.04268691236361808,1081,271,0.2506938020351526,1916,BBH,0.5,discovery,validation
0.8973226676983129,27866,1426,0.051173473049594485,19884,1121,0.05637698652182659,1076,347,0.3224907063197026,1917,BBH,0.5,discovery,validation
0.8878078853652288,27866,1558,0.05591042847915022,19888,1218,0.06124296057924376,1078,406,0.37662337662337664,1918,BBH,0.5,discovery,validation
0.9162419373279892,27864,1162,0.04170255526844674,19887,807,0.04057927289183889,1079,296,0.2743280815569972,1919,BBH,0.5,discovery,validation
0.8693428874828937,27855,1816,0.06519475857117214,19880,1260,0.06338028169014084,1081,299,0.2765957446808511,1920,BBH,0.5,discovery,validation
0.8891750513027024,27870,1541,0.0552924291352709,19887,1204,0.060542062653995074,1079,358,0.33178869323447635,1921,BBH,0.5,discovery,validation
0.9166965020142508,27869,1160,0.04162330905306972,19892,816,0.041021516187412024,1080,377,0.3490740740740741,1922,BBH,0.5,discovery,validation
0.9252946969632447,27866,1036,0.037177922916816195,19884,766,0.03852343592838463,1079,299,0.27710843373493976,1923,BBH,0.5,discovery,validation
0.896256976490069,27870,1442,0.05174022246142806,19887,1060,0.05330115150600895,1077,366,0.3398328690807799,1924,BBH,0.5,discovery,validation
0.8989162295279528,27867,1404,0.05038217246205189,19884,1060,0.053309193321263326,1075,338,0.3144186046511628,1925,BBH,0.5,discovery,validation
0.86850155252342,27870,1830,0.06566200215285253,19886,1236,0.06215427939253746,1082,421,0.38909426987060997,1926,BBH,0.5,discovery,validation
0.8924381632880154,27865,1494,0.05361564686883187,19881,1111,0.05588250088023741,1077,356,0.3305478180129991,1927,BBH,0.5,discovery,validation
0.9024342779304486,27864,1356,0.04866494401378122,19881,999,0.05024898143956542,1079,368,0.3410565338276182,1928,BBH,0.5,discovery,validation
0.9264445767836925,27870,1024,0.03674201650520273,19887,775,0.03897018152561975,1078,169,0.1567717996289425,1929,BBH,0.5,discovery,validation
0.820510102627898,27867,2499,0.08967596081386586,19890,1694,0.08516842634489694,1083,444,0.4099722991689751,1930,BBH,0.5,discovery,validation
0.8850929159582189,27859,1590,0.057073118202376254,19881,1231,0.061918414566671694,1075,288,0.26790697674418606,1931,BBH,0.5,discovery,validation
0.8609804915689385,27866,1931,0.0692959161702433,19884,1365,0.06864815932407967,1076,478,0.44423791821561337,1932,BBH,0.5,discovery,validation
0.9025393563482039,27873,1357,0.048685107451655725,19890,1010,0.05077928607340372,1080,411,0.38055555555555554,1933,BBH,0.5,discovery,validation
0.8707410493651097,27864,1795,0.064420040195234,19885,1325,0.06663314055820971,1078,431,0.39981447124304265,1934,BBH,0.5,discovery,validation
0.9294963995766997,27865,978,0.03509779293019918,19886,693,0.03484863723222367,1077,275,0.255338904363974,1935,BBH,0.5,discovery,validation
0.9019601112526185,27869,1364,0.048943270300333706,19890,991,0.04982403217697336,1081,345,0.3191489361702128,1936,BBH,0.5,discovery,validation
0.8623306151282022,27855,1912,0.0686411775264764,19872,1442,0.07256441223832528,1070,372,0.34766355140186916,1937,BBH,0.5,discovery,validation
0.8714051102593028,27865,1788,0.06416651713619236,19889,1165,0.05857509175926391,1082,360,0.33271719038817005,1938,BBH,0.5,discovery,validation
0.9159811432394143,27869,1170,0.041982130682837564,19887,856,0.04304319404636194,1080,391,0.36203703703703705,1939,BBH,0.5,discovery,validation
0.8858120469832604,27852,1585,0.056907941979032026,19875,1085,0.05459119496855346,1075,334,0.31069767441860463,1940,BBH,0.5,discovery,validation
0.8776693137530291,27867,1696,0.060860516022535616,19890,1229,0.06178984414278532,1083,228,0.21052631578947367,1941,BBH,0.5,discovery,validation
0.8680643306950481,27859,1831,0.06572382353996913,19879,1305,0.06564716535036974,1077,364,0.33797585886722376,1942,BBH,0.5,discovery,validation
0.8636884096166523,27869,1893,0.06792493451505256,19888,1287,0.06471238938053098,1080,341,0.31574074074074077,1943,BBH,0.5,discovery,validation
0.9241224091959519,27872,1056,0.03788748564867968,19886,775,0.03897214120486775,1080,220,0.2037037037037037,1944,BBH,0.5,discovery,validation
0.9043923310870627,27869,1331,0.04775915892209982,19885,915,0.04601458385717878,1080,311,0.287962962962963,1945,BBH,0.5,discovery,validation
0.9202403731338968,27871,1107,0.03971870402927774,19889,797,0.040072401830157374,1080,272,0.2518518518518518,1946,BBH,0.5,discovery,validation
0.9076505091149637,27871,1287,0.04617702988769689,19889,969,0.048720398210065866,1082,387,0.3576709796672828,1947,BBH,0.5,discovery,validation
0.8831578037738718,27866,1625,0.05831479221990957,19885,1108,0.055720392255468945,1080,398,0.3685185185185185,1948,BBH,0.5,discovery,validation
0.8858283254497129,27860,1587,0.05696338837042355,19880,1104,0.055533199195171024,1078,226,0.20964749536178107,1949,BBH,0.5,discovery,validation
0.8683490823983195,27866,1831,0.06570731357209503,19886,1229,0.061802272955848336,1079,423,0.39202965708989806,1950,BBH,0.5,discovery,validation
0.892107969814642,27870,1500,0.05382131324004306,19885,1030,0.05179783756600453,1080,185,0.1712962962962963,1951,BBH,0.5,discovery,validation
0.9095559592694211,27866,1255,0.045036962606760926,19885,865,0.043500125722906714,1080,285,0.2638888888888889,1952,BBH,0.5,discovery,validation
0.8807539701710724,27871,1660,0.05956011624986545,19891,1235,0.06208838168015685,1080,365,0.33796296296296297,1953,BBH,0.5,discovery,validation
0.9090096421624622,27871,1265,0.04538767894944566,19887,875,0.04399859204505456,1080,316,0.29259259259259257,1954,BBH,0.5,discovery,validation
0.8801931741065483,27868,1663,0.059674178268982345,19885,1175,0.05908976615539351,1078,415,0.3849721706864564,1955,BBH,0.5,discovery,validation
0.8987606874148956,27870,1409,0.05055615357014711,19887,1074,0.054005128978729826,1081,296,0.2738205365402405,1956,BBH,0.5,discovery,validation
0.8544602886034741,27869,2027,0.07273314435394165,19888,1458,0.07331053901850362,1079,332,0.3076923076923077,1957,BBH,0.5,discovery,validation
0.9255722608652733,27873,1036,0.03716858608689413,19890,752,0.03780794369029663,1081,280,0.2590194264569843,1958,BBH,0.5,discovery,validation
0.8688903111542896,27868,1823,0.06541553035739917,19888,1313,0.06601971037811746,1080,431,0.3990740740740741,1959,BBH,0.5,discovery,validation
0.9015757706103943,27864,1368,0.04909560723514212,19883,1030,0.051803047829804355,1078,295,0.27365491651205937,1960,BBH,0.5,discovery,validation
0.9148171660662816,27868,1183,0.042450122003731876,19887,919,0.046211092673605875,1081,187,0.17298797409805736,1961,BBH,0.5,discovery,validation
0.9051852755364673,27863,1316,0.04723109500053835,19884,969,0.04873264936632468,1081,276,0.2553191489361702,1962,BBH,0.5,discovery,validation
0.9319336361685456,27869,945,0.03390864401306111,19886,706,0.0355023634717892,1078,151,0.14007421150278293,1963,BBH,0.5,discovery,validation
0.875482947070992,27865,1733,0.062192714875291585,19889,1178,0.05922871939262909,1080,360,0.3333333333333333,1964,BBH,0.5,discovery,validation
0.8720379460703763,27868,1779,0.06383665853308454,19886,1233,0.06200341949109926,1080,260,0.24074074074074073,1965,BBH,0.5,discovery,validation
0.9013218543478039,27862,1372,0.049242696145287486,19882,983,0.04944170606578815,1074,299,0.2783985102420857,1966,BBH,0.5,discovery,validation
0.9086844837360819,27869,1268,0.045498582654562414,19885,912,0.045863716369122454,1074,431,0.40130353817504655,1967,BBH,0.5,discovery,validation
0.8863970030612468,27867,1579,0.05666200165069796,19886,1231,0.0619028462234738,1081,309,0.2858464384828862,1968,BBH,0.5,discovery,validation
0.9219764480320942,27872,1084,0.03889207807118255,19889,738,0.03710593795565388,1081,130,0.12025901942645699,1969,BBH,0.5,discovery,validation
0.8921795044124943,27870,1501,0.05385719411553642,19891,1019,0.05122919913528732,1080,352,0.32592592592592595,1970,BBH,0.5,discovery,validation
0.8752102990449824,27855,1734,0.06225094238018309,19879,1340,0.06740781729463252,1079,370,0.34291010194624655,1971,BBH,0.5,discovery,validation
0.9128724413500894,27871,1212,0.04348606078002225,19889,858,0.043139423802101666,1080,360,0.3333333333333333,1972,BBH,0.5,discovery,validation
0.9102451936696717,27872,1247,0.0447402411021814,19887,898,0.04515512646452456,1081,246,0.22756706753006475,1973,BBH,0.5,discovery,validation
0.9038651234638727,27864,1333,0.047839506172839504,19882,989,0.04974348657076753,1078,259,0.24025974025974026,1974,BBH,0.5,discovery,validation
0.9179841478089565,27869,1140,0.04090566579353403,19888,847,0.042588495575221236,1080,247,0.22870370370370371,1975,BBH,0.5,discovery,validation
0.9011213291440179,27870,1374,0.04930032292787944,19888,989,0.049728479485116654,1078,334,0.3098330241187384,1976,BBH,0.5,discovery,validation
0.9121577676406099,27860,1218,0.043718592964824124,19888,936,0.04706355591311343,1080,194,0.17962962962962964,1977,BBH,0.5,discovery,validation
0.8622885498082191,27868,1909,0.06850150710492321,19887,1428,0.07180570221752904,1080,371,0.3435185185185185,1978,BBH,0.5,discovery,validation
0.8905582600030304,27864,1521,0.05458656330749354,19879,1154,0.058051209819407416,1075,397,0.36930232558139536,1979,BBH,0.5,discovery,validation
0.8978752692716495,27865,1414,0.05074466176206711,19891,1020,0.0512794731285506,1079,306,0.283595922150139,1980,BBH,0.5,discovery,validation
0.9016403002437026,27860,1361,0.04885139985642498,19881,901,0.04531965192897742,1076,254,0.23605947955390336,1981,BBH,0.5,discovery,validation
0.8408343782869089,27857,2212,0.07940553541300212,19877,1590,0.07999195049554762,1079,369,0.34198331788693237,1982,BBH,0.5,discovery,validation
0.8892664463145896,27871,1539,0.055218686089483694,19888,1137,0.05717015285599356,1081,438,0.4051803885291397,1983,BBH,0.5,discovery,validation
0.8944686046780039,27870,1465,0.05256548259777539,19888,1107,0.055661705551086085,1079,265,0.24559777571825764,1984,BBH,0.5,discovery,validation
0.8779066287481914,27861,1695,0.06083773016043932,19883,1272,0.06397424935874868,1077,324,0.3008356545961003,1985,BBH,0.5,discovery,validation
0.9124626868723247,27872,1218,0.043699770378874854,19887,882,0.044350580781414996,1080,211,0.19537037037037036,1986,BBH,0.5,discovery,validation
0.9228540920092215,27873,1070,0.03838840454920532,19889,775,0.03896626275830861,1081,236,0.2183163737280296,1987,BBH,0.5,discovery,validation
0.8874184269174034,27868,1567,0.05622936701593225,19887,1106,0.055614220344948964,1078,402,0.37291280148423006,1988,BBH,0.5,discovery,validation
0.9227247776953788,27870,1076,0.03860782203085755,19888,800,0.04022526146419952,1080,147,0.1361111111111111,1989,BBH,0.5,discovery,validation
0.8488892851045865,27859,2098,0.07530779999282099,19882,1513,0.07609898400563324,1078,449,0.4165120593692022,1990,BBH,0.5,discovery,validation
0.8689229148259642,27860,1819,0.06529073941134243,19877,1257,0.06323891935402727,1081,300,0.27752081406105455,1991,BBH,0.5,discovery,validation
0.884219213636673,27869,1607,0.05766263590369228,19886,1186,0.059639947701900835,1079,369,0.34198331788693237,1992,BBH,0.5,discovery,validation
0.8435438136703105,27860,2172,0.07796123474515435,19879,1455,0.0731928165400674,1080,375,0.3472222222222222,1993,BBH,0.5,discovery,validation
0.9167680378917343,27869,1154,0.04140801607520901,19890,826,0.041528406234288585,1082,215,0.1987060998151571,1994,BBH,0.5,discovery,validation
0.9052959689972966,27864,1314,0.047157622739018086,19886,930,0.046766569445841295,1080,260,0.24074074074074073,1995,BBH,0.5,discovery,validation
0.8417664273132757,27864,2205,0.0791343669250646,19882,1464,0.07363444321496831,1078,412,0.3821892393320965,1996,BBH,0.5,discovery,validation
0.8888611134532004,27865,1541,0.05530235061905616,19889,1086,0.054603046910352455,1080,269,0.2490740740740741,1997,BBH,0.5,discovery,validation
0.8873071073476979,27866,1566,0.05619751668700208,19884,1107,0.05567290283645142,1077,422,0.3918291550603528,1998,BBH,0.5,discovery,validation
0.8937852418542479,27868,1476,0.052963973015645184,19885,990,0.04978627105858687,1077,300,0.2785515320334262,1999,BBH,0.5,discovery,validation
0.9274213046904715,33532,1206,0.03596564475724681,24491,961,0.03923890408721571,1158,266,0.229706390328152,0,BBH,0.5,validation,discovery
0.9159536869305804,33532,1401,0.04178098532744841,24492,1048,0.04278948227992814,1154,342,0.29636048526863085,1,BBH,0.5,validation,discovery
0.8785799482208834,33532,2032,0.06059883096743409,24491,1427,0.058266301906822915,1154,540,0.4679376083188908,2,BBH,0.5,validation,discovery
0.9100983649318471,33530,1503,0.0448255293766776,24485,1113,0.045456401878701244,1148,319,0.2778745644599303,3,BBH,0.5,validation,discovery
0.9269821612948405,33538,1222,0.03643628123322798,24496,887,0.03620999346832136,1157,426,0.3681936041486603,4,BBH,0.5,validation,discovery
0.9268271276044668,33532,1225,0.03653226768459979,24488,840,0.03430251551780464,1156,223,0.19290657439446368,5,BBH,0.5,validation,discovery
0.9194480569261968,33535,1343,0.040047711346354556,24492,991,0.04046219173607709,1156,334,0.2889273356401384,6,BBH,0.5,validation,discovery
0.9120649460560477,33525,1466,0.04372856077554064,24483,1112,0.04541927051423437,1154,230,0.19930675909878684,7,BBH,0.5,validation,discovery
0.9177362181885946,33532,1375,0.04100560658475486,24486,1032,0.04214653271257045,1153,348,0.3018213356461405,8,BBH,0.5,validation,discovery
0.888859211808765,33532,1854,0.05529046880591674,24489,1305,0.05328923190003675,1154,339,0.2937608318890815,9,BBH,0.5,validation,discovery
0.8716631274606742,33527,2143,0.06391863274375877,24488,1522,0.062152891212022214,1155,490,0.42424242424242425,10,BBH,0.5,validation,discovery
0.9074786652652326,33537,1547,0.04612815696096848,24493,1165,0.0475646102968195,1157,385,0.3327571305099395,11,BBH,0.5,validation,discovery
0.905971511885701,33532,1570,0.04682094715495646,24489,1070,0.043693086691984157,1152,448,0.3888888888888889,12,BBH,0.5,validation,discovery
0.9229489813376576,33531,1281,0.03820345352062271,24494,978,0.03992814566832694,1157,248,0.2143474503025065,13,BBH,0.5,validation,discovery
0.9251111121896247,33525,1244,0.03710663683818046,24488,836,0.03413917020581509,1155,373,0.3229437229437229,14,BBH,0.5,validation,discovery
0.9340760880537246,33532,1100,0.03280448526780389,24491,805,0.032869217263484546,1156,250,0.21626297577854672,15,BBH,0.5,validation,discovery
0.917758622672701,33526,1369,0.040833979597924,24484,994,0.040597941512824705,1156,370,0.32006920415224915,16,BBH,0.5,validation,discovery
0.9061984984968241,33535,1566,0.04669748024452065,24492,1178,0.0480973379062551,1156,266,0.2301038062283737,17,BBH,0.5,validation,discovery
0.9391774599186697,33539,1017,0.03032290765973941,24494,766,0.03127296480770801,1155,214,0.18528138528138527,18,BBH,0.5,validation,discovery
0.9412813538182316,33533,977,0.02913547848388155,24493,668,0.027273098436287918,1156,149,0.12889273356401384,19,BBH,0.5,validation,discovery
0.9088505704294707,33530,1515,0.04518341783477483,24490,1077,0.0439771335238873,1157,283,0.2445980985306828,20,BBH,0.5,validation,discovery
0.9176334450141195,33535,1373,0.04094229909050246,24491,976,0.03985137397411294,1151,450,0.39096437880104257,21,BBH,0.5,validation,discovery
0.9166506106416045,33531,1391,0.0414839998807074,24490,1045,0.04267047774601878,1154,276,0.2391681109185442,22,BBH,0.5,validation,discovery
0.9147602680109574,33530,1422,0.04240978228452132,24487,992,0.04051129170580308,1151,421,0.365768896611642,23,BBH,0.5,validation,discovery
0.9080997804239089,33535,1537,0.04583271209184434,24491,1064,0.04344453064391001,1157,272,0.23509075194468454,24,BBH,0.5,validation,discovery
0.930110990573829,33533,1164,0.034712074672710466,24488,843,0.0344250245017968,1153,320,0.2775368603642671,25,BBH,0.5,validation,discovery
0.906284831442655,33535,1563,0.046608021470105856,24492,1264,0.05160868855136371,1156,328,0.2837370242214533,26,BBH,0.5,validation,discovery
0.9103737348521047,33537,1495,0.04457763067656618,24492,1039,0.042422015351951656,1155,394,0.3411255411255411,27,BBH,0.5,validation,discovery
0.9074242868949638,33520,1544,0.04606205250596659,24485,1196,0.04884623238717582,1153,334,0.2896790980052038,28,BBH,0.5,validation,discovery
0.8990686809552542,33537,1685,0.0502430151772669,24492,1256,0.05128205128205128,1156,419,0.3624567474048443,29,BBH,0.5,validation,discovery
0.8696659702865315,33539,2183,0.06508840454396374,24495,1538,0.06278832414778526,1157,453,0.3915298184961106,30,BBH,0.5,validation,discovery
0.8841389394406337,33534,1936,0.05773245064710443,24491,1347,0.05499979584337104,1154,354,0.30675909878682844,31,BBH,0.5,validation,discovery
0.9262488968989026,33533,1231,0.03671010646229088,24491,934,0.0381364582908007,1154,400,0.3466204506065858,32,BBH,0.5,validation,discovery
0.9245098369690483,33532,1264,0.0376953357986401,24491,895,0.03654403658486791,1154,240,0.20797227036395147,33,BBH,0.5,validation,discovery
0.9077864847447144,33535,1542,0.04598181004920233,24489,1116,0.04557148107313488,1153,430,0.37294015611448394,34,BBH,0.5,validation,discovery
0.9283316803806058,33522,1196,0.0356780621681284,24484,884,0.03610521156673746,1152,348,0.3020833333333333,35,BBH,0.5,validation,discovery
0.8940551213080337,33531,1774,0.05290626584354776,24492,1173,0.04789318961293484,1156,351,0.3036332179930796,36,BBH,0.5,validation,discovery
0.9208853567444196,33532,1318,0.03930573780269593,24493,1014,0.041399583554484955,1155,329,0.28484848484848485,37,BBH,0.5,validation,discovery
0.9200101301932521,33534,1333,0.0397507007812966,24493,921,0.03760258032907361,1158,296,0.2556131260794473,38,BBH,0.5,validation,discovery
0.9400143112980167,33528,998,0.029766165592937245,24486,699,0.02854692477333987,1154,271,0.23483535528596186,39,BBH,0.5,validation,discovery
0.9120540140562629,33526,1469,0.043816739247151466,24491,1031,0.04209709689273611,1156,203,0.17560553633217993,40,BBH,0.5,validation,discovery
0.9335452640798626,33536,1111,0.03312857824427481,24494,787,0.032130317628807054,1156,331,0.28633217993079585,41,BBH,0.5,validation,discovery
0.9242996337691235,33530,1266,0.03775723232925738,24489,878,0.03585283188370289,1155,319,0.2761904761904762,42,BBH,0.5,validation,discovery
0.8740215008775234,33533,2108,0.06286344794679867,24489,1463,0.05974110825268488,1154,481,0.4168110918544194,43,BBH,0.5,validation,discovery
0.9355615307687363,33532,1071,0.03193963974710724,24487,830,0.03389553640707314,1154,192,0.1663778162911612,44,BBH,0.5,validation,discovery
0.9183834245586284,33539,1366,0.040728703896955785,24494,1026,0.04188780925941047,1157,249,0.21521175453759722,45,BBH,0.5,validation,discovery
0.9100875202899794,33533,1501,0.04476187636060001,24490,1086,0.04434463046141282,1154,396,0.3431542461005199,46,BBH,0.5,validation,discovery
0.9250401424054422,33530,1250,0.03728004771846108,24490,921,0.037607186606778274,1153,272,0.23590633130962707,47,BBH,0.5,validation,discovery
0.9234677611277577,33530,1276,0.03805547271100507,24489,1004,0.04099799910163747,1155,236,0.20432900432900433,48,BBH,0.5,validation,discovery
0.8655674700373799,33532,2247,0.06701061672432304,24490,1581,0.06455696202531645,1159,517,0.4460742018981881,49,BBH,0.5,validation,discovery
0.9227593023744338,33534,1291,0.03849824059163834,24488,932,0.0380594576935642,1153,311,0.2697311361665221,50,BBH,0.5,validation,discovery
0.8591166878506831,33525,2354,0.07021625652498135,24484,1651,0.06743179219081849,1153,502,0.43538594969644406,51,BBH,0.5,validation,discovery
0.8798823944062315,33523,2009,0.05992900396742535,24482,1436,0.05865533861612613,1150,328,0.2852173913043478,52,BBH,0.5,validation,discovery
0.9229878472377693,33526,1283,0.03826880629958838,24483,871,0.03557570559163501,1151,245,0.21285838401390095,53,BBH,0.5,validation,discovery
0.9166988761909759,33534,1392,0.041510109142959384,24491,989,0.04038218120942387,1154,323,0.27989601386481805,54,BBH,0.5,validation,discovery
0.8742666334540983,33537,2106,0.06279631451829323,24494,1518,0.06197436106801666,1156,391,0.3382352941176471,55,BBH,0.5,validation,discovery
0.9003209227619015,33528,1660,0.04951085659747077,24492,1170,0.04777070063694268,1158,401,0.34628670120898103,56,BBH,0.5,validation,discovery
0.9322857224850561,33539,1134,0.03381138376218731,24494,778,0.03176288070547889,1155,396,0.34285714285714286,57,BBH,0.5,validation,discovery
0.9267126336665494,33536,1226,0.036557729007633585,24492,948,0.03870651641352278,1158,222,0.19170984455958548,58,BBH,0.5,validation,discovery
0.8860004038439317,33528,1907,0.056877833452636604,24486,1298,0.053009883198562445,1151,509,0.4422241529105126,59,BBH,0.5,validation,discovery
0.9224622226595584,33534,1293,0.038557881553050635,24496,903,0.036863161332462445,1158,320,0.2763385146804836,60,BBH,0.5,validation,discovery
0.9440896259024864,33534,931,0.027762867537424702,24492,672,0.027437530622243998,1157,227,0.1961970613656007,61,BBH,0.5,validation,discovery
0.9015256535095144,33529,1645,0.04906200602463539,24488,1128,0.046063377981051944,1154,369,0.3197573656845754,62,BBH,0.5,validation,discovery
0.9259242984903294,33535,1234,0.0367973758759505,24490,945,0.03858717844017966,1155,165,0.14285714285714285,63,BBH,0.5,validation,discovery
0.9162990587344624,33535,1401,0.04177724765170717,24492,962,0.03927813163481953,1155,404,0.3497835497835498,64,BBH,0.5,validation,discovery
0.9351614207641175,33533,1079,0.03217725822324278,24491,793,0.03237924135396676,1153,329,0.28534258456201217,65,BBH,0.5,validation,discovery
0.8882352781854159,33523,1872,0.05584225755451481,24483,1253,0.05117836866397092,1150,470,0.40869565217391307,66,BBH,0.5,validation,discovery
0.9299486314744181,33534,1171,0.03491978290690046,24492,892,0.036420055528335785,1155,253,0.21904761904761905,67,BBH,0.5,validation,discovery
0.8993553816870596,33540,1680,0.05008944543828265,24493,1303,0.053198873147429875,1153,372,0.3226366001734605,68,BBH,0.5,validation,discovery
0.9210248842950891,33539,1326,0.039536062494409496,24492,959,0.03915564265882737,1154,358,0.31022530329289427,69,BBH,0.5,validation,discovery
0.9202977771377646,33525,1328,0.039612229679343774,24489,983,0.04014047123198171,1154,289,0.25043327556325823,70,BBH,0.5,validation,discovery
0.9233054928864908,33531,1277,0.038084160925710535,24486,932,0.038062566364453154,1153,386,0.3347788378143972,71,BBH,0.5,validation,discovery
0.9062579135570454,33535,1567,0.04672729983599225,24496,1103,0.045027759634226,1158,483,0.4170984455958549,72,BBH,0.5,validation,discovery
0.907467697200606,33530,1545,0.0460781389800179,24488,1097,0.044797451813132966,1149,272,0.23672758920800696,73,BBH,0.5,validation,discovery
0.9189149528120057,33527,1356,0.04044501446595281,24489,1084,0.044264771938421335,1153,301,0.2610581092801388,74,BBH,0.5,validation,discovery
0.9257895154661627,33534,1237,0.03688793463350629,24493,927,0.037847548279100154,1156,361,0.31228373702422146,75,BBH,0.5,validation,discovery
0.9215983692476252,33532,1306,0.03894787069068353,24487,952,0.038877771878956184,1152,350,0.3038194444444444,76,BBH,0.5,validation,discovery
0.9304868989670052,33525,1155,0.03445190156599553,24485,852,0.03479681437614866,1152,147,0.12760416666666666,77,BBH,0.5,validation,discovery
0.9047831577136917,33532,1590,0.047417392341643806,24488,1159,0.04732930414897092,1153,260,0.22549869904596703,78,BBH,0.5,validation,discovery
0.928186326942648,33539,1200,0.03577924207638868,24495,871,0.03555827719942845,1159,230,0.1984469370146678,79,BBH,0.5,validation,discovery
0.8992676799507642,33529,1681,0.050135703420919206,24487,1236,0.050475762649569156,1155,297,0.2571428571428571,80,BBH,0.5,validation,discovery
0.9188282367882831,33526,1352,0.04032691045755533,24488,986,0.040264619405423065,1147,417,0.36355710549258935,81,BBH,0.5,validation,discovery
0.9291126111941693,33530,1180,0.03519236504622726,24486,850,0.03471371395899698,1159,168,0.1449525452976704,82,BBH,0.5,validation,discovery
0.9321470213644959,33534,1134,0.033816425120772944,24491,776,0.03168510881548324,1157,200,0.17286084701815038,83,BBH,0.5,validation,discovery
0.9125184275739725,33529,1458,0.04348474454949447,24489,1063,0.04340724406876557,1158,361,0.31174438687392053,84,BBH,0.5,validation,discovery
0.9214795338304244,33532,1309,0.03903733746868663,24491,950,0.038789759503491075,1154,390,0.3379549393414211,85,BBH,0.5,validation,discovery
0.9184974159626542,33535,1363,0.04064410317578649,24492,991,0.04046219173607709,1158,250,0.2158894645941278,86,BBH,0.5,validation,discovery
0.9326976153555694,33535,1124,0.03351722081407485,24490,828,0.033809718252347895,1156,229,0.1980968858131488,87,BBH,0.5,validation,discovery
0.932721340834356,33529,1120,0.03340391899549643,24489,818,0.03340275225611499,1153,326,0.28274067649609713,88,BBH,0.5,validation,discovery
0.9167211689070152,33530,1390,0.04145541306292872,24485,1051,0.04292423933020217,1153,421,0.36513443191673894,89,BBH,0.5,validation,discovery
0.9255199380152564,33532,1238,0.036919957055946556,24489,895,0.03654702111151946,1151,368,0.3197219808861859,90,BBH,0.5,validation,discovery
0.932135182620547,33537,1134,0.033813400125234816,24493,851,0.03474462091209733,1160,282,0.24310344827586206,91,BBH,0.5,validation,discovery
0.9062203046724866,33540,1568,0.04675014907573047,24496,1166,0.047599608099281515,1159,362,0.31233822260569455,92,BBH,0.5,validation,discovery
0.9080241485166147,33534,1541,0.045953360768175584,24489,1089,0.04446894524072032,1154,226,0.19584055459272098,93,BBH,0.5,validation,discovery
0.9367897746552273,33527,1054,0.03143734900229666,24489,764,0.031197680591285883,1153,338,0.29314830875975717,94,BBH,0.5,validation,discovery
0.9013415563779694,33525,1648,0.049157345264727814,24488,1150,0.046961777196994445,1157,453,0.3915298184961106,95,BBH,0.5,validation,discovery
0.8766545509984062,33530,2061,0.06146734267819863,24487,1479,0.060399395597664066,1150,383,0.33304347826086955,96,BBH,0.5,validation,discovery
0.9160774958927836,33536,1400,0.04174618320610687,24495,1045,0.04266176770769545,1156,270,0.23356401384083045,97,BBH,0.5,validation,discovery
0.9312081655522932,33531,1149,0.03426679788852107,24494,864,0.03527394463950355,1155,226,0.19567099567099566,98,BBH,0.5,validation,discovery
0.8724507442910677,33535,2133,0.06360518860891606,24490,1512,0.06173948550428746,1156,373,0.3226643598615917,99,BBH,0.5,validation,discovery
0.9335651242499658,33528,1106,0.032987353853495584,24487,826,0.03373218442438845,1154,231,0.2001733102253033,100,BBH,0.5,validation,discovery
0.9125882086207917,33537,1465,0.0436830962817187,24493,1037,0.04233862736292002,1159,259,0.22346850733390855,101,BBH,0.5,validation,discovery
0.8729963433469105,33527,2124,0.06335192531392608,24486,1407,0.057461406518010294,1154,447,0.3873483535528596,102,BBH,0.5,validation,discovery
0.9147330983934153,33530,1419,0.042320310169997016,24490,1059,0.04324213964883626,1154,328,0.28422876949740034,103,BBH,0.5,validation,discovery
0.9246561506154233,33530,1253,0.037369519832985386,24490,852,0.034789710085749284,1153,326,0.28274067649609713,104,BBH,0.5,validation,discovery
0.8944280440101828,33533,1766,0.05266453940894045,24490,1326,0.054144548795426704,1153,381,0.3304423243712056,105,BBH,0.5,validation,discovery
0.8980155859306338,33536,1707,0.050900524809160304,24493,1135,0.04633977054668681,1155,462,0.4,106,BBH,0.5,validation,discovery
0.9369160846312888,33535,1054,0.03142984941106307,24493,771,0.03147838157841016,1156,224,0.19377162629757785,107,BBH,0.5,validation,discovery
0.9240574519724176,33526,1262,0.03764242677325061,24488,976,0.0398562561254492,1155,295,0.2554112554112554,108,BBH,0.5,validation,discovery
0.9238197599491458,33526,1265,0.037731909562727435,24486,975,0.03981867189414359,1155,217,0.18787878787878787,109,BBH,0.5,validation,discovery
0.939399355443895,33538,1011,0.0301449102510585,24495,739,0.030169422331087978,1158,309,0.266839378238342,110,BBH,0.5,validation,discovery
0.9170120394571193,33535,1385,0.04130013418816162,24493,1022,0.041726207487853675,1153,414,0.3590633130962706,111,BBH,0.5,validation,discovery
0.9328718861135148,33531,1118,0.03334228027795175,24488,841,0.03434335184580203,1153,256,0.2220294882914137,112,BBH,0.5,validation,discovery
0.8908464696913365,33530,1824,0.05439904563077841,24489,1324,0.05406509044877292,1155,413,0.3575757575757576,113,BBH,0.5,validation,discovery
0.89756272245103,33541,1711,0.05101219403118571,24494,1214,0.04956315832448763,1159,435,0.37532355478861085,114,BBH,0.5,validation,discovery
0.8842509080347924,33530,1934,0.05767968983000298,24487,1452,0.05929676971454241,1151,409,0.35534317984361424,115,BBH,0.5,validation,discovery
0.9339235991281142,33533,1106,0.03298243521307369,24492,803,0.03278621590723502,1154,244,0.21143847487001732,116,BBH,0.5,validation,discovery
0.9017202191769168,33532,1646,0.049087438864368366,24490,1173,0.04789710085749285,1155,363,0.3142857142857143,117,BBH,0.5,validation,discovery
0.8887073686135384,33530,1864,0.055592007157769165,24491,1312,0.05357069944061084,1154,341,0.2954939341421144,118,BBH,0.5,validation,discovery
0.9135821004374866,33536,1441,0.04296875,24492,1066,0.0435244161358811,1156,361,0.31228373702422146,119,BBH,0.5,validation,discovery
0.9290573861801502,33534,1181,0.03521798771396195,24490,867,0.035402204981625156,1155,245,0.21212121212121213,120,BBH,0.5,validation,discovery
0.8826273139563023,33536,1965,0.05859375,24492,1425,0.05818226359627633,1154,443,0.38388214904679374,121,BBH,0.5,validation,discovery
0.9000669024232621,33527,1665,0.049661466877442065,24486,1175,0.04798660459037817,1153,283,0.24544666088464875,122,BBH,0.5,validation,discovery
0.9267604502322451,33539,1223,0.0364650108828528,24494,868,0.03543724993876051,1158,244,0.21070811744386875,123,BBH,0.5,validation,discovery
0.9348284634530954,33542,1092,0.03255619819927255,24497,781,0.03188145487202514,1158,368,0.3177892918825561,124,BBH,0.5,validation,discovery
0.9370748207615289,33530,1045,0.031166119892633463,24491,798,0.032583397982932506,1153,211,0.18300086730268864,125,BBH,0.5,validation,discovery
0.9085696822013857,33531,1526,0.04551012495899317,24491,1055,0.04307704871177167,1157,311,0.26879861711322384,126,BBH,0.5,validation,discovery
0.9260634607848943,33540,1236,0.03685152057245081,24493,915,0.03735761237904708,1154,403,0.3492201039861352,127,BBH,0.5,validation,discovery
0.9148459138244108,33537,1429,0.04260965500790172,24491,1025,0.041852108937977216,1156,339,0.29325259515570934,128,BBH,0.5,validation,discovery
0.9286457088363406,33538,1192,0.03554177351064464,24493,798,0.03258073735352958,1158,228,0.19689119170984457,129,BBH,0.5,validation,discovery
0.9341710631706088,33538,1101,0.03282843341880851,24492,807,0.03294953454189123,1156,357,0.3088235294117647,130,BBH,0.5,validation,discovery
0.9165416671410248,33539,1389,0.0414144727034199,24495,1041,0.042498469075321496,1156,328,0.2837370242214533,131,BBH,0.5,validation,discovery
0.8988560963593092,33524,1691,0.05044147476434793,24483,1224,0.04999387329984071,1152,278,0.24131944444444445,132,BBH,0.5,validation,discovery
0.9073705731438888,33534,1549,0.04619192461382478,24493,1104,0.045074102804883026,1159,358,0.3088869715271786,133,BBH,0.5,validation,discovery
0.9036216566837418,33530,1606,0.047897405308678795,24489,1194,0.04875658458899914,1155,272,0.2354978354978355,134,BBH,0.5,validation,discovery
0.9129879489937518,33538,1456,0.04341344146937802,24493,1143,0.04666639448005552,1155,291,0.2519480519480519,135,BBH,0.5,validation,discovery
0.9252707222122768,33537,1252,0.03733190207830158,24492,899,0.036705863138984156,1155,277,0.23982683982683983,136,BBH,0.5,validation,discovery
0.9236619905758515,33533,1274,0.03799242537202159,24487,941,0.03842855392657328,1151,279,0.24239791485664638,137,BBH,0.5,validation,discovery
0.9254330198083122,33534,1247,0.037186139440567784,24488,903,0.03687520418163999,1150,290,0.25217391304347825,138,BBH,0.5,validation,discovery
0.922199341602697,33525,1299,0.03874720357941835,24489,902,0.03683286373473805,1153,334,0.2896790980052038,139,BBH,0.5,validation,discovery
0.8765577077201452,33539,2067,0.061629744476579505,24493,1501,0.06128281549830564,1159,373,0.32182916307161347,140,BBH,0.5,validation,discovery
0.9098932419798603,33523,1502,0.04480505921307759,24483,1073,0.04382632847281787,1153,194,0.16825672159583693,141,BBH,0.5,validation,discovery
0.931370551220734,33530,1148,0.03423799582463465,24488,845,0.034506697157791574,1155,304,0.2632034632034632,142,BBH,0.5,validation,discovery
0.8856506555443395,33532,1912,0.057020159847310035,24493,1377,0.05622014453109052,1155,386,0.3341991341991342,143,BBH,0.5,validation,discovery
0.8806740728481459,33515,1989,0.05934656124123527,24479,1398,0.057110176069283876,1152,313,0.2717013888888889,144,BBH,0.5,validation,discovery
0.9036542212502827,33532,1613,0.04810330430633425,24492,1146,0.04679078882900539,1156,406,0.35121107266435986,145,BBH,0.5,validation,discovery
0.9171741924022732,33536,1387,0.04135854007633588,24494,963,0.03931575079611333,1157,399,0.34485738980121,146,BBH,0.5,validation,discovery
0.9247679340613686,33537,1255,0.037421355517786324,24493,937,0.03825582819581105,1155,290,0.2510822510822511,147,BBH,0.5,validation,discovery
0.9342859953115986,33534,1100,0.03280252877676388,24490,778,0.03176806859942834,1155,352,0.3047619047619048,148,BBH,0.5,validation,discovery
0.8882749217818139,33529,1861,0.055504190402338276,24487,1254,0.051210846571650266,1154,380,0.3292894280762565,149,BBH,0.5,validation,discovery
0.9158570864672215,33526,1404,0.04187794547515361,24487,969,0.039572017805366115,1157,194,0.1676750216076059,150,BBH,0.5,validation,discovery
0.9316835142840708,33531,1137,0.03390892010378456,24489,835,0.03409694148393156,1156,254,0.21972318339100347,151,BBH,0.5,validation,discovery
0.9195252665738858,33526,1340,0.03996897929964804,24483,983,0.04015030837724135,1157,194,0.1676750216076059,152,BBH,0.5,validation,discovery
0.9318182151269065,33533,1138,0.033936719052873286,24492,843,0.03441940225379716,1154,248,0.21490467937608318,153,BBH,0.5,validation,discovery
0.91824367936261,33536,1369,0.040821803435114504,24490,993,0.04054716210698244,1153,319,0.2766695576756288,154,BBH,0.5,validation,discovery
0.9252592013411439,33538,1249,0.037241338183552984,24494,902,0.03682534498244468,1158,347,0.29965457685664937,155,BBH,0.5,validation,discovery
0.9270734417846277,33540,1220,0.03637447823494335,24494,896,0.03658038703355924,1156,343,0.2967128027681661,156,BBH,0.5,validation,discovery
0.9146847447680251,33527,1421,0.042383750410117216,24489,1049,0.042835558822328396,1154,330,0.28596187175043325,157,BBH,0.5,validation,discovery
0.9267836483308154,33533,1223,0.03647153550234098,24491,899,0.0367073618880405,1158,176,0.15198618307426598,158,BBH,0.5,validation,discovery
0.909790436161139,33533,1506,0.044910983210568696,24493,1099,0.04486996284652758,1157,337,0.2912705272255834,159,BBH,0.5,validation,discovery
0.9169266912742607,33526,1382,0.04122173835232357,24488,1054,0.043041489709245345,1153,296,0.2567215958369471,160,BBH,0.5,validation,discovery
0.9126966886459738,33530,1453,0.04333432746793916,24490,1093,0.04463046141282156,1155,315,0.2727272727272727,161,BBH,0.5,validation,discovery
0.9365084581189287,33528,1059,0.03158554044380816,24488,684,0.02793204835021235,1155,196,0.1696969696969697,162,BBH,0.5,validation,discovery
0.9232940458612094,33534,1283,0.038259676745989145,24493,984,0.040174743804352264,1153,237,0.20555073720728534,163,BBH,0.5,validation,discovery
0.9260778435716733,33526,1232,0.03674759887848237,24486,897,0.036633178142612105,1151,264,0.22936576889661164,164,BBH,0.5,validation,discovery
0.8623507501951686,33528,2301,0.06862920544022906,24486,1572,0.06419995099240382,1156,416,0.35986159169550175,165,BBH,0.5,validation,discovery
0.9249186928146415,33539,1256,0.037448940039953485,24495,863,0.03523167993468055,1157,323,0.2791702679343129,166,BBH,0.5,validation,discovery
0.9328362079463228,33525,1120,0.033407904548844146,24490,843,0.03442221314822377,1156,318,0.2750865051903114,167,BBH,0.5,validation,discovery
0.8877766288717441,33542,1879,0.0560193190626677,24497,1289,0.05261868800261257,1158,446,0.385146804835924,168,BBH,0.5,validation,discovery
0.9229604153251649,33528,1279,0.038147220233834406,24487,957,0.039081961857312046,1154,266,0.23050259965337955,169,BBH,0.5,validation,discovery
0.9370191286884523,33534,1051,0.03134132522216258,24488,733,0.029933028422084285,1151,257,0.22328410078192876,170,BBH,0.5,validation,discovery
0.9283284858007861,33533,1196,0.035666358512510064,24492,873,0.03564429201371876,1157,312,0.2696629213483146,171,BBH,0.5,validation,discovery
0.881151526140915,33533,1987,0.05925506217755644,24494,1401,0.05719768106475055,1159,313,0.270060396893874,172,BBH,0.5,validation,discovery
0.9349793226461196,33529,1086,0.03238987145456172,24487,785,0.03205782660187038,1153,336,0.29141370338248046,173,BBH,0.5,validation,discovery
0.9310498686245656,33536,1148,0.03423187022900764,24493,786,0.0320908014534765,1155,326,0.28225108225108225,174,BBH,0.5,validation,discovery
0.9296591198529041,33527,1171,0.034927073701792585,24485,854,0.03487849703900347,1153,206,0.17866435385949697,175,BBH,0.5,validation,discovery
0.928982070884235,33534,1186,0.03536709011749269,24493,869,0.03547952476217695,1154,368,0.3188908145580589,176,BBH,0.5,validation,discovery
0.9403184803156688,33536,993,0.0296099713740458,24492,701,0.028621590723501553,1156,329,0.28460207612456745,177,BBH,0.5,validation,discovery
0.9149768233238007,33523,1417,0.04226948662112579,24486,1054,0.04304500530915625,1150,360,0.3130434782608696,178,BBH,0.5,validation,discovery
0.9286924558542075,33526,1187,0.035405357036330014,24482,903,0.03688424148353893,1152,238,0.2065972222222222,179,BBH,0.5,validation,discovery
0.8663141565481106,33534,2235,0.06664877437824297,24494,1595,0.06511798807871315,1156,452,0.39100346020761245,180,BBH,0.5,validation,discovery
0.9351336328246469,33535,1081,0.032234978380796184,24490,766,0.03127807268272764,1156,285,0.24653979238754326,181,BBH,0.5,validation,discovery
0.8984624884373198,33529,1692,0.05046377762533926,24490,1218,0.04973458554512046,1154,454,0.3934142114384749,182,BBH,0.5,validation,discovery
0.913279890043559,33532,1446,0.04312298699749493,24487,1099,0.044880957242618535,1155,263,0.22770562770562772,183,BBH,0.5,validation,discovery
0.9306775033080418,33536,1156,0.034470419847328244,24494,829,0.033845023271005144,1156,226,0.19550173010380623,184,BBH,0.5,validation,discovery
0.9267836417870571,33533,1220,0.036382071392359765,24488,874,0.03569095066971578,1154,335,0.2902946273830156,185,BBH,0.5,validation,discovery
0.9232620650884384,33532,1287,0.03838124776333055,24489,915,0.037363714320715426,1155,277,0.23982683982683983,186,BBH,0.5,validation,discovery
0.8839606916117085,33534,1935,0.05770263016639828,24495,1351,0.055154113084302916,1158,278,0.24006908462867013,187,BBH,0.5,validation,discovery
0.9234014282802308,33537,1278,0.038107165220502726,24495,941,0.03841600326597265,1157,218,0.18841832324978391,188,BBH,0.5,validation,discovery
0.9152618020420069,33538,1412,0.04210149680958912,24492,1040,0.04246284501061571,1155,304,0.2632034632034632,189,BBH,0.5,validation,discovery
0.934016670345124,33533,1101,0.032833328363105,24492,868,0.0354401437203985,1154,349,0.3024263431542461,190,BBH,0.5,validation,discovery
0.9223205900211767,33540,1300,0.03875968992248062,24496,942,0.038455258001306336,1159,350,0.30198446937014667,191,BBH,0.5,validation,discovery
0.9191895589721615,33531,1350,0.04026125078285765,24490,998,0.0407513270722744,1156,229,0.1980968858131488,192,BBH,0.5,validation,discovery
0.8976918420819991,33538,1716,0.05116584173176695,24492,1223,0.04993467254613752,1159,419,0.361518550474547,193,BBH,0.5,validation,discovery
0.9273618738857999,33532,1212,0.03614457831325301,24492,917,0.037440796994937124,1156,224,0.19377162629757785,194,BBH,0.5,validation,discovery
0.9259039595774722,33530,1233,0.03677303906949001,24491,902,0.03682985586541995,1156,243,0.2102076124567474,195,BBH,0.5,validation,discovery
0.868631367591425,33536,2202,0.06566078244274809,24493,1497,0.06111950353162128,1156,434,0.3754325259515571,196,BBH,0.5,validation,discovery
0.9168078545699613,33526,1389,0.041430531527769494,24482,1029,0.04203087983007924,1153,256,0.2220294882914137,197,BBH,0.5,validation,discovery
0.9405596586634197,33540,995,0.029666070363744784,24496,730,0.02980078380143697,1157,303,0.26188418323249785,198,BBH,0.5,validation,discovery
0.9318617700584874,33531,1133,0.033789627508872384,24489,888,0.03626117848830087,1154,268,0.2322357019064125,199,BBH,0.5,validation,discovery
0.9181424502370182,33524,1366,0.040746927574275144,24485,955,0.03900347151317133,1156,189,0.16349480968858132,200,BBH,0.5,validation,discovery
0.9149113568165652,33530,1418,0.04229048613182225,24490,1102,0.04499795835034708,1155,294,0.2545454545454545,201,BBH,0.5,validation,discovery
0.9036599327938055,33536,1611,0.04803792938931298,24491,1155,0.04716018129108652,1155,385,0.3333333333333333,202,BBH,0.5,validation,discovery
0.9309704911864044,33531,1152,0.0343562673347052,24491,806,0.03291004858927769,1154,316,0.2738301559792028,203,BBH,0.5,validation,discovery
0.8791503064663717,33527,2022,0.06030960121692964,24486,1365,0.05574614065180103,1154,377,0.3266897746967071,204,BBH,0.5,validation,discovery
0.9325312276301121,33532,1126,0.03357986401049744,24488,792,0.03234237177393009,1156,244,0.21107266435986158,205,BBH,0.5,validation,discovery
0.9195139833864003,33528,1343,0.040056072536387495,24491,994,0.040586337838389615,1154,322,0.27902946273830154,206,BBH,0.5,validation,discovery
0.9209701696740712,33541,1321,0.03938463373185057,24495,957,0.03906919779546846,1157,332,0.28694900605012963,207,BBH,0.5,validation,discovery
0.9269184183826892,33534,1222,0.036440627422914054,24493,899,0.03670436451230964,1155,440,0.38095238095238093,208,BBH,0.5,validation,discovery
0.8782684277711408,33524,2032,0.06061329196993199,24486,1411,0.05762476517193498,1153,455,0.39462272333044235,209,BBH,0.5,validation,discovery
0.9350622448152094,33538,1085,0.03235136263343073,24498,764,0.031186219283206792,1157,371,0.320656871218669,210,BBH,0.5,validation,discovery
0.9246011966066612,33534,1258,0.03751416472833542,24493,939,0.038337484179153225,1158,252,0.21761658031088082,211,BBH,0.5,validation,discovery
0.9102387225918794,33535,1500,0.044729387207395256,24495,1068,0.04360073484384568,1158,291,0.25129533678756477,212,BBH,0.5,validation,discovery
0.9373319900528387,33535,1045,0.031161473087818695,24492,711,0.029029887310142086,1155,230,0.19913419913419914,213,BBH,0.5,validation,discovery
0.9227318837735756,33536,1294,0.03858540076335878,24494,985,0.04021392994202662,1160,214,0.18448275862068966,214,BBH,0.5,validation,discovery
0.9063981155672155,33531,1563,0.04661358146193075,24491,1121,0.045771916214119475,1152,457,0.3967013888888889,215,BBH,0.5,validation,discovery
0.9306221996562528,33539,1159,0.03455678463877874,24495,765,0.031230863441518677,1159,219,0.18895599654874892,216,BBH,0.5,validation,discovery
0.8974420313478807,33530,1713,0.05108857739337906,24489,1204,0.049164931193597126,1157,337,0.2912705272255834,217,BBH,0.5,validation,discovery
0.9172447965563265,33531,1383,0.04124541469088306,24490,992,0.04050632911392405,1154,364,0.31542461005199307,218,BBH,0.5,validation,discovery
0.9260068486887275,33529,1232,0.03674431089504608,24489,916,0.03740454898117522,1151,390,0.33883579496090355,219,BBH,0.5,validation,discovery
0.9202864363584571,33530,1331,0.03969579481061736,24484,1017,0.04153733050155203,1152,299,0.2595486111111111,220,BBH,0.5,validation,discovery
0.9246880900948499,33532,1255,0.0374269354646308,24489,958,0.03911960472048675,1156,312,0.2698961937716263,221,BBH,0.5,validation,discovery
0.8891727976196084,33533,1850,0.0551695344884144,24491,1354,0.055285615123923076,1155,454,0.3930735930735931,222,BBH,0.5,validation,discovery
0.9059501673773034,33538,1573,0.04690202158745304,24493,1079,0.044053403013105785,1156,380,0.328719723183391,223,BBH,0.5,validation,discovery
0.9283878903357689,33535,1200,0.035783509765916204,24493,900,0.03674519250398073,1154,354,0.30675909878682844,224,BBH,0.5,validation,discovery
0.7988235437522352,33531,3367,0.10041454176731979,24487,2199,0.08980275248090824,1153,564,0.4891587163920208,225,BBH,0.5,validation,discovery
0.9213333197430319,33534,1311,0.03909465020576132,24491,956,0.03903474745824997,1152,350,0.3038194444444444,226,BBH,0.5,validation,discovery
0.9343098722269583,33528,1095,0.03265926986399428,24486,820,0.03348852405456179,1155,232,0.20086580086580086,227,BBH,0.5,validation,discovery
0.8798372232741486,33529,2005,0.05979897998747353,24495,1414,0.05772606654419269,1156,475,0.4108996539792388,228,BBH,0.5,validation,discovery
0.9296239283643959,33536,1173,0.03497733778625954,24495,838,0.03421106348234334,1160,286,0.24655172413793103,229,BBH,0.5,validation,discovery
0.9316676485926504,33530,1139,0.03396957948106174,24491,799,0.032624229308725654,1156,220,0.1903114186851211,230,BBH,0.5,validation,discovery
0.9249053499846884,33527,1254,0.03740269036895636,24486,843,0.03442783631462877,1150,352,0.3060869565217391,231,BBH,0.5,validation,discovery
0.9146736643866672,33532,1423,0.042437075032804486,24494,1082,0.04417408344900792,1156,292,0.25259515570934254,232,BBH,0.5,validation,discovery
0.9305269083542057,33533,1161,0.03462261056272925,24489,880,0.035934501204622486,1156,255,0.22058823529411764,233,BBH,0.5,validation,discovery
0.928906734287596,33534,1190,0.03548637204031729,24488,852,0.034792551453773274,1153,288,0.24978317432784042,234,BBH,0.5,validation,discovery
0.8836870912721594,33539,1945,0.05799218819881332,24493,1355,0.05532192871432654,1156,400,0.3460207612456747,235,BBH,0.5,validation,discovery
0.9368604102642653,33539,1057,0.031515549062285694,24494,743,0.030333959336980486,1158,191,0.16493955094991364,236,BBH,0.5,validation,discovery
0.9359654329294288,33535,1067,0.03181750410019383,24493,761,0.03107010166169926,1156,277,0.23961937716262977,237,BBH,0.5,validation,discovery
0.9328283161731146,33532,1118,0.0333412859358225,24491,827,0.03376750643093381,1153,265,0.22983521248915872,238,BBH,0.5,validation,discovery
0.8996063989366471,33538,1674,0.04991353092015028,24497,1162,0.04743437971996571,1158,303,0.2616580310880829,239,BBH,0.5,validation,discovery
0.8911235413398135,33536,1819,0.05424021946564885,24492,1315,0.053691001143230443,1156,396,0.34256055363321797,240,BBH,0.5,validation,discovery
0.9083320078354968,33531,1527,0.04553994810772121,24490,1145,0.0467537770518579,1153,316,0.2740676496097138,241,BBH,0.5,validation,discovery
0.9347493675931585,33537,1088,0.03244178071980201,24495,824,0.033639518269034496,1157,353,0.3050993949870354,242,BBH,0.5,validation,discovery
0.9278690734702904,33534,1206,0.035963499731615674,24493,849,0.034662964928755154,1157,273,0.23595505617977527,243,BBH,0.5,validation,discovery
0.9055824993383901,33530,1576,0.047002684163435726,24491,1158,0.04728267526846597,1154,357,0.3093587521663778,244,BBH,0.5,validation,discovery
0.9106005141810131,33539,1495,0.044574972420167565,24493,1050,0.04286939125464419,1155,429,0.37142857142857144,245,BBH,0.5,validation,discovery
0.9187302613431315,33531,1357,0.04047001282395395,24489,944,0.03854791947404957,1155,364,0.3151515151515151,246,BBH,0.5,validation,discovery
0.9129724950141698,33524,1447,0.043163107027800976,24485,1012,0.04133142740453339,1153,297,0.2575888985255854,247,BBH,0.5,validation,discovery
0.9334957739084876,33532,1108,0.03304306334247883,24492,774,0.031602155805977465,1158,286,0.2469775474956822,248,BBH,0.5,validation,discovery
0.9348010615741184,33529,1089,0.032479346237585374,24487,757,0.03091436272307755,1147,301,0.26242371403661724,249,BBH,0.5,validation,discovery
0.9123453596691672,33533,1456,0.043419914710881816,24491,1135,0.046343554775223554,1153,294,0.25498699045967044,250,BBH,0.5,validation,discovery
0.9045292179812762,33531,1596,0.04759774536995616,24488,1087,0.0443890885331591,1153,403,0.34952298352124894,251,BBH,0.5,validation,discovery
0.9383978151204292,33531,1027,0.03062837374369986,24490,702,0.02866476112699061,1158,164,0.14162348877374784,252,BBH,0.5,validation,discovery
0.9155588733623958,33537,1412,0.04210275218415482,24492,991,0.04046219173607709,1159,349,0.3011216566005177,253,BBH,0.5,validation,discovery
0.9341949234709254,33532,1095,0.03265537397113205,24489,818,0.03340275225611499,1155,245,0.21212121212121213,254,BBH,0.5,validation,discovery
0.9266996175024227,33524,1220,0.03639183868273476,24482,931,0.038027938893881216,1153,211,0.18300086730268864,255,BBH,0.5,validation,discovery
0.9190642577574887,33537,1351,0.04028386558129827,24493,974,0.039766463887641365,1158,339,0.2927461139896373,256,BBH,0.5,validation,discovery
0.9198657491546832,33526,1333,0.03976018612420211,24486,981,0.04006370987503063,1156,251,0.2171280276816609,257,BBH,0.5,validation,discovery
0.9181360754284095,33531,1366,0.04073842116250634,24489,1035,0.04226387357589122,1154,223,0.19324090121317158,258,BBH,0.5,validation,discovery
0.9252592013411439,33538,1250,0.0372711551076391,24495,974,0.039763216983057764,1159,243,0.20966350301984468,259,BBH,0.5,validation,discovery
0.9192168771847826,33528,1350,0.04026485325697924,24489,963,0.03932377802278574,1152,222,0.19270833333333334,260,BBH,0.5,validation,discovery
0.9231317906599237,33535,1283,0.038258535858058745,24496,989,0.04037393860222077,1156,398,0.34429065743944637,261,BBH,0.5,validation,discovery
0.9418912360124085,33534,963,0.02871712292002147,24491,667,0.027234494304030053,1152,255,0.22135416666666666,262,BBH,0.5,validation,discovery
0.927698189782265,33527,1202,0.03585170161362484,24487,842,0.03438559235512721,1156,220,0.1903114186851211,263,BBH,0.5,validation,discovery
0.9191124150808473,33540,1351,0.04028026237328563,24494,959,0.03915244549685637,1155,299,0.25887445887445887,264,BBH,0.5,validation,discovery
0.9267749810964406,33525,1216,0.036271439224459356,24481,919,0.037539316204403414,1154,288,0.24956672443674177,265,BBH,0.5,validation,discovery
0.9240230165632447,33535,1268,0.03781124198598479,24492,965,0.03940062061081169,1154,356,0.30849220103986136,266,BBH,0.5,validation,discovery
0.8789436349508639,33536,2028,0.06047232824427481,24491,1372,0.056020578988199746,1156,498,0.43079584775086505,267,BBH,0.5,validation,discovery
0.9290489938927349,33526,1183,0.03528604665036091,24483,831,0.03394191888248989,1155,196,0.1696969696969697,268,BBH,0.5,validation,discovery
0.9167323251523238,33528,1390,0.04145788594607492,24491,1019,0.041607120983218324,1155,335,0.29004329004329005,269,BBH,0.5,validation,discovery
0.9278966463592753,33532,1199,0.03575688894190624,24489,906,0.03699620237657724,1158,292,0.25215889464594127,270,BBH,0.5,validation,discovery
0.9253119576595138,33533,1247,0.03718724838219068,24490,905,0.03695385871784402,1154,202,0.17504332755632582,271,BBH,0.5,validation,discovery
0.9286531661189886,33531,1193,0.03557901643255495,24492,879,0.03588926996570309,1156,322,0.27854671280276816,272,BBH,0.5,validation,discovery
0.907165097551825,33525,1547,0.04614466815809098,24487,1113,0.04545268918201495,1156,315,0.27249134948096887,273,BBH,0.5,validation,discovery
0.8929134425868103,33524,1784,0.05321560672950722,24482,1292,0.052773466220080056,1151,373,0.32406602953953084,274,BBH,0.5,validation,discovery
0.9109464258602735,33531,1488,0.04437684530732755,24493,1114,0.045482382721593925,1154,391,0.33882149046793764,275,BBH,0.5,validation,discovery
0.9196488550304048,33531,1340,0.039963019295577225,24488,971,0.03965207448546227,1153,333,0.2888117953165655,276,BBH,0.5,validation,discovery
0.8709486001001666,33534,2156,0.0642929564024572,24494,1478,0.06034130807544705,1158,457,0.3946459412780656,277,BBH,0.5,validation,discovery
0.9312834425980513,33534,1145,0.03414445040854058,24491,874,0.035686578743211794,1157,283,0.2445980985306828,278,BBH,0.5,validation,discovery
0.9191188778067305,33533,1345,0.040109742641576955,24489,988,0.040344644534280695,1152,294,0.2552083333333333,279,BBH,0.5,validation,discovery
0.8590867534297293,33531,2355,0.07023351525454058,24495,1584,0.06466625842008573,1158,589,0.5086355785837651,280,BBH,0.5,validation,discovery
0.9289427708973227,33538,1187,0.03539268889021409,24494,800,0.03266105985139218,1158,191,0.16493955094991364,281,BBH,0.5,validation,discovery
0.9166716376678544,33536,1388,0.041388358778625955,24492,1064,0.043442756818552995,1158,341,0.29447322970639034,282,BBH,0.5,validation,discovery
0.9133121674413964,33534,1448,0.043180056062503726,24488,1087,0.0443890885331591,1154,301,0.2608318890814558,283,BBH,0.5,validation,discovery
0.8991815447487782,33531,1686,0.050281828755480006,24490,1215,0.04961208656594528,1153,496,0.43018213356461404,284,BBH,0.5,validation,discovery
0.9117079369810693,33534,1474,0.043955388560863604,24489,1134,0.04630650496141125,1155,277,0.23982683982683983,285,BBH,0.5,validation,discovery
0.9279677204807403,33529,1200,0.03578991320946047,24491,884,0.036094892001143276,1154,282,0.24436741767764297,286,BBH,0.5,validation,discovery
0.8907705767898302,33529,1826,0.05446031793372901,24486,1355,0.0553377440169893,1155,323,0.27965367965367965,287,BBH,0.5,validation,discovery
0.928609658862481,33532,1191,0.0355183108672313,24492,882,0.03601175894169525,1154,415,0.3596187175043328,288,BBH,0.5,validation,discovery
0.9309904544470585,33536,1156,0.034470419847328244,24489,837,0.034178610804851156,1156,259,0.22404844290657439,289,BBH,0.5,validation,discovery
0.9303168866802102,33531,1158,0.034535206227073456,24488,831,0.03393498856582816,1149,306,0.26631853785900783,290,BBH,0.5,validation,discovery
0.929996304006592,33537,1173,0.034976294838536544,24493,825,0.033683093128649,1155,309,0.2675324675324675,291,BBH,0.5,validation,discovery
0.9154078328311415,33535,1411,0.04207544356642314,24490,1068,0.04360963658636178,1152,357,0.3098958333333333,292,BBH,0.5,validation,discovery
0.9284430833394102,33529,1193,0.03558113871573861,24490,925,0.03777051857901184,1156,187,0.16176470588235295,293,BBH,0.5,validation,discovery
0.8973517430801866,33539,1716,0.051164316169235814,24498,1219,0.04975916401338885,1158,321,0.2772020725388601,294,BBH,0.5,validation,discovery
0.8978682838592125,33527,1702,0.050765055030274106,24488,1227,0.0501061744527932,1155,338,0.29264069264069265,295,BBH,0.5,validation,discovery
0.9207071036186183,33532,1322,0.0394250268400334,24489,971,0.039650455306464126,1152,277,0.2404513888888889,296,BBH,0.5,validation,discovery
0.9196263021068609,33535,1341,0.03998807216341136,24495,1014,0.0413962033067973,1158,265,0.22884283246977546,297,BBH,0.5,validation,discovery
0.8845840195307525,33525,1928,0.05750932140193885,24489,1429,0.058352729797051736,1156,363,0.3140138408304498,298,BBH,0.5,validation,discovery
0.9257416551368509,33532,1237,0.03689013479661219,24489,912,0.03724121033933603,1156,279,0.24134948096885814,299,BBH,0.5,validation,discovery
0.923748875110046,33529,1273,0.03796713292970265,24490,961,0.039240506329113925,1153,287,0.2489158716392021,300,BBH,0.5,validation,discovery
0.7998990116066711,33538,3352,0.099946329536645,24495,2276,0.09291692182077975,1159,598,0.5159620362381363,301,BBH,0.5,validation,discovery
0.8893081264794653,33534,1851,0.055197709787081765,24492,1271,0.05189449616201208,1157,417,0.36041486603284356,302,BBH,0.5,validation,discovery
0.9298650233519559,33526,1171,0.034928115492453615,24491,834,0.03405332571148585,1155,399,0.34545454545454546,303,BBH,0.5,validation,discovery
0.9205194216402739,33526,1326,0.03955139294875619,24487,1018,0.04157307959325356,1155,242,0.20952380952380953,304,BBH,0.5,validation,discovery
0.9385008881467277,33530,1028,0.03065911124366239,24488,737,0.030096373734073832,1155,351,0.3038961038961039,305,BBH,0.5,validation,discovery
0.931746974392027,33535,1139,0.0339645146861488,24489,881,0.03597533586508228,1158,290,0.2504317789291883,306,BBH,0.5,validation,discovery
0.8687411970347145,33537,2202,0.06565882458180516,24493,1544,0.06303841914016249,1158,513,0.4430051813471503,307,BBH,0.5,validation,discovery
0.9462691905395267,33529,894,0.026663485341048048,24491,635,0.0259278918786493,1153,195,0.1691240242844753,308,BBH,0.5,validation,discovery
0.9348681941828227,33537,1090,0.032501416346125175,24493,792,0.032335769403503044,1156,221,0.19117647058823528,309,BBH,0.5,validation,discovery
0.9245967311410399,33530,1258,0.03751864002385923,24485,869,0.03549111701041454,1155,220,0.19047619047619047,310,BBH,0.5,validation,discovery
0.9189518810746283,33530,1354,0.04038174768863704,24485,929,0.03794159689605881,1153,260,0.22549869904596703,311,BBH,0.5,validation,discovery
0.9271082827407116,33532,1213,0.03617440057258738,24492,947,0.03866568675485873,1156,271,0.23442906574394465,312,BBH,0.5,validation,discovery
0.9355571778293049,33543,1079,0.03216766538473005,24498,738,0.030124908155767818,1158,201,0.17357512953367876,313,BBH,0.5,validation,discovery
0.9311210766118867,33533,1151,0.03432439686279188,24490,800,0.032666394446712946,1156,267,0.2309688581314879,314,BBH,0.5,validation,discovery
0.9131830334433246,33528,1451,0.043277260796945834,24483,1016,0.041498182412286075,1153,327,0.28360797918473546,315,BBH,0.5,validation,discovery
0.86808881100254,33530,2207,0.06582165225171488,24489,1508,0.0615786679733758,1156,439,0.379757785467128,316,BBH,0.5,validation,discovery
0.9213012676941387,33534,1313,0.039154291167173616,24490,993,0.04054716210698244,1152,260,0.22569444444444445,317,BBH,0.5,validation,discovery
0.9113352615660816,33535,1478,0.044073356195020126,24489,1168,0.047694883417044386,1154,219,0.18977469670710573,318,BBH,0.5,validation,discovery
0.9125991761256956,33534,1458,0.043478260869565216,24489,1085,0.04430560659888113,1159,307,0.26488352027610007,319,BBH,0.5,validation,discovery
0.9226450552045008,33538,1293,0.038553282843341884,24492,961,0.03923730197615548,1158,319,0.2754749568221071,320,BBH,0.5,validation,discovery
0.9270966662116144,33534,1218,0.03632134550008946,24490,858,0.03503470804409963,1154,229,0.19844020797227035,321,BBH,0.5,validation,discovery
0.8883607441227813,33527,1861,0.05550750141676857,24487,1396,0.057009841956956755,1157,372,0.32152117545375974,322,BBH,0.5,validation,discovery
0.8647693420307586,33534,2262,0.067453927357309,24489,1595,0.06513128343337825,1155,508,0.43982683982683984,323,BBH,0.5,validation,discovery
0.9379066934028949,33530,1033,0.030808231434536235,24488,735,0.03001470107807906,1156,233,0.20155709342560554,324,BBH,0.5,validation,discovery
0.9292164238164514,33544,1185,0.03532673503458145,24497,827,0.03375923582479487,1158,301,0.2599309153713299,325,BBH,0.5,validation,discovery
0.9171036190280301,33537,1385,0.041297671228792084,24493,1056,0.04311435920467072,1156,384,0.33217993079584773,326,BBH,0.5,validation,discovery
0.9225216386025334,33534,1291,0.03849824059163834,24491,953,0.038912253480870525,1155,309,0.2675324675324675,327,BBH,0.5,validation,discovery
0.9310693761110567,33526,1147,0.03421225317663903,24491,853,0.034829120901555675,1154,319,0.27642980935875217,328,BBH,0.5,validation,discovery
0.8777053502463652,33533,2044,0.060954880267199474,24490,1433,0.05851367905267456,1155,446,0.38614718614718613,329,BBH,0.5,validation,discovery
0.9255837642939151,33537,1241,0.03700390613352417,24491,898,0.036666530562247356,1156,247,0.21366782006920415,330,BBH,0.5,validation,discovery
0.9155649564882555,33532,1408,0.04198974114278898,24491,1049,0.04283206075701278,1153,334,0.2896790980052038,331,BBH,0.5,validation,discovery
0.9333828618120207,33537,1112,0.033157408235679996,24494,841,0.03433493916877603,1157,293,0.25324114088159033,332,BBH,0.5,validation,discovery
0.9247794444355864,33534,1256,0.037454523766923126,24492,868,0.0354401437203985,1153,320,0.2775368603642671,333,BBH,0.5,validation,discovery
0.8951778628473703,33528,1748,0.05213552851348127,24485,1263,0.05158260159281192,1149,374,0.32550043516100957,334,BBH,0.5,validation,discovery
0.9107414248102279,33522,1487,0.04435892846488873,24486,1089,0.0444743935309973,1155,226,0.19567099567099566,335,BBH,0.5,validation,discovery
0.914683791970179,33538,1423,0.042429482974536345,24495,1110,0.0453153704837722,1158,283,0.24438687392055267,336,BBH,0.5,validation,discovery
0.91688827124966,33533,1389,0.0414218829213014,24491,959,0.03915724143562942,1157,287,0.2480553154710458,337,BBH,0.5,validation,discovery
0.9090504213874513,33535,1520,0.0453257790368272,24490,1158,0.04728460596161699,1159,304,0.26229508196721313,338,BBH,0.5,validation,discovery
0.907230000555936,33531,1546,0.04610658793355402,24490,1218,0.04973458554512046,1156,291,0.2517301038062284,339,BBH,0.5,validation,discovery
0.9405439250994726,33539,993,0.029607322818211636,24497,681,0.027799322366004,1159,211,0.182053494391717,340,BBH,0.5,validation,discovery
0.9264865642019748,33533,1229,0.036650463722303406,24492,919,0.03752245631226523,1156,308,0.2664359861591695,341,BBH,0.5,validation,discovery
0.9171965550137828,33529,1383,0.04124787497390319,24489,990,0.04042631385520029,1159,246,0.21225194132873165,342,BBH,0.5,validation,discovery
0.9236939733908742,33533,1274,0.03799242537202159,24491,906,0.03699318116859254,1155,390,0.33766233766233766,343,BBH,0.5,validation,discovery
0.9285067362780903,33533,1192,0.03554707303253511,24495,854,0.03486425801183915,1156,410,0.3546712802768166,344,BBH,0.5,validation,discovery
0.937272564239303,33535,1048,0.03125093186223349,24490,721,0.02944058799510004,1156,222,0.19204152249134948,345,BBH,0.5,validation,discovery
0.8998143502318938,33537,1675,0.04994483704565107,24492,1198,0.04891393107953618,1156,356,0.3079584775086505,346,BBH,0.5,validation,discovery
0.924692551631309,33536,1251,0.037303196564885496,24493,911,0.03719430041236271,1155,303,0.2623376623376623,347,BBH,0.5,validation,discovery
0.88748593485202,33528,1879,0.056042710570269626,24490,1290,0.05267456104532462,1158,332,0.2867012089810017,348,BBH,0.5,validation,discovery
0.931438092209573,33538,1147,0.034200011926769636,24494,830,0.03388584959581938,1157,306,0.2644770959377701,349,BBH,0.5,validation,discovery
0.9054311494297247,33528,1577,0.04703531376759723,24485,1145,0.04676332448437819,1150,318,0.27652173913043476,350,BBH,0.5,validation,discovery
0.9258604923197954,33531,1237,0.036891234976588826,24488,888,0.03626265926167919,1152,268,0.2326388888888889,351,BBH,0.5,validation,discovery
0.9389046807875077,33533,1017,0.03032833328363105,24491,749,0.03058266301906823,1155,238,0.20606060606060606,352,BBH,0.5,validation,discovery
0.9168610384275427,33533,1387,0.04136224018131393,24492,1022,0.04172791115466275,1156,262,0.22664359861591696,353,BBH,0.5,validation,discovery
0.892205789795568,33544,1806,0.05383973288814691,24498,1328,0.05420850681688301,1160,444,0.38275862068965516,354,BBH,0.5,validation,discovery
0.9176831259984825,33525,1369,0.040835197613721105,24488,1022,0.04173472721332898,1155,304,0.2632034632034632,355,BBH,0.5,validation,discovery
0.9384814682783852,33527,1023,0.030512721090464403,24487,747,0.030505982766365826,1152,247,0.2144097222222222,356,BBH,0.5,validation,discovery
0.9123453596691672,33534,1462,0.043597542792389817,24491,1075,0.04389367522763464,1156,217,0.18771626297577854,357,BBH,0.5,validation,discovery
0.9106816885476605,33533,1495,0.04458294814063758,24491,1053,0.042995386060185374,1155,393,0.34025974025974026,358,BBH,0.5,validation,discovery
0.931481631445283,33537,1145,0.03414139607001222,24494,818,0.033395933698048504,1154,455,0.39428076256499134,359,BBH,0.5,validation,discovery
0.8221855982644951,33535,2980,0.08886238258535858,24490,2094,0.08550428746427113,1158,370,0.31951640759930916,360,BBH,0.5,validation,discovery
0.8863471156912176,33533,1899,0.056630781618107535,24490,1413,0.057697019191506736,1153,458,0.39722463139635733,361,BBH,0.5,validation,discovery
0.8919525723833803,33525,1806,0.05387024608501118,24482,1294,0.052855158892247366,1155,420,0.36363636363636365,362,BBH,0.5,validation,discovery
0.9333036578419183,33532,1115,0.0332518191578194,24490,756,0.03086974275214373,1158,224,0.19343696027633853,363,BBH,0.5,validation,discovery
0.9251519027074513,33536,1251,0.037303196564885496,24489,889,0.03630201314876067,1153,153,0.1326973113616652,364,BBH,0.5,validation,discovery
0.9193292268057539,33535,1345,0.04010735052929775,24491,1041,0.04250541015066759,1154,349,0.3024263431542461,365,BBH,0.5,validation,discovery
0.9143655317452827,33533,1427,0.04255509498106343,24490,1060,0.04328297264189465,1153,280,0.24284475281873374,366,BBH,0.5,validation,discovery
0.894807220345252,33536,1755,0.05233182251908397,24493,1197,0.04887110603029437,1156,433,0.3745674740484429,367,BBH,0.5,validation,discovery
0.9032392260424659,33543,1619,0.048266404316847034,24497,1195,0.04878148344695269,1156,340,0.29411764705882354,368,BBH,0.5,validation,discovery
0.8875586906893892,33536,1882,0.056118797709923667,24495,1327,0.054174321290059196,1157,424,0.36646499567847884,369,BBH,0.5,validation,discovery
0.9134684036117492,33540,1445,0.04308288610614192,24495,1056,0.04311083894672382,1157,316,0.2731201382886776,370,BBH,0.5,validation,discovery
0.8770705406857695,33527,2058,0.06138336266292838,24486,1430,0.05840071877807727,1157,550,0.47536732929991354,371,BBH,0.5,validation,discovery
0.880785474453583,33536,1991,0.059369036259541985,24494,1365,0.0557279333714379,1158,411,0.3549222797927461,372,BBH,0.5,validation,discovery
0.9299762591833902,33532,1168,0.034832398902540855,24494,878,0.03584551318690291,1157,288,0.24891961970613655,373,BBH,0.5,validation,discovery
0.9353914450781657,33525,1076,0.03209545115585384,24486,817,0.03336600506411827,1156,294,0.25432525951557095,374,BBH,0.5,validation,discovery
0.9182709775659987,33532,1359,0.040528450435404983,24490,1022,0.04173131890567579,1155,326,0.28225108225108225,375,BBH,0.5,validation,discovery
0.8763794731313448,33539,2069,0.061689376546706816,24493,1434,0.05854734005634263,1157,479,0.4140017286084702,376,BBH,0.5,validation,discovery
0.8755069276929456,33533,2081,0.06205827095696776,24494,1491,0.06087205029803217,1157,424,0.36646499567847884,377,BBH,0.5,validation,discovery
0.9217445963706425,33530,1306,0.038950193856248136,24490,919,0.037525520620661494,1155,287,0.24848484848484848,378,BBH,0.5,validation,discovery
0.9214040979593805,33531,1305,0.03891920909009573,24488,976,0.0398562561254492,1156,262,0.22664359861591696,379,BBH,0.5,validation,discovery
0.9112758568053415,33533,1481,0.04416544896072525,24491,1118,0.045649422236740025,1155,319,0.2761904761904762,380,BBH,0.5,validation,discovery
0.902044122806219,33530,1635,0.04876230241574709,24488,1200,0.04900359359686377,1153,300,0.26019080659150046,381,BBH,0.5,validation,discovery
0.9119940756724709,33537,1474,0.043951456600172946,24495,1078,0.04400898142478057,1158,308,0.2659758203799655,382,BBH,0.5,validation,discovery
0.875998955253048,33534,2075,0.06187749746525914,24491,1496,0.06108366338655016,1159,386,0.3330457290767903,383,BBH,0.5,validation,discovery
0.9307963334284844,33535,1158,0.03453108692410914,24493,857,0.034989588862123874,1156,447,0.3866782006920415,384,BBH,0.5,validation,discovery
0.9032057203630589,33530,1618,0.04825529376677602,24490,1195,0.04879542670477746,1156,484,0.4186851211072664,385,BBH,0.5,validation,discovery
0.9279921723021799,33538,1200,0.03578030890333353,24494,910,0.0371519555809586,1158,296,0.2556131260794473,386,BBH,0.5,validation,discovery
0.9239681083410396,33539,1270,0.03786636453084469,24494,913,0.037274434555401324,1156,337,0.291522491349481,387,BBH,0.5,validation,discovery
0.9219114686178312,33533,1305,0.03891688784182745,24490,980,0.04001633319722336,1154,234,0.2027729636048527,388,BBH,0.5,validation,discovery
0.9266372792129864,33535,1224,0.03649917996123453,24493,905,0.03694933246233618,1157,247,0.21348314606741572,389,BBH,0.5,validation,discovery
0.8728164239385625,33532,2124,0.06334247882619587,24490,1529,0.062433646386280114,1154,470,0.4072790294627383,390,BBH,0.5,validation,discovery
0.8967761675389344,33524,1726,0.051485502923278845,24484,1246,0.05089037738931547,1153,355,0.30789245446660884,391,BBH,0.5,validation,discovery
0.9050852430410996,33527,1583,0.04721567691711158,24486,1062,0.043371722617005636,1156,329,0.28460207612456745,392,BBH,0.5,validation,discovery
0.9190819818961244,33527,1348,0.04020640081128642,24487,1018,0.04157307959325356,1152,287,0.24913194444444445,393,BBH,0.5,validation,discovery
0.9153333772589791,33523,1407,0.041971183963249115,24488,1073,0.04381737994119569,1158,280,0.24179620034542315,394,BBH,0.5,validation,discovery
0.931457652691429,33528,1137,0.03391195418754474,24486,776,0.03169157886139018,1154,316,0.2738301559792028,395,BBH,0.5,validation,discovery
0.9023575464699061,33529,1628,0.04855498225416803,24489,1173,0.04789905671934338,1154,314,0.2720970537261698,396,BBH,0.5,validation,discovery
0.8792002387434515,33530,2019,0.060214733074858334,24488,1452,0.05929434825220516,1156,375,0.32439446366782004,397,BBH,0.5,validation,discovery
0.8827584629289252,33527,1956,0.05834103856593194,24486,1424,0.05815568079719023,1156,372,0.3217993079584775,398,BBH,0.5,validation,discovery
0.9013637166571772,33530,1648,0.049150014912019084,24490,1132,0.04622294814209882,1156,510,0.4411764705882353,399,BBH,0.5,validation,discovery
0.9073813103719416,33531,1548,0.04616623423101011,24489,1114,0.04548981175221528,1152,332,0.2881944444444444,400,BBH,0.5,validation,discovery
0.9369086189019328,33527,1049,0.03128821546813016,24488,774,0.031607317869977135,1151,246,0.21372719374456994,401,BBH,0.5,validation,discovery
0.9325193701749052,33535,1126,0.03357685999701804,24491,791,0.03229757870238047,1156,290,0.2508650519031142,402,BBH,0.5,validation,discovery
0.9258995745524097,33526,1233,0.036777426474974645,24486,846,0.034550355305072285,1156,179,0.15484429065743946,403,BBH,0.5,validation,discovery
0.9114597662905765,33528,1475,0.04399308041040324,24487,1176,0.04802548290929881,1153,248,0.21509106678230702,404,BBH,0.5,validation,discovery
0.9319569427360506,33537,1138,0.03393267137788115,24492,844,0.03446023191246121,1155,279,0.24155844155844156,405,BBH,0.5,validation,discovery
0.9075271175579399,33529,1544,0.0460496883295058,24489,1177,0.04806239536118257,1156,251,0.2171280276816609,406,BBH,0.5,validation,discovery
0.926735832218838,33530,1221,0.036415150611392784,24488,890,0.036344331917673965,1152,244,0.21180555555555555,407,BBH,0.5,validation,discovery
0.9169092943778826,33536,1389,0.04141817748091603,24490,1092,0.04458962841976317,1153,262,0.22723330442324371,408,BBH,0.5,validation,discovery
0.9232506207803663,33535,1282,0.03822871626658715,24493,943,0.03850079614583759,1156,410,0.3546712802768166,409,BBH,0.5,validation,discovery
0.9330342816793868,33532,1116,0.033281641417153764,24491,854,0.03486995222734882,1154,314,0.2720970537261698,410,BBH,0.5,validation,discovery
0.8690640858584479,33535,2190,0.06530490532279708,24492,1539,0.06283684468397845,1156,508,0.43944636678200694,411,BBH,0.5,validation,discovery
0.9102981376521009,33535,1498,0.04466974802445207,24491,1092,0.04458780776611817,1157,305,0.2636127917026793,412,BBH,0.5,validation,discovery
0.9131500605427281,33535,1449,0.04320858804234382,24496,1049,0.042823318092749835,1156,361,0.31228373702422146,413,BBH,0.5,validation,discovery
0.9397680075219162,33535,1002,0.029879230654540033,24493,769,0.03139672559506798,1158,266,0.229706390328152,414,BBH,0.5,validation,discovery
0.9213333197430319,33534,1312,0.03912447068646747,24491,988,0.04034134988363072,1158,203,0.17530224525043178,415,BBH,0.5,validation,discovery
0.9287603126149166,33534,1191,0.03551619252102344,24493,872,0.035602008737190216,1159,280,0.24158757549611734,416,BBH,0.5,validation,discovery
0.9261938531373386,33537,1234,0.036795181441393085,24493,915,0.03735761237904708,1157,231,0.1996542783059637,417,BBH,0.5,validation,discovery
0.9380765121037552,33537,1035,0.030861436622238125,24491,738,0.030133518435343596,1155,255,0.22077922077922077,418,BBH,0.5,validation,discovery
0.9259721502875011,33538,1228,0.03661518277774465,24494,920,0.037560218829101,1158,237,0.20466321243523317,419,BBH,0.5,validation,discovery
0.9247616413797726,33518,1251,0.03732322930962468,24483,847,0.03459543356614794,1148,269,0.2343205574912892,420,BBH,0.5,validation,discovery
0.9239156468356396,33534,1270,0.03787201049680921,24489,987,0.0403038098738209,1153,276,0.2393755420641804,421,BBH,0.5,validation,discovery
0.9048857159523732,33533,1588,0.04735633555005517,24487,1175,0.04798464491362764,1152,252,0.21875,422,BBH,0.5,validation,discovery
0.9268314567049597,33536,1224,0.03649809160305344,24491,865,0.03531909681107345,1158,349,0.3013816925734024,423,BBH,0.5,validation,discovery
0.931481636377394,33537,1143,0.03408176044368906,24495,796,0.03249642784241682,1157,269,0.23249783923941228,424,BBH,0.5,validation,discovery
0.9375622622588123,33527,1039,0.030989948399797178,24486,777,0.03173241852487135,1155,193,0.1670995670995671,425,BBH,0.5,validation,discovery
0.9242791777362168,33525,1260,0.03758389261744966,24487,942,0.03846939192224445,1153,305,0.2645273200346921,426,BBH,0.5,validation,discovery
0.9363257064978642,33539,1062,0.031664629237603985,24493,802,0.032744049320213936,1157,357,0.30855661192739847,427,BBH,0.5,validation,discovery
0.932040025832904,33532,1135,0.03384826434450674,24487,793,0.03238453056723976,1153,320,0.2775368603642671,428,BBH,0.5,validation,discovery
0.9389555711932549,33540,1022,0.03047107930828861,24495,728,0.029720351092059605,1158,152,0.13126079447322972,429,BBH,0.5,validation,discovery
0.9076567115810916,33526,1538,0.045874843405118416,24481,1158,0.047301989297822804,1152,275,0.2387152777777778,430,BBH,0.5,validation,discovery
0.9061929385424976,33531,1569,0.046792520354299004,24490,1076,0.04393630053082891,1155,368,0.31861471861471863,431,BBH,0.5,validation,discovery
0.9241852850058355,33534,1265,0.03772290809327846,24490,957,0.03907717435688036,1153,310,0.2688638334778838,432,BBH,0.5,validation,discovery
0.9458564494023753,33533,902,0.026898875734351235,24486,650,0.026545781262762396,1149,282,0.2454308093994778,433,BBH,0.5,validation,discovery
0.9008198217907978,33544,1660,0.049487240639160504,24498,1134,0.046289493019838354,1160,372,0.32068965517241377,434,BBH,0.5,validation,discovery
0.9228141469095416,33530,1284,0.03829406501640322,24487,952,0.038877771878956184,1155,271,0.23463203463203464,435,BBH,0.5,validation,discovery
0.9319488844220998,33529,1135,0.03385129291061469,24489,838,0.03421944546531096,1153,379,0.32870771899392887,436,BBH,0.5,validation,discovery
0.9316757418583587,33538,1138,0.033931659609994634,24493,826,0.03372392112032009,1155,324,0.2805194805194805,437,BBH,0.5,validation,discovery
0.9027198338947351,33533,1624,0.04842990486982972,24489,1161,0.047409040793825796,1155,375,0.3246753246753247,438,BBH,0.5,validation,discovery
0.9320042644512248,33527,1135,0.03385331225579384,24487,871,0.03556989422959121,1153,229,0.19861231569817867,439,BBH,0.5,validation,discovery
0.9262692123484833,33538,1235,0.03682390124634743,24494,910,0.0371519555809586,1155,465,0.4025974025974026,440,BBH,0.5,validation,discovery
0.8665349870019626,33533,2227,0.06641219097605344,24494,1622,0.06622029884869764,1155,390,0.33766233766233766,441,BBH,0.5,validation,discovery
0.9353080483638748,33531,1077,0.032119531180101996,24491,792,0.032338410028173614,1153,307,0.2662619254119688,442,BBH,0.5,validation,discovery
0.9114270237963075,33535,1480,0.04413299537796332,24493,1094,0.044665822888172134,1156,475,0.4108996539792388,443,BBH,0.5,validation,discovery
0.9260706464215983,33533,1234,0.03679957057227209,24494,895,0.036539560708745,1154,278,0.24090121317157712,444,BBH,0.5,validation,discovery
0.8918794689834663,33535,1805,0.053824362606232294,24492,1302,0.05316021558059775,1158,322,0.27806563039723664,445,BBH,0.5,validation,discovery
0.9281502353234816,33533,1194,0.03560671577252259,24491,932,0.038054795639214406,1151,274,0.2380538662033015,446,BBH,0.5,validation,discovery
0.9209240677200579,33527,1321,0.039401079726787365,24486,973,0.039736992567181245,1154,205,0.17764298093587522,447,BBH,0.5,validation,discovery
0.9210135557862277,33540,1317,0.03926654740608229,24494,962,0.03927492447129909,1158,219,0.18911917098445596,448,BBH,0.5,validation,discovery
0.9365475596584661,33539,1062,0.031664629237603985,24498,725,0.029594252592048332,1159,267,0.23037100949094047,449,BBH,0.5,validation,discovery
0.9130150877265211,33534,1451,0.04326951750462218,24490,1018,0.04156798693344222,1152,407,0.3532986111111111,450,BBH,0.5,validation,discovery
0.8943787987295488,33528,1767,0.05270221904080172,24489,1204,0.049164931193597126,1154,541,0.46880415944540726,451,BBH,0.5,validation,discovery
0.9280430606552702,33530,1198,0.035729197733373096,24490,884,0.0360963658636178,1155,235,0.20346320346320346,452,BBH,0.5,validation,discovery
0.9250375158738418,33539,1254,0.037389307969826174,24496,898,0.036659046374918354,1157,268,0.23163353500432152,453,BBH,0.5,validation,discovery
0.9322102429489979,33525,1128,0.033646532438478746,24486,883,0.03606142285387568,1155,223,0.19307359307359306,454,BBH,0.5,validation,discovery
0.8897769191524375,33530,1841,0.054906054279749476,24486,1281,0.05231560891938251,1152,448,0.3888888888888889,455,BBH,0.5,validation,discovery
0.9164451141764052,33533,1394,0.04157098977127009,24494,965,0.039397403445741816,1158,264,0.22797927461139897,456,BBH,0.5,validation,discovery
0.9279719725608986,33535,1202,0.0358431489488594,24494,879,0.03588633951171716,1155,281,0.24329004329004328,457,BBH,0.5,validation,discovery
0.9293385718388437,33533,1180,0.03518921659261026,24491,903,0.0368706871912131,1153,225,0.19514310494362533,458,BBH,0.5,validation,discovery
0.9069816129319092,33532,1547,0.046135035190266016,24489,1114,0.04548981175221528,1153,254,0.22029488291413704,459,BBH,0.5,validation,discovery
0.9130693531106835,33530,1449,0.043215031315240085,24488,1086,0.04434825220516171,1153,246,0.21335646140503037,460,BBH,0.5,validation,discovery
0.9275358508300763,33529,1207,0.03599868770318232,24488,911,0.03720189480561908,1156,198,0.17128027681660898,461,BBH,0.5,validation,discovery
0.926018420565252,33526,1229,0.03665811608900555,24484,919,0.0375347165495834,1153,300,0.26019080659150046,462,BBH,0.5,validation,discovery
0.9317074722539923,33540,1141,0.0340190816935003,24495,874,0.03568075117370892,1160,246,0.2120689655172414,463,BBH,0.5,validation,discovery
0.915684944166455,33520,1401,0.04179594272076372,24479,1107,0.04522243555700805,1153,275,0.23850823937554205,464,BBH,0.5,validation,discovery
0.9263242589529384,33534,1227,0.0365897298264448,24489,899,0.03671035975335865,1152,374,0.3246527777777778,465,BBH,0.5,validation,discovery
0.937150024699513,33531,1046,0.03119501356953267,24484,793,0.03238849861133802,1155,233,0.20173160173160173,466,BBH,0.5,validation,discovery
0.9204260479736288,33533,1327,0.03957295798168968,24492,979,0.039972235832108446,1155,463,0.40086580086580087,467,BBH,0.5,validation,discovery
0.8547790727491752,33537,2430,0.07245728598264603,24490,1737,0.07092690894242548,1157,507,0.43820224719101125,468,BBH,0.5,validation,discovery
0.9302933704807523,33537,1163,0.03467811670692071,24492,829,0.03384778703250041,1154,271,0.23483535528596186,469,BBH,0.5,validation,discovery
0.902416951692625,33531,1629,0.04858190927798157,24489,1190,0.04859324594715995,1153,422,0.36600173460537727,470,BBH,0.5,validation,discovery
0.928609658862481,33532,1190,0.03548848860789693,24488,925,0.03777360339758249,1153,298,0.25845620121422375,471,BBH,0.5,validation,discovery
0.9272198109436262,33538,1219,0.03634683046096965,24492,914,0.037318308018944965,1153,251,0.21769297484822203,472,BBH,0.5,validation,discovery
0.9054204896608977,33531,1578,0.04706092869285139,24488,1178,0.04810519438092127,1152,381,0.3307291666666667,473,BBH,0.5,validation,discovery
0.930281616724957,33540,1159,0.034555754323196186,24497,855,0.03490223292648079,1158,266,0.229706390328152,474,BBH,0.5,validation,discovery
0.9047775157861659,33528,1586,0.047303746122643764,24489,1180,0.04818489934256197,1155,330,0.2857142857142857,475,BBH,0.5,validation,discovery
0.9105034260163407,33535,1493,0.04452065006709408,24491,1182,0.04826262708750153,1153,315,0.2732003469210755,476,BBH,0.5,validation,discovery
0.9165800443050258,33534,1392,0.041510109142959384,24495,933,0.03808940600122474,1160,313,0.26982758620689656,477,BBH,0.5,validation,discovery
0.9294574054903799,33533,1178,0.03512957385262279,24491,831,0.03393083173410641,1156,310,0.2681660899653979,478,BBH,0.5,validation,discovery
0.9257895154661627,33534,1235,0.036828293672094,24491,901,0.036789024539626805,1152,289,0.2508680555555556,479,BBH,0.5,validation,discovery
0.8860898791256828,33537,1902,0.05671348063333035,24495,1271,0.05188814043682384,1158,449,0.38773747841105355,480,BBH,0.5,validation,discovery
0.8929552898897778,33539,1793,0.05346015086913742,24495,1211,0.04943866095121453,1159,437,0.3770491803278688,481,BBH,0.5,validation,discovery
0.924692551631309,33536,1257,0.037482108778625955,24489,904,0.036914533055657645,1155,268,0.23203463203463204,482,BBH,0.5,validation,discovery
0.934016670345124,33532,1097,0.03271501848980079,24492,862,0.03519516576841417,1158,197,0.17012089810017272,483,BBH,0.5,validation,discovery
0.9329471515903154,33532,1121,0.0334307527138256,24491,728,0.02972520517741211,1157,268,0.23163353500432152,484,BBH,0.5,validation,discovery
0.8658645463527676,33534,2247,0.06700662014671677,24489,1640,0.06696884315406917,1153,417,0.3616652211621856,485,BBH,0.5,validation,discovery
0.9291561276274147,33529,1180,0.03519341465596946,24491,855,0.03491078355314197,1156,332,0.28719723183391005,486,BBH,0.5,validation,discovery
0.923111244281458,33531,1283,0.038263099818078794,24490,982,0.04009799918334014,1157,287,0.2480553154710458,487,BBH,0.5,validation,discovery
0.9290456912892786,33537,1184,0.03530429078331395,24492,865,0.03531765474440634,1158,329,0.28411053540587217,488,BBH,0.5,validation,discovery
0.9226176432563923,33540,1288,0.03840190816935003,24496,996,0.04065969954278249,1158,334,0.28842832469775476,489,BBH,0.5,validation,discovery
0.9296515517595427,33534,1173,0.03497942386831276,24491,834,0.03405332571148585,1151,367,0.3188531711555169,490,BBH,0.5,validation,discovery
0.9327134655947636,33536,1125,0.03354604007633588,24492,846,0.03454189122978932,1157,301,0.2601555747623163,491,BBH,0.5,validation,discovery
0.9266532194890423,33536,1224,0.03649809160305344,24491,899,0.0367073618880405,1154,407,0.35268630849220106,492,BBH,0.5,validation,discovery
0.9118372261008443,33542,1473,0.04391509152704073,24498,1028,0.04196260919258715,1158,369,0.31865284974093266,493,BBH,0.5,validation,discovery
0.9105360516017909,33527,1491,0.04447161988844812,24492,1140,0.04654581087702107,1154,267,0.231369150779896,494,BBH,0.5,validation,discovery
0.9132850295499512,33536,1451,0.04326693702290076,24493,1000,0.0408279916710897,1156,356,0.3079584775086505,495,BBH,0.5,validation,discovery
0.9169316189455968,33530,1386,0.04133611691022965,24488,965,0.039407056517477945,1153,393,0.34084995663486556,496,BBH,0.5,validation,discovery
0.9281067372421907,33534,1202,0.03584421780879108,24490,923,0.03768885259289506,1156,270,0.23356401384083045,497,BBH,0.5,validation,discovery
0.9293862716543677,33536,1179,0.03515625,24494,839,0.034253286519147545,1157,410,0.3543647363872083,498,BBH,0.5,validation,discovery
0.9276749007173369,33534,1205,0.035933679250909525,24493,932,0.0380516882374556,1155,286,0.24761904761904763,499,BBH,0.5,validation,discovery
0.9281269154130479,33539,1203,0.035868690181579656,24493,875,0.03572449271220349,1159,318,0.274374460742019,500,BBH,0.5,validation,discovery
0.9087965551140407,33523,1520,0.04534200399725562,24484,1099,0.04488645646136252,1153,243,0.21075455333911536,501,BBH,0.5,validation,discovery
0.9004619945155473,33533,1663,0.049592938299585484,24491,1245,0.050835000612469886,1153,409,0.3547267996530789,502,BBH,0.5,validation,discovery
0.9256272231892226,33535,1246,0.03715521097360966,24494,868,0.03543724993876051,1156,277,0.23961937716262977,503,BBH,0.5,validation,discovery
0.905906519352313,33528,1567,0.04673705559532331,24488,1157,0.04724763149297615,1155,223,0.19307359307359306,504,BBH,0.5,validation,discovery
0.9311686969795798,33536,1148,0.03423187022900764,24490,821,0.03352388730093916,1154,378,0.3275563258232236,505,BBH,0.5,validation,discovery
0.9415224832040161,33537,972,0.028982914393058414,24491,750,0.030623494344861377,1159,196,0.16911130284728215,506,BBH,0.5,validation,discovery
0.9102118831799659,33528,1499,0.04470890002386065,24487,1123,0.04586106913872667,1154,385,0.33362218370883884,507,BBH,0.5,validation,discovery
0.9272589763898457,33533,1213,0.0361733218024036,24488,868,0.03544593270173146,1159,148,0.1276962899050906,508,BBH,0.5,validation,discovery
0.9189928243739458,33530,1353,0.04035192365046227,24486,1009,0.04120722045250347,1151,252,0.21894005212858383,509,BBH,0.5,validation,discovery
0.8690640858584479,33535,2189,0.06527508573132548,24489,1511,0.0617011719547552,1157,408,0.3526361279170268,510,BBH,0.5,validation,discovery
0.9219434894554955,33535,1302,0.038825108096019086,24493,914,0.037316784387375984,1155,300,0.2597402597402597,511,BBH,0.5,validation,discovery
0.9214407895507719,33537,1316,0.03924024212064287,24494,921,0.03760104515391524,1159,213,0.18377911993097498,512,BBH,0.5,validation,discovery
0.9132204723349587,33532,1451,0.04327209829416677,24492,952,0.038869835048178994,1153,374,0.32437120555073723,513,BBH,0.5,validation,discovery
0.9158992533602623,33536,1401,0.04177600190839695,24492,1009,0.04119712559203005,1156,231,0.19982698961937717,514,BBH,0.5,validation,discovery
0.9010829396758886,33531,1653,0.0492976648474546,24489,1120,0.04573481971497407,1155,343,0.296969696969697,515,BBH,0.5,validation,discovery
0.9321628798135767,33535,1132,0.033755777545847625,24494,784,0.03200783865436434,1155,274,0.23722943722943723,516,BBH,0.5,validation,discovery
0.9389064833483656,33536,1019,0.030385257633587785,24489,755,0.030830168647147698,1153,279,0.2419774501300954,517,BBH,0.5,validation,discovery
0.9170008760458398,33538,1384,0.04126662293517801,24492,989,0.04038053241874898,1156,273,0.23615916955017302,518,BBH,0.5,validation,discovery
0.9146091778995068,33528,1425,0.04250178954903364,24485,1065,0.043496017970185825,1150,254,0.22086956521739132,519,BBH,0.5,validation,discovery
0.9208439059681335,33524,1316,0.03925545877580241,24484,974,0.03978108152262702,1152,281,0.2439236111111111,520,BBH,0.5,validation,discovery
0.8883607276546249,33529,1860,0.05547436547466372,24487,1489,0.06080777555437579,1153,330,0.2862098872506505,521,BBH,0.5,validation,discovery
0.9192650286663813,33531,1351,0.040291073931585694,24490,952,0.0388730093915884,1155,280,0.24242424242424243,522,BBH,0.5,validation,discovery
0.9084022875858085,33539,1526,0.04549926950714094,24495,1093,0.044621351296182894,1160,317,0.27327586206896554,523,BBH,0.5,validation,discovery
0.9134420067021058,33531,1445,0.04309444991202171,24487,1032,0.04214481153264998,1153,268,0.23243712055507373,524,BBH,0.5,validation,discovery
0.9232826016905665,33537,1281,0.038196618659987476,24492,1006,0.04107463661603789,1154,281,0.24350086655112652,525,BBH,0.5,validation,discovery
0.8066188575657542,33535,3240,0.09661547636797375,24492,2262,0.09235668789808917,1158,493,0.42573402417962003,526,BBH,0.5,validation,discovery
0.9098877424539892,33528,1503,0.04482820329277022,24486,1078,0.0440251572327044,1154,184,0.15944540727902945,527,BBH,0.5,validation,discovery
0.9302104578645705,33543,1169,0.03485078854008288,24498,813,0.03318638256184178,1159,329,0.28386540120793785,528,BBH,0.5,validation,discovery
0.9002139104983954,33537,1668,0.04973611235351999,24492,1122,0.045810877021068105,1158,411,0.3549222797927461,529,BBH,0.5,validation,discovery
0.9170553718488264,33535,1385,0.04130013418816162,24491,1012,0.041321301702666284,1157,285,0.24632670700086431,530,BBH,0.5,validation,discovery
0.8833761994171735,33531,1952,0.05821478631713936,24489,1349,0.05508595696026788,1154,448,0.3882149046793761,531,BBH,0.5,validation,discovery
0.8749108936807536,33540,2094,0.06243291592128802,24496,1530,0.062459177008491185,1157,491,0.4243733794295592,532,BBH,0.5,validation,discovery
0.9253851239852017,33533,1245,0.0371276056422032,24486,973,0.039736992567181245,1152,290,0.2517361111111111,533,BBH,0.5,validation,discovery
0.90298432742989,33531,1617,0.048224031493245056,24491,1172,0.04785431382957005,1157,306,0.2644770959377701,534,BBH,0.5,validation,discovery
0.9340602579429588,33531,1099,0.032775640452118934,24489,808,0.032994405651517004,1153,283,0.24544666088464875,535,BBH,0.5,validation,discovery
0.914863011138083,33527,1418,0.042294270289617325,24484,1028,0.041986603496160756,1153,298,0.25845620121422375,536,BBH,0.5,validation,discovery
0.9251864805072942,33528,1248,0.03722261989978525,24488,906,0.03699771316563215,1154,300,0.25996533795493937,537,BBH,0.5,validation,discovery
0.9149214416189647,33539,1421,0.04236858582545693,24493,1028,0.04197117543788021,1157,360,0.3111495246326707,538,BBH,0.5,validation,discovery
0.9229284063071416,33528,1284,0.03829634931997137,24490,921,0.037607186606778274,1151,341,0.29626411815812337,539,BBH,0.5,validation,discovery
0.9110867049821896,33536,1484,0.04425095419847328,24490,1090,0.04450796243364639,1156,260,0.22491349480968859,540,BBH,0.5,validation,discovery
0.9130745036694962,33535,1450,0.043238407633815416,24495,1160,0.04735660338844662,1157,282,0.24373379429559205,541,BBH,0.5,validation,discovery
0.9255083930687797,33535,1242,0.037035932607723275,24492,955,0.03899232402417116,1154,401,0.34748700173310226,542,BBH,0.5,validation,discovery
0.9138248674940082,33541,1438,0.04287290182165111,24496,1125,0.045925865447419986,1158,320,0.2763385146804836,543,BBH,0.5,validation,discovery
0.920517528010182,33535,1324,0.039481139108394216,24490,957,0.03907717435688036,1155,243,0.21038961038961038,544,BBH,0.5,validation,discovery
0.9074811738098336,33530,1543,0.04601849090366836,24488,1119,0.04569585102907547,1156,345,0.2984429065743945,545,BBH,0.5,validation,discovery
0.8792358516207806,33527,2016,0.06013064097592985,24488,1527,0.06235707285200915,1155,289,0.2502164502164502,546,BBH,0.5,validation,discovery
0.913095798424218,33539,1450,0.04323325084230299,24494,1016,0.04147954601126807,1154,260,0.22530329289428075,547,BBH,0.5,validation,discovery
0.9407064285122164,33538,992,0.029578388693422386,24493,717,0.029273670028171314,1156,256,0.22145328719723184,548,BBH,0.5,validation,discovery
0.9012716626070779,33528,1645,0.04906346933905989,24484,1194,0.0487665414148015,1147,402,0.35047951176983433,549,BBH,0.5,validation,discovery
0.9108708325585022,33530,1487,0.0443483447658813,24491,1145,0.046751868033155036,1154,297,0.25736568457538994,550,BBH,0.5,validation,discovery
0.9306180882478203,33535,1156,0.03447144774116594,24492,847,0.03458272088845337,1155,186,0.16103896103896104,551,BBH,0.5,validation,discovery
0.8932535641172542,33523,1781,0.05312770336783701,24487,1172,0.04786213092661412,1154,227,0.19670710571923744,552,BBH,0.5,validation,discovery
0.857265962182139,33533,2391,0.07130289565502639,24490,1664,0.06794610044916292,1156,541,0.4679930795847751,553,BBH,0.5,validation,discovery
0.8929982615184809,33538,1790,0.053372294114139185,24493,1200,0.04899359000530764,1156,286,0.24740484429065743,554,BBH,0.5,validation,discovery
0.9210315626780431,33531,1319,0.03933673317228833,24490,973,0.03973050224581462,1157,219,0.18928262748487468,555,BBH,0.5,validation,discovery
0.9072030353798677,33533,1554,0.0463424089702681,24494,1179,0.04813423695598922,1155,369,0.3194805194805195,556,BBH,0.5,validation,discovery
0.9151812567187743,33532,1415,0.04219849695812955,24493,1007,0.04111378761278733,1157,330,0.28522039757994816,557,BBH,0.5,validation,discovery
0.9155588733623958,33537,1410,0.04204311655783165,24495,976,0.03984486629924475,1159,380,0.32786885245901637,558,BBH,0.5,validation,discovery
0.9303168727208818,33533,1165,0.0347418960427042,24488,873,0.03565011434171839,1153,314,0.2723330442324371,559,BBH,0.5,validation,discovery
0.9291285148507662,33531,1183,0.03528078494527452,24488,905,0.03695687683763476,1153,242,0.209887250650477,560,BBH,0.5,validation,discovery
0.9273511314326688,33523,1210,0.03609462160307848,24482,874,0.035699697737112984,1153,231,0.20034692107545535,561,BBH,0.5,validation,discovery
0.9349951391581142,33530,1085,0.032359081419624215,24490,788,0.03217639853001225,1155,247,0.21385281385281385,562,BBH,0.5,validation,discovery
0.9201176599632646,33536,1332,0.03971851145038168,24495,1043,0.04258011839150847,1159,290,0.25021570319240727,563,BBH,0.5,validation,discovery
0.9130480626152097,33525,1451,0.04328113348247577,24485,1052,0.042965080661629566,1158,237,0.20466321243523317,564,BBH,0.5,validation,discovery
0.9224028067165833,33534,1293,0.038557881553050635,24496,916,0.03739386022207707,1159,267,0.23037100949094047,565,BBH,0.5,validation,discovery
0.9239316406939466,33533,1268,0.037813497152059165,24490,873,0.0356472029399755,1154,329,0.2850953206239168,566,BBH,0.5,validation,discovery
0.9208533042548932,33530,1322,0.03942737846704444,24486,951,0.03883851997059544,1156,329,0.28460207612456745,567,BBH,0.5,validation,discovery
0.925524350116408,33536,1247,0.03718392175572519,24494,881,0.035967992161345635,1158,403,0.348013816925734,568,BBH,0.5,validation,discovery
0.9367581945373359,33525,1056,0.03149888143176734,24487,767,0.031322742679789274,1153,284,0.24631396357328708,569,BBH,0.5,validation,discovery
0.929731026712251,33539,1174,0.035004025164733596,24494,858,0.03502898669061811,1156,328,0.2837370242214533,570,BBH,0.5,validation,discovery
0.9154944514348765,33533,1411,0.04207795306116363,24492,1097,0.044790135554466766,1154,336,0.29116117850953205,571,BBH,0.5,validation,discovery
0.921392735686007,33534,1311,0.03909465020576132,24487,934,0.038142687956875074,1156,351,0.3036332179930796,572,BBH,0.5,validation,discovery
0.8976305953658017,33527,1706,0.0508843618576073,24488,1266,0.051698791244691275,1154,375,0.32495667244367415,573,BBH,0.5,validation,discovery
0.9158187503609939,33532,1403,0.04184062984611714,24493,1047,0.042746907279630916,1156,272,0.23529411764705882,574,BBH,0.5,validation,discovery
0.9223113817508309,33533,1294,0.03858885277189634,24488,865,0.0353234237177393,1154,255,0.22097053726169844,575,BBH,0.5,validation,discovery
0.9309586963427675,33534,1152,0.03435319377348363,24492,806,0.032908704883227176,1156,245,0.21193771626297578,576,BBH,0.5,validation,discovery
0.92247363260588,33531,1290,0.03847186185917509,24492,937,0.03825739016821819,1156,311,0.2690311418685121,577,BBH,0.5,validation,discovery
0.9117730438215763,33529,1476,0.044021593247636374,24486,1080,0.04410683655966675,1154,195,0.16897746967071056,578,BBH,0.5,validation,discovery
0.9225856427923044,33538,1293,0.038553282843341884,24495,967,0.039477444376403346,1158,279,0.24093264248704663,579,BBH,0.5,validation,discovery
0.912555909940514,33535,1460,0.04353660354853139,24491,1092,0.04458780776611817,1158,226,0.19516407599309155,580,BBH,0.5,validation,discovery
0.9301068533447543,33529,1161,0.034626741030153,24490,882,0.03601469987750102,1158,223,0.192573402417962,581,BBH,0.5,validation,discovery
0.8870074340453112,33535,1891,0.056388847472789626,24490,1341,0.05475704369130257,1154,435,0.37694974003466203,582,BBH,0.5,validation,discovery
0.9208146033112891,33535,1322,0.03942149992545102,24492,982,0.040094724808100606,1156,300,0.25951557093425603,583,BBH,0.5,validation,discovery
0.9254880232567892,33530,1242,0.03704145541306293,24488,898,0.03667102254165305,1154,244,0.21143847487001732,584,BBH,0.5,validation,discovery
0.9150785336544998,33533,1417,0.042256881281126056,24494,1039,0.04241855148199559,1155,353,0.30562770562770564,585,BBH,0.5,validation,discovery
0.9057013382871568,33530,1575,0.04697286012526096,24491,1123,0.04585357886570577,1156,255,0.22058823529411764,586,BBH,0.5,validation,discovery
0.928586296424144,33538,1189,0.035452322738386305,24494,876,0.035763860537274435,1155,348,0.3012987012987013,587,BBH,0.5,validation,discovery
0.9324718099215117,33532,1127,0.0336096862698318,24486,831,0.033937760352854694,1152,227,0.1970486111111111,588,BBH,0.5,validation,discovery
0.912950514161917,33530,1446,0.04312555920071578,24488,1119,0.04569585102907547,1156,265,0.2292387543252595,589,BBH,0.5,validation,discovery
0.9248024574483442,33530,1257,0.03748881598568446,24490,944,0.03854634544712127,1154,287,0.24870017331022531,590,BBH,0.5,validation,discovery
0.9114112735116778,33523,1476,0.04402947230259822,24484,1098,0.04484561346185264,1156,301,0.26038062283737023,591,BBH,0.5,validation,discovery
0.9226312912808056,33528,1288,0.03841565258888094,24490,865,0.03532053899550837,1156,254,0.21972318339100347,592,BBH,0.5,validation,discovery
0.933711599195459,33539,1108,0.03303616685053221,24492,785,0.03205128205128205,1151,317,0.27541268462206775,593,BBH,0.5,validation,discovery
0.9206476859100178,33532,1328,0.039603960396039604,24493,918,0.03748009635406034,1157,206,0.1780466724286949,594,BBH,0.5,validation,discovery
0.9261300632473662,33534,1232,0.036738832229975545,24492,938,0.038298219826882245,1156,281,0.2430795847750865,595,BBH,0.5,validation,discovery
0.8261037935978177,33528,2912,0.0868527797661656,24489,2039,0.08326187267752869,1155,548,0.47445887445887447,596,BBH,0.5,validation,discovery
0.9217766223734267,33532,1306,0.03894787069068353,24489,958,0.03911960472048675,1154,266,0.23050259965337955,597,BBH,0.5,validation,discovery
0.9176544125800006,33538,1378,0.04108772139066134,24495,1001,0.04086548275158196,1156,381,0.3295847750865052,598,BBH,0.5,validation,discovery
0.8975566450282748,33537,1712,0.05104809613262963,24493,1210,0.04940186992201854,1155,412,0.3567099567099567,599,BBH,0.5,validation,discovery
0.9343334745293339,33537,1095,0.03265050541193309,24493,818,0.03339729718695137,1158,216,0.18652849740932642,600,BBH,0.5,validation,discovery
0.9436770491220381,33538,939,0.02799809171685849,24494,683,0.02788437984812607,1155,221,0.19134199134199134,601,BBH,0.5,validation,discovery
0.9236894465993544,33529,1273,0.03796713292970265,24492,954,0.03895149436550711,1155,417,0.36103896103896105,602,BBH,0.5,validation,discovery
0.9301862952463184,33534,1163,0.03468121906125127,24488,886,0.03618098660568442,1154,283,0.24523396880415946,603,BBH,0.5,validation,discovery
0.9191574559444592,33528,1349,0.04023502743975185,24491,993,0.04054550651259647,1158,295,0.2547495682210708,604,BBH,0.5,validation,discovery
0.8985873588340562,33531,1693,0.0504905907965763,24490,1146,0.04679461004491629,1154,357,0.3093587521663778,605,BBH,0.5,validation,discovery
0.9072732078797541,33528,1544,0.046051061799093296,24488,1140,0.04655341391702058,1156,269,0.23269896193771628,606,BBH,0.5,validation,discovery
0.9225833072742744,33523,1288,0.0384213823345166,24486,972,0.03969615290370007,1152,398,0.3454861111111111,607,BBH,0.5,validation,discovery
0.922498821962306,33540,1292,0.038521168753726895,24497,961,0.039229293382863205,1157,371,0.320656871218669,608,BBH,0.5,validation,discovery
0.9189775398546296,33539,1355,0.040400727511255556,24500,999,0.040775510204081634,1159,306,0.2640207075064711,609,BBH,0.5,validation,discovery
0.8773894691345469,33539,2054,0.06124213602075196,24494,1427,0.058259165509920795,1158,332,0.2867012089810017,610,BBH,0.5,validation,discovery
0.9299168484516914,33532,1169,0.03486222116187522,24493,895,0.03654105254562528,1157,307,0.26534140017286084,611,BBH,0.5,validation,discovery
0.9235773979059433,33537,1277,0.038077347407341144,24493,967,0.03948066794594374,1155,237,0.2051948051948052,612,BBH,0.5,validation,discovery
0.9225764690120084,33530,1291,0.0385028332836266,24486,977,0.03990035122110594,1153,191,0.16565481352992195,613,BBH,0.5,validation,discovery
0.9365753871327233,33536,1060,0.03160782442748092,24493,781,0.03188666149512105,1155,305,0.26406926406926406,614,BBH,0.5,validation,discovery
0.8702796236404237,33528,2170,0.0647220233834407,24490,1547,0.06316864026133115,1156,380,0.328719723183391,615,BBH,0.5,validation,discovery
0.922926121921574,33538,1289,0.03843401514699744,24493,937,0.03825582819581105,1153,420,0.3642671292281006,616,BBH,0.5,validation,discovery
0.9282414801045097,33536,1201,0.03581226145038168,24495,847,0.03457848540518473,1157,348,0.30077787381158166,617,BBH,0.5,validation,discovery
0.922295362992497,33533,1296,0.03864849551188382,24493,978,0.03992977585432573,1155,392,0.3393939393939394,618,BBH,0.5,validation,discovery
0.9414316292081155,33535,975,0.029074101684806918,24489,711,0.029033443586916573,1149,234,0.20365535248041775,619,BBH,0.5,validation,discovery
0.9245532833074069,33531,1259,0.03754734424860577,24495,915,0.03735456215554195,1157,336,0.2904062229904927,620,BBH,0.5,validation,discovery
0.9183094942925394,33527,1356,0.04044501446595281,24481,985,0.040235284506351866,1150,294,0.25565217391304346,621,BBH,0.5,validation,discovery
0.9253461075838868,33536,1246,0.03715410305343511,24491,880,0.035931566697970686,1157,377,0.3258426966292135,622,BBH,0.5,validation,discovery
0.8395032477205125,33533,2690,0.08021948528315391,24489,1933,0.07893339866879007,1154,542,0.4696707105719237,623,BBH,0.5,validation,discovery
0.9302933704807523,33537,1163,0.03467811670692071,24490,884,0.0360963658636178,1154,315,0.2729636048526863,624,BBH,0.5,validation,discovery
0.9140472292766361,33528,1435,0.04280004772130756,24490,1027,0.041935483870967745,1156,365,0.3157439446366782,625,BBH,0.5,validation,discovery
0.9217172046648262,33532,1304,0.03888822617201479,24491,1003,0.04095381977052795,1154,303,0.26256499133448874,626,BBH,0.5,validation,discovery
0.9259358619754597,33532,1237,0.03689013479661219,24490,896,0.036586361780318495,1153,350,0.30355594102341715,627,BBH,0.5,validation,discovery
0.9304398430671562,33535,1163,0.034680184881467124,24492,877,0.03580761064837498,1155,221,0.19134199134199134,628,BBH,0.5,validation,discovery
0.9347771424633183,33535,1088,0.03244371552109736,24491,790,0.03225674737658732,1156,242,0.2093425605536332,629,BBH,0.5,validation,discovery
0.9067871244572197,33531,1552,0.04628552682592228,24489,1103,0.0450406304871575,1156,342,0.2958477508650519,630,BBH,0.5,validation,discovery
0.9283645615314484,33539,1197,0.03568979397119771,24496,837,0.03416884389288047,1160,306,0.2637931034482759,631,BBH,0.5,validation,discovery
0.9127289836044394,33531,1457,0.043452327696758226,24490,1069,0.04365046957942017,1154,320,0.2772963604852686,632,BBH,0.5,validation,discovery
0.8889384472943169,33528,1858,0.05541636840849439,24485,1414,0.05774964263835001,1154,276,0.2391681109185442,633,BBH,0.5,validation,discovery
0.8574527695232416,33525,2381,0.07102162565249813,24486,1702,0.0695091072449563,1156,427,0.3693771626297578,634,BBH,0.5,validation,discovery
0.9269894455577672,33531,1218,0.03632459515075602,24490,899,0.03670886075949367,1152,202,0.1753472222222222,635,BBH,0.5,validation,discovery
0.9278255804174144,33535,1205,0.03593260772327419,24492,848,0.034623550547117424,1159,263,0.2269197584124245,636,BBH,0.5,validation,discovery
0.9285661531038584,33534,1191,0.03551619252102344,24492,861,0.03515433610975012,1155,200,0.17316017316017315,637,BBH,0.5,validation,discovery
0.8711268479290918,33534,2155,0.06426313592175106,24494,1544,0.0630358455131869,1156,490,0.42387543252595156,638,BBH,0.5,validation,discovery
0.9192810786122069,33532,1344,0.04008111654538948,24493,1077,0.04397174702976361,1157,219,0.18928262748487468,639,BBH,0.5,validation,discovery
0.9276834730654511,33541,1211,0.036105065442294505,24495,856,0.034945907328026125,1157,374,0.3232497839239412,640,BBH,0.5,validation,discovery
0.8586666332951098,33528,2366,0.07056788356000955,24489,1588,0.06484544081015967,1156,576,0.4982698961937716,641,BBH,0.5,validation,discovery
0.9290774998866497,33539,1184,0.03530218551537016,24494,826,0.03372254429656242,1155,351,0.3038961038961039,642,BBH,0.5,validation,discovery
0.9304280812022336,33538,1163,0.034677082712147415,24494,802,0.032742712501020656,1156,302,0.26124567474048443,643,BBH,0.5,validation,discovery
0.9440302099595113,33534,934,0.02785232897954315,24494,714,0.02914999591736752,1158,237,0.20466321243523317,644,BBH,0.5,validation,discovery
0.9160131046391808,33532,1402,0.041810807586782774,24493,1019,0.041603723512840404,1157,406,0.3509075194468453,645,BBH,0.5,validation,discovery
0.9245258089516276,33533,1258,0.03751528345212179,24489,917,0.03744538364163502,1158,185,0.15975820379965458,646,BBH,0.5,validation,discovery
0.910422510712904,33528,1489,0.04441064185158673,24492,1142,0.04662747019434917,1154,285,0.24696707105719237,647,BBH,0.5,validation,discovery
0.9335730039958978,33534,1110,0.03310073358382537,24489,804,0.03283106700967781,1156,183,0.1583044982698962,648,BBH,0.5,validation,discovery
0.912734795923464,33524,1456,0.04343157141152607,24482,1079,0.04407319663426191,1156,236,0.2041522491349481,649,BBH,0.5,validation,discovery
0.9320123289984082,33533,1133,0.033787612202904604,24491,807,0.03295087991507084,1156,302,0.26124567474048443,650,BBH,0.5,validation,discovery
0.8501864584722513,33531,2504,0.07467716441501894,24491,1748,0.07137315748642359,1157,409,0.35350043215211757,651,BBH,0.5,validation,discovery
0.9019532288458488,33537,1639,0.048871395771834095,24495,1172,0.047846499285568486,1155,339,0.2935064935064935,652,BBH,0.5,validation,discovery
0.9143765670194711,33532,1429,0.04261600858881069,24489,1103,0.0450406304871575,1155,309,0.2675324675324675,653,BBH,0.5,validation,discovery
0.9177956358971952,33532,1372,0.04091613980675176,24491,1074,0.04385284390184149,1157,270,0.23336214347450301,654,BBH,0.5,validation,discovery
0.9395897623412519,33535,1009,0.03008796779484121,24494,747,0.030497264636237444,1159,248,0.21397756686798963,655,BBH,0.5,validation,discovery
0.9236185713400413,33532,1273,0.03796373613264941,24491,959,0.03915724143562942,1158,230,0.19861830742659758,656,BBH,0.5,validation,discovery
0.9156243905091646,33530,1405,0.041902773635550256,24487,1046,0.04271654347204639,1154,246,0.21317157712305027,657,BBH,0.5,validation,discovery
0.9198752556982116,33532,1336,0.03984253847071454,24490,1038,0.04238464679461004,1155,287,0.24848484848484848,658,BBH,0.5,validation,discovery
0.9072949294788788,33533,1547,0.04613365938031193,24491,1140,0.04654771140418929,1155,295,0.2554112554112554,659,BBH,0.5,validation,discovery
0.8971982450264543,33528,1719,0.0512705798138869,24483,1253,0.05117836866397092,1148,420,0.36585365853658536,660,BBH,0.5,validation,discovery
0.9252228494722541,33532,1248,0.03721817964929023,24487,902,0.03683587209539756,1158,201,0.17357512953367876,661,BBH,0.5,validation,discovery
0.9195781671552091,33532,1344,0.04008111654538948,24493,970,0.03960315192095701,1153,398,0.34518647007805725,662,BBH,0.5,validation,discovery
0.8978312679775305,33534,1706,0.050873740084690165,24492,1251,0.051077902988731015,1155,439,0.3800865800865801,663,BBH,0.5,validation,discovery
0.8798277201014933,33532,2014,0.06006203029941548,24490,1442,0.05888117599020008,1157,501,0.43301642178046673,664,BBH,0.5,validation,discovery
0.9329669687481961,33538,1122,0.033454588824616854,24491,832,0.03397166305989956,1154,337,0.2920277296360485,665,BBH,0.5,validation,discovery
0.9375065362483462,33531,1039,0.030986251528436374,24488,762,0.031117281934008496,1154,321,0.2781629116117851,666,BBH,0.5,validation,discovery
0.8895557329302821,33531,1847,0.05508335570069488,24491,1359,0.055489771752888814,1155,482,0.4173160173160173,667,BBH,0.5,validation,discovery
0.9293820890742872,33532,1175,0.035041154717881426,24491,857,0.034992446204728266,1155,325,0.2813852813852814,668,BBH,0.5,validation,discovery
0.9157854188464316,33540,1406,0.0419200954084675,24496,1024,0.041802743305029394,1158,400,0.3454231433506045,669,BBH,0.5,validation,discovery
0.935589333901947,33530,1074,0.03203101699970176,24488,819,0.033444952629859526,1158,237,0.20466321243523317,670,BBH,0.5,validation,discovery
0.9403027430639088,33535,996,0.029700313105710453,24492,750,0.030622243998040175,1155,298,0.258008658008658,671,BBH,0.5,validation,discovery
0.88901104676459,33534,1858,0.05540645315202481,24493,1267,0.05172906544727065,1157,371,0.320656871218669,672,BBH,0.5,validation,discovery
0.9369318721977657,33536,1054,0.03142891221374046,24494,755,0.030823875234751368,1158,318,0.27461139896373055,673,BBH,0.5,validation,discovery
0.920679738276118,33534,1324,0.039482316454941255,24494,982,0.040091450967583896,1157,255,0.22039757994814174,674,BBH,0.5,validation,discovery
0.9399183242435498,33537,1003,0.02990726660106748,24493,740,0.030212713836606377,1159,219,0.18895599654874892,675,BBH,0.5,validation,discovery
0.9350819138324397,33543,1084,0.03231672778224965,24497,854,0.03486141160142058,1159,220,0.1898188093183779,676,BBH,0.5,validation,discovery
0.9188266045781603,33537,1356,0.04043295464710618,24494,983,0.04013227729239814,1158,167,0.14421416234887738,677,BBH,0.5,validation,discovery
0.9315687292113627,33535,1139,0.0339645146861488,24490,911,0.03719885667619437,1153,250,0.2168256721595837,678,BBH,0.5,validation,discovery
0.9225490525852328,33532,1288,0.03841107002266492,24489,938,0.03830291151129078,1157,241,0.20829732065687123,679,BBH,0.5,validation,discovery
0.9179465996514053,33536,1371,0.04088144083969466,24491,1002,0.0409129884447348,1153,221,0.191673894189072,680,BBH,0.5,validation,discovery
0.9215709835149322,33534,1307,0.03897536828293672,24490,974,0.03977133523887301,1158,239,0.20639032815198619,681,BBH,0.5,validation,discovery
0.9249328217408387,33527,1249,0.03725355683478987,24486,914,0.03732745242179204,1154,312,0.2703639514731369,682,BBH,0.5,validation,discovery
0.9313387937685369,33530,1146,0.03417834774828512,24487,851,0.034753134316167764,1154,208,0.18024263431542462,683,BBH,0.5,validation,discovery
0.8887601782785154,33528,1859,0.055446194225721786,24483,1314,0.05366989339541723,1150,377,0.3278260869565217,684,BBH,0.5,validation,discovery
0.9082078390407677,33538,1536,0.04579879539626692,24494,1130,0.046133747040091454,1156,492,0.42560553633217996,685,BBH,0.5,validation,discovery
0.9268111897833505,33531,1225,0.036533357191852314,24490,888,0.03625969783585137,1155,309,0.2675324675324675,686,BBH,0.5,validation,discovery
0.9348207387983744,33534,1088,0.03244468300829009,24492,776,0.03168381512330557,1158,129,0.11139896373056994,687,BBH,0.5,validation,discovery
0.887393466391452,33526,1881,0.05610570900196862,24487,1441,0.058847551762159514,1152,477,0.4140625,688,BBH,0.5,validation,discovery
0.9361158733742964,33537,1067,0.031815606643408774,24494,797,0.032538580876949455,1159,324,0.27955133735979293,689,BBH,0.5,validation,discovery
0.925080959614653,33538,1249,0.037241338183552984,24494,933,0.03809096105168613,1157,281,0.2428694900605013,690,BBH,0.5,validation,discovery
0.9289502451375274,33533,1187,0.03539796618256643,24488,882,0.03601764129369487,1153,171,0.14830875975715524,691,BBH,0.5,validation,discovery
0.9212144878570818,33534,1312,0.03912447068646747,24491,921,0.03760565105548977,1157,289,0.2497839239412273,692,BBH,0.5,validation,discovery
0.9173524402289959,33536,1383,0.04123926526717557,24492,1022,0.04172791115466275,1155,428,0.37056277056277054,693,BBH,0.5,validation,discovery
0.9036753701508692,33527,1607,0.04793151788111075,24485,1106,0.045170512558709415,1151,395,0.34317984361424847,694,BBH,0.5,validation,discovery
0.9188241882522157,33536,1358,0.040493797709923667,24491,962,0.03927973541300886,1153,240,0.20815264527320035,695,BBH,0.5,validation,discovery
0.9311169994194275,33529,1146,0.03417936711503475,24490,846,0.03454471212739894,1157,201,0.17372515125324114,696,BBH,0.5,validation,discovery
0.8848947861643053,33533,1923,0.057346494497957236,24492,1308,0.053405193532582065,1156,394,0.3408304498269896,697,BBH,0.5,validation,discovery
0.8900774538720017,33525,1839,0.05485458612975391,24488,1296,0.05292388108461287,1152,457,0.3967013888888889,698,BBH,0.5,validation,discovery
0.9172398960721909,33527,1382,0.041220508843618574,24488,939,0.0383453119895459,1154,304,0.2634315424610052,699,BBH,0.5,validation,discovery
0.8892157180603678,33532,1852,0.055230824287248,24490,1379,0.05630869742752144,1153,394,0.3417172593235039,700,BBH,0.5,validation,discovery
0.9262054270669882,33534,1226,0.036559909345738655,24491,892,0.036421542607488464,1156,228,0.1972318339100346,701,BBH,0.5,validation,discovery
0.892249683163424,33527,1801,0.05371789900677066,24489,1310,0.05349340520233574,1151,375,0.32580364900086883,702,BBH,0.5,validation,discovery
0.9085426707919515,33535,1527,0.04553451617712837,24491,1118,0.045649422236740025,1153,407,0.35299219427580225,703,BBH,0.5,validation,discovery
0.9272706074882876,33530,1211,0.0361169102296451,24492,903,0.036869181773640375,1156,325,0.2811418685121107,704,BBH,0.5,validation,discovery
0.8971285550245384,33530,1720,0.05129734566060245,24492,1229,0.050179650498121835,1154,352,0.3050259965337955,705,BBH,0.5,validation,discovery
0.9289895708863135,33526,1182,0.03525621905386864,24488,842,0.034384188173799415,1157,223,0.19273984442523767,706,BBH,0.5,validation,discovery
0.9265822156434447,33539,1226,0.03655445898804377,24494,883,0.03604964481097411,1157,230,0.19878997407087295,707,BBH,0.5,validation,discovery
0.9271009861192333,33538,1217,0.036287196612797425,24496,916,0.03739386022207707,1158,320,0.2763385146804836,708,BBH,0.5,validation,discovery
0.9297904382418511,33539,1172,0.03494439309460628,24494,843,0.03441659181840451,1157,304,0.2627484874675886,709,BBH,0.5,validation,discovery
0.9336521876658588,33539,1109,0.033065982885595875,24494,780,0.031844533355107375,1155,268,0.23203463203463204,710,BBH,0.5,validation,discovery
0.926027179238063,33534,1235,0.036828293672094,24496,957,0.0390676028739386,1160,292,0.2517241379310345,711,BBH,0.5,validation,discovery
0.9356683683666395,33535,1071,0.03193678246608021,24495,819,0.033435394978567054,1158,292,0.25215889464594127,712,BBH,0.5,validation,discovery
0.9257372597116261,33527,1237,0.036895636352790286,24492,880,0.03593009962436714,1155,279,0.24155844155844156,713,BBH,0.5,validation,discovery
0.9224462200497441,33533,1291,0.03849938866191513,24489,986,0.0402629752133611,1153,337,0.29228100607111884,714,BBH,0.5,validation,discovery
0.8980853214848233,33533,1704,0.050815614469328724,24489,1217,0.049695781779574504,1150,413,0.3591304347826087,715,BBH,0.5,validation,discovery
0.9346741334524971,33536,1091,0.03253220419847328,24492,845,0.034501061571125265,1156,229,0.1980968858131488,716,BBH,0.5,validation,discovery
0.9222861789949591,33523,1292,0.03854070339766728,24486,968,0.039532794249775384,1153,329,0.28534258456201217,717,BBH,0.5,validation,discovery
0.882864961316673,33538,1963,0.05853062198103644,24495,1438,0.05870585833843642,1157,345,0.29818496110630943,718,BBH,0.5,validation,discovery
0.902773488971242,33529,1624,0.04843568254346983,24484,1172,0.04786799542558406,1157,349,0.3016421780466724,719,BBH,0.5,validation,discovery
0.91757404033676,33533,1376,0.04103420511138282,24493,1046,0.042706079287959824,1155,352,0.3047619047619048,720,BBH,0.5,validation,discovery
0.9123938168873451,33536,1461,0.043565124045801526,24493,1110,0.04531907075490957,1158,220,0.18998272884283246,721,BBH,0.5,validation,discovery
0.9103522399455516,33531,1495,0.044585607348423845,24487,1046,0.04271654347204639,1157,266,0.22990492653414002,722,BBH,0.5,validation,discovery
0.9160292028667893,33533,1403,0.04183938210121373,24490,1026,0.04189465087790935,1155,286,0.24761904761904763,723,BBH,0.5,validation,discovery
0.912167109191863,33533,1467,0.04374794978081293,24491,1000,0.04083132579314851,1157,285,0.24632670700086431,724,BBH,0.5,validation,discovery
0.9301545192860933,33532,1165,0.03474293212453775,24492,796,0.03250040829658664,1158,291,0.25129533678756477,725,BBH,0.5,validation,discovery
0.9346780046061491,33540,1093,0.032587954680977936,24494,815,0.03327345472360578,1157,336,0.2904062229904927,726,BBH,0.5,validation,discovery
0.9175258136894296,33530,1377,0.04106770056665673,24487,1017,0.04153224159758239,1159,297,0.25625539257981017,727,BBH,0.5,validation,discovery
0.9252778436977823,33528,1246,0.03716296826533047,24485,902,0.03683888094751889,1153,262,0.22723330442324371,728,BBH,0.5,validation,discovery
0.8974256568112071,33529,1712,0.051060276178830265,24488,1171,0.047819340084939564,1155,453,0.3922077922077922,729,BBH,0.5,validation,discovery
0.8960323594007518,33531,1738,0.051832632489338226,24491,1274,0.05201910906047119,1155,405,0.35064935064935066,730,BBH,0.5,validation,discovery
0.9197017509809507,33538,1341,0.03998449519947522,24495,993,0.04053888548683405,1155,372,0.3220779220779221,731,BBH,0.5,validation,discovery
0.9112435051445004,33533,1484,0.04425491307070647,24494,1059,0.0432350779782804,1155,501,0.43376623376623374,732,BBH,0.5,validation,discovery
0.8862944533226543,33535,1899,0.056627404204562394,24496,1401,0.05719301110385369,1156,429,0.3711072664359862,733,BBH,0.5,validation,discovery
0.9079538089798131,33528,1537,0.04584228107850155,24483,1124,0.045909406526977906,1149,264,0.2297650130548303,734,BBH,0.5,validation,discovery
0.9224096208038752,33527,1294,0.03859575864228831,24492,940,0.03837987914421036,1154,326,0.2824956672443674,735,BBH,0.5,validation,discovery
0.9333511810180048,33535,1115,0.03324884449083047,24497,795,0.03245295342286811,1157,261,0.22558340535868626,736,BBH,0.5,validation,discovery
0.8999807170828009,33531,1667,0.04971518892964719,24487,1186,0.048433862866010535,1153,290,0.2515177797051171,737,BBH,0.5,validation,discovery
0.8852308724511078,33521,1916,0.05715819933772859,24492,1315,0.053691001143230443,1155,503,0.4354978354978355,738,BBH,0.5,validation,discovery
0.9256068622055558,33530,1240,0.03698180733671339,24491,905,0.036952349842799395,1155,293,0.25367965367965367,739,BBH,0.5,validation,discovery
0.9189952465233483,33529,1349,0.04023382743296847,24491,984,0.040178024580458126,1154,377,0.3266897746967071,740,BBH,0.5,validation,discovery
0.8909223605341428,33531,1817,0.054188661238853596,24489,1335,0.0545142717138307,1155,365,0.31601731601731603,741,BBH,0.5,validation,discovery
0.927195255835402,33529,1215,0.03623728712457872,24492,857,0.03499101747509391,1157,291,0.2515125324114088,742,BBH,0.5,validation,discovery
0.9193856027028239,33520,1342,0.040035799522673034,24485,944,0.03855421686746988,1152,222,0.19270833333333334,743,BBH,0.5,validation,discovery
0.8240451136227069,33521,2944,0.08782554219742848,24489,2092,0.085426109681898,1153,645,0.559410234171726,744,BBH,0.5,validation,discovery
0.9277183932334739,33532,1207,0.03599546701658118,24492,901,0.03678752245631226,1154,378,0.3275563258232236,745,BBH,0.5,validation,discovery
0.9324083925366055,33528,1127,0.03361369601527082,24485,783,0.03197876250765775,1158,214,0.1848013816925734,746,BBH,0.5,validation,discovery
0.9187896799346037,33531,1354,0.04038054337776983,24485,1027,0.041944047375944454,1157,295,0.2549697493517718,747,BBH,0.5,validation,discovery
0.9225696421525815,33537,1292,0.03852461460476489,24495,878,0.03584404980608288,1156,289,0.25,748,BBH,0.5,validation,discovery
0.9216510586866349,33539,1308,0.038999373863263666,24496,941,0.03841443500979752,1158,333,0.28756476683937826,749,BBH,0.5,validation,discovery
0.9434450524707291,33527,943,0.028126584543800518,24488,663,0.027074485462267234,1155,181,0.15670995670995672,750,BBH,0.5,validation,discovery
0.9178969320696546,33542,1375,0.040993381432234216,24496,1017,0.041516982364467665,1160,265,0.22844827586206898,751,BBH,0.5,validation,discovery
0.9201110979311832,33543,1336,0.03982947261723758,24497,953,0.038902722782381514,1158,302,0.2607944732297064,752,BBH,0.5,validation,discovery
0.9208806719138415,33528,1318,0.0393104271057027,24487,959,0.03916363784865439,1155,254,0.21991341991341992,753,BBH,0.5,validation,discovery
0.9147330838601064,33533,1425,0.042495452241075954,24494,994,0.04058136686535478,1156,357,0.3088235294117647,754,BBH,0.5,validation,discovery
0.929619759908689,33532,1175,0.035041154717881426,24493,821,0.03351978116196464,1159,232,0.2001725625539258,755,BBH,0.5,validation,discovery
0.9130906454825066,33536,1451,0.04326693702290076,24493,1084,0.044257542971461235,1156,303,0.26211072664359863,756,BBH,0.5,validation,discovery
0.9014499263280485,33529,1646,0.04909183095230994,24491,1168,0.04769098852639745,1153,310,0.2688638334778838,757,BBH,0.5,validation,discovery
0.9240230165632447,33535,1264,0.037691963620098405,24493,966,0.03943983995427265,1158,219,0.18911917098445596,758,BBH,0.5,validation,discovery
0.9325986319596392,33540,1126,0.03357185450208706,24496,868,0.03543435662965382,1160,192,0.16551724137931034,759,BBH,0.5,validation,discovery
0.9376012057450986,33537,1040,0.031010525688046037,24491,778,0.031766771467069535,1153,222,0.19254119687771032,760,BBH,0.5,validation,discovery
0.8978106669063921,33538,1707,0.05089748941499195,24495,1199,0.04894876505409267,1157,421,0.36387208297320656,761,BBH,0.5,validation,discovery
0.9207071036186183,33533,1323,0.03945367250171473,24491,981,0.04005553060307868,1154,199,0.17244367417677642,762,BBH,0.5,validation,discovery
0.9171951939666262,33539,1388,0.041384656668356244,24497,973,0.03971914928358575,1158,343,0.29620034542314333,763,BBH,0.5,validation,discovery
0.9411782384668353,33534,984,0.0293433530148506,24493,699,0.0285387661780917,1159,264,0.2277825711820535,764,BBH,0.5,validation,discovery
0.8605000417003771,33531,2334,0.06960722913125168,24492,1713,0.06994120529152377,1154,452,0.39168110918544197,765,BBH,0.5,validation,discovery
0.9199827924681894,33535,1340,0.039958252571939766,24494,970,0.03960153506981302,1155,416,0.3601731601731602,766,BBH,0.5,validation,discovery
0.9092989035673275,33532,1511,0.0450614338542288,24489,1170,0.04777655273796398,1154,347,0.3006932409012132,767,BBH,0.5,validation,discovery
0.9352802544156537,33533,1080,0.032207079593236515,24493,784,0.03200914547013432,1160,202,0.17413793103448275,768,BBH,0.5,validation,discovery
0.9325470804303211,33534,1123,0.033488399833005306,24490,834,0.03405471621069824,1155,233,0.20173160173160173,769,BBH,0.5,validation,discovery
0.9307210387330941,33534,1159,0.034561937138426674,24492,810,0.03307202351788339,1155,269,0.2329004329004329,770,BBH,0.5,validation,discovery
0.8786191059595595,33530,2032,0.06060244557113033,24488,1366,0.05578242404442992,1154,455,0.39428076256499134,771,BBH,0.5,validation,discovery
0.9130990551912194,33531,1452,0.04330321195311801,24494,1082,0.04417408344900792,1155,335,0.29004329004329005,772,BBH,0.5,validation,discovery
0.9248778618993868,33529,1249,0.03725133466551343,24486,878,0.03585722453646982,1153,273,0.2367736339982654,773,BBH,0.5,validation,discovery
0.8660269245997985,33524,2239,0.06678797279560912,24491,1602,0.0654117839206239,1159,378,0.3261432269197584,774,BBH,0.5,validation,discovery
0.9192056100749091,33531,1351,0.040291073931585694,24493,944,0.038541624137508675,1157,292,0.25237683664649957,775,BBH,0.5,validation,discovery
0.9249487884862255,33528,1248,0.03722261989978525,24488,978,0.03993792878144397,1155,252,0.21818181818181817,776,BBH,0.5,validation,discovery
0.9024553497028758,33535,1624,0.04842701654987327,24489,1273,0.051982522765323204,1157,316,0.2731201382886776,777,BBH,0.5,validation,discovery
0.9374508201732815,33535,1046,0.031191292679290293,24496,772,0.031515349444807314,1159,279,0.24072476272648835,778,BBH,0.5,validation,discovery
0.8713462548581653,33540,2153,0.06419200954084675,24498,1589,0.06486243775002042,1158,478,0.41278065630397237,779,BBH,0.5,validation,discovery
0.9339136674229873,33533,1099,0.03277368562311753,24493,769,0.03139672559506798,1154,291,0.25216637781629114,780,BBH,0.5,validation,discovery
0.8880505178551414,33537,1871,0.055789128425321285,24492,1302,0.05316021558059775,1157,432,0.37337942955920483,781,BBH,0.5,validation,discovery
0.933624547255233,33528,1107,0.03301717967072298,24485,855,0.034919338370430875,1152,235,0.20399305555555555,782,BBH,0.5,validation,discovery
0.9091152663297833,33528,1512,0.04509663564781675,24485,1125,0.0459464978558301,1151,336,0.29192006950477845,783,BBH,0.5,validation,discovery
0.909806626805867,33534,1510,0.045028925866284965,24489,1105,0.045122299808077096,1155,405,0.35064935064935066,784,BBH,0.5,validation,discovery
0.9233878006444518,33527,1274,0.037999224505622334,24487,947,0.038673581900600315,1150,373,0.3243478260869565,785,BBH,0.5,validation,discovery
0.929706805938002,33530,1174,0.03501342081717865,24490,803,0.032788893425888116,1156,269,0.23269896193771628,786,BBH,0.5,validation,discovery
0.9372651516420488,33527,1042,0.031079428520297075,24484,765,0.031244894625061265,1152,306,0.265625,787,BBH,0.5,validation,discovery
0.9216417723252693,33531,1305,0.03891920909009573,24491,967,0.039483892041974604,1157,260,0.2247191011235955,788,BBH,0.5,validation,discovery
0.8916847641984685,33534,1813,0.05406453152024811,24488,1340,0.054720679516497873,1153,412,0.35732870771899394,789,BBH,0.5,validation,discovery
0.8906382402353732,33539,1830,0.05456334416649274,24494,1356,0.05536049644810974,1157,334,0.28867761452031115,790,BBH,0.5,validation,discovery
0.9059821882672631,33529,1570,0.04682513644904411,24494,1166,0.0476034947334041,1157,366,0.3163353500432152,791,BBH,0.5,validation,discovery
0.9135931130102974,33533,1444,0.043062058270956965,24492,1069,0.04364690511187327,1153,370,0.32090199479618386,792,BBH,0.5,validation,discovery
0.9288632306742571,33533,1191,0.035517251662541376,24494,866,0.03535559728913203,1157,307,0.26534140017286084,793,BBH,0.5,validation,discovery
0.9373403554834582,33528,1045,0.031167979002624673,24490,774,0.03160473662719478,1156,220,0.1903114186851211,794,BBH,0.5,validation,discovery
0.8999317032687445,33528,1669,0.0497792889525173,24487,1220,0.0498223547188304,1155,312,0.2701298701298701,795,BBH,0.5,validation,discovery
0.9364370016018466,33531,1060,0.03161253765172527,24487,784,0.032016988606199205,1151,343,0.29800173761946136,796,BBH,0.5,validation,discovery
0.9321193238196929,33536,1138,0.03393368320610687,24494,854,0.03486568139136115,1157,366,0.3163353500432152,797,BBH,0.5,validation,discovery
0.8861952092751335,33529,1904,0.05678666229234394,24487,1355,0.05533548413443868,1157,462,0.3993085566119274,798,BBH,0.5,validation,discovery
0.907489405029839,33534,1544,0.04604282221029403,24492,1077,0.04397354238118569,1156,378,0.32698961937716264,799,BBH,0.5,validation,discovery
0.9264981543213049,33530,1225,0.03653444676409186,24485,931,0.038023279558913624,1156,257,0.222318339100346,800,BBH,0.5,validation,discovery
0.9202109851812389,33529,1327,0.039577679024128364,24486,1007,0.04112554112554113,1153,242,0.209887250650477,801,BBH,0.5,validation,discovery
0.8574696935352949,33531,2385,0.07112820971638185,24489,1728,0.07056229327453142,1156,382,0.3304498269896194,802,BBH,0.5,validation,discovery
0.9116974760177354,33526,1466,0.04372725645767464,24485,1145,0.04676332448437819,1154,283,0.24523396880415946,803,BBH,0.5,validation,discovery
0.9149979691218123,33528,1417,0.042263183011214504,24492,1093,0.044626816919810554,1154,296,0.2564991334488735,804,BBH,0.5,validation,discovery
0.9391860109933651,33532,1013,0.030209948705713946,24491,735,0.03001102445796415,1155,245,0.21212121212121213,805,BBH,0.5,validation,discovery
0.8832407769702766,33530,1951,0.05818669847897405,24494,1350,0.0551155384992243,1159,378,0.3261432269197584,806,BBH,0.5,validation,discovery
0.9283284858007861,33533,1195,0.03563653714251633,24494,919,0.037519392504286764,1156,283,0.24480968858131488,807,BBH,0.5,validation,discovery
0.9187784228427784,33536,1355,0.04040434160305344,24492,1026,0.04189122978931896,1158,315,0.27202072538860106,808,BBH,0.5,validation,discovery
0.9275762854168048,33538,1211,0.036108295068280755,24495,909,0.037109614206981015,1159,232,0.2001725625539258,809,BBH,0.5,validation,discovery
0.9371936597102954,33530,1048,0.031255592007157766,24490,754,0.03078807676602695,1154,260,0.22530329289428075,810,BBH,0.5,validation,discovery
0.9316359164123996,33528,1142,0.0340610832736817,24488,823,0.033608297941849066,1153,197,0.17085862966175194,811,BBH,0.5,validation,discovery
0.8990730683819859,33528,1686,0.050286327845382964,24486,1180,0.04819080290778404,1152,339,0.2942708333333333,812,BBH,0.5,validation,discovery
0.8756851719872834,33533,2081,0.06205827095696776,24491,1534,0.06263525376668981,1155,482,0.4173160173160173,813,BBH,0.5,validation,discovery
0.8938401659707724,33535,1775,0.05292977486208439,24491,1212,0.04948756686129599,1158,330,0.2849740932642487,814,BBH,0.5,validation,discovery
0.9261532055819445,33527,1231,0.0367166761117905,24489,936,0.03822124219037119,1154,341,0.2954939341421144,815,BBH,0.5,validation,discovery
0.9008021585164614,33534,1655,0.049352895568676565,24492,1250,0.05103707333006696,1156,373,0.3226643598615917,816,BBH,0.5,validation,discovery
0.9186820860218711,33528,1353,0.040354330708661415,24493,963,0.03931735597925938,1158,296,0.2556131260794473,817,BBH,0.5,validation,discovery
0.9255083930687797,33535,1242,0.037035932607723275,24490,887,0.03621886484279298,1153,294,0.25498699045967044,818,BBH,0.5,validation,discovery
0.9118971233238287,33531,1470,0.04384002863022278,24485,1023,0.04178068205023484,1148,376,0.32752613240418116,819,BBH,0.5,validation,discovery
0.9200903214800543,33538,1340,0.03995467827538911,24494,960,0.039193271821670615,1155,353,0.30562770562770564,820,BBH,0.5,validation,discovery
0.9077432900625805,33535,1544,0.046041449232145516,24490,1073,0.043813801551653736,1156,410,0.3546712802768166,821,BBH,0.5,validation,discovery
0.9136847960847208,33535,1440,0.042940211719099446,24493,1111,0.045359898746580654,1155,287,0.24848484848484848,822,BBH,0.5,validation,discovery
0.9241213753459737,33530,1265,0.03772740829108261,24494,890,0.0363354290846738,1155,412,0.3567099567099567,823,BBH,0.5,validation,discovery
0.8813891934439874,33533,1985,0.05919541943756896,24492,1410,0.05756981871631553,1155,454,0.3930735930735931,824,BBH,0.5,validation,discovery
0.9263155355973582,33526,1228,0.036628288492513275,24489,860,0.03511780799542652,1154,264,0.22876949740034663,825,BBH,0.5,validation,discovery
0.9245373116666566,33530,1257,0.03748881598568446,24489,876,0.03577116256278329,1156,371,0.3209342560553633,826,BBH,0.5,validation,discovery
0.9130964894314595,33528,1448,0.04318778334526366,24486,1064,0.04345340194396798,1154,206,0.17850953206239167,827,BBH,0.5,validation,discovery
0.9048750975493621,33534,1592,0.047474205284189185,24494,1124,0.04588878909120601,1157,339,0.2929991356957649,828,BBH,0.5,validation,discovery
0.9162173885120325,33541,1400,0.04173996004889538,24496,1077,0.043966361854996736,1156,276,0.23875432525951557,829,BBH,0.5,validation,discovery
0.9331293648373131,33536,1115,0.03324785305343511,24492,849,0.03466438020578148,1157,242,0.20916162489196197,830,BBH,0.5,validation,discovery
0.9057394290065531,33536,1577,0.047024093511450385,24494,1109,0.045276394218992405,1155,377,0.3264069264069264,831,BBH,0.5,validation,discovery
0.9102766233521649,33532,1495,0.044584277704878925,24490,1106,0.04516129032258064,1156,253,0.21885813148788927,832,BBH,0.5,validation,discovery
0.9233923529660437,33529,1277,0.03808643264040085,24486,946,0.03863432165318958,1150,370,0.3217391304347826,833,BBH,0.5,validation,discovery
0.9154511413884993,33534,1414,0.04216615971849466,24495,961,0.03923249642784242,1158,274,0.23661485319516407,834,BBH,0.5,validation,discovery
0.9118648036433016,33529,1473,0.04393211846461272,24491,1019,0.041607120983218324,1156,325,0.2811418685121107,835,BBH,0.5,validation,discovery
0.9308398706190442,33534,1154,0.034412834734895925,24489,839,0.03426028012577075,1152,286,0.2482638888888889,836,BBH,0.5,validation,discovery
0.9260068486887275,33529,1234,0.03680396075039518,24490,921,0.037607186606778274,1152,335,0.2907986111111111,837,BBH,0.5,validation,discovery
0.9407710569198579,33527,990,0.02952843976496555,24488,727,0.029688010454099967,1156,384,0.33217993079584773,838,BBH,0.5,validation,discovery
0.9107467079149957,33526,1487,0.04435363598401241,24486,1126,0.0459854610798007,1154,353,0.30589254766031193,839,BBH,0.5,validation,discovery
0.9228941304190381,33535,1283,0.038258535858058745,24492,999,0.040788829005389514,1156,270,0.23356401384083045,840,BBH,0.5,validation,discovery
0.9157421071636982,33541,1413,0.042127545392206554,24496,1012,0.04131286740692358,1157,293,0.25324114088159033,841,BBH,0.5,validation,discovery
0.8892884441990574,33522,1845,0.05503848219080007,24484,1367,0.055832380330011436,1151,400,0.3475238922675934,842,BBH,0.5,validation,discovery
0.925254771979387,33534,1247,0.037186139440567784,24492,895,0.036542544504327944,1154,268,0.2322357019064125,843,BBH,0.5,validation,discovery
0.9120753790982453,33531,1466,0.043720736035310605,24493,1042,0.04254276732127547,1155,425,0.36796536796536794,844,BBH,0.5,validation,discovery
0.9237009233148241,33526,1273,0.03797053033466563,24485,881,0.03598121298754339,1153,259,0.2246313963573287,845,BBH,0.5,validation,discovery
0.9070897139931181,33537,1552,0.046277246026776395,24492,1127,0.04601502531438837,1155,402,0.34805194805194806,846,BBH,0.5,validation,discovery
0.9293502890917025,33530,1177,0.035102892931702954,24488,931,0.03801862136556681,1151,225,0.19548218940052128,847,BBH,0.5,validation,discovery
0.8689710768584546,33534,2191,0.06533667322717242,24489,1597,0.06521295275429785,1157,453,0.3915298184961106,848,BBH,0.5,validation,discovery
0.9247359972859015,33535,1254,0.037393767705382434,24491,864,0.035278265485280305,1159,355,0.30629853321829165,849,BBH,0.5,validation,discovery
0.8814939679370464,33525,1979,0.059030574198359435,24489,1474,0.06019028951774266,1152,404,0.3506944444444444,850,BBH,0.5,validation,discovery
0.9308675317892989,33532,1153,0.03438506501252535,24491,844,0.034461638969417334,1155,223,0.19307359307359306,851,BBH,0.5,validation,discovery
0.9343493004071981,33538,1095,0.03264953187429185,24495,789,0.0322106552357624,1156,342,0.2958477508650519,852,BBH,0.5,validation,discovery
0.9426356332384446,33536,956,0.028506679389312978,24495,747,0.030496019595835883,1155,204,0.17662337662337663,853,BBH,0.5,validation,discovery
0.9333353402239974,33534,1113,0.033190195025943815,24491,822,0.03356334980196807,1156,274,0.2370242214532872,854,BBH,0.5,validation,discovery
0.9311727764306041,33540,1150,0.03428741800834824,24496,869,0.03547517962116264,1157,290,0.25064822817631804,855,BBH,0.5,validation,discovery
0.8735738707297037,33524,2108,0.06288032454361055,24482,1512,0.06175966015848378,1148,430,0.37456445993031356,856,BBH,0.5,validation,discovery
0.9314657678671152,33536,1143,0.03408277671755725,24491,874,0.035686578743211794,1152,291,0.2526041666666667,857,BBH,0.5,validation,discovery
0.9215709835149322,33534,1313,0.039154291167173616,24492,919,0.03752245631226523,1158,323,0.27892918825561314,858,BBH,0.5,validation,discovery
0.9185134719016842,33536,1359,0.04052361641221374,24495,1030,0.04204939783629312,1157,253,0.21866897147796024,859,BBH,0.5,validation,discovery
0.9352050245171335,33532,1083,0.03229750685911965,24490,765,0.031237239689669252,1157,249,0.21521175453759722,860,BBH,0.5,validation,discovery
0.9224256078773652,33530,1296,0.03865195347450045,24486,958,0.039124397614963655,1153,277,0.24024284475281873,861,BBH,0.5,validation,discovery
0.9203826646554307,33534,1325,0.0395121369356474,24492,1027,0.04193205944798301,1157,249,0.21521175453759722,862,BBH,0.5,validation,discovery
0.9323212628108664,33530,1128,0.03364151506113928,24487,809,0.03303793849797852,1154,271,0.23483535528596186,863,BBH,0.5,validation,discovery
0.8701013715228737,33527,2172,0.06478360724192442,24484,1506,0.06150955726188531,1148,504,0.43902439024390244,864,BBH,0.5,validation,discovery
0.9273343299835147,33534,1215,0.036231884057971016,24493,879,0.035887804678887844,1156,395,0.3416955017301038,865,BBH,0.5,validation,discovery
0.9192056100749091,33531,1347,0.040171781336673526,24490,961,0.039240506329113925,1154,279,0.24176776429809357,866,BBH,0.5,validation,discovery
0.910773458133872,33535,1489,0.04440137170120769,24492,1095,0.04470847623713866,1156,271,0.23442906574394465,867,BBH,0.5,validation,discovery
0.9293034374227095,33542,1181,0.0352095879792499,24494,886,0.036172123785416836,1159,249,0.21484037963761865,868,BBH,0.5,validation,discovery
0.9373162084033275,33534,1046,0.031192222818631838,24488,795,0.03246488075792225,1155,284,0.24588744588744588,869,BBH,0.5,validation,discovery
0.8912788587094096,33533,1818,0.0542152506486148,24492,1340,0.05471174260983178,1155,422,0.36536796536796534,870,BBH,0.5,validation,discovery
0.9172769562079196,33533,1382,0.04121313333134524,24487,975,0.03981704577939315,1150,384,0.3339130434782609,871,BBH,0.5,validation,discovery
0.912971815362064,33535,1454,0.04335768599970181,24495,1050,0.04286589099816289,1158,287,0.24784110535405873,872,BBH,0.5,validation,discovery
0.9122968999437009,33531,1463,0.04363126658912648,24489,1027,0.04193719629221283,1157,285,0.24632670700086431,873,BBH,0.5,validation,discovery
0.9315569170339657,33538,1141,0.034021110382252966,24494,795,0.03245692822732098,1155,313,0.270995670995671,874,BBH,0.5,validation,discovery
0.9005703955634379,33536,1666,0.04967795801526718,24493,1137,0.04642142653002899,1157,272,0.23509075194468454,875,BBH,0.5,validation,discovery
0.9122917060819478,33526,1464,0.04366760126469009,24486,1037,0.042350731029976316,1157,236,0.20397579948141745,876,BBH,0.5,validation,discovery
0.9055713051160988,33522,1578,0.04707356362985502,24482,1136,0.04640143779103015,1155,205,0.1774891774891775,877,BBH,0.5,validation,discovery
0.8990049075786576,33542,1691,0.0504144058195695,24496,1230,0.050212279555845854,1158,355,0.3065630397236615,878,BBH,0.5,validation,discovery
0.9330105364822989,33536,1119,0.03336712786259542,24492,804,0.03282704556589907,1154,258,0.22357019064124783,879,BBH,0.5,validation,discovery
0.8924736195856802,33535,1795,0.05352616669151632,24496,1301,0.053110711952971915,1158,414,0.35751295336787564,880,BBH,0.5,validation,discovery
0.9347891005569301,33532,1090,0.03250626267446022,24487,746,0.030465144770694653,1154,328,0.28422876949740034,881,BBH,0.5,validation,discovery
0.9444898624097091,33533,924,0.027554945874213463,24490,654,0.02670477746018783,1153,309,0.26799653078924546,882,BBH,0.5,validation,discovery
0.9365911797329531,33537,1056,0.03148761069863136,24492,827,0.0337661277151723,1155,234,0.2025974025974026,883,BBH,0.5,validation,discovery
0.915845967584661,33529,1407,0.0419636732380924,24491,1027,0.04193377158956351,1154,353,0.30589254766031193,884,BBH,0.5,validation,discovery
0.9073273742312771,33537,1551,0.046247428213614813,24493,1088,0.04442085493814559,1157,414,0.35782195332757133,885,BBH,0.5,validation,discovery
0.9222085527466717,33533,1299,0.03873795962186503,24490,873,0.0356472029399755,1154,379,0.32842287694974004,886,BBH,0.5,validation,discovery
0.8969297491022854,33535,1726,0.05146861487997614,24490,1265,0.05165373621886484,1152,443,0.3845486111111111,887,BBH,0.5,validation,discovery
0.9270850525598198,33537,1217,0.036288278617646184,24493,947,0.038664108112521946,1157,258,0.222990492653414,888,BBH,0.5,validation,discovery
0.9137993419708459,33520,1436,0.042840095465393795,24483,1016,0.041498182412286075,1151,514,0.4465682015638575,889,BBH,0.5,validation,discovery
0.9260662690460613,33529,1233,0.03677413582272063,24488,857,0.03499673309376021,1153,396,0.3434518647007806,890,BBH,0.5,validation,discovery
0.8977718680988359,33532,1707,0.050906596683764765,24490,1197,0.04887709269089424,1152,472,0.4097222222222222,891,BBH,0.5,validation,discovery
0.8991117570703531,33534,1683,0.05018786902844874,24495,1211,0.04943866095121453,1156,344,0.2975778546712803,892,BBH,0.5,validation,discovery
0.9344523011189981,33537,1095,0.03265050541193309,24495,818,0.03339457032047356,1156,297,0.2569204152249135,893,BBH,0.5,validation,discovery
0.8894271654995606,33518,1843,0.05498538098931917,24481,1292,0.05277562191086965,1149,431,0.3751087902523934,894,BBH,0.5,validation,discovery
0.9060685200854665,33529,1567,0.04673566166602046,24493,1115,0.04552321071326502,1154,430,0.37261698440207974,895,BBH,0.5,validation,discovery
0.9373282804739296,33531,1042,0.0310757209746205,24487,761,0.03107771470576224,1154,220,0.19064124783362218,896,BBH,0.5,validation,discovery
0.9264938046166219,33526,1221,0.03641949531706735,24488,927,0.03785527605357726,1156,244,0.21107266435986158,897,BBH,0.5,validation,discovery
0.9112220827157351,33526,1480,0.04414484280856649,24488,1120,0.04573668735707285,1154,467,0.40467937608318894,898,BBH,0.5,validation,discovery
0.9121832645248701,33534,1469,0.043806286157332855,24488,1139,0.0465125775890232,1150,424,0.36869565217391304,899,BBH,0.5,validation,discovery
0.9201289638447884,33533,1333,0.039751886201652105,24490,962,0.039281339322172315,1152,381,0.3307291666666667,900,BBH,0.5,validation,discovery
0.9249212999268933,33530,1255,0.037429167909334926,24486,924,0.03773584905660377,1152,381,0.3307291666666667,901,BBH,0.5,validation,discovery
0.8778205425192872,33532,2039,0.06080758678277466,24487,1447,0.05909257973618655,1153,385,0.3339115351257589,902,BBH,0.5,validation,discovery
0.8534752578705533,33519,2449,0.07306303887347475,24483,1733,0.07078380917371237,1150,424,0.36869565217391304,903,BBH,0.5,validation,discovery
0.899873763526726,33537,1678,0.05003429048513582,24493,1161,0.04740129833013514,1157,439,0.3794295592048401,904,BBH,0.5,validation,discovery
0.8933155399538004,33532,1783,0.053173088393176665,24489,1276,0.0521050267467026,1154,379,0.32842287694974004,905,BBH,0.5,validation,discovery
0.9343573509003198,33531,1096,0.03268617100593481,24490,777,0.03172723560636995,1153,241,0.20901994796183868,906,BBH,0.5,validation,discovery
0.8715198890058145,33524,2145,0.06398401145448038,24486,1433,0.05852323776852079,1150,441,0.3834782608695652,907,BBH,0.5,validation,discovery
0.9281820707787428,33535,1200,0.035783509765916204,24496,936,0.03821032005225343,1158,216,0.18652849740932642,908,BBH,0.5,validation,discovery
0.8955139951720179,33532,1741,0.05192055350113325,24494,1307,0.05336000653221197,1158,366,0.3160621761658031,909,BBH,0.5,validation,discovery
0.8867697738044257,33535,1892,0.05641866706426122,24494,1330,0.0542990120029395,1155,457,0.3956709956709957,910,BBH,0.5,validation,discovery
0.9069114792194808,33535,1556,0.04639928432980468,24492,1120,0.04572921770374,1158,296,0.2556131260794473,911,BBH,0.5,validation,discovery
0.9319448594854757,33525,1135,0.033855331841909024,24487,804,0.03283374851962266,1154,292,0.2530329289428076,912,BBH,0.5,validation,discovery
0.9211230275788216,33532,1316,0.0392460932840272,24488,953,0.03891702058150931,1154,307,0.26603119584055457,913,BBH,0.5,validation,discovery
0.9142416179366504,33529,1435,0.04279877121297981,24489,1047,0.04275388950140879,1156,310,0.2681660899653979,914,BBH,0.5,validation,discovery
0.9153756177833403,33533,1412,0.04210777443115737,24493,1042,0.04254276732127547,1155,311,0.26926406926406926,915,BBH,0.5,validation,discovery
0.9297503312007519,33529,1170,0.03489516537922396,24488,832,0.03397582489382555,1153,228,0.19774501300954034,916,BBH,0.5,validation,discovery
0.9247590211847193,33529,1253,0.03737063437621164,24489,966,0.03944628200416513,1156,234,0.20242214532871972,917,BBH,0.5,validation,discovery
0.9383614647228236,33540,1030,0.030709600477042336,24493,741,0.030253541828277466,1157,230,0.19878997407087295,918,BBH,0.5,validation,discovery
0.9212465293358989,33536,1314,0.039181774809160304,24491,947,0.03866726552611163,1155,218,0.18874458874458874,919,BBH,0.5,validation,discovery
0.9231637751009025,33537,1279,0.038136983033664314,24493,892,0.036418568570612014,1158,365,0.31519861830742657,920,BBH,0.5,validation,discovery
0.881336815539116,33537,1988,0.05927781256522647,24491,1418,0.05789881997468458,1155,448,0.3878787878787879,921,BBH,0.5,validation,discovery
0.9179626804206616,33535,1371,0.040882659907559266,24492,988,0.040339702760084924,1158,235,0.20293609671848015,922,BBH,0.5,validation,discovery
0.9043623035730006,33539,1602,0.04776528817197889,24496,1183,0.04829359895493142,1156,348,0.30103806228373703,923,BBH,0.5,validation,discovery
0.9230563820893092,33534,1284,0.03828949722669529,24492,917,0.037440796994937124,1154,405,0.3509532062391681,924,BBH,0.5,validation,discovery
0.9176656051195546,33535,1373,0.04094229909050246,24493,986,0.04025639978769444,1159,262,0.22605694564279552,925,BBH,0.5,validation,discovery
0.8880042113826652,33527,1872,0.05583559519193486,24487,1372,0.05602973006084861,1158,374,0.3229706390328152,926,BBH,0.5,validation,discovery
0.9240230165632447,33535,1267,0.037781422394513195,24494,922,0.03764187147872949,1154,315,0.2729636048526863,927,BBH,0.5,validation,discovery
0.9254924357512873,33534,1245,0.03712649847915549,24491,970,0.039606386019354047,1154,227,0.19670710571923744,928,BBH,0.5,validation,discovery
0.9125016831282167,33539,1460,0.043531411192939566,24495,1120,0.04572361706470708,1156,243,0.2102076124567474,929,BBH,0.5,validation,discovery
0.9395060162060226,33541,1010,0.03011239974956024,24493,735,0.03000857387825093,1158,263,0.22711571675302245,930,BBH,0.5,validation,discovery
0.9166840787191394,33522,1385,0.04131615058767377,24478,1106,0.04518343001879239,1152,271,0.23524305555555555,931,BBH,0.5,validation,discovery
0.9241258690628604,33534,1269,0.03784219001610306,24490,943,0.03850551245406288,1154,342,0.29636048526863085,932,BBH,0.5,validation,discovery
0.9217172046648262,33532,1305,0.03891804843134916,24490,978,0.03993466721110658,1157,334,0.28867761452031115,933,BBH,0.5,validation,discovery
0.8887469742395306,33536,1860,0.055462786259541985,24492,1352,0.055201698513800426,1155,340,0.2943722943722944,934,BBH,0.5,validation,discovery
0.9306416365607578,33529,1158,0.03453726624712935,24485,796,0.03250969981621401,1155,302,0.26147186147186147,935,BBH,0.5,validation,discovery
0.9298415379484326,33531,1168,0.03483343771435388,24492,877,0.03580761064837498,1153,356,0.30875975715524717,936,BBH,0.5,validation,discovery
0.8863967452736866,33534,1899,0.05662909286097692,24494,1364,0.05568710704662366,1156,314,0.27162629757785467,937,BBH,0.5,validation,discovery
0.9348681941828227,33537,1084,0.03232250946715568,24492,772,0.03152049648864935,1157,250,0.21607605877268798,938,BBH,0.5,validation,discovery
0.9355931460570504,33534,1077,0.032116657720522454,24488,775,0.031648154197974517,1151,331,0.2875760208514335,939,BBH,0.5,validation,discovery
0.910217218340286,33530,1495,0.044586937071279455,24489,1088,0.04442811058026053,1149,461,0.4012184508268059,940,BBH,0.5,validation,discovery
0.9318063894522485,33535,1139,0.0339645146861488,24492,808,0.03299036420055528,1156,208,0.17993079584775087,941,BBH,0.5,validation,discovery
0.9281820707787428,33535,1198,0.035723870582973015,24493,925,0.03776589229575797,1155,256,0.22164502164502164,942,BBH,0.5,validation,discovery
0.9276038463291555,33536,1211,0.036110448473282444,24491,869,0.03548242211424605,1156,392,0.3391003460207612,943,BBH,0.5,validation,discovery
0.8898662011237951,33523,1837,0.05479819825194642,24484,1376,0.05619996732560039,1150,339,0.29478260869565215,944,BBH,0.5,validation,discovery
0.9422128971899871,33528,966,0.0288117394416607,24487,699,0.02854575897414955,1153,383,0.33217692974848223,945,BBH,0.5,validation,discovery
0.9265575737956881,33530,1225,0.03653444676409186,24489,890,0.036342847809220466,1156,334,0.2889273356401384,946,BBH,0.5,validation,discovery
0.9298180641220957,33537,1176,0.03506574827802129,24493,861,0.03515290082880823,1157,241,0.20829732065687123,947,BBH,0.5,validation,discovery
0.9163757818223882,33527,1394,0.04157842932561816,24487,1114,0.04549352717768612,1151,300,0.26064291920069504,948,BBH,0.5,validation,discovery
0.9031194618728784,33532,1617,0.04822259334367172,24492,1181,0.04821982688224726,1158,300,0.25906735751295334,949,BBH,0.5,validation,discovery
0.9188426608239292,33539,1354,0.040370911476191894,24493,1004,0.040991303637774056,1160,221,0.19051724137931034,950,BBH,0.5,validation,discovery
0.9204100150756158,33532,1331,0.03969342717404271,24493,1004,0.040991303637774056,1155,242,0.20952380952380953,951,BBH,0.5,validation,discovery
0.9344009365790018,33530,1091,0.03253802564867283,24489,784,0.032014373800481846,1156,295,0.25519031141868515,952,BBH,0.5,validation,discovery
0.9313904782767902,33535,1143,0.03408379305203519,24494,833,0.034008328570262106,1158,283,0.24438687392055267,953,BBH,0.5,validation,discovery
0.9242606768041304,33535,1267,0.037781422394513195,24492,887,0.03621590723501551,1156,282,0.24394463667820068,954,BBH,0.5,validation,discovery
0.915505551560398,33530,1410,0.042051893826424096,24486,1032,0.04214653271257045,1153,412,0.35732870771899394,955,BBH,0.5,validation,discovery
0.89647081731545,33536,1731,0.05161617366412214,24492,1245,0.05083292503674669,1156,331,0.28633217993079585,956,BBH,0.5,validation,discovery
0.928772003301933,33532,1188,0.0354288440892282,24494,850,0.034702376092104185,1154,399,0.34575389948006935,957,BBH,0.5,validation,discovery
0.9306851765672233,33528,1152,0.03435934144595562,24483,866,0.03537148225299187,1150,330,0.28695652173913044,958,BBH,0.5,validation,discovery
0.9219068440327007,33529,1303,0.038861880759939155,24485,1001,0.040882172758831936,1155,232,0.20086580086580086,959,BBH,0.5,validation,discovery
0.9104278400307364,33532,1493,0.04452463318621019,24493,1072,0.04376760707140816,1157,326,0.2817631806395851,960,BBH,0.5,validation,discovery
0.9094122835890105,33539,1516,0.04520110915650437,24496,1063,0.043394839973873285,1157,368,0.3180639585133967,961,BBH,0.5,validation,discovery
0.9296791776172895,33533,1170,0.03489100289267289,24491,837,0.034175819688865294,1156,238,0.20588235294117646,962,BBH,0.5,validation,discovery
0.9284908234452801,33532,1194,0.0356077776452344,24488,899,0.03671185886965044,1156,243,0.2102076124567474,963,BBH,0.5,validation,discovery
0.915985884875275,33534,1400,0.04174867298860858,24491,1141,0.04658854272998244,1155,272,0.2354978354978355,964,BBH,0.5,validation,discovery
0.9272676047137727,33541,1214,0.03619450821382785,24496,836,0.03412802090137165,1157,254,0.219533275713051,965,BBH,0.5,validation,discovery
0.9184813544802282,33534,1364,0.040675135683187216,24495,1030,0.04204939783629312,1154,420,0.36395147313691506,966,BBH,0.5,validation,discovery
0.9260546745068413,33532,1234,0.03680066801860909,24492,858,0.03503184713375796,1157,201,0.17372515125324114,967,BBH,0.5,validation,discovery
0.9143977768073777,33535,1431,0.042671835395855076,24496,1076,0.04392553886348791,1155,322,0.2787878787878788,968,BBH,0.5,validation,discovery
0.9338145886974302,33538,1106,0.032977518039239075,24495,795,0.032455603184323334,1159,263,0.2269197584124245,969,BBH,0.5,validation,discovery
0.9217125692783708,33528,1308,0.03901216893342878,24489,949,0.038752092776348564,1156,359,0.31055363321799306,970,BBH,0.5,validation,discovery
0.9264822115473972,33530,1225,0.03653444676409186,24487,890,0.03634581614734349,1156,205,0.1773356401384083,971,BBH,0.5,validation,discovery
0.8809234174693287,33530,1990,0.05934983596779004,24492,1432,0.05846807120692471,1158,339,0.2927461139896373,972,BBH,0.5,validation,discovery
0.9032871605459754,33535,1615,0.04815864022662889,24488,1195,0.048799411956876836,1153,342,0.2966175195143105,973,BBH,0.5,validation,discovery
0.841425050883797,33526,2651,0.07907295830102011,24484,1893,0.07731579807221042,1155,454,0.3930735930735931,974,BBH,0.5,validation,discovery
0.935145606808533,33532,1079,0.03217821782178218,24490,801,0.032707227439771336,1157,242,0.20916162489196197,975,BBH,0.5,validation,discovery
0.9174873599388904,33535,1378,0.041091397047860447,24491,1048,0.04279122943121963,1156,249,0.21539792387543252,976,BBH,0.5,validation,discovery
0.9263793153725385,33530,1227,0.0365940948404414,24490,849,0.034667211106574114,1157,272,0.23509075194468454,977,BBH,0.5,validation,discovery
0.9224302171680318,33532,1291,0.03850053680066802,24490,948,0.03870967741935484,1156,247,0.21366782006920415,978,BBH,0.5,validation,discovery
0.8922990553182255,33528,1804,0.05380577427821522,24486,1232,0.050314465408805034,1153,450,0.39028620988725066,979,BBH,0.5,validation,discovery
0.8740549509170455,33535,2108,0.06285969882212614,24494,1470,0.060014697476933124,1154,600,0.5199306759098787,980,BBH,0.5,validation,discovery
0.8880867815969589,33532,1868,0.05570798043659788,24488,1324,0.05406729826853969,1157,309,0.26707000864304237,981,BBH,0.5,validation,discovery
0.9182388473820289,33530,1363,0.04065016403220996,24488,1027,0.04193890885331591,1157,235,0.2031114952463267,982,BBH,0.5,validation,discovery
0.9176495312785771,33534,1374,0.0409733404902487,24487,987,0.04030710172744722,1157,262,0.226447709593777,983,BBH,0.5,validation,discovery
0.9126721312674991,33536,1462,0.0435949427480916,24493,1076,0.043930919038092514,1157,246,0.212618841832325,984,BBH,0.5,validation,discovery
0.9224142140144079,33531,1294,0.03859115445408726,24487,927,0.03785682198717687,1154,267,0.231369150779896,985,BBH,0.5,validation,discovery
0.9012507310174559,33534,1650,0.04920379316514582,24494,1246,0.050869600718543316,1158,333,0.28756476683937826,986,BBH,0.5,validation,discovery
0.8999539864379168,33531,1669,0.04977483522710328,24491,1178,0.04809930178432894,1155,333,0.2883116883116883,987,BBH,0.5,validation,discovery
0.9290573923297919,33534,1182,0.0352478081946681,24493,950,0.03878659208753522,1157,216,0.18668971477960242,988,BBH,0.5,validation,discovery
0.9361594878901738,33536,1064,0.03172709923664122,24493,757,0.030906789695014904,1157,197,0.17026793431287812,989,BBH,0.5,validation,discovery
0.8992721027660288,33522,1683,0.050205834974046896,24481,1260,0.051468485764470405,1150,315,0.27391304347826084,990,BBH,0.5,validation,discovery
0.8521984856022736,33532,2472,0.07372062507455565,24490,1713,0.06994691710902409,1152,496,0.4305555555555556,991,BBH,0.5,validation,discovery
0.9059770857165813,33536,1568,0.046755725190839696,24493,1130,0.04613563058833136,1157,308,0.2662057044079516,992,BBH,0.5,validation,discovery
0.8914771647452734,33527,1812,0.05404599278193695,24487,1287,0.052558500428798956,1153,283,0.24544666088464875,993,BBH,0.5,validation,discovery
0.887994334920939,33530,1870,0.05577095138681778,24491,1358,0.055448940427095667,1158,351,0.30310880829015546,994,BBH,0.5,validation,discovery
0.9085264733555214,33532,1527,0.04553859000357867,24485,1061,0.04333265264447621,1146,492,0.4293193717277487,995,BBH,0.5,validation,discovery
0.9307051465100471,33535,1156,0.03447144774116594,24492,842,0.034378572595133106,1157,290,0.25064822817631804,996,BBH,0.5,validation,discovery
0.906776413714138,33534,1555,0.04637084749806167,24491,1167,0.0476501572006043,1154,412,0.35701906412478335,997,BBH,0.5,validation,discovery
0.9072841880134765,33538,1554,0.04633550002981692,24493,1135,0.04633977054668681,1157,263,0.22731201382886776,998,BBH,0.5,validation,discovery
0.9262604764237717,33530,1227,0.0365940948404414,24487,979,0.03998039776207784,1159,160,0.13805004314063848,999,BBH,0.5,validation,discovery
0.9344839490802604,33539,1095,0.03264855839470467,24495,785,0.03204735660338845,1157,262,0.226447709593777,1000,BBH,0.5,validation,discovery
0.9267560987007701,33537,1224,0.03649700330977726,24491,901,0.036789024539626805,1156,230,0.19896193771626297,1001,BBH,0.5,validation,discovery
0.9417478716042823,33540,971,0.028950506857483602,24492,735,0.030009799118079373,1157,183,0.1581676750216076,1002,BBH,0.5,validation,discovery
0.9153706047259911,33529,1409,0.0420233230934415,24489,1024,0.041814692310833436,1156,240,0.20761245674740483,1003,BBH,0.5,validation,discovery
0.9244619193980507,33529,1257,0.037489934086909836,24492,910,0.037154989384288746,1155,201,0.17402597402597403,1004,BBH,0.5,validation,discovery
0.9032382972900794,33532,1616,0.04819277108433735,24493,1146,0.046788878455068794,1157,364,0.3146067415730337,1005,BBH,0.5,validation,discovery
0.8480482626471866,33536,2545,0.07588859732824428,24490,1757,0.0717435688035933,1151,505,0.43874891398783666,1006,BBH,0.5,validation,discovery
0.9064737770520546,33532,1562,0.04658236908028152,24492,1186,0.048423975175567534,1156,234,0.20242214532871972,1007,BBH,0.5,validation,discovery
0.9290021833095192,33538,1186,0.03536287196612797,24494,856,0.03494733404098963,1158,369,0.31865284974093266,1008,BBH,0.5,validation,discovery
0.890215847297267,33535,1834,0.054689130758908605,24492,1322,0.053976808753878815,1157,361,0.31201382886776147,1009,BBH,0.5,validation,discovery
0.9335730039958978,33534,1106,0.03298145166100078,24492,802,0.032745386248570964,1153,288,0.24978317432784042,1010,BBH,0.5,validation,discovery
0.9354939450834625,33539,1077,0.03211186976355884,24498,773,0.03155359621193567,1158,360,0.31088082901554404,1011,BBH,0.5,validation,discovery
0.926759042275099,33524,1219,0.0363620093067653,24482,871,0.035577158728862024,1155,262,0.22683982683982684,1012,BBH,0.5,validation,discovery
0.9187302613431315,33531,1354,0.04038054337776983,24486,1066,0.04353508127093033,1156,201,0.17387543252595156,1013,BBH,0.5,validation,discovery
0.9335056266941215,33541,1113,0.03318326823887183,24495,730,0.02980200040824658,1158,238,0.20552677029360966,1014,BBH,0.5,validation,discovery
0.9218246593350529,33535,1306,0.03894438646190547,24492,941,0.03842070880287441,1155,317,0.27445887445887446,1015,BBH,0.5,validation,discovery
0.9164290285993842,33533,1395,0.04160081114126383,24488,1016,0.04148970924534466,1154,351,0.304159445407279,1016,BBH,0.5,validation,discovery
0.9247749895641898,33530,1254,0.03739934387116015,24493,881,0.03596946066223002,1157,307,0.26534140017286084,1017,BBH,0.5,validation,discovery
0.9258010737283231,33531,1236,0.036861411827860784,24491,940,0.03838144624555959,1157,207,0.17891097666378566,1018,BBH,0.5,validation,discovery
0.9158892715571725,33530,1405,0.041902773635550256,24486,1011,0.041288899779465815,1153,224,0.194275802254987,1019,BBH,0.5,validation,discovery
0.9285820647859913,33534,1191,0.03551619252102344,24496,858,0.03502612671456564,1159,283,0.2441760138050043,1020,BBH,0.5,validation,discovery
0.9123505554414633,33537,1465,0.0436830962817187,24492,1079,0.0440552016985138,1157,263,0.22731201382886776,1021,BBH,0.5,validation,discovery
0.9343570872220814,33546,1103,0.0328802241697967,24501,796,0.03248846985837313,1160,299,0.25775862068965516,1022,BBH,0.5,validation,discovery
0.931691607189055,33539,1140,0.033990279972569246,24492,848,0.034623550547117424,1156,307,0.2655709342560554,1023,BBH,0.5,validation,discovery
0.922695307960775,33531,1294,0.03859115445408726,24488,872,0.035609278013721005,1156,245,0.21193771626297578,1024,BBH,0.5,validation,discovery
0.9047350384964082,33540,1593,0.047495527728085865,24497,1159,0.04731191574478508,1159,359,0.3097497842968076,1025,BBH,0.5,validation,discovery
0.8960753692001907,33532,1736,0.05177144220446141,24490,1244,0.05079624336463863,1153,421,0.36513443191673894,1026,BBH,0.5,validation,discovery
0.9257576088496583,33533,1237,0.036889034682253304,24490,882,0.03601469987750102,1153,373,0.32350390286209885,1027,BBH,0.5,validation,discovery
0.9349515368150416,33531,1084,0.0323282932211983,24492,781,0.031887963416625836,1158,202,0.17443868739205526,1028,BBH,0.5,validation,discovery
0.9018390724522435,33530,1637,0.04882195049209663,24489,1249,0.051002490914288046,1154,359,0.31109185441941073,1029,BBH,0.5,validation,discovery
0.9081699671039186,33532,1533,0.045717523559584874,24487,1150,0.04696369502184833,1152,375,0.3255208333333333,1030,BBH,0.5,validation,discovery
0.8912294505712555,33530,1818,0.054220101401729795,24488,1341,0.05476151584449526,1152,313,0.2717013888888889,1031,BBH,0.5,validation,discovery
0.9180445208060086,33529,1368,0.04080050105878493,24488,1013,0.0413672002613525,1156,318,0.2750865051903114,1032,BBH,0.5,validation,discovery
0.9196215402152145,33531,1338,0.03990337299812114,24489,972,0.03969128996692393,1154,290,0.2512998266897747,1033,BBH,0.5,validation,discovery
0.9050639853045258,33532,1584,0.0472384587856376,24492,1145,0.04674995917034134,1156,296,0.2560553633217993,1034,BBH,0.5,validation,discovery
0.9317746616953358,33534,1137,0.033905886562891396,24491,818,0.03340002449879548,1154,284,0.24610051993067592,1035,BBH,0.5,validation,discovery
0.8974789853358102,33527,1714,0.05112297551227369,24486,1330,0.05431675242995998,1153,307,0.2662619254119688,1036,BBH,0.5,validation,discovery
0.8983703619015125,33525,1696,0.05058911260253542,24482,1200,0.04901560330038396,1152,311,0.2699652777777778,1037,BBH,0.5,validation,discovery
0.9226130554185614,33536,1290,0.038466125954198474,24490,957,0.03907717435688036,1153,301,0.2610581092801388,1038,BBH,0.5,validation,discovery
0.876604534136201,33524,2060,0.06144851449707672,24484,1456,0.05946740728639111,1154,527,0.45667244367417675,1039,BBH,0.5,validation,discovery
0.9253939850514424,33539,1249,0.037240227794507884,24493,830,0.03388723308700445,1158,299,0.25820379965457685,1040,BBH,0.5,validation,discovery
0.940461730801376,33530,993,0.029615269907545483,24486,687,0.028056848811565793,1156,213,0.1842560553633218,1041,BBH,0.5,validation,discovery
0.9168981363186255,33539,1382,0.0412057604579743,24496,1034,0.04221097322011757,1159,251,0.21656600517687663,1042,BBH,0.5,validation,discovery
0.9328243412188701,33528,1118,0.03334526366022429,24489,782,0.03193270447956225,1155,167,0.1445887445887446,1043,BBH,0.5,validation,discovery
0.9168994326248388,33530,1385,0.041306292872054874,24485,1033,0.042189095364508884,1156,254,0.21972318339100347,1044,BBH,0.5,validation,discovery
0.9219982838741025,33531,1298,0.03871044704899943,24489,913,0.03728204499979583,1153,375,0.32523850823937556,1045,BBH,0.5,validation,discovery
0.9067871172539022,33531,1556,0.04640481942083445,24489,1103,0.0450406304871575,1154,397,0.3440207972270364,1046,BBH,0.5,validation,discovery
0.922926121921574,33537,1283,0.038256254286310645,24491,910,0.03715650647176514,1157,304,0.2627484874675886,1047,BBH,0.5,validation,discovery
0.9286934390623843,33541,1192,0.03553859455591664,24497,839,0.03424909172551741,1158,368,0.3177892918825561,1048,BBH,0.5,validation,discovery
0.9323252691934212,33534,1129,0.0336673227172422,24492,828,0.033806957373836356,1156,359,0.31055363321799306,1049,BBH,0.5,validation,discovery
0.9229924053326914,33530,1280,0.03817476886370415,24484,957,0.039086750530958995,1153,245,0.212489158716392,1050,BBH,0.5,validation,discovery
0.9271125996947576,33535,1215,0.03623080363799016,24489,896,0.036587855771979254,1156,323,0.27941176470588236,1051,BBH,0.5,validation,discovery
0.9270575078802458,33539,1216,0.036256298637407196,24496,872,0.03559764859568909,1157,430,0.3716508210890233,1052,BBH,0.5,validation,discovery
0.9147602841605184,33528,1422,0.04241231209735147,24487,1105,0.04512598521664557,1150,198,0.17217391304347826,1053,BBH,0.5,validation,discovery
0.92333057102091,33540,1282,0.03822301729278473,24495,958,0.03911002245356195,1157,364,0.3146067415730337,1054,BBH,0.5,validation,discovery
0.9395582658709568,33534,1008,0.030059044551798177,24490,682,0.027848101265822784,1155,182,0.15757575757575756,1055,BBH,0.5,validation,discovery
0.938401461136824,33535,1027,0.030624720441329953,24489,747,0.030503491363469314,1154,172,0.14904679376083188,1056,BBH,0.5,validation,discovery
0.9298415379484326,33531,1169,0.034863260863081925,24493,809,0.033029845261911564,1159,270,0.23295944779982744,1057,BBH,0.5,validation,discovery
0.929069096259294,33531,1184,0.03531060809400256,24485,825,0.03369409842760874,1152,231,0.20052083333333334,1058,BBH,0.5,validation,discovery
0.9326382002953479,33535,1124,0.03351722081407485,24493,837,0.034173029028702076,1155,305,0.26406926406926406,1059,BBH,0.5,validation,discovery
0.9180766568369373,33531,1368,0.04079806745996242,24491,972,0.03968804867094035,1154,335,0.2902946273830156,1060,BBH,0.5,validation,discovery
0.9208900442708564,33536,1324,0.03947996183206107,24490,996,0.04066966108615762,1156,294,0.25432525951557095,1061,BBH,0.5,validation,discovery
0.9334106828384282,33520,1102,0.032875894988066826,24484,818,0.03340957359908512,1153,232,0.20121422376409367,1062,BBH,0.5,validation,discovery
0.9303921901204951,33532,1162,0.034653465346534656,24490,829,0.033850551245406285,1155,221,0.19134199134199134,1063,BBH,0.5,validation,discovery
0.8950550633706503,33533,1752,0.052247040229028124,24487,1275,0.05206844448074489,1150,370,0.3217391304347826,1064,BBH,0.5,validation,discovery
0.905787676871666,33528,1572,0.046886184681460275,24488,1139,0.0465125775890232,1156,292,0.25259515570934254,1065,BBH,0.5,validation,discovery
0.9368483654426989,33542,1057,0.03151273030827023,24497,748,0.030534351145038167,1158,283,0.24438687392055267,1066,BBH,0.5,validation,discovery
0.8912724116449311,33529,1816,0.05416206865698351,24483,1406,0.057427602826451006,1152,275,0.2387152777777778,1067,BBH,0.5,validation,discovery
0.9242332144078799,33537,1266,0.03774935146256374,24495,896,0.036578893651765663,1157,283,0.2445980985306828,1068,BBH,0.5,validation,discovery
0.942247731670259,33535,961,0.028656627404204563,24489,740,0.030217648740250725,1156,143,0.12370242214532871,1069,BBH,0.5,validation,discovery
0.901795962773555,33531,1643,0.04899943336017417,24491,1127,0.04601690416887836,1156,327,0.2828719723183391,1070,BBH,0.5,validation,discovery
0.9074354732779553,33538,1544,0.04603733078895581,24494,1177,0.048052584306360745,1158,326,0.2815198618307427,1071,BBH,0.5,validation,discovery
0.9318657987556251,33535,1139,0.0339645146861488,24489,821,0.03352525623749439,1154,320,0.2772963604852686,1072,BBH,0.5,validation,discovery
0.9178229033650791,33530,1369,0.04082910826125857,24493,1083,0.04421671497979014,1158,257,0.2219343696027634,1073,BBH,0.5,validation,discovery
0.8654309022593363,33538,2255,0.06723716381418093,24493,1553,0.0634058710652023,1157,567,0.49006050129645634,1074,BBH,0.5,validation,discovery
0.9280663872739803,33524,1199,0.03576542178737621,24487,857,0.0349981622901948,1153,260,0.22549869904596703,1075,BBH,0.5,validation,discovery
0.9227981493927064,33529,1288,0.0384145068448209,24487,962,0.03928615183566791,1151,328,0.2849695916594266,1076,BBH,0.5,validation,discovery
0.912274988532331,33536,1465,0.04368439885496183,24490,1013,0.04136382196815026,1152,410,0.3559027777777778,1077,BBH,0.5,validation,discovery
0.9203505973670153,33532,1326,0.03954431587737087,24488,954,0.0389578569095067,1154,256,0.2218370883882149,1078,BBH,0.5,validation,discovery
0.913798518250939,33531,1434,0.04276639527601324,24493,1114,0.045482382721593925,1155,305,0.26406926406926406,1079,BBH,0.5,validation,discovery
0.9356405670156398,33537,1077,0.0321137847750246,24492,802,0.032745386248570964,1155,384,0.33246753246753247,1080,BBH,0.5,validation,discovery
0.9357234103302041,33546,1074,0.03201573958147022,24500,765,0.031224489795918367,1159,260,0.22433132010353754,1081,BBH,0.5,validation,discovery
0.8885720235684824,33529,1861,0.055504190402338276,24490,1355,0.05532870559412005,1157,335,0.2895419187554019,1082,BBH,0.5,validation,discovery
0.923316942767106,33528,1281,0.038206871868289194,24488,928,0.03789611238157465,1155,397,0.3437229437229437,1083,BBH,0.5,validation,discovery
0.9332165083380473,33534,1117,0.033309476948768416,24491,802,0.0327467232861051,1157,385,0.3327571305099395,1084,BBH,0.5,validation,discovery
0.8633865550294313,33528,2287,0.06821164399904557,24484,1594,0.0651037412187551,1154,475,0.41161178509532065,1085,BBH,0.5,validation,discovery
0.9136253810244993,33535,1438,0.04288057253615626,24494,1127,0.04601126806564873,1154,217,0.18804159445407279,1086,BBH,0.5,validation,discovery
0.8574867665016785,33520,2384,0.0711217183770883,24483,1630,0.06657680839766368,1154,333,0.2885615251299827,1087,BBH,0.5,validation,discovery
0.9037567762921376,33531,1605,0.047866153708508545,24491,1148,0.04687436201053448,1155,320,0.27705627705627706,1088,BBH,0.5,validation,discovery
0.9149375558418217,33539,1423,0.04242821789558424,24496,1096,0.04474199869366427,1158,413,0.35664939550949915,1089,BBH,0.5,validation,discovery
0.8894468357826963,33528,1845,0.055028632784538296,24488,1347,0.05500653381247958,1156,389,0.3365051903114187,1090,BBH,0.5,validation,discovery
0.9176173698129331,33534,1377,0.04106280193236715,24492,1067,0.043565245794545154,1154,338,0.292894280762565,1091,BBH,0.5,validation,discovery
0.9306733982290434,33532,1157,0.034504354049862816,24492,857,0.03499101747509391,1158,243,0.20984455958549222,1092,BBH,0.5,validation,discovery
0.9172944239024605,33523,1379,0.041135936521194405,24484,1008,0.04116974350596308,1157,224,0.19360414866032843,1093,BBH,0.5,validation,discovery
0.9068358296571131,33534,1557,0.046430488459473965,24494,1071,0.04372499387605128,1158,369,0.31865284974093266,1094,BBH,0.5,validation,discovery
0.9197130460644116,33533,1341,0.039990457161602,24494,943,0.03849922429982853,1158,239,0.20639032815198619,1095,BBH,0.5,validation,discovery
0.9190208980605186,33538,1350,0.040252847516250224,24493,1032,0.04213448740456457,1158,313,0.270293609671848,1096,BBH,0.5,validation,discovery
0.92250103946317,33529,1289,0.038444331772495455,24486,983,0.040145389201992975,1151,221,0.19200695047784536,1097,BBH,0.5,validation,discovery
0.9109949456653684,33534,1487,0.04434305481004354,24493,1043,0.04258359531294656,1158,247,0.21329879101899826,1098,BBH,0.5,validation,discovery
0.9248210469541117,33520,1251,0.03732100238663485,24484,948,0.03871916353537004,1150,320,0.2782608695652174,1099,BBH,0.5,validation,discovery
0.9053717054124701,33530,1577,0.0470325082016105,24486,1168,0.047700726946009964,1148,328,0.2857142857142857,1100,BBH,0.5,validation,discovery
0.9069384285242702,33533,1555,0.04637223034026183,24492,1066,0.0435244161358811,1154,332,0.2876949740034662,1101,BBH,0.5,validation,discovery
0.9285025036967438,33529,1193,0.03558113871573861,24488,853,0.03483338778177066,1150,320,0.2782608695652174,1102,BBH,0.5,validation,discovery
0.937613288118203,33534,1042,0.03107294089580724,24495,758,0.03094509083486426,1156,324,0.28027681660899656,1103,BBH,0.5,validation,discovery
0.8982041551363595,33533,1704,0.050815614469328724,24492,1187,0.04846480483423159,1158,435,0.3756476683937824,1104,BBH,0.5,validation,discovery
0.9199459722406877,33529,1336,0.03984610337319932,24490,1049,0.04283380971825235,1158,296,0.2556131260794473,1105,BBH,0.5,validation,discovery
0.9263402039118793,33535,1232,0.036737736693007304,24489,882,0.03601617052554208,1152,308,0.2673611111111111,1106,BBH,0.5,validation,discovery
0.903848753584329,33533,1604,0.04783347746995497,24492,1247,0.0509145843540748,1158,278,0.24006908462867013,1107,BBH,0.5,validation,discovery
0.9268546711676046,33530,1219,0.036355502535043244,24488,904,0.03691604050963737,1154,218,0.18890814558058924,1108,BBH,0.5,validation,discovery
0.9159747615762168,33537,1399,0.04171512061305424,24491,1079,0.04405700053080724,1156,362,0.31314878892733566,1109,BBH,0.5,validation,discovery
0.9099578356095552,33538,1504,0.04484465382551136,24494,1067,0.043561688576794315,1158,296,0.2556131260794473,1110,BBH,0.5,validation,discovery
0.9116214325797533,33536,1477,0.04404222328244275,24493,1043,0.04258359531294656,1155,473,0.4095238095238095,1111,BBH,0.5,validation,discovery
0.9018833274383377,33540,1641,0.04892665474060823,24495,1175,0.047968973259848946,1158,288,0.24870466321243523,1112,BBH,0.5,validation,discovery
0.8610682129197027,33540,2328,0.06940966010733453,24493,1663,0.06789695014902217,1154,496,0.42980935875216636,1113,BBH,0.5,validation,discovery
0.9057440058196623,33518,1571,0.046870338325675755,24484,1081,0.044151282470184613,1151,316,0.2745438748913988,1114,BBH,0.5,validation,discovery
0.9300121943168586,33538,1163,0.034677082712147415,24497,895,0.03653508592888925,1157,337,0.2912705272255834,1115,BBH,0.5,validation,discovery
0.9421500583982917,33524,962,0.02869585968261544,24484,655,0.026752164678974025,1153,159,0.13790112749349523,1116,BBH,0.5,validation,discovery
0.9284833845906485,33539,1198,0.035719610006261365,24492,843,0.03441940225379716,1157,245,0.21175453759723423,1117,BBH,0.5,validation,discovery
0.9267517572860441,33533,1224,0.03650135687233472,24490,905,0.03695385871784402,1155,304,0.2632034632034632,1118,BBH,0.5,validation,discovery
0.9259227163253513,33520,1232,0.03675417661097852,24485,909,0.03712477026751072,1156,416,0.35986159169550175,1119,BBH,0.5,validation,discovery
0.9028923296859096,33529,1617,0.04822690804974798,24488,1164,0.04753348578895786,1152,410,0.3559027777777778,1120,BBH,0.5,validation,discovery
0.9242332144078799,33537,1268,0.0378089870888869,24492,891,0.03637922586967173,1157,357,0.30855661192739847,1121,BBH,0.5,validation,discovery
0.9193196703895351,33527,1344,0.04008709398395323,24487,959,0.03916363784865439,1149,323,0.28111401218450827,1122,BBH,0.5,validation,discovery
0.9221605326913255,33530,1296,0.03865195347450045,24485,957,0.039085154176026135,1148,279,0.24303135888501742,1123,BBH,0.5,validation,discovery
0.8971449339759643,33531,1715,0.051146700068593245,24489,1204,0.049164931193597126,1154,390,0.3379549393414211,1124,BBH,0.5,validation,discovery
0.9300792123143214,33531,1168,0.03483343771435388,24490,827,0.033768885259289505,1156,337,0.291522491349481,1125,BBH,0.5,validation,discovery
0.9233763640074295,33528,1278,0.03811739441660701,24489,904,0.036914533055657645,1153,435,0.37727666955767564,1126,BBH,0.5,validation,discovery
0.9043509622068596,33531,1598,0.047657391667412244,24492,1150,0.046954107463661604,1154,379,0.32842287694974004,1127,BBH,0.5,validation,discovery
0.927151768539521,33530,1217,0.03629585445869371,24488,900,0.03675269519764783,1151,265,0.23023457862728064,1128,BBH,0.5,validation,discovery
0.9120946500256321,33524,1463,0.04364037704331225,24487,1113,0.04545268918201495,1150,288,0.25043478260869567,1129,BBH,0.5,validation,discovery
0.9262054270669882,33534,1231,0.036709011749269396,24492,909,0.03711415972562469,1156,299,0.2586505190311419,1130,BBH,0.5,validation,discovery
0.901910123347946,33538,1634,0.04872085395670583,24491,1204,0.049160916254950796,1158,334,0.28842832469775476,1131,BBH,0.5,validation,discovery
0.9115676865685494,33531,1478,0.04407861382004712,24489,1129,0.046102331659112254,1154,227,0.19670710571923744,1132,BBH,0.5,validation,discovery
0.9234563060878018,33533,1278,0.03811171085199654,24486,1005,0.04104386179857878,1151,246,0.21372719374456994,1133,BBH,0.5,validation,discovery
0.9150674548751634,33536,1420,0.0423425572519084,24494,1084,0.0442557360986364,1156,240,0.20761245674740483,1134,BBH,0.5,validation,discovery
0.926351785935663,33532,1230,0.03668137898127162,24490,904,0.03691302572478563,1156,302,0.26124567474048443,1135,BBH,0.5,validation,discovery
0.9103845923663778,33535,1500,0.044729387207395256,24490,1039,0.04242547978766844,1156,426,0.3685121107266436,1136,BBH,0.5,validation,discovery
0.9345514297225281,33532,1092,0.03256590719312895,24490,822,0.03356472029399755,1155,207,0.17922077922077922,1137,BBH,0.5,validation,discovery
0.9314853371560053,33526,1144,0.0341227703871622,24487,833,0.03401805039408666,1154,206,0.17850953206239167,1138,BBH,0.5,validation,discovery
0.9299444838355352,33530,1167,0.03480465254995527,24487,827,0.033773022420059626,1151,418,0.3631624674196351,1139,BBH,0.5,validation,discovery
0.9072407505361431,33526,1544,0.04605380898407206,24489,1161,0.047409040793825796,1154,367,0.31802426343154244,1140,BBH,0.5,validation,discovery
0.8933117590673785,33539,1781,0.053102358448373535,24495,1287,0.05254133496631966,1155,471,0.4077922077922078,1141,BBH,0.5,validation,discovery
0.9115567764941456,33532,1477,0.044047477036860315,24489,1090,0.04450977990118012,1154,327,0.2833622183708839,1142,BBH,0.5,validation,discovery
0.8958766755403792,33536,1743,0.05197399809160305,24491,1250,0.05103915724143563,1154,422,0.36568457538994803,1143,BBH,0.5,validation,discovery
0.9227592909729215,33536,1289,0.0384363072519084,24490,984,0.040179665169456924,1155,251,0.21731601731601732,1144,BBH,0.5,validation,discovery
0.9160886196925575,33533,1400,0.04174991799123252,24492,1081,0.04413686101584191,1159,220,0.1898188093183779,1145,BBH,0.5,validation,discovery
0.9091639116530086,33522,1514,0.04516436966768093,24483,1073,0.04382632847281787,1150,276,0.24,1146,BBH,0.5,validation,discovery
0.9291327117422853,33535,1183,0.03527657671089906,24488,904,0.03691604050963737,1156,260,0.22491349480968859,1147,BBH,0.5,validation,discovery
0.9141278644422103,33533,1433,0.04273402320102585,24487,994,0.040592967697145425,1155,341,0.29523809523809524,1148,BBH,0.5,validation,discovery
0.9297862774047206,33535,1173,0.034978380796183095,24494,849,0.03466154976728995,1157,260,0.2247191011235955,1149,BBH,0.5,validation,discovery
0.9149163979017236,33534,1415,0.04219598019920081,24492,1030,0.04205454842397518,1155,341,0.29523809523809524,1150,BBH,0.5,validation,discovery
0.92088534983572,33532,1320,0.03936538232136467,24494,1006,0.04107128276312566,1157,235,0.2031114952463267,1151,BBH,0.5,validation,discovery
0.9003699165782222,33531,1659,0.04947660373982285,24490,1275,0.052062066149448756,1157,384,0.33189282627484873,1152,BBH,0.5,validation,discovery
0.9282892343631619,33538,1198,0.035720675055161306,24492,904,0.03691001143230443,1156,227,0.19636678200692043,1153,BBH,0.5,validation,discovery
0.8984788643118722,33528,1692,0.050465282748747314,24492,1262,0.051527029234035605,1157,318,0.2748487467588591,1154,BBH,0.5,validation,discovery
0.9175467749991119,33535,1371,0.040882659907559266,24494,936,0.03821344002612885,1155,328,0.283982683982684,1155,BBH,0.5,validation,discovery
0.9247909437968834,33533,1255,0.03742581934214058,24490,933,0.03809718252347897,1154,385,0.33362218370883884,1156,BBH,0.5,validation,discovery
0.9363339609805423,33532,1063,0.03170106167243231,24493,757,0.030906789695014904,1155,284,0.24588744588744588,1157,BBH,0.5,validation,discovery
0.8481247837279818,33537,2547,0.0759459701225512,24493,1807,0.07377618094965908,1154,575,0.4982668977469671,1158,BBH,0.5,validation,discovery
0.8900870533208558,33538,1842,0.05492277416661697,24498,1259,0.05139195036329496,1159,377,0.3252804141501294,1159,BBH,0.5,validation,discovery
0.9048644802926209,33537,1592,0.047469958553239704,24491,1082,0.04417949450818668,1157,370,0.3197925669835782,1160,BBH,0.5,validation,discovery
0.9061929249451471,33533,1567,0.04673008678018668,24490,1222,0.04989791751735402,1154,255,0.22097053726169844,1161,BBH,0.5,validation,discovery
0.9253416848894549,33533,1243,0.03706796290221573,24489,919,0.03752705296255462,1151,199,0.17289313640312773,1162,BBH,0.5,validation,discovery
0.940072185799525,33543,1001,0.029842291983424262,24497,720,0.029391354043352247,1158,298,0.25734024179620035,1163,BBH,0.5,validation,discovery
0.9160019834333555,33535,1400,0.04174742806023558,24493,1061,0.04331849916302617,1155,298,0.258008658008658,1164,BBH,0.5,validation,discovery
0.915738240454379,33526,1405,0.041907773071645886,24488,1055,0.043082326037242734,1155,255,0.22077922077922077,1165,BBH,0.5,validation,discovery
0.85685005697964,33540,2395,0.071407274895647,24495,1638,0.06687078995713411,1156,563,0.4870242214532872,1166,BBH,0.5,validation,discovery
0.90649519479244,33524,1560,0.046533826512349365,24486,1092,0.044596912521440824,1156,304,0.2629757785467128,1167,BBH,0.5,validation,discovery
0.9304039551314229,33529,1158,0.03453726624712935,24486,844,0.03446867597810994,1155,261,0.22597402597402597,1168,BBH,0.5,validation,discovery
0.9288707248734712,33526,1183,0.03528604665036091,24488,828,0.033812479581836,1152,334,0.2899305555555556,1169,BBH,0.5,validation,discovery
0.937447117656874,33531,1041,0.031045897825892458,24488,686,0.028013721006207123,1155,202,0.1748917748917749,1170,BBH,0.5,validation,discovery
0.9106278442168362,33529,1490,0.04443914223508008,24487,1085,0.044309225303222115,1150,355,0.30869565217391304,1171,BBH,0.5,validation,discovery
0.9045560996912537,33529,1593,0.04751110978555877,24492,1133,0.046260003266372696,1157,269,0.23249783923941228,1172,BBH,0.5,validation,discovery
0.9211617562134686,33527,1315,0.03922211948578758,24488,912,0.037242731133616466,1156,398,0.34429065743944637,1173,BBH,0.5,validation,discovery
0.9193469949052983,33525,1345,0.0401193139448173,24489,967,0.039487116664624934,1155,274,0.23722943722943723,1174,BBH,0.5,validation,discovery
0.9263677182863983,33535,1231,0.03670791710153571,24493,965,0.03939901196260156,1156,252,0.2179930795847751,1175,BBH,0.5,validation,discovery
0.9448652973659666,33538,922,0.027491204007394597,24495,678,0.02767911818738518,1158,263,0.22711571675302245,1176,BBH,0.5,validation,discovery
0.915738240454379,33526,1404,0.04187794547515361,24485,1081,0.0441494792730243,1152,351,0.3046875,1177,BBH,0.5,validation,discovery
0.9006565604592918,33536,1658,0.04943940839694656,24489,1235,0.050430805667850874,1151,400,0.3475238922675934,1178,BBH,0.5,validation,discovery
0.9102010336379572,33529,1497,0.04464791672880193,24489,1111,0.045367307770835884,1155,256,0.22164502164502164,1179,BBH,0.5,validation,discovery
0.8993063515111415,33535,1684,0.05021619203816908,24490,1248,0.05095957533687219,1155,432,0.37402597402597404,1180,BBH,0.5,validation,discovery
0.9221491359209035,33533,1300,0.038767780991858763,24487,949,0.03875525789194267,1150,378,0.32869565217391306,1181,BBH,0.5,validation,discovery
0.9332165083380473,33534,1109,0.03307091310311922,24491,864,0.035278265485280305,1158,256,0.22107081174438686,1182,BBH,0.5,validation,discovery
0.9209220952508044,33538,1321,0.039388156717752996,24495,1009,0.04119208001632986,1157,299,0.25842696629213485,1183,BBH,0.5,validation,discovery
0.9278892692946474,33539,1206,0.03595813828677063,24495,889,0.036293121045111246,1157,357,0.30855661192739847,1184,BBH,0.5,validation,discovery
0.9357795985582315,33527,1069,0.031884749604796134,24486,762,0.031119823572653763,1151,311,0.2701998262380539,1185,BBH,0.5,validation,discovery
0.9250241770835818,33529,1251,0.03731098452086254,24490,920,0.037566353613719884,1153,281,0.24371205550737207,1186,BBH,0.5,validation,discovery
0.9165528093128402,33536,1396,0.04162690839694656,24492,1037,0.04234035603462355,1158,376,0.32469775474956825,1187,BBH,0.5,validation,discovery
0.903573670889446,33538,1612,0.04806488162681138,24496,1150,0.046946440235140434,1157,420,0.3630077787381158,1188,BBH,0.5,validation,discovery
0.9185359447539453,33530,1356,0.04044139576498658,24487,1025,0.04185894556295177,1156,270,0.23356401384083045,1189,BBH,0.5,validation,discovery
0.9372215130028111,33528,1043,0.03110832736816989,24488,753,0.030749754982032015,1151,225,0.19548218940052128,1190,BBH,0.5,validation,discovery
0.9259358619754597,33532,1239,0.03694977931528093,24495,943,0.038497652582159626,1156,349,0.30190311418685123,1191,BBH,0.5,validation,discovery
0.8888064475855652,33518,1852,0.055253893430395606,24481,1319,0.05387851803439402,1153,369,0.32003469210754554,1192,BBH,0.5,validation,discovery
0.9423351495491902,33532,961,0.02865919122032685,24490,678,0.02768476929358922,1156,162,0.14013840830449828,1193,BBH,0.5,validation,discovery
0.9207137443644685,33525,1317,0.0392841163310962,24487,1023,0.041777269571609425,1151,271,0.23544743701129453,1194,BBH,0.5,validation,discovery
0.8543461654629362,33536,2438,0.0726979961832061,24494,1742,0.07111945782640647,1158,432,0.37305699481865284,1195,BBH,0.5,validation,discovery
0.8935595226176034,33537,1783,0.053165160867102004,24489,1254,0.05120666421658704,1155,362,0.31341991341991343,1196,BBH,0.5,validation,discovery
0.9141872812679784,33533,1435,0.04279366594101333,24493,1069,0.043645123096394886,1157,412,0.3560933448573898,1197,BBH,0.5,validation,discovery
0.925579355723857,33533,1242,0.03703814153222199,24493,920,0.037561752337402526,1158,242,0.20898100172711573,1198,BBH,0.5,validation,discovery
0.9308557484887059,33536,1156,0.034470419847328244,24492,834,0.034051935325820674,1157,375,0.324114088159032,1199,BBH,0.5,validation,discovery
0.8973129027498381,33533,1714,0.051113828169266094,24489,1210,0.049409939156355914,1155,480,0.4155844155844156,1200,BBH,0.5,validation,discovery
0.9386075966586671,33533,1026,0.03059672561357469,24493,713,0.029110358061486954,1157,322,0.2783059636992221,1201,BBH,0.5,validation,discovery
0.9209881678190751,33531,1318,0.039306910023560286,24489,934,0.03813957286945159,1153,479,0.41543798785776237,1202,BBH,0.5,validation,discovery
0.9291762242157421,33534,1179,0.03515834675254965,24496,880,0.035924232527759635,1159,210,0.181190681622088,1203,BBH,0.5,validation,discovery
0.9372883572628082,33536,1050,0.031309637404580155,24493,780,0.031845833503449966,1156,253,0.21885813148788927,1204,BBH,0.5,validation,discovery
0.9245143090987878,33536,1261,0.03760138358778626,24492,943,0.03850236812020252,1158,208,0.17962003454231434,1205,BBH,0.5,validation,discovery
0.931457652691429,33528,1137,0.03391195418754474,24491,847,0.03458413294679678,1156,287,0.24826989619377163,1206,BBH,0.5,validation,discovery
0.8900111565846003,33537,1841,0.0548945940304738,24492,1372,0.056018291687081494,1157,418,0.3612791702679343,1207,BBH,0.5,validation,discovery
0.9294097085660856,33530,1176,0.03507306889352818,24489,865,0.035321981297725506,1154,244,0.21143847487001732,1208,BBH,0.5,validation,discovery
0.9040270040616333,33533,1604,0.04783347746995497,24491,1144,0.04671103670736189,1155,392,0.3393939393939394,1209,BBH,0.5,validation,discovery
0.9269373165931283,33524,1216,0.03627252117885694,24487,900,0.03675419610405521,1155,318,0.2753246753246753,1210,BBH,0.5,validation,discovery
0.9257966818349789,33527,1236,0.03686580964595699,24488,905,0.03695687683763476,1154,283,0.24523396880415946,1211,BBH,0.5,validation,discovery
0.9329431836995172,33528,1114,0.03322596039131472,24486,818,0.033406844727599444,1150,355,0.30869565217391304,1212,BBH,0.5,validation,discovery
0.925472065472724,33529,1243,0.037072385099466136,24486,845,0.03450951564159111,1154,255,0.22097053726169844,1213,BBH,0.5,validation,discovery
0.9371741617640398,33526,1044,0.031140010737934737,24483,781,0.03189968549605849,1153,183,0.15871639202081528,1214,BBH,0.5,validation,discovery
0.9021256656370541,33533,1635,0.04875793993976083,24489,1097,0.04479562252439871,1153,397,0.3443191673894189,1215,BBH,0.5,validation,discovery
0.9032440239857815,33538,1621,0.04833323394358638,24495,1143,0.04666258420085732,1156,419,0.3624567474048443,1216,BBH,0.5,validation,discovery
0.931457652691429,33528,1143,0.03409090909090909,24489,808,0.032994405651517004,1151,310,0.2693310165073849,1217,BBH,0.5,validation,discovery
0.9225056368755122,33533,1290,0.03846956729192139,24487,1013,0.0413688896148977,1155,226,0.19567099567099566,1218,BBH,0.5,validation,discovery
0.9133825881106337,33531,1445,0.04309444991202171,24488,990,0.04042796471741261,1153,319,0.2766695576756288,1219,BBH,0.5,validation,discovery
0.9012331785559694,33522,1647,0.049131913370323965,24487,1202,0.049087270796749294,1157,271,0.23422644770959378,1220,BBH,0.5,validation,discovery
0.9364445295570645,33539,1060,0.03160499716747667,24491,807,0.03295087991507084,1154,275,0.23830155979202772,1221,BBH,0.5,validation,discovery
0.8922725370765353,33530,1798,0.053623620638234414,24488,1377,0.056231623652401176,1153,374,0.32437120555073723,1222,BBH,0.5,validation,discovery
0.9372920730760471,33540,1048,0.031246273106738224,24495,737,0.030087773014901,1159,214,0.18464193270060397,1223,BBH,0.5,validation,discovery
0.9270488641492394,33531,1216,0.03626494885329993,24490,930,0.0379746835443038,1155,251,0.21731601731601732,1224,BBH,0.5,validation,discovery
0.9261735328098616,33532,1233,0.03677084575927472,24490,868,0.035443037974683546,1152,381,0.3307291666666667,1225,BBH,0.5,validation,discovery
0.9238836974484406,33530,1267,0.037787056367432154,24490,927,0.03785218456512862,1158,168,0.14507772020725387,1226,BBH,0.5,validation,discovery
0.9071813275297218,33526,1549,0.04620294696653344,24488,1132,0.04622672329304149,1153,325,0.2818733738074588,1227,BBH,0.5,validation,discovery
0.871702718740424,33540,2146,0.06398330351818723,24496,1483,0.06054049640757675,1158,450,0.38860103626943004,1228,BBH,0.5,validation,discovery
0.9085480330499991,33515,1522,0.04541250186483664,24476,1118,0.0456773982676908,1154,313,0.27123050259965337,1229,BBH,0.5,validation,discovery
0.9149113568165652,33530,1419,0.042320310169997016,24489,1082,0.04418310261750173,1155,351,0.3038961038961039,1230,BBH,0.5,validation,discovery
0.9007382002673933,33539,1660,0.04949461820567101,24493,1151,0.046993018413424244,1160,392,0.33793103448275863,1231,BBH,0.5,validation,discovery
0.895497592077502,33532,1741,0.05192055350113325,24486,1341,0.054765988728252876,1154,329,0.2850953206239168,1232,BBH,0.5,validation,discovery
0.922782135313012,33530,1290,0.038473009245451835,24487,988,0.04034793972311839,1154,286,0.24783362218370883,1233,BBH,0.5,validation,discovery
0.9173142989057891,33520,1377,0.0410799522673031,24482,1060,0.043297116248672496,1153,256,0.2220294882914137,1234,BBH,0.5,validation,discovery
0.9217285829606995,33529,1306,0.03895135554296281,24489,923,0.03769039160439381,1151,337,0.29278887923544744,1235,BBH,0.5,validation,discovery
0.9238722238681785,33533,1270,0.03787313989204664,24489,883,0.03605700518600188,1155,270,0.23376623376623376,1236,BBH,0.5,validation,discovery
0.9241852735867041,33536,1266,0.037750477099236644,24493,954,0.038949904054219574,1155,279,0.24155844155844156,1237,BBH,0.5,validation,discovery
0.9231821084074603,33527,1280,0.03817818474662212,24489,931,0.03801706888807219,1154,236,0.2045060658578856,1238,BBH,0.5,validation,discovery
0.8990670982078877,33525,1684,0.05023117076808352,24483,1221,0.04987133929665482,1149,285,0.24804177545691905,1239,BBH,0.5,validation,discovery
0.879197936925161,33537,2015,0.0600828935205892,24495,1450,0.05919575423555828,1157,431,0.37251512532411407,1240,BBH,0.5,validation,discovery
0.9412533840274513,33535,984,0.02934247800805129,24491,751,0.030664325670654528,1156,221,0.19117647058823528,1241,BBH,0.5,validation,discovery
0.8967515039216211,33536,1729,0.051556536259541985,24491,1193,0.048711771671226166,1158,335,0.28929188255613125,1242,BBH,0.5,validation,discovery
0.9141762422125573,33536,1432,0.04270038167938931,24491,1026,0.04189294026377036,1154,283,0.24523396880415946,1243,BBH,0.5,validation,discovery
0.9251634317636536,33532,1248,0.03721817964929023,24496,963,0.03931254082299151,1157,283,0.2445980985306828,1244,BBH,0.5,validation,discovery
0.9039032894378042,33540,1602,0.04776386404293381,24495,1167,0.047642375995101044,1159,328,0.2830025884383089,1245,BBH,0.5,validation,discovery
0.9346544438576806,33531,1084,0.0323282932211983,24492,776,0.03168381512330557,1157,239,0.2065687121866897,1246,BBH,0.5,validation,discovery
0.8967064929946967,33525,1724,0.05142431021625653,24484,1149,0.04692860643685672,1152,487,0.4227430555555556,1247,BBH,0.5,validation,discovery
0.8538538304417688,33535,2446,0.07293872073952587,24487,1658,0.06770939682280394,1156,500,0.43252595155709345,1248,BBH,0.5,validation,discovery
0.9209948393254864,33524,1317,0.03928528815177187,24486,925,0.037776688720084946,1158,169,0.1459412780656304,1249,BBH,0.5,validation,discovery
0.927832957031694,33528,1198,0.03573132903841565,24488,900,0.03675269519764783,1153,188,0.16305290546400694,1250,BBH,0.5,validation,discovery
0.9190980184779943,33528,1345,0.04011572417084228,24488,918,0.037487749101600784,1155,257,0.22251082251082252,1251,BBH,0.5,validation,discovery
0.8287806750283372,33535,2869,0.08555240793201133,24492,2061,0.0841499265066144,1157,547,0.4727744165946413,1252,BBH,0.5,validation,discovery
0.9251448156794082,33542,1251,0.037296523761254544,24500,952,0.038857142857142854,1159,316,0.272648835202761,1253,BBH,0.5,validation,discovery
0.940437308670683,33536,995,0.029669608778625955,24493,723,0.029518637978197853,1158,216,0.18652849740932642,1254,BBH,0.5,validation,discovery
0.9133393077521595,33532,1453,0.0433317428128355,24489,957,0.03907877006002695,1157,392,0.3388072601555748,1255,BBH,0.5,validation,discovery
0.8983333234636299,33531,1699,0.05066952968894456,24486,1231,0.05027362574532386,1151,412,0.3579496090356212,1256,BBH,0.5,validation,discovery
0.905750610521239,33544,1579,0.047072501788695445,24498,1071,0.04371785451873622,1158,445,0.3842832469775475,1257,BBH,0.5,validation,discovery
0.9076891405372944,33530,1538,0.04586937071279451,24488,1178,0.04810519438092127,1156,298,0.2577854671280277,1258,BBH,0.5,validation,discovery
0.8984728504811234,33524,1693,0.050501133516286836,24490,1212,0.04948958758677011,1154,353,0.30589254766031193,1259,BBH,0.5,validation,discovery
0.8929160576429988,33533,1789,0.05335043091879641,24488,1297,0.05296471741261026,1151,366,0.317984361424848,1260,BBH,0.5,validation,discovery
0.9114999654937519,33535,1478,0.044073356195020126,24495,1089,0.04445805266380894,1157,226,0.19533275713050993,1261,BBH,0.5,validation,discovery
0.9380523138128476,33543,1038,0.030945353725069315,24497,755,0.03082010042045965,1157,371,0.320656871218669,1262,BBH,0.5,validation,discovery
0.9191509816250898,33535,1351,0.04028626807812733,24489,941,0.03842541549267018,1154,406,0.35181975736568455,1263,BBH,0.5,validation,discovery
0.8944343165729864,33535,1766,0.05266139853884002,24493,1320,0.0538929490058384,1158,343,0.29620034542314333,1264,BBH,0.5,validation,discovery
0.9280865456302833,33531,1197,0.03569830902746712,24488,914,0.03732440378961124,1153,198,0.1717259323503903,1265,BBH,0.5,validation,discovery
0.9007368714441661,33528,1658,0.049451204963015985,24489,1174,0.04793989137980318,1156,387,0.33477508650519033,1266,BBH,0.5,validation,discovery
0.929433157045538,33524,1178,0.035139004892017656,24482,876,0.035781390409280286,1156,177,0.15311418685121106,1267,BBH,0.5,validation,discovery
0.9327688852920859,33534,1120,0.03339893839088686,24489,870,0.0355261546000245,1154,316,0.2738301559792028,1268,BBH,0.5,validation,discovery
0.9108437639909397,33532,1487,0.04434569963020398,24491,1139,0.046506880078396144,1158,244,0.21070811744386875,1269,BBH,0.5,validation,discovery
0.892371239067462,33536,1800,0.05367366412213741,24491,1295,0.05287656690212731,1153,478,0.41457068516912404,1270,BBH,0.5,validation,discovery
0.9257141454669896,33533,1237,0.036889034682253304,24491,929,0.037932301661834956,1153,283,0.24544666088464875,1271,BBH,0.5,validation,discovery
0.9249097948562401,33531,1248,0.037219289612597295,24493,896,0.03658188053729637,1157,344,0.29732065687121867,1272,BBH,0.5,validation,discovery
0.9488116797866415,33532,854,0.025468209471549565,24490,588,0.024009799918334015,1155,170,0.1471861471861472,1273,BBH,0.5,validation,discovery
0.9285778359247198,33530,1193,0.035580077542499255,24490,842,0.03438138015516538,1155,344,0.29783549783549784,1274,BBH,0.5,validation,discovery
0.9356999803104719,33537,1075,0.03205414914870144,24491,758,0.030950144951206567,1155,232,0.20086580086580086,1275,BBH,0.5,validation,discovery
0.9065225107438936,33533,1563,0.04661080130021173,24487,1152,0.04704537101319067,1154,270,0.2339688041594454,1276,BBH,0.5,validation,discovery
0.887769969245195,33538,1878,0.05599618343371698,24494,1360,0.0555238017473667,1156,386,0.33391003460207613,1277,BBH,0.5,validation,discovery
0.9136473990403505,33531,1444,0.043064626763293666,24488,1112,0.04540999673309376,1155,246,0.21298701298701297,1278,BBH,0.5,validation,discovery
0.903427097750357,33531,1612,0.048074915749604846,24488,1203,0.04912610258085593,1154,306,0.2651646447140381,1279,BBH,0.5,validation,discovery
0.9255997201890177,33537,1240,0.036974088320362586,24496,857,0.034985303723056825,1157,303,0.26188418323249785,1280,BBH,0.5,validation,discovery
0.9128904416986053,33541,1461,0.04355862973674011,24496,1024,0.041802743305029394,1157,463,0.40017286084701814,1281,BBH,0.5,validation,discovery
0.9374591979641053,33528,1042,0.031078501550942494,24492,748,0.03054058468071207,1153,273,0.2367736339982654,1282,BBH,0.5,validation,discovery
0.915994496647321,33532,1405,0.041900274364785876,24492,1017,0.04152376286134248,1158,234,0.20207253886010362,1283,BBH,0.5,validation,discovery
0.9323648112865596,33531,1131,0.0337299812114163,24488,843,0.0344250245017968,1155,269,0.2329004329004329,1284,BBH,0.5,validation,discovery
0.9127341551211784,33535,1457,0.0434471447741166,24493,1129,0.04609480259666027,1155,320,0.27705627705627706,1285,BBH,0.5,validation,discovery
0.9022281962438713,33532,1631,0.04864010497435286,24493,1199,0.04895276201363655,1158,394,0.34024179620034545,1286,BBH,0.5,validation,discovery
0.9289778665554135,33529,1184,0.035312714366667664,24488,870,0.035527605357726234,1154,297,0.25736568457538994,1287,BBH,0.5,validation,discovery
0.888463080507034,33526,1862,0.055538984668615406,24485,1334,0.05448233612415765,1149,418,0.3637946040034813,1288,BBH,0.5,validation,discovery
0.9268184670477754,33524,1217,0.03630235055482639,24483,870,0.03553486092390638,1154,278,0.24090121317157712,1289,BBH,0.5,validation,discovery
0.9078783393968077,33536,1539,0.04589098282442748,24493,1079,0.044053403013105785,1155,381,0.32987012987012987,1290,BBH,0.5,validation,discovery
0.8914406644351693,33530,1813,0.05407098121085595,24488,1344,0.05488402482848742,1152,386,0.3350694444444444,1291,BBH,0.5,validation,discovery
0.9303804222592663,33535,1158,0.03453108692410914,24490,822,0.03356472029399755,1154,269,0.23310225303292895,1292,BBH,0.5,validation,discovery
0.90444292184201,33533,1599,0.04768437061998628,24489,1160,0.047368206133366,1155,377,0.3264069264069264,1293,BBH,0.5,validation,discovery
0.9088073429306948,33533,1522,0.04538812513046849,24491,1144,0.04671103670736189,1156,268,0.23183391003460208,1294,BBH,0.5,validation,discovery
0.9350425871125813,33533,1085,0.032356186443205204,24490,807,0.03295222539812168,1155,227,0.19653679653679654,1295,BBH,0.5,validation,discovery
0.9092016920904238,33528,1511,0.04506680983058936,24492,1112,0.04540258043442757,1155,399,0.34545454545454546,1296,BBH,0.5,validation,discovery
0.9171049517909582,33528,1381,0.041189453591028394,24490,1047,0.04275214373213557,1153,306,0.2653946227233304,1297,BBH,0.5,validation,discovery
0.9267822638409347,33518,1220,0.03639835312369473,24482,877,0.03582223674536394,1156,404,0.3494809688581315,1298,BBH,0.5,validation,discovery
0.9389168244674105,33530,1018,0.030360870861914704,24490,699,0.028542262147815436,1155,215,0.18614718614718614,1299,BBH,0.5,validation,discovery
0.9174181624422489,33527,1381,0.04119068213678528,24487,1039,0.042430677502348184,1155,241,0.20865800865800865,1300,BBH,0.5,validation,discovery
0.9222725756784211,33537,1299,0.038733339296895965,24496,951,0.038822664924885696,1158,277,0.2392055267702936,1301,BBH,0.5,validation,discovery
0.9263720930218349,33537,1231,0.03670572800190834,24490,928,0.03789301755818702,1153,350,0.30355594102341715,1302,BBH,0.5,validation,discovery
0.9245417806636861,33534,1262,0.037633446651160016,24493,920,0.037561752337402526,1158,436,0.3765112262521589,1303,BBH,0.5,validation,discovery
0.8875685433238697,33533,1882,0.056123818328214,24490,1385,0.05655369538587179,1156,299,0.2586505190311419,1304,BBH,0.5,validation,discovery
0.8989558543793897,33539,1686,0.0502698351173261,24497,1261,0.05147569090092664,1157,320,0.27657735522904064,1305,BBH,0.5,validation,discovery
0.9177893092626273,33539,1375,0.0409970482125287,24498,998,0.04073801943015756,1158,453,0.3911917098445596,1306,BBH,0.5,validation,discovery
0.8606440682786859,33536,2332,0.06953721374045801,24492,1629,0.06651151396374326,1159,428,0.36928386540120794,1307,BBH,0.5,validation,discovery
0.9212739038000568,33534,1318,0.03930339357070436,24495,965,0.03939579506021637,1154,395,0.34228769497400346,1308,BBH,0.5,validation,discovery
0.9315369943922633,33533,1142,0.03405600453284824,24495,833,0.034006940191875897,1155,370,0.3203463203463203,1309,BBH,0.5,validation,discovery
0.8884333954906248,33535,1868,0.055702996868942894,24495,1306,0.053317003470095936,1156,358,0.3096885813148789,1310,BBH,0.5,validation,discovery
0.9241648176113821,33530,1264,0.03769758425290785,24484,952,0.038882535533409576,1154,317,0.27469670710571925,1311,BBH,0.5,validation,discovery
0.9185247095490495,33533,1358,0.04049742045149554,24488,985,0.040223783077425676,1155,294,0.2545454545454545,1312,BBH,0.5,validation,discovery
0.9368604102642653,33539,1057,0.031515549062285694,24494,760,0.03102800685882257,1159,234,0.20189818809318377,1313,BBH,0.5,validation,discovery
0.9284038169570661,33534,1195,0.035635474443848035,24490,922,0.03764801959983667,1152,306,0.265625,1314,BBH,0.5,validation,discovery
0.9390514196266234,33531,1014,0.030240672810235306,24487,745,0.03042430677502348,1155,277,0.23982683982683983,1315,BBH,0.5,validation,discovery
0.8873706061073667,33539,1884,0.05617341005993023,24493,1287,0.05254562528069244,1155,349,0.3021645021645022,1316,BBH,0.5,validation,discovery
0.9364527963977434,33532,1057,0.0315221281164261,24491,793,0.03237924135396676,1157,186,0.16076058772687987,1317,BBH,0.5,validation,discovery
0.9416570271073593,33538,975,0.029071500983958495,24494,714,0.02914999591736752,1157,195,0.16853932584269662,1318,BBH,0.5,validation,discovery
0.9203921022732451,33542,1329,0.039621966489774015,24497,979,0.039964077233947015,1157,371,0.320656871218669,1319,BBH,0.5,validation,discovery
0.9372567924603525,33534,1047,0.031222043299337986,24495,718,0.02931210451112472,1155,294,0.2545454545454545,1320,BBH,0.5,validation,discovery
0.9336562385833994,33528,1108,0.03304700548795037,24485,842,0.034388401061874616,1156,259,0.22404844290657439,1321,BBH,0.5,validation,discovery
0.9303382978698265,33528,1157,0.03450847053209258,24487,933,0.0381018499612039,1156,175,0.1513840830449827,1322,BBH,0.5,validation,discovery
0.8941903830651136,33532,1767,0.05269593224382679,24490,1252,0.05112290730910576,1157,387,0.334485738980121,1323,BBH,0.5,validation,discovery
0.895130888891023,33534,1752,0.05224548219717302,24491,1276,0.05210077171205749,1155,413,0.3575757575757576,1324,BBH,0.5,validation,discovery
0.9228141322478407,33532,1288,0.03841107002266492,24492,931,0.03801241221623387,1154,208,0.18024263431542462,1325,BBH,0.5,validation,discovery
0.9098606870380903,33532,1507,0.04494214481689133,24488,1116,0.04557334204508331,1154,277,0.24003466204506066,1326,BBH,0.5,validation,discovery
0.9096986354393575,33531,1509,0.04500313143061645,24490,1060,0.04328297264189465,1153,354,0.3070251517779705,1327,BBH,0.5,validation,discovery
0.9310299097778766,33531,1147,0.03420715159106499,24491,862,0.03519660283369401,1158,240,0.20725388601036268,1328,BBH,0.5,validation,discovery
0.9346583123428757,33535,1091,0.032533174295512154,24492,858,0.03503184713375796,1155,261,0.22597402597402597,1329,BBH,0.5,validation,discovery
0.8737319091742781,33537,2112,0.06297522139726272,24494,1528,0.06238262431615906,1157,394,0.34053586862575624,1330,BBH,0.5,validation,discovery
0.9256547286412216,33533,1241,0.037008320162228256,24490,926,0.03781135157207023,1154,210,0.18197573656845753,1331,BBH,0.5,validation,discovery
0.9264749769565211,33536,1231,0.03670682251908397,24493,864,0.0352753848038215,1156,369,0.31920415224913495,1332,BBH,0.5,validation,discovery
0.9144249485710507,33533,1427,0.04255509498106343,24493,1080,0.04409423100477688,1158,217,0.18739205526770294,1333,BBH,0.5,validation,discovery
0.9257416551368509,33531,1242,0.03704035072022904,24486,899,0.03671485746957445,1152,456,0.3958333333333333,1334,BBH,0.5,validation,discovery
0.9102819543496676,33534,1499,0.044700900578517326,24492,1120,0.04572921770374,1159,268,0.23123382226056946,1335,BBH,0.5,validation,discovery
0.9051502880841349,33531,1587,0.047329337031403775,24485,1104,0.0450888298958546,1154,422,0.36568457538994803,1336,BBH,0.5,validation,discovery
0.9273227057391482,33537,1216,0.036258460804484596,24491,865,0.03531909681107345,1156,329,0.28460207612456745,1337,BBH,0.5,validation,discovery
0.8888922148786399,33534,1858,0.05540645315202481,24489,1357,0.05541263424394626,1152,334,0.2899305555555556,1338,BBH,0.5,validation,discovery
0.9354781362389303,33538,1076,0.03208301031665573,24493,817,0.033356469195280285,1154,218,0.18890814558058924,1339,BBH,0.5,validation,discovery
0.9108005221991966,33533,1489,0.04440401992067516,24489,1127,0.04602066233819266,1151,319,0.27715030408340574,1340,BBH,0.5,validation,discovery
0.9171532154460028,33529,1378,0.04109875033553043,24487,1044,0.042634867480704046,1158,240,0.20725388601036268,1341,BBH,0.5,validation,discovery
0.9192233470671072,33523,1342,0.04003221668705068,24484,1050,0.04288514948537821,1154,284,0.24610051993067592,1342,BBH,0.5,validation,discovery
0.9210315626780431,33530,1313,0.039158962123471516,24491,982,0.04009636192887183,1154,291,0.25216637781629114,1343,BBH,0.5,validation,discovery
0.8009210030800661,33532,3332,0.09936776810211141,24493,2389,0.0975380721022333,1159,528,0.455565142364107,1344,BBH,0.5,validation,discovery
0.929116808272767,33534,1184,0.035307449156080396,24494,869,0.03547807626357475,1155,401,0.3471861471861472,1345,BBH,0.5,validation,discovery
0.9205769430704033,33535,1325,0.03951095869986581,24492,999,0.040788829005389514,1155,316,0.2735930735930736,1346,BBH,0.5,validation,discovery
0.8340587559802655,33533,2778,0.0828437658426028,24491,1919,0.07835531419705198,1155,548,0.47445887445887447,1347,BBH,0.5,validation,discovery
0.932899594493594,33531,1121,0.03343174972413587,24494,836,0.03413080754470483,1155,339,0.2935064935064935,1348,BBH,0.5,validation,discovery
0.9254764781639173,33533,1234,0.03679957057227209,24492,936,0.03821656050955414,1154,321,0.2781629116117851,1349,BBH,0.5,validation,discovery
0.8319864963898468,33528,2811,0.083840372226199,24488,1957,0.07991669389088533,1154,493,0.427209705372617,1350,BBH,0.5,validation,discovery
0.9302139369946938,33532,1165,0.03474293212453775,24489,804,0.03283106700967781,1157,234,0.20224719101123595,1351,BBH,0.5,validation,discovery
0.9053874137983109,33521,1577,0.04704513588496763,24481,1256,0.051305093746170496,1149,261,0.22715404699738903,1352,BBH,0.5,validation,discovery
0.9219982838741025,33531,1302,0.03882973964391161,24493,904,0.036908504470665085,1158,310,0.26770293609671847,1353,BBH,0.5,validation,discovery
0.8875453560923435,33528,1880,0.05607253638749702,24488,1306,0.05333224436458674,1154,385,0.33362218370883884,1354,BBH,0.5,validation,discovery
0.9208693306361307,33531,1318,0.039306910023560286,24489,926,0.03781289558577321,1154,375,0.32495667244367415,1355,BBH,0.5,validation,discovery
0.9322658532504461,33534,1136,0.03387606608218525,24491,848,0.03462496427258993,1153,320,0.2775368603642671,1356,BBH,0.5,validation,discovery
0.9271328524316708,33540,1218,0.03631484794275492,24497,952,0.0388619014573213,1159,243,0.20966350301984468,1357,BBH,0.5,validation,discovery
0.9198318797159478,33533,1337,0.03987117168162706,24491,953,0.038912253480870525,1158,279,0.24093264248704663,1358,BBH,0.5,validation,discovery
0.9172881357918965,33530,1380,0.041157172681181034,24485,1035,0.04227077802736369,1154,263,0.22790294627383015,1359,BBH,0.5,validation,discovery
0.9203826646554307,33534,1330,0.039661239339178145,24491,1030,0.04205626556694296,1157,296,0.25583405358686256,1360,BBH,0.5,validation,discovery
0.9181087917686729,33533,1368,0.04079563415143292,24491,1065,0.04348536196970316,1157,323,0.2791702679343129,1361,BBH,0.5,validation,discovery
0.8948009826688123,33532,1764,0.05260646546582369,24492,1225,0.05001633186346562,1154,472,0.4090121317157712,1362,BBH,0.5,validation,discovery
0.9164017964761004,33534,1393,0.04153992962366553,24492,1025,0.041850400130654906,1157,379,0.32757130509939497,1363,BBH,0.5,validation,discovery
0.9340880172861137,33529,1097,0.03271794565898178,24489,772,0.03152435787496427,1152,247,0.2144097222222222,1364,BBH,0.5,validation,discovery
0.9022981109799507,33531,1629,0.04858190927798157,24490,1256,0.051286239281339324,1154,416,0.36048526863084923,1365,BBH,0.5,validation,discovery
0.8960979382591857,33535,1741,0.0519159087520501,24493,1244,0.050790021638835586,1157,433,0.3742437337942956,1366,BBH,0.5,validation,discovery
0.9405876036878235,33538,992,0.029578388693422386,24492,706,0.028825739016821818,1154,245,0.2123050259965338,1367,BBH,0.5,validation,discovery
0.9030811400866569,33526,1618,0.04826105112450039,24487,1151,0.0470045330175195,1155,369,0.3194805194805195,1368,BBH,0.5,validation,discovery
0.9094716951186107,33539,1514,0.04514147708637705,24495,1092,0.0445805266380894,1155,362,0.31341991341991343,1369,BBH,0.5,validation,discovery
0.9163968436761473,33530,1395,0.04160453325380256,24487,1019,0.041613917588924736,1153,438,0.3798785776235906,1370,BBH,0.5,validation,discovery
0.9254489780085583,33535,1250,0.03727448933949605,24492,879,0.03588926996570309,1159,317,0.27351164797238997,1371,BBH,0.5,validation,discovery
0.9279168386874691,33537,1205,0.03593046485970719,24492,873,0.03564429201371876,1155,311,0.26926406926406926,1372,BBH,0.5,validation,discovery
0.9274445727193616,33526,1209,0.03606156415916006,24487,875,0.0357332462122759,1154,192,0.1663778162911612,1373,BBH,0.5,validation,discovery
0.9016607885613319,33532,1645,0.049057616605034,24488,1203,0.04912610258085593,1149,473,0.4116623150565709,1374,BBH,0.5,validation,discovery
0.934270168377596,33534,1096,0.032683246853939286,24488,783,0.03197484482195361,1156,143,0.12370242214532871,1375,BBH,0.5,validation,discovery
0.9011913150744808,33534,1651,0.04923361364585197,24494,1180,0.04817506328080346,1157,369,0.31892826274848746,1376,BBH,0.5,validation,discovery
0.924818441542053,33529,1252,0.037340809448537085,24483,952,0.038884123677653884,1153,232,0.20121422376409367,1377,BBH,0.5,validation,discovery
0.917541875746047,33533,1379,0.04112366922136403,24489,1020,0.041651353668994244,1154,312,0.2703639514731369,1378,BBH,0.5,validation,discovery
0.9239041864428019,33535,1273,0.037960339943342775,24495,906,0.03698714023270055,1160,243,0.20948275862068966,1379,BBH,0.5,validation,discovery
0.9049557795071365,33529,1590,0.04742163500253512,24491,1088,0.04442448246294557,1153,402,0.34865568083261056,1380,BBH,0.5,validation,discovery
0.9219367360488616,33542,1307,0.038966072386858265,24495,899,0.03670136762604613,1157,293,0.25324114088159033,1381,BBH,0.5,validation,discovery
0.9076484622481772,33525,1538,0.04587621178225205,24484,1204,0.04917497140990034,1151,325,0.28236316246741966,1382,BBH,0.5,validation,discovery
0.9090180174261537,33533,1519,0.04529866102048728,24488,1091,0.04455243384514864,1155,310,0.2683982683982684,1383,BBH,0.5,validation,discovery
0.8978028087793712,33523,1704,0.05083077290218656,24486,1255,0.05125377766887201,1153,376,0.3261058109280139,1384,BBH,0.5,validation,discovery
0.8907970511802418,33527,1822,0.05434425985026993,24481,1360,0.055553286221968055,1155,315,0.2727272727272727,1385,BBH,0.5,validation,discovery
0.9034596697784382,33533,1609,0.04798258431992366,24490,1171,0.04781543487137607,1156,362,0.31314878892733566,1386,BBH,0.5,validation,discovery
0.9278892692946474,33539,1202,0.035838874146515994,24493,885,0.036132772628914386,1156,216,0.18685121107266436,1387,BBH,0.5,validation,discovery
0.9289661651140838,33532,1185,0.0353393773112251,24493,810,0.03307067325358266,1158,344,0.2970639032815199,1388,BBH,0.5,validation,discovery
0.9147492157144943,33531,1422,0.04240851749127673,24489,1027,0.04193719629221283,1157,308,0.2662057044079516,1389,BBH,0.5,validation,discovery
0.9082888025211194,33532,1530,0.04562805678158177,24493,1139,0.046503082513371166,1158,293,0.25302245250431776,1390,BBH,0.5,validation,discovery
0.8893643656468143,33523,1847,0.055096500909823105,24479,1301,0.05314759589852527,1153,525,0.45533391153512576,1391,BBH,0.5,validation,discovery
0.9297544896192205,33533,1174,0.03501028837264784,24489,867,0.03540365061864511,1155,208,0.1800865800865801,1392,BBH,0.5,validation,discovery
0.8725117822904914,33528,2132,0.06358864232879981,24488,1548,0.06321463573995427,1155,412,0.3567099567099567,1393,BBH,0.5,validation,discovery
0.9371890353895287,33541,1054,0.031424227065382664,24495,729,0.029761175750153093,1159,235,0.20276100086281276,1394,BBH,0.5,validation,discovery
0.9226244705270484,33533,1292,0.038529210031908866,24491,908,0.037074843820178845,1154,339,0.2937608318890815,1395,BBH,0.5,validation,discovery
0.9151167954466042,33530,1417,0.04226066209364748,24490,1033,0.04218048182931809,1151,318,0.27628149435273675,1396,BBH,0.5,validation,discovery
0.8735369447977203,33536,2114,0.06303673664122138,24493,1518,0.061976891356714164,1157,463,0.40017286084701814,1397,BBH,0.5,validation,discovery
0.9399426984987064,33531,1003,0.029912618174226836,24491,687,0.02805112081989302,1155,172,0.14891774891774892,1398,BBH,0.5,validation,discovery
0.898825033199945,33531,1691,0.050430944499120216,24487,1199,0.04896475680973578,1153,390,0.3382480485689506,1399,BBH,0.5,validation,discovery
0.9154239302457444,33538,1415,0.04219094758184746,24492,1061,0.043320267842560836,1154,345,0.2989601386481802,1400,BBH,0.5,validation,discovery
0.8581996741709214,33532,2371,0.07070857688178456,24488,1632,0.06664488729173473,1155,506,0.4380952380952381,1401,BBH,0.5,validation,discovery
0.9214909015313646,33529,1307,0.03898118047063736,24489,936,0.03822124219037119,1157,325,0.2808988764044944,1402,BBH,0.5,validation,discovery
0.9209013825797736,33533,1324,0.039483493871708464,24494,947,0.03866252959908549,1158,391,0.3376511226252159,1403,BBH,0.5,validation,discovery
0.8932826539485471,33532,1786,0.05326255517117977,24491,1274,0.05201910906047119,1153,444,0.38508239375542064,1404,BBH,0.5,validation,discovery
0.845187195987418,33532,2589,0.0772098294166766,24493,1846,0.07536847262483158,1154,539,0.46707105719237435,1405,BBH,0.5,validation,discovery
0.9374387458414126,33538,1044,0.031128868745900172,24493,780,0.031845833503449966,1153,343,0.2974848222029488,1406,BBH,0.5,validation,discovery
0.9078243921426514,33540,1539,0.04588550983899821,24496,1117,0.04559928151534944,1156,459,0.39705882352941174,1407,BBH,0.5,validation,discovery
0.9334819109677197,33532,1110,0.03310270786114756,24491,822,0.03356334980196807,1153,374,0.32437120555073723,1408,BBH,0.5,validation,discovery
0.9243041168917858,33534,1265,0.03772290809327846,24492,946,0.038624857096194676,1155,272,0.2354978354978355,1409,BBH,0.5,validation,discovery
0.9260112173365094,33535,1236,0.036857015058893695,24493,955,0.03899073204589066,1155,284,0.24588744588744588,1410,BBH,0.5,validation,discovery
0.9234837486609073,33531,1273,0.03796486833079837,24488,904,0.03691604050963737,1153,232,0.20121422376409367,1411,BBH,0.5,validation,discovery
0.9216624285784483,33536,1305,0.038913406488549615,24493,924,0.03772506430408688,1156,225,0.19463667820069205,1412,BBH,0.5,validation,discovery
0.9059283424862126,33533,1573,0.04690901500014911,24491,1198,0.04891592830019191,1156,321,0.27768166089965396,1413,BBH,0.5,validation,discovery
0.9035631086681042,33542,1615,0.04814858982767873,24495,1136,0.0463768115942029,1157,393,0.33967156439066554,1414,BBH,0.5,validation,discovery
0.9303410273720002,33540,1164,0.034704830053667264,24494,889,0.03629460275985956,1158,354,0.30569948186528495,1415,BBH,0.5,validation,discovery
0.9057770012068989,33531,1576,0.047001282395395305,24493,1129,0.04609480259666027,1156,434,0.3754325259515571,1416,BBH,0.5,validation,discovery
0.9093042796569775,33536,1515,0.04517533396946565,24497,1016,0.04147446626117484,1159,299,0.25798101811906815,1417,BBH,0.5,validation,discovery
0.9162235486471753,33534,1396,0.04162939106578398,24490,1053,0.042997141690485914,1156,278,0.24048442906574394,1418,BBH,0.5,validation,discovery
0.9214955386379162,33535,1314,0.039182943193678245,24492,931,0.03801241221623387,1153,416,0.36079791847354725,1419,BBH,0.5,validation,discovery
0.9116813131560395,33525,1468,0.04378821774794929,24490,1093,0.04463046141282156,1155,340,0.2943722943722944,1420,BBH,0.5,validation,discovery
0.9215275840339459,33535,1309,0.03903384523632026,24493,921,0.03760258032907361,1154,263,0.22790294627383015,1421,BBH,0.5,validation,discovery
0.935608953306418,33535,1073,0.03199642164902341,24492,827,0.0337661277151723,1157,209,0.18063958513396716,1422,BBH,0.5,validation,discovery
0.911070533434979,33535,1484,0.04425227374384971,24494,1124,0.04588878909120601,1157,257,0.22212618841832324,1423,BBH,0.5,validation,discovery
0.9243156015989581,33531,1262,0.0376368136947899,24491,919,0.037523988403903474,1155,254,0.21991341991341992,1424,BBH,0.5,validation,discovery
0.9149758138446987,33534,1417,0.042255621160613106,24489,1044,0.0426313855200294,1156,259,0.22404844290657439,1425,BBH,0.5,validation,discovery
0.9278733474777869,33538,1202,0.03583994275150575,24494,891,0.03637625540948804,1156,356,0.3079584775086505,1426,BBH,0.5,validation,discovery
0.9306380806072158,33540,1161,0.03461538461538462,24498,820,0.033472120173075354,1157,311,0.26879861711322384,1427,BBH,0.5,validation,discovery
0.9211230275788216,33532,1311,0.03909698198735536,24493,1058,0.0431960151880129,1155,311,0.26926406926406926,1428,BBH,0.5,validation,discovery
0.9180011694844957,33531,1364,0.040678774865050255,24495,1017,0.04151867728107777,1158,237,0.20466321243523317,1429,BBH,0.5,validation,discovery
0.9321588630158484,33531,1133,0.033789627508872384,24492,809,0.033031193859219335,1153,335,0.29054640069384213,1430,BBH,0.5,validation,discovery
0.9230129605394808,33535,1285,0.03831817504100194,24490,944,0.03854634544712127,1155,269,0.2329004329004329,1431,BBH,0.5,validation,discovery
0.9045935829004275,33526,1588,0.04736622322973215,24482,1227,0.050118454374642595,1151,365,0.317115551694179,1432,BBH,0.5,validation,discovery
0.9169959559058513,33534,1385,0.04130136577801634,24494,1027,0.04192863558422471,1156,356,0.3079584775086505,1433,BBH,0.5,validation,discovery
0.9137442111449421,33535,1440,0.042940211719099446,24490,1106,0.04516129032258064,1155,323,0.27965367965367965,1434,BBH,0.5,validation,discovery
0.9287327157017898,33536,1192,0.03554389312977099,24495,877,0.035803225147989386,1158,313,0.270293609671848,1435,BBH,0.5,validation,discovery
0.9145700346750135,33542,1431,0.04266293005783794,24495,1032,0.042131047152480096,1156,408,0.35294117647058826,1436,BBH,0.5,validation,discovery
0.9139657315212624,33536,1439,0.042909112595419845,24489,996,0.040671321817959086,1156,276,0.23875432525951557,1437,BBH,0.5,validation,discovery
0.9188651546520036,33532,1353,0.040349516879398785,24490,977,0.03989383421804818,1156,318,0.2750865051903114,1438,BBH,0.5,validation,discovery
0.9248069255120508,33532,1250,0.03727782416795897,24488,880,0.0359359686377001,1153,341,0.29575021682567215,1439,BBH,0.5,validation,discovery
0.920172344241214,33532,1331,0.03969342717404271,24491,1003,0.04095381977052795,1153,418,0.36253252385082396,1440,BBH,0.5,validation,discovery
0.9107087514943847,33531,1492,0.04449613790223972,24490,1105,0.04512045732952225,1153,425,0.3686036426712923,1441,BBH,0.5,validation,discovery
0.9216965553236429,33527,1307,0.03898350583112119,24491,950,0.038789759503491075,1155,309,0.2675324675324675,1442,BBH,0.5,validation,discovery
0.9185359301602167,33530,1356,0.04044139576498658,24487,1056,0.043124923428758115,1157,249,0.21521175453759722,1443,BBH,0.5,validation,discovery
0.925472065472724,33529,1245,0.037132034954815235,24488,926,0.03781443972557988,1154,364,0.31542461005199307,1444,BBH,0.5,validation,discovery
0.9005168825563455,33540,1665,0.04964221824686941,24497,1173,0.047883414295628035,1160,455,0.3922413793103448,1445,BBH,0.5,validation,discovery
0.8962147091194195,33524,1733,0.05169430855506503,24486,1232,0.050314465408805034,1153,310,0.2688638334778838,1446,BBH,0.5,validation,discovery
0.9280589802042668,33531,1199,0.03575795532492321,24488,893,0.036466840901666124,1157,283,0.2445980985306828,1447,BBH,0.5,validation,discovery
0.9133393077521595,33532,1447,0.043152809256829294,24489,990,0.04042631385520029,1152,263,0.2282986111111111,1448,BBH,0.5,validation,discovery
0.9168771240199011,33534,1390,0.04145046818154709,24492,1005,0.04103380695737384,1155,318,0.2753246753246753,1449,BBH,0.5,validation,discovery
0.9011038608198528,33525,1650,0.049217002237136466,24484,1113,0.0454582584545009,1152,410,0.3559027777777778,1450,BBH,0.5,validation,discovery
0.9290339931370512,33540,1189,0.03545020870602266,24496,841,0.034332135858915744,1157,349,0.3016421780466724,1451,BBH,0.5,validation,discovery
0.9273140809979,33531,1213,0.0361754794071158,24489,882,0.03601617052554208,1151,367,0.3188531711555169,1452,BBH,0.5,validation,discovery
0.9242447009488107,33534,1264,0.03769308761257231,24488,891,0.03638516824567135,1151,325,0.28236316246741966,1453,BBH,0.5,validation,discovery
0.8551011802594007,33521,2420,0.07219355031174488,24489,1658,0.06770386704234554,1156,480,0.41522491349480967,1454,BBH,0.5,validation,discovery
0.9334541721099475,33534,1107,0.033011272141706925,24493,789,0.03221328542848977,1157,293,0.25324114088159033,1455,BBH,0.5,validation,discovery
0.8935810947168112,33514,1772,0.052873426030912454,24477,1289,0.05266168239571843,1154,358,0.31022530329289427,1456,BBH,0.5,validation,discovery
0.9374545255602664,33539,1045,0.03115775664152181,24494,732,0.029884869764023842,1157,337,0.2912705272255834,1457,BBH,0.5,validation,discovery
0.9218200280996859,33531,1302,0.03882973964391161,24491,1000,0.04083132579314851,1156,301,0.26038062283737023,1458,BBH,0.5,validation,discovery
0.9143010165036703,33531,1433,0.0427365721272852,24487,1054,0.04304324743741577,1155,225,0.19480519480519481,1459,BBH,0.5,validation,discovery
0.932959030496773,33529,1117,0.03331444421247279,24490,756,0.03086974275214373,1155,233,0.20173160173160173,1460,BBH,0.5,validation,discovery
0.9141550297997723,33531,1432,0.042706748978557155,24490,1035,0.04226214781543487,1155,434,0.37575757575757573,1461,BBH,0.5,validation,discovery
0.9129724756702721,33526,1448,0.0431903597208137,24487,1057,0.04316576142442929,1154,367,0.31802426343154244,1462,BBH,0.5,validation,discovery
0.9281937349022777,33533,1197,0.0356961798825038,24491,867,0.035400759462659755,1158,248,0.2141623488773748,1463,BBH,0.5,validation,discovery
0.911448845855875,33529,1477,0.04405141817531093,24488,1028,0.0419797451813133,1157,300,0.25929127052722556,1464,BBH,0.5,validation,discovery
0.8909452988072922,33536,1823,0.05435949427480916,24491,1259,0.051406639173573965,1157,460,0.3975799481417459,1465,BBH,0.5,validation,discovery
0.8140941152936054,33531,3115,0.09289910828785303,24486,2207,0.09013313730294863,1159,575,0.49611734253666956,1466,BBH,0.5,validation,discovery
0.9306180882478203,33535,1160,0.034590726107052334,24492,829,0.03384778703250041,1158,240,0.20725388601036268,1467,BBH,0.5,validation,discovery
0.9032268131578286,33527,1616,0.04819995824261043,24485,1219,0.04978558301000613,1154,265,0.2296360485268631,1468,BBH,0.5,validation,discovery
0.9153212201830675,33537,1416,0.04222202343680115,24492,1040,0.04246284501061571,1156,270,0.23356401384083045,1469,BBH,0.5,validation,discovery
0.8701866402497888,33526,2170,0.064725884388236,24485,1532,0.06256891974678375,1151,542,0.47089487402258906,1470,BBH,0.5,validation,discovery
0.8485145876690444,33532,2536,0.07562924967195515,24490,1770,0.0722743977133524,1156,416,0.35986159169550175,1471,BBH,0.5,validation,discovery
0.8524361443986949,33534,2467,0.07356712590206954,24490,1628,0.06647611269906084,1156,473,0.4091695501730104,1472,BBH,0.5,validation,discovery
0.9248388603785614,33534,1255,0.03742470328621697,24493,867,0.035397868778834767,1159,285,0.2459016393442623,1473,BBH,0.5,validation,discovery
0.9216738013147588,33533,1309,0.039036173321802405,24491,853,0.034829120901555675,1153,308,0.26712922810060713,1474,BBH,0.5,validation,discovery
0.8874894291665669,33539,1885,0.05620322609499389,24495,1348,0.05503163911002246,1159,488,0.42105263157894735,1475,BBH,0.5,validation,discovery
0.9363535265536248,33537,1061,0.03163669976443927,24494,782,0.03192618600473585,1160,217,0.1870689655172414,1476,BBH,0.5,validation,discovery
0.8970527545441076,33528,1722,0.051360057265569074,24487,1184,0.04835218687466819,1152,426,0.3697916666666667,1477,BBH,0.5,validation,discovery
0.9280675038834477,33539,1202,0.035838874146515994,24495,900,0.03674219228413962,1156,273,0.23615916955017302,1478,BBH,0.5,validation,discovery
0.9355615307687363,33532,1075,0.03205892878444471,24493,785,0.032049973461805416,1157,292,0.25237683664649957,1479,BBH,0.5,validation,discovery
0.9397486971087765,33530,1003,0.02991351028929317,24490,734,0.029971416904859126,1159,184,0.15875754961173424,1480,BBH,0.5,validation,discovery
0.8967126125232024,33529,1721,0.05132870052790122,24485,1263,0.05158260159281192,1155,300,0.2597402597402597,1481,BBH,0.5,validation,discovery
0.9276111827795859,33531,1208,0.03602636366347559,24485,885,0.03614457831325301,1154,234,0.2027729636048527,1482,BBH,0.5,validation,discovery
0.9325113817738332,33528,1124,0.03352421856358864,24491,775,0.03164427748969009,1157,249,0.21521175453759722,1483,BBH,0.5,validation,discovery
0.9465288449074667,33538,891,0.02656687936072515,24497,644,0.026288933338776178,1159,171,0.14754098360655737,1484,BBH,0.5,validation,discovery
0.9283645615314484,33539,1196,0.035659977936134055,24493,890,0.03633691258726983,1155,257,0.22251082251082252,1485,BBH,0.5,validation,discovery
0.8036597609008,33539,3292,0.09815438742955962,24496,2299,0.09385205747877204,1159,641,0.5530629853321829,1486,BBH,0.5,validation,discovery
0.938864643734127,33539,1023,0.03050180387012135,24495,728,0.029720351092059605,1158,229,0.19775474956822106,1487,BBH,0.5,validation,discovery
0.9303727972995584,33542,1168,0.03482201419116332,24497,869,0.03547373147732375,1158,357,0.3082901554404145,1488,BBH,0.5,validation,discovery
0.916979872079079,33533,1381,0.041183311961351506,24493,1077,0.04397174702976361,1158,308,0.2659758203799655,1489,BBH,0.5,validation,discovery
0.9212305087328387,33535,1315,0.039212762785149846,24494,959,0.03915244549685637,1156,413,0.35726643598615915,1490,BBH,0.5,validation,discovery
0.8735721318242609,33531,2119,0.06319525215472249,24490,1447,0.05908534095549204,1155,558,0.4831168831168831,1491,BBH,0.5,validation,discovery
0.9280780549107694,33521,1197,0.035708958563288686,24483,918,0.03749540497488053,1150,196,0.17043478260869566,1492,BBH,0.5,validation,discovery
0.9271242161474692,33532,1217,0.03629368960992485,24487,857,0.0349981622901948,1154,238,0.20623916811091855,1493,BBH,0.5,validation,discovery
0.9174873599388904,33535,1379,0.04112121663933204,24493,1010,0.0412362715878006,1157,309,0.26707000864304237,1494,BBH,0.5,validation,discovery
0.9226518883802965,33531,1286,0.03835256926426292,24488,965,0.039407056517477945,1156,280,0.2422145328719723,1495,BBH,0.5,validation,discovery
0.9091098364476727,33535,1517,0.04523632026241241,24491,1147,0.04683353068474133,1158,309,0.266839378238342,1496,BBH,0.5,validation,discovery
0.9279444105378573,33535,1203,0.035872968540331,24493,888,0.03625525660392765,1156,387,0.33477508650519033,1497,BBH,0.5,validation,discovery
0.9232391793264652,33539,1279,0.038134708846417606,24495,924,0.03772198407838334,1157,313,0.27052722558340536,1498,BBH,0.5,validation,discovery
0.9063391259665728,33540,1566,0.04669051878354204,24495,1121,0.04576444172280057,1158,385,0.3324697754749568,1499,BBH,0.5,validation,discovery
0.9329550958418982,33540,1118,0.03333333333333333,24494,812,0.03315097574916306,1159,207,0.17860224331320104,1500,BBH,0.5,validation,discovery
0.9180333067315969,33532,1366,0.040737206250745554,24491,956,0.03903474745824997,1154,416,0.36048526863084923,1501,BBH,0.5,validation,discovery
0.920743858014215,33538,1326,0.03953724133818355,24496,909,0.03710809928151535,1156,431,0.3728373702422145,1502,BBH,0.5,validation,discovery
0.9041409284357886,33540,1606,0.047883124627310675,24495,1087,0.04437640334762196,1159,455,0.3925798101811907,1503,BBH,0.5,validation,discovery
0.9406871855605506,33533,990,0.02952315629380014,24494,722,0.02947660651588144,1157,251,0.21694036300777875,1504,BBH,0.5,validation,discovery
0.9110381895022691,33534,1488,0.04437287529074969,24489,1140,0.046551512924170035,1154,311,0.26949740034662045,1505,BBH,0.5,validation,discovery
0.8991711730133282,33534,1688,0.05033697143197948,24493,1193,0.04870779406361001,1157,350,0.3025064822817632,1506,BBH,0.5,validation,discovery
0.9189679357090204,33531,1352,0.040320897080313736,24486,1032,0.04214653271257045,1153,229,0.19861231569817867,1507,BBH,0.5,validation,discovery
0.9249071801512195,33542,1253,0.03735615049788325,24496,925,0.03776126714565643,1158,243,0.20984455958549222,1508,BBH,0.5,validation,discovery
0.9230518248070747,33530,1287,0.03838353713092753,24488,906,0.03699771316563215,1156,324,0.28027681660899656,1509,BBH,0.5,validation,discovery
0.9324083760754776,33530,1130,0.03370116313748882,24489,856,0.03495446935358733,1153,394,0.3417172593235039,1510,BBH,0.5,validation,discovery
0.8853272583001351,33534,1918,0.05719568199439375,24490,1364,0.05569620253164557,1154,271,0.23483535528596186,1511,BBH,0.5,validation,discovery
0.9242057544594401,33539,1264,0.03768746832046274,24495,900,0.03674219228413962,1158,410,0.3540587219343696,1512,BBH,0.5,validation,discovery
0.9143019486396395,33518,1427,0.04257413926845277,24486,1057,0.043167524299599774,1157,261,0.22558340535868626,1513,BBH,0.5,validation,discovery
0.9368288329122815,33537,1054,0.0314279750723082,24492,781,0.031887963416625836,1156,314,0.27162629757785467,1514,BBH,0.5,validation,discovery
0.9078621097671347,33537,1540,0.04591943226883741,24494,1077,0.043969951824936716,1154,453,0.3925476603119584,1515,BBH,0.5,validation,discovery
0.897507526610026,33534,1713,0.05108248344963321,24491,1279,0.052223265689436936,1155,448,0.3878787878787879,1516,BBH,0.5,validation,discovery
0.916758292133951,33534,1391,0.041480288662253235,24491,1026,0.04189294026377036,1154,357,0.3093587521663778,1517,BBH,0.5,validation,discovery
0.935196887435462,33539,1082,0.032260949938877126,24494,751,0.030660569935494406,1155,217,0.18787878787878787,1518,BBH,0.5,validation,discovery
0.8965773846215194,33528,1723,0.05138988308279647,24484,1323,0.05403528835157654,1152,396,0.34375,1519,BBH,0.5,validation,discovery
0.832256310362397,33523,2805,0.08367389553440921,24486,1936,0.07906558849955077,1153,535,0.4640069384215091,1520,BBH,0.5,validation,discovery
0.9092287150709797,33524,1512,0.045102016465815534,24485,1032,0.04214825403308148,1150,295,0.2565217391304348,1521,BBH,0.5,validation,discovery
0.9436333246386788,33539,941,0.02805688899490146,24494,671,0.027394463950355188,1157,205,0.17718236819360414,1522,BBH,0.5,validation,discovery
0.927337339275777,33525,1212,0.03615212527964206,24485,888,0.03626710230753523,1152,258,0.22395833333333334,1523,BBH,0.5,validation,discovery
0.9348840121169659,33538,1085,0.03235136263343073,24494,828,0.033804196946190905,1158,185,0.15975820379965458,1524,BBH,0.5,validation,discovery
0.9215389515390249,33532,1309,0.03903733746868663,24489,993,0.04054881783657969,1152,266,0.2309027777777778,1525,BBH,0.5,validation,discovery
0.8673163578355574,33530,2220,0.06620936474798687,24487,1540,0.06289051333360558,1157,443,0.3828867761452031,1526,BBH,0.5,validation,discovery
0.921058935634812,33528,1312,0.03913147220233834,24485,996,0.04067796610169491,1152,293,0.2543402777777778,1527,BBH,0.5,validation,discovery
0.9280663872739803,33524,1197,0.0357057630354373,24485,917,0.03745150091892996,1151,322,0.2797567332754127,1528,BBH,0.5,validation,discovery
0.9006552203821644,33525,1656,0.049395973154362414,24484,1158,0.04729619343244568,1149,387,0.3368146214099217,1529,BBH,0.5,validation,discovery
0.86985325658042,33538,2176,0.06488162681137814,24493,1556,0.06352835504021558,1154,461,0.39948006932409014,1530,BBH,0.5,validation,discovery
0.9303327654323185,33532,1162,0.034653465346534656,24488,891,0.03638516824567135,1153,306,0.2653946227233304,1531,BBH,0.5,validation,discovery
0.899439991913037,33525,1677,0.05002237136465324,24489,1109,0.04528563844991629,1154,379,0.32842287694974004,1532,BBH,0.5,validation,discovery
0.9107249285737389,33532,1493,0.04452463318621019,24491,999,0.04079049446735535,1156,328,0.2837370242214533,1533,BBH,0.5,validation,discovery
0.9263445695250442,33539,1230,0.0366737231282984,24495,893,0.036456419677485204,1156,299,0.2586505190311419,1534,BBH,0.5,validation,discovery
0.9270415737070369,33538,1218,0.03631701353688353,24494,899,0.03670286600800196,1156,309,0.2673010380622837,1535,BBH,0.5,validation,discovery
0.9286489437559081,33527,1187,0.035404301011125364,24488,834,0.03405749754982032,1154,249,0.21577123050259966,1536,BBH,0.5,validation,discovery
0.9133767189018573,33538,1447,0.04314508915260302,24491,1060,0.043281205340737414,1155,225,0.19480519480519481,1537,BBH,0.5,validation,discovery
0.9170875369104038,33536,1388,0.041388358778625955,24490,991,0.04046549612086566,1155,312,0.2701298701298701,1538,BBH,0.5,validation,discovery
0.9363655533157264,33534,1062,0.03166935050993022,24492,858,0.03503184713375796,1156,243,0.2102076124567474,1539,BBH,0.5,validation,discovery
0.9266532194890423,33536,1225,0.03652791030534351,24492,903,0.036869181773640375,1154,231,0.2001733102253033,1540,BBH,0.5,validation,discovery
0.9260315626996976,33538,1234,0.03679408432226131,24493,880,0.03592863267055894,1155,427,0.3696969696969697,1541,BBH,0.5,validation,discovery
0.9364054112221288,33529,1058,0.03155477347967431,24488,814,0.03324077098987259,1156,187,0.16176470588235295,1542,BBH,0.5,validation,discovery
0.9028597254839045,33529,1624,0.04843568254346983,24485,1129,0.046109863181539715,1153,393,0.34084995663486556,1543,BBH,0.5,validation,discovery
0.9214955508374546,33533,1310,0.03906599469179614,24493,965,0.03939901196260156,1156,395,0.3416955017301038,1544,BBH,0.5,validation,discovery
0.9195330637114691,33544,1350,0.04024564750775101,24495,986,0.04025311288017963,1157,369,0.31892826274848746,1545,BBH,0.5,validation,discovery
0.9153000921359753,33532,1414,0.04216867469879518,24490,978,0.03993466721110658,1153,283,0.24544666088464875,1546,BBH,0.5,validation,discovery
0.9216303994579073,33534,1306,0.03894554780223057,24492,994,0.04058468071206925,1157,303,0.26188418323249785,1547,BBH,0.5,validation,discovery
0.8479969373623155,33533,2545,0.07589538663406196,24492,1813,0.07402417115792911,1155,422,0.36536796536796534,1548,BBH,0.5,validation,discovery
0.9155005484286941,33526,1407,0.04196742826463044,24483,1040,0.04247845443777315,1147,389,0.33914559721011334,1549,BBH,0.5,validation,discovery
0.9190113005490116,33530,1353,0.04035192365046227,24493,955,0.03899073204589066,1158,376,0.32469775474956825,1550,BBH,0.5,validation,discovery
0.824918696113946,33535,2929,0.08734158342030714,24492,2021,0.08251674016005227,1159,555,0.47886108714408976,1551,BBH,0.5,validation,discovery
0.931572448861889,33524,1140,0.03400548860517838,24486,830,0.03389692068937352,1155,185,0.16017316017316016,1552,BBH,0.5,validation,discovery
0.9308239924830461,33533,1154,0.03441386097277309,24492,896,0.036583374162992,1156,201,0.17387543252595156,1553,BBH,0.5,validation,discovery
0.923060942089876,33538,1289,0.03843401514699744,24492,910,0.037154989384288746,1156,233,0.20155709342560554,1554,BBH,0.5,validation,discovery
0.9379382391127551,33532,1035,0.030866038411070024,24488,720,0.02940215615811826,1155,338,0.29264069264069265,1555,BBH,0.5,validation,discovery
0.8788009678738142,33531,2029,0.06051116876919865,24487,1412,0.057663249887695514,1150,444,0.38608695652173913,1556,BBH,0.5,validation,discovery
0.8834846518364453,33528,1947,0.058070866141732284,24488,1340,0.054720679516497873,1151,361,0.31364031277150306,1557,BBH,0.5,validation,discovery
0.9181200084332624,33531,1368,0.04079806745996242,24487,1032,0.04214481153264998,1156,188,0.16262975778546712,1558,BBH,0.5,validation,discovery
0.9299444838355352,33530,1166,0.034774828511780494,24486,843,0.03442783631462877,1153,293,0.2541196877710321,1559,BBH,0.5,validation,discovery
0.922720466219437,33539,1290,0.038462685232117835,24493,980,0.04001143183766791,1156,243,0.2102076124567474,1560,BBH,0.5,validation,discovery
0.9221765396485191,33531,1303,0.03885956279263965,24487,941,0.03842855392657328,1150,290,0.25217391304347825,1561,BBH,0.5,validation,discovery
0.9344245375506604,33539,1095,0.03264855839470467,24496,792,0.03233180927498367,1157,253,0.21866897147796024,1562,BBH,0.5,validation,discovery
0.8423101155861795,33534,2642,0.07878571002564562,24489,1782,0.07276736493936053,1158,482,0.4162348877374784,1563,BBH,0.5,validation,discovery
0.9378667255948314,33535,1035,0.030863277173102728,24492,728,0.029723991507430998,1158,243,0.20984455958549222,1564,BBH,0.5,validation,discovery
0.9353157104946621,33539,1081,0.03223113390381347,24495,792,0.03233312921004287,1159,319,0.27523727351164795,1565,BBH,0.5,validation,discovery
0.9043184182619188,33529,1595,0.04757075964090787,24488,1258,0.05137210062071219,1155,329,0.28484848484848485,1566,BBH,0.5,validation,discovery
0.8672479889111797,33533,2223,0.06629290549607848,24492,1521,0.06210191082802548,1158,481,0.4153713298791019,1567,BBH,0.5,validation,discovery
0.9296432239569472,33526,1168,0.034838632702976796,24486,881,0.03597974352691334,1154,228,0.1975736568457539,1568,BBH,0.5,validation,discovery
0.9129556717835461,33534,1455,0.04338879942744677,24489,1012,0.04132467638531585,1154,447,0.3873483535528596,1569,BBH,0.5,validation,discovery
0.9262488968989026,33533,1232,0.036739927832284615,24492,916,0.03739996733627307,1156,250,0.21626297577854672,1570,BBH,0.5,validation,discovery
0.837919007123852,33524,2710,0.08083760887722229,24485,1933,0.07894629364917297,1155,423,0.36623376623376624,1571,BBH,0.5,validation,discovery
0.8866509335114497,33537,1898,0.05659420938068402,24491,1385,0.05655138622351068,1154,376,0.32582322357019067,1572,BBH,0.5,validation,discovery
0.9260431286107723,33535,1232,0.036737736693007304,24491,877,0.03580907272059124,1157,244,0.21089023336214346,1573,BBH,0.5,validation,discovery
0.9101307514877341,33532,1500,0.04473338900155076,24489,1160,0.047368206133366,1153,351,0.3044232437120555,1574,BBH,0.5,validation,discovery
0.9205448816251649,33533,1324,0.039483493871708464,24491,967,0.039483892041974604,1154,329,0.2850953206239168,1575,BBH,0.5,validation,discovery
0.9347968259002354,33540,1090,0.03249850924269529,24495,819,0.033435394978567054,1156,284,0.24567474048442905,1576,BBH,0.5,validation,discovery
0.9140361853559252,33531,1435,0.04279621842474128,24493,1062,0.04335932715469726,1159,321,0.27696289905090593,1577,BBH,0.5,validation,discovery
0.9230929284327375,33540,1288,0.03840190816935003,24497,926,0.03780054700575581,1157,313,0.27052722558340536,1578,BBH,0.5,validation,discovery
0.9212692405755762,33530,1313,0.039158962123471516,24489,994,0.04058965249703949,1153,305,0.2645273200346921,1579,BBH,0.5,validation,discovery
0.9142849142379301,33528,1428,0.04259126700071582,24485,1073,0.04382274862160507,1155,257,0.22251082251082252,1580,BBH,0.5,validation,discovery
0.9245967164510173,33532,1259,0.03754622450196827,24488,923,0.03769193074158771,1153,243,0.21075455333911536,1581,BBH,0.5,validation,discovery
0.9299762661602918,33532,1166,0.034772754383872125,24490,810,0.03307472437729685,1155,291,0.2519480519480519,1582,BBH,0.5,validation,discovery
0.9250605603835405,33533,1250,0.03727671249217189,24493,978,0.03992977585432573,1156,338,0.29238754325259514,1583,BBH,0.5,validation,discovery
0.9239750775916442,33532,1268,0.03781462483597758,24488,919,0.03752858542959817,1150,201,0.17478260869565218,1584,BBH,0.5,validation,discovery
0.9250836163547466,33527,1248,0.03722373012795657,24487,885,0.036141626168987626,1154,234,0.2027729636048527,1585,BBH,0.5,validation,discovery
0.9314498990909199,33535,1144,0.034113612643506784,24492,840,0.034296913277805,1158,335,0.28929188255613125,1586,BBH,0.5,validation,discovery
0.8789103364588269,33534,2019,0.0602075505457148,24490,1414,0.057737852184565126,1158,371,0.32037996545768566,1587,BBH,0.5,validation,discovery
0.9131397695608549,33527,1446,0.04312941808094968,24487,1097,0.04479928125127619,1152,243,0.2109375,1588,BBH,0.5,validation,discovery
0.9231432296712376,33532,1279,0.038142669688655616,24492,990,0.04042136207741303,1155,280,0.24242424242424243,1589,BBH,0.5,validation,discovery
0.926176355316839,33523,1228,0.03663156638725651,24488,940,0.038386148317543285,1152,345,0.2994791666666667,1590,BBH,0.5,validation,discovery
0.9336284912472986,33530,1107,0.03301521025946913,24488,787,0.03213819013394316,1154,332,0.2876949740034662,1591,BBH,0.5,validation,discovery
0.8983660451848405,33532,1697,0.05060837409042109,24490,1199,0.04895875867701102,1154,460,0.3986135181975737,1592,BBH,0.5,validation,discovery
0.9201081957896357,33528,1333,0.039757814364113575,24482,938,0.038313863246466795,1148,437,0.3806620209059233,1593,BBH,0.5,validation,discovery
0.9378036292057073,33531,1034,0.03083713578479616,24489,793,0.03238188574462003,1153,178,0.15437987857762359,1594,BBH,0.5,validation,discovery
0.9218474236753669,33529,1304,0.03889170568761371,24485,912,0.037247294261792935,1157,316,0.2731201382886776,1595,BBH,0.5,validation,discovery
0.9073598386755684,33537,1549,0.04618779258729165,24493,1118,0.04564569468827828,1157,266,0.22990492653414002,1596,BBH,0.5,validation,discovery
0.9095474097072864,33529,1510,0.045035640788571085,24488,1079,0.044062397909180005,1154,409,0.354419410745234,1597,BBH,0.5,validation,discovery
0.9100389599171362,33531,1499,0.04470489994333602,24493,1065,0.04348181112971053,1156,238,0.20588235294117646,1598,BBH,0.5,validation,discovery
0.9301627954308708,33541,1163,0.03467398109776095,24494,825,0.03368171797174818,1155,219,0.18961038961038962,1599,BBH,0.5,validation,discovery
0.9310575790620939,33529,1151,0.0343284917534075,24486,818,0.033406844727599444,1156,203,0.17560553633217993,1600,BBH,0.5,validation,discovery
0.9408532079132325,33536,990,0.029520515267175574,24495,755,0.030822616860583792,1155,270,0.23376623376623376,1601,BBH,0.5,validation,discovery
0.9098551970585159,33537,1505,0.04487580880818201,24491,1049,0.04283206075701278,1156,351,0.3036332179930796,1602,BBH,0.5,validation,discovery
0.9308916003498272,33541,1156,0.03446528129751647,24496,880,0.035924232527759635,1158,280,0.24179620034542315,1603,BBH,0.5,validation,discovery
0.928474910344572,33531,1194,0.03560883958128299,24489,831,0.03393360284209237,1152,253,0.21961805555555555,1604,BBH,0.5,validation,discovery
0.9200968751410139,33533,1333,0.039751886201652105,24491,982,0.04009636192887183,1153,317,0.27493495229835213,1605,BBH,0.5,validation,discovery
0.9137221784019621,33541,1443,0.043021973107540024,24495,1046,0.04270259236578894,1155,416,0.3601731601731602,1606,BBH,0.5,validation,discovery
0.8835903939804932,33526,1942,0.05792519238799738,24486,1381,0.056399575267499794,1152,398,0.3454861111111111,1607,BBH,0.5,validation,discovery
0.9255083930687797,33535,1242,0.037035932607723275,24494,917,0.037437739854658286,1155,290,0.2510822510822511,1608,BBH,0.5,validation,discovery
0.9196583817783786,33537,1344,0.040075140889167186,24494,991,0.04045888789091206,1159,308,0.2657463330457291,1609,BBH,0.5,validation,discovery
0.9233534618041844,33534,1280,0.0381702153038707,24489,901,0.03679202907427825,1155,256,0.22164502164502164,1610,BBH,0.5,validation,discovery
0.7975582312305894,33540,3392,0.1011329755515802,24497,2383,0.0972772176184839,1158,612,0.5284974093264249,1611,BBH,0.5,validation,discovery
0.9101469250664517,33535,1507,0.04493812434769644,24492,1100,0.044912624530458925,1155,472,0.40865800865800866,1612,BBH,0.5,validation,discovery
0.9158076370463498,33534,1404,0.04186795491143317,24490,1050,0.04287464271131074,1154,226,0.19584055459272098,1613,BBH,0.5,validation,discovery
0.9159375875439383,33531,1402,0.04181205451671587,24487,1032,0.04214481153264998,1154,246,0.21317157712305027,1614,BBH,0.5,validation,discovery
0.9310893283693488,33531,1150,0.03429662103724911,24490,881,0.03597386688444263,1156,280,0.2422145328719723,1615,BBH,0.5,validation,discovery
0.8808926605621755,33523,1991,0.059392059183247324,24488,1412,0.0576608951323097,1154,468,0.4055459272097054,1616,BBH,0.5,validation,discovery
0.8551693710322973,33532,2419,0.07214004532983419,24494,1656,0.06760839389238181,1155,495,0.42857142857142855,1617,BBH,0.5,validation,discovery
0.9116271222139667,33529,1475,0.04399176831996182,24486,1045,0.0426774483378257,1150,444,0.38608695652173913,1618,BBH,0.5,validation,discovery
0.9245098369690483,33532,1258,0.0375164022426339,24489,921,0.037608722283474214,1156,310,0.2681660899653979,1619,BBH,0.5,validation,discovery
0.9188539063239827,33535,1357,0.04046518562695691,24493,942,0.038459968154166496,1157,320,0.27657735522904064,1620,BBH,0.5,validation,discovery
0.895184091321316,33530,1753,0.05228153892036982,24487,1240,0.05063911463225385,1152,430,0.3732638888888889,1621,BBH,0.5,validation,discovery
0.8672776912004602,33534,2219,0.0661716466869446,24491,1516,0.061900289902413135,1158,373,0.3221070811744387,1622,BBH,0.5,validation,discovery
0.9091693095628789,33525,1519,0.04530947054436987,24484,1000,0.04084299950988401,1158,382,0.3298791018998273,1623,BBH,0.5,validation,discovery
0.9125507278300229,33531,1461,0.043571620291670395,24488,1090,0.04451159751715126,1152,290,0.2517361111111111,1624,BBH,0.5,validation,discovery
0.8917807079082714,33531,1806,0.053860606602845126,24490,1392,0.056839526337280524,1156,397,0.34342560553633217,1625,BBH,0.5,validation,discovery
0.9304280812022336,33539,1164,0.03470586481409702,24496,858,0.03502612671456564,1155,310,0.2683982683982684,1626,BBH,0.5,validation,discovery
0.8820759840469348,33535,1976,0.058923512747875356,24493,1343,0.054831992814273464,1157,478,0.4131374243733794,1627,BBH,0.5,validation,discovery
0.9156565983875781,33532,1409,0.042019563402123344,24494,1033,0.04217359353311015,1157,308,0.2662057044079516,1628,BBH,0.5,validation,discovery
0.9402031947811608,33540,998,0.02975551580202743,24494,694,0.028333469421082714,1157,247,0.21348314606741572,1629,BBH,0.5,validation,discovery
0.932198615169388,33541,1133,0.033779553382427475,24496,793,0.032372632266492486,1155,395,0.341991341991342,1630,BBH,0.5,validation,discovery
0.9346266693322045,33533,1091,0.03253511466316763,24487,798,0.03258872054559562,1155,197,0.17056277056277055,1631,BBH,0.5,validation,discovery
0.9361436830651383,33535,1064,0.03172804532577904,24493,821,0.03351978116196464,1156,253,0.21885813148788927,1632,BBH,0.5,validation,discovery
0.9186387243793458,33530,1352,0.040322099612287506,24489,1015,0.04144718036669525,1154,296,0.2564991334488735,1633,BBH,0.5,validation,discovery
0.9305110185567826,33533,1162,0.03465243193272299,24491,880,0.035931566697970686,1154,304,0.2634315424610052,1634,BBH,0.5,validation,discovery
0.9249417267320044,33533,1252,0.03733635523215936,24490,912,0.03723968966925276,1152,320,0.2777777777777778,1635,BBH,0.5,validation,discovery
0.9377442106142351,33531,1040,0.031016074677164416,24491,734,0.029970193132171002,1156,318,0.2750865051903114,1636,BBH,0.5,validation,discovery
0.9268198617618453,33539,1224,0.03649482691791645,24494,843,0.03441659181840451,1156,259,0.22404844290657439,1637,BBH,0.5,validation,discovery
0.9285226488430162,33534,1197,0.03569511540526033,24489,851,0.034750296051288335,1158,245,0.21157167530224524,1638,BBH,0.5,validation,discovery
0.9158509523894851,33533,1403,0.04183938210121373,24491,1070,0.043689518598668896,1157,274,0.23681936041486604,1639,BBH,0.5,validation,discovery
0.9240115325309989,33540,1271,0.03789505068574836,24496,969,0.039557478772044415,1157,282,0.24373379429559205,1640,BBH,0.5,validation,discovery
0.8968969849694615,33533,1719,0.05126293501923478,24489,1267,0.051737514802564416,1154,406,0.35181975736568455,1641,BBH,0.5,validation,discovery
0.9045080005236283,33537,1591,0.04744014074007812,24491,1123,0.04585357886570577,1155,368,0.31861471861471863,1642,BBH,0.5,validation,discovery
0.9311328733232008,33530,1147,0.034208171786459886,24487,875,0.0357332462122759,1151,326,0.2832319721980886,1643,BBH,0.5,validation,discovery
0.9215823464129494,33531,1305,0.03891920909009573,24486,983,0.040145389201992975,1151,225,0.19548218940052128,1644,BBH,0.5,validation,discovery
0.8832117990353584,33539,1958,0.05837979665464087,24497,1374,0.05608850063273054,1157,470,0.4062229904926534,1645,BBH,0.5,validation,discovery
0.9150563789010219,33539,1418,0.04227913772026596,24495,1132,0.04621351296182895,1159,220,0.1898188093183779,1646,BBH,0.5,validation,discovery
0.9301144765532793,33522,1167,0.034812958654018254,24482,783,0.03198268115350053,1150,227,0.1973913043478261,1647,BBH,0.5,validation,discovery
0.919297128284035,33533,1347,0.04016938538156443,24491,955,0.03899391613245682,1153,340,0.2948829141370338,1648,BBH,0.5,validation,discovery
0.9315410496722262,33537,1147,0.03420103169633539,24492,811,0.03311285317654744,1156,249,0.21539792387543252,1649,BBH,0.5,validation,discovery
0.8858288961605927,33534,1913,0.057046579590863004,24494,1329,0.05425818567812526,1155,496,0.42943722943722945,1650,BBH,0.5,validation,discovery
0.9182051899698281,33539,1371,0.04087778407227407,24493,945,0.03858245212917977,1157,329,0.2843560933448574,1651,BBH,0.5,validation,discovery
0.9309074772379828,33542,1157,0.034494067139705445,24493,828,0.03380557710366227,1158,261,0.22538860103626943,1652,BBH,0.5,validation,discovery
0.932135182620547,33537,1137,0.033902853564719566,24491,801,0.03270589196031195,1154,165,0.14298093587521662,1653,BBH,0.5,validation,discovery
0.9155488657979923,33529,1410,0.04205314802111605,24490,1036,0.04230298080849326,1155,380,0.329004329004329,1654,BBH,0.5,validation,discovery
0.9156888051603995,33534,1408,0.04198723683425777,24489,1035,0.04226387357589122,1155,209,0.18095238095238095,1655,BBH,0.5,validation,discovery
0.8354848146905816,33531,2758,0.08225224419194178,24489,1876,0.07660582302258157,1160,440,0.3793103448275862,1656,BBH,0.5,validation,discovery
0.9245143090987878,33536,1259,0.037541746183206104,24495,904,0.03690549091651357,1159,325,0.2804141501294219,1657,BBH,0.5,validation,discovery
0.9399498098034714,33539,1003,0.029905483168848206,24495,748,0.030536844253929375,1155,206,0.17835497835497835,1658,BBH,0.5,validation,discovery
0.9172755932575468,33545,1386,0.041317633030257865,24497,1034,0.042209250112258644,1159,235,0.20276100086281276,1659,BBH,0.5,validation,discovery
0.9331967119261079,33529,1114,0.033224969429449136,24485,777,0.03173371451909332,1154,188,0.16291161178509533,1660,BBH,0.5,validation,discovery
0.9291126111941693,33530,1179,0.03516254100805249,24490,872,0.035606369946917106,1157,244,0.21089023336214346,1661,BBH,0.5,validation,discovery
0.923476828975251,33538,1279,0.03813584590613632,24494,925,0.0377643504531722,1156,250,0.21626297577854672,1662,BBH,0.5,validation,discovery
0.9210135557862277,33540,1321,0.039385807990459154,24493,934,0.03813334422079778,1155,399,0.34545454545454546,1663,BBH,0.5,validation,discovery
0.9257779600735141,33537,1240,0.036974088320362586,24493,894,0.03650022455395419,1154,460,0.3986135181975737,1664,BBH,0.5,validation,discovery
0.9266648146792793,33533,1226,0.03656099961232219,24494,866,0.03535559728913203,1159,174,0.15012942191544434,1665,BBH,0.5,validation,discovery
0.9019800292211045,33535,1643,0.04899358878783361,24491,1153,0.04707851863950022,1157,449,0.38807260155574763,1666,BBH,0.5,validation,discovery
0.9215229351423249,33531,1310,0.03906832483373594,24491,983,0.04013719325466498,1153,316,0.2740676496097138,1667,BBH,0.5,validation,discovery
0.8935772629764187,33521,1777,0.053011545001640764,24486,1295,0.052887364208118924,1156,278,0.24048442906574394,1668,BBH,0.5,validation,discovery
0.8975220351017642,33526,1715,0.05115432798425103,24484,1233,0.05035941839568698,1152,388,0.3368055555555556,1669,BBH,0.5,validation,discovery
0.9291720159058374,33532,1182,0.035249910533222,24490,886,0.03617803184973459,1156,221,0.19117647058823528,1670,BBH,0.5,validation,discovery
0.8979604400272106,33529,1703,0.050791851829759316,24493,1170,0.04776875025517495,1158,443,0.38255613126079446,1671,BBH,0.5,validation,discovery
0.9147763858107567,33531,1424,0.04246816378873281,24491,1028,0.04197460291535666,1154,455,0.39428076256499134,1672,BBH,0.5,validation,discovery
0.9299306584484762,33532,1169,0.03486222116187522,24489,852,0.03479113071174813,1152,205,0.1779513888888889,1673,BBH,0.5,validation,discovery
0.9351930478848682,33535,1080,0.03220515878932459,24491,793,0.03237924135396676,1154,301,0.2608318890814558,1674,BBH,0.5,validation,discovery
0.9228027210043527,33534,1284,0.03828949722669529,24491,964,0.039361398064595154,1156,281,0.2430795847750865,1675,BBH,0.5,validation,discovery
0.8876905814235581,33526,1878,0.0560162262124918,24483,1358,0.05546705877547686,1151,393,0.34144222415291053,1676,BBH,0.5,validation,discovery
0.9273386357680191,33538,1211,0.036108295068280755,24494,909,0.03711112925614436,1156,293,0.25346020761245674,1677,BBH,0.5,validation,discovery
0.899105762345591,33532,1685,0.05025050697840868,24489,1211,0.049450773816815716,1156,370,0.32006920415224915,1678,BBH,0.5,validation,discovery
0.8447792060455687,33531,2601,0.07757000984163909,24489,1806,0.07374739679039569,1154,429,0.3717504332755633,1679,BBH,0.5,validation,discovery
0.9234334045746386,33539,1278,0.038104892811353944,24492,951,0.03882900538951494,1158,220,0.18998272884283246,1680,BBH,0.5,validation,discovery
0.9312122281662502,33535,1149,0.03426271060086477,24491,814,0.03323669919562288,1155,329,0.28484848484848485,1681,BBH,0.5,validation,discovery
0.9017318861113566,33538,1641,0.048929572425308605,24493,1200,0.04899359000530764,1155,435,0.37662337662337664,1682,BBH,0.5,validation,discovery
0.9435582242976451,33538,940,0.0280279086409446,24494,727,0.02968073813995264,1155,174,0.15064935064935064,1683,BBH,0.5,validation,discovery
0.9264387348469217,33530,1224,0.03650462272591709,24488,904,0.03691604050963737,1155,197,0.17056277056277055,1684,BBH,0.5,validation,discovery
0.9147814495256592,33533,1417,0.042256881281126056,24491,1064,0.04344453064391001,1156,406,0.35121107266435986,1685,BBH,0.5,validation,discovery
0.9241463429298399,33539,1268,0.03780673246071738,24493,906,0.03699016045400727,1159,367,0.3166522864538395,1686,BBH,0.5,validation,discovery
0.9280675038834477,33539,1205,0.035928322251706966,24497,902,0.03682083520431073,1157,353,0.3050993949870354,1687,BBH,0.5,validation,discovery
0.9422108737854188,33543,966,0.02879885520078705,24498,678,0.027675728630908645,1159,255,0.2200172562553926,1688,BBH,0.5,validation,discovery
0.9390514196266234,33531,1016,0.03030031910769139,24490,730,0.029808084932625562,1154,303,0.26256499133448874,1689,BBH,0.5,validation,discovery
0.9094069013151678,33537,1516,0.04520380475295942,24489,1111,0.045367307770835884,1156,314,0.27162629757785467,1690,BBH,0.5,validation,discovery
0.8953991674250557,33525,1746,0.052080536912751677,24485,1180,0.04819277108433735,1155,369,0.3194805194805195,1691,BBH,0.5,validation,discovery
0.9299679799996258,33524,1162,0.03466173487650638,24485,891,0.03638962630181744,1149,300,0.26109660574412535,1692,BBH,0.5,validation,discovery
0.9178117076398324,33533,1372,0.040914919631407864,24496,959,0.03914924885695624,1160,285,0.24568965517241378,1693,BBH,0.5,validation,discovery
0.9080565819293289,33536,1536,0.04580152671755725,24489,1110,0.04532647311037609,1154,400,0.3466204506065858,1694,BBH,0.5,validation,discovery
0.9079107769797855,33538,1538,0.04585842924443914,24494,1112,0.04539887319343513,1158,210,0.18134715025906736,1695,BBH,0.5,validation,discovery
0.9194914255108044,33534,1342,0.04001908510765193,24493,939,0.038337484179153225,1157,394,0.34053586862575624,1696,BBH,0.5,validation,discovery
0.9244868399825902,33538,1262,0.03762895819667243,24493,917,0.037439268362389255,1156,333,0.2880622837370242,1697,BBH,0.5,validation,discovery
0.8944679080874159,33531,1761,0.05251856491008321,24493,1294,0.05283142122239007,1155,451,0.3904761904761905,1698,BBH,0.5,validation,discovery
0.9347891005569301,33532,1087,0.032416795896457115,24490,832,0.03397305022458146,1154,345,0.2989601386481802,1699,BBH,0.5,validation,discovery
0.916623358989434,33535,1394,0.041568510511406,24489,1042,0.042549716199109806,1150,385,0.3347826086956522,1700,BBH,0.5,validation,discovery
0.9234677611277577,33530,1276,0.03805547271100507,24488,966,0.039447892845475334,1154,273,0.2365684575389948,1701,BBH,0.5,validation,discovery
0.9369123503336242,33531,1051,0.03134412931317288,24487,751,0.030669334749050516,1154,285,0.24696707105719237,1702,BBH,0.5,validation,discovery
0.9306063184388229,33538,1161,0.03461744886397519,24495,793,0.03237395386813635,1158,226,0.19516407599309155,1703,BBH,0.5,validation,discovery
0.9323292783925194,33538,1132,0.033752758065477964,24495,842,0.03437436211471729,1157,353,0.3050993949870354,1704,BBH,0.5,validation,discovery
0.9286414807289664,33534,1193,0.03557583348243574,24491,858,0.03503327753052141,1155,305,0.26406926406926406,1705,BBH,0.5,validation,discovery
0.9199893533089886,33528,1334,0.03978764018134097,24490,941,0.0384238464679461,1152,406,0.3524305555555556,1706,BBH,0.5,validation,discovery
0.9326064972560892,33533,1125,0.0335490412429547,24489,830,0.03389276818163257,1153,365,0.3165654813529922,1707,BBH,0.5,validation,discovery
0.9273821190339802,33537,1211,0.036109371738676684,24492,948,0.03870651641352278,1157,207,0.17891097666378566,1708,BBH,0.5,validation,discovery
0.9361594878901738,33536,1069,0.0318761927480916,24494,779,0.03180370703029313,1156,341,0.29498269896193774,1709,BBH,0.5,validation,discovery
0.9237374067572423,33532,1272,0.037933913873315045,24488,931,0.03801862136556681,1158,183,0.15803108808290156,1710,BBH,0.5,validation,discovery
0.9061715727789267,33537,1565,0.04666487759787697,24494,1110,0.045317220543806644,1155,335,0.29004329004329005,1711,BBH,0.5,validation,discovery
0.8992573108138476,33532,1684,0.050220684719074316,24491,1227,0.050100036748193216,1157,374,0.3232497839239412,1712,BBH,0.5,validation,discovery
0.9179417354258244,33532,1370,0.04085649528808302,24488,1058,0.04320483502123489,1155,269,0.2329004329004329,1713,BBH,0.5,validation,discovery
0.8739471433050368,33525,2102,0.06269947800149142,24488,1485,0.06064194707611892,1152,401,0.3480902777777778,1714,BBH,0.5,validation,discovery
0.9327174532537257,33540,1127,0.03360166964818127,24493,780,0.031845833503449966,1158,248,0.2141623488773748,1715,BBH,0.5,validation,discovery
0.9378230848603718,33536,1039,0.030981631679389315,24494,752,0.03070139626030865,1158,253,0.21848013816925735,1716,BBH,0.5,validation,discovery
0.9293979886646118,33533,1177,0.03509975248262905,24489,846,0.03454612274898934,1154,248,0.21490467937608318,1717,BBH,0.5,validation,discovery
0.9365911797329531,33537,1060,0.03160688195127769,24496,777,0.031719464402351405,1157,361,0.31201382886776147,1718,BBH,0.5,validation,discovery
0.921031548044664,33532,1319,0.039335560062030296,24491,965,0.03940222939038831,1155,257,0.22251082251082252,1719,BBH,0.5,validation,discovery
0.9303763052716824,33531,1162,0.034654498821985624,24487,875,0.0357332462122759,1155,255,0.22077922077922077,1720,BBH,0.5,validation,discovery
0.9349989866272995,33534,1085,0.03235522156617165,24493,806,0.0329073612868983,1154,384,0.3327556325823224,1721,BBH,0.5,validation,discovery
0.8917213025071697,33529,1807,0.053893644307912554,24487,1292,0.05276269040715482,1155,318,0.2753246753246753,1722,BBH,0.5,validation,discovery
0.9148493998698691,33529,1421,0.0423812222255361,24492,965,0.03940062061081169,1156,215,0.18598615916955016,1723,BBH,0.5,validation,discovery
0.9264024936390405,33524,1222,0.036451497434673664,24485,942,0.03847253420461507,1148,265,0.2308362369337979,1724,BBH,0.5,validation,discovery
0.9092935300507539,33528,1515,0.04518611309949892,24488,1067,0.04357236197321137,1153,322,0.2792714657415438,1725,BBH,0.5,validation,discovery
0.9244663798869907,33535,1259,0.03754286566274042,24492,924,0.037726604605585495,1155,342,0.2961038961038961,1726,BBH,0.5,validation,discovery
0.9048744618270774,33523,1585,0.04728097127345405,24485,1141,0.046599959158668575,1158,369,0.31865284974093266,1727,BBH,0.5,validation,discovery
0.899824748386054,33534,1675,0.049949305182799546,24492,1205,0.04919973869018455,1152,442,0.3836805555555556,1728,BBH,0.5,validation,discovery
0.8919123820192268,33537,1806,0.05385097056981841,24494,1280,0.05225769576222748,1157,398,0.3439930855661193,1729,BBH,0.5,validation,discovery
0.9359022342785969,33531,1068,0.03185112284154961,24488,750,0.030627245998039856,1157,165,0.14261019878997408,1730,BBH,0.5,validation,discovery
0.8980301671001949,33528,1702,0.050763540921021234,24488,1274,0.05202548186867037,1150,399,0.34695652173913044,1731,BBH,0.5,validation,discovery
0.905669357224203,33539,1576,0.046990071260323805,24495,1184,0.048336395182690346,1157,307,0.26534140017286084,1732,BBH,0.5,validation,discovery
0.9240185159841572,33531,1267,0.03778592943843011,24488,905,0.03695687683763476,1153,318,0.27580225498699046,1733,BBH,0.5,validation,discovery
0.9303569124690979,33541,1163,0.03467398109776095,24496,917,0.03743468321358589,1158,240,0.20725388601036268,1734,BBH,0.5,validation,discovery
0.9287168063207354,33535,1188,0.035425674668257044,24489,874,0.03568949324186369,1159,315,0.271786022433132,1735,BBH,0.5,validation,discovery
0.9313587315848434,33535,1143,0.03408379305203519,24489,883,0.03605700518600188,1151,223,0.19374456993918332,1736,BBH,0.5,validation,discovery
0.925666281679939,33530,1239,0.036951983298538625,24491,950,0.038789759503491075,1155,231,0.2,1737,BBH,0.5,validation,discovery
0.915273951603116,33523,1413,0.04215016555797512,24481,978,0.03994934847432703,1148,506,0.44076655052264807,1738,BBH,0.5,validation,discovery
0.8395769822093259,33534,2681,0.07994870877318543,24494,1875,0.07654935902670042,1156,460,0.39792387543252594,1739,BBH,0.5,validation,discovery
0.9216691471458687,33532,1307,0.03897769295001789,24492,962,0.03927813163481953,1158,365,0.31519861830742657,1740,BBH,0.5,validation,discovery
0.9196952419339262,33543,1347,0.040157409891780696,24497,946,0.038616973506960035,1159,274,0.2364106988783434,1741,BBH,0.5,validation,discovery
0.938401461136824,33535,1027,0.030624720441329953,24494,702,0.028660080019596634,1157,221,0.19101123595505617,1742,BBH,0.5,validation,discovery
0.9286733015242827,33536,1190,0.03548425572519084,24492,872,0.03560346235505471,1157,237,0.2048401037165082,1743,BBH,0.5,validation,discovery
0.9322222948737982,33535,1133,0.03378559713731922,24489,797,0.03254522438645922,1155,288,0.24935064935064935,1744,BBH,0.5,validation,discovery
0.9331174838994578,33539,1118,0.03333432720116879,24496,833,0.0340055519268452,1159,233,0.20103537532355478,1745,BBH,0.5,validation,discovery
0.9058313425529104,33538,1574,0.04693183851153915,24497,1155,0.04714863044454423,1159,343,0.29594477998274377,1746,BBH,0.5,validation,discovery
0.9368882462071135,33537,1051,0.03133852163282345,24493,777,0.031723349528436695,1156,257,0.222318339100346,1747,BBH,0.5,validation,discovery
0.8963560903792,33529,1728,0.05153747502162307,24485,1265,0.051664284255666736,1152,313,0.2717013888888889,1748,BBH,0.5,validation,discovery
0.9232117497268237,33540,1284,0.03828264758497316,24496,962,0.03927171783148269,1158,289,0.24956822107081175,1749,BBH,0.5,validation,discovery
0.9397680075219162,33535,1005,0.029968689428954823,24491,733,0.02992936180637785,1155,283,0.24502164502164503,1750,BBH,0.5,validation,discovery
0.9286457088363406,33538,1191,0.03551195658655853,24493,852,0.034785448903768425,1158,349,0.3013816925734024,1751,BBH,0.5,validation,discovery
0.8997906018700108,33521,1672,0.04987918021538737,24487,1187,0.04847470086168171,1153,417,0.3616652211621856,1752,BBH,0.5,validation,discovery
0.9168721994712136,33531,1383,0.04124541469088306,24489,1060,0.04328474008738618,1153,310,0.2688638334778838,1753,BBH,0.5,validation,discovery
0.9318854355959464,33525,1136,0.033885160328113346,24492,801,0.03270455658990691,1155,260,0.22510822510822512,1754,BBH,0.5,validation,discovery
0.8971613126387236,33531,1715,0.051146700068593245,24490,1213,0.0495304205798285,1155,438,0.37922077922077924,1755,BBH,0.5,validation,discovery
0.9427353722978997,33531,955,0.028481107035280784,24487,677,0.027647323069383754,1154,265,0.2296360485268631,1756,BBH,0.5,validation,discovery
0.915051342469813,33535,1417,0.04225436111525272,24494,1109,0.045276394218992405,1155,305,0.26406926406926406,1757,BBH,0.5,validation,discovery
0.9168127799968302,33530,1388,0.04139576498657918,24488,979,0.03997876510944136,1155,296,0.25627705627705627,1758,BBH,0.5,validation,discovery
0.9319292533074554,33539,1138,0.033930647902441935,24493,860,0.03511207283713714,1156,249,0.21539792387543252,1759,BBH,0.5,validation,discovery
0.9208579921992313,33534,1326,0.03954195741635355,24487,946,0.03863274390492914,1153,339,0.2940156114483955,1760,BBH,0.5,validation,discovery
0.9141168280350501,33536,1435,0.04278983778625954,24493,1031,0.04209365941289348,1157,312,0.2696629213483146,1761,BBH,0.5,validation,discovery
0.9237169075176345,33527,1274,0.037999224505622334,24489,900,0.036751194413818446,1149,457,0.3977371627502176,1762,BBH,0.5,validation,discovery
0.8953765351989496,33523,1749,0.05217313486263163,24483,1267,0.051750194012171714,1154,308,0.2668977469670711,1763,BBH,0.5,validation,discovery
0.932935275596455,33535,1118,0.03333830326524526,24491,808,0.03299171124086399,1155,285,0.24675324675324675,1764,BBH,0.5,validation,discovery
0.9222313544338171,33527,1299,0.0387448921764548,24492,942,0.038461538461538464,1157,432,0.37337942955920483,1765,BBH,0.5,validation,discovery
0.9224964423196131,33527,1291,0.03850627852178841,24488,924,0.0377327670695851,1154,316,0.2738301559792028,1766,BBH,0.5,validation,discovery
0.7717192865739233,33537,3825,0.11405313534305395,24492,2664,0.1087702106810387,1160,570,0.49137931034482757,1767,BBH,0.5,validation,discovery
0.8921600917422691,33534,1805,0.053825967674598914,24492,1237,0.050506287767434266,1155,498,0.43116883116883115,1768,BBH,0.5,validation,discovery
0.9226998864314587,33534,1292,0.03852806107234449,24489,930,0.0379762342276124,1152,382,0.3315972222222222,1769,BBH,0.5,validation,discovery
0.919191945153311,33533,1348,0.040199206751558164,24488,959,0.03916203854949363,1156,214,0.185121107266436,1770,BBH,0.5,validation,discovery
0.9238767346388874,33537,1269,0.03783880490204848,24495,965,0.03939579506021637,1156,248,0.21453287197231835,1771,BBH,0.5,validation,discovery
0.9379224663886516,33531,1034,0.03083713578479616,24490,763,0.03115557370355247,1153,258,0.22376409366869038,1772,BBH,0.5,validation,discovery
0.901795962773555,33531,1636,0.04879067131907787,24490,1224,0.04997958350347081,1158,373,0.3221070811744387,1773,BBH,0.5,validation,discovery
0.918606587880458,33529,1357,0.040472426854364876,24488,1053,0.04300065338124796,1155,283,0.24502164502164503,1774,BBH,0.5,validation,discovery
0.8445507614677658,33533,2599,0.0775057406137238,24489,1800,0.07350238882763689,1152,448,0.3888888888888889,1775,BBH,0.5,validation,discovery
0.9277894594087391,33529,1199,0.035760088281785916,24490,881,0.03597386688444263,1157,256,0.2212618841832325,1776,BBH,0.5,validation,discovery
0.9040058343953999,33539,1604,0.0478249202421062,24493,1116,0.045564038704936104,1154,350,0.30329289428076256,1777,BBH,0.5,validation,discovery
0.8937782934396863,33525,1766,0.05267710663683818,24484,1275,0.05207482437510211,1155,329,0.28484848484848485,1778,BBH,0.5,validation,discovery
0.9123563194180841,33530,1459,0.04351327169698777,24489,1018,0.04156968434807465,1154,281,0.24350086655112652,1779,BBH,0.5,validation,discovery
0.9052797821339377,33526,1581,0.04715743005428623,24487,1186,0.048433862866010535,1153,410,0.35559410234171723,1780,BBH,0.5,validation,discovery
0.8975548004894823,33526,1710,0.05100519000178966,24489,1258,0.05137000285842623,1152,407,0.3532986111111111,1781,BBH,0.5,validation,discovery
0.9152245644462719,33531,1414,0.042169932301452384,24495,1026,0.04188609920391917,1159,251,0.21656600517687663,1782,BBH,0.5,validation,discovery
0.9262185539258723,33546,1234,0.03678530972396113,24499,911,0.037185191232295196,1158,275,0.2374784110535406,1783,BBH,0.5,validation,discovery
0.9046855612600301,33526,1590,0.0474258784227167,24486,1206,0.049252634158294534,1153,346,0.30008673026886384,1784,BBH,0.5,validation,discovery
0.9098119741700713,33538,1504,0.04484465382551136,24494,1117,0.04560300481750633,1158,286,0.2469775474956822,1785,BBH,0.5,validation,discovery
0.9211550719141067,33534,1317,0.03927357308999821,24492,934,0.03813490119222603,1155,325,0.2813852813852814,1786,BBH,0.5,validation,discovery
0.9147814495256592,33533,1422,0.042405988131094745,24489,943,0.038507084813589776,1156,215,0.18598615916955016,1787,BBH,0.5,validation,discovery
0.9151701725902558,33535,1420,0.04234381988966751,24492,1008,0.041156295933366,1153,407,0.35299219427580225,1788,BBH,0.5,validation,discovery
0.9283794261137273,33525,1188,0.03543624161073825,24487,907,0.03704006207375342,1153,246,0.21335646140503037,1789,BBH,0.5,validation,discovery
0.9043728933464611,33538,1594,0.047528176993261374,24494,1286,0.05250265371111293,1157,257,0.22212618841832324,1790,BBH,0.5,validation,discovery
0.9277894594087391,33529,1206,0.035968862775507766,24486,890,0.0363473004982439,1152,323,0.2803819444444444,1791,BBH,0.5,validation,discovery
0.9327688984645142,33532,1123,0.033490397232494334,24488,864,0.035282587389741916,1152,312,0.2708333333333333,1792,BBH,0.5,validation,discovery
0.9224508155629174,33537,1297,0.0386737036705728,24493,909,0.037112644429020535,1156,293,0.25346020761245674,1793,BBH,0.5,validation,discovery
0.9188539063239827,33535,1357,0.04046518562695691,24494,908,0.037070302931330124,1157,397,0.34312878133102853,1794,BBH,0.5,validation,discovery
0.9323252691934212,33534,1124,0.033518220313711454,24492,831,0.033929446349828515,1157,282,0.24373379429559205,1795,BBH,0.5,validation,discovery
0.915213477616599,33534,1417,0.042255621160613106,24496,1008,0.041149575440888306,1160,257,0.22155172413793103,1796,BBH,0.5,validation,discovery
0.9271271940518451,33523,1215,0.036243772932016825,24477,906,0.03701433999264616,1152,160,0.1388888888888889,1797,BBH,0.5,validation,discovery
0.9314893901695006,33530,1139,0.03396957948106174,24491,844,0.034461638969417334,1156,218,0.18858131487889274,1798,BBH,0.5,validation,discovery
0.943020138928935,33534,948,0.028269815709429234,24491,719,0.029357723245273776,1154,211,0.18284228769497402,1799,BBH,0.5,validation,discovery
0.7930240889758571,33529,3465,0.1033433743923171,24489,2447,0.09992241414512638,1158,509,0.43955094991364424,1800,BBH,0.5,validation,discovery
0.9217011770866907,33533,1311,0.03909581606178988,24489,952,0.03887459675772796,1154,287,0.24870017331022531,1801,BBH,0.5,validation,discovery
0.8974911532271423,33533,1713,0.05108400679927236,24490,1218,0.04973458554512046,1155,429,0.37142857142857144,1802,BBH,0.5,validation,discovery
0.9307963334284844,33535,1157,0.034501267332637545,24493,813,0.03319315722859593,1157,284,0.24546240276577355,1803,BBH,0.5,validation,discovery
0.9262488968989026,33533,1228,0.03662064235230966,24489,923,0.03769039160439381,1154,257,0.22270363951473138,1804,BBH,0.5,validation,discovery
0.9354901231859754,33535,1074,0.032026241240495,24494,788,0.03217114395362129,1156,282,0.24394463667820068,1805,BBH,0.5,validation,discovery
0.9341315920144374,33530,1100,0.03280644199224575,24491,847,0.03458413294679678,1153,234,0.20294882914137033,1806,BBH,0.5,validation,discovery
0.9271836338560696,33532,1213,0.03617440057258738,24491,886,0.03617655465272957,1157,255,0.22039757994814174,1807,BBH,0.5,validation,discovery
0.902039444281326,33536,1637,0.04881321564885496,24494,1182,0.048256715930431945,1159,377,0.3252804141501294,1808,BBH,0.5,validation,discovery
0.8879514309605328,33531,1874,0.05588858071635203,24491,1305,0.0532848801600588,1157,401,0.3465859982713915,1809,BBH,0.5,validation,discovery
0.9232460742950186,33532,1279,0.038142669688655616,24490,885,0.0361371988566762,1154,265,0.2296360485268631,1810,BBH,0.5,validation,discovery
0.8724583121777371,33539,2136,0.06368705089597185,24493,1455,0.05940472788143551,1159,414,0.3572044866264021,1811,BBH,0.5,validation,discovery
0.9135931130102974,33534,1439,0.042911671736148384,24492,1116,0.04556589906908378,1160,274,0.23620689655172414,1812,BBH,0.5,validation,discovery
0.9334343933554428,33529,1106,0.03298637000805273,24488,802,0.032750735053903954,1153,314,0.2723330442324371,1813,BBH,0.5,validation,discovery
0.8918332981526593,33535,1813,0.05406291933800507,24494,1267,0.051726953539642365,1157,415,0.35868625756266204,1814,BBH,0.5,validation,discovery
0.9333947561669727,33534,1111,0.03313055406453152,24490,841,0.03434054716210698,1155,228,0.1974025974025974,1815,BBH,0.5,validation,discovery
0.9349276074776547,33537,1085,0.03235232728031726,24491,751,0.030664325670654528,1152,313,0.2717013888888889,1816,BBH,0.5,validation,discovery
0.8765690966859554,33531,2063,0.0615251558259521,24488,1490,0.06084612871610585,1153,432,0.3746747614917606,1817,BBH,0.5,validation,discovery
0.9237419247911958,33536,1272,0.037929389312977096,24492,948,0.03870651641352278,1155,258,0.22337662337662337,1818,BBH,0.5,validation,discovery
0.8971468540993517,33541,1723,0.0513699651173191,24497,1223,0.04992448054863861,1158,343,0.29620034542314333,1819,BBH,0.5,validation,discovery
0.9002020643887102,33530,1668,0.049746495675514465,24487,1177,0.048066320904969984,1155,469,0.40606060606060607,1820,BBH,0.5,validation,discovery
0.9258648834301082,33535,1237,0.03688683465036529,24493,919,0.037520924345731434,1157,264,0.22817631806395852,1821,BBH,0.5,validation,discovery
0.864701092986133,33537,2262,0.06744789337150013,24494,1617,0.06601616722462644,1158,427,0.3687392055267703,1822,BBH,0.5,validation,discovery
0.9361316727730912,33538,1068,0.031844474923966845,24494,755,0.030823875234751368,1155,213,0.18441558441558442,1823,BBH,0.5,validation,discovery
0.9378583164375005,33542,1043,0.0310953431518693,24497,755,0.03082010042045965,1158,269,0.23229706390328153,1824,BBH,0.5,validation,discovery
0.9147865005295787,33537,1420,0.04234129468944747,24493,1028,0.04197117543788021,1155,321,0.2779220779220779,1825,BBH,0.5,validation,discovery
0.9248228930804682,33533,1258,0.03751528345212179,24491,954,0.03895308480666367,1155,297,0.2571428571428571,1826,BBH,0.5,validation,discovery
0.8947783334448723,33527,1747,0.05210725683777254,24485,1256,0.051296712272820094,1154,408,0.3535528596187175,1827,BBH,0.5,validation,discovery
0.9223639970418365,33539,1292,0.038522317302245146,24495,959,0.03915084711165544,1156,311,0.2690311418685121,1828,BBH,0.5,validation,discovery
0.9138315838660062,33524,1436,0.042834983892136975,24488,1042,0.04255145377327671,1153,337,0.29228100607111884,1829,BBH,0.5,validation,discovery
0.9169687085553897,33536,1386,0.0413287213740458,24491,991,0.040463843861010165,1157,290,0.25064822817631804,1830,BBH,0.5,validation,discovery
0.8973826118734973,33530,1718,0.05123769758425291,24490,1185,0.04838709677419355,1154,323,0.27989601386481805,1831,BBH,0.5,validation,discovery
0.905620600651539,33536,1580,0.04711354961832061,24492,1106,0.04515760248244325,1156,495,0.4282006920415225,1832,BBH,0.5,validation,discovery
0.9123724720556062,33531,1466,0.043720736035310605,24492,1057,0.043156949207904624,1154,487,0.4220103986135182,1833,BBH,0.5,validation,discovery
0.9163262869956299,33533,1395,0.04160081114126383,24492,965,0.03940062061081169,1157,292,0.25237683664649957,1834,BBH,0.5,validation,discovery
0.8969727720403534,33537,1723,0.051376092077407044,24490,1226,0.05006124948958759,1157,348,0.30077787381158166,1835,BBH,0.5,validation,discovery
0.9126966886459738,33529,1458,0.04348474454949447,24490,1076,0.04393630053082891,1153,390,0.3382480485689506,1836,BBH,0.5,validation,discovery
0.8703118021230972,33535,2171,0.06473833308483674,24490,1501,0.06129032258064516,1155,417,0.36103896103896105,1837,BBH,0.5,validation,discovery
0.8969605704252701,33526,1723,0.05139294875618922,24484,1189,0.04856232641725208,1150,372,0.3234782608695652,1838,BBH,0.5,validation,discovery
0.928164007615698,33535,1204,0.035902788131802595,24489,851,0.034750296051288335,1154,308,0.2668977469670711,1839,BBH,0.5,validation,discovery
0.9329075554533639,33537,1120,0.03339595074097266,24494,849,0.03466154976728995,1157,336,0.2904062229904927,1840,BBH,0.5,validation,discovery
0.9299051075251635,33535,1170,0.034888922021768305,24494,865,0.035314770964317795,1156,307,0.2655709342560554,1841,BBH,0.5,validation,discovery
0.9067978219481773,33530,1554,0.04634655532359081,24488,1204,0.04916693890885332,1153,295,0.25585429314830876,1842,BBH,0.5,validation,discovery
0.9096770937994136,33526,1505,0.04489053272087335,24487,1166,0.04761710295258709,1154,295,0.255632582322357,1843,BBH,0.5,validation,discovery
0.9333392893998588,33538,1114,0.03321605343192796,24495,858,0.03502755664421311,1155,277,0.23982683982683983,1844,BBH,0.5,validation,discovery
0.934341524939898,33530,1092,0.0325678496868476,24488,786,0.03209735380594577,1152,321,0.2786458333333333,1845,BBH,0.5,validation,discovery
0.8531408444486114,33535,2460,0.07335619502012822,24492,1764,0.0720235178833905,1154,542,0.4696707105719237,1846,BBH,0.5,validation,discovery
0.919929932068665,33528,1335,0.03981746599856836,24489,967,0.039487116664624934,1153,214,0.18560277536860365,1847,BBH,0.5,validation,discovery
0.9212692405755762,33531,1313,0.039157794279920076,24489,928,0.0378945649066928,1154,204,0.17677642980935876,1848,BBH,0.5,validation,discovery
0.9367182890326187,33532,1058,0.03155195037576047,24489,741,0.030258483400710523,1155,237,0.2051948051948052,1849,BBH,0.5,validation,discovery
0.9341552346448377,33537,1098,0.03273995885141784,24492,783,0.03196962273395394,1159,202,0.1742881794650561,1850,BBH,0.5,validation,discovery
0.9091908658947592,33529,1514,0.04515494049926929,24491,1026,0.04189294026377036,1156,273,0.23615916955017302,1851,BBH,0.5,validation,discovery
0.922226753339096,33523,1293,0.03857053366345494,24486,927,0.03785836804704729,1154,200,0.1733102253032929,1852,BBH,0.5,validation,discovery
0.9193036029858437,33528,1349,0.04023502743975185,24488,907,0.03703854949362953,1151,388,0.3370981754995656,1853,BBH,0.5,validation,discovery
0.9327253309076253,33533,1119,0.033370113022992275,24492,825,0.0336844683978442,1156,253,0.21885813148788927,1854,BBH,0.5,validation,discovery
0.9324559559732094,33531,1125,0.03355104231904805,24491,835,0.034094157037279,1157,225,0.1944684528954192,1855,BBH,0.5,validation,discovery
0.8944389577638617,33524,1761,0.05252953108220976,24480,1305,0.05330882352941176,1151,299,0.25977410947002605,1856,BBH,0.5,validation,discovery
0.9329431836995172,33528,1114,0.03322596039131472,24489,835,0.03409694148393156,1151,282,0.24500434404865334,1857,BBH,0.5,validation,discovery
0.928284978926587,33534,1197,0.03569511540526033,24492,896,0.036583374162992,1154,351,0.304159445407279,1858,BBH,0.5,validation,discovery
0.9224622226595584,33534,1292,0.03852806107234449,24489,957,0.03907877006002695,1156,297,0.2569204152249135,1859,BBH,0.5,validation,discovery
0.9266401730962597,33526,1220,0.03638966772057508,24484,936,0.03822904754125143,1151,298,0.25890529973935705,1860,BBH,0.5,validation,discovery
0.9198140579331424,33543,1341,0.03997853501475718,24496,974,0.039761593729588506,1157,403,0.34831460674157305,1861,BBH,0.5,validation,discovery
0.9182516067322148,33518,1364,0.04069455218091771,24479,1025,0.04187262551574819,1146,410,0.35776614310645727,1862,BBH,0.5,validation,discovery
0.9309192573042534,33539,1155,0.0344375204985241,24494,837,0.03417163386951907,1158,272,0.23488773747841105,1863,BBH,0.5,validation,discovery
0.9204854526132309,33535,1328,0.0396004174742806,24494,1016,0.04147954601126807,1155,349,0.3021645021645022,1864,BBH,0.5,validation,discovery
0.9210088726258706,33536,1317,0.03927123091603053,24491,1014,0.041402964354252586,1156,381,0.3295847750865052,1865,BBH,0.5,validation,discovery
0.9276546769335192,33530,1203,0.03587831792424694,24485,913,0.03728813559322034,1152,216,0.1875,1866,BBH,0.5,validation,discovery
0.9309469167239053,33537,1154,0.03440975638846647,24494,843,0.03441659181840451,1160,185,0.15948275862068967,1867,BBH,0.5,validation,discovery
0.9332838693774184,33527,1111,0.03313747129179467,24488,837,0.03418000653381248,1155,213,0.18441558441558442,1868,BBH,0.5,validation,discovery
0.915441125422273,33526,1410,0.04205691105410726,24488,1018,0.04157138190133943,1151,309,0.2684622067767159,1869,BBH,0.5,validation,discovery
0.9078189252193006,33536,1537,0.045831345419847326,24494,1122,0.04580713644157753,1157,315,0.2722558340535869,1870,BBH,0.5,validation,discovery
0.9338700837107732,33534,1100,0.03280252877676388,24491,833,0.034012494385692704,1158,184,0.15889464594127806,1871,BBH,0.5,validation,discovery
0.9191943457959291,33534,1351,0.040287469434007274,24490,991,0.04046549612086566,1154,447,0.3873483535528596,1872,BBH,0.5,validation,discovery
0.9185134771705735,33536,1362,0.04061307251908397,24496,963,0.03931254082299151,1157,381,0.3292999135695765,1873,BBH,0.5,validation,discovery
0.8879415597910386,33534,1875,0.055913401324029346,24494,1265,0.05164530089001388,1157,390,0.33707865168539325,1874,BBH,0.5,validation,discovery
0.9356803661859372,33533,1073,0.031998330003280354,24488,835,0.03409833387781771,1154,209,0.18110918544194107,1875,BBH,0.5,validation,discovery
0.8888130318863444,33522,1851,0.05521746912475389,24482,1297,0.052977697900498326,1148,379,0.33013937282229966,1876,BBH,0.5,validation,discovery
0.8940879575394249,33534,1772,0.052841891811296,24493,1282,0.052341485322337,1156,279,0.24134948096885814,1877,BBH,0.5,validation,discovery
0.9220943357939249,33537,1302,0.038822792736380715,24494,876,0.035763860537274435,1158,330,0.2849740932642487,1878,BBH,0.5,validation,discovery
0.8618323518288271,33536,2315,0.06903029580152671,24491,1649,0.06733085623290189,1155,490,0.42424242424242425,1879,BBH,0.5,validation,discovery
0.9052584993824955,33532,1580,0.04711916974830013,24489,1132,0.04622483564049165,1153,397,0.3443191673894189,1880,BBH,0.5,validation,discovery
0.922690732205663,33526,1289,0.03844777187854203,24489,980,0.04001796725060231,1152,254,0.2204861111111111,1881,BBH,0.5,validation,discovery
0.9397451167977523,33528,1005,0.02997494631352899,24489,788,0.032177712442321045,1152,199,0.17274305555555555,1882,BBH,0.5,validation,discovery
0.9370191286884523,33534,1049,0.031281684260750287,24488,796,0.032505717085919636,1155,212,0.18354978354978355,1883,BBH,0.5,validation,discovery
0.9127341551211784,33535,1457,0.0434471447741166,24492,1062,0.04336109750122489,1157,302,0.2610198789974071,1884,BBH,0.5,validation,discovery
0.9315964112180315,33533,1139,0.03396654042286703,24491,887,0.036217385978522726,1153,270,0.2341717259323504,1885,BBH,0.5,validation,discovery
0.9132204723349587,33532,1444,0.0430633424788262,24490,1043,0.042588811759902,1152,371,0.3220486111111111,1886,BBH,0.5,validation,discovery
0.9202364883182785,33536,1330,0.039658874045801526,24494,977,0.039887319343512695,1155,451,0.3904761904761905,1887,BBH,0.5,validation,discovery
0.9061771383072253,33541,1568,0.046748755254762825,24494,1175,0.04797093165673226,1156,346,0.29930795847750863,1888,BBH,0.5,validation,discovery
0.9123453596691672,33533,1462,0.04359884293084424,24491,1067,0.04356702462128945,1155,311,0.26926406926406926,1889,BBH,0.5,validation,discovery
0.9246401804700519,33530,1258,0.03751864002385923,24489,934,0.03813957286945159,1155,262,0.22683982683982684,1890,BBH,0.5,validation,discovery
0.9332125549266157,33530,1108,0.033045034297643903,24489,820,0.03348442157703459,1156,154,0.13321799307958476,1891,BBH,0.5,validation,discovery
0.9309981587047601,33529,1150,0.034298666825732946,24491,863,0.03523743415948716,1155,240,0.2077922077922078,1892,BBH,0.5,validation,discovery
0.8966982162545853,33539,1726,0.05146247651987239,24493,1252,0.0511166455722043,1157,370,0.3197925669835782,1893,BBH,0.5,validation,discovery
0.9270561661384812,33524,1215,0.036242691802887486,24489,908,0.037077871697496836,1153,323,0.28013876843018215,1894,BBH,0.5,validation,discovery
0.9141711488142382,33532,1433,0.04273529762614816,24488,1040,0.04246978111728193,1152,419,0.3637152777777778,1895,BBH,0.5,validation,discovery
0.8933395691011261,33519,1778,0.053044541901608046,24484,1290,0.052687469367750366,1153,311,0.2697311361665221,1896,BBH,0.5,validation,discovery
0.923748875110046,33529,1272,0.037937308002028096,24490,961,0.039240506329113925,1156,237,0.2050173010380623,1897,BBH,0.5,validation,discovery
0.9011051231610016,33536,1652,0.049260496183206104,24498,1184,0.048330475957220995,1160,323,0.27844827586206894,1898,BBH,0.5,validation,discovery
0.9199394174307433,33536,1343,0.04004651717557252,24493,954,0.038949904054219574,1155,295,0.2554112554112554,1899,BBH,0.5,validation,discovery
0.9135608438850503,33531,1442,0.04300498046583758,24489,1027,0.04193719629221283,1153,318,0.27580225498699046,1900,BBH,0.5,validation,discovery
0.8539219111748578,33539,2446,0.0729300217657056,24494,1734,0.07079284722789254,1159,504,0.43485763589301124,1901,BBH,0.5,validation,discovery
0.880150964302346,33530,2004,0.0597673725022368,24490,1394,0.056921192323397304,1157,334,0.28867761452031115,1902,BBH,0.5,validation,discovery
0.9349079359741311,33532,1085,0.032357151377788385,24488,815,0.03328160731786998,1156,286,0.24740484429065743,1903,BBH,0.5,validation,discovery
0.8330238972687545,33533,2796,0.08338055050249009,24493,1964,0.08018617564202017,1157,453,0.3915298184961106,1904,BBH,0.5,validation,discovery
0.8280922897670152,33535,2881,0.0859102430296705,24494,1903,0.07769249612149914,1157,601,0.5194468452895419,1905,BBH,0.5,validation,discovery
0.8753807042403962,33529,2084,0.06215514927376301,24486,1413,0.05770644449889733,1154,428,0.3708838821490468,1906,BBH,0.5,validation,discovery
0.9019042952463514,33536,1645,0.04905176526717557,24491,1136,0.0463843861010167,1154,446,0.38648180242634317,1907,BBH,0.5,validation,discovery
0.9299645119159157,33537,1173,0.034976294838536544,24494,871,0.035559728913203234,1157,212,0.18323249783923942,1908,BBH,0.5,validation,discovery
0.8957290874185154,33527,1740,0.05189846988993945,24484,1285,0.052483254370200946,1152,261,0.2265625,1909,BBH,0.5,validation,discovery
0.9212919631888684,33525,1312,0.039134973900074574,24489,1024,0.041814692310833436,1155,317,0.27445887445887446,1910,BBH,0.5,validation,discovery
0.8945219104752754,33516,1758,0.05245255997135696,24480,1312,0.05359477124183006,1154,321,0.2781629116117851,1911,BBH,0.5,validation,discovery
0.9336521876658588,33539,1108,0.03303616685053221,24495,835,0.03408858950806287,1159,199,0.17169974115616912,1912,BBH,0.5,validation,discovery
0.8671885720854116,33533,2222,0.06626308412608475,24491,1572,0.06418684414682944,1158,368,0.3177892918825561,1913,BBH,0.5,validation,discovery
0.8691079761565084,33527,2192,0.06538014137859038,24486,1523,0.06219880748182635,1156,391,0.3382352941176471,1914,BBH,0.5,validation,discovery
0.9226518883802965,33531,1288,0.038412215561719004,24492,1037,0.04234035603462355,1153,223,0.19340849956634865,1915,BBH,0.5,validation,discovery
0.9221171210570469,33531,1299,0.038740270197727474,24491,906,0.03699318116859254,1156,403,0.3486159169550173,1916,BBH,0.5,validation,discovery
0.9119456007529698,33534,1470,0.043836106638039,24494,1034,0.04221441985792439,1155,348,0.3012987012987013,1917,BBH,0.5,validation,discovery
0.9074352288972427,33529,1542,0.0459900384741567,24491,1191,0.04863010901963987,1153,302,0.2619254119687771,1918,BBH,0.5,validation,discovery
0.9167372729446669,33529,1388,0.04139699961227594,24489,1018,0.04156968434807465,1158,245,0.21157167530224524,1919,BBH,0.5,validation,discovery
0.9270010596671647,33528,1215,0.036238367931281316,24488,864,0.035282587389741916,1151,329,0.2858384013900956,1920,BBH,0.5,validation,discovery
0.927172014754979,33535,1215,0.03623080363799016,24495,873,0.035639926515615435,1156,326,0.2820069204152249,1921,BBH,0.5,validation,discovery
0.9047781842802014,33539,1590,0.047407495751215,24493,1157,0.04723798636345078,1159,305,0.2631578947368421,1922,BBH,0.5,validation,discovery
0.9086345159659015,33535,1527,0.04553451617712837,24491,1064,0.04344453064391001,1152,354,0.3072916666666667,1923,BBH,0.5,validation,discovery
0.8947517407311896,33529,1756,0.052372572996510484,24483,1278,0.05219948535718662,1153,402,0.34865568083261056,1924,BBH,0.5,validation,discovery
0.9116599229671096,33520,1469,0.04382458233890215,24489,1027,0.04193719629221283,1153,411,0.3564614050303556,1925,BBH,0.5,validation,discovery
0.9302339571859203,33537,1165,0.03473775233324388,24493,862,0.035193728820479324,1157,248,0.2143474503025065,1926,BBH,0.5,validation,discovery
0.9126314735973734,33536,1464,0.043654580152671756,24491,1032,0.042137928218529255,1155,486,0.42077922077922075,1927,BBH,0.5,validation,discovery
0.9182822022353435,33529,1363,0.04065137642041218,24489,962,0.03928294336232594,1154,357,0.3093587521663778,1928,BBH,0.5,validation,discovery
0.9322658532504461,33534,1134,0.033816425120772944,24489,806,0.03291273633059741,1154,284,0.24610051993067592,1929,BBH,0.5,validation,discovery
0.9213379821361793,33538,1316,0.03923907209732244,24495,1002,0.04090630740967544,1158,237,0.20466321243523317,1930,BBH,0.5,validation,discovery
0.8803030493387839,33534,2005,0.059790063815828715,24491,1427,0.058266301906822915,1156,418,0.3615916955017301,1931,BBH,0.5,validation,discovery
0.9372688618824574,33531,1047,0.031224836718260714,24495,776,0.03167993468054705,1158,248,0.2141623488773748,1932,BBH,0.5,validation,discovery
0.9196970025724102,33532,1341,0.039991649767386374,24491,967,0.039483892041974604,1153,373,0.32350390286209885,1933,BBH,0.5,validation,discovery
0.932135182620547,33537,1135,0.0338432179383964,24494,816,0.03331428104842002,1158,398,0.3436960276338515,1934,BBH,0.5,validation,discovery
0.9345433606098607,33539,1095,0.03264855839470467,24493,755,0.030825133711672722,1157,226,0.19533275713050993,1935,BBH,0.5,validation,discovery
0.9199507133674839,33533,1336,0.039841350311633314,24493,943,0.03850079614583759,1159,264,0.2277825711820535,1936,BBH,0.5,validation,discovery
0.9123834345475773,33528,1460,0.043545693151992367,24488,1028,0.0419797451813133,1155,298,0.258008658008658,1937,BBH,0.5,validation,discovery
0.9210495952612854,33520,1313,0.03917064439140811,24478,943,0.03852438924748754,1149,353,0.3072236727589208,1938,BBH,0.5,validation,discovery
0.8956022002216891,33541,1748,0.05211532154676366,24497,1228,0.050128587173939664,1159,410,0.3537532355478861,1939,BBH,0.5,validation,discovery
0.8767119465687491,33534,2062,0.061489831216079205,24494,1424,0.05813668653547808,1160,435,0.375,1940,BBH,0.5,validation,discovery
0.9237923126896942,33528,1270,0.03787878787878788,24488,889,0.036303495589676577,1153,304,0.26366001734605377,1941,BBH,0.5,validation,discovery
0.8866509436839828,33535,1893,0.056448486655732814,24491,1387,0.05663304887509697,1157,406,0.3509075194468453,1942,BBH,0.5,validation,discovery
0.9075650448819164,33536,1549,0.046189169847328244,24490,1057,0.043160473662719474,1154,465,0.40294627383015597,1943,BBH,0.5,validation,discovery
0.8959503793161092,33526,1734,0.051721052317604245,24486,1267,0.05174385363064608,1155,426,0.36883116883116884,1944,BBH,0.5,validation,discovery
0.8998678262578663,33533,1674,0.0499209733695166,24489,1150,0.046959859528768015,1155,474,0.4103896103896104,1945,BBH,0.5,validation,discovery
0.9179305412913685,33533,1368,0.04079563415143292,24492,942,0.038461538461538464,1156,225,0.19463667820069205,1946,BBH,0.5,validation,discovery
0.9425885239851298,33533,962,0.028688157933975486,24491,716,0.02923522926789433,1157,163,0.14088159031979255,1947,BBH,0.5,validation,discovery
0.886981078548164,33537,1889,0.056325849062229774,24491,1317,0.053774856069576576,1158,308,0.2659758203799655,1948,BBH,0.5,validation,discovery
0.9204694327842162,33532,1330,0.039663604914708335,24490,897,0.036627194773376885,1156,328,0.2837370242214533,1949,BBH,0.5,validation,discovery
0.9420660566097244,33531,966,0.028809161671289253,24488,677,0.027646194054230643,1159,182,0.15703192407247626,1950,BBH,0.5,validation,discovery
0.9032162749609549,33527,1612,0.04808065141527724,24487,1100,0.04492179523828971,1155,320,0.27705627705627706,1951,BBH,0.5,validation,discovery
0.9246862414493303,33517,1253,0.03738401408240594,24483,938,0.03831229832945309,1153,308,0.26712922810060713,1952,BBH,0.5,validation,discovery
0.8991057766306124,33530,1681,0.05013420817178646,24484,1252,0.05113543538637477,1153,390,0.3382480485689506,1953,BBH,0.5,validation,discovery
0.9207458013499997,33527,1326,0.039550213260953856,24485,905,0.036961404941801106,1155,283,0.24502164502164503,1954,BBH,0.5,validation,discovery
0.9283125572099821,33534,1196,0.03566529492455418,24492,900,0.03674669279764821,1156,318,0.2750865051903114,1955,BBH,0.5,validation,discovery
0.9140735409915938,33537,1436,0.0428183797000328,24493,1007,0.04111378761278733,1157,346,0.2990492653414002,1956,BBH,0.5,validation,discovery
0.8844525864557908,33535,1934,0.057671089906068285,24492,1402,0.057243181447003105,1155,478,0.41385281385281386,1957,BBH,0.5,validation,discovery
0.9281979881042263,33536,1197,0.03569298664122137,24492,855,0.0349093581577658,1155,403,0.3489177489177489,1958,BBH,0.5,validation,discovery
0.9184910208901262,33542,1361,0.040575994275833284,24496,985,0.0402106466361855,1157,219,0.18928262748487468,1959,BBH,0.5,validation,discovery
0.9335888412588904,33535,1107,0.0330102877590577,24493,836,0.03413220103703099,1155,260,0.22510822510822512,1960,BBH,0.5,validation,discovery
0.9335413286763202,33532,1109,0.03307288560181319,24488,797,0.03254655341391702,1155,270,0.23376623376623376,1961,BBH,0.5,validation,discovery
0.9266575672553257,33540,1224,0.036493738819320214,24498,843,0.03441097232427137,1159,268,0.23123382226056946,1962,BBH,0.5,validation,discovery
0.8651169860499575,33537,2261,0.06741807555833855,24493,1616,0.06597803454048096,1158,460,0.39723661485319517,1963,BBH,0.5,validation,discovery
0.9140684355152301,33535,1440,0.042940211719099446,24490,1059,0.04324213964883626,1153,303,0.26279271465741544,1964,BBH,0.5,validation,discovery
0.921548251609616,33540,1312,0.039117471675611214,24492,915,0.03735913767760902,1157,340,0.2938634399308557,1965,BBH,0.5,validation,discovery
0.9236505301065356,33536,1276,0.03804866412213741,24490,914,0.03732135565536954,1153,258,0.22376409366869038,1966,BBH,0.5,validation,discovery
0.9303368984944808,33536,1160,0.03458969465648855,24493,825,0.033683093128649,1156,222,0.19204152249134948,1967,BBH,0.5,validation,discovery
0.9286288020078565,33522,1186,0.03537975061153869,24483,891,0.036392598946207576,1152,243,0.2109375,1968,BBH,0.5,validation,discovery
0.9195027030322701,33531,1345,0.04011213503921744,24491,981,0.04005553060307868,1156,393,0.3399653979238754,1969,BBH,0.5,validation,discovery
0.9239521282728224,33538,1273,0.03795694436161966,24495,860,0.03510920596040008,1158,292,0.25215889464594127,1970,BBH,0.5,validation,discovery
0.9289736182634568,33527,1189,0.03546395442479196,24487,877,0.035814922203618246,1151,332,0.2884448305821025,1971,BBH,0.5,validation,discovery
0.907165097551825,33525,1546,0.046114839671886655,24486,1163,0.0474965286286041,1151,279,0.24239791485664638,1972,BBH,0.5,validation,discovery
0.9430885197306128,33527,945,0.028186237957467115,24488,704,0.028748774910160077,1156,208,0.17993079584775087,1973,BBH,0.5,validation,discovery
0.9251155433287216,33529,1250,0.037281159593187986,24489,884,0.03609783984646168,1153,288,0.24978317432784042,1974,BBH,0.5,validation,discovery
0.9167533605224469,33530,1387,0.041365940948404414,24488,985,0.040223783077425676,1154,340,0.29462738301559793,1975,BBH,0.5,validation,discovery
0.9237968244658427,33532,1273,0.03796373613264941,24490,935,0.038178848509595756,1153,295,0.25585429314830876,1976,BBH,0.5,validation,discovery
0.912334402709838,33536,1462,0.0435949427480916,24495,1109,0.04527454582567871,1156,367,0.31747404844290655,1977,BBH,0.5,validation,discovery
0.922453022265004,33528,1296,0.03865425912670007,24487,965,0.039408665822681425,1152,376,0.3263888888888889,1978,BBH,0.5,validation,discovery
0.9166988761909759,33534,1393,0.04153992962366553,24492,981,0.04005389514943655,1155,433,0.3748917748917749,1979,BBH,0.5,validation,discovery
0.8833499486943347,33533,1952,0.058211314227775625,24492,1411,0.05761064837497958,1154,364,0.31542461005199307,1980,BBH,0.5,validation,discovery
0.9140574138575432,33536,1435,0.04278983778625954,24492,1121,0.04577004736240405,1155,316,0.2735930735930736,1981,BBH,0.5,validation,discovery
0.9096932864063987,33527,1507,0.044948847197780896,24485,1018,0.04157647539309781,1150,444,0.38608695652173913,1982,BBH,0.5,validation,discovery
0.9235865854025506,33532,1276,0.03805320291065251,24491,967,0.039483892041974604,1157,210,0.1815038893690579,1983,BBH,0.5,validation,discovery
0.9373598433175372,33533,1046,0.031193153013449437,24494,716,0.029231648566995998,1158,203,0.17530224525043178,1984,BBH,0.5,validation,discovery
0.9186274708448765,33534,1361,0.040585674241068764,24491,999,0.04079049446735535,1156,332,0.28719723183391005,1985,BBH,0.5,validation,discovery
0.9349395706843247,33534,1084,0.0323254010854655,24491,832,0.03397166305989956,1156,182,0.157439446366782,1986,BBH,0.5,validation,discovery
0.9250516883000957,33525,1244,0.03710663683818046,24487,904,0.0369175480867399,1152,341,0.2960069444444444,1987,BBH,0.5,validation,discovery
0.938144371300428,33530,1031,0.0307485833581867,24489,708,0.02891093960553718,1156,166,0.14359861591695502,1988,BBH,0.5,validation,discovery
0.9249825538990524,33543,1255,0.037414661777420026,24497,961,0.039229293382863205,1159,323,0.2786885245901639,1989,BBH,0.5,validation,discovery
0.9200855849405553,33534,1335,0.039810341742708893,24490,1023,0.04177215189873418,1153,295,0.25585429314830876,1990,BBH,0.5,validation,discovery
0.9420974787147882,33532,969,0.02889776929500179,24487,693,0.028300731000122516,1156,252,0.2179930795847751,1991,BBH,0.5,validation,discovery
0.9272546606415628,33531,1215,0.03623512570457189,24486,936,0.03822592501837785,1154,319,0.27642980935875217,1992,BBH,0.5,validation,discovery
0.8685563733559218,33526,2195,0.06547157430054286,24484,1534,0.06265316124816206,1150,379,0.32956521739130434,1993,BBH,0.5,validation,discovery
0.934523659083499,33534,1093,0.03259378541182084,24490,796,0.03250306247447938,1154,185,0.16031195840554593,1994,BBH,0.5,validation,discovery
0.9212031363714437,33537,1316,0.03924024212064287,24494,973,0.03972401404425573,1155,342,0.2961038961038961,1995,BBH,0.5,validation,discovery
0.9328758605362336,33535,1120,0.03339794244818846,24489,801,0.03270856302829842,1156,210,0.18166089965397925,1996,BBH,0.5,validation,discovery
0.8954811744657984,33532,1745,0.052039842538470715,24491,1236,0.05046751868033155,1157,248,0.2143474503025065,1997,BBH,0.5,validation,discovery
0.9255909061873914,33529,1242,0.03704256017179158,24487,920,0.03757095601747866,1156,300,0.25951557093425603,1998,BBH,0.5,validation,discovery
0.8728942528246717,33526,2125,0.06338364254608364,24487,1494,0.06101196553273165,1158,301,0.2599309153713299,1999,BBH,0.5,validation,discovery
