replicate,family_score_shift_range_points,family_percentile_shift_range,kendall_tau_b,all_eligible_pairs,all_flips,all_flip_rate,cross_family_eligible_pairs,cross_family_flips,cross_family_flip_rate,close_cross_family_eligible_pairs,close_cross_family_flips,close_cross_family_flip_rate,benchmark,anchor_fraction,audit_half,target_half
0,0.34130427875839486,0.01550273422157769,0.965500017799285,27866,475,0.017045862341204334,19886,269,0.013527104495625063,1074,256,0.2383612662942272,BBH,0.5,discovery,validation
1,0.4203001121667639,0.005092894393741849,0.9665731135511366,27866,463,0.016615230029426543,19886,272,0.01367796439706326,1074,254,0.23649906890130354,BBH,0.5,discovery,validation
2,0.2869343781999459,0.008367774049700228,0.969577781656321,27866,420,0.015072130912222781,19886,235,0.011817358945992154,1074,225,0.20949720670391062,BBH,0.5,discovery,validation
3,0.43788653188932875,0.013334995014955144,0.9629245879948412,27866,512,0.018373645302519198,19886,294,0.014784270340943378,1074,272,0.2532588454376164,BBH,0.5,discovery,validation
4,0.44173372364555397,0.016341939912350174,0.9629961277116312,27866,513,0.01840953132850068,19886,333,0.01674544905963995,1074,306,0.2849162011173184,BBH,0.5,discovery,validation
5,0.3813088077282302,0.013070636575123112,0.9657146369496553,27866,473,0.01697409028924137,19886,285,0.014331690636628784,1074,256,0.2383612662942272,BBH,0.5,discovery,validation
6,0.3789393409953068,0.008345156837180772,0.9599914596064466,27866,553,0.019844972367759995,19886,307,0.0154379965805089,1074,274,0.25512104283054005,BBH,0.5,discovery,validation
7,0.36263668239946156,0.008489115985377202,0.9648561603481739,27866,485,0.017404722601019162,19886,287,0.014432263904254249,1074,264,0.24581005586592178,BBH,0.5,discovery,validation
8,0.1889633682352753,0.00596335992023928,0.9592045227217555,27866,563,0.020203832627574823,19886,361,0.01815347480639646,1074,325,0.3026070763500931,BBH,0.5,discovery,validation
9,0.1994068258462497,0.005675729819886141,0.9677892887365684,27866,444,0.01593339553577837,19886,269,0.013527104495625063,1074,247,0.22998137802607077,BBH,0.5,discovery,validation
10,0.31782777252149874,0.01593153137585263,0.9616368730926191,27866,531,0.019055479796167372,19886,321,0.016142009453887156,1074,287,0.2672253258845438,BBH,0.5,discovery,validation
11,0.23419576606365602,0.004659535379874358,0.9705793376913826,27866,405,0.014533840522500539,19886,219,0.011012772804988434,1074,216,0.2011173184357542,BBH,0.5,discovery,validation
12,0.6363088325711636,0.014234380192755074,0.9626384291276807,27866,517,0.018553075432426614,19886,312,0.015689429749572565,1074,285,0.26536312849162014,BBH,0.5,discovery,validation
13,0.5275378432089429,0.005826271186440672,0.9668592724182969,27866,457,0.016399913873537644,19886,262,0.013175098058935936,1074,247,0.22998137802607077,BBH,0.5,discovery,validation
14,0.17101766297009657,0.008202475905616485,0.9624238099773103,27866,519,0.018624847484389577,19886,328,0.016494015890576284,1074,294,0.2737430167597765,BBH,0.5,discovery,validation
15,0.19826258947613098,0.003065613764766308,0.9736555455133571,27866,362,0.012990741405296777,19886,204,0.010258473297797445,1074,201,0.1871508379888268,BBH,0.5,discovery,validation
16,0.5371221885449269,0.002957191509583397,0.9707224171249628,27866,404,0.014497954496519055,19886,245,0.01232022528411948,1074,233,0.2169459962756052,BBH,0.5,discovery,validation
17,0.2632411508095041,0.011492039034411917,0.9668592724182969,27866,459,0.01647168592550061,19886,268,0.01347681786181233,1074,251,0.23370577281191807,BBH,0.5,discovery,validation
18,0.39900715436530404,0.00604625517387232,0.9691485433555804,27866,427,0.01532333309409316,19886,264,0.0132756713265614,1074,247,0.22998137802607077,BBH,0.5,discovery,validation
19,0.4589662907347688,0.019560406856462608,0.9632107468620015,27866,509,0.018265987224574752,19886,330,0.01659458915820175,1074,296,0.2756052141527002,BBH,0.5,discovery,validation
20,0.11701007985043238,0.004685709227457805,0.9690770036387903,27866,427,0.01532333309409316,19886,271,0.013627677763250528,1074,261,0.2430167597765363,BBH,0.5,discovery,validation
21,0.2822221321055388,0.010027937992874953,0.9632822865787917,27866,507,0.018194215172611786,19886,289,0.014532837171879715,1074,258,0.24022346368715083,BBH,0.5,discovery,validation
22,0.5827940325309927,0.01725275885738423,0.9574875695187929,27866,589,0.021136869303093376,19886,358,0.01800261490495826,1074,316,0.2942271880819367,BBH,0.5,discovery,validation
23,0.12327361867913922,0.007717889943875535,0.9640692234634828,27866,497,0.017835354912796957,19886,318,0.015991149552448958,1074,299,0.2783985102420857,BBH,0.5,discovery,validation
24,0.5876843134438873,0.0157142209734433,0.9646415411978037,27866,488,0.017512380678963612,19886,300,0.015085990143819773,1074,275,0.25605214152700184,BBH,0.5,discovery,validation
25,0.5184025985625524,0.02263367078035223,0.958202966686694,27866,578,0.020742123017297064,19886,376,0.01890777431358745,1074,315,0.29329608938547486,BBH,0.5,discovery,validation
26,0.38651191174871746,0.011809445636469244,0.956128314899781,27866,607,0.021782817770760066,19886,367,0.018455194609272856,1074,325,0.3026070763500931,BBH,0.5,discovery,validation
27,0.3666798735386674,0.01230770305904716,0.9690770036387903,27866,428,0.015359219120074643,19886,273,0.013728251030875993,1074,261,0.2430167597765363,BBH,0.5,discovery,validation
28,0.41878236543765385,0.010805723854078797,0.9587752844210148,27866,571,0.020490920835426685,19886,334,0.01679573569345268,1074,304,0.28305400372439476,BBH,0.5,discovery,validation
29,0.35972178767888285,0.012626662634582807,0.9614222539422489,27866,532,0.019091365822148855,19886,302,0.015186563411445237,1074,277,0.2579143389199255,BBH,0.5,discovery,validation
30,0.6254798500727416,0.021637967716787325,0.9584891255538546,27866,574,0.020598578913371135,19886,362,0.01820376144020919,1074,314,0.29236499068901306,BBH,0.5,discovery,validation
31,0.5994487339587087,0.02195445665269837,0.9566290929173117,27866,601,0.02156750161487117,19886,362,0.01820376144020919,1074,318,0.29608938547486036,BBH,0.5,discovery,validation
32,0.244941754617121,0.011023393992477388,0.9650707794985444,27866,482,0.017297064523074716,19886,323,0.016242582721512622,1074,298,0.2774674115456238,BBH,0.5,discovery,validation
33,0.4891760662465186,0.005183023191497771,0.9607068567743478,27866,544,0.01952199813392665,19886,320,0.016091722820074424,1074,288,0.2681564245810056,BBH,0.5,discovery,validation
34,0.5060851847704831,0.020691430381751932,0.9632107468620015,27866,509,0.018265987224574752,19886,327,0.016443729256763552,1074,301,0.2802607076350093,BBH,0.5,discovery,validation
35,0.10832130574286235,0.005758919785531538,0.9683616064708892,27866,437,0.015682193353907987,19886,277,0.013929397566126923,1074,252,0.2346368715083799,BBH,0.5,discovery,validation
36,0.42042618866558495,0.012942269199199337,0.9662869546839762,27866,465,0.016687002081389506,19886,285,0.014331690636628784,1074,273,0.2541899441340782,BBH,0.5,discovery,validation
37,0.29645498699796974,0.0041677925724384595,0.9690054639220003,27866,429,0.015395105146056126,19886,274,0.013778537664688726,1074,254,0.23649906890130354,BBH,0.5,discovery,validation
38,0.27836755252622764,0.012772042129064524,0.9638546043131125,27866,499,0.017907126964759924,19886,302,0.015186563411445237,1074,272,0.2532588454376164,BBH,0.5,discovery,validation
39,0.36547378349697895,0.016951093759220777,0.9614222539422489,27866,534,0.01916313787411182,19886,318,0.015991149552448958,1074,290,0.27001862197392923,BBH,0.5,discovery,validation
40,0.5214685715624617,0.011786609867367601,0.9607068567743478,27866,542,0.019450226081963683,19886,321,0.016142009453887156,1074,286,0.26629422718808193,BBH,0.5,discovery,validation
41,0.5603767346076469,0.008710239996521343,0.9651423192153344,27866,482,0.017297064523074716,19886,279,0.01402997083375239,1074,258,0.24022346368715083,BBH,0.5,discovery,validation
42,0.5730860894549746,0.006756246412278321,0.9651423192153344,27866,480,0.01722529247111175,19886,276,0.013879110932314191,1074,262,0.24394785847299813,BBH,0.5,discovery,validation
43,0.6203200431115258,0.007161658962506421,0.9602776184736072,27866,549,0.019701428263834062,19886,320,0.016091722820074424,1074,294,0.2737430167597765,BBH,0.5,discovery,validation
44,0.31082781905010537,0.003896873362658244,0.966143875250396,27866,468,0.016794660159333955,19886,261,0.013124811425123202,1074,252,0.2346368715083799,BBH,0.5,discovery,validation
45,0.3259648992132918,0.009482914891688572,0.9646415411978037,27866,490,0.01758415273092658,19886,291,0.01463341043950518,1074,274,0.25512104283054005,BBH,0.5,discovery,validation
46,0.3630272554166859,0.017171968941659864,0.9632107468620015,27866,507,0.018194215172611786,19886,303,0.01523685004525797,1074,285,0.26536312849162014,BBH,0.5,discovery,validation
47,0.35932998868587734,0.015510287319858604,0.9642838426138531,27866,494,0.017727696834852508,19886,316,0.015890576284823495,1074,289,0.26908752327746743,BBH,0.5,discovery,validation
48,0.2555085788503713,0.009814307078763705,0.9707224171249628,27866,405,0.014533840522500539,19886,241,0.01211907874886855,1074,223,0.20763500931098697,BBH,0.5,discovery,validation
49,0.3184395060642237,0.0143222979037964,0.9673600504358278,27866,450,0.016148711691667265,19886,300,0.015085990143819773,1074,285,0.26536312849162014,BBH,0.5,discovery,validation
50,0.2936724920540872,0.009940971478089092,0.9657861766664454,27866,472,0.016938204263259888,19886,309,0.015538569848134365,1074,279,0.25977653631284914,BBH,0.5,discovery,validation
51,0.5509443894164363,0.008877069258425194,0.9634969057291619,27866,505,0.01812244312064882,19886,288,0.014482550538066982,1074,274,0.25512104283054005,BBH,0.5,discovery,validation
52,0.3267890916200543,0.00689390162844798,0.9684331461876793,27866,436,0.015646307327926507,19886,261,0.013124811425123202,1074,253,0.23556797020484171,BBH,0.5,discovery,validation
53,0.5229713386458601,0.016378893622163812,0.9618514922429895,27866,527,0.018911935692241442,19886,322,0.01619229608769989,1074,294,0.2737430167597765,BBH,0.5,discovery,validation
54,0.15732328423827632,0.007458155129626694,0.9674315901526179,27866,449,0.01611282566568578,19886,276,0.013879110932314191,1074,253,0.23556797020484171,BBH,0.5,discovery,validation
55,0.4361379661521815,0.01338747845955195,0.9643553823306432,27866,494,0.017727696834852508,19886,305,0.015337423312883436,1074,279,0.25977653631284914,BBH,0.5,discovery,validation
56,0.3682838357808048,0.012244516450648057,0.9662154149671861,27866,466,0.01672288810737099,19886,271,0.013627677763250528,1074,255,0.23743016759776536,BBH,0.5,discovery,validation
57,0.09380548255782911,0.0028717751175378237,0.9653569383657048,27866,479,0.017189406445130267,19886,280,0.01408025746756512,1074,261,0.2430167597765363,BBH,0.5,discovery,validation
58,0.2701725188746103,0.011922565636424055,0.96220919082694,27866,522,0.018732505562334027,19886,320,0.016091722820074424,1074,290,0.27001862197392923,BBH,0.5,discovery,validation
59,0.13306520279752174,0.0034687603855101355,0.9650707794985444,27866,482,0.017297064523074716,19886,273,0.013728251030875993,1074,257,0.239292364990689,BBH,0.5,discovery,validation
60,0.5113903256880813,0.009808134009187383,0.9627099688444708,27866,516,0.01851718940644513,19886,308,0.015488283214321634,1074,272,0.2532588454376164,BBH,0.5,discovery,validation
61,0.2997123452196789,0.011348530167074536,0.9631392071452114,27866,508,0.01823010119859327,19886,295,0.01483455697475611,1074,266,0.24767225325884543,BBH,0.5,discovery,validation
62,0.29009281942795806,0.005445889745094924,0.9656430972328651,27866,474,0.01700997631522285,19886,294,0.014784270340943378,1074,271,0.25232774674115455,BBH,0.5,discovery,validation
63,0.4626922835838438,0.005555303785612864,0.965571557516075,27866,474,0.01700997631522285,19886,279,0.01402997083375239,1074,266,0.24767225325884543,BBH,0.5,discovery,validation
64,0.2775843538432047,0.0067226205997392395,0.9702931788242222,27866,410,0.014713270652407953,19886,238,0.011968218847430353,1074,231,0.21508379888268156,BBH,0.5,discovery,validation
65,0.2793621863960925,0.011559450436569075,0.9653569383657048,27866,479,0.017189406445130267,19886,300,0.015085990143819773,1074,269,0.2504655493482309,BBH,0.5,discovery,validation
66,0.47721450235048435,0.004782789482021224,0.9674315901526179,27866,451,0.016184597717648748,19886,287,0.014432263904254249,1074,266,0.24767225325884543,BBH,0.5,discovery,validation
67,0.5177988534737614,0.020179725620645853,0.9577737283859534,27866,583,0.02092155314720448,19886,358,0.01800261490495826,1074,292,0.2718808193668529,BBH,0.5,discovery,validation
68,0.38034311964875056,0.011173255933135166,0.9608499362079279,27866,543,0.019486112107945167,19886,312,0.015689429749572565,1074,281,0.2616387337057728,BBH,0.5,discovery,validation
69,0.6174867861830641,0.007081029638357661,0.9592045227217555,27866,563,0.020203832627574823,19886,327,0.016443729256763552,1074,294,0.2737430167597765,BBH,0.5,discovery,validation
70,0.053753824819607346,0.005062275295326144,0.963817530348639,27864,499,0.01790841228825725,19886,279,0.01402997083375239,1074,258,0.24022346368715083,BBH,0.5,discovery,validation
71,0.3983163542210367,0.005747181532326109,0.9676462093029881,27866,447,0.016041053613722815,19886,277,0.013929397566126923,1074,263,0.24487895716945995,BBH,0.5,discovery,validation
72,0.47859396830386225,0.002800892195209262,0.9669308121350871,27866,456,0.01636402784755616,19886,248,0.012471085185557678,1074,230,0.21415270018621974,BBH,0.5,discovery,validation
73,0.2844694220136112,0.005562925708854735,0.9682900667540991,27866,438,0.01571807937988947,19886,263,0.013225384692748667,1074,259,0.24115456238361266,BBH,0.5,discovery,validation
74,0.1724465750446682,0.0053236124958458,0.9699354802402715,27866,415,0.014892700782315367,19886,244,0.012269938650306749,1074,240,0.22346368715083798,BBH,0.5,discovery,validation
75,0.3193596143568797,0.00843596546808173,0.9670023518518772,27866,456,0.01636402784755616,19886,273,0.013728251030875993,1074,244,0.2271880819366853,BBH,0.5,discovery,validation
76,0.5038951053822891,0.009051894161751515,0.9616368730926191,27866,531,0.019055479796167372,19886,315,0.01584028965101076,1074,281,0.2616387337057728,BBH,0.5,discovery,validation
77,0.2800975001143455,0.012174253224467066,0.9632822865787917,27866,507,0.018194215172611786,19886,315,0.01584028965101076,1074,288,0.2681564245810056,BBH,0.5,discovery,validation
78,0.41591446758922745,0.012063109736211934,0.9672169710022475,27866,453,0.016256369769611714,19886,259,0.013024238157497738,1074,246,0.22905027932960895,BBH,0.5,discovery,validation
79,0.2960646823178649,0.011077940421160759,0.9649992397817543,27866,482,0.017297064523074716,19886,282,0.014180830735190586,1074,264,0.24581005586592178,BBH,0.5,discovery,validation
80,0.3005901424415959,0.009309793643707787,0.962853048278051,27866,515,0.018481303380463648,19886,293,0.014733983707130645,1074,270,0.25139664804469275,BBH,0.5,discovery,validation
81,0.5673916964210722,0.019360532110832603,0.96220919082694,27866,521,0.018696619536352543,19886,348,0.017499748566830935,1074,301,0.2802607076350093,BBH,0.5,discovery,validation
82,0.330929188482479,0.010281849156580092,0.9622807305437301,27866,521,0.018696619536352543,19886,331,0.01664487579201448,1074,293,0.27281191806331473,BBH,0.5,discovery,validation
83,0.4066803028635626,0.011543640107714234,0.9645700014810136,27866,487,0.01747649465298213,19886,294,0.014784270340943378,1074,280,0.260707635009311,BBH,0.5,discovery,validation
84,0.2795116373168778,0.014200777729117932,0.9619230319597796,27866,526,0.01887604966625996,19886,317,0.015940862918636226,1074,296,0.2756052141527002,BBH,0.5,discovery,validation
85,0.24123396536911706,0.00855497794354122,0.9666446532679267,27866,460,0.016507571951482093,19886,273,0.013728251030875993,1074,259,0.24115456238361266,BBH,0.5,discovery,validation
86,0.5895000267722084,0.00897515785975408,0.9610645553582983,27866,540,0.019378454030000717,19886,305,0.015337423312883436,1074,283,0.2635009310986965,BBH,0.5,discovery,validation
87,0.3580661903423019,0.008916432520619966,0.9637115248795324,27866,502,0.01801478504270437,19886,302,0.015186563411445237,1074,275,0.25605214152700184,BBH,0.5,discovery,validation
88,0.631209771397077,0.025652933581018486,0.9598483801728664,27866,555,0.01991674441972296,19886,353,0.0177511817358946,1074,311,0.28957169459962756,BBH,0.5,discovery,validation
89,0.5066389641783363,0.014450806459127292,0.9644269220474333,27866,491,0.01762003875690806,19886,317,0.015940862918636226,1074,291,0.2709497206703911,BBH,0.5,discovery,validation
90,0.2890784922639027,0.006816671198525629,0.9676462093029881,27866,444,0.01593339553577837,19886,271,0.013627677763250528,1074,255,0.23743016759776536,BBH,0.5,discovery,validation
91,0.4143048586016453,0.0158652829390616,0.9599199198896565,27866,554,0.019880858393741478,19886,344,0.017298602031580006,1074,310,0.2886405959031657,BBH,0.5,discovery,validation
92,0.5302225703957173,0.005573169768085015,0.9659292561000256,27866,470,0.01686643221129692,19886,267,0.013426531227999597,1074,255,0.23743016759776536,BBH,0.5,discovery,validation
93,0.43264009776979534,0.016295809541073746,0.9649277000649642,27866,486,0.017440608627000646,19886,313,0.015739716383385297,1074,288,0.2681564245810056,BBH,0.5,discovery,validation
94,0.513375271184553,0.019257190549563437,0.9662869546839762,27866,465,0.016687002081389506,19886,285,0.014331690636628784,1074,255,0.23743016759776536,BBH,0.5,discovery,validation
95,0.5826296437224961,0.01541689035457729,0.9640692234634828,27866,496,0.017799468886815474,19886,338,0.01699688222870361,1074,305,0.2839851024208566,BBH,0.5,discovery,validation
96,0.1868523599346066,0.005798520609228671,0.967503129869408,27866,448,0.0160769396397043,19886,272,0.01367796439706326,1074,252,0.2346368715083799,BBH,0.5,discovery,validation
97,0.6265715251514197,0.020404695005891413,0.9626384291276807,27866,516,0.01851718940644513,19886,333,0.01674544905963995,1074,307,0.28584729981378026,BBH,0.5,discovery,validation
98,0.36256858968884986,0.006776540952051802,0.9658577163832355,27866,470,0.01686643221129692,19886,266,0.013376244594186865,1074,245,0.22811918063314712,BBH,0.5,discovery,validation
99,0.2873911371561647,0.009097389225695895,0.9607068567743478,27866,545,0.019557884159908133,19886,336,0.016896308961078146,1074,308,0.28677839851024206,BBH,0.5,discovery,validation
100,0.17263225248493422,0.006566360109702058,0.9656430972328651,27866,474,0.01700997631522285,19886,291,0.01463341043950518,1074,274,0.25512104283054005,BBH,0.5,discovery,validation
101,0.3319528459488283,0.00931279370610908,0.9677177490197784,27866,446,0.016005167587741332,19886,274,0.013778537664688726,1074,262,0.24394785847299813,BBH,0.5,discovery,validation
102,0.5922215862981433,0.00996210087685661,0.967574669586198,27866,448,0.0160769396397043,19886,279,0.01402997083375239,1074,264,0.24581005586592178,BBH,0.5,discovery,validation
103,0.19813012387051968,0.008230971204201049,0.9670738915686673,27866,453,0.016256369769611714,19886,275,0.013828824298501458,1074,262,0.24394785847299813,BBH,0.5,discovery,validation
104,0.2550311660438492,0.007171349164062611,0.9650707794985444,27866,483,0.017332950549056196,19886,258,0.012973951523685004,1074,245,0.22811918063314712,BBH,0.5,discovery,validation
105,0.6312275971411436,0.019863695517807957,0.9585606652706447,27866,573,0.020562692887389652,19886,344,0.017298602031580006,1074,308,0.28677839851024206,BBH,0.5,discovery,validation
106,0.3078476241804473,0.009953676267235593,0.9644269220474333,27866,491,0.01762003875690806,19886,294,0.014784270340943378,1074,271,0.25232774674115455,BBH,0.5,discovery,validation
107,0.6383433318392783,0.014384309193631227,0.967574669586198,27866,448,0.0160769396397043,19886,268,0.01347681786181233,1074,246,0.22905027932960895,BBH,0.5,discovery,validation
108,0.33229621589487907,0.00862186168766427,0.9627099688444708,27866,513,0.01840953132850068,19886,299,0.01503570351000704,1074,271,0.25232774674115455,BBH,0.5,discovery,validation
109,0.42572722120848255,0.0069018904823989445,0.9660723355336057,27866,468,0.016794660159333955,19886,277,0.013929397566126923,1074,262,0.24394785847299813,BBH,0.5,discovery,validation
110,0.44438002594139403,0.00806047765793529,0.9672885107190375,27866,452,0.01622048374363023,19886,269,0.013527104495625063,1074,253,0.23556797020484171,BBH,0.5,discovery,validation
111,0.16911042296274192,0.0050941059574039094,0.9645700014810136,27866,490,0.01758415273092658,19886,276,0.013879110932314191,1074,264,0.24581005586592178,BBH,0.5,discovery,validation
112,0.5231580779870671,0.022016857950645376,0.9639976837466927,27866,497,0.017835354912796957,19886,301,0.015136276777632506,1074,276,0.2569832402234637,BBH,0.5,discovery,validation
113,0.2429826101372836,0.018359640704056046,0.963568445445952,27866,504,0.018086557094667336,19886,320,0.016091722820074424,1074,288,0.2681564245810056,BBH,0.5,discovery,validation
114,0.2186705354613005,0.005149135925556664,0.9651423192153344,27866,481,0.017261178497093233,19886,286,0.014381977270441517,1074,262,0.24394785847299813,BBH,0.5,discovery,validation
115,0.44733613726627935,0.009588469440164345,0.9651423192153344,27866,480,0.01722529247111175,19886,296,0.014884843608568843,1074,269,0.2504655493482309,BBH,0.5,discovery,validation
116,0.5572872495642576,0.01728526541587359,0.966143875250396,27866,469,0.01683054618531544,19886,291,0.01463341043950518,1074,268,0.24953445065176907,BBH,0.5,discovery,validation
117,0.3644976735061271,0.004129908979029837,0.9687908447716298,27866,431,0.015466877198019091,19886,242,0.012169365382681284,1074,225,0.20949720670391062,BBH,0.5,discovery,validation
118,0.3256367337412413,0.012171817879694248,0.9609930156415082,27866,539,0.019342568004019234,19886,326,0.01639344262295082,1074,301,0.2802607076350093,BBH,0.5,discovery,validation
119,0.38236345553325135,0.01384032634032634,0.9658577163832355,27866,471,0.016902318237278405,19886,262,0.013175098058935936,1074,241,0.22439478584729983,BBH,0.5,discovery,validation
120,0.45732943477476096,0.007826112783145892,0.9626384291276807,27866,516,0.01851718940644513,19886,294,0.014784270340943378,1074,270,0.25139664804469275,BBH,0.5,discovery,validation
121,0.5778783741081062,0.016313598146370865,0.9660723355336057,27866,469,0.01683054618531544,19886,306,0.015387709946696169,1074,278,0.25884543761638734,BBH,0.5,discovery,validation
122,0.25708556749716327,0.006866332819722654,0.9632822865787917,27866,506,0.018158329146630302,19886,278,0.013979684199939656,1074,258,0.24022346368715083,BBH,0.5,discovery,validation
123,0.3486857548601695,0.010409192981802262,0.9673600504358278,27866,450,0.016148711691667265,19886,269,0.013527104495625063,1074,263,0.24487895716945995,BBH,0.5,discovery,validation
124,0.2724085274462252,0.008869419778049021,0.965571557516075,27866,475,0.017045862341204334,19886,272,0.01367796439706326,1074,261,0.2430167597765363,BBH,0.5,discovery,validation
125,0.31138782497915307,0.011425614123362007,0.9629961277116312,27866,512,0.018373645302519198,19886,299,0.01503570351000704,1074,276,0.2569832402234637,BBH,0.5,discovery,validation
126,0.18229357001725244,0.00627284812229976,0.9607068567743478,27866,543,0.019486112107945167,19886,327,0.016443729256763552,1074,296,0.2756052141527002,BBH,0.5,discovery,validation
127,0.1452457458581169,0.004086414997431948,0.970150099390642,27866,412,0.014785042704370917,19886,237,0.011917932213617621,1074,225,0.20949720670391062,BBH,0.5,discovery,validation
128,0.4429523698049017,0.008140642176035998,0.9654284780824949,27866,478,0.017153520419148784,19886,303,0.01523685004525797,1074,286,0.26629422718808193,BBH,0.5,discovery,validation
129,0.43778541513775665,0.006728539953631032,0.9672885107190375,27866,451,0.016184597717648748,19886,289,0.014532837171879715,1074,270,0.25139664804469275,BBH,0.5,discovery,validation
130,0.2981059170996194,0.012973469848172846,0.9650707794985444,27866,484,0.01736883657503768,19886,297,0.014935130242381574,1074,277,0.2579143389199255,BBH,0.5,discovery,validation
131,0.5850303586723914,0.015045582948125323,0.9619230319597796,27866,526,0.01887604966625996,19886,328,0.016494015890576284,1074,303,0.28212290502793297,BBH,0.5,discovery,validation
132,0.3270372325948802,0.007116718027734971,0.9643553823306432,27866,490,0.01758415273092658,19886,294,0.014784270340943378,1074,278,0.25884543761638734,BBH,0.5,discovery,validation
133,0.6405785372357259,0.011984649280705046,0.9629961277116312,27866,510,0.018301873250556232,19886,286,0.014381977270441517,1074,267,0.24860335195530725,BBH,0.5,discovery,validation
134,0.6166092323650576,0.017564003792817338,0.9640692234634828,27866,497,0.017835354912796957,19886,300,0.015085990143819773,1074,267,0.24860335195530725,BBH,0.5,discovery,validation
135,0.3220539437815425,0.015827517447657025,0.9624953496941006,27866,518,0.018588961458408097,19886,310,0.015588856481947098,1074,283,0.2635009310986965,BBH,0.5,discovery,validation
136,0.06718740116418218,0.004147286263554277,0.965500017799285,27866,476,0.017081748367185817,19886,266,0.013376244594186865,1074,236,0.21973929236499068,BBH,0.5,discovery,validation
137,0.3390829239812577,0.012692981661077372,0.965571557516075,27866,476,0.017081748367185817,19886,279,0.01402997083375239,1074,263,0.24487895716945995,BBH,0.5,discovery,validation
138,0.7522145777318755,0.01610792622133599,0.9632822865787917,27866,508,0.01823010119859327,19886,313,0.015739716383385297,1074,290,0.27001862197392923,BBH,0.5,discovery,validation
139,0.4929216944642036,0.018910946288859278,0.9637115248795324,27866,501,0.017978899016722887,19886,337,0.016946595594890878,1074,317,0.2951582867783985,BBH,0.5,discovery,validation
140,0.5883998077538828,0.017217287531345358,0.9644984617642235,27866,488,0.017512380678963612,19886,306,0.015387709946696169,1074,280,0.260707635009311,BBH,0.5,discovery,validation
141,0.22067311450888397,0.00776095373553002,0.9682900667540991,27866,439,0.015753965405870953,19886,237,0.011917932213617621,1074,232,0.21601489757914338,BBH,0.5,discovery,validation
142,0.3159102409289959,0.00946025559684583,0.9682900667540991,27866,437,0.015682193353907987,19886,266,0.013376244594186865,1074,241,0.22439478584729983,BBH,0.5,discovery,validation
143,0.3589779513216077,0.010008525824395974,0.9642838426138531,27866,493,0.017691810808871025,19886,293,0.014733983707130645,1074,265,0.2467411545623836,BBH,0.5,discovery,validation
144,0.21757619566032935,0.006198305395340449,0.9666446532679267,27866,459,0.01647168592550061,19886,269,0.013527104495625063,1074,263,0.24487895716945995,BBH,0.5,discovery,validation
145,0.32013810215787497,0.013356736643651602,0.9636399851627421,27866,503,0.018050671068685853,19886,297,0.014935130242381574,1074,277,0.2579143389199255,BBH,0.5,discovery,validation
146,0.5143614796695299,0.021681168615366037,0.9653569383657048,27866,479,0.017189406445130267,19886,315,0.01584028965101076,1074,277,0.2579143389199255,BBH,0.5,discovery,validation
147,0.24955751505408313,0.006000936584186824,0.9683616064708892,27866,438,0.01571807937988947,19886,278,0.013979684199939656,1074,265,0.2467411545623836,BBH,0.5,discovery,validation
148,0.32178766627982286,0.008334843952989515,0.9677892887365684,27866,445,0.015969281561759852,19886,271,0.013627677763250528,1074,244,0.2271880819366853,BBH,0.5,discovery,validation
149,0.4277447405416098,0.015261035076588417,0.9556275368822502,27866,613,0.021998133926648962,19886,378,0.019008347581212913,1074,321,0.2988826815642458,BBH,0.5,discovery,validation
150,0.48968509199233123,0.018197178501312826,0.9632822865787917,27866,509,0.018265987224574752,19886,309,0.015538569848134365,1074,272,0.2532588454376164,BBH,0.5,discovery,validation
151,0.4118034911775748,0.0153063536662739,0.9629245879948412,27866,510,0.018301873250556232,19886,296,0.014884843608568843,1074,277,0.2579143389199255,BBH,0.5,discovery,validation
152,0.1934268906701397,0.0023384101773932355,0.9646415411978037,27866,489,0.017548266704945095,19886,283,0.014231117369003319,1074,267,0.24860335195530725,BBH,0.5,discovery,validation
153,0.3672351599285822,0.013627483451655795,0.9592045227217555,27866,564,0.020239718653556307,19886,333,0.01674544905963995,1074,295,0.2746741154562384,BBH,0.5,discovery,validation
154,0.2924321653437782,0.004850110882306349,0.9644269220474333,27866,490,0.01758415273092658,19886,281,0.014130544101377854,1074,252,0.2346368715083799,BBH,0.5,discovery,validation
155,0.4012350062939314,0.006232929644936608,0.9652138589321245,27866,478,0.017153520419148784,19886,302,0.015186563411445237,1074,271,0.25232774674115455,BBH,0.5,discovery,validation
156,0.3353818215492689,0.006380378096479779,0.9727255291950858,27866,377,0.01352903179501902,19886,233,0.01171678567836669,1074,224,0.2085661080074488,BBH,0.5,discovery,validation
157,0.5268125198611245,0.019989486369551765,0.9592045227217555,27866,565,0.020275604679537786,19886,372,0.018706627778336517,1074,320,0.297951582867784,BBH,0.5,discovery,validation
158,0.394659031989196,0.007549466983664396,0.9695062419395309,27866,420,0.015072130912222781,19886,248,0.012471085185557678,1074,237,0.2206703910614525,BBH,0.5,discovery,validation
159,0.2678705054419727,0.011520929635336408,0.9650707794985444,27866,482,0.017297064523074716,19886,287,0.014432263904254249,1074,261,0.2430167597765363,BBH,0.5,discovery,validation
160,0.24523280207940584,0.009913441493700725,0.9698639405234815,27866,416,0.014928586808296848,19886,264,0.0132756713265614,1074,253,0.23556797020484171,BBH,0.5,discovery,validation
161,0.3081677032991527,0.009112813075923744,0.9627099688444708,27866,515,0.018481303380463648,19886,308,0.015488283214321634,1074,269,0.2504655493482309,BBH,0.5,discovery,validation
162,0.44639241702715715,0.01195107858243451,0.9570583312180523,27866,595,0.02135218545898227,19886,331,0.01664487579201448,1074,308,0.28677839851024206,BBH,0.5,discovery,validation
163,0.6329652114107291,0.011084736444870983,0.9687193050548397,27866,432,0.015502763224000574,19886,252,0.01267223172080861,1074,245,0.22811918063314712,BBH,0.5,discovery,validation
164,0.7413857071445278,0.013027680975764289,0.961761378626622,27865,528,0.018948501704647406,19885,328,0.016494845360824743,1074,298,0.2774674115456238,BBH,0.5,discovery,validation
165,0.43662478679469313,0.004992673847616027,0.9613507142254588,27866,534,0.01916313787411182,19886,313,0.015739716383385297,1074,284,0.2644320297951583,BBH,0.5,discovery,validation
166,0.5155654643048238,0.007419754330890086,0.965500017799285,27866,476,0.017081748367185817,19886,295,0.01483455697475611,1074,272,0.2532588454376164,BBH,0.5,discovery,validation
167,0.1622626139360909,0.0032964685665461935,0.9710085759921232,27866,400,0.014354410392593124,19886,242,0.012169365382681284,1074,233,0.2169459962756052,BBH,0.5,discovery,validation
168,0.3225319835188225,0.009773003278468192,0.9632107468620015,27866,508,0.01823010119859327,19886,312,0.015689429749572565,1074,279,0.25977653631284914,BBH,0.5,discovery,validation
169,0.5853468789991515,0.013674284425116036,0.9658577163832355,27866,471,0.016902318237278405,19886,304,0.015287136679070702,1074,288,0.2681564245810056,BBH,0.5,discovery,validation
170,0.6644179499856215,0.0224248664372219,0.9606353170575577,27866,542,0.019450226081963683,19886,340,0.017097455496329076,1074,293,0.27281191806331473,BBH,0.5,discovery,validation
171,0.2920192394472879,0.014867109235872105,0.9625668894108906,27866,518,0.018588961458408097,19886,320,0.016091722820074424,1074,289,0.26908752327746743,BBH,0.5,discovery,validation
172,0.2042794240283815,0.008176040061633277,0.9610645553582983,27866,537,0.01927079595205627,19886,324,0.016292869355325354,1074,294,0.2737430167597765,BBH,0.5,discovery,validation
173,0.2706814865077331,0.008492151749878565,0.9606353170575577,27866,544,0.01952199813392665,19886,321,0.016142009453887156,1074,293,0.27281191806331473,BBH,0.5,discovery,validation
174,0.5178390598451689,0.008829818954351894,0.9594191418721258,27866,561,0.020132060575611857,19886,314,0.015790003017198028,1074,287,0.2672253258845438,BBH,0.5,discovery,validation
175,0.3440592724704405,0.0032963609172482642,0.9645700014810136,27866,491,0.01762003875690806,19886,280,0.01408025746756512,1074,260,0.24208566108007448,BBH,0.5,discovery,validation
176,0.31436174700147196,0.005442007311399133,0.9648561603481739,27866,487,0.01747649465298213,19886,293,0.014733983707130645,1074,273,0.2541899441340782,BBH,0.5,discovery,validation
177,0.5989071133739989,0.008489115985377198,0.9680039078869387,27866,441,0.01582573745783392,19886,273,0.013728251030875993,1074,254,0.23649906890130354,BBH,0.5,discovery,validation
178,0.34074843419812473,0.006794011903682888,0.9698639405234815,27866,417,0.014964472834278332,19886,253,0.012722518354621341,1074,237,0.2206703910614525,BBH,0.5,discovery,validation
179,0.354538771255942,0.0034957627118644163,0.9676462093029881,27866,445,0.015969281561759852,19886,242,0.012169365382681284,1074,231,0.21508379888268156,BBH,0.5,discovery,validation
180,0.4130566061003442,0.01183948155533401,0.9616368730926191,27866,530,0.01901959377018589,19886,329,0.01654430252438902,1074,312,0.2905027932960894,BBH,0.5,discovery,validation
181,0.3085550359416821,0.010500128402670774,0.9627099688444708,27866,516,0.01851718940644513,19886,289,0.014532837171879715,1074,264,0.24581005586592178,BBH,0.5,discovery,validation
182,0.21320404442813282,0.006635396839783678,0.9607783964911378,27866,541,0.0194143400559822,19886,320,0.016091722820074424,1074,294,0.2737430167597765,BBH,0.5,discovery,validation
183,0.4650004165875937,0.00618199917381812,0.9637830645963225,27866,500,0.017943012990741407,19886,283,0.014231117369003319,1074,259,0.24115456238361266,BBH,0.5,discovery,validation
184,0.1224578964520196,0.002898690292758088,0.9619230319597796,27866,527,0.018911935692241442,19886,330,0.01659458915820175,1074,306,0.2849162011173184,BBH,0.5,discovery,validation
185,0.3094326124329989,0.013772686471878614,0.967574669586198,27866,448,0.0160769396397043,19886,284,0.014281404002816052,1074,268,0.24953445065176907,BBH,0.5,discovery,validation
186,0.28065199745167296,0.004512976222846606,0.9647130809145937,27866,485,0.017404722601019162,19886,280,0.01408025746756512,1074,259,0.24115456238361266,BBH,0.5,discovery,validation
187,0.3128220503676244,0.008673780414632626,0.9630676674284213,27866,511,0.018337759276537715,19886,305,0.015337423312883436,1074,281,0.2616387337057728,BBH,0.5,discovery,validation
188,0.1515254955758179,0.002190045552947495,0.9667161929847168,27866,459,0.01647168592550061,19886,277,0.013929397566126923,1074,263,0.24487895716945995,BBH,0.5,discovery,validation
189,0.2659000479027558,0.003865007541478143,0.9706508774081727,27866,406,0.014569726548482022,19886,242,0.012169365382681284,1074,234,0.21787709497206703,BBH,0.5,discovery,validation
190,0.5946740579463186,0.0036253419229491067,0.9634969057291619,27866,505,0.01812244312064882,19886,317,0.015940862918636226,1074,287,0.2672253258845438,BBH,0.5,discovery,validation
191,0.3708802150657641,0.012708370216453442,0.9613507142254588,27866,535,0.019199023900093305,19886,311,0.01563914311575983,1074,274,0.25512104283054005,BBH,0.5,discovery,validation
192,0.4516656547751159,0.01748076359988287,0.9626384291276807,27866,516,0.01851718940644513,19886,328,0.016494015890576284,1074,291,0.2709497206703911,BBH,0.5,discovery,validation
193,0.1367004485892666,0.006348379105108922,0.9654284780824949,27866,479,0.017189406445130267,19886,265,0.013325957960374132,1074,249,0.23184357541899442,BBH,0.5,discovery,validation
194,0.47097546695503156,0.012541425567534157,0.9605637773407676,27866,545,0.019557884159908133,19886,335,0.01684602232726541,1074,305,0.2839851024208566,BBH,0.5,discovery,validation
195,0.26234298436237813,0.018031186813391598,0.9592045227217555,27866,564,0.020239718653556307,19886,342,0.017198028763954543,1074,310,0.2886405959031657,BBH,0.5,discovery,validation
196,0.406594102195291,0.00910809238949817,0.9652138589321245,27866,480,0.01722529247111175,19886,279,0.01402997083375239,1074,258,0.24022346368715083,BBH,0.5,discovery,validation
197,0.13469742735939455,0.0046449666153055985,0.9666446532679267,27866,460,0.016507571951482093,19886,282,0.014180830735190586,1074,260,0.24208566108007448,BBH,0.5,discovery,validation
198,0.1523728145082993,0.0035264145258927385,0.9634969057291619,27866,506,0.018158329146630302,19886,284,0.014281404002816052,1074,255,0.23743016759776536,BBH,0.5,discovery,validation
199,0.6640881521273435,0.010075409568519027,0.9691485433555804,27866,424,0.015215675016148712,19886,273,0.013728251030875993,1074,260,0.24208566108007448,BBH,0.5,discovery,validation
200,0.35955483788018483,0.009573552071059548,0.9687193050548397,27866,432,0.015502763224000574,19886,265,0.013325957960374132,1074,247,0.22998137802607077,BBH,0.5,discovery,validation
201,0.3663570906818952,0.007425131365809329,0.9668592724182969,27866,458,0.016435799899519127,19886,270,0.013577391129437795,1074,240,0.22346368715083798,BBH,0.5,discovery,validation
202,0.07134893730010618,0.004799993957521366,0.9670738915686673,27866,456,0.01636402784755616,19886,284,0.014281404002816052,1074,272,0.2532588454376164,BBH,0.5,discovery,validation
203,0.4600752847708305,0.01683680020544427,0.9610645553582983,27866,538,0.01930668197803775,19886,330,0.01659458915820175,1074,300,0.27932960893854747,BBH,0.5,discovery,validation
204,0.3149873148941101,0.012072251102822935,0.9665731135511366,27866,461,0.016543457977463576,19886,292,0.014683697073317912,1074,278,0.25884543761638734,BBH,0.5,discovery,validation
205,0.545759132380962,0.01731516015533123,0.9632822865787917,27866,507,0.018194215172611786,19886,308,0.015488283214321634,1074,277,0.2579143389199255,BBH,0.5,discovery,validation
206,0.3583088362223923,0.019815553339980065,0.9665015738343463,27866,462,0.01657934400344506,19886,303,0.01523685004525797,1074,273,0.2541899441340782,BBH,0.5,discovery,validation
207,0.3929491383855359,0.004413162382012828,0.9646415411978037,27866,489,0.017548266704945095,19886,273,0.013728251030875993,1074,246,0.22905027932960895,BBH,0.5,discovery,validation
208,0.4331722924143886,0.011106831022085262,0.9642838426138531,27866,492,0.01765592478288954,19886,294,0.014784270340943378,1074,260,0.24208566108007448,BBH,0.5,discovery,validation
209,0.2487171028554711,0.013946090078673638,0.9625668894108906,27866,518,0.018588961458408097,19886,302,0.015186563411445237,1074,267,0.24860335195530725,BBH,0.5,discovery,validation
210,0.5295546793652717,0.014584362178262724,0.9627099688444708,27866,517,0.018553075432426614,19886,319,0.016041436186261693,1074,285,0.26536312849162014,BBH,0.5,discovery,validation
211,0.36444910959919175,0.008208140729327167,0.9625668894108906,27866,517,0.018553075432426614,19886,322,0.01619229608769989,1074,286,0.26629422718808193,BBH,0.5,discovery,validation
212,0.3970031083516299,0.010548184108111796,0.9658577163832355,27866,472,0.016938204263259888,19886,292,0.014683697073317912,1074,272,0.2532588454376164,BBH,0.5,discovery,validation
213,0.49902364073079974,0.009588658267621364,0.9690770036387903,27866,425,0.015251561042130194,19886,246,0.012370511917932214,1074,242,0.22532588454376165,BBH,0.5,discovery,validation
214,0.4643476082219617,0.017571965496882325,0.9599199198896565,27866,554,0.019880858393741478,19886,353,0.0177511817358946,1074,310,0.2886405959031657,BBH,0.5,discovery,validation
215,0.43055718769225687,0.007511556240369791,0.9608499362079279,27866,542,0.019450226081963683,19886,326,0.01639344262295082,1074,283,0.2635009310986965,BBH,0.5,discovery,validation
216,0.14680032710231422,0.008011366636426043,0.962853048278051,27866,513,0.01840953132850068,19886,291,0.01463341043950518,1074,277,0.2579143389199255,BBH,0.5,discovery,validation
217,0.17200236062423238,0.0032655149815351407,0.9672885107190375,27866,452,0.01622048374363023,19886,261,0.013124811425123202,1074,249,0.23184357541899442,BBH,0.5,discovery,validation
218,0.721135849097583,0.01360288293996514,0.9642123028970631,27866,493,0.017691810808871025,19886,299,0.01503570351000704,1074,267,0.24860335195530725,BBH,0.5,discovery,validation
219,0.3693820125527846,0.008000566411781367,0.9624953496941006,27866,518,0.018588961458408097,19886,312,0.015689429749572565,1074,289,0.26908752327746743,BBH,0.5,discovery,validation
220,0.33317503510394625,0.007035711048672169,0.9690054639220003,27866,427,0.01532333309409316,19886,260,0.013074524791310469,1074,246,0.22905027932960895,BBH,0.5,discovery,validation
221,0.85474690869656,0.02022282063466919,0.9665731135511366,27866,463,0.016615230029426543,19886,302,0.015186563411445237,1074,266,0.24767225325884543,BBH,0.5,discovery,validation
222,0.22047031192825955,0.005481714019651605,0.9664300341175563,27866,464,0.016651116055408022,19886,280,0.01408025746756512,1074,260,0.24208566108007448,BBH,0.5,discovery,validation
223,0.40132910180051534,0.013191486147617747,0.9687193050548397,27866,432,0.015502763224000574,19886,264,0.0132756713265614,1074,253,0.23556797020484171,BBH,0.5,discovery,validation
224,0.25946088708433174,0.006898433487416553,0.9631392071452114,27866,510,0.018301873250556232,19886,288,0.014482550538066982,1074,274,0.25512104283054005,BBH,0.5,discovery,validation
225,0.6695351276912725,0.015253481978307497,0.9679323681701486,27866,444,0.01593339553577837,19886,282,0.014180830735190586,1074,252,0.2346368715083799,BBH,0.5,discovery,validation
226,0.41635957376433474,0.009432120305749407,0.9625668894108906,27866,518,0.018588961458408097,19886,310,0.015588856481947098,1074,281,0.2616387337057728,BBH,0.5,discovery,validation
227,0.3200815694317947,0.012061731472249919,0.9671454312854574,27866,452,0.01622048374363023,19886,262,0.013175098058935936,1074,246,0.22905027932960895,BBH,0.5,discovery,validation
228,0.2765662396183852,0.012878420812329355,0.9626384291276807,27866,517,0.018553075432426614,19886,311,0.01563914311575983,1074,284,0.2644320297951583,BBH,0.5,discovery,validation
229,0.3546246717079795,0.006983376792698828,0.9668592724182969,27866,457,0.016399913873537644,19886,267,0.013426531227999597,1074,252,0.2346368715083799,BBH,0.5,discovery,validation
230,0.42270079456660625,0.008893490866962984,0.9629961277116312,27866,512,0.018373645302519198,19886,305,0.015337423312883436,1074,275,0.25605214152700184,BBH,0.5,discovery,validation
231,0.16795886770334623,0.005967514124293786,0.9668592724182969,27866,458,0.016435799899519127,19886,273,0.013728251030875993,1074,252,0.2346368715083799,BBH,0.5,discovery,validation
232,0.5494529499520986,0.004610149737268384,0.9658577163832355,27866,470,0.01686643221129692,19886,279,0.01402997083375239,1074,262,0.24394785847299813,BBH,0.5,discovery,validation
233,0.33565023156545654,0.014198125321006675,0.9585606652706447,27866,574,0.020598578913371135,19886,349,0.01755003520064367,1074,323,0.30074487895716945,BBH,0.5,discovery,validation
234,0.40464043505082153,0.007360803104704572,0.9634253660123718,27866,503,0.018050671068685853,19886,314,0.015790003017198028,1074,292,0.2718808193668529,BBH,0.5,discovery,validation
235,0.40473165851757337,0.010041844164476278,0.9685762256212597,27866,433,0.015538649249982057,19886,269,0.013527104495625063,1074,256,0.2383612662942272,BBH,0.5,discovery,validation
236,0.29404073383530366,0.010579420051937075,0.9634253660123718,27866,505,0.01812244312064882,19886,296,0.014884843608568843,1074,274,0.25512104283054005,BBH,0.5,discovery,validation
237,0.6366079307350087,0.019793035224544446,0.9587037447042247,27866,569,0.02041914878346372,19886,350,0.017600321834456402,1074,296,0.2756052141527002,BBH,0.5,discovery,validation
238,0.3951876580932812,0.013630059975835728,0.9649992397817543,27866,484,0.01736883657503768,19886,280,0.01408025746756512,1074,259,0.24115456238361266,BBH,0.5,discovery,validation
239,0.2620923862485061,0.010250789687013722,0.9650707794985444,27866,483,0.017332950549056196,19886,274,0.013778537664688726,1074,257,0.239292364990689,BBH,0.5,discovery,validation
240,0.3883435428294985,0.009959007147348667,0.9624953496941006,27866,518,0.018588961458408097,19886,310,0.015588856481947098,1074,282,0.26256983240223464,BBH,0.5,discovery,validation
241,0.4305287041672809,0.005102117888757964,0.9634253660123718,27866,505,0.01812244312064882,19886,294,0.014784270340943378,1074,275,0.25605214152700184,BBH,0.5,discovery,validation
242,0.22522150540831598,0.011597971237801747,0.9642838426138531,27866,493,0.017691810808871025,19886,287,0.014432263904254249,1074,257,0.239292364990689,BBH,0.5,discovery,validation
243,0.16525046073831068,0.0053319209039548,0.9696493213731111,27866,419,0.015036244886241298,19886,247,0.012420798551744947,1074,239,0.22253258845437615,BBH,0.5,discovery,validation
244,0.41701442966906854,0.011167822290703646,0.9610645553582983,27866,536,0.019234909926074788,19886,310,0.015588856481947098,1074,285,0.26536312849162014,BBH,0.5,discovery,validation
245,0.32142205655536027,0.008260634762379523,0.9659292561000256,27866,471,0.016902318237278405,19886,293,0.014733983707130645,1074,271,0.25232774674115455,BBH,0.5,discovery,validation
246,0.3708778602805357,0.008349383667180271,0.9653569383657048,27866,478,0.017153520419148784,19886,270,0.013577391129437795,1074,255,0.23743016759776536,BBH,0.5,discovery,validation
247,0.2261133872029516,0.006528135785224336,0.9632107468620015,27866,507,0.018194215172611786,19886,277,0.013929397566126923,1074,258,0.24022346368715083,BBH,0.5,discovery,validation
248,0.3408175385006323,0.014332003988035889,0.9647846206313838,27866,487,0.01747649465298213,19886,288,0.014482550538066982,1074,272,0.2532588454376164,BBH,0.5,discovery,validation
249,0.8303215260253594,0.011716893711389197,0.9618514922429895,27866,527,0.018911935692241442,19886,305,0.015337423312883436,1074,282,0.26256983240223464,BBH,0.5,discovery,validation
250,0.5373144441694964,0.019030525246689845,0.9529090276442261,27866,651,0.02336180291394531,19886,408,0.02051694659559489,1074,334,0.31098696461824954,BBH,0.5,discovery,validation
251,0.7838108357618367,0.009986517719568567,0.9674315901526179,27866,449,0.01611282566568578,19886,266,0.013376244594186865,1074,233,0.2169459962756052,BBH,0.5,discovery,validation
252,0.3058093246347341,0.011371189461917276,0.9620661113933598,27866,524,0.018804277614296993,19886,306,0.015387709946696169,1074,276,0.2569832402234637,BBH,0.5,discovery,validation
253,0.4088804358742494,0.019672044472642668,0.9604922376239775,27866,546,0.019593770185889616,19886,333,0.01674544905963995,1074,293,0.27281191806331473,BBH,0.5,discovery,validation
254,0.3241687743443218,0.01709086137226948,0.9579883475363237,27866,581,0.020849781095241514,19886,366,0.018404907975460124,1074,315,0.29329608938547486,BBH,0.5,discovery,validation
255,0.43621302924157396,0.009277092963533644,0.9693631625059508,27866,422,0.015143902964185746,19886,258,0.012973951523685004,1074,241,0.22439478584729983,BBH,0.5,discovery,validation
256,0.34304567522146917,0.008319011496977603,0.9648561603481739,27866,486,0.017440608627000646,19886,275,0.013828824298501458,1074,251,0.23370577281191807,BBH,0.5,discovery,validation
257,0.46465807211555066,0.012381857542636886,0.9653569383657048,27866,479,0.017189406445130267,19886,279,0.01402997083375239,1074,254,0.23649906890130354,BBH,0.5,discovery,validation
258,0.6002911273608911,0.009365987120224406,0.963568445445952,27866,503,0.018050671068685853,19886,305,0.015337423312883436,1074,278,0.25884543761638734,BBH,0.5,discovery,validation
259,0.33205091121788444,0.012353092238436208,0.9616368730926191,27866,530,0.01901959377018589,19886,301,0.015136276777632506,1074,280,0.260707635009311,BBH,0.5,discovery,validation
260,0.49306677794816545,0.007776902936051651,0.9717239731600242,27866,389,0.013959664106796813,19886,232,0.011666499044553958,1074,224,0.2085661080074488,BBH,0.5,discovery,validation
261,0.4490420306845582,0.016951552592293917,0.9612791745086687,27866,534,0.01916313787411182,19886,337,0.016946595594890878,1074,309,0.2877094972067039,BBH,0.5,discovery,validation
262,0.19787091580236604,0.009883795582948125,0.9652138589321245,27866,481,0.017261178497093233,19886,278,0.013979684199939656,1074,254,0.23649906890130354,BBH,0.5,discovery,validation
263,0.32068221358528926,0.008073617931252964,0.9612076347918784,27866,537,0.01927079595205627,19886,333,0.01674544905963995,1074,312,0.2905027932960894,BBH,0.5,discovery,validation
264,0.5983559482572312,0.009395877787199143,0.9583460461202742,27866,577,0.02070623699131558,19886,324,0.016292869355325354,1074,297,0.276536312849162,BBH,0.5,discovery,validation
265,0.4751827186382447,0.010128210666781871,0.9617084128094093,27866,529,0.018983707744204405,19886,304,0.015287136679070702,1074,272,0.2532588454376164,BBH,0.5,discovery,validation
266,0.16244603933077265,0.0050719054956343095,0.9658577163832355,27866,471,0.016902318237278405,19886,276,0.013879110932314191,1074,268,0.24953445065176907,BBH,0.5,discovery,validation
267,0.20165309579039062,0.004620273794002603,0.9645700014810136,27866,490,0.01758415273092658,19886,298,0.014985416876194308,1074,280,0.260707635009311,BBH,0.5,discovery,validation
268,0.3749311894730931,0.010005808120808911,0.9627099688444708,27866,517,0.018553075432426614,19886,303,0.01523685004525797,1074,279,0.25977653631284914,BBH,0.5,discovery,validation
269,0.3774301624123077,0.014586303395110613,0.9587752844210148,27866,572,0.02052680686140817,19886,339,0.017047168862516345,1074,295,0.2746741154562384,BBH,0.5,discovery,validation
270,0.4969899995547623,0.0158295292542085,0.9649992397817543,27866,483,0.017332950549056196,19886,311,0.01563914311575983,1074,287,0.2672253258845438,BBH,0.5,discovery,validation
271,0.5020788201605295,0.003059193631227526,0.9658577163832355,27866,470,0.01686643221129692,19886,273,0.013728251030875993,1074,262,0.24394785847299813,BBH,0.5,discovery,validation
272,0.5193776945211991,0.009660316319194824,0.9612791745086687,27866,535,0.019199023900093305,19886,319,0.016041436186261693,1074,298,0.2774674115456238,BBH,0.5,discovery,validation
273,0.19865294269625638,0.004541009837620005,0.9652853986489146,27866,479,0.017189406445130267,19886,289,0.014532837171879715,1074,273,0.2541899441340782,BBH,0.5,discovery,validation
274,0.4243750661090452,0.014158282727574849,0.9642838426138531,27866,493,0.017691810808871025,19886,303,0.01523685004525797,1074,285,0.26536312849162014,BBH,0.5,discovery,validation
275,0.4190115313672377,0.005657706368075266,0.9693631625059508,27866,421,0.015108016938204263,19886,249,0.012521371819370412,1074,239,0.22253258845437615,BBH,0.5,discovery,validation
276,0.503747601705456,0.008745958386522671,0.9652138589321245,27866,482,0.017297064523074716,19886,274,0.013778537664688726,1074,257,0.239292364990689,BBH,0.5,discovery,validation
277,0.4007667087240151,0.008365373999779192,0.9660723355336057,27866,467,0.016758774133352472,19886,287,0.014432263904254249,1074,263,0.24487895716945995,BBH,0.5,discovery,validation
278,0.20608505002490782,0.007587087223178954,0.9622807305437301,27866,522,0.018732505562334027,19886,293,0.014733983707130645,1074,270,0.25139664804469275,BBH,0.5,discovery,validation
279,0.17141483803088242,0.007076686606846137,0.9670023518518772,27866,456,0.01636402784755616,19886,270,0.013577391129437795,1074,250,0.23277467411545624,BBH,0.5,discovery,validation
280,0.39684618114272374,0.008140969332162112,0.9617084128094093,27866,529,0.018983707744204405,19886,304,0.015287136679070702,1074,280,0.260707635009311,BBH,0.5,discovery,validation
281,0.28045547914754804,0.01505646611567167,0.9617084128094093,27866,529,0.018983707744204405,19886,352,0.017700895102081865,1074,305,0.2839851024208566,BBH,0.5,discovery,validation
282,0.4916398110125251,0.0036336755804520704,0.9667877327015069,27866,459,0.01647168592550061,19886,285,0.014331690636628784,1074,269,0.2504655493482309,BBH,0.5,discovery,validation
283,0.32344102279112413,0.009262277270751858,0.9658577163832355,27866,470,0.01686643221129692,19886,281,0.014130544101377854,1074,266,0.24767225325884543,BBH,0.5,discovery,validation
284,0.2490300724656814,0.00786787365177195,0.9639976837466927,27866,498,0.01787124093877844,19886,291,0.01463341043950518,1074,276,0.2569832402234637,BBH,0.5,discovery,validation
285,0.35143309331604466,0.015277517772369669,0.9627099688444708,27866,517,0.018553075432426614,19886,303,0.01523685004525797,1074,272,0.2532588454376164,BBH,0.5,discovery,validation
286,0.31625779281740307,0.007398259766156072,0.9662869546839762,27866,466,0.01672288810737099,19886,267,0.013426531227999597,1074,248,0.2309124767225326,BBH,0.5,discovery,validation
287,0.30979828407825327,0.010460617580845682,0.966143875250396,27866,469,0.01683054618531544,19886,295,0.01483455697475611,1074,273,0.2541899441340782,BBH,0.5,discovery,validation
288,0.24647416486367218,0.007649559110829504,0.967574669586198,27866,446,0.016005167587741332,19886,274,0.013778537664688726,1074,250,0.23277467411545624,BBH,0.5,discovery,validation
289,0.34729262222846646,0.011526809757642958,0.9680039078869387,27866,440,0.015789851431852436,19886,274,0.013778537664688726,1074,254,0.23649906890130354,BBH,0.5,discovery,validation
290,0.22869340015589332,0.018304933683797087,0.9530521070778063,27866,650,0.023325916887963826,19886,402,0.020215226792718494,1074,350,0.3258845437616387,BBH,0.5,discovery,validation
291,0.34841411370601244,0.013818393304933674,0.9660007958168156,27866,470,0.01686643221129692,19886,290,0.014583123805692447,1074,271,0.25232774674115455,BBH,0.5,discovery,validation
292,0.4621804211719148,0.011637726680099563,0.9640692234634828,27866,496,0.017799468886815474,19886,294,0.014784270340943378,1074,272,0.2532588454376164,BBH,0.5,discovery,validation
293,0.19206903111064277,0.005741357881782404,0.9632822865787917,27866,507,0.018194215172611786,19886,308,0.015488283214321634,1074,281,0.2616387337057728,BBH,0.5,discovery,validation
294,0.3845710388776159,0.0023284313725490144,0.9710085759921232,27866,400,0.014354410392593124,19886,220,0.011063059438801167,1074,204,0.18994413407821228,BBH,0.5,discovery,validation
295,0.20911583954177043,0.0046980284882233245,0.9649992397817543,27866,483,0.017332950549056196,19886,289,0.014532837171879715,1074,262,0.24394785847299813,BBH,0.5,discovery,validation
296,0.22970418123894912,0.0050269045596148315,0.9652138589321245,27866,480,0.01722529247111175,19886,265,0.013325957960374132,1074,250,0.23277467411545624,BBH,0.5,discovery,validation
297,0.17751554349764936,0.007367103235747307,0.960134539040027,27866,548,0.01966554223785258,19886,321,0.016142009453887156,1074,289,0.26908752327746743,BBH,0.5,discovery,validation
298,0.24342210556380423,0.007848613251155623,0.9667877327015069,27866,460,0.016507571951482093,19886,259,0.013024238157497738,1074,245,0.22811918063314712,BBH,0.5,discovery,validation
299,0.25607225314850296,0.0062821306683178944,0.9677177490197784,27866,445,0.015969281561759852,19886,260,0.013074524791310469,1074,247,0.22998137802607077,BBH,0.5,discovery,validation
300,0.3126128488761439,0.011532239870589307,0.9647846206313838,27866,487,0.01747649465298213,19886,278,0.013979684199939656,1074,247,0.22998137802607077,BBH,0.5,discovery,validation
301,0.5485254712548228,0.009310210394457636,0.9647846206313838,27866,486,0.017440608627000646,19886,299,0.01503570351000704,1074,276,0.2569832402234637,BBH,0.5,discovery,validation
302,0.3100411188199781,0.005585327351279491,0.9691485433555804,27866,427,0.01532333309409316,19886,272,0.01367796439706326,1074,261,0.2430167597765363,BBH,0.5,discovery,validation
303,0.33100934987063096,0.011082406984653521,0.960134539040027,27866,552,0.019809086341778512,19886,321,0.016142009453887156,1074,290,0.27001862197392923,BBH,0.5,discovery,validation
304,0.1313220583083994,0.005481608135096268,0.963568445445952,27866,502,0.01801478504270437,19886,297,0.014935130242381574,1074,279,0.25977653631284914,BBH,0.5,discovery,validation
305,0.19435947799718603,0.012403987414702933,0.9614222539422489,27866,531,0.019055479796167372,19886,328,0.016494015890576284,1074,301,0.2802607076350093,BBH,0.5,discovery,validation
306,0.27292392759486583,0.009274992919852735,0.9650707794985444,27866,483,0.017332950549056196,19886,280,0.01408025746756512,1074,256,0.2383612662942272,BBH,0.5,discovery,validation
307,0.1622872383946054,0.0035358966235728533,0.9633538262955817,27866,505,0.01812244312064882,19886,285,0.014331690636628784,1074,267,0.24860335195530725,BBH,0.5,discovery,validation
308,0.43677722245945205,0.007341756780939221,0.9668592724182969,27866,458,0.016435799899519127,19886,287,0.014432263904254249,1074,262,0.24394785847299813,BBH,0.5,discovery,validation
309,0.45750809875962534,0.008694589308996078,0.9625668894108906,27866,517,0.018553075432426614,19886,304,0.015287136679070702,1074,277,0.2579143389199255,BBH,0.5,discovery,validation
310,0.3981556629504762,0.007707310312054493,0.9695062419395309,27866,421,0.015108016938204263,19886,264,0.0132756713265614,1074,249,0.23184357541899442,BBH,0.5,discovery,validation
311,0.2568201846755851,0.007033256291730862,0.9685046859044694,27866,435,0.015610421301945022,19886,258,0.012973951523685004,1074,237,0.2206703910614525,BBH,0.5,discovery,validation
312,0.378791219047296,0.010263813487320538,0.9700785596738517,27866,413,0.0148209287303524,19886,256,0.01287337825605954,1074,240,0.22346368715083798,BBH,0.5,discovery,validation
313,0.4292240410882565,0.00887796113217978,0.9632822865787917,27866,506,0.018158329146630302,19886,302,0.015186563411445237,1074,278,0.25884543761638734,BBH,0.5,discovery,validation
314,0.2598215720547167,0.006055431835335104,0.9667877327015069,27866,459,0.01647168592550061,19886,254,0.012772804988434075,1074,236,0.21973929236499068,BBH,0.5,discovery,validation
315,0.42416955131965983,0.019922814394539405,0.9633538262955817,27866,506,0.018158329146630302,19886,363,0.018254048074021926,1074,316,0.2942271880819367,BBH,0.5,discovery,validation
316,0.5430792901106547,0.010200459228375484,0.9671454312854574,27866,453,0.016256369769611714,19886,268,0.01347681786181233,1074,246,0.22905027932960895,BBH,0.5,discovery,validation
317,0.3258914746991874,0.009391995353503357,0.9607783964911378,27866,544,0.01952199813392665,19886,337,0.016946595594890878,1074,303,0.28212290502793297,BBH,0.5,discovery,validation
318,0.2840862570907686,0.0057413578817824,0.9685046859044694,27866,434,0.015574535275963539,19886,250,0.012571658453183143,1074,229,0.2132216014897579,BBH,0.5,discovery,validation
319,0.3408811828472678,0.014931910583740143,0.9648561603481739,27866,486,0.017440608627000646,19886,312,0.015689429749572565,1074,288,0.2681564245810056,BBH,0.5,discovery,validation
320,0.42605216502889276,0.014520690265651634,0.9629961277116312,27866,510,0.018301873250556232,19886,311,0.01563914311575983,1074,289,0.26908752327746743,BBH,0.5,discovery,validation
321,0.7404521113768142,0.010532654373328615,0.9625668894108906,27866,519,0.018624847484389577,19886,311,0.01563914311575983,1074,281,0.2616387337057728,BBH,0.5,discovery,validation
322,0.3665266993031198,0.0029905475880052223,0.9715808937264441,27866,391,0.01403143615875978,19886,235,0.011817358945992154,1074,226,0.21042830540037244,BBH,0.5,discovery,validation
323,0.6484130839489478,0.01423261368542348,0.9646415411978037,27866,488,0.017512380678963612,19886,300,0.015085990143819773,1074,276,0.2569832402234637,BBH,0.5,discovery,validation
324,0.7951089638759373,0.009731222997673646,0.9574875695187929,27866,587,0.02106509725113041,19886,343,0.017248315397767274,1074,304,0.28305400372439476,BBH,0.5,discovery,validation
325,0.5714736536011301,0.007717889943875535,0.9598483801728664,27866,555,0.01991674441972296,19886,338,0.01699688222870361,1074,299,0.2783985102420857,BBH,0.5,discovery,validation
326,0.48227020030321394,0.010607760053173812,0.9659292561000256,27866,470,0.01686643221129692,19886,285,0.014331690636628784,1074,261,0.2430167597765363,BBH,0.5,discovery,validation
327,0.4063079909829668,0.009085723598435447,0.9644269220474333,27866,493,0.017691810808871025,19886,302,0.015186563411445237,1074,286,0.26629422718808193,BBH,0.5,discovery,validation
328,0.4648105834694588,0.011221144259529095,0.9617799525261994,27866,528,0.018947821718222926,19886,294,0.014784270340943378,1074,267,0.24860335195530725,BBH,0.5,discovery,validation
329,0.37763024889185337,0.011756397474243934,0.9667877327015069,27866,458,0.016435799899519127,19886,273,0.013728251030875993,1074,258,0.24022346368715083,BBH,0.5,discovery,validation
330,0.47489865080795796,0.012668663508200968,0.9549836794311393,27866,621,0.022285222134500824,19886,370,0.018606054510711054,1074,324,0.3016759776536313,BBH,0.5,discovery,validation
331,0.1606321567591391,0.009348512096110415,0.9600629993232369,27866,552,0.019809086341778512,19886,347,0.017449461933018204,1074,316,0.2942271880819367,BBH,0.5,discovery,validation
332,0.365115763809572,0.00864569752281615,0.9653569383657048,27866,477,0.0171176343931673,19886,268,0.01347681786181233,1074,257,0.239292364990689,BBH,0.5,discovery,validation
333,0.2580471188461471,0.009652894897860937,0.9594906815889159,27866,561,0.020132060575611857,19886,321,0.016142009453887156,1074,293,0.27281191806331473,BBH,0.5,discovery,validation
334,0.6040917800496136,0.026460550379447896,0.9545544411303986,27866,630,0.02260819636833417,19886,410,0.020617519863220357,1074,346,0.3221601489757914,BBH,0.5,discovery,validation
335,0.5573210809957185,0.01042161676962881,0.9640692234634828,27866,497,0.017835354912796957,19886,300,0.015085990143819773,1074,273,0.2541899441340782,BBH,0.5,discovery,validation
336,0.46964986686279886,0.023110080689678337,0.9636399851627421,27866,502,0.01801478504270437,19886,317,0.015940862918636226,1074,276,0.2569832402234637,BBH,0.5,discovery,validation
337,0.6361417155836084,0.008848454636091732,0.968218527037309,27866,440,0.015789851431852436,19886,253,0.012722518354621341,1074,231,0.21508379888268156,BBH,0.5,discovery,validation
338,0.18696342359768234,0.00835460906998631,0.9633538262955817,27866,506,0.018158329146630302,19886,300,0.015085990143819773,1074,279,0.25977653631284914,BBH,0.5,discovery,validation
339,0.36922318431194673,0.012330256469334557,0.9664300341175563,27866,463,0.016615230029426543,19886,274,0.013778537664688726,1074,259,0.24115456238361266,BBH,0.5,discovery,validation
340,0.2851779850799377,0.01104513562117387,0.9650707794985444,27866,483,0.017332950549056196,19886,290,0.014583123805692447,1074,261,0.2430167597765363,BBH,0.5,discovery,validation
341,0.31000091069144814,0.009524268104776573,0.9631392071452114,27866,509,0.018265987224574752,19886,302,0.015186563411445237,1074,279,0.25977653631284914,BBH,0.5,discovery,validation
342,0.37900927540411494,0.01315107354232968,0.9574875695187929,27866,590,0.02117275532907486,19886,352,0.017700895102081865,1074,314,0.29236499068901306,BBH,0.5,discovery,validation
343,0.34664077291318435,0.015064654521284634,0.9591329830049654,27866,565,0.020275604679537786,19886,348,0.017499748566830935,1074,303,0.28212290502793297,BBH,0.5,discovery,validation
344,0.5816890752052061,0.018969606332517597,0.9626384291276807,27866,517,0.018553075432426614,19886,317,0.015940862918636226,1074,285,0.26536312849162014,BBH,0.5,discovery,validation
345,0.506072535027024,0.012432835526055867,0.964140763180273,27866,493,0.017691810808871025,19886,275,0.013828824298501458,1074,258,0.24022346368715083,BBH,0.5,discovery,validation
346,0.9406303236214666,0.020021216441301982,0.9565575532005216,27866,601,0.02156750161487117,19886,378,0.019008347581212913,1074,330,0.30726256983240224,BBH,0.5,discovery,validation
347,0.8493931619065629,0.010441591890993692,0.9687908447716298,27866,431,0.015466877198019091,19886,278,0.013979684199939656,1074,256,0.2383612662942272,BBH,0.5,discovery,validation
348,0.24265905707140323,0.006310613613704333,0.9657861766664454,27866,470,0.01686643221129692,19886,266,0.013376244594186865,1074,250,0.23277467411545624,BBH,0.5,discovery,validation
349,0.22266778704358006,0.007904317350977384,0.9673600504358278,27866,451,0.016184597717648748,19886,261,0.013124811425123202,1074,249,0.23184357541899442,BBH,0.5,discovery,validation
350,0.33625422038292074,0.013567941036702967,0.9612791745086687,27866,537,0.01927079595205627,19886,324,0.016292869355325354,1074,296,0.2756052141527002,BBH,0.5,discovery,validation
351,0.33440808221247287,0.008455375871818124,0.9642838426138531,27866,494,0.017727696834852508,19886,304,0.015287136679070702,1074,276,0.2569832402234637,BBH,0.5,discovery,validation
352,0.6403421880000543,0.01917417529343434,0.9649277000649642,27866,485,0.017404722601019162,19886,316,0.015890576284823495,1074,275,0.25605214152700184,BBH,0.5,discovery,validation
353,0.24604618582444246,0.010429129278830168,0.9649992397817543,27866,485,0.017404722601019162,19886,302,0.015186563411445237,1074,275,0.25605214152700184,BBH,0.5,discovery,validation
354,0.5268694144036964,0.016865150795136535,0.9619230319597796,27866,527,0.018911935692241442,19886,316,0.015890576284823495,1074,288,0.2681564245810056,BBH,0.5,discovery,validation
355,0.3653041207824744,0.01426402610350766,0.9622807305437301,27866,520,0.01866073351037106,19886,315,0.01584028965101076,1074,289,0.26908752327746743,BBH,0.5,discovery,validation
356,0.467016782326619,0.0069103437351496905,0.9627099688444708,27866,516,0.01851718940644513,19886,282,0.014180830735190586,1074,262,0.24394785847299813,BBH,0.5,discovery,validation
357,0.39129417253381643,0.013327441916674227,0.9660723355336057,27866,467,0.016758774133352472,19886,291,0.01463341043950518,1074,268,0.24953445065176907,BBH,0.5,discovery,validation
358,0.21355608327812994,0.011968378354034456,0.9632107468620015,27866,508,0.01823010119859327,19886,300,0.015085990143819773,1074,263,0.24487895716945995,BBH,0.5,discovery,validation
359,0.23664199670610078,0.005895193208254025,0.9680039078869387,27866,442,0.015861623483815403,19886,273,0.013728251030875993,1074,257,0.239292364990689,BBH,0.5,discovery,validation
360,0.3721258068918986,0.006244814507526368,0.9647846206313838,27866,488,0.017512380678963612,19886,283,0.014231117369003319,1074,267,0.24860335195530725,BBH,0.5,discovery,validation
361,0.391253715602228,0.018195025515354242,0.9563429340501511,27866,604,0.021675159692815617,19886,363,0.018254048074021926,1074,320,0.297951582867784,BBH,0.5,discovery,validation
362,0.1917706539987042,0.005894176445023907,0.9640692234634828,27866,497,0.017835354912796957,19886,299,0.01503570351000704,1074,276,0.2569832402234637,BBH,0.5,discovery,validation
363,0.360800474333287,0.006352722136620441,0.9662154149671861,27866,465,0.016687002081389506,19886,291,0.01463341043950518,1074,273,0.2541899441340782,BBH,0.5,discovery,validation
364,0.35452035359185746,0.011592558772281287,0.9592760624385457,27866,564,0.020239718653556307,19886,318,0.015991149552448958,1074,291,0.2709497206703911,BBH,0.5,discovery,validation
365,0.4395631580853387,0.005523324885157608,0.9597053007392864,27866,556,0.01995263044570444,19886,320,0.016091722820074424,1074,287,0.2672253258845438,BBH,0.5,discovery,validation
366,0.34757801180187853,0.005068695428864912,0.9710801157089133,27866,398,0.014282638340630158,19886,219,0.011012772804988434,1074,210,0.19553072625698323,BBH,0.5,discovery,validation
367,0.3023304358151928,0.011529078266366408,0.9695062419395309,27866,420,0.015072130912222781,19886,264,0.0132756713265614,1074,252,0.2346368715083799,BBH,0.5,discovery,validation
368,0.6332583440797441,0.01347850388229252,0.9634969057291619,27866,504,0.018086557094667336,19886,325,0.016343155989138086,1074,290,0.27001862197392923,BBH,0.5,discovery,validation
369,0.24920460597861305,0.004941905054068552,0.9708654965585429,27866,403,0.014462068470537572,19886,245,0.01232022528411948,1074,238,0.22160148975791433,BBH,0.5,discovery,validation
370,0.14002479782023605,0.002717808114119173,0.9677892887365684,27866,445,0.015969281561759852,19886,261,0.013124811425123202,1074,249,0.23184357541899442,BBH,0.5,discovery,validation
371,0.30735897439268756,0.008494976695515275,0.9700785596738517,27866,413,0.0148209287303524,19886,249,0.012521371819370412,1074,230,0.21415270018621974,BBH,0.5,discovery,validation
372,0.4917842838811436,0.010351521193993775,0.9684331461876793,27866,435,0.015610421301945022,19886,256,0.01287337825605954,1074,239,0.22253258845437615,BBH,0.5,discovery,validation
373,0.2205292982724624,0.003253091193708593,0.967503129869408,27866,449,0.01611282566568578,19886,257,0.012923664889872273,1074,243,0.22625698324022347,BBH,0.5,discovery,validation
374,0.3843338472519746,0.008889784907526076,0.9651423192153344,27866,482,0.017297064523074716,19886,295,0.01483455697475611,1074,270,0.25139664804469275,BBH,0.5,discovery,validation
375,0.2606540161651074,0.009772473855691481,0.9618514922429895,27866,526,0.01887604966625996,19886,330,0.01659458915820175,1074,295,0.2746741154562384,BBH,0.5,discovery,validation
376,0.6274524300316844,0.02448530929443333,0.9649277000649642,27866,483,0.017332950549056196,19886,308,0.015488283214321634,1074,280,0.260707635009311,BBH,0.5,discovery,validation
377,0.40216906723462903,0.021211676496988782,0.9547690602807688,27866,625,0.022428766238426757,19886,386,0.019410640651714776,1074,319,0.29702048417132215,BBH,0.5,discovery,validation
378,0.44382872544118085,0.00653618979890167,0.9592045227217555,27866,564,0.020239718653556307,19886,327,0.016443729256763552,1074,296,0.2756052141527002,BBH,0.5,discovery,validation
379,0.4645149394452447,0.011280552282546309,0.9677892887365684,27866,444,0.01593339553577837,19886,281,0.014130544101377854,1074,256,0.2383612662942272,BBH,0.5,discovery,validation
380,0.29356301537126,0.0054495604096800425,0.965500017799285,27866,477,0.0171176343931673,19886,299,0.01503570351000704,1074,278,0.25884543761638734,BBH,0.5,discovery,validation
381,0.5415556796131797,0.014595795945496851,0.9630676674284213,27866,511,0.018337759276537715,19886,308,0.015488283214321634,1074,280,0.260707635009311,BBH,0.5,discovery,validation
382,0.7055008339803487,0.017165404099228794,0.9584891255538546,27866,574,0.020598578913371135,19886,347,0.017449461933018204,1074,313,0.2914338919925512,BBH,0.5,discovery,validation
383,0.2282807668598523,0.0054244318327070235,0.9662154149671861,27866,468,0.016794660159333955,19886,270,0.013577391129437795,1074,258,0.24022346368715083,BBH,0.5,discovery,validation
384,0.3623693160828601,0.007681689779147413,0.9686477653380497,27866,431,0.015466877198019091,19886,251,0.012621945086995877,1074,241,0.22439478584729983,BBH,0.5,discovery,validation
385,0.40526210392106365,0.010566218012628789,0.9667877327015069,27866,459,0.01647168592550061,19886,291,0.01463341043950518,1074,274,0.25512104283054005,BBH,0.5,discovery,validation
386,0.4931424509391786,0.014197495307902402,0.9648561603481739,27866,486,0.017440608627000646,19886,284,0.014281404002816052,1074,261,0.2430167597765363,BBH,0.5,discovery,validation
387,0.2780472479388546,0.0062821306683179005,0.9668592724182969,27866,459,0.01647168592550061,19886,246,0.012370511917932214,1074,233,0.2169459962756052,BBH,0.5,discovery,validation
388,0.38556681708975976,0.006760967098703898,0.9630676674284213,27866,511,0.018337759276537715,19886,313,0.015739716383385297,1074,278,0.25884543761638734,BBH,0.5,discovery,validation
389,0.35523102082529706,0.014234696081678495,0.9656430972328651,27866,474,0.01700997631522285,19886,287,0.014432263904254249,1074,263,0.24487895716945995,BBH,0.5,discovery,validation
390,0.21540793879931525,0.006418933513817081,0.9616368730926191,27866,529,0.018983707744204405,19886,302,0.015186563411445237,1074,271,0.25232774674115455,BBH,0.5,discovery,validation
391,0.37836095321648827,0.012471541761009798,0.9599914596064466,27866,553,0.019844972367759995,19886,303,0.01523685004525797,1074,271,0.25232774674115455,BBH,0.5,discovery,validation
392,0.7576002193760095,0.008275582132108338,0.9609214759247181,27866,540,0.019378454030000717,19886,318,0.015991149552448958,1074,279,0.25977653631284914,BBH,0.5,discovery,validation
393,0.12406233179856145,0.006146144898637412,0.9651423192153344,27866,480,0.01722529247111175,19886,277,0.013929397566126923,1074,259,0.24115456238361266,BBH,0.5,discovery,validation
394,0.680796779323597,0.02498074312886884,0.9603491581903972,27866,545,0.019557884159908133,19886,372,0.018706627778336517,1074,329,0.3063314711359404,BBH,0.5,discovery,validation
395,0.31941450730699306,0.012302655895242622,0.9672885107190375,27866,451,0.016184597717648748,19886,283,0.014231117369003319,1074,262,0.24394785847299813,BBH,0.5,discovery,validation
396,0.2612020302509667,0.009684771443246011,0.9670738915686673,27866,454,0.016292255795593198,19886,263,0.013225384692748667,1074,235,0.21880819366852886,BBH,0.5,discovery,validation
397,0.4597534949524552,0.008867148554336984,0.9693631625059508,27866,424,0.015215675016148712,19886,247,0.012420798551744947,1074,234,0.21787709497206703,BBH,0.5,discovery,validation
398,0.11459737354956448,0.007193759630200308,0.9670738915686673,27866,455,0.016328141821574677,19886,278,0.013979684199939656,1074,261,0.2430167597765363,BBH,0.5,discovery,validation
399,0.43910551865442976,0.01491718027734977,0.9627815085612609,27866,516,0.01851718940644513,19886,327,0.016443729256763552,1074,293,0.27281191806331473,BBH,0.5,discovery,validation
400,0.30808810430125855,0.015321459862835729,0.9660007958168156,27866,468,0.016794660159333955,19886,283,0.014231117369003319,1074,271,0.25232774674115455,BBH,0.5,discovery,validation
401,0.37006842361624176,0.006967733164143932,0.9692916227891606,27866,424,0.015215675016148712,19886,261,0.013124811425123202,1074,249,0.23184357541899442,BBH,0.5,discovery,validation
402,0.08713490562212228,0.0059782772893440875,0.9672169710022475,27866,452,0.01622048374363023,19886,269,0.013527104495625063,1074,247,0.22998137802607077,BBH,0.5,discovery,validation
403,0.5004092607994617,0.01368028454991864,0.9643553823306432,27866,494,0.017727696834852508,19886,295,0.01483455697475611,1074,269,0.2504655493482309,BBH,0.5,discovery,validation
404,0.5702086712370374,0.02362609142270159,0.9642123028970631,27866,493,0.017691810808871025,19886,320,0.016091722820074424,1074,280,0.260707635009311,BBH,0.5,discovery,validation
405,0.22312829552141597,0.00614412779785819,0.9690054639220003,27866,429,0.015395105146056126,19886,246,0.012370511917932214,1074,234,0.21787709497206703,BBH,0.5,discovery,validation
406,0.1947160665265239,0.007375600471313334,0.9670023518518772,27866,457,0.016399913873537644,19886,275,0.013828824298501458,1074,257,0.239292364990689,BBH,0.5,discovery,validation
407,0.24127087557373994,0.007895064805583248,0.9669308121350871,27866,458,0.016435799899519127,19886,252,0.01267223172080861,1074,244,0.2271880819366853,BBH,0.5,discovery,validation
408,0.4074446388758381,0.006455322506002252,0.9634969057291619,27866,503,0.018050671068685853,19886,284,0.014281404002816052,1074,264,0.24581005586592178,BBH,0.5,discovery,validation
409,0.3221694111567355,0.008762672263583078,0.9666446532679267,27866,460,0.016507571951482093,19886,286,0.014381977270441517,1074,274,0.25512104283054005,BBH,0.5,discovery,validation
410,0.33799601076703684,0.01044879380549939,0.9634969057291619,27866,506,0.018158329146630302,19886,306,0.015387709946696169,1074,281,0.2616387337057728,BBH,0.5,discovery,validation
411,0.20986844826724863,0.005380565761921691,0.9612076347918784,27866,536,0.019234909926074788,19886,298,0.014985416876194308,1074,272,0.2532588454376164,BBH,0.5,discovery,validation
412,0.669929335686333,0.031170648349485672,0.9572014106516324,27866,593,0.021280413407019305,19886,395,0.019863220356029367,1074,330,0.30726256983240224,BBH,0.5,discovery,validation
413,0.6058023283148966,0.009901195944875651,0.9647130809145937,27866,487,0.01747649465298213,19886,308,0.015488283214321634,1074,282,0.26256983240223464,BBH,0.5,discovery,validation
414,0.48537186239851315,0.015143114976791518,0.9593476021553358,27866,563,0.020203832627574823,19886,355,0.017851755003520063,1074,306,0.2849162011173184,BBH,0.5,discovery,validation
415,0.31948980707865904,0.013137873267763972,0.963568445445952,27866,502,0.01801478504270437,19886,286,0.014381977270441517,1074,262,0.24394785847299813,BBH,0.5,discovery,validation
416,0.3734521961234135,0.005303792671828761,0.9658577163832355,27866,469,0.01683054618531544,19886,272,0.01367796439706326,1074,255,0.23743016759776536,BBH,0.5,discovery,validation
417,0.31351077763726737,0.010978357761606146,0.9617799525261994,27866,529,0.018983707744204405,19886,321,0.016142009453887156,1074,282,0.26256983240223464,BBH,0.5,discovery,validation
418,0.37922563984366847,0.008091590612777049,0.9683616064708892,27866,435,0.015610421301945022,19886,268,0.01347681786181233,1074,251,0.23370577281191807,BBH,0.5,discovery,validation
419,0.3262279197366959,0.006755822874056964,0.964140763180273,27866,496,0.017799468886815474,19886,289,0.014532837171879715,1074,270,0.25139664804469275,BBH,0.5,discovery,validation
420,0.25308693301910556,0.006960368893320041,0.9690054639220003,27866,426,0.015287447068111677,19886,272,0.01367796439706326,1074,257,0.239292364990689,BBH,0.5,discovery,validation
421,0.3195064822425866,0.005738625245758055,0.968146987320519,27866,440,0.015789851431852436,19886,251,0.012621945086995877,1074,235,0.21880819366852886,BBH,0.5,discovery,validation
422,0.33058854098841417,0.012058521405480523,0.9672885107190375,27866,451,0.016184597717648748,19886,264,0.0132756713265614,1074,247,0.22998137802607077,BBH,0.5,discovery,validation
423,0.3952824509139988,0.011809269162210327,0.9613507142254588,27866,533,0.019127251848130338,19886,310,0.015588856481947098,1074,278,0.25884543761638734,BBH,0.5,discovery,validation
424,0.33377463326850504,0.012709787304752418,0.9616368730926191,27866,531,0.019055479796167372,19886,299,0.01503570351000704,1074,274,0.25512104283054005,BBH,0.5,discovery,validation
425,0.556280229230487,0.007608158249691588,0.9654284780824949,27866,477,0.0171176343931673,19886,284,0.014281404002816052,1074,268,0.24953445065176907,BBH,0.5,discovery,validation
426,0.434541004241649,0.01063853892866854,0.9659292561000256,27866,470,0.01686643221129692,19886,277,0.013929397566126923,1074,253,0.23556797020484171,BBH,0.5,discovery,validation
427,0.3718500557428327,0.006582525151817273,0.967503129869408,27866,448,0.0160769396397043,19886,282,0.014180830735190586,1074,269,0.2504655493482309,BBH,0.5,discovery,validation
428,0.6589728589514637,0.010295014136294037,0.9627815085612609,27866,513,0.01840953132850068,19886,298,0.014985416876194308,1074,273,0.2541899441340782,BBH,0.5,discovery,validation
429,0.2286502722304445,0.006355932203389837,0.9662869546839762,27866,465,0.016687002081389506,19886,270,0.013577391129437795,1074,256,0.2383612662942272,BBH,0.5,discovery,validation
430,0.522713295984342,0.016930128617263483,0.9608499362079279,27866,541,0.0194143400559822,19886,317,0.015940862918636226,1074,288,0.2681564245810056,BBH,0.5,discovery,validation
431,0.4865975322937101,0.010878916281458654,0.9682900667540991,27866,437,0.015682193353907987,19886,277,0.013929397566126923,1074,260,0.24208566108007448,BBH,0.5,discovery,validation
432,0.6125500641859929,0.01809277632974766,0.9597053007392864,27866,557,0.019988516471685924,19886,329,0.01654430252438902,1074,280,0.260707635009311,BBH,0.5,discovery,validation
433,0.2925066423476186,0.011620441705187468,0.9629961277116312,27866,512,0.018373645302519198,19886,308,0.015488283214321634,1074,294,0.2737430167597765,BBH,0.5,discovery,validation
434,0.3781196706356417,0.014097857941327528,0.9609930156415082,27866,540,0.019378454030000717,19886,302,0.015186563411445237,1074,273,0.2541899441340782,BBH,0.5,discovery,validation
435,0.2536231212380309,0.010396694531789253,0.9662154149671861,27866,466,0.01672288810737099,19886,302,0.015186563411445237,1074,285,0.26536312849162014,BBH,0.5,discovery,validation
436,0.5076918982002396,0.00955259222333001,0.9680754476037288,27866,439,0.015753965405870953,19886,269,0.013527104495625063,1074,260,0.24208566108007448,BBH,0.5,discovery,validation
437,0.1834583652806181,0.005336118683576311,0.9604922376239775,27866,545,0.019557884159908133,19886,283,0.014231117369003319,1074,264,0.24581005586592178,BBH,0.5,discovery,validation
438,0.3312041967025531,0.009207793286806255,0.9652138589321245,27866,480,0.01722529247111175,19886,298,0.014985416876194308,1074,280,0.260707635009311,BBH,0.5,discovery,validation
439,0.5408122062355111,0.007264381099126848,0.9646415411978037,27866,488,0.017512380678963612,19886,265,0.013325957960374132,1074,250,0.23277467411545624,BBH,0.5,discovery,validation
440,0.5169354571659008,0.021022037258374975,0.9611360950750883,27866,539,0.019342568004019234,19886,346,0.017399175299205472,1074,304,0.28305400372439476,BBH,0.5,discovery,validation
441,0.5098381027752774,0.015140185504093781,0.9623522702605202,27866,520,0.01866073351037106,19886,327,0.016443729256763552,1074,298,0.2774674115456238,BBH,0.5,discovery,validation
442,0.638362418987628,0.015407120468105728,0.9634253660123718,27866,507,0.018194215172611786,19886,320,0.016091722820074424,1074,287,0.2672253258845438,BBH,0.5,discovery,validation
443,0.3018044606173211,0.00625000000000001,0.9612076347918784,27866,536,0.019234909926074788,19886,319,0.016041436186261693,1074,301,0.2802607076350093,BBH,0.5,discovery,validation
444,0.24425264780672612,0.012514248531663573,0.9697924008066915,27866,417,0.014964472834278332,19886,259,0.013024238157497738,1074,249,0.23184357541899442,BBH,0.5,discovery,validation
445,0.3256831483317109,0.007415254237288137,0.9632107468620015,27866,508,0.01823010119859327,19886,290,0.014583123805692447,1074,278,0.25884543761638734,BBH,0.5,discovery,validation
446,0.4343482263368701,0.009851004900901943,0.9646415411978037,27866,489,0.017548266704945095,19886,296,0.014884843608568843,1074,263,0.24487895716945995,BBH,0.5,discovery,validation
447,0.42550111982096045,0.00854096588738458,0.9619230319597796,27866,527,0.018911935692241442,19886,314,0.015790003017198028,1074,284,0.2644320297951583,BBH,0.5,discovery,validation
448,0.42967558673678263,0.01903359589879468,0.965571557516075,27866,476,0.017081748367185817,19886,299,0.01503570351000704,1074,277,0.2579143389199255,BBH,0.5,discovery,validation
449,0.360773157532513,0.013181074166342663,0.9638546043131125,27866,501,0.017978899016722887,19886,308,0.015488283214321634,1074,277,0.2579143389199255,BBH,0.5,discovery,validation
450,0.44225990668123716,0.006345546693253582,0.9687193050548397,27866,431,0.015466877198019091,19886,252,0.01267223172080861,1074,234,0.21787709497206703,BBH,0.5,discovery,validation
451,0.2983812308069446,0.009849966417763036,0.9617084128094093,27866,527,0.018911935692241442,19886,301,0.015136276777632506,1074,279,0.25977653631284914,BBH,0.5,discovery,validation
452,0.30479250864840146,0.012284925526450942,0.9624953496941006,27866,517,0.018553075432426614,19886,302,0.015186563411445237,1074,283,0.2635009310986965,BBH,0.5,discovery,validation
453,0.5904201191345919,0.017831170888354474,0.9599914596064466,27866,552,0.019809086341778512,19886,357,0.01795232827114553,1074,321,0.2988826815642458,BBH,0.5,discovery,validation
454,0.5023527474648724,0.013721085398576293,0.9573444900852128,27866,591,0.021208641355056342,19886,336,0.016896308961078146,1074,275,0.25605214152700184,BBH,0.5,discovery,validation
455,0.29358376688120086,0.016507543356901813,0.96220919082694,27866,522,0.018732505562334027,19886,328,0.016494015890576284,1074,309,0.2877094972067039,BBH,0.5,discovery,validation
456,0.29874088769520357,0.008871784533118286,0.9694347022227409,27866,422,0.015143902964185746,19886,253,0.012722518354621341,1074,244,0.2271880819366853,BBH,0.5,discovery,validation
457,0.498609227086505,0.015016088805235372,0.9616368730926191,27866,531,0.019055479796167372,19886,315,0.01584028965101076,1074,285,0.26536312849162014,BBH,0.5,discovery,validation
458,0.22738627723915417,0.009680848420470676,0.9573444900852128,27866,590,0.02117275532907486,19886,353,0.0177511817358946,1074,308,0.28677839851024206,BBH,0.5,discovery,validation
459,0.42536457770819347,0.0029349451645064827,0.9660007958168156,27866,470,0.01686643221129692,19886,296,0.014884843608568843,1074,279,0.25977653631284914,BBH,0.5,discovery,validation
460,0.3518073059765001,0.007239750586812206,0.9638546043131125,27866,501,0.017978899016722887,19886,298,0.014985416876194308,1074,274,0.25512104283054005,BBH,0.5,discovery,validation
461,0.46504534025935096,0.004385208859403095,0.9659292561000256,27866,470,0.01686643221129692,19886,264,0.0132756713265614,1074,244,0.2271880819366853,BBH,0.5,discovery,validation
462,0.4124927761713788,0.009683954367427309,0.9629245879948412,27866,512,0.018373645302519198,19886,323,0.016242582721512622,1074,297,0.276536312849162,BBH,0.5,discovery,validation
463,0.11032307185862321,0.00601241148349823,0.9632822865787917,27866,508,0.01823010119859327,19886,295,0.01483455697475611,1074,272,0.2532588454376164,BBH,0.5,discovery,validation
464,0.43450050193955225,0.012541460862385936,0.9632107468620015,27866,507,0.018194215172611786,19886,310,0.015588856481947098,1074,284,0.2644320297951583,BBH,0.5,discovery,validation
465,0.3224041653982025,0.014405099626072221,0.961493793659039,27866,534,0.01916313787411182,19886,321,0.016142009453887156,1074,288,0.2681564245810056,BBH,0.5,discovery,validation
466,0.38480188889380995,0.005905322830714882,0.9714378142928639,27866,395,0.01417498026268571,19886,235,0.011817358945992154,1074,229,0.2132216014897579,BBH,0.5,discovery,validation
467,0.37562874542897307,0.011137043415208915,0.9651423192153344,27866,481,0.017261178497093233,19886,304,0.015287136679070702,1074,289,0.26908752327746743,BBH,0.5,discovery,validation
468,0.46066448113766983,0.008176040061633277,0.9634969057291619,27866,504,0.018086557094667336,19886,299,0.01503570351000704,1074,276,0.2569832402234637,BBH,0.5,discovery,validation
469,0.6986567460823295,0.007178943937418513,0.9700070199570616,27866,414,0.014856814756333884,19886,228,0.011465352509303027,1074,220,0.2048417132216015,BBH,0.5,discovery,validation
470,0.5550351224782356,0.01000800047410218,0.9663584944007663,27866,464,0.016651116055408022,19886,277,0.013929397566126923,1074,253,0.23556797020484171,BBH,0.5,discovery,validation
471,0.3114944842479852,0.00751476630713918,0.9638546043131125,27866,500,0.017943012990741407,19886,279,0.01402997083375239,1074,255,0.23743016759776536,BBH,0.5,discovery,validation
472,0.5418150409898306,0.020057252484969333,0.9612076347918784,27866,536,0.019234909926074788,19886,349,0.01755003520064367,1074,305,0.2839851024208566,BBH,0.5,discovery,validation
473,0.45771702477351833,0.006152216427640151,0.9668592724182969,27866,456,0.01636402784755616,19886,274,0.013778537664688726,1074,262,0.24394785847299813,BBH,0.5,discovery,validation
474,0.1880280086744725,0.004029577932868064,0.9677177490197784,27866,447,0.016041053613722815,19886,254,0.012772804988434075,1074,238,0.22160148975791433,BBH,0.5,discovery,validation
475,0.1315304200864481,0.006899755279615704,0.9678608284533585,27866,443,0.015897509509796886,19886,263,0.013225384692748667,1074,256,0.2383612662942272,BBH,0.5,discovery,validation
476,0.34633773381097926,0.01892181710320751,0.9604206979071873,27866,547,0.019629656211871096,19886,355,0.017851755003520063,1074,315,0.29329608938547486,BBH,0.5,discovery,validation
477,0.47222450117112247,0.01973081040085634,0.9625668894108906,27866,518,0.018588961458408097,19886,337,0.016946595594890878,1074,287,0.2672253258845438,BBH,0.5,discovery,validation
478,0.2925826589270788,0.007989856189008724,0.9663584944007663,27866,464,0.016651116055408022,19886,279,0.01402997083375239,1074,258,0.24022346368715083,BBH,0.5,discovery,validation
479,0.3664363441464015,0.013007070547067377,0.9627815085612609,27866,516,0.01851718940644513,19886,313,0.015739716383385297,1074,282,0.26256983240223464,BBH,0.5,discovery,validation
480,0.2946022952593782,0.015389437747363961,0.9618514922429895,27866,529,0.018983707744204405,19886,335,0.01684602232726541,1074,298,0.2774674115456238,BBH,0.5,discovery,validation
481,0.45739040138340953,0.006916459246967729,0.9687908447716298,27866,429,0.015395105146056126,19886,250,0.012571658453183143,1074,234,0.21787709497206703,BBH,0.5,discovery,validation
482,0.17023871938556084,0.01036461558400414,0.9662154149671861,27866,467,0.016758774133352472,19886,277,0.013929397566126923,1074,266,0.24767225325884543,BBH,0.5,discovery,validation
483,0.23357399401596693,0.004449791650688966,0.9660723355336057,27866,470,0.01686643221129692,19886,277,0.013929397566126923,1074,259,0.24115456238361266,BBH,0.5,discovery,validation
484,0.4207577499823852,0.013827287607582228,0.9657146369496553,27866,471,0.016902318237278405,19886,278,0.013979684199939656,1074,256,0.2383612662942272,BBH,0.5,discovery,validation
485,0.16850751800898248,0.00903728209311459,0.9687193050548397,27866,432,0.015502763224000574,19886,269,0.013527104495625063,1074,263,0.24487895716945995,BBH,0.5,discovery,validation
486,0.3255874660147948,0.014373157785211331,0.9630676674284213,27866,511,0.018337759276537715,19886,297,0.014935130242381574,1074,268,0.24953445065176907,BBH,0.5,discovery,validation
487,0.16201365210325738,0.0039684825444369284,0.9609930156415082,27866,537,0.01927079595205627,19886,280,0.01408025746756512,1074,255,0.23743016759776536,BBH,0.5,discovery,validation
488,0.47750355717651694,0.012843478909067198,0.9660723355336057,27866,469,0.01683054618531544,19886,282,0.014180830735190586,1074,261,0.2430167597765363,BBH,0.5,discovery,validation
489,0.36380085568290577,0.009476597113219958,0.9657146369496553,27866,473,0.01697409028924137,19886,292,0.014683697073317912,1074,273,0.2541899441340782,BBH,0.5,discovery,validation
490,0.5386467207906062,0.013402972899483364,0.9594906815889159,27866,559,0.02006028852364889,19886,343,0.017248315397767274,1074,309,0.2877094972067039,BBH,0.5,discovery,validation
491,0.11347152251255893,0.0059054728338349405,0.964140763180273,27866,495,0.01776358286083399,19886,285,0.014331690636628784,1074,268,0.24953445065176907,BBH,0.5,discovery,validation
492,0.39715485113420224,0.014248919906945823,0.9560567751829909,27866,608,0.02181870379674155,19886,366,0.018404907975460124,1074,314,0.29236499068901306,BBH,0.5,discovery,validation
493,0.3465947363359366,0.010598655746157171,0.9629961277116312,27866,511,0.018337759276537715,19886,319,0.016041436186261693,1074,290,0.27001862197392923,BBH,0.5,discovery,validation
494,0.4262593467138867,0.009676189500035725,0.9600629993232369,27866,553,0.019844972367759995,19886,327,0.016443729256763552,1074,282,0.26256983240223464,BBH,0.5,discovery,validation
495,0.6997285556158228,0.020238526843711288,0.9623522702605202,27866,519,0.018624847484389577,19886,320,0.016091722820074424,1074,294,0.2737430167597765,BBH,0.5,discovery,validation
496,0.29892330656502447,0.008264788966434022,0.9663584944007663,27866,464,0.016651116055408022,19886,249,0.012521371819370412,1074,229,0.2132216014897579,BBH,0.5,discovery,validation
497,0.4001067460389583,0.018015974732274426,0.9637115248795324,27866,503,0.018050671068685853,19886,325,0.016343155989138086,1074,296,0.2756052141527002,BBH,0.5,discovery,validation
498,0.22959533758886808,0.012418740662746957,0.9652853986489146,27866,481,0.017261178497093233,19886,302,0.015186563411445237,1074,277,0.2579143389199255,BBH,0.5,discovery,validation
499,0.33927371905803794,0.00557796308045561,0.968218527037309,27866,439,0.015753965405870953,19886,252,0.01267223172080861,1074,234,0.21787709497206703,BBH,0.5,discovery,validation
500,0.1970399908583463,0.007739470980996407,0.9649277000649642,27866,484,0.01736883657503768,19886,279,0.01402997083375239,1074,264,0.24581005586592178,BBH,0.5,discovery,validation
501,0.21254715228743554,0.007172549189023126,0.9642123028970631,27866,494,0.017727696834852508,19886,293,0.014733983707130645,1074,274,0.25512104283054005,BBH,0.5,discovery,validation
502,0.3709918154918427,0.012058521405480527,0.966143875250396,27866,467,0.016758774133352472,19886,286,0.014381977270441517,1074,260,0.24208566108007448,BBH,0.5,discovery,validation
503,0.4979106231697118,0.009044980443285534,0.9629245879948412,27866,512,0.018373645302519198,19886,296,0.014884843608568843,1074,274,0.25512104283054005,BBH,0.5,discovery,validation
504,0.47567404034284433,0.011199922958397512,0.9658577163832355,27866,472,0.016938204263259888,19886,285,0.014331690636628784,1074,265,0.2467411545623836,BBH,0.5,discovery,validation
505,0.5870151979521765,0.006892202181334777,0.9684331461876793,27866,436,0.015646307327926507,19886,242,0.012169365382681284,1074,234,0.21787709497206703,BBH,0.5,discovery,validation
506,0.26516047607730825,0.00818218421658103,0.9716524334432342,27866,392,0.014067322184741262,19886,224,0.011264205974052097,1074,215,0.20018621973929238,BBH,0.5,discovery,validation
507,0.1888508679075408,0.008017613825191085,0.9647130809145937,27866,488,0.017512380678963612,19886,284,0.014281404002816052,1074,259,0.24115456238361266,BBH,0.5,discovery,validation
508,0.2424959414832388,0.008071367884452,0.9636399851627421,27866,503,0.018050671068685853,19886,286,0.014381977270441517,1074,273,0.2541899441340782,BBH,0.5,discovery,validation
509,0.30450878348675503,0.01204096045197741,0.9613507142254588,27866,534,0.01916313787411182,19886,329,0.01654430252438902,1074,299,0.2783985102420857,BBH,0.5,discovery,validation
510,0.1937627078928892,0.006402133164369818,0.9664300341175563,27866,463,0.016615230029426543,19886,272,0.01367796439706326,1074,265,0.2467411545623836,BBH,0.5,discovery,validation
511,0.36894003014079263,0.015511487344819122,0.9647846206313838,27866,487,0.01747649465298213,19886,312,0.015689429749572565,1074,288,0.2681564245810056,BBH,0.5,discovery,validation
512,0.29654174010429346,0.004701803679869488,0.9686477653380497,27866,431,0.015466877198019091,19886,250,0.012571658453183143,1074,235,0.21880819366852886,BBH,0.5,discovery,validation
513,0.14161025008442157,0.008540907650879125,0.9539821233960777,27866,637,0.02285939855020455,19886,346,0.017399175299205472,1074,308,0.28677839851024206,BBH,0.5,discovery,validation
514,0.14342461580255872,0.005708518737189733,0.9672169710022475,27866,451,0.016184597717648748,19886,260,0.013074524791310469,1074,245,0.22811918063314712,BBH,0.5,discovery,validation
515,0.38510259063873276,0.009188591122695359,0.9657146369496553,27866,472,0.016938204263259888,19886,270,0.013577391129437795,1074,252,0.2346368715083799,BBH,0.5,discovery,validation
516,0.28382201107077354,0.009755391147429987,0.9619945716765697,27866,525,0.018840163640278476,19886,311,0.01563914311575983,1074,288,0.2681564245810056,BBH,0.5,discovery,validation
517,0.2071890693583826,0.007766284479893654,0.9684331461876793,27866,437,0.015682193353907987,19886,284,0.014281404002816052,1074,261,0.2430167597765363,BBH,0.5,discovery,validation
518,0.3179013416483723,0.009396195440865172,0.9659292561000256,27866,471,0.016902318237278405,19886,267,0.013426531227999597,1074,255,0.23743016759776536,BBH,0.5,discovery,validation
519,0.5200926454585536,0.005691259554669317,0.9639976837466927,27866,497,0.017835354912796957,19886,267,0.013426531227999597,1074,249,0.23184357541899442,BBH,0.5,discovery,validation
520,0.20663542182007005,0.004612895948235732,0.9654284780824949,27866,479,0.017189406445130267,19886,288,0.014482550538066982,1074,271,0.25232774674115455,BBH,0.5,discovery,validation
521,0.465288034079129,0.011698235630993425,0.966143875250396,27866,467,0.016758774133352472,19886,276,0.013879110932314191,1074,256,0.2383612662942272,BBH,0.5,discovery,validation
522,0.4008099551663304,0.011928001043598167,0.965500017799285,27866,478,0.017153520419148784,19886,281,0.014130544101377854,1074,257,0.239292364990689,BBH,0.5,discovery,validation
523,0.3167901000408124,0.012499459988767773,0.9680754476037288,27866,441,0.01582573745783392,19886,267,0.013426531227999597,1074,248,0.2309124767225326,BBH,0.5,discovery,validation
524,0.7679544559644061,0.018803791118855273,0.9556275368822502,27866,615,0.02206990597861193,19886,407,0.02046665996178216,1074,345,0.32122905027932963,BBH,0.5,discovery,validation
525,0.2615554124895008,0.0020016416341459954,0.9692200830723705,27866,424,0.015215675016148712,19886,249,0.012521371819370412,1074,238,0.22160148975791433,BBH,0.5,discovery,validation
526,0.2757640350536329,0.014999782583713043,0.9590614432881753,27866,566,0.02031149070551927,19886,341,0.017147742130141808,1074,311,0.28957169459962756,BBH,0.5,discovery,validation
527,0.43984376173143286,0.013389878509472996,0.9581314269699039,27866,581,0.020849781095241514,19886,314,0.015790003017198028,1074,283,0.2635009310986965,BBH,0.5,discovery,validation
528,0.20187324175113486,0.002731766820749881,0.9693631625059508,27866,422,0.015143902964185746,19886,243,0.012219652016494015,1074,234,0.21787709497206703,BBH,0.5,discovery,validation
529,0.17236130617054846,0.0061066799601196455,0.9666446532679267,27866,460,0.016507571951482093,19886,271,0.013627677763250528,1074,266,0.24767225325884543,BBH,0.5,discovery,validation
530,0.10731911206891948,0.0045960603039366795,0.9659292561000256,27866,470,0.01686643221129692,19886,282,0.014180830735190586,1074,262,0.24394785847299813,BBH,0.5,discovery,validation
531,0.34129723393641,0.005344383516118316,0.9670738915686673,27866,455,0.016328141821574677,19886,276,0.013879110932314191,1074,252,0.2346368715083799,BBH,0.5,discovery,validation
532,0.26696915930903553,0.006907308377896619,0.9670738915686673,27866,455,0.016328141821574677,19886,262,0.013175098058935936,1074,242,0.22532588454376165,BBH,0.5,discovery,validation
533,0.32487421542643213,0.018221426064485676,0.9611360950750883,27866,536,0.019234909926074788,19886,340,0.017097455496329076,1074,308,0.28677839851024206,BBH,0.5,discovery,validation
534,0.2459005986551711,0.0142598966058494,0.9652138589321245,27866,480,0.01722529247111175,19886,310,0.015588856481947098,1074,286,0.26629422718808193,BBH,0.5,discovery,validation
535,0.6060299276755813,0.015999121017011265,0.9591329830049654,27866,565,0.020275604679537786,19886,331,0.01664487579201448,1074,302,0.2811918063314711,BBH,0.5,discovery,validation
536,0.20102225069520324,0.003410223873833038,0.9710085759921232,27866,399,0.014318524366611641,19886,228,0.011465352509303027,1074,223,0.20763500931098697,BBH,0.5,discovery,validation
537,0.2834084320731987,0.016681017553400408,0.9610645553582983,27866,538,0.01930668197803775,19886,318,0.015991149552448958,1074,273,0.2541899441340782,BBH,0.5,discovery,validation
538,0.30152507531468864,0.003728301078074191,0.9665731135511366,27866,461,0.016543457977463576,19886,261,0.013124811425123202,1074,248,0.2309124767225326,BBH,0.5,discovery,validation
539,0.25991261192312504,0.0047348484848484945,0.963568445445952,27866,505,0.01812244312064882,19886,303,0.01523685004525797,1074,276,0.2569832402234637,BBH,0.5,discovery,validation
540,0.7720273305403851,0.010156157401920121,0.9672169710022475,27866,453,0.016256369769611714,19886,264,0.0132756713265614,1074,244,0.2271880819366853,BBH,0.5,discovery,validation
541,0.37297829402310667,0.011430292455965418,0.9643553823306432,27866,493,0.017691810808871025,19886,304,0.015287136679070702,1074,265,0.2467411545623836,BBH,0.5,discovery,validation
542,0.5364526497196684,0.005598109517601028,0.9634969057291619,27866,503,0.018050671068685853,19886,313,0.015739716383385297,1074,283,0.2635009310986965,BBH,0.5,discovery,validation
543,0.280456970553195,0.014112964137889365,0.9648561603481739,27866,484,0.01736883657503768,19886,284,0.014281404002816052,1074,260,0.24208566108007448,BBH,0.5,discovery,validation
544,0.30197466906999404,0.013850688094312358,0.9603491581903972,27866,547,0.019629656211871096,19886,323,0.016242582721512622,1074,298,0.2774674115456238,BBH,0.5,discovery,validation
545,0.4915138791380743,0.009905253088087769,0.9665731135511366,27866,460,0.016507571951482093,19886,268,0.01347681786181233,1074,249,0.23184357541899442,BBH,0.5,discovery,validation
546,0.3208420371665151,0.019820812272895273,0.9567721723508918,27866,597,0.021423957510945238,19886,374,0.018807201045961983,1074,326,0.30353817504655495,BBH,0.5,discovery,validation
547,0.5705318874813873,0.009490467989969482,0.9653569383657048,27866,479,0.017189406445130267,19886,278,0.013979684199939656,1074,254,0.23649906890130354,BBH,0.5,discovery,validation
548,0.4550234302284665,0.011481838822247504,0.9667877327015069,27866,458,0.016435799899519127,19886,254,0.012772804988434075,1074,238,0.22160148975791433,BBH,0.5,discovery,validation
549,0.2394203390267832,0.006515869059488205,0.9590614432881753,27866,567,0.020347376731500753,19886,328,0.016494015890576284,1074,294,0.2737430167597765,BBH,0.5,discovery,validation
550,0.3855738731060295,0.006220920571618474,0.969577781656321,27866,421,0.015108016938204263,19886,242,0.012169365382681284,1074,236,0.21973929236499068,BBH,0.5,discovery,validation
551,0.35773074820904577,0.00819888818393305,0.9691485433555804,27866,426,0.015287447068111677,19886,246,0.012370511917932214,1074,237,0.2206703910614525,BBH,0.5,discovery,validation
552,0.17162852992481514,0.0038036202917726674,0.9669308121350871,27866,455,0.016328141821574677,19886,270,0.013577391129437795,1074,252,0.2346368715083799,BBH,0.5,discovery,validation
553,0.4953231332823202,0.021217111904162898,0.9644269220474333,27866,493,0.017691810808871025,19886,334,0.01679573569345268,1074,312,0.2905027932960894,BBH,0.5,discovery,validation
554,0.30834860174926415,0.003993083056127571,0.9683616064708892,27866,436,0.015646307327926507,19886,266,0.013376244594186865,1074,248,0.2309124767225326,BBH,0.5,discovery,validation
555,0.5620761658124902,0.016027238796431226,0.9639261440299026,27866,498,0.01787124093877844,19886,300,0.015085990143819773,1074,263,0.24487895716945995,BBH,0.5,discovery,validation
556,0.4903115302982805,0.011628241867430843,0.9563429340501511,27866,604,0.021675159692815617,19886,343,0.017248315397767274,1074,287,0.2672253258845438,BBH,0.5,discovery,validation
557,0.30228288259297853,0.013967831707370086,0.9603491581903972,27866,548,0.01966554223785258,19886,344,0.017298602031580006,1074,301,0.2802607076350093,BBH,0.5,discovery,validation
558,0.27825977856355133,0.008563378118264853,0.9597768404560764,27866,556,0.01995263044570444,19886,336,0.016896308961078146,1074,294,0.2737430167597765,BBH,0.5,discovery,validation
559,0.2811757641840357,0.010250013200274556,0.9639976837466927,27866,497,0.017835354912796957,19886,299,0.01503570351000704,1074,277,0.2579143389199255,BBH,0.5,discovery,validation
560,0.4561419569854739,0.014090693086416202,0.9625668894108906,27866,517,0.018553075432426614,19886,288,0.014482550538066982,1074,270,0.25139664804469275,BBH,0.5,discovery,validation
561,0.5332597486331871,0.007319222239822579,0.9621376511101499,27866,524,0.018804277614296993,19886,328,0.016494015890576284,1074,301,0.2802607076350093,BBH,0.5,discovery,validation
562,0.7480441456747696,0.015935131450734177,0.9634253660123718,27866,506,0.018158329146630302,19886,297,0.014935130242381574,1074,270,0.25139664804469275,BBH,0.5,discovery,validation
563,0.27586178935098515,0.0102608840146228,0.9686477653380497,27866,433,0.015538649249982057,19886,252,0.01267223172080861,1074,246,0.22905027932960895,BBH,0.5,discovery,validation
564,0.7126614483464353,0.009565054835493528,0.9669308121350871,27866,455,0.016328141821574677,19886,265,0.013325957960374132,1074,244,0.2271880819366853,BBH,0.5,discovery,validation
565,0.3786178678855243,0.010551489470980994,0.9648561603481739,27866,485,0.017404722601019162,19886,301,0.015136276777632506,1074,284,0.2644320297951583,BBH,0.5,discovery,validation
566,0.32476612317043113,0.008433810717380565,0.9650707794985444,27866,483,0.017332950549056196,19886,273,0.013728251030875993,1074,262,0.24394785847299813,BBH,0.5,discovery,validation
567,0.426108118309596,0.01331547696192081,0.9665015738343463,27866,459,0.01647168592550061,19886,288,0.014482550538066982,1074,263,0.24487895716945995,BBH,0.5,discovery,validation
568,0.23881768207809922,0.008422163416293177,0.9671454312854574,27866,453,0.016256369769611714,19886,278,0.013979684199939656,1074,263,0.24487895716945995,BBH,0.5,discovery,validation
569,0.30935028334025083,0.012914098613251154,0.965571557516075,27866,475,0.017045862341204334,19886,294,0.014784270340943378,1074,276,0.2569832402234637,BBH,0.5,discovery,validation
570,0.5001919320722562,0.005676719840478562,0.9639976837466927,27866,498,0.01787124093877844,19886,291,0.01463341043950518,1074,275,0.25605214152700184,BBH,0.5,discovery,validation
571,0.25603234253471535,0.014353745616732345,0.9579883475363237,27866,580,0.02081389506926003,19886,354,0.01780146836970733,1074,312,0.2905027932960894,BBH,0.5,discovery,validation
572,0.3638628574464,0.012477859539478423,0.9632107468620015,27866,507,0.018194215172611786,19886,305,0.015337423312883436,1074,284,0.2644320297951583,BBH,0.5,discovery,validation
573,0.35922905389453613,0.004475210731442041,0.9644269220474333,27866,492,0.01765592478288954,19886,279,0.01402997083375239,1074,266,0.24767225325884543,BBH,0.5,discovery,validation
574,0.31134430070253033,0.012769465604884582,0.9654284780824949,27866,479,0.017189406445130267,19886,312,0.015689429749572565,1074,285,0.26536312849162014,BBH,0.5,discovery,validation
575,0.48368713906035343,0.00967217810438149,0.9662154149671861,27866,466,0.01672288810737099,19886,276,0.013879110932314191,1074,264,0.24581005586592178,BBH,0.5,discovery,validation
576,0.6983178683548339,0.025272525668533902,0.9591329830049654,27866,566,0.02031149070551927,19886,386,0.019410640651714776,1074,334,0.31098696461824954,BBH,0.5,discovery,validation
577,0.2706872657283438,0.007321881706904209,0.9649277000649642,27866,485,0.017404722601019162,19886,280,0.01408025746756512,1074,268,0.24953445065176907,BBH,0.5,discovery,validation
578,0.2771843193991148,0.013513481080406467,0.9617084128094093,27866,529,0.018983707744204405,19886,314,0.015790003017198028,1074,285,0.26536312849162014,BBH,0.5,discovery,validation
579,0.2574855278379049,0.00935734463276835,0.9690054639220003,27866,428,0.015359219120074643,19886,265,0.013325957960374132,1074,250,0.23277467411545624,BBH,0.5,discovery,validation
580,0.3224533196520109,0.010872684975376882,0.9702931788242222,27866,410,0.014713270652407953,19886,252,0.01267223172080861,1074,240,0.22346368715083798,BBH,0.5,discovery,validation
581,0.18309868289569242,0.008418654293529676,0.9617084128094093,27866,529,0.018983707744204405,19886,310,0.015588856481947098,1074,292,0.2718808193668529,BBH,0.5,discovery,validation
582,0.3615149514644136,0.01341987913348598,0.9640692234634828,27866,496,0.017799468886815474,19886,302,0.015186563411445237,1074,279,0.25977653631284914,BBH,0.5,discovery,validation
583,0.5316249993465872,0.005588666244257882,0.966143875250396,27866,469,0.01683054618531544,19886,291,0.01463341043950518,1074,272,0.2532588454376164,BBH,0.5,discovery,validation
584,0.495835432915511,0.008210570779872212,0.9621376511101499,27866,524,0.018804277614296993,19886,332,0.016695162425827217,1074,308,0.28677839851024206,BBH,0.5,discovery,validation
585,0.3670137768925227,0.00915091264667536,0.9609930156415082,27866,539,0.019342568004019234,19886,317,0.015940862918636226,1074,294,0.2737430167597765,BBH,0.5,discovery,validation
586,0.36602157285562387,0.017499963999251182,0.9586322049874346,27866,571,0.020490920835426685,19886,325,0.016343155989138086,1074,296,0.2756052141527002,BBH,0.5,discovery,validation
587,0.5672916063290728,0.010243413062991704,0.9634253660123718,27866,506,0.018158329146630302,19886,296,0.014884843608568843,1074,278,0.25884543761638734,BBH,0.5,discovery,validation
588,0.40405125695344063,0.00978503882292517,0.9677177490197784,27866,446,0.016005167587741332,19886,283,0.014231117369003319,1074,261,0.2430167597765363,BBH,0.5,discovery,validation
589,0.6068901296972021,0.00904577932868061,0.9678608284533585,27866,445,0.015969281561759852,19886,254,0.012772804988434075,1074,244,0.2271880819366853,BBH,0.5,discovery,validation
590,0.470050487517072,0.015297856430707883,0.9657146369496553,27866,473,0.01697409028924137,19886,288,0.014482550538066982,1074,268,0.24953445065176907,BBH,0.5,discovery,validation
591,0.3526688688110852,0.010116457481139146,0.9650707794985444,27866,483,0.017332950549056196,19886,267,0.013426531227999597,1074,247,0.22998137802607077,BBH,0.5,discovery,validation
592,0.2120118514365164,0.012233936818827007,0.9660723355336057,27866,468,0.016794660159333955,19886,298,0.014985416876194308,1074,275,0.25605214152700184,BBH,0.5,discovery,validation
593,0.37210020561243407,0.01781920593360106,0.9618514922429895,27866,528,0.018947821718222926,19886,339,0.017047168862516345,1074,303,0.28212290502793297,BBH,0.5,discovery,validation
594,0.2592211165244743,0.00971706093839693,0.9631392071452114,27866,508,0.01823010119859327,19886,316,0.015890576284823495,1074,298,0.2774674115456238,BBH,0.5,discovery,validation
595,0.6227715107713501,0.01583507054593794,0.961493793659039,27866,533,0.019127251848130338,19886,340,0.017097455496329076,1074,293,0.27281191806331473,BBH,0.5,discovery,validation
596,0.5262439665740403,0.015656725659893723,0.9627815085612609,27866,512,0.018373645302519198,19886,330,0.01659458915820175,1074,299,0.2783985102420857,BBH,0.5,discovery,validation
597,0.3942366664790426,0.00931674672950844,0.9650707794985444,27866,483,0.017332950549056196,19886,282,0.014180830735190586,1074,261,0.2430167597765363,BBH,0.5,discovery,validation
598,0.25006681182972584,0.009407383908879421,0.9685046859044694,27866,436,0.015646307327926507,19886,261,0.013124811425123202,1074,249,0.23184357541899442,BBH,0.5,discovery,validation
599,0.4085216902100775,0.005826121183320613,0.9663584944007663,27866,463,0.016615230029426543,19886,257,0.012923664889872273,1074,243,0.22625698324022347,BBH,0.5,discovery,validation
600,0.32210865123541615,0.005600186619628287,0.9702931788242222,27866,411,0.014749156678389436,19886,248,0.012471085185557678,1074,241,0.22439478584729983,BBH,0.5,discovery,validation
601,0.2762345564414729,0.0049208435300160175,0.9620661113933598,27866,522,0.018732505562334027,19886,322,0.01619229608769989,1074,292,0.2718808193668529,BBH,0.5,discovery,validation
602,0.37849310626635324,0.017245558707621116,0.9637115248795324,27866,501,0.017978899016722887,19886,324,0.016292869355325354,1074,291,0.2709497206703911,BBH,0.5,discovery,validation
603,0.3061396422195395,0.005979976736457299,0.9657146369496553,27866,474,0.01700997631522285,19886,281,0.014130544101377854,1074,265,0.2467411545623836,BBH,0.5,discovery,validation
604,0.46766854468156865,0.011109584020524092,0.9609930156415082,27866,540,0.019378454030000717,19886,316,0.015890576284823495,1074,282,0.26256983240223464,BBH,0.5,discovery,validation
605,0.21957294623917467,0.007983436055469955,0.9644984617642235,27866,491,0.01762003875690806,19886,278,0.013979684199939656,1074,267,0.24860335195530725,BBH,0.5,discovery,validation
606,0.4129983332238333,0.017481645971177375,0.9630676674284213,27866,511,0.018337759276537715,19886,332,0.016695162425827217,1074,300,0.27932960893854747,BBH,0.5,discovery,validation
607,0.6326697268363377,0.01080209527181695,0.968146987320519,27866,441,0.01582573745783392,19886,265,0.013325957960374132,1074,241,0.22439478584729983,BBH,0.5,discovery,validation
608,0.3712291647392738,0.007953765438321114,0.9663584944007663,27866,464,0.016651116055408022,19886,296,0.014884843608568843,1074,284,0.2644320297951583,BBH,0.5,discovery,validation
609,0.5361504381339023,0.014454930662557779,0.9612791745086687,27866,535,0.019199023900093305,19886,332,0.016695162425827217,1074,304,0.28305400372439476,BBH,0.5,discovery,validation
610,0.3249873487549614,0.01654234408075688,0.9611360950750883,27866,538,0.01930668197803775,19886,326,0.01639344262295082,1074,294,0.2737430167597765,BBH,0.5,discovery,validation
611,0.28677622616360066,0.008088468240139392,0.9624953496941006,27866,518,0.018588961458408097,19886,320,0.016091722820074424,1074,292,0.2718808193668529,BBH,0.5,discovery,validation
612,0.19377002369518415,0.0039582592548694315,0.9691485433555804,27866,426,0.015287447068111677,19886,245,0.01232022528411948,1074,233,0.2169459962756052,BBH,0.5,discovery,validation
613,0.5112180594716732,0.021672450786976372,0.9531236467945964,27866,650,0.023325916887963826,19886,377,0.01895806094740018,1074,322,0.29981378026070765,BBH,0.5,discovery,validation
614,0.368394426728801,0.009011516851315206,0.9712231951424934,27866,396,0.014210866288667193,19886,245,0.01232022528411948,1074,234,0.21787709497206703,BBH,0.5,discovery,validation
615,0.18273325326236162,0.01305701276233604,0.9644269220474333,27866,490,0.01758415273092658,19886,301,0.015136276777632506,1074,277,0.2579143389199255,BBH,0.5,discovery,validation
616,0.22435283804098397,0.00836897407466075,0.9670738915686673,27866,452,0.01622048374363023,19886,285,0.014331690636628784,1074,268,0.24953445065176907,BBH,0.5,discovery,validation
617,0.29024275368622343,0.015408214608510926,0.9563429340501511,27866,603,0.021639273666834134,19886,372,0.018706627778336517,1074,326,0.30353817504655495,BBH,0.5,discovery,validation
618,0.3555202094187736,0.003471955927090517,0.9665015738343463,27866,462,0.01657934400344506,19886,282,0.014180830735190586,1074,264,0.24581005586592178,BBH,0.5,discovery,validation
619,0.5014028800097501,0.009681624907209828,0.9634969057291619,27866,505,0.01812244312064882,19886,297,0.014935130242381574,1074,273,0.2541899441340782,BBH,0.5,discovery,validation
620,0.49032612488787797,0.0077523112480739585,0.9677177490197784,27866,446,0.016005167587741332,19886,263,0.013225384692748667,1074,245,0.22811918063314712,BBH,0.5,discovery,validation
621,0.29400159797244796,0.013873488568562228,0.9627815085612609,27866,515,0.018481303380463648,19886,303,0.01523685004525797,1074,281,0.2616387337057728,BBH,0.5,discovery,validation
622,0.6509722178388565,0.006292723196334798,0.9702216391074321,27866,410,0.014713270652407953,19886,231,0.011616212410741225,1074,221,0.20577281191806332,BBH,0.5,discovery,validation
623,0.10946347381460332,0.0022999184265385707,0.9630676674284213,27866,512,0.018373645302519198,19886,285,0.014331690636628784,1074,269,0.2504655493482309,BBH,0.5,discovery,validation
624,0.5729126545627304,0.009457396713851644,0.9636399851627421,27866,503,0.018050671068685853,19886,284,0.014281404002816052,1074,266,0.24767225325884543,BBH,0.5,discovery,validation
625,0.5182861205019514,0.022402030668120236,0.9577021886691633,27866,585,0.020993325199167443,19886,385,0.01936035401790204,1074,324,0.3016759776536313,BBH,0.5,discovery,validation
626,0.3107250561305768,0.009036337955829477,0.9666446532679267,27866,460,0.016507571951482093,19886,267,0.013426531227999597,1074,245,0.22811918063314712,BBH,0.5,discovery,validation
627,0.1825403184586534,0.003775666769162911,0.9659292561000256,27866,471,0.016902318237278405,19886,278,0.013979684199939656,1074,262,0.24394785847299813,BBH,0.5,discovery,validation
628,0.4852128224882595,0.011354953830098487,0.9616368730926191,27866,532,0.019091365822148855,19886,308,0.015488283214321634,1074,285,0.26536312849162014,BBH,0.5,discovery,validation
629,0.2518413685941875,0.0033670600348487214,0.9667877327015069,27866,460,0.016507571951482093,19886,272,0.01367796439706326,1074,253,0.23556797020484171,BBH,0.5,discovery,validation
630,0.3432357788811009,0.011975437324390454,0.9662154149671861,27866,466,0.01672288810737099,19886,286,0.014381977270441517,1074,265,0.2467411545623836,BBH,0.5,discovery,validation
631,0.34348467689419293,0.010986122628997744,0.958202966686694,27866,578,0.020742123017297064,19886,346,0.017399175299205472,1074,314,0.29236499068901306,BBH,0.5,discovery,validation
632,0.35883426320878636,0.01705715478881961,0.9608499362079279,27866,542,0.019450226081963683,19886,331,0.01664487579201448,1074,294,0.2737430167597765,BBH,0.5,discovery,validation
633,0.498591295012369,0.0093394060243512,0.9658577163832355,27866,470,0.01686643221129692,19886,271,0.013627677763250528,1074,255,0.23743016759776536,BBH,0.5,discovery,validation
634,0.459797490924645,0.0166653466392101,0.9620661113933598,27866,524,0.018804277614296993,19886,346,0.017399175299205472,1074,294,0.2737430167597765,BBH,0.5,discovery,validation
635,0.33775877896043327,0.0039993655397444015,0.9654284780824949,27866,478,0.017153520419148784,19886,273,0.013728251030875993,1074,254,0.23649906890130354,BBH,0.5,discovery,validation
636,0.39767892934660365,0.009592999534390315,0.9600629993232369,27866,552,0.019809086341778512,19886,324,0.016292869355325354,1074,294,0.2737430167597765,BBH,0.5,discovery,validation
637,0.23423129632640388,0.01078204779600591,0.9737270852301472,27866,362,0.012990741405296777,19886,223,0.011213919340239364,1074,214,0.19925512104283055,BBH,0.5,discovery,validation
638,0.16404826778460194,0.003457241910631735,0.9703647185410122,27866,410,0.014713270652407953,19886,260,0.013074524791310469,1074,247,0.22998137802607077,BBH,0.5,discovery,validation
639,0.21063620531582755,0.008322788046118048,0.9631392071452114,27866,510,0.018301873250556232,19886,304,0.015287136679070702,1074,279,0.25977653631284914,BBH,0.5,discovery,validation
640,0.5510929566147719,0.009103142286536026,0.9624238099773103,27866,518,0.018588961458408097,19886,317,0.015940862918636226,1074,290,0.27001862197392923,BBH,0.5,discovery,validation
641,0.24854232224147785,0.006801565001963797,0.9700070199570616,27866,415,0.014892700782315367,19886,253,0.012722518354621341,1074,246,0.22905027932960895,BBH,0.5,discovery,validation
642,0.3662286426829286,0.013068271820053863,0.9593476021553358,27866,563,0.020203832627574823,19886,339,0.017047168862516345,1074,301,0.2802607076350093,BBH,0.5,discovery,validation
643,0.3166990883424595,0.014814202253053917,0.9627815085612609,27866,513,0.01840953132850068,19886,316,0.015890576284823495,1074,296,0.2756052141527002,BBH,0.5,discovery,validation
644,0.4686714452068832,0.005411794918275464,0.9615653333758291,27866,532,0.019091365822148855,19886,299,0.01503570351000704,1074,270,0.25139664804469275,BBH,0.5,discovery,validation
645,0.43250357614456214,0.010630491702462712,0.9694347022227409,27866,422,0.015143902964185746,19886,251,0.012621945086995877,1074,236,0.21973929236499068,BBH,0.5,discovery,validation
646,0.16589278941060454,0.009254622496147917,0.963568445445952,27866,503,0.018050671068685853,19886,306,0.015387709946696169,1074,280,0.260707635009311,BBH,0.5,discovery,validation
647,0.2127115270295109,0.006121786156681469,0.9667161929847168,27866,460,0.016507571951482093,19886,267,0.013426531227999597,1074,256,0.2383612662942272,BBH,0.5,discovery,validation
648,0.6578621158287559,0.019508841078012075,0.9553413780150898,27866,619,0.02221345008253786,19886,375,0.018857487679774715,1074,320,0.297951582867784,BBH,0.5,discovery,validation
649,0.5606592313001767,0.00895114772233416,0.9619230319597796,27866,528,0.018947821718222926,19886,307,0.0154379965805089,1074,294,0.2737430167597765,BBH,0.5,discovery,validation
650,0.23258110660077158,0.010381733587117435,0.9679323681701486,27866,441,0.01582573745783392,19886,257,0.012923664889872273,1074,244,0.2271880819366853,BBH,0.5,discovery,validation
651,0.5901781613090817,0.017830853234688464,0.9589183638545952,27866,569,0.02041914878346372,19886,359,0.018052901538770996,1074,322,0.29981378026070765,BBH,0.5,discovery,validation
652,0.1582392807504576,0.005760929827340411,0.9602060787568171,27866,549,0.019701428263834062,19886,311,0.01563914311575983,1074,280,0.260707635009311,BBH,0.5,discovery,validation
653,0.27803764755604227,0.004911402157164864,0.9684331461876793,27866,435,0.015610421301945022,19886,243,0.012219652016494015,1074,232,0.21601489757914338,BBH,0.5,discovery,validation
654,0.19740916232411587,0.007270633582119675,0.9631392071452114,27866,511,0.018337759276537715,19886,285,0.014331690636628784,1074,264,0.24581005586592178,BBH,0.5,discovery,validation
655,0.6277308398274086,0.014649234115834315,0.9645700014810136,27866,490,0.01758415273092658,19886,304,0.015287136679070702,1074,276,0.2569832402234637,BBH,0.5,discovery,validation
656,0.32019296221809673,0.015266717547724988,0.9662154149671861,27866,467,0.016758774133352472,19886,291,0.01463341043950518,1074,272,0.2532588454376164,BBH,0.5,discovery,validation
657,0.34262942998915985,0.006004901960784301,0.9644269220474333,27866,492,0.01765592478288954,19886,267,0.013426531227999597,1074,249,0.23184357541899442,BBH,0.5,discovery,validation
658,0.34428790564661144,0.01751404664511139,0.9600629993232369,27866,552,0.019809086341778512,19886,351,0.017650608468269133,1074,295,0.2746741154562384,BBH,0.5,discovery,validation
659,0.13849625574382313,0.00784911620279348,0.9659292561000256,27866,470,0.01686643221129692,19886,272,0.01367796439706326,1074,258,0.24022346368715083,BBH,0.5,discovery,validation
660,0.43575271413243627,0.02134367924264591,0.9564860134837315,27866,602,0.02160338764085265,19886,380,0.01910892084883838,1074,317,0.2951582867783985,BBH,0.5,discovery,validation
661,0.26402802678623577,0.009039878029463006,0.9598483801728664,27866,555,0.01991674441972296,19886,324,0.016292869355325354,1074,277,0.2579143389199255,BBH,0.5,discovery,validation
662,0.34797131044689833,0.009826014381099127,0.9663584944007663,27866,465,0.016687002081389506,19886,283,0.014231117369003319,1074,259,0.24115456238361266,BBH,0.5,discovery,validation
663,0.25012400781624716,0.013501163177135261,0.9680754476037288,27866,442,0.015861623483815403,19886,286,0.014381977270441517,1074,262,0.24394785847299813,BBH,0.5,discovery,validation
664,0.3224408594175512,0.005970724191063184,0.9735124660797769,27866,364,0.013062513457259744,19886,222,0.011163632706426632,1074,219,0.20391061452513967,BBH,0.5,discovery,validation
665,0.3116663822541769,0.010474447868515658,0.9680754476037288,27866,440,0.015789851431852436,19886,257,0.012923664889872273,1074,242,0.22532588454376165,BBH,0.5,discovery,validation
666,0.18651017762721056,0.006985294117647055,0.9677892887365684,27866,445,0.015969281561759852,19886,264,0.0132756713265614,1074,249,0.23184357541899442,BBH,0.5,discovery,validation
667,0.18997094929838101,0.006344747807858468,0.969577781656321,27866,420,0.015072130912222781,19886,246,0.012370511917932214,1074,236,0.21973929236499068,BBH,0.5,discovery,validation
668,0.4407714277715924,0.009339406024351187,0.9660007958168156,27866,470,0.01686643221129692,19886,285,0.014331690636628784,1074,261,0.2430167597765363,BBH,0.5,discovery,validation
669,0.548555865438477,0.016064345903100664,0.9627815085612609,27866,515,0.018481303380463648,19886,331,0.01664487579201448,1074,298,0.2774674115456238,BBH,0.5,discovery,validation
670,0.3405260080817702,0.012587238285144572,0.9683616064708892,27866,437,0.015682193353907987,19886,274,0.013778537664688726,1074,259,0.24115456238361266,BBH,0.5,discovery,validation
671,0.34087016561748473,0.008221547478775789,0.9587752844210148,27866,568,0.020383262757482236,19886,318,0.015991149552448958,1074,282,0.26256983240223464,BBH,0.5,discovery,validation
672,0.5693415944161552,0.02039442420402345,0.9619230319597796,27866,526,0.01887604966625996,19886,316,0.015890576284823495,1074,283,0.2635009310986965,BBH,0.5,discovery,validation
673,0.3304984016914843,0.012949787002628478,0.9647846206313838,27866,485,0.017404722601019162,19886,285,0.014331690636628784,1074,265,0.2467411545623836,BBH,0.5,discovery,validation
674,0.4994228296413963,0.02275377916095949,0.9532667262281767,27866,647,0.02321825881001938,19886,416,0.02091923966609675,1074,345,0.32122905027932963,BBH,0.5,discovery,validation
675,0.25519954126971306,0.0030099096649445684,0.965571557516075,27866,477,0.0171176343931673,19886,267,0.013426531227999597,1074,249,0.23184357541899442,BBH,0.5,discovery,validation
676,0.3533567870686454,0.011769597748809642,0.9632822865787917,27866,508,0.01823010119859327,19886,298,0.014985416876194308,1074,288,0.2681564245810056,BBH,0.5,discovery,validation
677,0.477973908876923,0.017371949571845208,0.962853048278051,27866,513,0.01840953132850068,19886,341,0.017147742130141808,1074,314,0.29236499068901306,BBH,0.5,discovery,validation
678,0.3181005495500652,0.005598109517601041,0.9662869546839762,27866,466,0.01672288810737099,19886,277,0.013929397566126923,1074,255,0.23743016759776536,BBH,0.5,discovery,validation
679,0.37814184436850834,0.008037513334123503,0.964140763180273,27866,496,0.017799468886815474,19886,310,0.015588856481947098,1074,284,0.2644320297951583,BBH,0.5,discovery,validation
680,0.29529495469652983,0.010659821724291866,0.9670023518518772,27866,456,0.01636402784755616,19886,270,0.013577391129437795,1074,247,0.22998137802607077,BBH,0.5,discovery,validation
681,0.2999014605501956,0.011106831022085251,0.9642838426138531,27866,493,0.017691810808871025,19886,285,0.014331690636628784,1074,275,0.25605214152700184,BBH,0.5,discovery,validation
682,0.1664113115427566,0.007172393077178723,0.9618514922429895,27866,527,0.018911935692241442,19886,313,0.015739716383385297,1074,269,0.2504655493482309,BBH,0.5,discovery,validation
683,0.2557302458578218,0.004588318378198727,0.9634253660123718,27866,504,0.018086557094667336,19886,282,0.014180830735190586,1074,266,0.24767225325884543,BBH,0.5,discovery,validation
684,0.11415452712537444,0.008636967884226122,0.9634969057291619,27866,504,0.018086557094667336,19886,304,0.015287136679070702,1074,277,0.2579143389199255,BBH,0.5,discovery,validation
685,0.5371172782873304,0.015908730901602747,0.9670738915686673,27866,455,0.016328141821574677,19886,299,0.01503570351000704,1074,271,0.25232774674115455,BBH,0.5,discovery,validation
686,0.19415812819298767,0.007562592596043648,0.9688623844884199,27866,430,0.015430991172037608,19886,254,0.012772804988434075,1074,246,0.22905027932960895,BBH,0.5,discovery,validation
687,0.5074933522340443,0.014619021722710658,0.9619230319597796,27866,527,0.018911935692241442,19886,320,0.016091722820074424,1074,296,0.2756052141527002,BBH,0.5,discovery,validation
688,0.3072652243324518,0.011597782410344717,0.9649992397817543,27866,483,0.017332950549056196,19886,280,0.01408025746756512,1074,265,0.2467411545623836,BBH,0.5,discovery,validation
689,0.32523484039920825,0.016096181859406214,0.9642123028970631,27866,495,0.01776358286083399,19886,290,0.014583123805692447,1074,266,0.24767225325884543,BBH,0.5,discovery,validation
690,0.6541049324425295,0.025715299584113695,0.9539821233960777,27866,636,0.02282351252422307,19886,420,0.021120386201347683,1074,348,0.3240223463687151,BBH,0.5,discovery,validation
691,0.30094627998478624,0.011434446660019939,0.9611360950750883,27866,536,0.019234909926074788,19886,318,0.015991149552448958,1074,282,0.26256983240223464,BBH,0.5,discovery,validation
692,0.2681991192263934,0.005877632254750898,0.9712947348592835,27866,396,0.014210866288667193,19886,233,0.01171678567836669,1074,219,0.20391061452513967,BBH,0.5,discovery,validation
693,0.7540918790010351,0.016132676736146694,0.9533382659449667,27866,647,0.02321825881001938,19886,384,0.01931006738408931,1074,344,0.3202979515828678,BBH,0.5,discovery,validation
694,0.2154337921141797,0.0064189335138170895,0.9656430972328651,27866,475,0.017045862341204334,19886,274,0.013778537664688726,1074,259,0.24115456238361266,BBH,0.5,discovery,validation
695,0.5301702178773358,0.006744350282485891,0.9621376511101499,27866,522,0.018732505562334027,19886,311,0.01563914311575983,1074,295,0.2746741154562384,BBH,0.5,discovery,validation
696,0.305870003760209,0.011227680594579898,0.9633538262955817,27866,507,0.018194215172611786,19886,300,0.015085990143819773,1074,269,0.2504655493482309,BBH,0.5,discovery,validation
697,0.6184967737422794,0.016207627118644062,0.964140763180273,27866,497,0.017835354912796957,19886,295,0.01483455697475611,1074,275,0.25605214152700184,BBH,0.5,discovery,validation
698,0.6578445644742806,0.012118946191727844,0.9653569383657048,27866,478,0.017153520419148784,19886,287,0.014432263904254249,1074,270,0.25139664804469275,BBH,0.5,discovery,validation
699,0.4035671806059713,0.018154648204917946,0.9642123028970631,27866,493,0.017691810808871025,19886,317,0.015940862918636226,1074,281,0.2616387337057728,BBH,0.5,discovery,validation
700,0.4374499641736258,0.009960207172309186,0.9665015738343463,27866,462,0.01657934400344506,19886,295,0.01483455697475611,1074,269,0.2504655493482309,BBH,0.5,discovery,validation
701,0.4425116211832188,0.0027134941329856493,0.9687908447716298,27866,430,0.015430991172037608,19886,260,0.013074524791310469,1074,244,0.2271880819366853,BBH,0.5,discovery,validation
702,0.3075356152892648,0.005689661783879129,0.9639976837466927,27866,496,0.017799468886815474,19886,287,0.014432263904254249,1074,265,0.2467411545623836,BBH,0.5,discovery,validation
703,0.651264701614026,0.012132252350848896,0.9665015738343463,27866,462,0.01657934400344506,19886,284,0.014281404002816052,1074,268,0.24953445065176907,BBH,0.5,discovery,validation
704,0.3883728556824521,0.01688819833334885,0.9634969057291619,27866,506,0.018158329146630302,19886,337,0.016946595594890878,1074,313,0.2914338919925512,BBH,0.5,discovery,validation
705,0.46705528959746284,0.006596507207349908,0.9637830645963225,27866,501,0.017978899016722887,19886,303,0.01523685004525797,1074,284,0.2644320297951583,BBH,0.5,discovery,validation
706,0.5564303458660751,0.01422626061210307,0.9584175858370643,27866,577,0.02070623699131558,19886,354,0.01780146836970733,1074,303,0.28212290502793297,BBH,0.5,discovery,validation
707,0.6488404806966672,0.011563067208630528,0.9647846206313838,27866,487,0.01747649465298213,19886,289,0.014532837171879715,1074,263,0.24487895716945995,BBH,0.5,discovery,validation
708,0.39594856407896745,0.009407195081422407,0.9647846206313838,27866,487,0.01747649465298213,19886,299,0.01503570351000704,1074,267,0.24860335195530725,BBH,0.5,discovery,validation
709,0.9002660721531495,0.018281330251669232,0.9585606652706447,27866,575,0.020634464939352615,19886,340,0.017097455496329076,1074,285,0.26536312849162014,BBH,0.5,discovery,validation
710,0.4600934242351502,0.008047877395849832,0.9621376511101499,27866,523,0.01876839158831551,19886,319,0.016041436186261693,1074,297,0.276536312849162,BBH,0.5,discovery,validation
711,0.24788512532761264,0.00652050259477977,0.9653569383657048,27866,476,0.017081748367185817,19886,288,0.014482550538066982,1074,275,0.25605214152700184,BBH,0.5,discovery,validation
712,0.5663043583703662,0.011424237624142589,0.9604206979071873,27866,547,0.019629656211871096,19886,313,0.015739716383385297,1074,281,0.2616387337057728,BBH,0.5,discovery,validation
713,0.5214112977585843,0.013364501511043195,0.9620661113933598,27866,523,0.01876839158831551,19886,299,0.01503570351000704,1074,272,0.2532588454376164,BBH,0.5,discovery,validation
714,0.6083369635506998,0.003848303574126109,0.9678608284533585,27866,441,0.01582573745783392,19886,237,0.011917932213617621,1074,227,0.21135940409683426,BBH,0.5,discovery,validation
715,0.4449268498478758,0.021854889875827063,0.9625668894108906,27866,517,0.018553075432426614,19886,325,0.016343155989138086,1074,299,0.2783985102420857,BBH,0.5,discovery,validation
716,0.41310828847727044,0.021512953351782656,0.9585606652706447,27866,574,0.020598578913371135,19886,364,0.018304334707834657,1074,308,0.28677839851024206,BBH,0.5,discovery,validation
717,0.545312485029701,0.012788348350586872,0.9619945716765697,27866,526,0.01887604966625996,19886,308,0.015488283214321634,1074,273,0.2541899441340782,BBH,0.5,discovery,validation
718,0.4917373042835238,0.010590890878765568,0.9621376511101499,27866,525,0.018840163640278476,19886,326,0.01639344262295082,1074,296,0.2756052141527002,BBH,0.5,discovery,validation
719,0.45110058324796964,0.009961407197269706,0.9670023518518772,27866,456,0.01636402784755616,19886,266,0.013376244594186865,1074,242,0.22532588454376165,BBH,0.5,discovery,validation
720,0.19737912891425147,0.002157483337191874,0.963568445445952,27866,505,0.01812244312064882,19886,286,0.014381977270441517,1074,259,0.24115456238361266,BBH,0.5,discovery,validation
721,0.5523970337742943,0.011855496594329157,0.9594191418721258,27866,561,0.020132060575611857,19886,339,0.017047168862516345,1074,316,0.2942271880819367,BBH,0.5,discovery,validation
722,0.48859315435312745,0.005578916041453668,0.9572014106516324,27866,591,0.021208641355056342,19886,325,0.016343155989138086,1074,292,0.2718808193668529,BBH,0.5,discovery,validation
723,0.3200428202438483,0.01462710424376827,0.9623522702605202,27866,520,0.01866073351037106,19886,339,0.017047168862516345,1074,305,0.2839851024208566,BBH,0.5,discovery,validation
724,0.253427913681099,0.015359225354240303,0.96220919082694,27866,521,0.018696619536352543,19886,304,0.015287136679070702,1074,282,0.26256983240223464,BBH,0.5,discovery,validation
725,0.34926188006510434,0.008330573275924139,0.9653569383657048,27866,477,0.0171176343931673,19886,295,0.01483455697475611,1074,280,0.260707635009311,BBH,0.5,discovery,validation
726,0.39554478385184133,0.010012198253723677,0.9627099688444708,27866,514,0.018445417354482165,19886,330,0.01659458915820175,1074,295,0.2746741154562384,BBH,0.5,discovery,validation
727,0.5018241660628702,0.019090455905012228,0.9647130809145937,27866,487,0.01747649465298213,19886,299,0.01503570351000704,1074,273,0.2541899441340782,BBH,0.5,discovery,validation
728,0.8075604420565964,0.011658242491443817,0.9638546043131125,27866,500,0.017943012990741407,19886,305,0.015337423312883436,1074,286,0.26629422718808193,BBH,0.5,discovery,validation
729,0.5255489835532424,0.013934899845916794,0.9653569383657048,27866,480,0.01722529247111175,19886,288,0.014482550538066982,1074,269,0.2504655493482309,BBH,0.5,discovery,validation
730,0.5453486114938211,0.00877607561929596,0.9639261440299026,27866,500,0.017943012990741407,19886,286,0.014381977270441517,1074,260,0.24208566108007448,BBH,0.5,discovery,validation
731,0.45516702115140395,0.019497756729810554,0.9643553823306432,27866,490,0.01758415273092658,19886,331,0.01664487579201448,1074,293,0.27281191806331473,BBH,0.5,discovery,validation
732,0.22561359555744467,0.0072459607159828885,0.9617084128094093,27866,527,0.018911935692241442,19886,283,0.014231117369003319,1074,264,0.24581005586592178,BBH,0.5,discovery,validation
733,0.33569878920645374,0.012511142584706932,0.9654284780824949,27866,478,0.017153520419148784,19886,325,0.016343155989138086,1074,300,0.27932960893854747,BBH,0.5,discovery,validation
734,0.25959003243570605,0.011480638797286983,0.9643553823306432,27866,494,0.017727696834852508,19886,294,0.014784270340943378,1074,272,0.2532588454376164,BBH,0.5,discovery,validation
735,0.5342278624615898,0.01694915254237288,0.9620661113933598,27866,523,0.01876839158831551,19886,334,0.01679573569345268,1074,299,0.2783985102420857,BBH,0.5,discovery,validation
736,0.1475799958062871,0.003405880842321526,0.9617084128094093,27866,531,0.019055479796167372,19886,288,0.014482550538066982,1074,261,0.2430167597765363,BBH,0.5,discovery,validation
737,0.24267325508971258,0.005976230187940867,0.9665015738343463,27866,462,0.01657934400344506,19886,292,0.014683697073317912,1074,274,0.25512104283054005,BBH,0.5,discovery,validation
738,0.293902836223059,0.0125390608124649,0.9625668894108906,27866,516,0.01851718940644513,19886,317,0.015940862918636226,1074,285,0.26536312849162014,BBH,0.5,discovery,validation
739,0.4882813179218068,0.012976258141463455,0.9611360950750883,27866,536,0.019234909926074788,19886,316,0.015890576284823495,1074,274,0.25512104283054005,BBH,0.5,discovery,validation
740,0.2939821208038196,0.013251910933865073,0.9658577163832355,27866,471,0.016902318237278405,19886,292,0.014683697073317912,1074,271,0.25232774674115455,BBH,0.5,discovery,validation
741,0.3824665855167648,0.010614220775792129,0.9599199198896565,27866,555,0.01991674441972296,19886,327,0.016443729256763552,1074,300,0.27932960893854747,BBH,0.5,discovery,validation
742,0.27685193437818045,0.008813143901628455,0.9654284780824949,27866,477,0.0171176343931673,19886,289,0.014532837171879715,1074,269,0.2504655493482309,BBH,0.5,discovery,validation
743,0.2561103650831201,0.005139196895295426,0.9670738915686673,27866,455,0.016328141821574677,19886,272,0.01367796439706326,1074,254,0.23649906890130354,BBH,0.5,discovery,validation
744,0.49429645196566835,0.012684862080425383,0.968146987320519,27866,438,0.01571807937988947,19886,278,0.013979684199939656,1074,261,0.2430167597765363,BBH,0.5,discovery,validation
745,0.28409882624199634,0.0067864588054019695,0.9670023518518772,27866,455,0.016328141821574677,19886,268,0.01347681786181233,1074,256,0.2383612662942272,BBH,0.5,discovery,validation
746,0.5363721348550959,0.014547867301522223,0.9634253660123718,27866,502,0.01801478504270437,19886,316,0.015890576284823495,1074,288,0.2681564245810056,BBH,0.5,discovery,validation
747,0.38543386416760894,0.00786464593757667,0.9654284780824949,27866,479,0.017189406445130267,19886,252,0.01267223172080861,1074,240,0.22346368715083798,BBH,0.5,discovery,validation
748,0.3108745877717526,0.00998009758602979,0.9642123028970631,27866,495,0.01776358286083399,19886,283,0.014231117369003319,1074,265,0.2467411545623836,BBH,0.5,discovery,validation
749,0.32458632922567,0.006968677301429044,0.9644984617642235,27866,492,0.01765592478288954,19886,297,0.014935130242381574,1074,277,0.2579143389199255,BBH,0.5,discovery,validation
750,0.16083386488560356,0.006592242503259444,0.9690054639220003,27866,428,0.015359219120074643,19886,260,0.013074524791310469,1074,252,0.2346368715083799,BBH,0.5,discovery,validation
751,0.23631835543288054,0.00535269192422731,0.9653569383657048,27866,476,0.017081748367185817,19886,282,0.014180830735190586,1074,265,0.2467411545623836,BBH,0.5,discovery,validation
752,0.39239995401242717,0.012851243776458788,0.958202966686694,27866,580,0.02081389506926003,19886,344,0.017298602031580006,1074,301,0.2802607076350093,BBH,0.5,discovery,validation
753,0.20751935640302274,0.008041367260439013,0.9680754476037288,27866,442,0.015861623483815403,19886,267,0.013426531227999597,1074,255,0.23743016759776536,BBH,0.5,discovery,validation
754,0.1801796934135892,0.010587008445069764,0.9647846206313838,27866,485,0.017404722601019162,19886,293,0.014733983707130645,1074,275,0.25605214152700184,BBH,0.5,discovery,validation
755,0.29994514574902337,0.0038075027254684582,0.9697924008066915,27866,415,0.014892700782315367,19886,259,0.013024238157497738,1074,246,0.22905027932960895,BBH,0.5,discovery,validation
756,0.6901727841954863,0.009965775749674046,0.9643553823306432,27866,494,0.017727696834852508,19886,295,0.01483455697475611,1074,263,0.24487895716945995,BBH,0.5,discovery,validation
757,0.6038091535205972,0.02886861223184031,0.9527659482106459,27866,655,0.023505347017871242,19886,439,0.0220758322437896,1074,342,0.31843575418994413,BBH,0.5,discovery,validation
758,0.5861746822250593,0.017262606121030845,0.9619945716765697,27866,525,0.018840163640278476,19886,305,0.015337423312883436,1074,276,0.2569832402234637,BBH,0.5,discovery,validation
759,0.20560965846003432,0.008372609444394087,0.9626384291276807,27866,517,0.018553075432426614,19886,305,0.015337423312883436,1074,282,0.26256983240223464,BBH,0.5,discovery,validation
760,0.285989321440338,0.00872732270478284,0.9640692234634828,27866,495,0.01776358286083399,19886,299,0.01503570351000704,1074,280,0.260707635009311,BBH,0.5,discovery,validation
761,0.26901647781812493,0.003977650382186768,0.9649277000649642,27866,485,0.017404722601019162,19886,276,0.013879110932314191,1074,258,0.24022346368715083,BBH,0.5,discovery,validation
762,0.2561444723979801,0.012336433068396055,0.9649277000649642,27866,485,0.017404722601019162,19886,281,0.014130544101377854,1074,261,0.2430167597765363,BBH,0.5,discovery,validation
763,0.3434308915399461,0.014988311756884542,0.9634253660123718,27866,506,0.018158329146630302,19886,304,0.015287136679070702,1074,277,0.2579143389199255,BBH,0.5,discovery,validation
764,0.18044813964958967,0.0065196456086286615,0.9697924008066915,27866,416,0.014928586808296848,19886,247,0.012420798551744947,1074,238,0.22160148975791433,BBH,0.5,discovery,validation
765,0.43086669306348846,0.0037873140702503172,0.9706508774081727,27866,404,0.014497954496519055,19886,235,0.011817358945992154,1074,221,0.20577281191806332,BBH,0.5,discovery,validation
766,0.2723416212683968,0.014335498178362107,0.9649992397817543,27866,484,0.01736883657503768,19886,296,0.014884843608568843,1074,275,0.25605214152700184,BBH,0.5,discovery,validation
767,0.4256280269411218,0.009010987428538512,0.9609930156415082,27866,538,0.01930668197803775,19886,303,0.01523685004525797,1074,278,0.25884543761638734,BBH,0.5,discovery,validation
768,0.3962062572792911,0.011268278497839814,0.9587752844210148,27866,570,0.020455034809445202,19886,339,0.017047168862516345,1074,308,0.28677839851024206,BBH,0.5,discovery,validation
769,0.3940836696380518,0.011379686697483302,0.9659292561000256,27866,471,0.016902318237278405,19886,286,0.014381977270441517,1074,270,0.25139664804469275,BBH,0.5,discovery,validation
770,0.4943671497281841,0.012784562977733456,0.9686477653380497,27866,433,0.015538649249982057,19886,268,0.01347681786181233,1074,254,0.23649906890130354,BBH,0.5,discovery,validation
771,0.11018398329884936,0.0059403520208604925,0.9667161929847168,27866,459,0.01647168592550061,19886,280,0.01408025746756512,1074,258,0.24022346368715083,BBH,0.5,discovery,validation
772,0.08633773952773824,0.00536930874044533,0.9665731135511366,27866,460,0.016507571951482093,19886,287,0.014432263904254249,1074,274,0.25512104283054005,BBH,0.5,discovery,validation
773,0.38324015578031634,0.014188495120698509,0.9634253660123718,27866,505,0.01812244312064882,19886,310,0.015588856481947098,1074,278,0.25884543761638734,BBH,0.5,discovery,validation
774,0.358919019575871,0.007012839984718744,0.9612791745086687,27866,537,0.01927079595205627,19886,286,0.014381977270441517,1074,259,0.24115456238361266,BBH,0.5,discovery,validation
775,0.4208329839539146,0.008617896311066808,0.9697208610899012,27866,416,0.014928586808296848,19886,262,0.013175098058935936,1074,255,0.23743016759776536,BBH,0.5,discovery,validation
776,0.700607209389642,0.017058672467446145,0.965500017799285,27866,476,0.017081748367185817,19886,306,0.015387709946696169,1074,286,0.26629422718808193,BBH,0.5,discovery,validation
777,0.5268796921913205,0.009691311579280834,0.9690770036387903,27866,426,0.015287447068111677,19886,249,0.012521371819370412,1074,235,0.21880819366852886,BBH,0.5,discovery,validation
778,0.46857884149389023,0.007210949987759749,0.9674315901526179,27866,449,0.01611282566568578,19886,270,0.013577391129437795,1074,253,0.23556797020484171,BBH,0.5,discovery,validation
779,0.26523355717216746,0.0035039113428944,0.973584005796567,27866,363,0.01302662743127826,19886,221,0.011113346072613899,1074,212,0.1973929236499069,BBH,0.5,discovery,validation
780,0.4421220048676922,0.011023180458624127,0.9663584944007663,27866,462,0.01657934400344506,19886,275,0.013828824298501458,1074,256,0.2383612662942272,BBH,0.5,discovery,validation
781,0.3318388025287754,0.005023754494093488,0.9672169710022475,27866,452,0.01622048374363023,19886,253,0.012722518354621341,1074,242,0.22532588454376165,BBH,0.5,discovery,validation
782,0.5162044492066361,0.007877593853952154,0.96220919082694,27866,523,0.01876839158831551,19886,309,0.015538569848134365,1074,281,0.2616387337057728,BBH,0.5,discovery,validation
783,0.4286124551161045,0.010559054922460034,0.967503129869408,27866,448,0.0160769396397043,19886,276,0.013879110932314191,1074,259,0.24115456238361266,BBH,0.5,discovery,validation
784,0.2266344255845793,0.010844025555731548,0.968146987320519,27866,440,0.015789851431852436,19886,268,0.01347681786181233,1074,256,0.2383612662942272,BBH,0.5,discovery,validation
785,0.39115085767439317,0.006728645838186371,0.9643553823306432,27866,493,0.017691810808871025,19886,298,0.014985416876194308,1074,281,0.2616387337057728,BBH,0.5,discovery,validation
786,0.6560303503198066,0.0287171973177042,0.9572014106516324,27866,591,0.021208641355056342,19886,416,0.02091923966609675,1074,356,0.33147113594040967,BBH,0.5,discovery,validation
787,0.38092083073719407,0.009909853772017276,0.9629961277116312,27866,513,0.01840953132850068,19886,304,0.015287136679070702,1074,277,0.2579143389199255,BBH,0.5,discovery,validation
788,0.2077130462108625,0.0068619897882111185,0.9614222539422489,27866,535,0.019199023900093305,19886,326,0.01639344262295082,1074,303,0.28212290502793297,BBH,0.5,discovery,validation
789,0.29390815368136525,0.010406616457622316,0.9686477653380497,27866,433,0.015538649249982057,19886,268,0.01347681786181233,1074,251,0.23370577281191807,BBH,0.5,discovery,validation
790,0.290099776354326,0.006756246412278317,0.9676462093029881,27866,447,0.016041053613722815,19886,274,0.013778537664688726,1074,259,0.24115456238361266,BBH,0.5,discovery,validation
791,0.5951557997405451,0.009501797637390862,0.9684331461876793,27866,435,0.015610421301945022,19886,249,0.012521371819370412,1074,239,0.22253258845437615,BBH,0.5,discovery,validation
792,0.33069387392032296,0.0106158796338258,0.9652853986489146,27866,478,0.017153520419148784,19886,282,0.014180830735190586,1074,270,0.25139664804469275,BBH,0.5,discovery,validation
793,0.887167851382056,0.016915163600108765,0.9583460461202742,27866,577,0.02070623699131558,19886,352,0.017700895102081865,1074,310,0.2886405959031657,BBH,0.5,discovery,validation
794,0.4400159926815378,0.0076324058128644495,0.9690054639220003,27866,427,0.01532333309409316,19886,273,0.013728251030875993,1074,255,0.23743016759776536,BBH,0.5,discovery,validation
795,0.19590450543222632,0.009701954741835103,0.9672169710022475,27866,454,0.016292255795593198,19886,292,0.014683697073317912,1074,269,0.2504655493482309,BBH,0.5,discovery,validation
796,0.5569996848477301,0.026727838291977647,0.9551982985815095,27866,620,0.02224933610851934,19886,406,0.020416373327969424,1074,344,0.3202979515828678,BBH,0.5,discovery,validation
797,0.4978939308881861,0.012979999395752142,0.9599199198896565,27866,555,0.01991674441972296,19886,338,0.01699688222870361,1074,303,0.28212290502793297,BBH,0.5,discovery,validation
798,0.30625894120731006,0.0059892438070404015,0.9599914596064466,27866,554,0.019880858393741478,19886,324,0.016292869355325354,1074,305,0.2839851024208566,BBH,0.5,discovery,validation
799,0.1934452052547491,0.009309193631227525,0.9677177490197784,27866,445,0.015969281561759852,19886,272,0.01367796439706326,1074,255,0.23743016759776536,BBH,0.5,discovery,validation
800,0.24521227875649995,0.004822653252364124,0.9657861766664454,27866,472,0.016938204263259888,19886,285,0.014331690636628784,1074,268,0.24953445065176907,BBH,0.5,discovery,validation
801,0.16456881325571063,0.0046854628422425115,0.968218527037309,27866,437,0.015682193353907987,19886,244,0.012269938650306749,1074,234,0.21787709497206703,BBH,0.5,discovery,validation
802,0.583759209616911,0.01182437535877217,0.9702931788242222,27866,410,0.014713270652407953,19886,240,0.012068792115055817,1074,231,0.21508379888268156,BBH,0.5,discovery,validation
803,0.4593480464738597,0.012451848998459164,0.9642123028970631,27866,494,0.017727696834852508,19886,290,0.014583123805692447,1074,271,0.25232774674115455,BBH,0.5,discovery,validation
804,0.3788923417948274,0.005695893089960875,0.9660723355336057,27866,470,0.01686643221129692,19886,270,0.013577391129437795,1074,248,0.2309124767225326,BBH,0.5,discovery,validation
805,0.34367534529976906,0.011340977068793617,0.9694347022227409,27866,421,0.015108016938204263,19886,232,0.011666499044553958,1074,214,0.19925512104283055,BBH,0.5,discovery,validation
806,0.21151957921578643,0.007709348589744773,0.9650707794985444,27866,481,0.017261178497093233,19886,281,0.014130544101377854,1074,267,0.24860335195530725,BBH,0.5,discovery,validation
807,0.600558089781072,0.012964893199190308,0.9609930156415082,27866,539,0.019342568004019234,19886,325,0.016343155989138086,1074,279,0.25977653631284914,BBH,0.5,discovery,validation
808,0.20129872600880666,0.008588017997290174,0.9677892887365684,27866,444,0.01593339553577837,19886,276,0.013879110932314191,1074,261,0.2430167597765363,BBH,0.5,discovery,validation
809,0.5760426723679888,0.01828742743731422,0.9615653333758291,27866,530,0.01901959377018589,19886,351,0.017650608468269133,1074,325,0.3026070763500931,BBH,0.5,discovery,validation
810,0.4736594107348312,0.014662263210368889,0.9684331461876793,27866,435,0.015610421301945022,19886,280,0.01408025746756512,1074,265,0.2467411545623836,BBH,0.5,discovery,validation
811,0.29458651665487656,0.004879301489470982,0.9653569383657048,27866,478,0.017153520419148784,19886,295,0.01483455697475611,1074,279,0.25977653631284914,BBH,0.5,discovery,validation
812,0.26849200431162273,0.01413149393507384,0.9626384291276807,27866,515,0.018481303380463648,19886,328,0.016494015890576284,1074,299,0.2783985102420857,BBH,0.5,discovery,validation
813,0.3409975095127121,0.01275573590754218,0.9642123028970631,27866,493,0.017691810808871025,19886,290,0.014583123805692447,1074,275,0.25605214152700184,BBH,0.5,discovery,validation
814,0.2495004965593494,0.012144252600454099,0.9618514922429895,27866,526,0.01887604966625996,19886,329,0.01654430252438902,1074,309,0.2877094972067039,BBH,0.5,discovery,validation
815,0.28798641413244325,0.010860225892698569,0.9599914596064466,27866,554,0.019880858393741478,19886,319,0.016041436186261693,1074,291,0.2709497206703911,BBH,0.5,discovery,validation
816,0.506798643000047,0.009952514252115447,0.9640692234634828,27866,496,0.017799468886815474,19886,301,0.015136276777632506,1074,264,0.24581005586592178,BBH,0.5,discovery,validation
817,0.22173509935188973,0.005529715018072371,0.968146987320519,27866,439,0.015753965405870953,19886,264,0.0132756713265614,1074,254,0.23649906890130354,BBH,0.5,discovery,validation
818,0.58948660273843,0.010242829204693611,0.9680754476037288,27866,441,0.01582573745783392,19886,269,0.013527104495625063,1074,253,0.23556797020484171,BBH,0.5,discovery,validation
819,0.2874244879860557,0.007828786368168228,0.9667877327015069,27866,459,0.01647168592550061,19886,280,0.01408025746756512,1074,264,0.24581005586592178,BBH,0.5,discovery,validation
820,0.7122963763616758,0.01159502262443439,0.9633538262955817,27866,507,0.018194215172611786,19886,318,0.015991149552448958,1074,288,0.2681564245810056,BBH,0.5,discovery,validation
821,0.31761853982388727,0.006546066927422855,0.9697924008066915,27866,417,0.014964472834278332,19886,222,0.011163632706426632,1074,211,0.19646182495344505,BBH,0.5,discovery,validation
822,0.322171072838576,0.010408024179210619,0.9646415411978037,27866,489,0.017548266704945095,19886,279,0.01402997083375239,1074,259,0.24115456238361266,BBH,0.5,discovery,validation
823,0.38928406189258224,0.008195300462249614,0.9600629993232369,27866,553,0.019844972367759995,19886,321,0.016142009453887156,1074,290,0.27001862197392923,BBH,0.5,discovery,validation
824,0.4481604406197083,0.01432268614716598,0.9657146369496553,27866,474,0.01700997631522285,19886,304,0.015287136679070702,1074,286,0.26629422718808193,BBH,0.5,discovery,validation
825,0.438464680006325,0.019143327592978644,0.9638546043131125,27866,500,0.017943012990741407,19886,296,0.014884843608568843,1074,273,0.2541899441340782,BBH,0.5,discovery,validation
826,0.5287167414829789,0.016386257892987706,0.9627099688444708,27866,514,0.018445417354482165,19886,324,0.016292869355325354,1074,286,0.26629422718808193,BBH,0.5,discovery,validation
827,0.29671798409291295,0.008303614796635722,0.9604206979071873,27866,547,0.019629656211871096,19886,325,0.016343155989138086,1074,295,0.2746741154562384,BBH,0.5,discovery,validation
828,0.16295697768689632,0.005028664007976078,0.9698639405234815,27866,417,0.014964472834278332,19886,233,0.01171678567836669,1074,219,0.20391061452513967,BBH,0.5,discovery,validation
829,0.4307946427807014,0.019728410350935296,0.959562221305706,27866,559,0.02006028852364889,19886,346,0.017399175299205472,1074,316,0.2942271880819367,BBH,0.5,discovery,validation
830,0.37732086458379116,0.017573165521842845,0.9588468241378051,27866,569,0.02041914878346372,19886,328,0.016494015890576284,1074,282,0.26256983240223464,BBH,0.5,discovery,validation
831,0.49260609545170264,0.010801318785077793,0.9671454312854574,27866,451,0.016184597717648748,19886,272,0.01367796439706326,1074,256,0.2383612662942272,BBH,0.5,discovery,validation
832,0.29440498592543496,0.01436151048412395,0.9617799525261994,27866,528,0.018947821718222926,19886,313,0.015739716383385297,1074,285,0.26536312849162014,BBH,0.5,discovery,validation
833,0.151327870885608,0.002807283278370007,0.9662154149671861,27866,465,0.016687002081389506,19886,279,0.01402997083375239,1074,264,0.24581005586592178,BBH,0.5,discovery,validation
834,0.30453577017955125,0.010429381637020403,0.9615653333758291,27866,532,0.019091365822148855,19886,310,0.015588856481947098,1074,280,0.260707635009311,BBH,0.5,discovery,validation
835,0.5013359252803298,0.009769932626363324,0.9602776184736072,27866,549,0.019701428263834062,19886,325,0.016343155989138086,1074,304,0.28305400372439476,BBH,0.5,discovery,validation
836,0.3629537103783003,0.017233558458015934,0.9652138589321245,27866,481,0.017261178497093233,19886,303,0.01523685004525797,1074,273,0.2541899441340782,BBH,0.5,discovery,validation
837,0.23256075885384736,0.00354864892501982,0.9647130809145937,27866,488,0.017512380678963612,19886,293,0.014733983707130645,1074,276,0.2569832402234637,BBH,0.5,discovery,validation
838,0.5821663572547218,0.005218398542689685,0.9610645553582983,27866,540,0.019378454030000717,19886,311,0.01563914311575983,1074,282,0.26256983240223464,BBH,0.5,discovery,validation
839,0.49566533523855133,0.007472294654498043,0.9609214759247181,27866,541,0.0194143400559822,19886,302,0.015186563411445237,1074,283,0.2635009310986965,BBH,0.5,discovery,validation
840,0.5308589791806755,0.005457983526057335,0.9632822865787917,27866,507,0.018194215172611786,19886,294,0.014784270340943378,1074,267,0.24860335195530725,BBH,0.5,discovery,validation
841,0.3124783418077946,0.0037234674481229236,0.9691485433555804,27866,425,0.015251561042130194,19886,265,0.013325957960374132,1074,251,0.23370577281191807,BBH,0.5,discovery,validation
842,0.29677162532867335,0.006706323337679263,0.9625668894108906,27866,517,0.018553075432426614,19886,288,0.014482550538066982,1074,266,0.24767225325884543,BBH,0.5,discovery,validation
843,0.3006930069187015,0.011259445961181882,0.9637115248795324,27866,502,0.01801478504270437,19886,280,0.01408025746756512,1074,254,0.23649906890130354,BBH,0.5,discovery,validation
844,0.295633124119908,0.009334994167878686,0.9617084128094093,27866,529,0.018983707744204405,19886,316,0.015890576284823495,1074,298,0.2774674115456238,BBH,0.5,discovery,validation
845,0.2823545079910357,0.01285346735212093,0.9638546043131125,27866,498,0.01787124093877844,19886,310,0.015588856481947098,1074,280,0.260707635009311,BBH,0.5,discovery,validation
846,0.26083652454054385,0.01327442904930069,0.9637115248795324,27866,498,0.01787124093877844,19886,310,0.015588856481947098,1074,278,0.25884543761638734,BBH,0.5,discovery,validation
847,0.49526614084313664,0.010815295546382664,0.9647846206313838,27866,487,0.01747649465298213,19886,302,0.015186563411445237,1074,268,0.24953445065176907,BBH,0.5,discovery,validation
848,0.36879338311346077,0.00920345025529473,0.9669308121350871,27866,458,0.016435799899519127,19886,267,0.013426531227999597,1074,253,0.23556797020484171,BBH,0.5,discovery,validation
849,0.8461769374588278,0.005003738783649044,0.9657861766664454,27866,471,0.016902318237278405,19886,263,0.013225384692748667,1074,250,0.23277467411545624,BBH,0.5,discovery,validation
850,0.42218743185389906,0.021109639080492883,0.9639261440299026,27866,499,0.017907126964759924,19886,324,0.016292869355325354,1074,291,0.2709497206703911,BBH,0.5,discovery,validation
851,0.343635157681602,0.01322787513980291,0.9707224171249628,27866,404,0.014497954496519055,19886,260,0.013074524791310469,1074,246,0.22905027932960895,BBH,0.5,discovery,validation
852,0.46815823386475336,0.009984469667919323,0.967503129869408,27866,448,0.0160769396397043,19886,283,0.014231117369003319,1074,266,0.24767225325884543,BBH,0.5,discovery,validation
853,0.3036902512904863,0.011133831583696938,0.9633538262955817,27866,507,0.018194215172611786,19886,280,0.01408025746756512,1074,258,0.24022346368715083,BBH,0.5,discovery,validation
854,0.3534849803700388,0.007884163990611006,0.9665015738343463,27866,463,0.016615230029426543,19886,270,0.013577391129437795,1074,238,0.22160148975791433,BBH,0.5,discovery,validation
855,0.16820757660203725,0.00421481766820749,0.9625668894108906,27866,518,0.018588961458408097,19886,307,0.0154379965805089,1074,271,0.25232774674115455,BBH,0.5,discovery,validation
856,0.23940722983212298,0.010634621200120962,0.9652138589321245,27866,480,0.01722529247111175,19886,288,0.014482550538066982,1074,271,0.25232774674115455,BBH,0.5,discovery,validation
857,0.3646862343219848,0.005521344843972757,0.9648561603481739,27866,486,0.017440608627000646,19886,266,0.013376244594186865,1074,255,0.23743016759776536,BBH,0.5,discovery,validation
858,0.5580861988958769,0.016161451542807462,0.9663584944007663,27866,464,0.016651116055408022,19886,295,0.01483455697475611,1074,267,0.24860335195530725,BBH,0.5,discovery,validation
859,0.28482127717187744,0.009389445300462252,0.9631392071452114,27866,510,0.018301873250556232,19886,295,0.01483455697475611,1074,263,0.24487895716945995,BBH,0.5,discovery,validation
860,0.4458864102116891,0.011457450079667532,0.9667877327015069,27866,459,0.01647168592550061,19886,269,0.013527104495625063,1074,250,0.23277467411545624,BBH,0.5,discovery,validation
861,0.28669473994917877,0.015524722914236618,0.9625668894108906,27866,519,0.018624847484389577,19886,299,0.01503570351000704,1074,263,0.24487895716945995,BBH,0.5,discovery,validation
862,0.4106818306013382,0.010949537750385202,0.9671454312854574,27866,454,0.016292255795593198,19886,272,0.01367796439706326,1074,257,0.239292364990689,BBH,0.5,discovery,validation
863,0.4790823941304529,0.007828786368168226,0.9589899035713852,27866,568,0.020383262757482236,19886,317,0.015940862918636226,1074,291,0.2709497206703911,BBH,0.5,discovery,validation
864,0.3637109889201481,0.011139498172150219,0.9640692234634828,27866,497,0.017835354912796957,19886,299,0.01503570351000704,1074,279,0.25977653631284914,BBH,0.5,discovery,validation
865,0.40274988407228735,0.008526503821867735,0.9695062419395309,27866,422,0.015143902964185746,19886,256,0.01287337825605954,1074,239,0.22253258845437615,BBH,0.5,discovery,validation
866,0.18532119962842866,0.010356215409280509,0.965571557516075,27866,475,0.017045862341204334,19886,262,0.013175098058935936,1074,248,0.2309124767225326,BBH,0.5,discovery,validation
867,0.4901363956429932,0.016224243934862076,0.9631392071452114,27866,510,0.018301873250556232,19886,302,0.015186563411445237,1074,269,0.2504655493482309,BBH,0.5,discovery,validation
868,0.17789558492701013,0.006666138655684031,0.9636399851627421,27866,503,0.018050671068685853,19886,300,0.015085990143819773,1074,278,0.25884543761638734,BBH,0.5,discovery,validation
869,0.750349351969676,0.012164264781413327,0.9670023518518772,27866,457,0.016399913873537644,19886,278,0.013979684199939656,1074,263,0.24487895716945995,BBH,0.5,discovery,validation
870,0.6632825023166625,0.006842789388842823,0.9639976837466927,27866,497,0.017835354912796957,19886,284,0.014281404002816052,1074,260,0.24208566108007448,BBH,0.5,discovery,validation
871,0.36276676942487224,0.014307897604270165,0.9632822865787917,27866,508,0.01823010119859327,19886,305,0.015337423312883436,1074,284,0.2644320297951583,BBH,0.5,discovery,validation
872,0.4304178891078515,0.007770438683948155,0.9613507142254588,27866,533,0.019127251848130338,19886,322,0.01619229608769989,1074,295,0.2746741154562384,BBH,0.5,discovery,validation
873,0.40758614377859553,0.016107935045048937,0.9596337610224961,27866,558,0.020024402497667407,19886,365,0.01835462134164739,1074,324,0.3016759776536313,BBH,0.5,discovery,validation
874,0.592587865539506,0.019250800416648665,0.9616368730926191,27866,531,0.019055479796167372,19886,335,0.01684602232726541,1074,301,0.2802607076350093,BBH,0.5,discovery,validation
875,0.4301666795012977,0.008964927646965649,0.9634969057291619,27866,506,0.018158329146630302,19886,284,0.014281404002816052,1074,267,0.24860335195530725,BBH,0.5,discovery,validation
876,0.3112488640672781,0.015724244711348825,0.9634969057291619,27866,505,0.01812244312064882,19886,319,0.016041436186261693,1074,276,0.2569832402234637,BBH,0.5,discovery,validation
877,0.29387287302421905,0.00939379539094413,0.9620661113933598,27866,526,0.01887604966625996,19886,330,0.01659458915820175,1074,283,0.2635009310986965,BBH,0.5,discovery,validation
878,0.17558161852931575,0.0029710517978773976,0.9647846206313838,27866,487,0.01747649465298213,19886,281,0.014130544101377854,1074,267,0.24860335195530725,BBH,0.5,discovery,validation
879,0.19671294599149028,0.010699422547988998,0.9689339242052102,27866,429,0.015395105146056126,19886,256,0.01287337825605954,1074,242,0.22532588454376165,BBH,0.5,discovery,validation
880,0.3209502517499174,0.009377171515755768,0.9670023518518772,27866,455,0.016328141821574677,19886,273,0.013728251030875993,1074,247,0.22998137802607077,BBH,0.5,discovery,validation
881,0.4937069308513809,0.010878916281458659,0.9617799525261994,27866,528,0.018947821718222926,19886,287,0.014432263904254249,1074,272,0.2532588454376164,BBH,0.5,discovery,validation
882,0.4760726312974261,0.010894400132934535,0.9644269220474333,27866,490,0.01758415273092658,19886,264,0.0132756713265614,1074,241,0.22439478584729983,BBH,0.5,discovery,validation
883,0.3937009638455189,0.00632797868078009,0.9699354802402715,27866,413,0.0148209287303524,19886,240,0.012068792115055817,1074,222,0.20670391061452514,BBH,0.5,discovery,validation
884,0.6629034393839313,0.01987597812622738,0.9624953496941006,27866,517,0.018553075432426614,19886,306,0.015387709946696169,1074,284,0.2644320297951583,BBH,0.5,discovery,validation
885,0.6003668347988004,0.006129339254962389,0.9620661113933598,27866,524,0.018804277614296993,19886,305,0.015337423312883436,1074,279,0.25977653631284914,BBH,0.5,discovery,validation
886,0.36214150120922656,0.009947006897743475,0.9668592724182969,27866,457,0.016399913873537644,19886,247,0.012420798551744947,1074,236,0.21973929236499068,BBH,0.5,discovery,validation
887,0.1294815679956195,0.007630146942350509,0.9617799525261994,27866,527,0.018911935692241442,19886,307,0.0154379965805089,1074,283,0.2635009310986965,BBH,0.5,discovery,validation
888,0.3005625932198795,0.016265408320493065,0.9637830645963225,27866,500,0.017943012990741407,19886,299,0.01503570351000704,1074,274,0.25512104283054005,BBH,0.5,discovery,validation
889,0.2232291977261946,0.004339254962385565,0.964140763180273,27866,494,0.017727696834852508,19886,280,0.01408025746756512,1074,262,0.24394785847299813,BBH,0.5,discovery,validation
890,0.24686926366198547,0.009090189075932786,0.9672885107190375,27866,453,0.016256369769611714,19886,266,0.013376244594186865,1074,253,0.23556797020484171,BBH,0.5,discovery,validation
891,0.6665070913628077,0.014414928292046922,0.96220919082694,27866,521,0.018696619536352543,19886,305,0.015337423312883436,1074,282,0.26256983240223464,BBH,0.5,discovery,validation
892,0.26848312775629485,0.002375059401235548,0.9649992397817543,27866,484,0.01736883657503768,19886,271,0.013627677763250528,1074,259,0.24115456238361266,BBH,0.5,discovery,validation
893,0.22322938538644452,0.0095061389041598,0.9664300341175563,27866,464,0.016651116055408022,19886,284,0.014281404002816052,1074,273,0.2541899441340782,BBH,0.5,discovery,validation
894,0.3579155817191497,0.006616937632302745,0.9654284780824949,27866,476,0.017081748367185817,19886,273,0.013728251030875993,1074,252,0.2346368715083799,BBH,0.5,discovery,validation
895,0.16449166130210408,0.011408954953321853,0.967574669586198,27866,448,0.0160769396397043,19886,269,0.013527104495625063,1074,245,0.22811918063314712,BBH,0.5,discovery,validation
896,0.30500337033736974,0.006397909999604905,0.9706508774081727,27866,405,0.014533840522500539,19886,259,0.013024238157497738,1074,247,0.22998137802607077,BBH,0.5,discovery,validation
897,0.43079636002084887,0.006567418955255439,0.9642838426138531,27866,493,0.017691810808871025,19886,292,0.014683697073317912,1074,275,0.25605214152700184,BBH,0.5,discovery,validation
898,0.3047230915816148,0.006968677301429039,0.9645700014810136,27866,489,0.017548266704945095,19886,268,0.01347681786181233,1074,247,0.22998137802607077,BBH,0.5,discovery,validation
899,0.2866505096848289,0.007156560621166803,0.9625668894108906,27866,518,0.018588961458408097,19886,291,0.01463341043950518,1074,268,0.24953445065176907,BBH,0.5,discovery,validation
900,0.3241274049293561,0.00719524119947849,0.9652138589321245,27866,481,0.017261178497093233,19886,297,0.014935130242381574,1074,279,0.25977653631284914,BBH,0.5,discovery,validation
901,0.44372675425571695,0.008229100577056708,0.9670738915686673,27866,453,0.016256369769611714,19886,279,0.01402997083375239,1074,258,0.24022346368715083,BBH,0.5,discovery,validation
902,0.5421451925007708,0.005565035662244052,0.9654284780824949,27866,477,0.0171176343931673,19886,260,0.013074524791310469,1074,244,0.2271880819366853,BBH,0.5,discovery,validation
903,0.3614180873152169,0.013537481579616855,0.9637115248795324,27866,501,0.017978899016722887,19886,297,0.014935130242381574,1074,274,0.25512104283054005,BBH,0.5,discovery,validation
904,0.32499369095318564,0.013158063687724705,0.966143875250396,27866,468,0.016794660159333955,19886,269,0.013527104495625063,1074,254,0.23649906890130354,BBH,0.5,discovery,validation
905,0.40933538780912126,0.007141348540049622,0.9625668894108906,27866,517,0.018553075432426614,19886,308,0.015488283214321634,1074,294,0.2737430167597765,BBH,0.5,discovery,validation
906,0.5885657182361385,0.011292027181857685,0.9637115248795324,27866,500,0.017943012990741407,19886,311,0.01563914311575983,1074,280,0.260707635009311,BBH,0.5,discovery,validation
907,0.3734444111090407,0.011733738179401196,0.9647130809145937,27866,487,0.01747649465298213,19886,299,0.01503570351000704,1074,271,0.25232774674115455,BBH,0.5,discovery,validation
908,0.5940429235290157,0.02416730267989575,0.9578452681027435,27866,583,0.02092155314720448,19886,381,0.01915920748265111,1074,314,0.29236499068901306,BBH,0.5,discovery,validation
909,0.5310244745721985,0.015126314627344255,0.959562221305706,27866,560,0.020096174549630374,19886,328,0.016494015890576284,1074,288,0.2681564245810056,BBH,0.5,discovery,validation
910,0.35756574581757483,0.011737703555998676,0.9680039078869387,27866,442,0.015861623483815403,19886,285,0.014331690636628784,1074,268,0.24953445065176907,BBH,0.5,discovery,validation
911,0.28643516265023866,0.010362215534083117,0.9667161929847168,27866,459,0.01647168592550061,19886,283,0.014231117369003319,1074,264,0.24581005586592178,BBH,0.5,discovery,validation
912,0.18234942475538735,0.007554157126468233,0.9671454312854574,27866,455,0.016328141821574677,19886,250,0.012571658453183143,1074,241,0.22439478584729983,BBH,0.5,discovery,validation
913,0.18859819583987175,0.004107685439857145,0.9662154149671861,27866,466,0.01672288810737099,19886,273,0.013728251030875993,1074,251,0.23370577281191807,BBH,0.5,discovery,validation
914,0.355033586776319,0.012572132088582731,0.9639261440299026,27866,498,0.01787124093877844,19886,294,0.014784270340943378,1074,274,0.25512104283054005,BBH,0.5,discovery,validation
915,0.34432509656537075,0.004772660809806387,0.9673600504358278,27866,451,0.016184597717648748,19886,265,0.013325957960374132,1074,252,0.2346368715083799,BBH,0.5,discovery,validation
916,0.4003291264765371,0.011446720444726423,0.9664300341175563,27866,464,0.016651116055408022,19886,297,0.014935130242381574,1074,267,0.24860335195530725,BBH,0.5,discovery,validation
917,0.8654907593399322,0.012150102722136612,0.9602776184736072,27866,549,0.019701428263834062,19886,352,0.017700895102081865,1074,320,0.297951582867784,BBH,0.5,discovery,validation
918,0.5310269765719963,0.015057101423003715,0.9598483801728664,27866,555,0.01991674441972296,19886,375,0.018857487679774715,1074,343,0.319366852886406,BBH,0.5,discovery,validation
919,0.23745728370778915,0.012443729417807187,0.965571557516075,27866,476,0.017081748367185817,19886,298,0.014985416876194308,1074,283,0.2635009310986965,BBH,0.5,discovery,validation
920,0.40198504280122327,0.007549321731774367,0.9649992397817543,27866,484,0.01736883657503768,19886,285,0.014331690636628784,1074,263,0.24487895716945995,BBH,0.5,discovery,validation
921,0.2616297820581005,0.005809973924380704,0.9658577163832355,27866,470,0.01686643221129692,19886,279,0.01402997083375239,1074,257,0.239292364990689,BBH,0.5,discovery,validation
922,0.27862563704613386,0.014089740125418148,0.9639261440299026,27866,498,0.01787124093877844,19886,327,0.016443729256763552,1074,308,0.28677839851024206,BBH,0.5,discovery,validation
923,0.26034943029625895,0.009367394841812713,0.9682900667540991,27866,438,0.01571807937988947,19886,271,0.013627677763250528,1074,258,0.24022346368715083,BBH,0.5,discovery,validation
924,0.4959556232777286,0.011363636363636367,0.9663584944007663,27866,466,0.01672288810737099,19886,277,0.013929397566126923,1074,256,0.2383612662942272,BBH,0.5,discovery,validation
925,0.22899993244159803,0.01271507447354904,0.96220919082694,27866,524,0.018804277614296993,19886,298,0.014985416876194308,1074,268,0.24953445065176907,BBH,0.5,discovery,validation
926,0.20142030461468233,0.005306051542342666,0.9687193050548397,27866,433,0.015538649249982057,19886,256,0.01287337825605954,1074,234,0.21787709497206703,BBH,0.5,discovery,validation
927,0.3599386972464438,0.005668917913492598,0.962853048278051,27866,513,0.01840953132850068,19886,329,0.01654430252438902,1074,299,0.2783985102420857,BBH,0.5,discovery,validation
928,0.2750314912039423,0.006615569956796276,0.968146987320519,27866,441,0.01582573745783392,19886,279,0.01402997083375239,1074,268,0.24953445065176907,BBH,0.5,discovery,validation
929,0.3516152865511439,0.015404543943925793,0.9599914596064466,27866,552,0.019809086341778512,19886,348,0.017499748566830935,1074,309,0.2877094972067039,BBH,0.5,discovery,validation
930,0.5682626485529036,0.018395570863168075,0.9670023518518772,27866,456,0.01636402784755616,19886,280,0.01408025746756512,1074,262,0.24394785847299813,BBH,0.5,discovery,validation
931,0.3182036892628499,0.010124928245566324,0.968146987320519,27866,439,0.015753965405870953,19886,257,0.012923664889872273,1074,235,0.21880819366852886,BBH,0.5,discovery,validation
932,0.27914013725204906,0.007682171553874203,0.9665015738343463,27866,462,0.01657934400344506,19886,282,0.014180830735190586,1074,262,0.24394785847299813,BBH,0.5,discovery,validation
933,0.49586564612370715,0.019777611374316585,0.9644984617642235,27866,489,0.017548266704945095,19886,295,0.01483455697475611,1074,272,0.2532588454376164,BBH,0.5,discovery,validation
934,0.3093947122088541,0.00917323786217106,0.967574669586198,27866,449,0.01611282566568578,19886,257,0.012923664889872273,1074,240,0.22346368715083798,BBH,0.5,discovery,validation
935,0.5530737174171957,0.017549623855705607,0.9638546043131125,27866,499,0.017907126964759924,19886,298,0.014985416876194308,1074,266,0.24767225325884543,BBH,0.5,discovery,validation
936,0.2620190608938292,0.007130548315404964,0.9587752844210148,27866,570,0.020455034809445202,19886,340,0.017097455496329076,1074,298,0.2774674115456238,BBH,0.5,discovery,validation
937,0.6222548526529578,0.01236985729303169,0.9649277000649642,27866,485,0.017404722601019162,19886,306,0.015387709946696169,1074,276,0.2569832402234637,BBH,0.5,discovery,validation
938,0.35746161360598006,0.006532485875706217,0.9627099688444708,27866,517,0.018553075432426614,19886,321,0.016142009453887156,1074,290,0.27001862197392923,BBH,0.5,discovery,validation
939,0.3343636494371317,0.005983324453148622,0.967574669586198,27866,448,0.0160769396397043,19886,271,0.013627677763250528,1074,256,0.2383612662942272,BBH,0.5,discovery,validation
940,0.42696424929870597,0.005695893089960881,0.9649277000649642,27866,484,0.01736883657503768,19886,301,0.015136276777632506,1074,271,0.25232774674115455,BBH,0.5,discovery,validation
941,0.335046108048466,0.01302828275298714,0.9612076347918784,27866,536,0.019234909926074788,19886,331,0.01664487579201448,1074,304,0.28305400372439476,BBH,0.5,discovery,validation
942,0.2302240854878546,0.009416066442417291,0.9649277000649642,27866,486,0.017440608627000646,19886,298,0.014985416876194308,1074,280,0.260707635009311,BBH,0.5,discovery,validation
943,0.4634425190524128,0.016677946901295548,0.9652853986489146,27866,480,0.01722529247111175,19886,310,0.015588856481947098,1074,283,0.2635009310986965,BBH,0.5,discovery,validation
944,0.48264144692204936,0.01320659234417958,0.9666446532679267,27866,460,0.016507571951482093,19886,278,0.013979684199939656,1074,250,0.23277467411545624,BBH,0.5,discovery,validation
945,0.5539309788302995,0.025049073961914872,0.9532667262281767,27866,645,0.023146486758056414,19886,392,0.01971236045459117,1074,324,0.3016759776536313,BBH,0.5,discovery,validation
946,0.4273531310800634,0.01970680990164594,0.9642123028970631,27866,493,0.017691810808871025,19886,324,0.016292869355325354,1074,302,0.2811918063314711,BBH,0.5,discovery,validation
947,0.34030792332597676,0.0024438277546942233,0.9685762256212597,27866,432,0.015502763224000574,19886,289,0.014532837171879715,1074,275,0.25605214152700184,BBH,0.5,discovery,validation
948,0.2580557379177979,0.00607951785668634,0.9669308121350871,27866,455,0.016328141821574677,19886,271,0.013627677763250528,1074,256,0.2383612662942272,BBH,0.5,discovery,validation
949,0.6631350893043385,0.01609942898576996,0.9674315901526179,27866,450,0.016148711691667265,19886,285,0.014331690636628784,1074,267,0.24860335195530725,BBH,0.5,discovery,validation
950,0.6126282250218995,0.004822653252364116,0.9631392071452114,27866,510,0.018301873250556232,19886,292,0.014683697073317912,1074,278,0.25884543761638734,BBH,0.5,discovery,validation
951,0.15625649074161324,0.0030248706096163785,0.9616368730926191,27866,532,0.019091365822148855,19886,337,0.016946595594890878,1074,310,0.2886405959031657,BBH,0.5,discovery,validation
952,0.3269631652313536,0.014081198771287391,0.9619945716765697,27866,525,0.018840163640278476,19886,308,0.015488283214321634,1074,282,0.26256983240223464,BBH,0.5,discovery,validation
953,0.20906120320678162,0.012504154204054506,0.9612076347918784,27866,537,0.01927079595205627,19886,331,0.01664487579201448,1074,286,0.26629422718808193,BBH,0.5,discovery,validation
954,0.3826077734588743,0.01239865789208416,0.965500017799285,27866,478,0.017153520419148784,19886,282,0.014180830735190586,1074,257,0.239292364990689,BBH,0.5,discovery,validation
955,0.6196162235941801,0.012368657268071173,0.9677892887365684,27866,446,0.016005167587741332,19886,275,0.013828824298501458,1074,256,0.2383612662942272,BBH,0.5,discovery,validation
956,0.4402042031142787,0.012088733798604187,0.9698639405234815,27866,416,0.014928586808296848,19886,251,0.012621945086995877,1074,232,0.21601489757914338,BBH,0.5,discovery,validation
957,0.29041427948485854,0.008448175722055013,0.9646415411978037,27866,490,0.01758415273092658,19886,284,0.014281404002816052,1074,270,0.25139664804469275,BBH,0.5,discovery,validation
958,0.5233195780692639,0.008247771553648314,0.9647130809145937,27866,487,0.01747649465298213,19886,271,0.013627677763250528,1074,246,0.22905027932960895,BBH,0.5,discovery,validation
959,0.46662227500071285,0.006778179447670981,0.9680754476037288,27866,440,0.015789851431852436,19886,256,0.01287337825605954,1074,237,0.2206703910614525,BBH,0.5,discovery,validation
960,0.38349224301049334,0.011242786791141731,0.9657861766664454,27866,472,0.016938204263259888,19886,276,0.013879110932314191,1074,253,0.23556797020484171,BBH,0.5,discovery,validation
961,0.43959013068010155,0.0052356858253420875,0.9663584944007663,27866,464,0.016651116055408022,19886,268,0.01347681786181233,1074,255,0.23743016759776536,BBH,0.5,discovery,validation
962,0.23619573425118578,0.011543040095233981,0.9597053007392864,27866,556,0.01995263044570444,19886,324,0.016292869355325354,1074,292,0.2718808193668529,BBH,0.5,discovery,validation
963,0.48602406466641235,0.02368323378773337,0.9610645553582983,27866,539,0.019342568004019234,19886,371,0.018656341144523785,1074,334,0.31098696461824954,BBH,0.5,discovery,validation
964,0.2955574561874977,0.004676675102896442,0.9672169710022475,27866,453,0.016256369769611714,19886,270,0.013577391129437795,1074,246,0.22905027932960895,BBH,0.5,discovery,validation
965,0.5854946176215017,0.016954976192916568,0.9604206979071873,27866,549,0.019701428263834062,19886,353,0.0177511817358946,1074,316,0.2942271880819367,BBH,0.5,discovery,validation
966,0.1956241971129862,0.006396675358539764,0.9647130809145937,27866,486,0.017440608627000646,19886,268,0.01347681786181233,1074,253,0.23556797020484171,BBH,0.5,discovery,validation
967,0.1786492552648432,0.0059405117979395156,0.9648561603481739,27866,486,0.017440608627000646,19886,280,0.01408025746756512,1074,257,0.239292364990689,BBH,0.5,discovery,validation
968,0.43264046605479844,0.009036337955829478,0.9662869546839762,27866,464,0.016651116055408022,19886,277,0.013929397566126923,1074,259,0.24115456238361266,BBH,0.5,discovery,validation
969,0.2796576725036176,0.00547384326770467,0.9592760624385457,27866,563,0.020203832627574823,19886,305,0.015337423312883436,1074,283,0.2635009310986965,BBH,0.5,discovery,validation
970,0.25918553397155647,0.006159406396196018,0.9667877327015069,27866,459,0.01647168592550061,19886,262,0.013175098058935936,1074,248,0.2309124767225326,BBH,0.5,discovery,validation
971,0.08522389047500373,0.006907308377896603,0.9683616064708892,27866,437,0.015682193353907987,19886,257,0.012923664889872273,1074,245,0.22811918063314712,BBH,0.5,discovery,validation
972,0.46625331290973726,0.018228414445138112,0.9634253660123718,27866,505,0.01812244312064882,19886,313,0.015739716383385297,1074,279,0.25977653631284914,BBH,0.5,discovery,validation
973,0.4368220591740391,0.00856891940999432,0.9652853986489146,27866,480,0.01722529247111175,19886,314,0.015790003017198028,1074,289,0.26908752327746743,BBH,0.5,discovery,validation
974,0.30576850289306134,0.013753521367362086,0.9617799525261994,27866,527,0.018911935692241442,19886,320,0.016091722820074424,1074,285,0.26536312849162014,BBH,0.5,discovery,validation
975,0.32497560960156857,0.006574972053536365,0.9663584944007663,27866,465,0.016687002081389506,19886,270,0.013577391129437795,1074,250,0.23277467411545624,BBH,0.5,discovery,validation
976,0.47270097503742825,0.014725506290530838,0.9684331461876793,27866,436,0.015646307327926507,19886,280,0.01408025746756512,1074,266,0.24767225325884543,BBH,0.5,discovery,validation
977,0.3770744283730384,0.011659442516404335,0.9637830645963225,27866,500,0.017943012990741407,19886,308,0.015488283214321634,1074,274,0.25512104283054005,BBH,0.5,discovery,validation
978,0.22281264979696302,0.004848435462842242,0.965571557516075,27866,476,0.017081748367185817,19886,279,0.01402997083375239,1074,256,0.2383612662942272,BBH,0.5,discovery,validation
979,0.4995506011588845,0.015060313254515699,0.9554129177318799,27866,615,0.02206990597861193,19886,353,0.0177511817358946,1074,318,0.29608938547486036,BBH,0.5,discovery,validation
980,0.27966785530643584,0.013508151557787689,0.9618514922429895,27866,527,0.018911935692241442,19886,330,0.01659458915820175,1074,297,0.276536312849162,BBH,0.5,discovery,validation
981,0.34771460331865156,0.0057681123296776295,0.971509354009654,27866,394,0.014139094236704227,19886,249,0.012521371819370412,1074,237,0.2206703910614525,BBH,0.5,discovery,validation
982,0.5346243820195783,0.013477480331590894,0.9696493213731111,27866,418,0.015000358860259815,19886,253,0.012722518354621341,1074,237,0.2206703910614525,BBH,0.5,discovery,validation
983,0.44885577739286486,0.011733738179401189,0.9627099688444708,27866,515,0.018481303380463648,19886,291,0.01463341043950518,1074,270,0.25139664804469275,BBH,0.5,discovery,validation
984,0.29289872975099157,0.010454693611473274,0.9662154149671861,27866,466,0.01672288810737099,19886,281,0.014130544101377854,1074,260,0.24208566108007448,BBH,0.5,discovery,validation
985,0.5276267324191012,0.027474818535049052,0.9578452681027435,27866,582,0.020885667121222997,19886,393,0.019762647088403903,1074,326,0.30353817504655495,BBH,0.5,discovery,validation
986,0.3315553124358705,0.0062048702377715355,0.9592760624385457,27866,563,0.020203832627574823,19886,344,0.017298602031580006,1074,311,0.28957169459962756,BBH,0.5,discovery,validation
987,0.2371542883464248,0.008157381438239793,0.9638546043131125,27866,501,0.017978899016722887,19886,289,0.014532837171879715,1074,260,0.24208566108007448,BBH,0.5,discovery,validation
988,0.28072794628080855,0.0036896885102268946,0.9633538262955817,27866,507,0.018194215172611786,19886,295,0.01483455697475611,1074,277,0.2579143389199255,BBH,0.5,discovery,validation
989,0.24569241933305547,0.006789291217257309,0.963568445445952,27866,502,0.01801478504270437,19886,282,0.014180830735190586,1074,256,0.2383612662942272,BBH,0.5,discovery,validation
990,0.2592340049383278,0.004145924696772157,0.9697924008066915,27866,416,0.014928586808296848,19886,259,0.013024238157497738,1074,248,0.2309124767225326,BBH,0.5,discovery,validation
991,0.28896202419482214,0.009908606099006852,0.9634969057291619,27866,505,0.01812244312064882,19886,313,0.015739716383385297,1074,285,0.26536312849162014,BBH,0.5,discovery,validation
992,0.33599104756455167,0.008140482398956978,0.9639976837466927,27866,498,0.01787124093877844,19886,290,0.014583123805692447,1074,266,0.24767225325884543,BBH,0.5,discovery,validation
993,0.5103623207089785,0.008939091815462706,0.9660007958168156,27866,468,0.016794660159333955,19886,260,0.013074524791310469,1074,246,0.22905027932960895,BBH,0.5,discovery,validation
994,0.5433170374695274,0.019468110819057974,0.9632107468620015,27866,509,0.018265987224574752,19886,301,0.015136276777632506,1074,270,0.25139664804469275,BBH,0.5,discovery,validation
995,0.25335928209365666,0.00794963594066286,0.9667877327015069,27866,458,0.016435799899519127,19886,273,0.013728251030875993,1074,256,0.2383612662942272,BBH,0.5,discovery,validation
996,0.22257391091210563,0.010317814610543895,0.9624238099773103,27866,520,0.01866073351037106,19886,314,0.015790003017198028,1074,295,0.2746741154562384,BBH,0.5,discovery,validation
997,0.4734608262808859,0.015343766209160678,0.9632822865787917,27866,507,0.018194215172611786,19886,315,0.01584028965101076,1074,288,0.2681564245810056,BBH,0.5,discovery,validation
998,0.24073318941042016,0.00546945991861247,0.9652853986489146,27866,479,0.017189406445130267,19886,247,0.012420798551744947,1074,227,0.21135940409683426,BBH,0.5,discovery,validation
999,0.5742816218567682,0.026565552563493317,0.9565575532005216,27866,599,0.021495729562908204,19886,417,0.020969526299909485,1074,355,0.33054003724394787,BBH,0.5,discovery,validation
0,0.5136275908375892,0.007964342974936202,0.9716874975978234,33532,471,0.014046284146486938,24493,285,0.011635977626260565,1152,278,0.24131944444444445,BBH,0.5,validation,discovery
1,0.49838095194261606,0.008687258687258689,0.9680035996645941,33532,532,0.015865441965883336,24493,326,0.013309925284775242,1152,298,0.2586805555555556,BBH,0.5,validation,discovery
2,0.3334105035172274,0.005916327950226254,0.9667558277839842,33532,554,0.016521531671239414,24493,336,0.01371820520148614,1152,301,0.2612847222222222,BBH,0.5,validation,discovery
3,0.4019060169149377,0.005887882159068594,0.9709150673860173,33532,484,0.014433973517833711,24493,290,0.011840117584616013,1152,276,0.23958333333333334,BBH,0.5,validation,discovery
4,0.3585294466966822,0.009212271924136333,0.9675876757043907,33532,541,0.01613384229989264,24493,348,0.014208141101539215,1152,320,0.2777777777777778,BBH,0.5,validation,discovery
5,0.12467913185509631,0.003149131274131277,0.9745989653192465,33532,422,0.012584993439102946,24493,248,0.010125341934430246,1152,236,0.2048611111111111,BBH,0.5,validation,discovery
6,0.5656284614322579,0.01415031102531103,0.9663993215323814,33532,560,0.016700465227245616,24493,351,0.014330625076552484,1152,317,0.2751736111111111,BBH,0.5,validation,discovery
7,0.35199614423395803,0.00884143071643071,0.9678847642473931,33532,536,0.015984731003220804,24493,350,0.014289797084881395,1152,329,0.2855902777777778,BBH,0.5,validation,discovery
8,0.4319059896932929,0.007612523237523254,0.9702614725914122,33532,495,0.01476201837051175,24493,297,0.01212591352631364,1152,269,0.23350694444444445,BBH,0.5,validation,discovery
9,0.3260250646054949,0.004428497807735103,0.9730541048956343,33532,446,0.01330072766312776,24493,263,0.010737761809496591,1152,256,0.2222222222222222,BBH,0.5,validation,discovery
10,0.5021525294954183,0.020376667251667258,0.9652703850689724,33532,578,0.017237265895264225,24493,385,0.015718776793369534,1152,347,0.3012152777777778,BBH,0.5,validation,discovery
11,0.24903014559902945,0.00391216662403103,0.9703208903000126,33532,494,0.014732196111177383,24493,291,0.011880945576287102,1152,274,0.2378472222222222,BBH,0.5,validation,discovery
12,0.49924507119290895,0.01928856616356616,0.9655080559033743,33532,574,0.017117976857926757,24493,368,0.01502470093496101,1152,330,0.2864583333333333,BBH,0.5,validation,discovery
13,0.525289970493825,0.011126711126711125,0.9656863090291757,33532,573,0.01708815459859239,24493,371,0.015147184909974278,1152,341,0.2960069444444444,BBH,0.5,validation,discovery
14,0.35896036609068904,0.01113000175500176,0.9682412704989961,33532,528,0.015746152928545868,24493,310,0.012656677418037807,1152,292,0.2534722222222222,BBH,0.5,validation,discovery
15,0.4264887698896459,0.009770098488318833,0.9675876757043907,33532,540,0.016104020040558272,24493,342,0.013963173151512676,1152,309,0.2682291666666667,BBH,0.5,validation,discovery
16,0.36057348540736234,0.01610762548262548,0.969489042379606,33532,509,0.01517953000119289,24493,306,0.012493365451353449,1152,280,0.24305555555555555,BBH,0.5,validation,discovery
17,0.28300865863129726,0.010472526097526101,0.969132536128003,33532,514,0.015328641297864726,24493,295,0.01204425754297146,1152,276,0.23958333333333334,BBH,0.5,validation,discovery
18,0.17155454692274272,0.005323139698139693,0.9684195236247974,33532,527,0.0157163306692115,24493,320,0.013064957334748703,1152,295,0.2560763888888889,BBH,0.5,validation,discovery
19,0.6914078275522708,0.0129839661089661,0.9683006882075964,33532,529,0.015775975187880233,24493,322,0.013146613318090883,1152,304,0.2638888888888889,BBH,0.5,validation,discovery
20,0.4356849157764518,0.013555436489758531,0.968478941333398,33532,526,0.015686508409877134,24493,314,0.012819989384722166,1152,285,0.24739583333333334,BBH,0.5,validation,discovery
21,0.6747566668483784,0.011715733590733596,0.9680035996645941,33532,532,0.015865441965883336,24493,340,0.013881517168170498,1152,307,0.2664930555555556,BBH,0.5,validation,discovery
22,0.2542929849473688,0.00691933610365815,0.9685383590419984,33532,525,0.015656686150542765,24493,328,0.013391581268117422,1152,298,0.2586805555555556,BBH,0.5,validation,discovery
23,0.5623281835289867,0.005602322551475094,0.9753119778224523,33532,411,0.012256948586424907,24493,252,0.010288653901114605,1152,240,0.20833333333333334,BBH,0.5,validation,discovery
24,0.4836227082181027,0.006370209495209503,0.9704991434258139,33532,491,0.014642729333174282,24493,328,0.013391581268117422,1152,292,0.2534722222222222,BBH,0.5,validation,discovery
25,0.28967822202850824,0.01077193264693266,0.9677659288301923,33532,538,0.016044375521889538,24493,349,0.014248969093210304,1152,327,0.2838541666666667,BBH,0.5,validation,discovery
26,0.3276332600844362,0.01196143383643384,0.9719251684322253,33532,466,0.013897172849815101,24493,292,0.011921773567958193,1152,274,0.2378472222222222,BBH,0.5,validation,discovery
27,0.5228601227186842,0.016640707265707273,0.9679441819559936,33532,534,0.01592508648455207,24493,322,0.013146613318090883,1152,296,0.2569444444444444,BBH,0.5,validation,discovery
28,0.4366343727943166,0.016715376090376093,0.9719251684322253,33532,466,0.013897172849815101,24493,313,0.012779161393051075,1152,294,0.2552083333333333,BBH,0.5,validation,discovery
29,0.4410134525604726,0.017369032994032998,0.9644385371485659,33532,593,0.017684599785279732,24493,368,0.01502470093496101,1152,326,0.2829861111111111,BBH,0.5,validation,discovery
30,0.10132046526135718,0.005317952775579895,0.9642008663141639,33532,597,0.0178038888226172,24493,371,0.015147184909974278,1152,328,0.2847222222222222,BBH,0.5,validation,discovery
31,0.5451482332266117,0.01208871208871208,0.9679441819559936,33532,535,0.015954908743886435,24493,327,0.013350753276446331,1152,294,0.2552083333333333,BBH,0.5,validation,discovery
32,0.30274363246396907,0.010460907335907335,0.969251371545204,33532,512,0.015268996779195992,24493,307,0.012534193443024538,1152,280,0.24305555555555555,BBH,0.5,validation,discovery
33,0.3475869997931065,0.01030076342576343,0.9652109673603719,33532,579,0.01726708815459859,24493,370,0.015106356918303188,1152,335,0.2907986111111111,BBH,0.5,validation,discovery
34,0.6642238060641125,0.010406100713304101,0.9625965881819512,33532,625,0.018638912083979484,24493,363,0.01482056097660556,1152,323,0.2803819444444444,BBH,0.5,validation,discovery
35,0.4939100980403746,0.010425807300807305,0.96497329652597,33532,584,0.017416199451270428,24493,371,0.015147184909974278,1152,333,0.2890625,BBH,0.5,validation,discovery
36,0.5453402674519787,0.013457613457613444,0.9672905871613885,33532,546,0.016282953596564474,24493,322,0.013146613318090883,1152,295,0.2560763888888889,BBH,0.5,validation,discovery
37,0.45500974181384063,0.007918348543348558,0.9653892204861733,33532,577,0.017207443635929857,24493,355,0.014493937043236843,1152,307,0.2664930555555556,BBH,0.5,validation,discovery
38,0.6300952084527791,0.005429536679536677,0.9668152454925847,33532,553,0.016491709411905045,24493,324,0.013228269301433063,1152,295,0.2560763888888889,BBH,0.5,validation,discovery
39,0.29800005789282846,0.013392857142857137,0.9671717517441875,33532,547,0.016312775855898843,24493,335,0.01367737720981505,1152,297,0.2578125,BBH,0.5,validation,discovery
40,0.36182652182916164,0.005856221481221478,0.9720440038494261,33532,465,0.013867350590480734,24493,279,0.011391009676234026,1152,255,0.22135416666666666,BBH,0.5,validation,discovery
41,0.2644306988223681,0.004898360830564212,0.9729352694784332,33532,451,0.013449838959799594,24493,275,0.011227697709549667,1152,247,0.2144097222222222,BBH,0.5,validation,discovery
42,0.3570804472158792,0.012240040365040367,0.9697267132140078,33532,505,0.015060240963855422,24493,291,0.011880945576287102,1152,269,0.23350694444444445,BBH,0.5,validation,discovery
43,0.2868901765347954,0.0073307073307073275,0.970736814260216,33532,487,0.014523440295836812,24493,295,0.01204425754297146,1152,285,0.24739583333333334,BBH,0.5,validation,discovery
44,0.3084703229618426,0.006925415399991667,0.9686571944591994,33532,522,0.015567219372539664,24493,329,0.013432409259788511,1152,294,0.2552083333333333,BBH,0.5,validation,discovery
45,0.4910728186641158,0.00782702345202346,0.9739453705246414,33532,434,0.012942860551115352,24493,280,0.011431837667905115,1152,264,0.22916666666666666,BBH,0.5,validation,discovery
46,0.4093234462311015,0.013948973323973327,0.9713309913462206,33532,477,0.01422521770249314,24493,303,0.01237088147634018,1152,284,0.2465277777777778,BBH,0.5,validation,discovery
47,0.3727140347498217,0.008541039526209012,0.9681224350817951,33532,530,0.015805797447214602,24493,318,0.012983301351406525,1152,295,0.2560763888888889,BBH,0.5,validation,discovery
48,0.3309248622458232,0.008089461214461219,0.9723410923924286,33532,459,0.013688417034474532,24493,283,0.011554321642918385,1152,260,0.22569444444444445,BBH,0.5,validation,discovery
49,0.34424274952446254,0.0052594967849205095,0.9720440038494261,33532,464,0.013837528331146367,24493,274,0.011186869717878578,1152,255,0.22135416666666666,BBH,0.5,validation,discovery
50,0.36156187347867524,0.009666769041769049,0.9675876757043907,33532,539,0.016074197781223907,24493,351,0.014330625076552484,1152,321,0.2786458333333333,BBH,0.5,validation,discovery
51,0.44605000473755696,0.01641233394411361,0.9681818527903956,33532,530,0.015805797447214602,24493,307,0.012534193443024538,1152,277,0.2404513888888889,BBH,0.5,validation,discovery
52,0.15330058515451414,0.006070651462600605,0.9682412704989961,33532,529,0.015775975187880233,24493,342,0.013963173151512676,1152,309,0.2682291666666667,BBH,0.5,validation,discovery
53,0.29453584400524935,0.00492411848344052,0.9656268913205752,33532,573,0.01708815459859239,24493,315,0.012860817376393255,1152,285,0.24739583333333334,BBH,0.5,validation,discovery
54,0.44298639245775745,0.011679089804089802,0.966102232989379,33532,565,0.016849576523917453,24493,358,0.014616421018250112,1152,322,0.2795138888888889,BBH,0.5,validation,discovery
55,0.3270115704162945,0.004656604656604661,0.9708556496774168,33532,486,0.014493618036502445,24493,314,0.012819989384722166,1152,290,0.2517361111111111,BBH,0.5,validation,discovery
56,0.4213374961715056,0.0118671024921025,0.967112334035587,33532,547,0.016312775855898843,24493,335,0.01367737720981505,1152,302,0.2621527777777778,BBH,0.5,validation,discovery
57,0.7382842643196004,0.015618418743418752,0.9661616506979795,33532,562,0.01676010974591435,24493,374,0.015269668884987547,1152,319,0.2769097222222222,BBH,0.5,validation,discovery
58,0.5490402262902584,0.012424315549315553,0.967112334035587,33532,548,0.01634259811523321,24493,365,0.01490221695994774,1152,331,0.2873263888888889,BBH,0.5,validation,discovery
59,0.6916144135898215,0.010642338767338772,0.9655080559033743,33532,574,0.017117976857926757,24493,329,0.013432409259788511,1152,289,0.2508680555555556,BBH,0.5,validation,discovery
60,0.3374919729249851,0.0037524131274131256,0.9732917757300361,33532,443,0.013211260885124657,24493,257,0.010492793859470053,1152,244,0.21180555555555555,BBH,0.5,validation,discovery
61,0.4395468438800716,0.007628773253773253,0.969489042379606,33532,508,0.015149707741858523,24493,314,0.012819989384722166,1152,294,0.2552083333333333,BBH,0.5,validation,discovery
62,0.32509306908998076,0.0049479151174066415,0.9702020548828116,33532,495,0.01476201837051175,24493,300,0.01224839750132691,1152,279,0.2421875,BBH,0.5,validation,discovery
63,0.2965227192424716,0.0036054317304317278,0.9680035996645941,33532,533,0.0158952642252177,24493,325,0.013269097293104153,1152,293,0.2543402777777778,BBH,0.5,validation,discovery
64,0.41185671893163683,0.007727120280086383,0.9709744850946177,33532,484,0.014433973517833711,24493,273,0.011146041726207487,1152,256,0.2222222222222222,BBH,0.5,validation,discovery
65,0.5002654534189332,0.0059131846737779,0.9728758517698328,33532,450,0.013420016700465227,24493,271,0.011064385742865309,1152,256,0.2222222222222222,BBH,0.5,validation,discovery
66,0.47489038742431994,0.010497104247104254,0.9683006882075964,33532,529,0.015775975187880233,24493,320,0.013064957334748703,1152,291,0.2526041666666667,BBH,0.5,validation,discovery
67,0.155206816610308,0.0032962744827151635,0.972638180935431,33532,455,0.013569127997137062,24493,278,0.011350181684562937,1152,261,0.2265625,BBH,0.5,validation,discovery
68,0.3490497057999701,0.005188223938223943,0.9743018767762441,33532,426,0.012704282476440416,24493,246,0.010043685951088066,1152,240,0.20833333333333334,BBH,0.5,validation,discovery
69,0.2564242494376158,0.003958625833625846,0.9700238017570101,33532,499,0.014881307407849218,24493,296,0.012085085534642551,1152,271,0.23524305555555555,BBH,0.5,validation,discovery
70,0.36126848101848535,0.008412430287430286,0.9695484600882064,33532,507,0.015119885482524156,24493,305,0.012452537459682358,1152,273,0.23697916666666666,BBH,0.5,validation,discovery
71,0.43903805241425775,0.006427470834250491,0.9675282579957903,33532,542,0.016163664559227006,24493,342,0.013963173151512676,1152,309,0.2682291666666667,BBH,0.5,validation,discovery
72,0.4286715198110221,0.0090782747032747,0.9697267132140078,33532,503,0.015000596445186688,24493,289,0.011799289592944923,1152,274,0.2378472222222222,BBH,0.5,validation,discovery
73,0.3413142027511058,0.0058402888911363565,0.9675876757043907,33532,539,0.016074197781223907,24493,329,0.013432409259788511,1152,303,0.2630208333333333,BBH,0.5,validation,discovery
74,0.47838072923223773,0.010974245349245345,0.9667558277839842,33532,554,0.016521531671239414,24493,345,0.014085657126525946,1152,300,0.2604166666666667,BBH,0.5,validation,discovery
75,0.08878046142527037,0.0037834444614105603,0.9702614725914122,33532,494,0.014732196111177383,24493,275,0.011227697709549667,1152,260,0.22569444444444445,BBH,0.5,validation,discovery
76,0.418409870801818,0.00753224815724816,0.9772727622062678,33532,377,0.011242991769056424,24493,235,0.00959457804270608,1152,226,0.19618055555555555,BBH,0.5,validation,discovery
77,0.2519894897486387,0.003129387504387497,0.9710933205118187,33532,482,0.014374328999164977,24493,289,0.011799289592944923,1152,270,0.234375,BBH,0.5,validation,discovery
78,0.560272647381973,0.014422823797823794,0.9693107892538045,33532,512,0.015268996779195992,24493,323,0.013187441309761972,1152,304,0.2638888888888889,BBH,0.5,validation,discovery
79,0.3401221411739327,0.008517242892242885,0.9669934986183861,33532,551,0.01643206489323631,24493,337,0.013759033193157228,1152,299,0.2595486111111111,BBH,0.5,validation,discovery
80,0.19485080151404727,0.007097885222885224,0.9693702069624051,33532,511,0.015239174519861625,24493,311,0.012697505409708897,1152,290,0.2517361111111111,BBH,0.5,validation,discovery
81,0.35605281397455,0.007016701931956182,0.9678847642473931,33532,536,0.015984731003220804,24493,306,0.012493365451353449,1152,293,0.2543402777777778,BBH,0.5,validation,discovery
82,0.4848999667974565,0.008504080379080375,0.9710339028032182,33532,482,0.014374328999164977,24493,287,0.011717633609602743,1152,270,0.234375,BBH,0.5,validation,discovery
83,0.6552219709036139,0.008778868153868143,0.9636066892281592,33532,607,0.018102111415960874,24493,362,0.014779732984934471,1152,301,0.2612847222222222,BBH,0.5,validation,discovery
84,0.26416279964514927,0.0035370191620191613,0.9719845861408258,33532,466,0.013897172849815101,24493,310,0.012656677418037807,1152,289,0.2508680555555556,BBH,0.5,validation,discovery
85,0.15344308370255086,0.00388842576342577,0.9674094225785894,33532,543,0.016193486818561375,24493,332,0.01355489323480178,1152,309,0.2682291666666667,BBH,0.5,validation,discovery
86,0.25398601210256105,0.005132933946493265,0.9704991434258139,33532,492,0.014672551592508649,24493,303,0.01237088147634018,1152,275,0.2387152777777778,BBH,0.5,validation,discovery
87,0.5364384603579323,0.016982932607932606,0.9652109673603719,33532,580,0.01729691041393296,24493,349,0.014248969093210304,1152,301,0.2612847222222222,BBH,0.5,validation,discovery
88,0.39760354559963607,0.014949324324324335,0.9703055910331053,33531,494,0.014732635471653098,24492,302,0.012330556916544179,1151,282,0.24500434404865334,BBH,0.5,validation,discovery
89,0.27739590907724565,0.008928408928408923,0.9713309913462206,33532,477,0.01422521770249314,24493,300,0.01224839750132691,1152,284,0.2465277777777778,BBH,0.5,validation,discovery
90,0.22965657982075485,0.00886619822001177,0.9716874975978234,33532,471,0.014046284146486938,24493,301,0.012289225492998,1152,275,0.2387152777777778,BBH,0.5,validation,discovery
91,0.613484507678765,0.011100386100386106,0.9656863090291757,33532,573,0.01708815459859239,24493,350,0.014289797084881395,1152,312,0.2708333333333333,BBH,0.5,validation,discovery
92,0.524564387770219,0.01049710424710425,0.9683601059161969,33532,526,0.015686508409877134,24493,309,0.012615849426366716,1152,291,0.2526041666666667,BBH,0.5,validation,discovery
93,0.4712560915226783,0.006072900988155222,0.9690731184194027,33532,515,0.015358463557199093,24493,329,0.013432409259788511,1152,306,0.265625,BBH,0.5,validation,discovery
94,0.22498388200902025,0.005494333619333623,0.9670529163269865,33532,548,0.01634259811523321,24493,345,0.014085657126525946,1152,325,0.2821180555555556,BBH,0.5,validation,discovery
95,0.3429516983639221,0.0065187346437346385,0.9670529163269865,33532,549,0.016372420374567577,24493,312,0.012738333401379986,1152,295,0.2560763888888889,BBH,0.5,validation,discovery
96,0.40088658536196387,0.006905210295040806,0.9725193455182299,33532,456,0.01359895025647143,24493,283,0.011554321642918385,1152,271,0.23524305555555555,BBH,0.5,validation,discovery
97,0.31110821535525474,0.011794708669708671,0.9641414486055634,33532,598,0.01783371108195157,24493,347,0.014167313109868126,1152,315,0.2734375,BBH,0.5,validation,discovery
98,0.3125143607317115,0.005219196744620473,0.9655674736119748,33532,574,0.017117976857926757,24493,327,0.013350753276446331,1152,289,0.2508680555555556,BBH,0.5,validation,discovery
99,0.4429046551839254,0.01501762810025523,0.9671717517441875,33532,546,0.016282953596564474,24493,340,0.013881517168170498,1152,315,0.2734375,BBH,0.5,validation,discovery
100,0.4165382168443965,0.0147299491049491,0.9675876757043907,33532,540,0.016104020040558272,24493,325,0.013269097293104153,1152,295,0.2560763888888889,BBH,0.5,validation,discovery
101,0.08166328357207811,0.004986789149924751,0.9732323580214357,33532,444,0.013241083144459024,24493,274,0.011186869717878578,1152,264,0.22916666666666666,BBH,0.5,validation,discovery
102,0.5429156541388375,0.011712870558209536,0.9676470934129913,33532,539,0.016074197781223907,24493,341,0.013922345159841587,1152,308,0.2673611111111111,BBH,0.5,validation,discovery
103,0.6085630088104566,0.012730912730912723,0.9709744850946177,33532,481,0.01434450673983061,24493,323,0.013187441309761972,1152,301,0.2612847222222222,BBH,0.5,validation,discovery
104,0.27219020428281493,0.01258007195507195,0.9644979548571664,33532,591,0.017624955266611,24493,353,0.014412281059894665,1152,322,0.2795138888888889,BBH,0.5,validation,discovery
105,0.4203392189117262,0.007941847719390084,0.9662210684065798,33532,563,0.01678993200524872,24493,349,0.014248969093210304,1152,318,0.2760416666666667,BBH,0.5,validation,discovery
106,0.25383700664209985,0.008204633204633213,0.9724599278096295,33532,458,0.013658594775140165,24493,273,0.011146041726207487,1152,265,0.2300347222222222,BBH,0.5,validation,discovery
107,0.19033858728098735,0.010137369512369519,0.9693107892538045,33532,511,0.015239174519861625,24493,357,0.014575593026579023,1152,324,0.28125,BBH,0.5,validation,discovery
108,0.6545756649723401,0.007979773604773614,0.9684195236247974,33532,525,0.015656686150542765,24493,316,0.012901645368064344,1152,283,0.2456597222222222,BBH,0.5,validation,discovery
109,0.3716085685615145,0.0042627042627042585,0.9694296246710055,33532,510,0.015209352260527258,24493,310,0.012656677418037807,1152,281,0.2439236111111111,BBH,0.5,validation,discovery
110,0.1789827139439306,0.0029341435591435606,0.9678847642473931,33532,534,0.01592508648455207,24493,308,0.012575021434695627,1152,283,0.2456597222222222,BBH,0.5,validation,discovery
111,0.3466993573518998,0.008330773955773951,0.9716874975978234,33532,472,0.014076106405821305,24493,313,0.012779161393051075,1152,291,0.2526041666666667,BBH,0.5,validation,discovery
112,0.1305313490884227,0.005413896038896038,0.9709744850946177,33532,483,0.014404151258499344,24493,264,0.01077858980116768,1152,249,0.21614583333333334,BBH,0.5,validation,discovery
113,0.39290959507090484,0.008169979356420031,0.9688354475850007,33532,519,0.015477752594536561,24493,308,0.012575021434695627,1152,283,0.2456597222222222,BBH,0.5,validation,discovery
114,0.2670406853391644,0.006068141661362003,0.9650327142345705,33532,582,0.017356554932601694,24493,345,0.014085657126525946,1152,313,0.2717013888888889,BBH,0.5,validation,discovery
115,0.4394957366563786,0.01354532292032291,0.9710339028032182,33532,481,0.01434450673983061,24493,271,0.011064385742865309,1152,257,0.2230902777777778,BBH,0.5,validation,discovery
116,0.6617280803122766,0.01267562205062205,0.9653892204861733,33532,577,0.017207443635929857,24493,358,0.014616421018250112,1152,320,0.2777777777777778,BBH,0.5,validation,discovery
117,0.29020141283298045,0.004953614328614329,0.9721034215580266,33532,465,0.013867350590480734,24493,284,0.011595149634589474,1152,259,0.2248263888888889,BBH,0.5,validation,discovery
118,0.627582755434263,0.017653814528814524,0.9675282579957903,33532,542,0.016163664559227006,24493,344,0.014044829134854856,1152,316,0.2743055555555556,BBH,0.5,validation,discovery
119,0.2820725604599836,0.001420306505052277,0.9693702069624051,33532,510,0.015209352260527258,24493,308,0.012575021434695627,1152,282,0.24479166666666666,BBH,0.5,validation,discovery
120,0.48847313087240746,0.005570197095620833,0.9671717517441875,33532,547,0.016312775855898843,24493,337,0.013759033193157228,1152,310,0.2690972222222222,BBH,0.5,validation,discovery
121,0.33877533354308403,0.010262298397891617,0.9688354475850007,33532,518,0.015447930335202194,24493,331,0.01351406524313069,1152,300,0.2604166666666667,BBH,0.5,validation,discovery
122,0.5640246673591445,0.009471525096525091,0.9710933205118187,33532,482,0.014374328999164977,24493,297,0.01212591352631364,1152,270,0.234375,BBH,0.5,validation,discovery
123,0.4154084374600029,0.008928571428571435,0.9688948652936012,33532,517,0.015418108075867827,24493,329,0.013432409259788511,1152,304,0.2638888888888889,BBH,0.5,validation,discovery
124,0.3488428341569476,0.005582205582205579,0.9710933205118187,33532,480,0.014314684480496243,24493,275,0.011227697709549667,1152,257,0.2230902777777778,BBH,0.5,validation,discovery
125,0.3773588616588841,0.0062491062491062494,0.9669340809097857,33532,552,0.01646188715257068,24493,334,0.013636549218143959,1152,293,0.2543402777777778,BBH,0.5,validation,discovery
126,0.5624260480836148,0.009633081931810748,0.9724005101010291,33532,459,0.013688417034474532,24493,277,0.011309353692891847,1152,263,0.2282986111111111,BBH,0.5,validation,discovery
127,0.3198398443643968,0.006032818532818536,0.9667558277839842,33532,555,0.01655135393057378,24493,336,0.01371820520148614,1152,307,0.2664930555555556,BBH,0.5,validation,discovery
128,0.3482518847334128,0.007530054405054409,0.9683006882075964,33532,527,0.0157163306692115,24493,336,0.01371820520148614,1152,303,0.2630208333333333,BBH,0.5,validation,discovery
129,0.1593419555181803,0.003831956956956961,0.9699643840484097,33532,501,0.014940951926517954,24493,292,0.011921773567958193,1152,276,0.23958333333333334,BBH,0.5,validation,discovery
130,0.24966157667238897,0.008066594136509396,0.969132536128003,33532,515,0.015358463557199093,24493,307,0.012534193443024538,1152,296,0.2569444444444444,BBH,0.5,validation,discovery
131,0.49880404560827984,0.016844726219726217,0.9677065111215918,33532,538,0.016044375521889538,24493,335,0.01367737720981505,1152,309,0.2682291666666667,BBH,0.5,validation,discovery
132,0.3393913886713318,0.011625464750464746,0.9693702069624051,33532,509,0.01517953000119289,24493,310,0.012656677418037807,1152,291,0.2526041666666667,BBH,0.5,validation,discovery
133,0.647534809067502,0.005912162162162161,0.9698455486312088,33532,502,0.01497077418585232,24493,335,0.01367737720981505,1152,299,0.2595486111111111,BBH,0.5,validation,discovery
134,0.254105829767471,0.009758906633906633,0.9726975986440315,33532,454,0.013539305737802695,24493,301,0.012289225492998,1152,285,0.24739583333333334,BBH,0.5,validation,discovery
135,0.45521542203120363,0.010202410202410209,0.9699643840484097,33532,501,0.014940951926517954,24493,287,0.011717633609602743,1152,275,0.2387152777777778,BBH,0.5,validation,discovery
136,0.38440268638476416,0.006656209781209779,0.9735888642730386,33532,439,0.013091971847787189,24493,260,0.010615277834483322,1152,249,0.21614583333333334,BBH,0.5,validation,discovery
137,0.2919232506347116,0.008510661635661634,0.9718657507236248,33532,468,0.013956817368483837,24493,282,0.011513493651247295,1152,260,0.22569444444444445,BBH,0.5,validation,discovery
138,0.2746165205583859,0.00234374810645997,0.9690731184194027,33532,516,0.01538828581653346,24493,307,0.012534193443024538,1152,289,0.2508680555555556,BBH,0.5,validation,discovery
139,0.34338523674974253,0.01200530888030888,0.9670529163269865,33532,549,0.016372420374567577,24493,307,0.012534193443024538,1152,281,0.2439236111111111,BBH,0.5,validation,discovery
140,0.26062706436657834,0.008752055627055617,0.9713309913462206,33532,477,0.01422521770249314,24493,302,0.012330053484669088,1152,287,0.24913194444444445,BBH,0.5,validation,discovery
141,0.10991709731460972,0.006164722531247956,0.9677659288301923,33532,538,0.016044375521889538,24493,345,0.014085657126525946,1152,314,0.2725694444444444,BBH,0.5,validation,discovery
142,0.4917153463474445,0.017107976482976486,0.9645573725657667,33532,591,0.017624955266611,24493,360,0.014698077001592291,1152,309,0.2682291666666667,BBH,0.5,validation,discovery
143,0.29659722168444425,0.005599552474552475,0.9697267132140078,33532,504,0.015030418704521055,24493,292,0.011921773567958193,1152,278,0.24131944444444445,BBH,0.5,validation,discovery
144,0.4167331050490472,0.006319103194103198,0.9683006882075964,33532,528,0.015746152928545868,24493,332,0.01355489323480178,1152,311,0.2699652777777778,BBH,0.5,validation,discovery
145,0.10847305642074873,0.005338495963495973,0.9643791194399653,33532,594,0.0177144220446141,24493,378,0.015432980851671906,1152,340,0.2951388888888889,BBH,0.5,validation,discovery
146,0.5358203644529893,0.009291109291109292,0.966102232989379,33532,566,0.016879398783251818,24493,357,0.014575593026579023,1152,312,0.2708333333333333,BBH,0.5,validation,discovery
147,0.449125818241569,0.011023195768958478,0.9636661069367597,33532,605,0.01804246689729214,24493,369,0.015065528926632099,1152,315,0.2734375,BBH,0.5,validation,discovery
148,0.4124529922492788,0.010267857142857148,0.9674094225785894,33532,542,0.016163664559227006,24493,359,0.014657249009921202,1152,322,0.2795138888888889,BBH,0.5,validation,discovery
149,0.4272562524467127,0.004239426114426117,0.9715686621806225,33532,474,0.014135750924490039,24493,265,0.01081941779283877,1152,254,0.2204861111111111,BBH,0.5,validation,discovery
150,0.6190632185257158,0.011138370513370506,0.9667558277839842,33532,553,0.016491709411905045,24493,323,0.013187441309761972,1152,300,0.2604166666666667,BBH,0.5,validation,discovery
151,0.35251376985230953,0.012474528099528093,0.9703208903000126,33532,494,0.014732196111177383,24493,301,0.012289225492998,1152,278,0.24131944444444445,BBH,0.5,validation,discovery
152,0.43497354329658017,0.022570419445419446,0.9628936767249534,33532,618,0.018430156268638913,24493,399,0.01629036867676479,1152,345,0.2994791666666667,BBH,0.5,validation,discovery
153,0.3226113663689303,0.009718972907532226,0.966102232989379,33532,565,0.016849576523917453,24493,312,0.012738333401379986,1152,290,0.2517361111111111,BBH,0.5,validation,discovery
154,0.8271958673737589,0.005675961978928083,0.9737671173988399,33532,436,0.013002505069784088,24493,254,0.010370309884456783,1152,247,0.2144097222222222,BBH,0.5,validation,discovery
155,0.49630682664967024,0.006364806364806371,0.9629530944335539,33532,617,0.018400334009304544,24493,366,0.01494304495161883,1152,331,0.2873263888888889,BBH,0.5,validation,discovery
156,0.22819577280115444,0.006199023148175688,0.9687166121677997,33532,521,0.015537397113205297,24493,322,0.013146613318090883,1152,301,0.2612847222222222,BBH,0.5,validation,discovery
157,0.5059393019051068,0.011241883116883115,0.9662804861151804,33532,563,0.01678993200524872,24493,343,0.014004001143183767,1152,316,0.2743055555555556,BBH,0.5,validation,discovery
158,0.31584213611234746,0.00889895577395577,0.9668152454925847,33532,554,0.016521531671239414,24493,329,0.013432409259788511,1152,299,0.2595486111111111,BBH,0.5,validation,discovery
159,0.6135868475132431,0.011790808665808663,0.969251371545204,33532,512,0.015268996779195992,24493,308,0.012575021434695627,1152,284,0.2465277777777778,BBH,0.5,validation,discovery
160,0.3477799525219864,0.014371514371514368,0.969132536128003,33532,513,0.01529881903853036,24493,320,0.013064957334748703,1152,295,0.2560763888888889,BBH,0.5,validation,discovery
161,0.16949555491489915,0.003251018876018881,0.9656268913205752,33532,574,0.017117976857926757,24493,344,0.014044829134854856,1152,315,0.2734375,BBH,0.5,validation,discovery
162,0.27552562342024045,0.010539557414557407,0.9699049663398093,33532,501,0.014940951926517954,24493,315,0.012860817376393255,1152,296,0.2569444444444444,BBH,0.5,validation,discovery
163,0.2573948068259847,0.005802753419278845,0.9684195236247974,33532,527,0.0157163306692115,24493,303,0.01237088147634018,1152,288,0.25,BBH,0.5,validation,discovery
164,0.5432422235942119,0.0061326342576342695,0.9644979548571664,33532,592,0.017654777525945367,24493,352,0.014371453068223574,1152,315,0.2734375,BBH,0.5,validation,discovery
165,0.6434129115534802,0.006204865579865588,0.9685977767505989,33532,524,0.015626863891208397,24493,322,0.013146613318090883,1152,293,0.2543402777777778,BBH,0.5,validation,discovery
166,0.09227893427013016,0.005480927355927347,0.9694296246710055,33532,508,0.015149707741858523,24493,299,0.01220756950965582,1152,277,0.2404513888888889,BBH,0.5,validation,discovery
167,0.3620461909495925,0.0061534749034749085,0.9683006882075964,33532,528,0.015746152928545868,24493,307,0.012534193443024538,1152,283,0.2456597222222222,BBH,0.5,validation,discovery
168,0.3771749400356621,0.010025726392251823,0.9634284361023577,33532,609,0.018161755934629608,24493,369,0.015065528926632099,1152,335,0.2907986111111111,BBH,0.5,validation,discovery
169,0.8354290084067468,0.01269349706849706,0.9634284361023577,33532,610,0.018191578193963973,24493,356,0.014534765034907932,1152,333,0.2890625,BBH,0.5,validation,discovery
170,0.5243458365121495,0.007772707772707775,0.9716874975978234,33532,471,0.014046284146486938,24493,296,0.012085085534642551,1152,280,0.24305555555555555,BBH,0.5,validation,discovery
171,0.47386275745055545,0.004303004303004308,0.9671717517441875,33532,548,0.01634259811523321,24493,308,0.012575021434695627,1152,285,0.24739583333333334,BBH,0.5,validation,discovery
172,0.350061079382915,0.007604641979641981,0.9707962319688163,33532,486,0.014493618036502445,24493,286,0.011676805617931654,1152,274,0.2378472222222222,BBH,0.5,validation,discovery
173,0.48534100898571275,0.01120731120731121,0.9688354475850007,33532,520,0.015507574853870928,24493,342,0.013963173151512676,1152,303,0.2630208333333333,BBH,0.5,validation,discovery
174,0.2974983521525745,0.009596568971568967,0.9728164340612324,33532,453,0.013509483478468328,24493,283,0.011554321642918385,1152,262,0.22743055555555555,BBH,0.5,validation,discovery
175,0.4744495423709313,0.006706464333582984,0.9711527382204193,33532,479,0.014284862221161876,24493,282,0.011513493651247295,1152,260,0.22569444444444445,BBH,0.5,validation,discovery
176,0.4755482292698923,0.0073600386100386135,0.9693107892538045,33532,511,0.015239174519861625,24493,303,0.01237088147634018,1152,282,0.24479166666666666,BBH,0.5,validation,discovery
177,0.34129193125804036,0.0070154521955369375,0.9675876757043907,33532,541,0.01613384229989264,24493,309,0.012615849426366716,1152,283,0.2456597222222222,BBH,0.5,validation,discovery
178,0.612318393416428,0.012230261435769914,0.9683006882075964,33532,528,0.015746152928545868,24493,337,0.013759033193157228,1152,306,0.265625,BBH,0.5,validation,discovery
179,0.46787026435099455,0.017786589555657345,0.9670529163269865,33532,549,0.016372420374567577,24493,351,0.014330625076552484,1152,321,0.2786458333333333,BBH,0.5,validation,discovery
180,0.40385452860824106,0.009694962819962818,0.966102232989379,33532,564,0.016819754264583084,24493,359,0.014657249009921202,1152,326,0.2829861111111111,BBH,0.5,validation,discovery
181,0.3537092549390208,0.006986003861003861,0.9700238017570101,33532,498,0.01485148514851485,24493,309,0.012615849426366716,1152,285,0.24739583333333334,BBH,0.5,validation,discovery
182,0.3725582025010613,0.0062519706587503224,0.9676470934129913,33532,538,0.016044375521889538,24493,331,0.01351406524313069,1152,300,0.2604166666666667,BBH,0.5,validation,discovery
183,0.7018749845161913,0.01159834925724756,0.9677659288301923,33532,537,0.016014553262555173,24493,327,0.013350753276446331,1152,288,0.25,BBH,0.5,validation,discovery
184,0.5121315116426386,0.013689013689013693,0.9656863090291757,33532,569,0.01696886556125492,24493,396,0.016167884701751522,1152,349,0.3029513888888889,BBH,0.5,validation,discovery
185,0.4918598539540863,0.009274143172448263,0.9700238017570101,33532,499,0.014881307407849218,24493,327,0.013350753276446331,1152,291,0.2526041666666667,BBH,0.5,validation,discovery
186,0.4679480345887676,0.011367211367211368,0.9628936767249534,33532,619,0.018459978527973278,24493,378,0.015432980851671906,1152,335,0.2907986111111111,BBH,0.5,validation,discovery
187,0.4559271402949429,0.007992367367367362,0.968478941333398,33532,525,0.015656686150542765,24493,303,0.01237088147634018,1152,274,0.2378472222222222,BBH,0.5,validation,discovery
188,0.3691019317085232,0.013243153868153876,0.9675282579957903,33532,541,0.01613384229989264,24493,339,0.013840689176499409,1152,308,0.2673611111111111,BBH,0.5,validation,discovery
189,0.2479963765918601,0.006039976114128652,0.9725787632268305,33532,457,0.013628772515805798,24493,293,0.011962601559629282,1152,277,0.2404513888888889,BBH,0.5,validation,discovery
190,0.34240713485700397,0.009123409123409122,0.9660428152807785,33532,565,0.016849576523917453,24493,356,0.014534765034907932,1152,314,0.2725694444444444,BBH,0.5,validation,discovery
191,0.31709983919152845,0.006284003159003161,0.9690137007108022,33532,515,0.015358463557199093,24493,324,0.013228269301433063,1152,300,0.2604166666666667,BBH,0.5,validation,discovery
192,0.3687337857448677,0.0075582075582075635,0.9689542830022017,33532,516,0.01538828581653346,24493,327,0.013350753276446331,1152,300,0.2604166666666667,BBH,0.5,validation,discovery
193,0.2447406609420379,0.008440908440908439,0.9706773965516154,33532,488,0.014553262555171179,24493,300,0.01224839750132691,1152,276,0.23958333333333334,BBH,0.5,validation,discovery
194,0.5519561616246305,0.00854308454944048,0.969251371545204,33532,511,0.015239174519861625,24493,294,0.012003429551300371,1152,268,0.2326388888888889,BBH,0.5,validation,discovery
195,0.3487944728599653,0.00879053236044762,0.9697861309226083,33532,502,0.01497077418585232,24493,321,0.013105785326419794,1152,287,0.24913194444444445,BBH,0.5,validation,discovery
196,0.3063646303364883,0.008410347393398241,0.9602198798379323,33532,664,0.019801980198019802,24493,349,0.014248969093210304,1152,308,0.2673611111111111,BBH,0.5,validation,discovery
197,0.3688812805057333,0.015625,0.9680630173731946,33532,532,0.015865441965883336,24493,338,0.013799861184828318,1152,294,0.2552083333333333,BBH,0.5,validation,discovery
198,0.7467583348430143,0.022781019656019655,0.9641414486055634,33532,598,0.01783371108195157,24493,405,0.01653533662679133,1152,353,0.3064236111111111,BBH,0.5,validation,discovery
199,0.2999810446656528,0.00803900491400492,0.9656268913205752,33532,573,0.01708815459859239,24493,348,0.014208141101539215,1152,308,0.2673611111111111,BBH,0.5,validation,discovery
200,0.4611093961223053,0.012452834327834327,0.964082030896963,33532,599,0.017863533341285934,24493,375,0.015310496876658638,1152,327,0.2838541666666667,BBH,0.5,validation,discovery
201,0.24084661593880755,0.00942104331934841,0.9706773965516154,33532,487,0.014523440295836812,24493,293,0.011962601559629282,1152,275,0.2387152777777778,BBH,0.5,validation,discovery
202,0.4792293684715918,0.011960621335621334,0.9712121559290195,33532,478,0.014255039961827509,24493,297,0.01212591352631364,1152,282,0.24479166666666666,BBH,0.5,validation,discovery
203,0.4104413488323654,0.014405273780273781,0.9675282579957903,33532,541,0.01613384229989264,24493,338,0.013799861184828318,1152,315,0.2734375,BBH,0.5,validation,discovery
204,0.3775873097974836,0.009493755256467118,0.969251371545204,33532,513,0.01529881903853036,24493,329,0.013432409259788511,1152,297,0.2578125,BBH,0.5,validation,discovery
205,0.49955011923235204,0.009833494208494206,0.9703208903000126,33532,493,0.014702373851843016,24493,320,0.013064957334748703,1152,292,0.2534722222222222,BBH,0.5,validation,discovery
206,0.45809750537700433,0.007862773487773478,0.9660428152807785,33532,566,0.016879398783251818,24493,342,0.013963173151512676,1152,302,0.2621527777777778,BBH,0.5,validation,discovery
207,0.2961206456553985,0.003068443746409846,0.9704397257172135,33532,493,0.014702373851843016,24493,314,0.012819989384722166,1152,295,0.2560763888888889,BBH,0.5,validation,discovery
208,0.3884564712057876,0.00844287841109876,0.9707962319688163,33532,486,0.014493618036502445,24493,308,0.012575021434695627,1152,289,0.2508680555555556,BBH,0.5,validation,discovery
209,0.48282783140328955,0.01437017374517375,0.9668152454925847,33532,551,0.01643206489323631,24493,331,0.01351406524313069,1152,302,0.2621527777777778,BBH,0.5,validation,discovery
210,0.4159667892428132,0.008710008710008713,0.967231169452788,33532,545,0.01625313133723011,24493,342,0.013963173151512676,1152,320,0.2777777777777778,BBH,0.5,validation,discovery
211,0.45451900406797247,0.009217942215823572,0.9683601059161969,33532,527,0.0157163306692115,24493,321,0.013105785326419794,1152,293,0.2543402777777778,BBH,0.5,validation,discovery
212,0.5529305475076345,0.011038012891826453,0.9680630173731946,33532,531,0.015835619706548967,24493,336,0.01371820520148614,1152,313,0.2717013888888889,BBH,0.5,validation,discovery
213,0.24814972731927168,0.007268997893997894,0.9696672955054073,33532,506,0.015090063223189789,24493,316,0.012901645368064344,1152,290,0.2517361111111111,BBH,0.5,validation,discovery
214,0.17415371206756908,0.004262704262704263,0.9686571944591994,33532,523,0.015597041631874031,24493,340,0.013881517168170498,1152,310,0.2690972222222222,BBH,0.5,validation,discovery
215,0.26829145019852224,0.011206783081783082,0.9656863090291757,33532,572,0.017058332339258023,24493,349,0.014248969093210304,1152,312,0.2708333333333333,BBH,0.5,validation,discovery
216,0.28169070760481135,0.005334015503507025,0.9686571944591994,33532,523,0.015597041631874031,24493,302,0.012330053484669088,1152,286,0.2482638888888889,BBH,0.5,validation,discovery
217,0.3699941905740939,0.008928571428571428,0.9712121559290195,33532,479,0.014284862221161876,24493,275,0.011227697709549667,1152,256,0.2222222222222222,BBH,0.5,validation,discovery
218,0.458334257325267,0.013301816426816429,0.9665181569495823,33532,559,0.01667064296791125,24493,368,0.01502470093496101,1152,337,0.2925347222222222,BBH,0.5,validation,discovery
219,0.3562939006952405,0.00938377500877501,0.9663993215323814,33532,560,0.016700465227245616,24493,330,0.0134732372514596,1152,306,0.265625,BBH,0.5,validation,discovery
220,0.46073997110077874,0.010955151580151586,0.9621806642217479,33532,632,0.01884766789932005,24493,400,0.01633119666843588,1152,336,0.2916666666666667,BBH,0.5,validation,discovery
221,0.08763706730183304,0.003851801256462272,0.9683006882075964,33532,529,0.015775975187880233,24493,324,0.013228269301433063,1152,300,0.2604166666666667,BBH,0.5,validation,discovery
222,0.2814324709733978,0.002612517178195148,0.9639037777711615,33532,602,0.017953000119289037,24493,375,0.015310496876658638,1152,317,0.2751736111111111,BBH,0.5,validation,discovery
223,0.3599400139305716,0.006776866151866148,0.9631313475593555,33532,616,0.01837051174997018,24493,371,0.015147184909974278,1152,337,0.2925347222222222,BBH,0.5,validation,discovery
224,0.7718753427284434,0.01363314737255415,0.9646762079829676,33532,589,0.017565310747942264,24493,355,0.014493937043236843,1152,320,0.2777777777777778,BBH,0.5,validation,discovery
225,0.5580973019441656,0.010826807436976926,0.9670529163269865,33532,549,0.016372420374567577,24493,335,0.01367737720981505,1152,303,0.2630208333333333,BBH,0.5,validation,discovery
226,0.36442392625647774,0.012055969683088325,0.9686571944591994,33532,521,0.015537397113205297,24493,322,0.013146613318090883,1152,293,0.2543402777777778,BBH,0.5,validation,discovery
227,0.45163724619708273,0.011831027456027456,0.9681818527903956,33532,531,0.015835619706548967,24493,330,0.0134732372514596,1152,295,0.2560763888888889,BBH,0.5,validation,discovery
228,0.3680291850498666,0.013358853983853978,0.9724005101010291,33532,460,0.0137182392938089,24493,288,0.011758461601273834,1152,268,0.2326388888888889,BBH,0.5,validation,discovery
229,0.4373707514509446,0.01045871358371359,0.9704397257172135,33532,493,0.014702373851843016,24493,311,0.012697505409708897,1152,290,0.2517361111111111,BBH,0.5,validation,discovery
230,0.29262462595954564,0.0024325551338263236,0.9704397257172135,33532,493,0.014702373851843016,24493,289,0.011799289592944923,1152,267,0.23177083333333334,BBH,0.5,validation,discovery
231,0.4212284656765969,0.012935459810459817,0.9704991434258139,33532,489,0.014583084814505548,24493,307,0.012534193443024538,1152,283,0.2456597222222222,BBH,0.5,validation,discovery
232,0.3073593991866028,0.009247762372762367,0.9676470934129913,33532,537,0.016014553262555173,24493,348,0.014208141101539215,1152,306,0.265625,BBH,0.5,validation,discovery
233,0.44663725505788776,0.01074609512109513,0.9640226131883626,33532,600,0.017893355600620303,24493,373,0.015228840893316458,1152,333,0.2890625,BBH,0.5,validation,discovery
234,0.06986094296940139,0.005000157542530418,0.970736814260216,33532,487,0.014523440295836812,24493,306,0.012493365451353449,1152,290,0.2517361111111111,BBH,0.5,validation,discovery
235,0.3913409117079223,0.007514437864014131,0.9696078777968068,33532,505,0.015060240963855422,24493,305,0.012452537459682358,1152,286,0.2482638888888889,BBH,0.5,validation,discovery
236,0.4646369781632236,0.006498990873990867,0.9709150673860173,33532,484,0.014433973517833711,24493,305,0.012452537459682358,1152,281,0.2439236111111111,BBH,0.5,validation,discovery
237,0.2228190234199656,0.012727053352053354,0.9699643840484097,33532,498,0.01485148514851485,24493,322,0.013146613318090883,1152,301,0.2612847222222222,BBH,0.5,validation,discovery
238,0.4385606151012803,0.0037045595837968707,0.9711527382204193,33532,480,0.014314684480496243,24493,295,0.01204425754297146,1152,277,0.2404513888888889,BBH,0.5,validation,discovery
239,0.32703079873743296,0.011355180846706277,0.9702614725914122,33532,496,0.014791840629846117,24493,318,0.012983301351406525,1152,298,0.2586805555555556,BBH,0.5,validation,discovery
240,0.28902754147493687,0.004088057213057219,0.9688948652936012,33532,517,0.015418108075867827,24493,304,0.012411709468011269,1152,281,0.2439236111111111,BBH,0.5,validation,discovery
241,0.3566700534793473,0.0063849157599157585,0.9756090663654546,33532,405,0.012078015030418705,24493,254,0.010370309884456783,1152,242,0.21006944444444445,BBH,0.5,validation,discovery
242,0.5280222116254528,0.009166593541593531,0.9687760298764002,33532,520,0.015507574853870928,24493,317,0.012942473359735435,1152,300,0.2604166666666667,BBH,0.5,validation,discovery
243,0.5328691229581899,0.015837793962793962,0.9621806642217479,33532,631,0.018817845639985686,24493,395,0.016127056710080433,1152,343,0.2977430555555556,BBH,0.5,validation,discovery
244,0.5564179957463081,0.011972588508605454,0.9688354475850007,33532,518,0.015447930335202194,24493,339,0.013840689176499409,1152,296,0.2569444444444444,BBH,0.5,validation,discovery
245,0.46507306624377803,0.012413346788346786,0.9685383590419984,33532,523,0.015597041631874031,24493,359,0.014657249009921202,1152,323,0.2803819444444444,BBH,0.5,validation,discovery
246,0.5899014509995144,0.012088671463671465,0.9656268913205752,33532,573,0.01708815459859239,24493,348,0.014208141101539215,1152,304,0.2638888888888889,BBH,0.5,validation,discovery
247,0.27685139261393704,0.005188223938223938,0.9683601059161969,33532,527,0.0157163306692115,24493,304,0.012411709468011269,1152,277,0.2404513888888889,BBH,0.5,validation,discovery
248,0.3759612153566942,0.010012244387244386,0.9670529163269865,33532,549,0.016372420374567577,24493,349,0.014248969093210304,1152,318,0.2760416666666667,BBH,0.5,validation,discovery
249,0.6259152656906691,0.008047779922779922,0.9704991434258139,33532,491,0.014642729333174282,24493,292,0.011921773567958193,1152,262,0.22743055555555555,BBH,0.5,validation,discovery
250,0.48242782854237154,0.009876109876109878,0.970380308008613,33532,492,0.014672551592508649,24493,325,0.013269097293104153,1152,298,0.2586805555555556,BBH,0.5,validation,discovery
251,0.4294525270613562,0.010550810550810549,0.965329802777573,33532,578,0.017237265895264225,24493,373,0.015228840893316458,1152,327,0.2838541666666667,BBH,0.5,validation,discovery
252,0.5690415385082387,0.006877413127413127,0.9728164340612324,33532,452,0.013479661219133961,24493,266,0.010860245784509859,1152,246,0.21354166666666666,BBH,0.5,validation,discovery
253,0.4558782021058994,0.007701898326898338,0.9714498267634215,33532,475,0.014165573183824406,24493,268,0.01094190176785204,1152,253,0.21961805555555555,BBH,0.5,validation,discovery
254,0.28852890648747065,0.009070068445068438,0.9663993215323814,33532,559,0.01667064296791125,24493,374,0.015269668884987547,1152,333,0.2890625,BBH,0.5,validation,discovery
255,0.5381766193234025,0.0156349834315936,0.9628936767249534,33532,619,0.018459978527973278,24493,396,0.016167884701751522,1152,334,0.2899305555555556,BBH,0.5,validation,discovery
256,0.26016176983483746,0.009131899756899759,0.9668152454925847,33532,554,0.016521531671239414,24493,314,0.012819989384722166,1152,278,0.24131944444444445,BBH,0.5,validation,discovery
257,0.28948209694146865,0.00658917846417846,0.9710339028032182,33532,483,0.014404151258499344,24493,307,0.012534193443024538,1152,281,0.2439236111111111,BBH,0.5,validation,discovery
258,0.3832002515967735,0.009660309660309658,0.9674688402871898,33532,542,0.016163664559227006,24493,360,0.014698077001592291,1152,324,0.28125,BBH,0.5,validation,discovery
259,0.3090359424046291,0.008934055809055806,0.9665775746581828,33532,556,0.016581176189908148,24493,352,0.014371453068223574,1152,306,0.265625,BBH,0.5,validation,discovery
260,0.3356165535710156,0.006104115479115485,0.9631907652679559,33532,614,0.018310867231301445,24493,368,0.01502470093496101,1152,318,0.2760416666666667,BBH,0.5,validation,discovery
261,0.6606090290647012,0.01685991516499992,0.9607546392153364,33532,656,0.019563402123344866,24493,426,0.017392724451884212,1152,347,0.3012152777777778,BBH,0.5,validation,discovery
262,0.19578826601586605,0.003807256932256942,0.9716874975978234,33532,471,0.014046284146486938,24493,273,0.011146041726207487,1152,259,0.2248263888888889,BBH,0.5,validation,discovery
263,0.2830629123950481,0.0061589592839592765,0.9696672955054073,33532,506,0.015090063223189789,24493,302,0.012330053484669088,1152,280,0.24305555555555555,BBH,0.5,validation,discovery
264,0.22615901189905985,0.008769930644930642,0.9688354475850007,33532,520,0.015507574853870928,24493,296,0.012085085534642551,1152,262,0.22743055555555555,BBH,0.5,validation,discovery
265,0.40748515015578524,0.013295235170235169,0.9676470934129913,33532,539,0.016074197781223907,24493,370,0.015106356918303188,1152,325,0.2821180555555556,BBH,0.5,validation,discovery
266,0.31178401806083655,0.005103355474118184,0.9709150673860173,33532,483,0.014404151258499344,24493,310,0.012656677418037807,1152,284,0.2465277777777778,BBH,0.5,validation,discovery
267,0.2801285932029015,0.007217607217607221,0.9694296246710055,33532,509,0.01517953000119289,24493,311,0.012697505409708897,1152,283,0.2456597222222222,BBH,0.5,validation,discovery
268,0.2836618194398415,0.008783336908336905,0.9677659288301923,33532,537,0.016014553262555173,24493,328,0.013391581268117422,1152,295,0.2560763888888889,BBH,0.5,validation,discovery
269,0.48331735076801075,0.013283372658372657,0.9667558277839842,33532,554,0.016521531671239414,24493,327,0.013350753276446331,1152,300,0.2604166666666667,BBH,0.5,validation,discovery
270,0.6984358977406154,0.01665431665431666,0.9658645621549771,33532,568,0.016939043301920552,24493,381,0.015555464826685175,1152,328,0.2847222222222222,BBH,0.5,validation,discovery
271,0.27922056132981143,0.006029750997971347,0.9731729403128353,33532,446,0.01330072766312776,24493,283,0.011554321642918385,1152,263,0.2282986111111111,BBH,0.5,validation,discovery
272,0.3101338740690897,0.007277772902772905,0.9706773965516154,33532,488,0.014553262555171179,24493,313,0.012779161393051075,1152,293,0.2543402777777778,BBH,0.5,validation,discovery
273,0.2303929195323407,0.00498065408023035,0.9711527382204193,33532,479,0.014284862221161876,24493,297,0.01212591352631364,1152,270,0.234375,BBH,0.5,validation,discovery
274,0.6845010708543521,0.01339285714285715,0.9702614725914122,33532,496,0.014791840629846117,24493,313,0.012779161393051075,1152,283,0.2456597222222222,BBH,0.5,validation,discovery
275,0.4103314193201504,0.011181311181311184,0.9656863090291757,33532,571,0.017028510079923655,24493,362,0.014779732984934471,1152,318,0.2760416666666667,BBH,0.5,validation,discovery
276,0.5909361452075426,0.006316584441584443,0.9698455486312088,33532,503,0.015000596445186688,24493,302,0.012330053484669088,1152,282,0.24479166666666666,BBH,0.5,validation,discovery
277,0.4485410204605018,0.007090802006056244,0.9703208903000126,33532,494,0.014732196111177383,24493,312,0.012738333401379986,1152,281,0.2439236111111111,BBH,0.5,validation,discovery
278,0.537011121470782,0.007423007423007423,0.9720440038494261,33532,466,0.013897172849815101,24493,301,0.012289225492998,1152,278,0.24131944444444445,BBH,0.5,validation,discovery
279,0.4903830639191984,0.012514259389259387,0.961942993387346,33532,635,0.018937134677323154,24493,362,0.014779732984934471,1152,320,0.2777777777777778,BBH,0.5,validation,discovery
280,0.5601916389695231,0.006189306189306183,0.9668746632011852,33532,551,0.01643206489323631,24493,347,0.014167313109868126,1152,303,0.2630208333333333,BBH,0.5,validation,discovery
281,0.49828934661008634,0.005941777816777809,0.9675282579957903,33532,541,0.01613384229989264,24493,347,0.014167313109868126,1152,319,0.2769097222222222,BBH,0.5,validation,discovery
282,0.3350276087425112,0.010917410917410917,0.9678253465387928,33532,535,0.015954908743886435,24493,334,0.013636549218143959,1152,299,0.2595486111111111,BBH,0.5,validation,discovery
283,0.3746003029296172,0.00741027181705148,0.9660428152807785,33532,566,0.016879398783251818,24493,328,0.013391581268117422,1152,292,0.2534722222222222,BBH,0.5,validation,discovery
284,0.4570270048672399,0.005094989469989467,0.9709150673860173,33532,483,0.014404151258499344,24493,307,0.012534193443024538,1152,278,0.24131944444444445,BBH,0.5,validation,discovery
285,0.5285890595081064,0.008676086801086788,0.9698455486312088,33532,503,0.015000596445186688,24493,317,0.012942473359735435,1152,281,0.2439236111111111,BBH,0.5,validation,discovery
286,0.23150376608781928,0.007459854334854342,0.9706773965516154,33532,488,0.014553262555171179,24493,305,0.012452537459682358,1152,284,0.2465277777777778,BBH,0.5,validation,discovery
287,0.19984304067386605,0.007605668622617771,0.9698455486312088,33532,503,0.015000596445186688,24493,303,0.01237088147634018,1152,288,0.25,BBH,0.5,validation,discovery
288,0.4722368429625323,0.007671904652836858,0.972638180935431,33532,456,0.01359895025647143,24493,277,0.011309353692891847,1152,252,0.21875,BBH,0.5,validation,discovery
289,0.4164538797503139,0.006882525685491796,0.9675876757043907,33532,539,0.016074197781223907,24493,345,0.014085657126525946,1152,316,0.2743055555555556,BBH,0.5,validation,discovery
290,0.19769646456975157,0.004073269698269704,0.968478941333398,33532,526,0.015686508409877134,24493,311,0.012697505409708897,1152,294,0.2552083333333333,BBH,0.5,validation,discovery
291,0.3168530604963916,0.008928571428571423,0.9709744850946177,33532,482,0.014374328999164977,24493,275,0.011227697709549667,1152,255,0.22135416666666666,BBH,0.5,validation,discovery
292,0.5068093274350853,0.010287489365879187,0.9641414486055634,33532,598,0.01783371108195157,24493,361,0.014738904993263382,1152,326,0.2829861111111111,BBH,0.5,validation,discovery
293,0.5673037535719536,0.0056964122112427235,0.9702020548828116,33532,496,0.014791840629846117,24493,301,0.012289225492998,1152,288,0.25,BBH,0.5,validation,discovery
294,0.22906109727437213,0.006839580197631041,0.9663993215323814,33532,558,0.016640820708576882,24493,338,0.013799861184828318,1152,301,0.2612847222222222,BBH,0.5,validation,discovery
295,0.3434674436213338,0.007285736099295424,0.9677065111215918,33532,538,0.016044375521889538,24493,301,0.012289225492998,1152,278,0.24131944444444445,BBH,0.5,validation,discovery
296,0.14658398593058763,0.006683306683306668,0.961705322552944,33532,639,0.019056423714660622,24493,382,0.015596292818356266,1152,340,0.2951388888888889,BBH,0.5,validation,discovery
297,0.4791646460965193,0.01165356488449709,0.9655080559033743,33532,575,0.017147799117261123,24493,347,0.014167313109868126,1152,321,0.2786458333333333,BBH,0.5,validation,discovery
298,0.4541184258197976,0.018060064935064936,0.9624777527647501,33532,625,0.018638912083979484,24493,395,0.016127056710080433,1152,339,0.2942708333333333,BBH,0.5,validation,discovery
299,0.08850588877559375,0.002525417779655065,0.9750743069880503,33532,414,0.01234641536442801,24493,244,0.009962029967745886,1152,232,0.2013888888888889,BBH,0.5,validation,discovery
300,0.23541167845696057,0.010923870298870295,0.968478941333398,33532,526,0.015686508409877134,24493,345,0.014085657126525946,1152,317,0.2751736111111111,BBH,0.5,validation,discovery
301,0.22879876328328447,0.013091216216216218,0.9713309913462206,33532,476,0.014195395443158773,24493,294,0.012003429551300371,1152,273,0.23697916666666666,BBH,0.5,validation,discovery
302,0.38740140549450647,0.008193461318461319,0.9666369923667832,33532,557,0.016610998449242513,24493,320,0.013064957334748703,1152,291,0.2526041666666667,BBH,0.5,validation,discovery
303,0.5417123986868009,0.0059622652313330166,0.9671717517441875,33532,546,0.016282953596564474,24493,327,0.013350753276446331,1152,301,0.2612847222222222,BBH,0.5,validation,discovery
304,0.28325804012110706,0.006736827075810128,0.9658051444463766,33532,571,0.017028510079923655,24493,345,0.014085657126525946,1152,315,0.2734375,BBH,0.5,validation,discovery
305,0.6991762741468782,0.007722007722007716,0.9721628392666272,33532,463,0.013807706071812,24493,301,0.012289225492998,1152,279,0.2421875,BBH,0.5,validation,discovery
306,0.2135784134025365,0.012110608985608983,0.9660428152807785,33532,566,0.016879398783251818,24493,349,0.014248969093210304,1152,313,0.2717013888888889,BBH,0.5,validation,discovery
307,0.3855156831941883,0.007804831162882012,0.9664587392409819,33532,559,0.01667064296791125,24493,337,0.013759033193157228,1152,305,0.2647569444444444,BBH,0.5,validation,discovery
308,0.4949726477747345,0.008800568122602024,0.9716874975978234,33532,471,0.014046284146486938,24493,306,0.012493365451353449,1152,289,0.2508680555555556,BBH,0.5,validation,discovery
309,0.3551770151815196,0.00696845384345385,0.9685383590419984,33532,524,0.015626863891208397,24493,286,0.011676805617931654,1152,270,0.234375,BBH,0.5,validation,discovery
310,0.4724404229029585,0.008596255153458547,0.9711527382204193,33532,480,0.014314684480496243,24493,283,0.011554321642918385,1152,269,0.23350694444444445,BBH,0.5,validation,discovery
311,0.2877139426257518,0.0063651348079314125,0.9702020548828116,33532,497,0.014821662889180484,24493,300,0.01224839750132691,1152,276,0.23958333333333334,BBH,0.5,validation,discovery
312,0.49510315523725096,0.014221811096811102,0.9693107892538045,33532,511,0.015239174519861625,24493,330,0.0134732372514596,1152,295,0.2560763888888889,BBH,0.5,validation,discovery
313,0.1380765729600397,0.009141609141609143,0.9704991434258139,33532,490,0.014612907073839915,24493,288,0.011758461601273834,1152,274,0.2378472222222222,BBH,0.5,validation,discovery
314,0.15239646486064817,0.005582205582205582,0.9699643840484097,33532,501,0.014940951926517954,24493,293,0.011962601559629282,1152,269,0.23350694444444445,BBH,0.5,validation,discovery
315,0.10271731620360974,0.002270998298540669,0.9728758517698328,33532,452,0.013479661219133961,24493,256,0.010451965867798963,1152,242,0.21006944444444445,BBH,0.5,validation,discovery
316,0.46403454974206293,0.004761539136539134,0.9678847642473931,33532,536,0.015984731003220804,24493,284,0.011595149634589474,1152,269,0.23350694444444445,BBH,0.5,validation,discovery
317,0.5584754088127786,0.014835249210249212,0.9688948652936012,33532,518,0.015447930335202194,24493,307,0.012534193443024538,1152,281,0.2439236111111111,BBH,0.5,validation,discovery
318,0.26045861677221943,0.003619691119691113,0.9737076996902394,33532,437,0.013032327329118455,24493,257,0.010492793859470053,1152,247,0.2144097222222222,BBH,0.5,validation,discovery
319,0.47870243917134586,0.018862978237978237,0.9642008663141639,33532,596,0.017774066563282835,24493,381,0.015555464826685175,1152,317,0.2751736111111111,BBH,0.5,validation,discovery
320,0.40997132940742853,0.01120524001879935,0.9671717517441875,33532,547,0.016312775855898843,24493,345,0.014085657126525946,1152,320,0.2777777777777778,BBH,0.5,validation,discovery
321,0.6044795227536155,0.009211807146129184,0.9693702069624051,33532,510,0.015209352260527258,24493,325,0.013269097293104153,1152,298,0.2586805555555556,BBH,0.5,validation,discovery
322,0.37242272295920514,0.014757910149859298,0.968478941333398,33532,525,0.015656686150542765,24493,320,0.013064957334748703,1152,295,0.2560763888888889,BBH,0.5,validation,discovery
323,0.06805289328822427,0.0020221113971113933,0.9698455486312088,33532,502,0.01497077418585232,24493,295,0.01204425754297146,1152,280,0.24305555555555555,BBH,0.5,validation,discovery
324,0.30680621585972456,0.005188223938223935,0.9728164340612324,33532,453,0.013509483478468328,24493,293,0.011962601559629282,1152,277,0.2404513888888889,BBH,0.5,validation,discovery
325,0.29402716774469767,0.007282959825332704,0.9659833975721781,33532,567,0.016909221042586187,24493,375,0.015310496876658638,1152,335,0.2907986111111111,BBH,0.5,validation,discovery
326,0.37712580159662307,0.007551991926991923,0.967231169452788,33532,547,0.016312775855898843,24493,352,0.014371453068223574,1152,312,0.2708333333333333,BBH,0.5,validation,discovery
327,0.3422077862719899,0.00860239022315293,0.9731729403128353,33532,446,0.01330072766312776,24493,278,0.011350181684562937,1152,267,0.23177083333333334,BBH,0.5,validation,discovery
328,0.32972405334510735,0.00774942962442963,0.9665181569495823,33532,557,0.016610998449242513,24493,326,0.013309925284775242,1152,288,0.25,BBH,0.5,validation,discovery
329,0.27543741635958535,0.0019990102087559776,0.9717469153064239,33532,470,0.014016461887152571,24493,276,0.011268525701220757,1152,260,0.22569444444444445,BBH,0.5,validation,discovery
330,0.41689630107747744,0.012447715572715571,0.9688948652936012,33532,519,0.015477752594536561,24493,328,0.013391581268117422,1152,307,0.2664930555555556,BBH,0.5,validation,discovery
331,0.37001005859907926,0.012465590590590589,0.973410611147237,33532,442,0.01318143862579029,24493,293,0.011962601559629282,1152,265,0.2300347222222222,BBH,0.5,validation,discovery
332,0.5534315944711636,0.017307607932607934,0.9666964100753836,33532,555,0.01655135393057378,24493,334,0.013636549218143959,1152,298,0.2586805555555556,BBH,0.5,validation,discovery
333,0.4508592075254574,0.008870790226722424,0.9697267132140078,33532,505,0.015060240963855422,24493,304,0.012411709468011269,1152,293,0.2543402777777778,BBH,0.5,validation,discovery
334,0.5092607673068881,0.012099152724152726,0.9670529163269865,33532,549,0.016372420374567577,24493,346,0.014126485118197037,1152,316,0.2743055555555556,BBH,0.5,validation,discovery
335,0.26832656987102066,0.006397306397306393,0.9743612944848447,33532,427,0.012734104735774783,24493,238,0.009717062017719349,1152,226,0.19618055555555555,BBH,0.5,validation,discovery
336,0.3347038667017804,0.0045435045435045455,0.9700238017570101,33532,500,0.014911129667183587,24493,314,0.012819989384722166,1152,284,0.2465277777777778,BBH,0.5,validation,discovery
337,0.6395666363507625,0.013468541593541595,0.970736814260216,33532,487,0.014523440295836812,24493,312,0.012738333401379986,1152,286,0.2482638888888889,BBH,0.5,validation,discovery
338,0.36095638205739083,0.008875703790958032,0.9726975986440315,33532,453,0.013509483478468328,24493,261,0.010656105826154411,1152,250,0.2170138888888889,BBH,0.5,validation,discovery
339,0.1416078437737845,0.009341809341809343,0.9656863090291757,33532,570,0.01699868782058929,24493,335,0.01367737720981505,1152,300,0.2604166666666667,BBH,0.5,validation,discovery
340,0.46009762172471835,0.004917904917904912,0.9710339028032182,33532,482,0.014374328999164977,24493,294,0.012003429551300371,1152,277,0.2404513888888889,BBH,0.5,validation,discovery
341,0.2818703148876884,0.01156290218790219,0.9679441819559936,33532,534,0.01592508648455207,24493,327,0.013350753276446331,1152,297,0.2578125,BBH,0.5,validation,discovery
342,0.3946849640189393,0.012243412243412247,0.9702614725914122,33532,496,0.014791840629846117,24493,335,0.01367737720981505,1152,306,0.265625,BBH,0.5,validation,discovery
343,0.16418490653957912,0.0036719528244952074,0.9674094225785894,33532,543,0.016193486818561375,24493,297,0.01212591352631364,1152,276,0.23958333333333334,BBH,0.5,validation,discovery
344,0.28489588677872346,0.004851817616648129,0.9705585611344144,33532,491,0.014642729333174282,24493,297,0.01212591352631364,1152,282,0.24479166666666666,BBH,0.5,validation,discovery
345,0.4612201025459842,0.007122016497016492,0.9674094225785894,33532,544,0.01622330907789574,24493,325,0.013269097293104153,1152,294,0.2552083333333333,BBH,0.5,validation,discovery
346,0.3273342010125424,0.004691704691704687,0.9702614725914122,33532,495,0.01476201837051175,24493,308,0.012575021434695627,1152,294,0.2552083333333333,BBH,0.5,validation,discovery
347,0.3003816434123563,0.012548262548262551,0.9649138788173697,33532,584,0.017416199451270428,24493,352,0.014371453068223574,1152,311,0.2699652777777778,BBH,0.5,validation,discovery
348,0.3305154642677442,0.009645806520806523,0.9699643840484097,33532,499,0.014881307407849218,24493,284,0.011595149634589474,1152,265,0.2300347222222222,BBH,0.5,validation,discovery
349,0.7280449971171461,0.009721775346775346,0.9688354475850007,33532,519,0.015477752594536561,24493,322,0.013146613318090883,1152,289,0.2508680555555556,BBH,0.5,validation,discovery
350,0.1993746794503524,0.00669195981695981,0.9652703850689724,33532,580,0.01729691041393296,24493,343,0.014004001143183767,1152,316,0.2743055555555556,BBH,0.5,validation,discovery
351,0.6390528021249003,0.005789271414271423,0.9709744850946177,33532,482,0.014374328999164977,24493,299,0.01220756950965582,1152,282,0.24479166666666666,BBH,0.5,validation,discovery
352,0.3403031944049964,0.005067567567567564,0.9702614725914122,33532,495,0.01476201837051175,24493,311,0.012697505409708897,1152,293,0.2543402777777778,BBH,0.5,validation,discovery
353,0.3330355843577119,0.004283301158301158,0.9702614725914122,33532,496,0.014791840629846117,24493,292,0.011921773567958193,1152,269,0.23350694444444445,BBH,0.5,validation,discovery
354,0.31114415079632246,0.012538390663390672,0.9708556496774168,33532,484,0.014433973517833711,24493,298,0.01216674151798473,1152,279,0.2421875,BBH,0.5,validation,discovery
355,0.3838794737606713,0.005917274720240813,0.9677065111215918,33532,536,0.015984731003220804,24493,319,0.013024129343077614,1152,285,0.24739583333333334,BBH,0.5,validation,discovery
356,0.17576050388128012,0.00651968279086923,0.9719251684322253,33532,466,0.013897172849815101,24493,266,0.010860245784509859,1152,253,0.21961805555555555,BBH,0.5,validation,discovery
357,0.3268471035184508,0.005646271271271275,0.9747772184450479,33532,420,0.012525348920434212,24493,244,0.009962029967745886,1152,234,0.203125,BBH,0.5,validation,discovery
358,0.359045987890534,0.01492519305019305,0.9707962319688163,33532,486,0.014493618036502445,24493,296,0.012085085534642551,1152,270,0.234375,BBH,0.5,validation,discovery
359,0.27006079617049644,0.005199395824395813,0.9683006882075964,33532,526,0.015686508409877134,24493,314,0.012819989384722166,1152,288,0.25,BBH,0.5,validation,discovery
360,0.43809846743206643,0.010307182182182177,0.9683006882075964,33532,528,0.015746152928545868,24493,313,0.012779161393051075,1152,287,0.24913194444444445,BBH,0.5,validation,discovery
361,0.6573950457033404,0.019308086839866505,0.9634878538109583,33532,608,0.01813193367529524,24493,392,0.01600457273506716,1152,328,0.2847222222222222,BBH,0.5,validation,discovery
362,0.6407542641610667,0.013520216645216653,0.9661616506979795,33532,564,0.016819754264583084,24493,368,0.01502470093496101,1152,326,0.2829861111111111,BBH,0.5,validation,discovery
363,0.3613588433849216,0.00868616181116181,0.970380308008613,33532,494,0.014732196111177383,24493,294,0.012003429551300371,1152,271,0.23524305555555555,BBH,0.5,validation,discovery
364,0.41140224752096877,0.01824815887315887,0.967350004869989,33532,545,0.01625313133723011,24493,350,0.014289797084881395,1152,324,0.28125,BBH,0.5,validation,discovery
365,0.11470215782451447,0.003456256581256577,0.9683006882075964,33532,528,0.015746152928545868,24493,326,0.013309925284775242,1152,306,0.265625,BBH,0.5,validation,discovery
366,0.3850411650887506,0.0024131274131274165,0.9745989653192465,33532,421,0.012555171179768579,24493,252,0.010288653901114605,1152,241,0.2092013888888889,BBH,0.5,validation,discovery
367,0.3398904472213469,0.006257678132678127,0.9709744850946177,33532,482,0.014374328999164977,24493,289,0.011799289592944923,1152,275,0.2387152777777778,BBH,0.5,validation,discovery
368,0.46961622433673483,0.00647299084799086,0.969489042379606,33532,506,0.015090063223189789,24493,312,0.012738333401379986,1152,295,0.2560763888888889,BBH,0.5,validation,discovery
369,0.35068125712025067,0.009960731835731842,0.9683006882075964,33532,528,0.015746152928545868,24493,343,0.014004001143183767,1152,317,0.2751736111111111,BBH,0.5,validation,discovery
370,0.25089570495573676,0.013513513513513516,0.9721628392666272,33532,462,0.013777883812477633,24493,297,0.01212591352631364,1152,280,0.24305555555555555,BBH,0.5,validation,discovery
371,0.47932336461134734,0.005583708708708716,0.9724005101010291,33532,458,0.013658594775140165,24493,287,0.011717633609602743,1152,275,0.2387152777777778,BBH,0.5,validation,discovery
372,0.4505185323240625,0.008282836407836416,0.967231169452788,33532,546,0.016282953596564474,24493,340,0.013881517168170498,1152,317,0.2751736111111111,BBH,0.5,validation,discovery
373,0.5634533568877863,0.013571815266730524,0.9658645621549771,33532,567,0.016909221042586187,24493,386,0.015759604785040623,1152,330,0.2864583333333333,BBH,0.5,validation,discovery
374,0.4458655838895787,0.008485823898959494,0.9729946871870337,33532,450,0.013420016700465227,24493,283,0.011554321642918385,1152,267,0.23177083333333334,BBH,0.5,validation,discovery
375,0.48416491412506146,0.008614660362541719,0.9704991434258139,33532,492,0.014672551592508649,24493,281,0.011472665659576206,1152,267,0.23177083333333334,BBH,0.5,validation,discovery
376,0.7339848892351324,0.012207134082134075,0.9680035996645941,33532,533,0.0158952642252177,24493,348,0.014208141101539215,1152,317,0.2751736111111111,BBH,0.5,validation,discovery
377,0.7230681637600466,0.012723112034552713,0.9657457267377763,33532,570,0.01699868782058929,24493,375,0.015310496876658638,1152,334,0.2899305555555556,BBH,0.5,validation,discovery
378,0.3754207236805927,0.00689070577841764,0.9719251684322253,33532,467,0.01392699510914947,24493,293,0.011962601559629282,1152,269,0.23350694444444445,BBH,0.5,validation,discovery
379,0.2370829002217733,0.006384041977262313,0.9683006882075964,33532,529,0.015775975187880233,24493,327,0.013350753276446331,1152,299,0.2595486111111111,BBH,0.5,validation,discovery
380,0.3699243830445947,0.006032818532818526,0.9683006882075964,33532,528,0.015746152928545868,24493,301,0.012289225492998,1152,267,0.23177083333333334,BBH,0.5,validation,discovery
381,0.14227267001510996,0.005463905463905463,0.9696672955054073,33532,504,0.015030418704521055,24493,319,0.013024129343077614,1152,295,0.2560763888888889,BBH,0.5,validation,discovery
382,0.32415970417574047,0.009873712998712994,0.9696078777968068,33532,506,0.015090063223189789,24493,329,0.013432409259788511,1152,306,0.265625,BBH,0.5,validation,discovery
383,0.30097482679587995,0.007963320463320465,0.9688948652936012,33532,519,0.015477752594536561,24493,320,0.013064957334748703,1152,300,0.2604166666666667,BBH,0.5,validation,discovery
384,0.2960425623622187,0.008559444735292191,0.9690731184194027,33532,515,0.015358463557199093,24493,309,0.012615849426366716,1152,291,0.2526041666666667,BBH,0.5,validation,discovery
385,0.4283092296712626,0.009971009971009977,0.9655674736119748,33532,573,0.01708815459859239,24493,360,0.014698077001592291,1152,307,0.2664930555555556,BBH,0.5,validation,discovery
386,0.22073840507047396,0.004183360115563501,0.9678847642473931,33532,535,0.015954908743886435,24493,334,0.013636549218143959,1152,299,0.2595486111111111,BBH,0.5,validation,discovery
387,0.6920332260911382,0.007722007722007727,0.967231169452788,33532,547,0.016312775855898843,24493,342,0.013963173151512676,1152,313,0.2717013888888889,BBH,0.5,validation,discovery
388,0.7929255120985548,0.015859861622573485,0.9677065111215918,33532,538,0.016044375521889538,24493,336,0.01371820520148614,1152,286,0.2482638888888889,BBH,0.5,validation,discovery
389,0.3195221394644241,0.0032741751491751413,0.9741236236504427,33532,431,0.01285339377311225,24493,244,0.009962029967745886,1152,235,0.20399305555555555,BBH,0.5,validation,discovery
390,0.4967362930483243,0.009180609180609178,0.9698455486312088,33532,502,0.01497077418585232,24493,312,0.012738333401379986,1152,286,0.2482638888888889,BBH,0.5,validation,discovery
391,0.20317198504689457,0.005228605228605223,0.9719251684322253,33532,468,0.013956817368483837,24493,292,0.011921773567958193,1152,269,0.23350694444444445,BBH,0.5,validation,discovery
392,0.5796067510838182,0.014857714857714852,0.962834259016353,33532,620,0.018489800787307647,24493,376,0.015351324868329727,1152,333,0.2890625,BBH,0.5,validation,discovery
393,0.19065312746015892,0.0034163627913627926,0.9723410923924286,33532,460,0.0137182392938089,24493,272,0.011105213734536398,1152,250,0.2170138888888889,BBH,0.5,validation,discovery
394,0.4486634893747021,0.011555589680589683,0.9662210684065798,33532,562,0.01676010974591435,24493,350,0.014289797084881395,1152,317,0.2751736111111111,BBH,0.5,validation,discovery
395,0.3666738723685326,0.010438821085007523,0.968478941333398,33532,526,0.015686508409877134,24493,312,0.012738333401379986,1152,293,0.2543402777777778,BBH,0.5,validation,discovery
396,0.3628226089010753,0.006415628290628285,0.9700832194656106,33532,498,0.01485148514851485,24493,278,0.011350181684562937,1152,261,0.2265625,BBH,0.5,validation,discovery
397,0.5307523929846973,0.006032818532818531,0.9688354475850007,33532,520,0.015507574853870928,24493,312,0.012738333401379986,1152,292,0.2534722222222222,BBH,0.5,validation,discovery
398,0.5615582187294427,0.008245533669262476,0.9690731184194027,33532,514,0.015328641297864726,24493,310,0.012656677418037807,1152,285,0.24739583333333334,BBH,0.5,validation,discovery
399,0.377898119845228,0.010087969462969464,0.9677659288301923,33532,537,0.016014553262555173,24493,340,0.013881517168170498,1152,319,0.2769097222222222,BBH,0.5,validation,discovery
400,0.15714118258849452,0.00551399613899615,0.9675282579957903,33532,539,0.016074197781223907,24493,312,0.012738333401379986,1152,291,0.2526041666666667,BBH,0.5,validation,discovery
401,0.31529477610564977,0.008956179242196192,0.9658051444463766,33532,568,0.016939043301920552,24493,327,0.013350753276446331,1152,307,0.2664930555555556,BBH,0.5,validation,discovery
402,0.5116252312606907,0.012032121407121404,0.9689542830022017,33532,517,0.015418108075867827,24493,319,0.013024129343077614,1152,283,0.2456597222222222,BBH,0.5,validation,discovery
403,0.3941192972354963,0.014866296381126888,0.9704397257172135,33532,492,0.014672551592508649,24493,289,0.011799289592944923,1152,270,0.234375,BBH,0.5,validation,discovery
404,0.19248789825444573,0.009115691054250377,0.9717469153064239,33532,470,0.014016461887152571,24493,289,0.011799289592944923,1152,272,0.2361111111111111,BBH,0.5,validation,discovery
405,0.5209365756187988,0.008500139061579747,0.9667558277839842,33532,554,0.016521531671239414,24493,334,0.013636549218143959,1152,304,0.2638888888888889,BBH,0.5,validation,discovery
406,0.35965554860793153,0.008892783522020806,0.9690731184194027,33532,515,0.015358463557199093,24493,315,0.012860817376393255,1152,283,0.2456597222222222,BBH,0.5,validation,discovery
407,0.2604988048176747,0.009416681291681292,0.9677659288301923,33532,538,0.016044375521889538,24493,343,0.014004001143183767,1152,312,0.2708333333333333,BBH,0.5,validation,discovery
408,0.4391027412185826,0.022346656721656727,0.9589721079573224,33532,686,0.02045806990337588,24493,395,0.016127056710080433,1152,339,0.2942708333333333,BBH,0.5,validation,discovery
409,0.7467725161867315,0.022019787644787635,0.9656863090291757,33532,573,0.01708815459859239,24493,371,0.015147184909974278,1152,337,0.2925347222222222,BBH,0.5,validation,discovery
410,0.35185593708243457,0.007528753026634383,0.9667558277839842,33532,554,0.016521531671239414,24493,324,0.013228269301433063,1152,303,0.2630208333333333,BBH,0.5,validation,discovery
411,0.459950461698166,0.005007605007605008,0.9696672955054073,33532,505,0.015060240963855422,24493,312,0.012738333401379986,1152,287,0.24913194444444445,BBH,0.5,validation,discovery
412,0.3974031764562589,0.011214604434943418,0.9652109673603719,33532,580,0.01729691041393296,24493,342,0.013963173151512676,1152,316,0.2743055555555556,BBH,0.5,validation,discovery
413,0.6562584416999016,0.007764785889785887,0.9698455486312088,33532,503,0.015000596445186688,24493,316,0.012901645368064344,1152,293,0.2543402777777778,BBH,0.5,validation,discovery
414,0.3245802668257613,0.005906677781677788,0.9695484600882064,33532,507,0.015119885482524156,24493,321,0.013105785326419794,1152,290,0.2517361111111111,BBH,0.5,validation,discovery
415,0.4051760797356653,0.011541088606766572,0.9724599278096295,33532,458,0.013658594775140165,24493,264,0.01077858980116768,1152,252,0.21875,BBH,0.5,validation,discovery
416,0.4518078980618987,0.005107705107705108,0.9738265351074403,33532,435,0.01297268281044972,24493,263,0.010737761809496591,1152,252,0.21875,BBH,0.5,validation,discovery
417,0.3361582344507565,0.004760208150038656,0.9675282579957903,33532,541,0.01613384229989264,24493,351,0.014330625076552484,1152,323,0.2803819444444444,BBH,0.5,validation,discovery
418,0.4288736415479165,0.008273898898898912,0.968478941333398,33532,525,0.015656686150542765,24493,319,0.013024129343077614,1152,293,0.2543402777777778,BBH,0.5,validation,discovery
419,0.2462870720673668,0.009636869011869026,0.9659239798635776,33532,567,0.016909221042586187,24493,324,0.013228269301433063,1152,298,0.2586805555555556,BBH,0.5,validation,discovery
420,0.43350735675405094,0.0074730168480168484,0.971390409054821,33532,477,0.01422521770249314,24493,282,0.011513493651247295,1152,270,0.234375,BBH,0.5,validation,discovery
421,0.431280483266012,0.00760135135135135,0.9643791194399653,33532,593,0.017684599785279732,24493,355,0.014493937043236843,1152,320,0.2777777777777778,BBH,0.5,validation,discovery
422,0.28787933215261347,0.011305910935148218,0.9686571944591994,33532,521,0.015537397113205297,24493,293,0.011962601559629282,1152,283,0.2456597222222222,BBH,0.5,validation,discovery
423,0.4895239047039707,0.014839711079117851,0.9705585611344144,33532,490,0.014612907073839915,24493,301,0.012289225492998,1152,274,0.2378472222222222,BBH,0.5,validation,discovery
424,0.6266188942662709,0.011824324324324316,0.9708556496774168,33532,485,0.014463795777168078,24493,287,0.011717633609602743,1152,266,0.2309027777777778,BBH,0.5,validation,discovery
425,0.19452109841690363,0.0060734029484029485,0.965329802777573,33532,579,0.01726708815459859,24493,328,0.013391581268117422,1152,293,0.2543402777777778,BBH,0.5,validation,discovery
426,0.6018238975675385,0.007792561023493232,0.9672905871613885,33532,546,0.016282953596564474,24493,343,0.014004001143183767,1152,311,0.2699652777777778,BBH,0.5,validation,discovery
427,0.2641836086938894,0.0036075697092646346,0.9727570163526319,33532,453,0.013509483478468328,24493,278,0.011350181684562937,1152,260,0.22569444444444445,BBH,0.5,validation,discovery
428,0.36126687023590126,0.0035922692172692117,0.9677659288301923,33532,538,0.016044375521889538,24493,311,0.012697505409708897,1152,296,0.2569444444444444,BBH,0.5,validation,discovery
429,0.3796898916696897,0.00471230158730157,0.9650327142345705,33532,584,0.017416199451270428,24493,339,0.013840689176499409,1152,316,0.2743055555555556,BBH,0.5,validation,discovery
430,0.5731216944997962,0.02558024745524746,0.9627748413077526,33532,620,0.018489800787307647,24493,414,0.016902788551831135,1152,352,0.3055555555555556,BBH,0.5,validation,discovery
431,0.2367489714190511,0.006551231921994636,0.9704991434258139,33532,490,0.014612907073839915,24493,298,0.01216674151798473,1152,276,0.23958333333333334,BBH,0.5,validation,discovery
432,0.2841806309493112,0.00407773845273845,0.9696672955054073,33532,503,0.015000596445186688,24493,286,0.011676805617931654,1152,275,0.2387152777777778,BBH,0.5,validation,discovery
433,0.29234171713915036,0.004107800982800978,0.9701426371742111,33532,497,0.014821662889180484,24493,291,0.011880945576287102,1152,265,0.2300347222222222,BBH,0.5,validation,discovery
434,0.12850279572192308,0.006955291330291333,0.9704397257172135,33532,491,0.014642729333174282,24493,276,0.011268525701220757,1152,253,0.21961805555555555,BBH,0.5,validation,discovery
435,0.18348938567233827,0.00675675675675676,0.9724599278096295,33532,457,0.013628772515805798,24493,261,0.010656105826154411,1152,248,0.2152777777777778,BBH,0.5,validation,discovery
436,0.5354257238723031,0.009140837265837268,0.9716280798892228,33532,472,0.014076106405821305,24493,287,0.011717633609602743,1152,269,0.23350694444444445,BBH,0.5,validation,discovery
437,0.337543505284426,0.004520523853150981,0.9686571944591994,33532,522,0.015567219372539664,24493,328,0.013391581268117422,1152,304,0.2638888888888889,BBH,0.5,validation,discovery
438,0.3867001633446206,0.0080772737022737,0.972638180935431,33532,455,0.013569127997137062,24493,278,0.011350181684562937,1152,257,0.2230902777777778,BBH,0.5,validation,discovery
439,0.4092693144618039,0.01409415138228698,0.967231169452788,33532,546,0.016282953596564474,24493,347,0.014167313109868126,1152,311,0.2699652777777778,BBH,0.5,validation,discovery
440,0.47822709388626644,0.010441244816244817,0.9627154235991521,33532,622,0.01854944530597638,24493,377,0.015392152860000816,1152,333,0.2890625,BBH,0.5,validation,discovery
441,0.41080129432518486,0.016910538785538783,0.9669340809097857,33532,552,0.01646188715257068,24493,366,0.01494304495161883,1152,334,0.2899305555555556,BBH,0.5,validation,discovery
442,0.4052317162263958,0.007788470977030299,0.969489042379606,33532,509,0.01517953000119289,24493,293,0.011962601559629282,1152,269,0.23350694444444445,BBH,0.5,validation,discovery
443,0.3625575056041229,0.00974531652497754,0.9685383590419984,33532,524,0.015626863891208397,24493,331,0.01351406524313069,1152,290,0.2517361111111111,BBH,0.5,validation,discovery
444,0.32499172930362974,0.006939786335972784,0.9668152454925847,33532,552,0.01646188715257068,24493,336,0.01371820520148614,1152,310,0.2690972222222222,BBH,0.5,validation,discovery
445,0.2925968241057599,0.011211170586170594,0.9693107892538045,33532,511,0.015239174519861625,24493,319,0.013024129343077614,1152,288,0.25,BBH,0.5,validation,discovery
446,0.4777185495303723,0.0056015837265837205,0.9698455486312088,33532,503,0.015000596445186688,24493,288,0.011758461601273834,1152,265,0.2300347222222222,BBH,0.5,validation,discovery
447,0.2992415749668159,0.00792344251030691,0.9705585611344144,33532,489,0.014583084814505548,24493,293,0.011962601559629282,1152,272,0.2361111111111111,BBH,0.5,validation,discovery
448,0.18450364785282863,0.0019850358833409603,0.972638180935431,33532,455,0.013569127997137062,24493,279,0.011391009676234026,1152,262,0.22743055555555555,BBH,0.5,validation,discovery
449,0.21899352370499378,0.004434632877429481,0.9731729403128353,33532,447,0.013330549922462126,24493,270,0.01102355775119422,1152,258,0.22395833333333334,BBH,0.5,validation,discovery
450,0.47922586153155994,0.010039056914056918,0.9658051444463766,33532,569,0.01696886556125492,24493,340,0.013881517168170498,1152,299,0.2595486111111111,BBH,0.5,validation,discovery
451,0.4570636936979582,0.01484073359073359,0.9700238017570101,33532,500,0.014911129667183587,24493,314,0.012819989384722166,1152,291,0.2526041666666667,BBH,0.5,validation,discovery
452,0.34057901872711377,0.0060295279045278986,0.9664587392409819,33532,560,0.016700465227245616,24493,348,0.014208141101539215,1152,322,0.2795138888888889,BBH,0.5,validation,discovery
453,0.41376189423170223,0.015445112320112316,0.9720440038494261,33532,464,0.013837528331146367,24493,322,0.013146613318090883,1152,294,0.2552083333333333,BBH,0.5,validation,discovery
454,0.5767163531250707,0.008479949104949102,0.9709744850946177,33532,483,0.014404151258499344,24493,312,0.012738333401379986,1152,289,0.2508680555555556,BBH,0.5,validation,discovery
455,0.3232295521789454,0.006998069498069501,0.9699643840484097,33532,501,0.014940951926517954,24493,317,0.012942473359735435,1152,298,0.2586805555555556,BBH,0.5,validation,discovery
456,0.08109469077820335,0.00451620451620451,0.9696078777968068,33532,507,0.015119885482524156,24493,310,0.012656677418037807,1152,285,0.24739583333333334,BBH,0.5,validation,discovery
457,0.18246250094080307,0.004117957242957249,0.9732323580214357,33532,446,0.01330072766312776,24493,274,0.011186869717878578,1152,259,0.2248263888888889,BBH,0.5,validation,discovery
458,0.29195332280409797,0.004050925925925921,0.9706179788430149,33532,489,0.014583084814505548,24493,283,0.011554321642918385,1152,267,0.23177083333333334,BBH,0.5,validation,discovery
459,0.3992143839928257,0.005023205023205027,0.9726975986440315,33532,455,0.013569127997137062,24493,282,0.011513493651247295,1152,265,0.2300347222222222,BBH,0.5,validation,discovery
460,0.10424555782331403,0.00423284485784486,0.9647356256915681,33532,586,0.01747584396993916,24493,353,0.014412281059894665,1152,302,0.2621527777777778,BBH,0.5,validation,discovery
461,0.35042965724611574,0.004538929062234152,0.9719251684322253,33532,468,0.013956817368483837,24493,269,0.010982729759523129,1152,254,0.2204861111111111,BBH,0.5,validation,discovery
462,0.42232332001990247,0.011939496314496312,0.9680630173731946,33532,533,0.0158952642252177,24493,303,0.01237088147634018,1152,285,0.24739583333333334,BBH,0.5,validation,discovery
463,0.3980831621681889,0.017509433134433136,0.9663993215323814,33532,561,0.016730287486579985,24493,353,0.014412281059894665,1152,306,0.265625,BBH,0.5,validation,discovery
464,0.16952359844371706,0.007648273273273275,0.9694296246710055,33532,510,0.015209352260527258,24493,301,0.012289225492998,1152,280,0.24305555555555555,BBH,0.5,validation,discovery
465,0.33637616245910257,0.013633147372554149,0.970380308008613,33532,493,0.014702373851843016,24493,321,0.013105785326419794,1152,294,0.2552083333333333,BBH,0.5,validation,discovery
466,0.2018370256001215,0.006958906958906946,0.971509244472022,33532,474,0.014135750924490039,24493,301,0.012289225492998,1152,276,0.23958333333333334,BBH,0.5,validation,discovery
467,0.27137019720764094,0.009835501360925085,0.9666964100753836,33532,554,0.016521531671239414,24493,370,0.015106356918303188,1152,331,0.2873263888888889,BBH,0.5,validation,discovery
468,0.32715174436054517,0.009073805948805948,0.9711527382204193,33532,479,0.014284862221161876,24493,278,0.011350181684562937,1152,262,0.22743055555555555,BBH,0.5,validation,discovery
469,0.30004274271205517,0.0022453053703053796,0.9721034215580266,33532,464,0.013837528331146367,24493,268,0.01094190176785204,1152,260,0.22569444444444445,BBH,0.5,validation,discovery
470,0.40838427754151546,0.008220273845273848,0.9744801299020457,33532,424,0.012644637957771682,24493,275,0.011227697709549667,1152,266,0.2309027777777778,BBH,0.5,validation,discovery
471,0.21233413768137546,0.003914325948224254,0.9706773965516154,33532,488,0.014553262555171179,24493,313,0.012779161393051075,1152,286,0.2482638888888889,BBH,0.5,validation,discovery
472,0.3648892095315241,0.00398389460889461,0.9700238017570101,33532,500,0.014911129667183587,24493,329,0.013432409259788511,1152,311,0.2699652777777778,BBH,0.5,validation,discovery
473,0.570201416120499,0.00582729369805641,0.970736814260216,33532,488,0.014553262555171179,24493,322,0.013146613318090883,1152,292,0.2534722222222222,BBH,0.5,validation,discovery
474,0.3649454600887831,0.006656941031941037,0.9632501829765563,33532,613,0.018281044971967076,24493,356,0.014534765034907932,1152,311,0.2699652777777778,BBH,0.5,validation,discovery
475,0.4294213901608341,0.009113943488943491,0.9690731184194027,33532,514,0.015328641297864726,24493,311,0.012697505409708897,1152,288,0.25,BBH,0.5,validation,discovery
476,0.1702427998393796,0.006053659178659183,0.9719251684322253,33532,468,0.013956817368483837,24493,298,0.01216674151798473,1152,288,0.25,BBH,0.5,validation,discovery
477,0.7187573537471309,0.014799214799214803,0.9666369923667832,33532,555,0.01655135393057378,24493,359,0.014657249009921202,1152,335,0.2907986111111111,BBH,0.5,validation,discovery
478,0.30090191238858854,0.006032818532818537,0.9698455486312088,33532,503,0.015000596445186688,24493,292,0.011921773567958193,1152,278,0.24131944444444445,BBH,0.5,validation,discovery
479,0.518230942839837,0.010499338624338633,0.9696078777968068,33532,507,0.015119885482524156,24493,328,0.013391581268117422,1152,305,0.2647569444444444,BBH,0.5,validation,discovery
480,0.21873332954172875,0.004457582582582583,0.9709744850946177,33532,484,0.014433973517833711,24493,270,0.01102355775119422,1152,253,0.21961805555555555,BBH,0.5,validation,discovery
481,0.3630115338350942,0.008363273988273995,0.9674094225785894,33532,542,0.016163664559227006,24493,328,0.013391581268117422,1152,298,0.2586805555555556,BBH,0.5,validation,discovery
482,0.40265166719924694,0.009484931359931361,0.9709150673860173,33532,483,0.014404151258499344,24493,292,0.011921773567958193,1152,272,0.2361111111111111,BBH,0.5,validation,discovery
483,0.5402797910543686,0.0160984228780839,0.9678253465387928,33532,537,0.016014553262555173,24493,341,0.013922345159841587,1152,303,0.2630208333333333,BBH,0.5,validation,discovery
484,0.1404755106610167,0.007143304018304014,0.9716874975978234,33532,472,0.014076106405821305,24493,268,0.01094190176785204,1152,255,0.22135416666666666,BBH,0.5,validation,discovery
485,0.2669680386790667,0.00771189415257212,0.9681224350817951,33532,532,0.015865441965883336,24493,329,0.013432409259788511,1152,306,0.265625,BBH,0.5,validation,discovery
486,0.3551427126768521,0.007197886858903803,0.9676470934129913,33532,538,0.016044375521889538,24493,341,0.013922345159841587,1152,310,0.2690972222222222,BBH,0.5,validation,discovery
487,0.40853133653138696,0.012894893985995682,0.968478941333398,33532,524,0.015626863891208397,24493,336,0.01371820520148614,1152,304,0.2638888888888889,BBH,0.5,validation,discovery
488,0.43728611722109206,0.004100082225082226,0.9729352694784332,33532,451,0.013449838959799594,24493,283,0.011554321642918385,1152,267,0.23177083333333334,BBH,0.5,validation,discovery
489,0.31364087106564525,0.006230163274654799,0.9748366361536485,33532,419,0.012495526661099845,24493,278,0.011350181684562937,1152,260,0.22569444444444445,BBH,0.5,validation,discovery
490,0.7253688953907036,0.01204999642499642,0.968478941333398,33532,523,0.015597041631874031,24493,325,0.013269097293104153,1152,295,0.2560763888888889,BBH,0.5,validation,discovery
491,0.2608939895072375,0.008829387801845431,0.967350004869989,33532,541,0.01613384229989264,24493,336,0.01371820520148614,1152,301,0.2612847222222222,BBH,0.5,validation,discovery
492,0.4705444932053172,0.018167558792558797,0.9658051444463766,33532,568,0.016939043301920552,24493,361,0.014738904993263382,1152,327,0.2838541666666667,BBH,0.5,validation,discovery
493,0.4412834832539215,0.005667781886002218,0.9658645621549771,33532,569,0.01696886556125492,24493,366,0.01494304495161883,1152,326,0.2829861111111111,BBH,0.5,validation,discovery
494,0.28398337984076194,0.004946911196911194,0.9685977767505989,33532,521,0.015537397113205297,24493,304,0.012411709468011269,1152,278,0.24131944444444445,BBH,0.5,validation,discovery
495,0.6776294183783468,0.019156941031941037,0.9634878538109583,33532,607,0.018102111415960874,24493,405,0.01653533662679133,1152,351,0.3046875,BBH,0.5,validation,discovery
496,0.6103412303443709,0.010147200772200774,0.9712121559290195,33532,479,0.014284862221161876,24493,296,0.012085085534642551,1152,275,0.2387152777777778,BBH,0.5,validation,discovery
497,0.29609737174952094,0.003016409266409277,0.9700832194656106,33532,499,0.014881307407849218,24493,278,0.011350181684562937,1152,255,0.22135416666666666,BBH,0.5,validation,discovery
498,0.5609878989119503,0.012465439107388246,0.967231169452788,33532,546,0.016282953596564474,24493,343,0.014004001143183767,1152,308,0.2673611111111111,BBH,0.5,validation,discovery
499,0.5219218568514065,0.007929317304317316,0.9737076996902394,33532,438,0.013062149588452822,24493,273,0.011146041726207487,1152,250,0.2170138888888889,BBH,0.5,validation,discovery
500,0.2617696859893858,0.0058428964678964666,0.9685383590419984,33532,524,0.015626863891208397,24493,320,0.013064957334748703,1152,301,0.2612847222222222,BBH,0.5,validation,discovery
501,0.2259312827546418,0.00674141908252078,0.9657457267377763,33532,570,0.01699868782058929,24493,335,0.01367737720981505,1152,310,0.2690972222222222,BBH,0.5,validation,discovery
502,0.7618932510240958,0.010431739245298574,0.9681818527903956,33532,530,0.015805797447214602,24493,328,0.013391581268117422,1152,299,0.2595486111111111,BBH,0.5,validation,discovery
503,0.23693576974600122,0.008156575158693797,0.9725193455182299,33532,458,0.013658594775140165,24493,270,0.01102355775119422,1152,247,0.2144097222222222,BBH,0.5,validation,discovery
504,0.5528005567294897,0.012492403117403105,0.967231169452788,33532,547,0.016312775855898843,24493,330,0.0134732372514596,1152,305,0.2647569444444444,BBH,0.5,validation,discovery
505,0.19165548448712166,0.00274767462267462,0.9635472715195588,33532,608,0.01813193367529524,24493,371,0.015147184909974278,1152,326,0.2829861111111111,BBH,0.5,validation,discovery
506,0.4181474818854771,0.010948031869642032,0.9685977767505989,33532,523,0.015597041631874031,24493,316,0.012901645368064344,1152,283,0.2456597222222222,BBH,0.5,validation,discovery
507,0.5460751803771741,0.009497850122850126,0.9706773965516154,33532,488,0.014553262555171179,24493,296,0.012085085534642551,1152,274,0.2378472222222222,BBH,0.5,validation,discovery
508,0.44563004688877816,0.006134828009828003,0.9671717517441875,33532,547,0.016312775855898843,24493,332,0.01355489323480178,1152,298,0.2586805555555556,BBH,0.5,validation,discovery
509,0.5543617159126811,0.013398341523341526,0.9697861309226083,33532,503,0.015000596445186688,24493,318,0.012983301351406525,1152,302,0.2621527777777778,BBH,0.5,validation,discovery
510,0.6469838389812727,0.014762530387530393,0.9685977767505989,33532,523,0.015597041631874031,24493,311,0.012697505409708897,1152,292,0.2534722222222222,BBH,0.5,validation,discovery
511,0.799641782398273,0.009350868725868735,0.9659833975721781,33532,568,0.016939043301920552,24493,350,0.014289797084881395,1152,317,0.2751736111111111,BBH,0.5,validation,discovery
512,0.2894138996121779,0.006095340470340474,0.9718657507236248,33532,468,0.013956817368483837,24493,291,0.011880945576287102,1152,270,0.234375,BBH,0.5,validation,discovery
513,0.10973139921843202,0.007067335192335195,0.9697267132140078,33532,504,0.015030418704521055,24493,311,0.012697505409708897,1152,283,0.2456597222222222,BBH,0.5,validation,discovery
514,0.2681543872087069,0.007891668908618064,0.9718657507236248,33532,468,0.013956817368483837,24493,274,0.011186869717878578,1152,264,0.22916666666666666,BBH,0.5,validation,discovery
515,0.32739794042974707,0.007411770123634523,0.969132536128003,33532,515,0.015358463557199093,24493,322,0.013146613318090883,1152,297,0.2578125,BBH,0.5,validation,discovery
516,0.687070051206128,0.013494085792814602,0.9687166121677997,33532,521,0.015537397113205297,24493,341,0.013922345159841587,1152,305,0.2647569444444444,BBH,0.5,validation,discovery
517,0.35042716347332303,0.007178849551730903,0.9711527382204193,33532,480,0.014314684480496243,24493,291,0.011880945576287102,1152,274,0.2378472222222222,BBH,0.5,validation,discovery
518,0.3952975106222289,0.005878646503646504,0.9747178007364475,33532,421,0.012555171179768579,24493,280,0.011431837667905115,1152,265,0.2300347222222222,BBH,0.5,validation,discovery
519,0.6058158478195321,0.004368004368004361,0.9676470934129913,33532,539,0.016074197781223907,24493,339,0.013840689176499409,1152,308,0.2673611111111111,BBH,0.5,validation,discovery
520,0.5773812966295253,0.009850109850109836,0.9700832194656106,33532,498,0.01485148514851485,24493,344,0.014044829134854856,1152,316,0.2743055555555556,BBH,0.5,validation,discovery
521,0.39485885935650517,0.01332241332241332,0.9670529163269865,33532,550,0.016402242633901946,24493,359,0.014657249009921202,1152,319,0.2769097222222222,BBH,0.5,validation,discovery
522,0.21374332168017288,0.004992886348818561,0.9680630173731946,33532,532,0.015865441965883336,24493,346,0.014126485118197037,1152,308,0.2673611111111111,BBH,0.5,validation,discovery
523,0.41068143107651867,0.008928571428571425,0.9697267132140078,33532,504,0.015030418704521055,24493,291,0.011880945576287102,1152,272,0.2361111111111111,BBH,0.5,validation,discovery
524,0.47304240328997427,0.010360807235807238,0.9700238017570101,33532,499,0.014881307407849218,24493,313,0.012779161393051075,1152,289,0.2508680555555556,BBH,0.5,validation,discovery
525,0.3746038266276721,0.00862121201104252,0.9657457267377763,33532,572,0.017058332339258023,24493,350,0.014289797084881395,1152,312,0.2708333333333333,BBH,0.5,validation,discovery
526,0.5882240375899255,0.010617760617760612,0.969489042379606,33532,508,0.015149707741858523,24493,312,0.012738333401379986,1152,286,0.2482638888888889,BBH,0.5,validation,discovery
527,0.7352868959842292,0.02066185503685503,0.9576055006595114,33532,708,0.021114159608731958,24493,425,0.017351896460213123,1152,353,0.3064236111111111,BBH,0.5,validation,discovery
528,0.1958117581179757,0.0060074602447483805,0.9657457267377763,33532,571,0.017028510079923655,24493,337,0.013759033193157228,1152,312,0.2708333333333333,BBH,0.5,validation,discovery
529,0.41011617225454294,0.008160460702833588,0.9703208903000126,33532,494,0.014732196111177383,24493,298,0.01216674151798473,1152,284,0.2465277777777778,BBH,0.5,validation,discovery
530,0.4351196473882322,0.011667471042471043,0.9711527382204193,33532,480,0.014314684480496243,24493,298,0.01216674151798473,1152,276,0.23958333333333334,BBH,0.5,validation,discovery
531,0.14071007761591864,0.0029560810810810856,0.974539547610646,33532,422,0.012584993439102946,24493,260,0.010615277834483322,1152,251,0.21788194444444445,BBH,0.5,validation,discovery
532,0.4997271253816883,0.011189233064233065,0.9706179788430149,33532,490,0.014612907073839915,24493,314,0.012819989384722166,1152,301,0.2612847222222222,BBH,0.5,validation,discovery
533,0.5737865762839244,0.009268194013956729,0.967350004869989,33532,544,0.01622330907789574,24493,351,0.014330625076552484,1152,316,0.2743055555555556,BBH,0.5,validation,discovery
534,0.3122638897128015,0.006585997316929523,0.9699049663398093,33532,502,0.01497077418585232,24493,305,0.012452537459682358,1152,284,0.2465277777777778,BBH,0.5,validation,discovery
535,0.2673880893096014,0.009594375219375211,0.9705585611344144,33532,491,0.014642729333174282,24493,305,0.012452537459682358,1152,285,0.24739583333333334,BBH,0.5,validation,discovery
536,0.4018304647233932,0.010896906288855444,0.9660428152807785,33532,566,0.016879398783251818,24493,337,0.013759033193157228,1152,305,0.2647569444444444,BBH,0.5,validation,discovery
537,0.24998384046054922,0.008422911547911551,0.969489042379606,33532,507,0.015119885482524156,24493,326,0.013309925284775242,1152,298,0.2586805555555556,BBH,0.5,validation,discovery
538,0.4634570726173579,0.012950109613245202,0.9674094225785894,33532,542,0.016163664559227006,24493,335,0.01367737720981505,1152,305,0.2647569444444444,BBH,0.5,validation,discovery
539,0.16837094364053842,0.0034211565461565504,0.9675876757043907,33532,541,0.01613384229989264,24493,322,0.013146613318090883,1152,301,0.2612847222222222,BBH,0.5,validation,discovery
540,0.32225921651819944,0.009754519129519135,0.9671717517441875,33532,545,0.01625313133723011,24493,332,0.01355489323480178,1152,302,0.2621527777777778,BBH,0.5,validation,discovery
541,0.4935969438029872,0.020460029835029835,0.9623589173475493,33532,628,0.018728378861982583,24493,394,0.01608622871840934,1152,342,0.296875,BBH,0.5,validation,discovery
542,0.2791263615044187,0.007088907088907088,0.9716280798892228,33532,472,0.014076106405821305,24493,280,0.011431837667905115,1152,259,0.2248263888888889,BBH,0.5,validation,discovery
543,0.31940125467046987,0.011481002106002109,0.9635472715195588,33532,607,0.018102111415960874,24493,394,0.01608622871840934,1152,345,0.2994791666666667,BBH,0.5,validation,discovery
544,0.4112969846661357,0.008741451802892479,0.9701426371742111,33532,497,0.014821662889180484,24493,322,0.013146613318090883,1152,289,0.2508680555555556,BBH,0.5,validation,discovery
545,0.5071361958085444,0.006909222534222534,0.9720440038494261,33532,465,0.013867350590480734,24493,295,0.01204425754297146,1152,272,0.2361111111111111,BBH,0.5,validation,discovery
546,0.2948160956685389,0.007970023595023594,0.9719251684322253,33532,465,0.013867350590480734,24493,288,0.011758461601273834,1152,270,0.234375,BBH,0.5,validation,discovery
547,0.518228488615979,0.010025726392251823,0.971390409054821,33532,476,0.014195395443158773,24493,301,0.012289225492998,1152,280,0.24305555555555555,BBH,0.5,validation,discovery
548,0.12322247706376016,0.005819113605130558,0.9689542830022017,33532,517,0.015418108075867827,24493,327,0.013350753276446331,1152,293,0.2543402777777778,BBH,0.5,validation,discovery
549,0.22568048263759027,0.006877413127413124,0.9696672955054073,33532,506,0.015090063223189789,24493,314,0.012819989384722166,1152,277,0.2404513888888889,BBH,0.5,validation,discovery
550,0.49097749711664096,0.013369301504894725,0.9723410923924286,33532,461,0.013748061553143266,24493,304,0.012411709468011269,1152,285,0.24739583333333334,BBH,0.5,validation,discovery
551,0.43156244966241425,0.0091227184977185,0.967112334035587,33532,548,0.01634259811523321,24493,339,0.013840689176499409,1152,305,0.2647569444444444,BBH,0.5,validation,discovery
552,0.42057361775488905,0.005116496641920376,0.9709150673860173,33532,483,0.014404151258499344,24493,274,0.011186869717878578,1152,251,0.21788194444444445,BBH,0.5,validation,discovery
553,0.42870858533656586,0.013162716287716272,0.9738265351074403,33532,435,0.01297268281044972,24493,276,0.011268525701220757,1152,264,0.22916666666666666,BBH,0.5,validation,discovery
554,0.1688048402727068,0.0038610038610038594,0.9701426371742111,33532,497,0.014821662889180484,24493,289,0.011799289592944923,1152,263,0.2282986111111111,BBH,0.5,validation,discovery
555,0.369461967272504,0.006759433878077942,0.9687760298764002,33532,520,0.015507574853870928,24493,309,0.012615849426366716,1152,282,0.24479166666666666,BBH,0.5,validation,discovery
556,0.3041512783406008,0.006756756756756757,0.9693107892538045,33532,511,0.015239174519861625,24493,324,0.013228269301433063,1152,305,0.2647569444444444,BBH,0.5,validation,discovery
557,0.2420515826726831,0.012863309738309738,0.9716874975978234,33532,471,0.014046284146486938,24493,288,0.011758461601273834,1152,271,0.23524305555555555,BBH,0.5,validation,discovery
558,0.4181730033199774,0.011921946296946298,0.963844360062561,33532,602,0.017953000119289037,24493,380,0.015514636835014086,1152,336,0.2916666666666667,BBH,0.5,validation,discovery
559,0.7442599379491849,0.01724398911898912,0.9697267132140078,33532,505,0.015060240963855422,24493,343,0.014004001143183767,1152,308,0.2673611111111111,BBH,0.5,validation,discovery
560,0.3780173666451014,0.004584942084942079,0.9700238017570101,33532,499,0.014881307407849218,24493,321,0.013105785326419794,1152,285,0.24739583333333334,BBH,0.5,validation,discovery
561,0.21533789508953544,0.004711082836082831,0.9745989653192465,33532,422,0.012584993439102946,24493,261,0.010656105826154411,1152,249,0.21614583333333334,BBH,0.5,validation,discovery
562,0.29502268288844363,0.005148996674420403,0.9658051444463766,33532,567,0.016909221042586187,24493,326,0.013309925284775242,1152,293,0.2543402777777778,BBH,0.5,validation,discovery
563,0.23848460056683846,0.004396648464445065,0.9681818527903956,33532,531,0.015835619706548967,24493,326,0.013309925284775242,1152,295,0.2560763888888889,BBH,0.5,validation,discovery
564,0.45588864936273304,0.010718510718510717,0.9664587392409819,33532,558,0.016640820708576882,24493,334,0.013636549218143959,1152,297,0.2578125,BBH,0.5,validation,discovery
565,0.6914488557518925,0.009263500788924522,0.9693702069624051,33532,509,0.01517953000119289,24493,330,0.0134732372514596,1152,297,0.2578125,BBH,0.5,validation,discovery
566,0.34438939587624245,0.008819162685688105,0.9649138788173697,33532,586,0.01747584396993916,24493,369,0.015065528926632099,1152,319,0.2769097222222222,BBH,0.5,validation,discovery
567,0.4672770889878667,0.009383589097572153,0.9683601059161969,33532,528,0.015746152928545868,24493,330,0.0134732372514596,1152,302,0.2621527777777778,BBH,0.5,validation,discovery
568,0.593452262847815,0.012668918918918925,0.9685383590419984,33532,524,0.015626863891208397,24493,331,0.01351406524313069,1152,304,0.2638888888888889,BBH,0.5,validation,discovery
569,0.6274093556688904,0.016384038259038256,0.9656863090291757,33532,573,0.01708815459859239,24493,376,0.015351324868329727,1152,327,0.2838541666666667,BBH,0.5,validation,discovery
570,0.37163779879444203,0.00783349935892308,0.9678847642473931,33532,536,0.015984731003220804,24493,340,0.013881517168170498,1152,306,0.265625,BBH,0.5,validation,discovery
571,0.48221521169791404,0.005293542634644318,0.969251371545204,33532,513,0.01529881903853036,24493,312,0.012738333401379986,1152,290,0.2517361111111111,BBH,0.5,validation,discovery
572,0.4804584970517523,0.006682113408808326,0.9681224350817951,33532,530,0.015805797447214602,24493,301,0.012289225492998,1152,278,0.24131944444444445,BBH,0.5,validation,discovery
573,0.28304624048357235,0.005802677677677674,0.969132536128003,33532,514,0.015328641297864726,24493,278,0.011350181684562937,1152,264,0.22916666666666666,BBH,0.5,validation,discovery
574,0.5174858114189347,0.010177058111380147,0.9661616506979795,33532,564,0.016819754264583084,24493,324,0.013228269301433063,1152,292,0.2534722222222222,BBH,0.5,validation,discovery
575,0.3861820428458936,0.011096811096811095,0.9693107892538045,33532,510,0.015209352260527258,24493,323,0.013187441309761972,1152,294,0.2552083333333333,BBH,0.5,validation,discovery
576,0.2768481645996071,0.005027689614554024,0.9717469153064239,33532,470,0.014016461887152571,24493,298,0.01216674151798473,1152,283,0.2456597222222222,BBH,0.5,validation,discovery
577,0.44022985783120777,0.011064839878399197,0.9644979548571664,33532,590,0.01759513300727663,24493,332,0.01355489323480178,1152,306,0.265625,BBH,0.5,validation,discovery
578,0.45235603573050426,0.008508467883467891,0.9661616506979795,33532,564,0.016819754264583084,24493,351,0.014330625076552484,1152,315,0.2734375,BBH,0.5,validation,discovery
579,0.413817020809674,0.013532941234212423,0.9677065111215918,33532,539,0.016074197781223907,24493,339,0.013840689176499409,1152,311,0.2699652777777778,BBH,0.5,validation,discovery
580,0.2758189951259045,0.00674346410575224,0.9718657507236248,33532,468,0.013956817368483837,24493,283,0.011554321642918385,1152,271,0.23524305555555555,BBH,0.5,validation,discovery
581,0.6395219964573684,0.014116795366795361,0.9615270694271427,33532,642,0.019145890492663725,24493,390,0.015922916751724983,1152,343,0.2977430555555556,BBH,0.5,validation,discovery
582,0.6070100171136256,0.011645533520533513,0.9650327142345705,33532,583,0.017386377191936062,24493,372,0.015188012901645368,1152,326,0.2829861111111111,BBH,0.5,validation,discovery
583,0.13180624202005753,0.006845603720603718,0.9691919538366035,33532,513,0.01529881903853036,24493,315,0.012860817376393255,1152,285,0.24739583333333334,BBH,0.5,validation,discovery
584,0.30045358958732715,0.005344327378225684,0.9720440038494261,33532,465,0.013867350590480734,24493,265,0.01081941779283877,1152,248,0.2152777777777778,BBH,0.5,validation,discovery
585,0.6259258119849311,0.009114705724875214,0.9663993215323814,33532,560,0.016700465227245616,24493,355,0.014493937043236843,1152,305,0.2647569444444444,BBH,0.5,validation,discovery
586,0.3170511926349939,0.010497104247104247,0.9624777527647501,33532,626,0.01866873434331385,24493,384,0.015677948801698444,1152,318,0.2760416666666667,BBH,0.5,validation,discovery
587,0.21083383612072384,0.007598060723060731,0.9665181569495823,33532,557,0.016610998449242513,24493,357,0.014575593026579023,1152,326,0.2829861111111111,BBH,0.5,validation,discovery
588,0.28670197197077235,0.009901779393304814,0.9675282579957903,33532,539,0.016074197781223907,24493,332,0.01355489323480178,1152,295,0.2560763888888889,BBH,0.5,validation,discovery
589,0.11815545938169093,0.005474305474305483,0.9685977767505989,33532,523,0.015597041631874031,24493,318,0.012983301351406525,1152,288,0.25,BBH,0.5,validation,discovery
590,0.35592942712553177,0.004314241602377201,0.9739453705246414,33532,434,0.012942860551115352,24493,274,0.011186869717878578,1152,262,0.22743055555555555,BBH,0.5,validation,discovery
591,0.18276248700172518,0.006378334503334507,0.9724005101010291,33532,459,0.013688417034474532,24493,275,0.011227697709549667,1152,257,0.2230902777777778,BBH,0.5,validation,discovery
592,0.2468637103257864,0.0044609950859950875,0.9721628392666272,33532,464,0.013837528331146367,24493,289,0.011799289592944923,1152,276,0.23958333333333334,BBH,0.5,validation,discovery
593,0.397312884897577,0.008658405268574766,0.9675876757043907,33532,539,0.016074197781223907,24493,341,0.013922345159841587,1152,314,0.2725694444444444,BBH,0.5,validation,discovery
594,0.7680357872014649,0.012871312871312875,0.9686571944591994,33532,522,0.015567219372539664,24493,313,0.012779161393051075,1152,290,0.2517361111111111,BBH,0.5,validation,discovery
595,0.47513488895992256,0.013867488443759634,0.9664587392409819,33532,560,0.016700465227245616,24493,378,0.015432980851671906,1152,337,0.2925347222222222,BBH,0.5,validation,discovery
596,0.3396419789017971,0.0107067191283293,0.9724005101010291,33532,460,0.0137182392938089,24493,275,0.011227697709549667,1152,261,0.2265625,BBH,0.5,validation,discovery
597,0.555417479779572,0.02288851351351352,0.9654486381947738,33532,576,0.01717762137659549,24493,381,0.015555464826685175,1152,332,0.2881944444444444,BBH,0.5,validation,discovery
598,0.4871202458287993,0.009949681824681816,0.9633096006851567,33532,610,0.018191578193963973,24493,345,0.014085657126525946,1152,321,0.2786458333333333,BBH,0.5,validation,discovery
599,0.26089652068117536,0.007240479115479108,0.9612299808841402,33532,648,0.019324824048669927,24493,388,0.015841260768382805,1152,348,0.3020833333333333,BBH,0.5,validation,discovery
600,0.2944151376377594,0.003702363077363069,0.9689542830022017,33532,516,0.01538828581653346,24493,307,0.012534193443024538,1152,293,0.2543402777777778,BBH,0.5,validation,discovery
601,0.5179493919953725,0.011355958230958231,0.969251371545204,33532,511,0.015239174519861625,24493,328,0.013391581268117422,1152,310,0.2690972222222222,BBH,0.5,validation,discovery
602,0.6094136225077561,0.010056931931931936,0.9738265351074403,33532,435,0.01297268281044972,24493,276,0.011268525701220757,1152,256,0.2222222222222222,BBH,0.5,validation,discovery
603,0.3258587094377048,0.00889509364085635,0.968478941333398,33532,525,0.015656686150542765,24493,316,0.012901645368064344,1152,291,0.2526041666666667,BBH,0.5,validation,discovery
604,0.5036134967333874,0.009686025311025314,0.9723410923924286,33532,460,0.0137182392938089,24493,278,0.011350181684562937,1152,256,0.2222222222222222,BBH,0.5,validation,discovery
605,0.3121196628669551,0.003912557037557029,0.9696078777968068,33532,506,0.015090063223189789,24493,302,0.012330053484669088,1152,286,0.2482638888888889,BBH,0.5,validation,discovery
606,0.2767930098075809,0.008962087087087092,0.9667558277839842,33532,554,0.016521531671239414,24493,316,0.012901645368064344,1152,290,0.2517361111111111,BBH,0.5,validation,discovery
607,0.26751925920726427,0.006718772343772354,0.9717469153064239,33532,468,0.013956817368483837,24493,285,0.011635977626260565,1152,266,0.2309027777777778,BBH,0.5,validation,discovery
608,0.20307840627459967,0.006571303446303442,0.9723410923924286,33532,461,0.013748061553143266,24493,275,0.011227697709549667,1152,263,0.2282986111111111,BBH,0.5,validation,discovery
609,0.5591050294808776,0.008726908726908728,0.9699049663398093,33532,501,0.014940951926517954,24493,327,0.013350753276446331,1152,296,0.2569444444444444,BBH,0.5,validation,discovery
610,0.3312677124189917,0.011323011323011325,0.9702020548828116,33532,496,0.014791840629846117,24493,338,0.013799861184828318,1152,310,0.2690972222222222,BBH,0.5,validation,discovery
611,0.5176651229985356,0.011099289224289224,0.969132536128003,33532,513,0.01529881903853036,24493,322,0.013146613318090883,1152,301,0.2612847222222222,BBH,0.5,validation,discovery
612,0.5300531421172102,0.008774399399399401,0.9667558277839842,33532,553,0.016491709411905045,24493,363,0.01482056097660556,1152,320,0.2777777777777778,BBH,0.5,validation,discovery
613,0.35694746148981316,0.009427650052650054,0.9681818527903956,33532,529,0.015775975187880233,24493,325,0.013269097293104153,1152,286,0.2482638888888889,BBH,0.5,validation,discovery
614,0.4410235313089849,0.011584311584311587,0.9661616506979795,33532,565,0.016849576523917453,24493,363,0.01482056097660556,1152,321,0.2786458333333333,BBH,0.5,validation,discovery
615,0.34045514700954416,0.006279615654615652,0.9704397257172135,33532,493,0.014702373851843016,24493,296,0.012085085534642551,1152,281,0.2439236111111111,BBH,0.5,validation,discovery
616,0.4712908948038125,0.009015484915908634,0.9710933205118187,33532,479,0.014284862221161876,24493,290,0.011840117584616013,1152,273,0.23697916666666666,BBH,0.5,validation,discovery
617,0.2582482742719685,0.007634867009867007,0.9693107892538045,33532,510,0.015209352260527258,24493,310,0.012656677418037807,1152,289,0.2508680555555556,BBH,0.5,validation,discovery
618,0.661724586055565,0.013049534924534924,0.9702614725914122,33532,495,0.01476201837051175,24493,306,0.012493365451353449,1152,281,0.2439236111111111,BBH,0.5,validation,discovery
619,0.5028777010153836,0.019106484731484734,0.9647950434001686,33532,585,0.017446021710604796,24493,380,0.015514636835014086,1152,342,0.296875,BBH,0.5,validation,discovery
620,0.4234317582069255,0.011221042471042464,0.9679441819559936,33532,534,0.01592508648455207,24493,332,0.01355489323480178,1152,297,0.2578125,BBH,0.5,validation,discovery
621,0.11239144005709073,0.0020951263006347707,0.9717469153064239,33532,470,0.014016461887152571,24493,287,0.011717633609602743,1152,265,0.2300347222222222,BBH,0.5,validation,discovery
622,0.3786930114755056,0.01250429454878607,0.965092131943171,33532,583,0.017386377191936062,24493,358,0.014616421018250112,1152,311,0.2699652777777778,BBH,0.5,validation,discovery
623,0.3767697464184335,0.0067577792683724885,0.9699643840484097,33532,498,0.01485148514851485,24493,295,0.01204425754297146,1152,278,0.24131944444444445,BBH,0.5,validation,discovery
624,0.42298428407271565,0.009638250263250254,0.967231169452788,33532,545,0.01625313133723011,24493,330,0.0134732372514596,1152,294,0.2552083333333333,BBH,0.5,validation,discovery
625,0.1193709819799745,0.0038543007293007263,0.9702020548828116,33532,496,0.014791840629846117,24493,271,0.011064385742865309,1152,258,0.22395833333333334,BBH,0.5,validation,discovery
626,0.22500396921422017,0.00844287841109875,0.9711527382204193,33532,481,0.01434450673983061,24493,286,0.011676805617931654,1152,271,0.23524305555555555,BBH,0.5,validation,discovery
627,0.6099066060351213,0.010780870155870152,0.9705585611344144,33532,490,0.014612907073839915,24493,285,0.011635977626260565,1152,263,0.2282986111111111,BBH,0.5,validation,discovery
628,0.4147967142352714,0.013716993325044176,0.9686571944591994,33532,523,0.015597041631874031,24493,320,0.013064957334748703,1152,299,0.2595486111111111,BBH,0.5,validation,discovery
629,0.30597259745184885,0.011882458757458761,0.964082030896963,33532,600,0.017893355600620303,24493,373,0.015228840893316458,1152,331,0.2873263888888889,BBH,0.5,validation,discovery
630,0.2917677939726902,0.005733371358371355,0.9691919538366035,33532,513,0.01529881903853036,24493,340,0.013881517168170498,1152,308,0.2673611111111111,BBH,0.5,validation,discovery
631,0.5594059668108888,0.012166184041184039,0.9649138788173697,33532,585,0.017446021710604796,24493,353,0.014412281059894665,1152,309,0.2682291666666667,BBH,0.5,validation,discovery
632,0.6251306477276136,0.011410802035802043,0.9679441819559936,33532,534,0.01592508648455207,24493,350,0.014289797084881395,1152,316,0.2743055555555556,BBH,0.5,validation,discovery
633,0.5999108388876484,0.016425719550719555,0.9657457267377763,33532,571,0.017028510079923655,24493,382,0.015596292818356266,1152,334,0.2899305555555556,BBH,0.5,validation,discovery
634,0.17115606208024287,0.004011804011804008,0.9740047882332419,33532,431,0.01285339377311225,24493,268,0.01094190176785204,1152,255,0.22135416666666666,BBH,0.5,validation,discovery
635,0.3690408852412025,0.0034879034879034955,0.9725193455182299,33532,457,0.013628772515805798,24493,288,0.011758461601273834,1152,279,0.2421875,BBH,0.5,validation,discovery
636,0.4188396136442526,0.010617760617760626,0.9674688402871898,33532,541,0.01613384229989264,24493,333,0.01359572122647287,1152,307,0.2664930555555556,BBH,0.5,validation,discovery
637,0.4723051024401286,0.004169226044226051,0.9696672955054073,33532,505,0.015060240963855422,24493,300,0.01224839750132691,1152,284,0.2465277777777778,BBH,0.5,validation,discovery
638,0.6255277139370045,0.012045527670527675,0.9708556496774168,33532,484,0.014433973517833711,24493,311,0.012697505409708897,1152,272,0.2361111111111111,BBH,0.5,validation,discovery
639,0.29243452824767263,0.005176976310450884,0.9722816746838282,33532,462,0.013777883812477633,24493,287,0.011717633609602743,1152,271,0.23524305555555555,BBH,0.5,validation,discovery
640,0.19175454127453054,0.0071645715713512265,0.9688354475850007,33532,520,0.015507574853870928,24493,306,0.012493365451353449,1152,277,0.2404513888888889,BBH,0.5,validation,discovery
641,0.48483801197133525,0.004269894894894896,0.9731729403128353,33532,445,0.01327090540379339,24493,251,0.010247825909443514,1152,242,0.21006944444444445,BBH,0.5,validation,discovery
642,0.3303710984427234,0.008442878411098757,0.9712715736376201,33532,477,0.01422521770249314,24493,274,0.011186869717878578,1152,260,0.22569444444444445,BBH,0.5,validation,discovery
643,0.2526641884888056,0.009978281853281847,0.9696672955054073,33532,506,0.015090063223189789,24493,328,0.013391581268117422,1152,306,0.265625,BBH,0.5,validation,discovery
644,0.5202480865546634,0.017495173745173738,0.9666369923667832,33532,555,0.01655135393057378,24493,336,0.01371820520148614,1152,296,0.2569444444444444,BBH,0.5,validation,discovery
645,0.37250410822477714,0.011233108108108111,0.9731729403128353,33532,447,0.013330549922462126,24493,264,0.01077858980116768,1152,252,0.21875,BBH,0.5,validation,discovery
646,0.8374617776350836,0.010184210184210188,0.9687166121677997,33532,520,0.015507574853870928,24493,287,0.011717633609602743,1152,268,0.2326388888888889,BBH,0.5,validation,discovery
647,0.31564534976469555,0.008069438577913163,0.9677065111215918,33532,537,0.016014553262555173,24493,334,0.013636549218143959,1152,299,0.2595486111111111,BBH,0.5,validation,discovery
648,0.4116394025840816,0.012761967475950528,0.9688354475850007,33532,519,0.015477752594536561,24493,302,0.012330053484669088,1152,278,0.24131944444444445,BBH,0.5,validation,discovery
649,0.45760228773917105,0.009291637416637424,0.967350004869989,33532,544,0.01622330907789574,24493,313,0.012779161393051075,1152,289,0.2508680555555556,BBH,0.5,validation,discovery
650,0.19219064308590156,0.007334210724041234,0.9677659288301923,33532,537,0.016014553262555173,24493,328,0.013391581268117422,1152,297,0.2578125,BBH,0.5,validation,discovery
651,0.40857235632365974,0.011259972276921429,0.9684195236247974,33532,526,0.015686508409877134,24493,325,0.013269097293104153,1152,293,0.2543402777777778,BBH,0.5,validation,discovery
652,0.17392795815694106,0.0058255089505089485,0.9714498267634215,33532,476,0.014195395443158773,24493,274,0.011186869717878578,1152,261,0.2265625,BBH,0.5,validation,discovery
653,0.8064892381986846,0.0122376841126841,0.9686571944591994,33532,520,0.015507574853870928,24493,306,0.012493365451353449,1152,284,0.2465277777777778,BBH,0.5,validation,discovery
654,0.5594489350221905,0.011641181132706548,0.9655674736119748,33532,573,0.01708815459859239,24493,349,0.014248969093210304,1152,317,0.2751736111111111,BBH,0.5,validation,discovery
655,0.2630755296756373,0.004836126711126708,0.9720440038494261,33532,464,0.013837528331146367,24493,305,0.012452537459682358,1152,280,0.24305555555555555,BBH,0.5,validation,discovery
656,0.5537354004044093,0.0038610038610038654,0.970380308008613,33532,492,0.014672551592508649,24493,303,0.01237088147634018,1152,280,0.24305555555555555,BBH,0.5,validation,discovery
657,0.276538059963745,0.008555771267635667,0.9710339028032182,33532,483,0.014404151258499344,24493,296,0.012085085534642551,1152,276,0.23958333333333334,BBH,0.5,validation,discovery
658,0.22954052651467793,0.00656240656240657,0.967231169452788,33532,544,0.01622330907789574,24493,320,0.013064957334748703,1152,292,0.2534722222222222,BBH,0.5,validation,discovery
659,0.2720669025078619,0.004215294840294842,0.9718063330150244,33532,470,0.014016461887152571,24493,278,0.011350181684562937,1152,261,0.2265625,BBH,0.5,validation,discovery
660,0.22508496730802807,0.005363717228124008,0.9688354475850007,33532,519,0.015477752594536561,24493,303,0.01237088147634018,1152,281,0.2439236111111111,BBH,0.5,validation,discovery
661,0.435231032369926,0.012538390663390672,0.9713309913462206,33532,476,0.014195395443158773,24493,320,0.013064957334748703,1152,290,0.2517361111111111,BBH,0.5,validation,discovery
662,0.4997349861621328,0.008060008060008055,0.9698455486312088,33532,503,0.015000596445186688,24493,324,0.013228269301433063,1152,291,0.2526041666666667,BBH,0.5,validation,discovery
663,0.35736185729886893,0.009827359138799816,0.9691919538366035,33532,514,0.015328641297864726,24493,314,0.012819989384722166,1152,284,0.2465277777777778,BBH,0.5,validation,discovery
664,0.44559190261985426,0.013282047180352259,0.9685383590419984,33532,525,0.015656686150542765,24493,327,0.013350753276446331,1152,308,0.2673611111111111,BBH,0.5,validation,discovery
665,0.44446604846342574,0.007925336050336058,0.9737671173988399,33532,437,0.013032327329118455,24493,271,0.011064385742865309,1152,260,0.22569444444444445,BBH,0.5,validation,discovery
666,0.32789476412274277,0.004511451386451398,0.9748366361536485,33532,418,0.012465704401765478,24493,268,0.01094190176785204,1152,253,0.21961805555555555,BBH,0.5,validation,discovery
667,0.24998102723403454,0.0073008073008073,0.9725787632268305,33532,456,0.01359895025647143,24493,269,0.010982729759523129,1152,254,0.2204861111111111,BBH,0.5,validation,discovery
668,0.3027420274856146,0.0037403474903474933,0.969251371545204,33532,512,0.015268996779195992,24493,321,0.013105785326419794,1152,297,0.2578125,BBH,0.5,validation,discovery
669,0.3201386558045835,0.011245620620620626,0.9701426371742111,33532,497,0.014821662889180484,24493,303,0.01237088147634018,1152,281,0.2439236111111111,BBH,0.5,validation,discovery
670,0.533384468806092,0.011924871299871288,0.9710339028032182,33532,480,0.014314684480496243,24493,299,0.01220756950965582,1152,273,0.23697916666666666,BBH,0.5,validation,discovery
671,0.5666491839173692,0.0125361969111969,0.96497329652597,33532,584,0.017416199451270428,24493,339,0.013840689176499409,1152,308,0.2673611111111111,BBH,0.5,validation,discovery
672,0.4449884430129097,0.010816620191620179,0.9653892204861733,33532,576,0.01717762137659549,24493,347,0.014167313109868126,1152,306,0.265625,BBH,0.5,validation,discovery
673,0.3492689670937715,0.01072635135135135,0.9709744850946177,33532,484,0.014433973517833711,24493,330,0.0134732372514596,1152,286,0.2482638888888889,BBH,0.5,validation,discovery
674,0.17938056335759833,0.004928877810233749,0.9728758517698328,33532,450,0.013420016700465227,24493,297,0.01212591352631364,1152,276,0.23958333333333334,BBH,0.5,validation,discovery
675,0.2484244145234389,0.007681423306423304,0.9662804861151804,33532,561,0.016730287486579985,24493,344,0.014044829134854856,1152,320,0.2777777777777778,BBH,0.5,validation,discovery
676,0.41522347015409306,0.006284003159003156,0.9702020548828116,33532,496,0.014791840629846117,24493,311,0.012697505409708897,1152,293,0.2543402777777778,BBH,0.5,validation,discovery
677,0.45254261285162833,0.009651297786891003,0.9720440038494261,33532,465,0.013867350590480734,24493,291,0.011880945576287102,1152,269,0.23350694444444445,BBH,0.5,validation,discovery
678,0.33305359801475,0.005875124519192315,0.9652703850689724,33532,578,0.017237265895264225,24493,330,0.0134732372514596,1152,299,0.2595486111111111,BBH,0.5,validation,discovery
679,0.5257370438348912,0.01288280975780976,0.9703208903000126,33532,494,0.014732196111177383,24493,319,0.013024129343077614,1152,299,0.2595486111111111,BBH,0.5,validation,discovery
680,0.1854994856494711,0.009290540540540536,0.9700238017570101,33532,499,0.014881307407849218,24493,312,0.012738333401379986,1152,278,0.24131944444444445,BBH,0.5,validation,discovery
681,0.5228100248435804,0.012867412867412872,0.9646762079829676,33532,588,0.017535488488607896,24493,360,0.014698077001592291,1152,317,0.2751736111111111,BBH,0.5,validation,discovery
682,0.6043818334595252,0.008908462033462038,0.9650327142345705,33532,584,0.017416199451270428,24493,339,0.013840689176499409,1152,305,0.2647569444444444,BBH,0.5,validation,discovery
683,0.143222939303366,0.005413896038896051,0.9681224350817951,33532,531,0.015835619706548967,24493,334,0.013636549218143959,1152,295,0.2560763888888889,BBH,0.5,validation,discovery
684,0.6840038336848783,0.01122104247104247,0.9722816746838282,33532,462,0.013777883812477633,24493,297,0.01212591352631364,1152,271,0.23524305555555555,BBH,0.5,validation,discovery
685,0.28177441647942125,0.014271454896454894,0.9681224350817951,33532,531,0.015835619706548967,24493,339,0.013840689176499409,1152,310,0.2690972222222222,BBH,0.5,validation,discovery
686,0.36267945616108416,0.008269051436424316,0.9702020548828116,33532,497,0.014821662889180484,24493,311,0.012697505409708897,1152,284,0.2465277777777778,BBH,0.5,validation,discovery
687,0.30366954342184727,0.010780870155870158,0.9713309913462206,33532,476,0.014195395443158773,24493,298,0.01216674151798473,1152,280,0.24305555555555555,BBH,0.5,validation,discovery
688,0.4897929948241283,0.008900963614946664,0.9704991434258139,33532,491,0.014642729333174282,24493,294,0.012003429551300371,1152,274,0.2378472222222222,BBH,0.5,validation,discovery
689,0.45804207289436555,0.005550193050193052,0.9714498267634215,33532,475,0.014165573183824406,24493,289,0.011799289592944923,1152,279,0.2421875,BBH,0.5,validation,discovery
690,0.4359056014821899,0.012668918918918916,0.9686571944591994,33532,521,0.015537397113205297,24493,300,0.01224839750132691,1152,275,0.2387152777777778,BBH,0.5,validation,discovery
691,0.2975548953487925,0.01170143357643357,0.9698455486312088,33532,503,0.015000596445186688,24493,306,0.012493365451353449,1152,291,0.2526041666666667,BBH,0.5,validation,discovery
692,0.1789460040127718,0.0034694190944190876,0.9718657507236248,33532,468,0.013956817368483837,24493,281,0.011472665659576206,1152,258,0.22395833333333334,BBH,0.5,validation,discovery
693,0.3444616904127795,0.009278474903474904,0.963844360062561,33532,602,0.017953000119289037,24493,399,0.01629036867676479,1152,348,0.3020833333333333,BBH,0.5,validation,discovery
694,0.6129160035841527,0.013579813579813579,0.9651515496517714,33532,580,0.01729691041393296,24493,380,0.015514636835014086,1152,336,0.2916666666666667,BBH,0.5,validation,discovery
695,0.39726849295442773,0.010557432432432429,0.9676470934129913,33532,539,0.016074197781223907,24493,333,0.01359572122647287,1152,306,0.265625,BBH,0.5,validation,discovery
696,0.4502820007197901,0.01719572657072657,0.9713309913462206,33532,477,0.01422521770249314,24493,331,0.01351406524313069,1152,307,0.2664930555555556,BBH,0.5,validation,discovery
697,0.3088265241722317,0.010156607879065497,0.9678253465387928,33532,537,0.016014553262555173,24493,333,0.01359572122647287,1152,301,0.2612847222222222,BBH,0.5,validation,discovery
698,0.5205479330989842,0.007263960388960382,0.9690731184194027,33532,515,0.015358463557199093,24493,331,0.01351406524313069,1152,296,0.2569444444444444,BBH,0.5,validation,discovery
699,0.23587414901164094,0.002422330017669006,0.9714498267634215,33532,476,0.014195395443158773,24493,296,0.012085085534642551,1152,281,0.2439236111111111,BBH,0.5,validation,discovery
700,0.44427593172657076,0.01220640283140283,0.9695484600882064,33532,508,0.015149707741858523,24493,301,0.012289225492998,1152,279,0.2421875,BBH,0.5,validation,discovery
701,0.44544985612398924,0.006219938158497475,0.970736814260216,33532,486,0.014493618036502445,24493,282,0.011513493651247295,1152,258,0.22395833333333334,BBH,0.5,validation,discovery
702,0.25807294586302,0.005906919466241504,0.968478941333398,33532,526,0.015686508409877134,24493,314,0.012819989384722166,1152,287,0.24913194444444445,BBH,0.5,validation,discovery
703,0.3080618494771733,0.008739406779661018,0.9686571944591994,33532,520,0.015507574853870928,24493,330,0.0134732372514596,1152,303,0.2630208333333333,BBH,0.5,validation,discovery
704,0.3309073516771592,0.0040828888816176944,0.9712715736376201,33532,478,0.014255039961827509,24493,283,0.011554321642918385,1152,265,0.2300347222222222,BBH,0.5,validation,discovery
705,0.3380696182396067,0.011442245817245802,0.9685383590419984,33532,525,0.015656686150542765,24493,319,0.013024129343077614,1152,299,0.2595486111111111,BBH,0.5,validation,discovery
706,0.21655881948376668,0.004469398272364375,0.9693702069624051,33532,511,0.015239174519861625,24493,276,0.011268525701220757,1152,257,0.2230902777777778,BBH,0.5,validation,discovery
707,0.2758748370220472,0.007516482887245598,0.970380308008613,33532,493,0.014702373851843016,24493,327,0.013350753276446331,1152,304,0.2638888888888889,BBH,0.5,validation,discovery
708,0.37991760487884796,0.011674052299052294,0.9737671173988399,33532,437,0.013032327329118455,24493,287,0.011717633609602743,1152,265,0.2300347222222222,BBH,0.5,validation,discovery
709,0.21497664607703315,0.008567624828218054,0.9698455486312088,33532,502,0.01497077418585232,24493,299,0.01220756950965582,1152,277,0.2404513888888889,BBH,0.5,validation,discovery
710,0.456991779231301,0.01795695858195858,0.9633096006851567,33532,612,0.01825122271263271,24493,392,0.01600457273506716,1152,328,0.2847222222222222,BBH,0.5,validation,discovery
711,0.47250872057906607,0.008662680537680533,0.9656268913205752,33532,573,0.01708815459859239,24493,355,0.014493937043236843,1152,319,0.2769097222222222,BBH,0.5,validation,discovery
712,0.24756509294011508,0.011395445770445772,0.9707962319688163,33532,485,0.014463795777168078,24493,288,0.011758461601273834,1152,270,0.234375,BBH,0.5,validation,discovery
713,0.4545814547301177,0.012602212602212594,0.965329802777573,33532,578,0.017237265895264225,24493,367,0.014983872943289919,1152,316,0.2743055555555556,BBH,0.5,validation,discovery
714,0.4347495790249621,0.010135135135135129,0.9693702069624051,33532,510,0.015209352260527258,24493,328,0.013391581268117422,1152,291,0.2526041666666667,BBH,0.5,validation,discovery
715,0.21121234851185883,0.007111568287415732,0.968478941333398,33532,526,0.015686508409877134,24493,357,0.014575593026579023,1152,310,0.2690972222222222,BBH,0.5,validation,discovery
716,0.43512562907605984,0.0028220184470184474,0.9714498267634215,33532,476,0.014195395443158773,24493,292,0.011921773567958193,1152,270,0.234375,BBH,0.5,validation,discovery
717,0.6413206739412668,0.010817112512027766,0.9709150673860173,33532,483,0.014404151258499344,24493,307,0.012534193443024538,1152,289,0.2508680555555556,BBH,0.5,validation,discovery
718,0.38258204557748127,0.015822437697437693,0.9644979548571664,33532,591,0.017624955266611,24493,392,0.01600457273506716,1152,342,0.296875,BBH,0.5,validation,discovery
719,0.2500290331613722,0.0066458049508897,0.9690731184194027,33532,515,0.015358463557199093,24493,301,0.012289225492998,1152,281,0.2439236111111111,BBH,0.5,validation,discovery
720,0.19027550179387284,0.009414487539487542,0.9717469153064239,33532,470,0.014016461887152571,24493,276,0.011268525701220757,1152,265,0.2300347222222222,BBH,0.5,validation,discovery
721,0.147922712933395,0.006160178035178033,0.9738265351074403,33532,435,0.01297268281044972,24493,279,0.011391009676234026,1152,267,0.23177083333333334,BBH,0.5,validation,discovery
722,0.42160580712103707,0.006548921803159095,0.9703208903000126,33532,495,0.01476201837051175,24493,300,0.01224839750132691,1152,276,0.23958333333333334,BBH,0.5,validation,discovery
723,0.4700644150789439,0.009913931788931796,0.9694296246710055,33532,509,0.01517953000119289,24493,309,0.012615849426366716,1152,294,0.2552083333333333,BBH,0.5,validation,discovery
724,0.47712765867098433,0.011093228519075984,0.9675876757043907,33532,540,0.016104020040558272,24493,328,0.013391581268117422,1152,288,0.25,BBH,0.5,validation,discovery
725,0.5979172383111471,0.012220012220012214,0.9704991434258139,33532,492,0.014672551592508649,24493,309,0.012615849426366716,1152,279,0.2421875,BBH,0.5,validation,discovery
726,0.555564608914686,0.009904994279994282,0.9707962319688163,33532,485,0.014463795777168078,24493,314,0.012819989384722166,1152,283,0.2456597222222222,BBH,0.5,validation,discovery
727,0.6454777255545358,0.012805215930215922,0.9680630173731946,33532,532,0.015865441965883336,24493,337,0.013759033193157228,1152,305,0.2647569444444444,BBH,0.5,validation,discovery
728,0.4204827460248409,0.006843670244093981,0.9703208903000126,33532,494,0.014732196111177383,24493,297,0.01212591352631364,1152,270,0.234375,BBH,0.5,validation,discovery
729,0.09512336414095682,0.0031460031460031363,0.9687760298764002,33532,519,0.015477752594536561,24493,306,0.012493365451353449,1152,283,0.2456597222222222,BBH,0.5,validation,discovery
730,0.5163264714644498,0.012746797121797125,0.9678253465387928,33532,536,0.015984731003220804,24493,345,0.014085657126525946,1152,315,0.2734375,BBH,0.5,validation,discovery
731,0.29265619902779066,0.003339987714987714,0.9676470934129913,33532,539,0.016074197781223907,24493,342,0.013963173151512676,1152,312,0.2708333333333333,BBH,0.5,validation,discovery
732,0.4609499915254462,0.008204633204633206,0.971509244472022,33532,474,0.014135750924490039,24493,302,0.012330053484669088,1152,286,0.2482638888888889,BBH,0.5,validation,discovery
733,0.3502489267715341,0.010281019656019658,0.9699049663398093,33532,500,0.014911129667183587,24493,283,0.011554321642918385,1152,273,0.23697916666666666,BBH,0.5,validation,discovery
734,0.4050715065607009,0.010691495066495072,0.9725787632268305,33532,453,0.013509483478468328,24493,276,0.011268525701220757,1152,259,0.2248263888888889,BBH,0.5,validation,discovery
735,0.29451654545287387,0.009893822393822391,0.965092131943171,33532,581,0.017326732673267328,24493,374,0.015269668884987547,1152,332,0.2881944444444444,BBH,0.5,validation,discovery
736,0.6921688652494385,0.00551220863720865,0.9701426371742111,33532,495,0.01476201837051175,24493,310,0.012656677418037807,1152,280,0.24305555555555555,BBH,0.5,validation,discovery
737,0.22341201277007341,0.00375598813098813,0.9723410923924286,33532,461,0.013748061553143266,24493,285,0.011635977626260565,1152,275,0.2387152777777778,BBH,0.5,validation,discovery
738,0.17794840957526953,0.007093163078332573,0.9710339028032182,33532,482,0.014374328999164977,24493,299,0.01220756950965582,1152,285,0.24739583333333334,BBH,0.5,validation,discovery
739,0.29853064598323453,0.007239382239382236,0.9685977767505989,33532,523,0.015597041631874031,24493,321,0.013105785326419794,1152,300,0.2604166666666667,BBH,0.5,validation,discovery
740,0.3389275704906385,0.006394787644787644,0.969132536128003,33532,515,0.015358463557199093,24493,301,0.012289225492998,1152,281,0.2439236111111111,BBH,0.5,validation,discovery
741,0.3916240974118005,0.005145445770445775,0.9649138788173697,33532,585,0.017446021710604796,24493,346,0.014126485118197037,1152,312,0.2708333333333333,BBH,0.5,validation,discovery
742,0.3549722277961462,0.0077410450291806225,0.966102232989379,33532,565,0.016849576523917453,24493,348,0.014208141101539215,1152,296,0.2569444444444444,BBH,0.5,validation,discovery
743,0.1547844665354878,0.0049417986388325405,0.9698455486312088,33532,503,0.015000596445186688,24493,317,0.012942473359735435,1152,296,0.2569444444444444,BBH,0.5,validation,discovery
744,0.17895547211671017,0.006555321968457559,0.9675282579957903,33532,542,0.016163664559227006,24493,333,0.01359572122647287,1152,306,0.265625,BBH,0.5,validation,discovery
745,0.5627000288674868,0.01758402070902071,0.9642602840227643,33532,595,0.017744244303948466,24493,382,0.015596292818356266,1152,321,0.2786458333333333,BBH,0.5,validation,discovery
746,0.5492751624472446,0.008029783718343043,0.969251371545204,33532,513,0.01529881903853036,24493,304,0.012411709468011269,1152,283,0.2456597222222222,BBH,0.5,validation,discovery
747,0.7708335004765341,0.02710929273429273,0.9601010444207313,33532,665,0.019831802457354167,24493,416,0.016984444535173313,1152,360,0.3125,BBH,0.5,validation,discovery
748,0.2689012372810665,0.009818137943137937,0.9712121559290195,33532,479,0.014284862221161876,24493,296,0.012085085534642551,1152,267,0.23177083333333334,BBH,0.5,validation,discovery
749,0.5317082016233895,0.010215207090207097,0.9670529163269865,33532,550,0.016402242633901946,24493,321,0.013105785326419794,1152,297,0.2578125,BBH,0.5,validation,discovery
750,0.39738125169879085,0.008339530373428676,0.969132536128003,33532,514,0.015328641297864726,24493,313,0.012779161393051075,1152,286,0.2482638888888889,BBH,0.5,validation,discovery
751,0.2845356907853011,0.00847117409617409,0.9747772184450479,33532,420,0.012525348920434212,24493,272,0.011105213734536398,1152,253,0.21961805555555555,BBH,0.5,validation,discovery
752,0.5048530573503838,0.005185989560989558,0.9738859528160408,33532,434,0.012942860551115352,24493,269,0.010982729759523129,1152,255,0.22135416666666666,BBH,0.5,validation,discovery
753,0.3311033946078974,0.010208869583869587,0.964082030896963,33532,598,0.01783371108195157,24493,365,0.01490221695994774,1152,321,0.2786458333333333,BBH,0.5,validation,discovery
754,0.2631610179898226,0.007067172692172708,0.9683601059161969,33532,528,0.015746152928545868,24493,335,0.01367737720981505,1152,296,0.2569444444444444,BBH,0.5,validation,discovery
755,0.5267309858199944,0.011845611845611845,0.9690137007108022,33532,516,0.01538828581653346,24493,313,0.012779161393051075,1152,285,0.24739583333333334,BBH,0.5,validation,discovery
756,0.32744394285841966,0.004506738881738879,0.9695484600882064,33532,507,0.015119885482524156,24493,304,0.012411709468011269,1152,278,0.24131944444444445,BBH,0.5,validation,discovery
757,0.3382500330048611,0.010232757107757107,0.965329802777573,33532,579,0.01726708815459859,24493,348,0.014208141101539215,1152,318,0.2760416666666667,BBH,0.5,validation,discovery
758,0.5577251455221497,0.016072525447525448,0.9648544611087692,33532,586,0.01747584396993916,24493,383,0.015637120810027355,1152,335,0.2907986111111111,BBH,0.5,validation,discovery
759,0.20481937145655024,0.0058079589329589265,0.9661616506979795,33532,564,0.016819754264583084,24493,316,0.012901645368064344,1152,295,0.2560763888888889,BBH,0.5,validation,discovery
760,0.20528346006181922,0.008206753969465838,0.969489042379606,33532,508,0.015149707741858523,24493,319,0.013024129343077614,1152,292,0.2534722222222222,BBH,0.5,validation,discovery
761,0.44633456894715257,0.009853944440808844,0.9715686621806225,33532,473,0.014105928665155672,24493,301,0.012289225492998,1152,272,0.2361111111111111,BBH,0.5,validation,discovery
762,0.37459996766765036,0.003911703911703924,0.9702614725914122,33532,495,0.01476201837051175,24493,283,0.011554321642918385,1152,269,0.23350694444444445,BBH,0.5,validation,discovery
763,0.7364000735848102,0.00822474259974261,0.9712715736376201,33532,478,0.014255039961827509,24493,294,0.012003429551300371,1152,274,0.2378472222222222,BBH,0.5,validation,discovery
764,0.5365427314918652,0.006350175841701259,0.963844360062561,33532,601,0.01792317785995467,24493,376,0.015351324868329727,1152,329,0.2855902777777778,BBH,0.5,validation,discovery
765,0.19716994793885895,0.006700206700206705,0.9728164340612324,33532,453,0.013509483478468328,24493,277,0.011309353692891847,1152,262,0.22743055555555555,BBH,0.5,validation,discovery
766,0.2213143993617649,0.00670089732589733,0.9694296246710055,33532,508,0.015149707741858523,24493,296,0.012085085534642551,1152,277,0.2404513888888889,BBH,0.5,validation,discovery
767,0.44584923969261636,0.01928198490698491,0.9642602840227643,33532,595,0.017744244303948466,24493,379,0.015473808843342996,1152,325,0.2821180555555556,BBH,0.5,validation,discovery
768,0.18905606328956903,0.003137065637065631,0.9709150673860173,33532,485,0.014463795777168078,24493,292,0.011921773567958193,1152,275,0.2387152777777778,BBH,0.5,validation,discovery
769,0.6346554383865759,0.016322613197613207,0.9648544611087692,33532,585,0.017446021710604796,24493,393,0.01604540072673825,1152,327,0.2838541666666667,BBH,0.5,validation,discovery
770,0.13447755403738157,0.005551289926289926,0.9731729403128353,33532,445,0.01327090540379339,24493,290,0.011840117584616013,1152,261,0.2265625,BBH,0.5,validation,discovery
771,0.705804786694277,0.009909463034463033,0.9655674736119748,33532,575,0.017147799117261123,24493,366,0.01494304495161883,1152,335,0.2907986111111111,BBH,0.5,validation,discovery
772,0.32653848107890937,0.009172118547118555,0.9685383590419984,33532,524,0.015626863891208397,24493,326,0.013309925284775242,1152,309,0.2682291666666667,BBH,0.5,validation,discovery
773,0.622793328054714,0.011583011583011584,0.9665775746581828,33532,557,0.016610998449242513,24493,346,0.014126485118197037,1152,316,0.2743055555555556,BBH,0.5,validation,discovery
774,0.5493951276999552,0.01293034105534106,0.9674094225785894,33532,542,0.016163664559227006,24493,349,0.014248969093210304,1152,323,0.2803819444444444,BBH,0.5,validation,discovery
775,0.24629930714766515,0.007059271466051131,0.9687166121677997,33532,522,0.015567219372539664,24493,327,0.013350753276446331,1152,291,0.2526041666666667,BBH,0.5,validation,discovery
776,0.11833462095992885,0.006332306332306336,0.9718063330150244,33532,469,0.013986639627818204,24493,290,0.011840117584616013,1152,274,0.2378472222222222,BBH,0.5,validation,discovery
777,0.26907616409365626,0.006565547084614891,0.9710339028032182,33532,482,0.014374328999164977,24493,286,0.011676805617931654,1152,264,0.22916666666666666,BBH,0.5,validation,discovery
778,0.16219928089348834,0.006163346788346784,0.970380308008613,33532,493,0.014702373851843016,24493,303,0.01237088147634018,1152,286,0.2482638888888889,BBH,0.5,validation,discovery
779,0.4055792086283547,0.012174227799227803,0.9667558277839842,33532,555,0.01655135393057378,24493,348,0.014208141101539215,1152,315,0.2734375,BBH,0.5,validation,discovery
780,0.26218110755033874,0.006273806273806273,0.9693702069624051,33532,508,0.015149707741858523,24493,291,0.011880945576287102,1152,260,0.22569444444444445,BBH,0.5,validation,discovery
781,0.5588262597442061,0.0063947876447876485,0.9707962319688163,33532,485,0.014463795777168078,24493,279,0.011391009676234026,1152,256,0.2222222222222222,BBH,0.5,validation,discovery
782,0.5788037561323182,0.015564671814671806,0.9711527382204193,33532,480,0.014314684480496243,24493,298,0.01216674151798473,1152,269,0.23350694444444445,BBH,0.5,validation,discovery
783,0.3950604827539365,0.008877708877708876,0.9690731184194027,33532,514,0.015328641297864726,24493,311,0.012697505409708897,1152,284,0.2465277777777778,BBH,0.5,validation,discovery
784,0.2990752952540752,0.00880791505791505,0.9724005101010291,33532,460,0.0137182392938089,24493,261,0.010656105826154411,1152,240,0.20833333333333334,BBH,0.5,validation,discovery
785,0.6313131313131326,0.008325289575289573,0.9659833975721781,33532,566,0.016879398783251818,24493,375,0.015310496876658638,1152,339,0.2942708333333333,BBH,0.5,validation,discovery
786,0.5587590053255235,0.012425371800371805,0.9699643840484097,33532,501,0.014940951926517954,24493,311,0.012697505409708897,1152,286,0.2482638888888889,BBH,0.5,validation,discovery
787,0.507351083083921,0.006756756756756751,0.9674688402871898,33532,542,0.016163664559227006,24493,321,0.013105785326419794,1152,305,0.2647569444444444,BBH,0.5,validation,discovery
788,0.4804396062732376,0.0066919598169598235,0.9681818527903956,33532,531,0.015835619706548967,24493,331,0.01351406524313069,1152,306,0.265625,BBH,0.5,validation,discovery
789,0.7713524385886728,0.011221042471042466,0.9612893985927408,33532,647,0.01929500178933556,24493,395,0.016127056710080433,1152,323,0.2803819444444444,BBH,0.5,validation,discovery
790,0.753456395458898,0.02440000877500878,0.9646167902743672,33532,591,0.017624955266611,24493,393,0.01604540072673825,1152,345,0.2994791666666667,BBH,0.5,validation,discovery
791,0.2307188675926109,0.006547253422253423,0.9677065111215918,33532,537,0.016014553262555173,24493,321,0.013105785326419794,1152,298,0.2586805555555556,BBH,0.5,validation,discovery
792,0.26112416803865945,0.00542953667953668,0.9677065111215918,33532,539,0.016074197781223907,24493,320,0.013064957334748703,1152,303,0.2630208333333333,BBH,0.5,validation,discovery
793,0.6693892603520919,0.01573671886171886,0.966102232989379,33532,565,0.016849576523917453,24493,366,0.01494304495161883,1152,330,0.2864583333333333,BBH,0.5,validation,discovery
794,0.2128158717402408,0.004066528695765981,0.967350004869989,33532,544,0.01622330907789574,24493,303,0.01237088147634018,1152,278,0.24131944444444445,BBH,0.5,validation,discovery
795,0.3124225771642219,0.009006774631774638,0.9679441819559936,33532,534,0.01592508648455207,24493,340,0.013881517168170498,1152,301,0.2612847222222222,BBH,0.5,validation,discovery
796,0.45500789754272747,0.01061446998946998,0.969251371545204,33532,512,0.015268996779195992,24493,327,0.013350753276446331,1152,304,0.2638888888888889,BBH,0.5,validation,discovery
797,0.158609651899356,0.008161408161408167,0.9678847642473931,33532,535,0.015954908743886435,24493,312,0.012738333401379986,1152,297,0.2578125,BBH,0.5,validation,discovery
798,0.3111357732279346,0.006643778518778519,0.9725787632268305,33532,456,0.01359895025647143,24493,288,0.011758461601273834,1152,268,0.2326388888888889,BBH,0.5,validation,discovery
799,0.2353854794298527,0.008323093068855777,0.9704397257172135,33532,491,0.014642729333174282,24493,290,0.011840117584616013,1152,268,0.2326388888888889,BBH,0.5,validation,discovery
800,0.3984932358275648,0.015127018252018242,0.9679441819559936,33532,535,0.015954908743886435,24493,341,0.013922345159841587,1152,308,0.2673611111111111,BBH,0.5,validation,discovery
801,0.34613267742269227,0.006086565461565455,0.9680630173731946,33532,533,0.0158952642252177,24493,327,0.013350753276446331,1152,298,0.2586805555555556,BBH,0.5,validation,discovery
802,0.2625332686538551,0.006243531667260478,0.9702020548828116,33532,496,0.014791840629846117,24493,312,0.012738333401379986,1152,284,0.2465277777777778,BBH,0.5,validation,discovery
803,0.39942527602005173,0.005618209008039518,0.9664587392409819,33532,559,0.01667064296791125,24493,314,0.012819989384722166,1152,286,0.2482638888888889,BBH,0.5,validation,discovery
804,0.22051440286417348,0.00512330512330512,0.9715686621806225,33532,472,0.014076106405821305,24493,280,0.011431837667905115,1152,268,0.2326388888888889,BBH,0.5,validation,discovery
805,0.6144482045888667,0.013190474207423366,0.9642008663141639,33532,598,0.01783371108195157,24493,361,0.014738904993263382,1152,323,0.2803819444444444,BBH,0.5,validation,discovery
806,0.4604983590655877,0.002625393250393255,0.9680035996645941,33532,532,0.015865441965883336,24493,309,0.012615849426366716,1152,291,0.2526041666666667,BBH,0.5,validation,discovery
807,0.3615675998837649,0.012064540189540193,0.9722816746838282,33532,461,0.013748061553143266,24493,303,0.01237088147634018,1152,280,0.24305555555555555,BBH,0.5,validation,discovery
808,0.164366677646979,0.001864038675479358,0.9689542830022017,33532,517,0.015418108075867827,24493,310,0.012656677418037807,1152,286,0.2482638888888889,BBH,0.5,validation,discovery
809,0.42671048756680413,0.009806681681681691,0.9737076996902394,33532,438,0.013062149588452822,24493,286,0.011676805617931654,1152,269,0.23350694444444445,BBH,0.5,validation,discovery
810,0.3840568120451136,0.012549359424359422,0.9700832194656106,33532,499,0.014881307407849218,24493,305,0.012452537459682358,1152,286,0.2482638888888889,BBH,0.5,validation,discovery
811,0.45139597760059885,0.012693497068497069,0.9663993215323814,33532,561,0.016730287486579985,24493,330,0.0134732372514596,1152,300,0.2604166666666667,BBH,0.5,validation,discovery
812,0.16828399330415378,0.002144392769392772,0.9706179788430149,33532,488,0.014553262555171179,24493,298,0.01216674151798473,1152,282,0.24479166666666666,BBH,0.5,validation,discovery
813,0.4767745611763471,0.01480274917774918,0.9718657507236248,33532,467,0.01392699510914947,24493,294,0.012003429551300371,1152,275,0.2387152777777778,BBH,0.5,validation,discovery
814,0.4892447009199925,0.013742313742313743,0.9682412704989961,33532,530,0.015805797447214602,24493,338,0.013799861184828318,1152,318,0.2760416666666667,BBH,0.5,validation,discovery
815,0.41803947959021215,0.008250646227341143,0.9719845861408258,33532,466,0.013897172849815101,24493,275,0.011227697709549667,1152,267,0.23177083333333334,BBH,0.5,validation,discovery
816,0.7030359972862625,0.01107073326352987,0.9678253465387928,33532,536,0.015984731003220804,24493,301,0.012289225492998,1152,272,0.2361111111111111,BBH,0.5,validation,discovery
817,0.5518642341570787,0.008367212551534588,0.9688354475850007,33532,519,0.015477752594536561,24493,319,0.013024129343077614,1152,285,0.24739583333333334,BBH,0.5,validation,discovery
818,0.31063104437066097,0.004837767549631951,0.9691919538366035,33532,512,0.015268996779195992,24493,323,0.013187441309761972,1152,293,0.2543402777777778,BBH,0.5,validation,discovery
819,0.3667020020110832,0.00909858722358722,0.969132536128003,33532,515,0.015358463557199093,24493,303,0.01237088147634018,1152,275,0.2387152777777778,BBH,0.5,validation,discovery
820,0.6846325398850671,0.008229211354211348,0.9665775746581828,33532,556,0.016581176189908148,24493,317,0.012942473359735435,1152,290,0.2517361111111111,BBH,0.5,validation,discovery
821,0.5427585910229815,0.019854554229554233,0.9659833975721781,33532,567,0.016909221042586187,24493,373,0.015228840893316458,1152,333,0.2890625,BBH,0.5,validation,discovery
822,0.3105179812616251,0.009002062127062128,0.9669934986183861,33532,551,0.01643206489323631,24493,328,0.013391581268117422,1152,289,0.2508680555555556,BBH,0.5,validation,discovery
823,0.17019479978663243,0.006628904933989684,0.970380308008613,33532,492,0.014672551592508649,24493,281,0.011472665659576206,1152,265,0.2300347222222222,BBH,0.5,validation,discovery
824,0.3276309845801907,0.01116290803790804,0.9695484600882064,33532,506,0.015090063223189789,24493,333,0.01359572122647287,1152,304,0.2638888888888889,BBH,0.5,validation,discovery
825,0.3871381059582425,0.005347270972270984,0.9693107892538045,33532,508,0.015149707741858523,24493,313,0.012779161393051075,1152,292,0.2534722222222222,BBH,0.5,validation,discovery
826,0.5959866779077098,0.011629933504933503,0.9678253465387928,33532,535,0.015954908743886435,24493,326,0.013309925284775242,1152,301,0.2612847222222222,BBH,0.5,validation,discovery
827,0.23070329707861825,0.003861003861003866,0.9688948652936012,33532,518,0.015447930335202194,24493,303,0.01237088147634018,1152,284,0.2465277777777778,BBH,0.5,validation,discovery
828,0.36043582057118767,0.004705598455598452,0.9705585611344144,33532,489,0.014583084814505548,24493,291,0.011880945576287102,1152,272,0.2361111111111111,BBH,0.5,validation,discovery
829,0.3603039057791632,0.013113153738153738,0.9681818527903956,33532,530,0.015805797447214602,24493,328,0.013391581268117422,1152,296,0.2569444444444444,BBH,0.5,validation,discovery
830,0.31749436045707663,0.009652509652509654,0.973410611147237,33532,443,0.013211260885124657,24493,276,0.011268525701220757,1152,263,0.2282986111111111,BBH,0.5,validation,discovery
831,0.371322318436746,0.0054898648648648695,0.9740642059418424,33532,431,0.01285339377311225,24493,265,0.01081941779283877,1152,248,0.2152777777777778,BBH,0.5,validation,discovery
832,0.19711081307763836,0.006786409593612989,0.9707962319688163,33532,486,0.014493618036502445,24493,283,0.011554321642918385,1152,265,0.2300347222222222,BBH,0.5,validation,discovery
833,0.3476028552207565,0.0051381208690530755,0.9707962319688163,33532,487,0.014523440295836812,24493,320,0.013064957334748703,1152,298,0.2586805555555556,BBH,0.5,validation,discovery
834,0.12434027104962497,0.007004583275769718,0.969489042379606,33532,508,0.015149707741858523,24493,312,0.012738333401379986,1152,294,0.2552083333333333,BBH,0.5,validation,discovery
835,0.5011850419335124,0.012067912067912068,0.9684195236247974,33532,526,0.015686508409877134,24493,335,0.01367737720981505,1152,299,0.2595486111111111,BBH,0.5,validation,discovery
836,0.3101312585129181,0.010684670059670066,0.9688948652936012,33532,519,0.015477752594536561,24493,296,0.012085085534642551,1152,277,0.2404513888888889,BBH,0.5,validation,discovery
837,0.5906273679884133,0.0148389860254267,0.9688354475850007,33532,519,0.015477752594536561,24493,354,0.014453109051565754,1152,314,0.2725694444444444,BBH,0.5,validation,discovery
838,0.2205852031581734,0.006620762711864407,0.9688354475850007,33532,519,0.015477752594536561,24493,330,0.0134732372514596,1152,304,0.2638888888888889,BBH,0.5,validation,discovery
839,0.3875511204141863,0.014196867321867323,0.9676470934129913,33532,539,0.016074197781223907,24493,345,0.014085657126525946,1152,317,0.2751736111111111,BBH,0.5,validation,discovery
840,0.18318221993152223,0.009625209625209628,0.9686571944591994,33532,522,0.015567219372539664,24493,318,0.012983301351406525,1152,292,0.2534722222222222,BBH,0.5,validation,discovery
841,0.5078281981543857,0.008729711854711858,0.9680035996645941,33532,533,0.0158952642252177,24493,315,0.012860817376393255,1152,291,0.2526041666666667,BBH,0.5,validation,discovery
842,0.3802682957932037,0.009806681681681676,0.9691919538366035,33532,513,0.01529881903853036,24493,304,0.012411709468011269,1152,289,0.2508680555555556,BBH,0.5,validation,discovery
843,0.4476964857393838,0.005750456597914228,0.9689542830022017,33532,516,0.01538828581653346,24493,329,0.013432409259788511,1152,284,0.2465277777777778,BBH,0.5,validation,discovery
844,0.5266674394238865,0.0077230302336234544,0.9709150673860173,33532,484,0.014433973517833711,24493,301,0.012289225492998,1152,279,0.2421875,BBH,0.5,validation,discovery
845,0.6260891604517129,0.022301319176319175,0.9620024110959463,33532,633,0.01887749015865442,24493,400,0.01633119666843588,1152,343,0.2977430555555556,BBH,0.5,validation,discovery
846,0.7802532172954627,0.0092963092963093,0.9662210684065798,33532,563,0.01678993200524872,24493,337,0.013759033193157228,1152,308,0.2673611111111111,BBH,0.5,validation,discovery
847,0.25388708590066206,0.004538020163020158,0.9744801299020457,33532,425,0.012674460217106049,24493,258,0.010533621851141142,1152,246,0.21354166666666666,BBH,0.5,validation,discovery
848,0.49779761475712575,0.007330385773182388,0.9724005101010291,33532,459,0.013688417034474532,24493,288,0.011758461601273834,1152,267,0.23177083333333334,BBH,0.5,validation,discovery
849,0.24271311848363758,0.009650275275275283,0.967112334035587,33532,548,0.01634259811523321,24493,359,0.014657249009921202,1152,323,0.2803819444444444,BBH,0.5,validation,discovery
850,0.2891815598476177,0.0019801884208663872,0.9663993215323814,33532,561,0.016730287486579985,24493,332,0.01355489323480178,1152,306,0.265625,BBH,0.5,validation,discovery
851,0.7582295323726603,0.017495173745173745,0.9662804861151804,33532,561,0.016730287486579985,24493,348,0.014208141101539215,1152,315,0.2734375,BBH,0.5,validation,discovery
852,0.6264575350142635,0.01739316426816427,0.968478941333398,33532,524,0.015626863891208397,24493,313,0.012779161393051075,1152,288,0.25,BBH,0.5,validation,discovery
853,0.30796228432284445,0.006198446823446818,0.9699643840484097,33532,500,0.014911129667183587,24493,287,0.011717633609602743,1152,277,0.2404513888888889,BBH,0.5,validation,discovery
854,0.6780435132231745,0.012786284661284664,0.9724599278096295,33532,458,0.013658594775140165,24493,292,0.011921773567958193,1152,280,0.24305555555555555,BBH,0.5,validation,discovery
855,0.6872420707460087,0.023184670059670065,0.9612299808841402,33532,647,0.01929500178933556,24493,414,0.016902788551831135,1152,354,0.3072916666666667,BBH,0.5,validation,discovery
856,0.5384640209594646,0.013497872872872864,0.9698455486312088,33532,502,0.01497077418585232,24493,313,0.012779161393051075,1152,292,0.2534722222222222,BBH,0.5,validation,discovery
857,0.2809738783978792,0.005823203651593488,0.9700832194656106,33532,499,0.014881307407849218,24493,299,0.01220756950965582,1152,283,0.2456597222222222,BBH,0.5,validation,discovery
858,0.08328308535680982,0.004946911196911196,0.9688948652936012,33532,517,0.015418108075867827,24493,308,0.012575021434695627,1152,282,0.24479166666666666,BBH,0.5,validation,discovery
859,0.10542706287747211,0.0043951825201825195,0.9715686621806225,33532,474,0.014135750924490039,24493,294,0.012003429551300371,1152,279,0.2421875,BBH,0.5,validation,discovery
860,0.20098267550985424,0.007902992277992276,0.9654486381947738,33532,575,0.017147799117261123,24493,367,0.014983872943289919,1152,329,0.2855902777777778,BBH,0.5,validation,discovery
861,0.4598498469271582,0.01796573359073359,0.9661616506979795,33532,564,0.016819754264583084,24493,363,0.01482056097660556,1152,317,0.2751736111111111,BBH,0.5,validation,discovery
862,0.32527109861577813,0.00816884529808259,0.9721628392666272,33532,462,0.013777883812477633,24493,290,0.011840117584616013,1152,269,0.23350694444444445,BBH,0.5,validation,discovery
863,0.3513126714258278,0.011156326781326772,0.9632501829765563,33532,612,0.01825122271263271,24493,383,0.015637120810027355,1152,338,0.2934027777777778,BBH,0.5,validation,discovery
864,0.5356708506216972,0.008269348894348902,0.9685383590419984,33532,525,0.015656686150542765,24493,317,0.012942473359735435,1152,299,0.2595486111111111,BBH,0.5,validation,discovery
865,0.3227504513078356,0.006806806806806804,0.9660428152807785,33532,567,0.016909221042586187,24493,331,0.01351406524313069,1152,300,0.2604166666666667,BBH,0.5,validation,discovery
866,0.4873172473552633,0.013894129519129512,0.9695484600882064,33532,507,0.015119885482524156,24493,330,0.0134732372514596,1152,300,0.2604166666666667,BBH,0.5,validation,discovery
867,0.4239638618435685,0.010305894574962362,0.967231169452788,33532,546,0.016282953596564474,24493,340,0.013881517168170498,1152,314,0.2725694444444444,BBH,0.5,validation,discovery
868,0.5549353975721568,0.018801553176553173,0.9693107892538045,33532,511,0.015239174519861625,24493,326,0.013309925284775242,1152,289,0.2508680555555556,BBH,0.5,validation,discovery
869,0.227632303668989,0.00915250147241672,0.9678847642473931,33532,535,0.015954908743886435,24493,331,0.01351406524313069,1152,304,0.2638888888888889,BBH,0.5,validation,discovery
870,0.42393969215081906,0.006849805313788359,0.9669340809097857,33532,550,0.016402242633901946,24493,336,0.01371820520148614,1152,300,0.2604166666666667,BBH,0.5,validation,discovery
871,0.32450520320419934,0.00824741137241137,0.968478941333398,33532,526,0.015686508409877134,24493,340,0.013881517168170498,1152,317,0.2751736111111111,BBH,0.5,validation,discovery
872,0.6103162378476236,0.012301075012939425,0.9681224350817951,33532,531,0.015835619706548967,24493,338,0.013799861184828318,1152,311,0.2699652777777778,BBH,0.5,validation,discovery
873,0.300068204491916,0.006204865579865586,0.9671717517441875,33532,548,0.01634259811523321,24493,310,0.012656677418037807,1152,292,0.2534722222222222,BBH,0.5,validation,discovery
874,0.25036128395986973,0.003456256581256586,0.9671717517441875,33532,546,0.016282953596564474,24493,313,0.012779161393051075,1152,283,0.2456597222222222,BBH,0.5,validation,discovery
875,0.3669383342565144,0.008854836979836984,0.9635472715195588,33532,608,0.01813193367529524,24493,385,0.015718776793369534,1152,345,0.2994791666666667,BBH,0.5,validation,discovery
876,0.49156217648935707,0.008850408850408852,0.9702020548828116,33532,496,0.014791840629846117,24493,345,0.014085657126525946,1152,309,0.2682291666666667,BBH,0.5,validation,discovery
877,0.5581276649702032,0.011915365040365042,0.9663993215323814,33532,558,0.016640820708576882,24493,338,0.013799861184828318,1152,311,0.2699652777777778,BBH,0.5,validation,discovery
878,0.3990529919908623,0.009515568837602736,0.9706773965516154,33532,487,0.014523440295836812,24493,326,0.013309925284775242,1152,304,0.2638888888888889,BBH,0.5,validation,discovery
879,0.9233721807225959,0.011213884889732347,0.9616459048443435,33532,639,0.019056423714660622,24493,396,0.016167884701751522,1152,341,0.2960069444444444,BBH,0.5,validation,discovery
880,0.1713034073771757,0.007353600573939553,0.967112334035587,33532,548,0.01634259811523321,24493,321,0.013105785326419794,1152,290,0.2517361111111111,BBH,0.5,validation,discovery
881,0.5845422276708029,0.011955428904581445,0.9646762079829676,33532,590,0.01759513300727663,24493,341,0.013922345159841587,1152,306,0.265625,BBH,0.5,validation,discovery
882,0.6495500375998743,0.016675157300157308,0.9637849423539605,33532,604,0.01801264463795777,24493,376,0.015351324868329727,1152,335,0.2907986111111111,BBH,0.5,validation,discovery
883,0.18911084233654776,0.0076013513513513535,0.9700238017570101,33532,499,0.014881307407849218,24493,311,0.012697505409708897,1152,286,0.2482638888888889,BBH,0.5,validation,discovery
884,0.44178032850857063,0.009653606528606522,0.969132536128003,33532,513,0.01529881903853036,24493,302,0.012330053484669088,1152,280,0.24305555555555555,BBH,0.5,validation,discovery
885,0.352454368240584,0.011341698841698845,0.9666369923667832,33532,557,0.016610998449242513,24493,345,0.014085657126525946,1152,315,0.2734375,BBH,0.5,validation,discovery
886,0.24566160196053521,0.004152204152204152,0.9721628392666272,33532,462,0.013777883812477633,24493,250,0.010206997917772425,1152,240,0.20833333333333334,BBH,0.5,validation,discovery
887,0.18322042488107884,0.003562884918817128,0.9698455486312088,33532,502,0.01497077418585232,24493,310,0.012656677418037807,1152,293,0.2543402777777778,BBH,0.5,validation,discovery
888,0.7464329153667555,0.011089214214214216,0.9714498267634215,33532,475,0.014165573183824406,24493,280,0.011431837667905115,1152,259,0.2248263888888889,BBH,0.5,validation,discovery
889,0.3980099244845622,0.007527616902616908,0.9677065111215918,33532,538,0.016044375521889538,24493,336,0.01371820520148614,1152,313,0.2717013888888889,BBH,0.5,validation,discovery
890,0.301861302415915,0.007154854612481718,0.9676470934129913,33532,540,0.016104020040558272,24493,320,0.013064957334748703,1152,297,0.2578125,BBH,0.5,validation,discovery
891,0.4481904758617263,0.01161262723762723,0.9717469153064239,33532,468,0.013956817368483837,24493,289,0.011799289592944923,1152,269,0.23350694444444445,BBH,0.5,validation,discovery
892,0.4366879154611588,0.007532085657085666,0.9695484600882064,33532,507,0.015119885482524156,24493,283,0.011554321642918385,1152,270,0.234375,BBH,0.5,validation,discovery
893,0.4294488287125151,0.008900963614946668,0.9679441819559936,33532,534,0.01592508648455207,24493,313,0.012779161393051075,1152,280,0.24305555555555555,BBH,0.5,validation,discovery
894,0.27628128972824,0.004765926640926639,0.9681224350817951,33532,532,0.015865441965883336,24493,315,0.012860817376393255,1152,296,0.2569444444444444,BBH,0.5,validation,discovery
895,0.2747791334996656,0.002746049621049609,0.9652109673603719,33532,581,0.017326732673267328,24493,343,0.014004001143183767,1152,312,0.2708333333333333,BBH,0.5,validation,discovery
896,0.22678511103054294,0.007963320463320465,0.970380308008613,33532,493,0.014702373851843016,24493,304,0.012411709468011269,1152,289,0.2508680555555556,BBH,0.5,validation,discovery
897,0.43057553193465287,0.005973505973505978,0.9687166121677997,33532,522,0.015567219372539664,24493,307,0.012534193443024538,1152,282,0.24479166666666666,BBH,0.5,validation,discovery
898,0.13009634589358882,0.006093146718146714,0.9721628392666272,33532,463,0.013807706071812,24493,268,0.01094190176785204,1152,259,0.2248263888888889,BBH,0.5,validation,discovery
899,0.5695137550470356,0.01628751316251316,0.9680630173731946,33532,532,0.015865441965883336,24493,327,0.013350753276446331,1152,303,0.2630208333333333,BBH,0.5,validation,discovery
900,0.247624335812867,0.007095208101564035,0.9696672955054073,33532,503,0.015000596445186688,24493,278,0.011350181684562937,1152,252,0.21875,BBH,0.5,validation,discovery
901,0.4073853133046557,0.010387010387010384,0.9708556496774168,33532,484,0.014433973517833711,24493,311,0.012697505409708897,1152,281,0.2439236111111111,BBH,0.5,validation,discovery
902,0.5259590654819567,0.01565181252681254,0.967112334035587,33532,548,0.01634259811523321,24493,351,0.014330625076552484,1152,309,0.2682291666666667,BBH,0.5,validation,discovery
903,0.5152191172407142,0.018799359424359417,0.9683601059161969,33532,528,0.015746152928545868,24493,325,0.013269097293104153,1152,291,0.2526041666666667,BBH,0.5,validation,discovery
904,0.5518939877189387,0.010657917437578452,0.9693702069624051,33532,510,0.015209352260527258,24493,320,0.013064957334748703,1152,290,0.2517361111111111,BBH,0.5,validation,discovery
905,0.24526121810144866,0.012697965822965816,0.9694296246710055,33532,508,0.015149707741858523,24493,321,0.013105785326419794,1152,289,0.2508680555555556,BBH,0.5,validation,discovery
906,0.416476367289891,0.00629424066924068,0.9665181569495823,33532,556,0.016581176189908148,24493,336,0.01371820520148614,1152,301,0.2612847222222222,BBH,0.5,validation,discovery
907,0.32805595779968333,0.007666148291148291,0.9678253465387928,33532,537,0.016014553262555173,24493,325,0.013269097293104153,1152,287,0.24913194444444445,BBH,0.5,validation,discovery
908,0.502065561324204,0.017852030299064195,0.9646167902743672,33532,590,0.01759513300727663,24493,337,0.013759033193157228,1152,308,0.2673611111111111,BBH,0.5,validation,discovery
909,0.5357163049000145,0.010905995280995291,0.9703208903000126,33532,493,0.014702373851843016,24493,286,0.011676805617931654,1152,268,0.2326388888888889,BBH,0.5,validation,discovery
910,0.28614271633965294,0.004350332475332463,0.9698455486312088,33532,502,0.01497077418585232,24493,301,0.012289225492998,1152,281,0.2439236111111111,BBH,0.5,validation,discovery
911,0.33993415177699954,0.012931072306072306,0.9679441819559936,33532,533,0.0158952642252177,24493,340,0.013881517168170498,1152,311,0.2699652777777778,BBH,0.5,validation,discovery
912,0.7566098560062876,0.011391058266058265,0.9645573725657667,33532,592,0.017654777525945367,24493,377,0.015392152860000816,1152,344,0.2986111111111111,BBH,0.5,validation,discovery
913,0.5135276796453517,0.00796555484055483,0.9704991434258139,33532,491,0.014642729333174282,24493,291,0.011880945576287102,1152,273,0.23697916666666666,BBH,0.5,validation,discovery
914,0.13969645156781813,0.00891293078793079,0.9643197017313648,33532,595,0.017744244303948466,24493,366,0.01494304495161883,1152,337,0.2925347222222222,BBH,0.5,validation,discovery
915,0.2974387882489806,0.015463443164714343,0.9703208903000126,33532,495,0.01476201837051175,24493,299,0.01220756950965582,1152,273,0.23697916666666666,BBH,0.5,validation,discovery
916,0.40632058768194584,0.01343344155844156,0.966102232989379,33532,565,0.016849576523917453,24493,351,0.014330625076552484,1152,313,0.2717013888888889,BBH,0.5,validation,discovery
917,0.18106836342350213,0.006718406718406707,0.967231169452788,33532,546,0.016282953596564474,24493,338,0.013799861184828318,1152,304,0.2638888888888889,BBH,0.5,validation,discovery
918,0.36408365543044974,0.006161153036153036,0.963844360062561,33532,603,0.017982822378623406,24493,347,0.014167313109868126,1152,300,0.2604166666666667,BBH,0.5,validation,discovery
919,0.13064964575267687,0.004756989131989133,0.9684195236247974,33532,527,0.0157163306692115,24493,315,0.012860817376393255,1152,293,0.2543402777777778,BBH,0.5,validation,discovery
920,0.5056431110709879,0.014318434657417714,0.9641414486055634,33532,597,0.0178038888226172,24493,386,0.015759604785040623,1152,347,0.3012152777777778,BBH,0.5,validation,discovery
921,0.32343925197338774,0.010768032643032641,0.9662210684065798,33532,564,0.016819754264583084,24493,362,0.014779732984934471,1152,315,0.2734375,BBH,0.5,validation,discovery
922,0.42822085581996056,0.010610082485082488,0.9680630173731946,33532,533,0.0158952642252177,24493,337,0.013759033193157228,1152,311,0.2699652777777778,BBH,0.5,validation,discovery
923,0.38730907997958314,0.00687843563902886,0.9711527382204193,33532,480,0.014314684480496243,24493,279,0.011391009676234026,1152,255,0.22135416666666666,BBH,0.5,validation,discovery
924,0.24341139112261828,0.008687258687258694,0.961705322552944,33532,637,0.018996779195991888,24493,332,0.01355489323480178,1152,304,0.2638888888888889,BBH,0.5,validation,discovery
925,0.41338017046700837,0.0090291184041184,0.9704397257172135,33532,493,0.014702373851843016,24493,310,0.012656677418037807,1152,291,0.2526041666666667,BBH,0.5,validation,discovery
926,0.5500045252636421,0.012841412841412853,0.9689542830022017,33532,517,0.015418108075867827,24493,324,0.013228269301433063,1152,297,0.2578125,BBH,0.5,validation,discovery
927,0.49461406733628194,0.015258643383643388,0.9658051444463766,33532,570,0.01699868782058929,24493,339,0.013840689176499409,1152,314,0.2725694444444444,BBH,0.5,validation,discovery
928,0.2716926925202781,0.006806116181116178,0.9704397257172135,33532,491,0.014642729333174282,24493,318,0.012983301351406525,1152,292,0.2534722222222222,BBH,0.5,validation,discovery
929,0.5963388857421547,0.015660750035750032,0.9664587392409819,33532,558,0.016640820708576882,24493,348,0.014208141101539215,1152,319,0.2769097222222222,BBH,0.5,validation,discovery
930,0.21133251918952603,0.005887243175378766,0.9688354475850007,33532,518,0.015447930335202194,24493,325,0.013269097293104153,1152,305,0.2647569444444444,BBH,0.5,validation,discovery
931,0.5539176813815719,0.011369811369811375,0.9698455486312088,33532,500,0.014911129667183587,24493,340,0.013881517168170498,1152,303,0.2630208333333333,BBH,0.5,validation,discovery
932,0.659031847031982,0.009053209053209058,0.9709150673860173,33532,483,0.014404151258499344,24493,299,0.01220756950965582,1152,271,0.23524305555555555,BBH,0.5,validation,discovery
933,0.18830639479813796,0.005308880308880307,0.9729352694784332,33532,450,0.013420016700465227,24493,272,0.011105213734536398,1152,248,0.2152777777777778,BBH,0.5,validation,discovery
934,0.43166846959659094,0.013392857142857147,0.9729946871870337,33532,450,0.013420016700465227,24493,297,0.01212591352631364,1152,278,0.24131944444444445,BBH,0.5,validation,discovery
935,0.3881765271669305,0.00919799394375665,0.9646167902743672,33532,588,0.017535488488607896,24493,386,0.015759604785040623,1152,322,0.2795138888888889,BBH,0.5,validation,discovery
936,0.7273599870897213,0.006691959816959821,0.9675876757043907,33532,539,0.016074197781223907,24493,310,0.012656677418037807,1152,288,0.25,BBH,0.5,validation,discovery
937,0.2232286686076216,0.004140301015301022,0.970736814260216,33532,488,0.014553262555171179,24493,281,0.011472665659576206,1152,266,0.2309027777777778,BBH,0.5,validation,discovery
938,0.37061376296298265,0.008521630396630397,0.9716874975978234,33532,471,0.014046284146486938,24493,297,0.01212591352631364,1152,276,0.23958333333333334,BBH,0.5,validation,discovery
939,0.10413331727594217,0.006035052910052908,0.9717469153064239,33532,470,0.014016461887152571,24493,275,0.011227697709549667,1152,257,0.2230902777777778,BBH,0.5,validation,discovery
940,0.3405530115641764,0.011310000981611154,0.968478941333398,33532,526,0.015686508409877134,24493,312,0.012738333401379986,1152,291,0.2526041666666667,BBH,0.5,validation,discovery
941,0.5461781602330616,0.008689493064493067,0.9725787632268305,33532,457,0.013628772515805798,24493,302,0.012330053484669088,1152,282,0.24479166666666666,BBH,0.5,validation,discovery
942,0.2838143498276045,0.00922143734643734,0.974658383027847,33532,421,0.012555171179768579,24493,256,0.010451965867798963,1152,243,0.2109375,BBH,0.5,validation,discovery
943,0.8207662130629829,0.01789553352053353,0.9680035996645941,33532,532,0.015865441965883336,24493,368,0.01502470093496101,1152,332,0.2881944444444444,BBH,0.5,validation,discovery
944,0.1756632698033355,0.007638807638807645,0.9696672955054073,33532,506,0.015090063223189789,24493,314,0.012819989384722166,1152,294,0.2552083333333333,BBH,0.5,validation,discovery
945,0.544535409319675,0.011428839553839554,0.9722816746838282,33532,462,0.013777883812477633,24493,294,0.012003429551300371,1152,280,0.24305555555555555,BBH,0.5,validation,discovery
946,0.3265195291448637,0.005334443099273606,0.9717469153064239,33532,471,0.014046284146486938,24493,275,0.011227697709549667,1152,264,0.22916666666666666,BBH,0.5,validation,discovery
947,0.3156071767794618,0.008273736398736404,0.968478941333398,33532,524,0.015626863891208397,24493,291,0.011880945576287102,1152,275,0.2387152777777778,BBH,0.5,validation,discovery
948,0.6196060395740565,0.009931806806806814,0.9680630173731946,33532,532,0.015865441965883336,24493,324,0.013228269301433063,1152,297,0.2578125,BBH,0.5,validation,discovery
949,0.36603809069888193,0.006897522522522528,0.9697861309226083,33532,503,0.015000596445186688,24493,299,0.01220756950965582,1152,277,0.2404513888888889,BBH,0.5,validation,discovery
950,0.5185764980208445,0.010040041554872068,0.969251371545204,33532,512,0.015268996779195992,24493,333,0.01359572122647287,1152,298,0.2586805555555556,BBH,0.5,validation,discovery
951,0.5716323289457372,0.015007215007215004,0.9660428152807785,33532,566,0.016879398783251818,24493,347,0.014167313109868126,1152,313,0.2717013888888889,BBH,0.5,validation,discovery
952,0.24723885432610862,0.008545761670761674,0.9668152454925847,33532,554,0.016521531671239414,24493,329,0.013432409259788511,1152,310,0.2690972222222222,BBH,0.5,validation,discovery
953,0.43282789060906884,0.012707309582309582,0.9722222569752277,33532,460,0.0137182392938089,24493,310,0.012656677418037807,1152,291,0.2526041666666667,BBH,0.5,validation,discovery
954,0.3095421668646388,0.007527616902616901,0.9704397257172135,33532,491,0.014642729333174282,24493,295,0.01204425754297146,1152,277,0.2404513888888889,BBH,0.5,validation,discovery
955,0.4373534416834089,0.011594183469183459,0.9631907652679559,33532,615,0.01834068949063581,24493,353,0.014412281059894665,1152,320,0.2777777777777778,BBH,0.5,validation,discovery
956,0.5217894342650738,0.012492403117403107,0.9672905871613885,33532,545,0.01625313133723011,24493,338,0.013799861184828318,1152,302,0.2621527777777778,BBH,0.5,validation,discovery
957,0.48246033291276835,0.012156312156312158,0.9679441819559936,33532,534,0.01592508648455207,24493,308,0.012575021434695627,1152,278,0.24131944444444445,BBH,0.5,validation,discovery
958,0.13809784642962114,0.006526615901615898,0.971509244472022,33532,474,0.014135750924490039,24493,286,0.011676805617931654,1152,273,0.23697916666666666,BBH,0.5,validation,discovery
959,0.20815248557217741,0.00996073183573184,0.9699049663398093,33532,501,0.014940951926517954,24493,332,0.01355489323480178,1152,304,0.2638888888888889,BBH,0.5,validation,discovery
960,0.5290250600736927,0.01072635135135135,0.9678253465387928,33532,537,0.016014553262555173,24493,329,0.013432409259788511,1152,301,0.2612847222222222,BBH,0.5,validation,discovery
961,0.334688488274734,0.008651061776061772,0.9721628392666272,33532,462,0.013777883812477633,24493,287,0.011717633609602743,1152,268,0.2326388888888889,BBH,0.5,validation,discovery
962,0.47617547688743234,0.011824324324324318,0.9702020548828116,33532,496,0.014791840629846117,24493,290,0.011840117584616013,1152,268,0.2326388888888889,BBH,0.5,validation,discovery
963,0.6278810990042757,0.015686350696943907,0.967112334035587,33532,546,0.016282953596564474,24493,333,0.01359572122647287,1152,290,0.2517361111111111,BBH,0.5,validation,discovery
964,0.3361346770148598,0.004831739206739209,0.9680630173731946,33532,532,0.015865441965883336,24493,317,0.012942473359735435,1152,296,0.2569444444444444,BBH,0.5,validation,discovery
965,0.594691649767705,0.010659702185125916,0.9655080559033743,33532,576,0.01717762137659549,24493,351,0.014330625076552484,1152,320,0.2777777777777778,BBH,0.5,validation,discovery
966,0.40795792748917825,0.008870856328483443,0.9704397257172135,33532,491,0.014642729333174282,24493,284,0.011595149634589474,1152,270,0.234375,BBH,0.5,validation,discovery
967,0.5237070138593848,0.009528785747006073,0.9667558277839842,33532,554,0.016521531671239414,24493,344,0.014044829134854856,1152,316,0.2743055555555556,BBH,0.5,validation,discovery
968,0.43596202165012193,0.014940549315549315,0.9671717517441875,33532,547,0.016312775855898843,24493,353,0.014412281059894665,1152,315,0.2734375,BBH,0.5,validation,discovery
969,0.28260313672303344,0.0076903098619200225,0.9702020548828116,33532,496,0.014791840629846117,24493,287,0.011717633609602743,1152,265,0.2300347222222222,BBH,0.5,validation,discovery
970,0.414162002479539,0.012255559130559113,0.9652109673603719,33532,580,0.01729691041393296,24493,358,0.014616421018250112,1152,326,0.2829861111111111,BBH,0.5,validation,discovery
971,0.3289994388205923,0.009693094068094063,0.9725193455182299,33532,458,0.013658594775140165,24493,304,0.012411709468011269,1152,279,0.2421875,BBH,0.5,validation,discovery
972,0.3145870396621582,0.006512376480596824,0.9693107892538045,33532,509,0.01517953000119289,24493,299,0.01220756950965582,1152,269,0.23350694444444445,BBH,0.5,validation,discovery
973,0.25733739574426945,0.010767463892463884,0.9714498267634215,33532,476,0.014195395443158773,24493,289,0.011799289592944923,1152,280,0.24305555555555555,BBH,0.5,validation,discovery
974,0.4805043258341382,0.013920454545454541,0.9702614725914122,33532,495,0.01476201837051175,24493,336,0.01371820520148614,1152,321,0.2786458333333333,BBH,0.5,validation,discovery
975,0.6159249546800616,0.01214639689215961,0.9702614725914122,33532,495,0.01476201837051175,24493,318,0.012983301351406525,1152,298,0.2586805555555556,BBH,0.5,validation,discovery
976,0.681748979046937,0.009958619333619339,0.9741236236504427,33532,430,0.012823571513777884,24493,281,0.011472665659576206,1152,270,0.234375,BBH,0.5,validation,discovery
977,0.5089413975472257,0.013959942084942082,0.9712121559290195,33532,478,0.014255039961827509,24493,306,0.012493365451353449,1152,287,0.24913194444444445,BBH,0.5,validation,discovery
978,0.20533406243435198,0.004590054643020753,0.9728164340612324,33532,451,0.013449838959799594,24493,282,0.011513493651247295,1152,255,0.22135416666666666,BBH,0.5,validation,discovery
979,0.7399114544024974,0.012298012298012306,0.9705585611344144,33532,488,0.014553262555171179,24493,312,0.012738333401379986,1152,284,0.2465277777777778,BBH,0.5,validation,discovery
980,0.5130253275205239,0.01487527589222504,0.9644385371485659,33532,592,0.017654777525945367,24493,399,0.01629036867676479,1152,330,0.2864583333333333,BBH,0.5,validation,discovery
981,0.34265688408709216,0.008667830966559775,0.9677065111215918,33532,538,0.016044375521889538,24493,327,0.013350753276446331,1152,293,0.2543402777777778,BBH,0.5,validation,discovery
982,0.2267653193429692,0.0054196647946647865,0.972638180935431,33532,455,0.013569127997137062,24493,252,0.010288653901114605,1152,238,0.2065972222222222,BBH,0.5,validation,discovery
983,0.5198709922044875,0.0095680501930502,0.9699049663398093,33532,501,0.014940951926517954,24493,315,0.012860817376393255,1152,288,0.25,BBH,0.5,validation,discovery
984,0.2772913772432826,0.004705598455598452,0.9738859528160408,33532,434,0.012942860551115352,24493,271,0.011064385742865309,1152,260,0.22569444444444445,BBH,0.5,validation,discovery
985,0.2725288996285156,0.010506976131976131,0.9754902309482536,33532,408,0.012167481808421806,24493,255,0.010411137876127873,1152,242,0.21006944444444445,BBH,0.5,validation,discovery
986,0.2338509490079568,0.004372676247676244,0.9656268913205752,33532,571,0.017028510079923655,24493,329,0.013432409259788511,1152,293,0.2543402777777778,BBH,0.5,validation,discovery
987,0.38915469160665966,0.01232842255088019,0.9676470934129913,33532,538,0.016044375521889538,24493,337,0.013759033193157228,1152,303,0.2630208333333333,BBH,0.5,validation,discovery
988,0.246349169638585,0.006274131274131274,0.9690137007108022,33532,516,0.01538828581653346,24493,329,0.013432409259788511,1152,309,0.2682291666666667,BBH,0.5,validation,discovery
989,0.4597298940118618,0.01623047560547561,0.9720440038494261,33532,464,0.013837528331146367,24493,276,0.011268525701220757,1152,247,0.2144097222222222,BBH,0.5,validation,discovery
990,0.41624364069948133,0.012809003010274194,0.9676470934129913,33532,539,0.016074197781223907,24493,336,0.01371820520148614,1152,306,0.265625,BBH,0.5,validation,discovery
991,0.5188560994378971,0.02449872762372763,0.9639631954797621,33532,601,0.01792317785995467,24493,401,0.016372024660106968,1152,331,0.2873263888888889,BBH,0.5,validation,discovery
992,0.6591747286360425,0.005822705822705822,0.9698455486312088,33532,502,0.01497077418585232,24493,319,0.013024129343077614,1152,291,0.2526041666666667,BBH,0.5,validation,discovery
993,0.4233036369981382,0.011224277325972237,0.9651515496517714,33532,581,0.017326732673267328,24493,359,0.014657249009921202,1152,321,0.2786458333333333,BBH,0.5,validation,discovery
994,0.36500772039353035,0.007384616759616765,0.9686571944591994,33532,523,0.015597041631874031,24493,305,0.012452537459682358,1152,288,0.25,BBH,0.5,validation,discovery
995,0.46110143271243986,0.007300278486719176,0.9693702069624051,33532,511,0.015239174519861625,24493,306,0.012493365451353449,1152,289,0.2508680555555556,BBH,0.5,validation,discovery
996,0.8125800891248685,0.011437777062777064,0.9662210684065798,33532,563,0.01678993200524872,24493,342,0.013963173151512676,1152,317,0.2751736111111111,BBH,0.5,validation,discovery
997,0.5370304885658924,0.0180666461916462,0.9664587392409819,33532,558,0.016640820708576882,24493,362,0.014779732984934471,1152,332,0.2881944444444444,BBH,0.5,validation,discovery
998,0.545430459054715,0.011075157950157956,0.9658645621549771,33532,569,0.01696886556125492,24493,337,0.013759033193157228,1152,304,0.2638888888888889,BBH,0.5,validation,discovery
999,0.36953436290826847,0.004384529808258625,0.9716874975978234,33532,471,0.014046284146486938,24493,285,0.011635977626260565,1152,269,0.23350694444444445,BBH,0.5,validation,discovery
