kendall_tau_b,all_eligible_pairs,all_flips,all_flip_rate,cross_family_eligible_pairs,cross_family_flips,cross_family_flip_rate,close_cross_family_eligible_pairs,close_cross_family_flips,close_cross_family_flip_rate,replicate,benchmark,anchor_fraction,audit_half,target_half
0.9429519958823082,55496,1572,0.028326365864206428,35061,850,0.02424346139585294,2266,668,0.294792586054722,0,HellaSwag,0.5,discovery,validation
0.9449950687992112,55499,1517,0.027333825834699725,35064,883,0.025182523385808807,2268,690,0.30423280423280424,1,HellaSwag,0.5,discovery,validation
0.9494388306636737,55501,1393,0.025098646871227544,35070,765,0.021813515825491875,2274,616,0.27088830255057167,2,HellaSwag,0.5,discovery,validation
0.9424663156844758,55495,1587,0.028597170916298764,35061,912,0.026011807991785745,2265,693,0.30596026490066225,3,HellaSwag,0.5,discovery,validation
0.9445908593949419,55499,1526,0.027495990918755292,35065,882,0.02515328675317268,2269,666,0.29352137505509035,4,HellaSwag,0.5,discovery,validation
0.9512932273734721,55505,1345,0.02423205116656157,35066,749,0.021359721667712314,2270,631,0.2779735682819383,5,HellaSwag,0.5,discovery,validation
0.9465088825354812,55504,1474,0.026556644566157393,35065,851,0.024269214316269785,2269,652,0.2873512560599383,6,HellaSwag,0.5,discovery,validation
0.9478986221086084,55495,1435,0.0258581854221101,35066,786,0.022414874807505845,2270,620,0.27312775330396477,7,HellaSwag,0.5,discovery,validation
0.9454428059869444,55494,1500,0.027029949183695536,35066,844,0.024068898648263275,2270,714,0.3145374449339207,8,HellaSwag,0.5,discovery,validation
0.9394773384542187,55506,1671,0.030104853529348177,35069,885,0.025235963386466678,2273,672,0.29564452265728114,9,HellaSwag,0.5,discovery,validation
0.9479638947147809,55501,1436,0.025873407686347993,35063,764,0.021789350597495937,2267,642,0.2831936479929422,10,HellaSwag,0.5,discovery,validation
0.9482791422577947,55501,1425,0.02567521305922416,35060,786,0.022418710781517397,2264,593,0.2619257950530035,11,HellaSwag,0.5,discovery,validation
0.9417236158720554,55485,1602,0.028872668288726682,35060,925,0.026383342840844266,2264,706,0.3118374558303887,12,HellaSwag,0.5,discovery,validation
0.9419277364472153,55498,1601,0.028847886410321093,35064,916,0.026123659593885466,2268,709,0.31261022927689597,13,HellaSwag,0.5,discovery,validation
0.9417140830389432,55484,1601,0.0288551654531036,35051,895,0.025534221562865538,2257,664,0.29419583517944176,14,HellaSwag,0.5,discovery,validation
0.9489342867655809,55498,1409,0.025388302281163285,35062,801,0.022845245564999145,2266,605,0.2669902912621359,15,HellaSwag,0.5,discovery,validation
0.9424948544386655,55498,1587,0.02859562506757,35061,891,0.025412851886711732,2265,685,0.30242825607064017,16,HellaSwag,0.5,discovery,validation
0.9469784030562184,55489,1458,0.02627547802267116,35055,816,0.02327770646127514,2259,655,0.28995130588756085,17,HellaSwag,0.5,discovery,validation
0.9476922229097223,55499,1443,0.026000468476909493,35061,837,0.023872679045092837,2265,659,0.29094922737306844,18,HellaSwag,0.5,discovery,validation
0.9413849654198418,55491,1614,0.029085797696923824,35056,889,0.025359424920127795,2260,690,0.3053097345132743,19,HellaSwag,0.5,discovery,validation
0.9481599034319799,55496,1429,0.025749603575032434,35062,769,0.021932576578632137,2266,655,0.2890556045895852,20,HellaSwag,0.5,discovery,validation
0.9414791043007366,55500,1614,0.02908108108108108,35063,860,0.02452727946838548,2267,733,0.32333480370533746,21,HellaSwag,0.5,discovery,validation
0.9546043264282835,55508,1254,0.022591338185486778,35069,692,0.01973252730331632,2273,562,0.24725032996040475,22,HellaSwag,0.5,discovery,validation
0.9398708715443861,55502,1663,0.029962884220388456,35068,866,0.024694878521729212,2272,711,0.31294014084507044,23,HellaSwag,0.5,discovery,validation
0.9522910406512758,55503,1316,0.023710430066843233,35061,745,0.021248680870482872,2265,631,0.2785871964679912,24,HellaSwag,0.5,discovery,validation
0.9462580360189703,55507,1484,0.02673536671050498,35065,784,0.02235847711393127,2269,636,0.28029969149405026,25,HellaSwag,0.5,discovery,validation
0.9461661785637157,55502,1485,0.026755792584051027,35065,850,0.02424069585056324,2269,684,0.3014543851917144,26,HellaSwag,0.5,discovery,validation
0.9418832886336556,55498,1602,0.028865905077660455,35062,921,0.026267754263875422,2266,722,0.31862312444836716,27,HellaSwag,0.5,discovery,validation
0.9385640866694253,55497,1693,0.030506153485774005,35062,919,0.026210712452227482,2266,748,0.3300970873786408,28,HellaSwag,0.5,discovery,validation
0.9406072453864673,55500,1639,0.02953153153153153,35068,927,0.02643435610813277,2272,665,0.292693661971831,29,HellaSwag,0.5,discovery,validation
0.9470712050232757,55514,1463,0.026353712577007603,35070,840,0.023952095808383235,2274,717,0.3153034300791557,30,HellaSwag,0.5,discovery,validation
0.9475786694409996,55484,1442,0.02598947444308269,35052,798,0.022766175967134542,2256,649,0.287677304964539,31,HellaSwag,0.5,discovery,validation
0.9451994791095816,55494,1511,0.027228168811042636,35055,840,0.02396234488660676,2259,682,0.3019034971226206,32,HellaSwag,0.5,discovery,validation
0.9472264377073746,55500,1455,0.026216216216216216,35062,769,0.021932576578632137,2266,629,0.27758164165931154,33,HellaSwag,0.5,discovery,validation
0.9435021434150007,55498,1560,0.028109121049407187,35059,845,0.024102227673350636,2263,593,0.2620415377817057,34,HellaSwag,0.5,discovery,validation
0.9456815178434652,55504,1498,0.026989045834534448,35065,838,0.0238984742620847,2269,606,0.2670780079330101,35,HellaSwag,0.5,discovery,validation
0.9470939133075186,55505,1463,0.026357985767048012,35067,723,0.02061767473693216,2271,579,0.25495376486129456,36,HellaSwag,0.5,discovery,validation
0.951317147047137,55498,1342,0.024181051569425925,35061,746,0.02127720258977211,2265,608,0.26843267108167773,37,HellaSwag,0.5,discovery,validation
0.9505094948514881,55501,1363,0.02455811606998072,35065,733,0.020904035362897477,2269,570,0.251211987659762,38,HellaSwag,0.5,discovery,validation
0.9463649956797856,55504,1479,0.026646728163735946,35065,806,0.02298588335947526,2269,649,0.2860290877038343,39,HellaSwag,0.5,discovery,validation
0.9487477157856926,55504,1415,0.02549365811473047,35067,757,0.02158724726951265,2271,609,0.26816380449141347,40,HellaSwag,0.5,discovery,validation
0.9430154552883928,55496,1572,0.028326365864206428,35061,844,0.02407233108011751,2265,657,0.2900662251655629,41,HellaSwag,0.5,discovery,validation
0.9424038822967423,55496,1588,0.028614674931526595,35058,867,0.02473044668834503,2263,711,0.31418471056120195,42,HellaSwag,0.5,discovery,validation
0.9372881065797758,55499,1728,0.031135696138669164,35061,1002,0.028578762727817234,2265,669,0.295364238410596,43,HellaSwag,0.5,discovery,validation
0.9462456732955355,55499,1481,0.02668516549847745,35063,793,0.02261643327724382,2267,648,0.2858403176003529,44,HellaSwag,0.5,discovery,validation
0.9491824561686062,55490,1398,0.0251937285997477,35063,811,0.023129794940535606,2268,646,0.2848324514991182,45,HellaSwag,0.5,discovery,validation
0.9445614000224588,55495,1528,0.027534012073159746,35062,832,0.023729393645542184,2266,651,0.2872903795233892,46,HellaSwag,0.5,discovery,validation
0.947430932626349,55495,1448,0.026092440760428867,35064,828,0.023613963039014373,2268,676,0.2980599647266314,47,HellaSwag,0.5,discovery,validation
0.9483501500974714,55500,1423,0.02563963963963964,35067,796,0.022699403998060856,2271,678,0.2985468956406869,48,HellaSwag,0.5,discovery,validation
0.9550155682802833,55502,1240,0.02234153724190119,35064,696,0.019849418206707735,2268,580,0.25573192239858905,49,HellaSwag,0.5,discovery,validation
0.9499842884773346,55494,1377,0.0248134933506325,35060,745,0.021249286936679976,2264,643,0.2840106007067138,50,HellaSwag,0.5,discovery,validation
0.9429995221465373,55501,1571,0.028305796291958705,35064,892,0.02543919689710244,2268,673,0.2967372134038801,51,HellaSwag,0.5,discovery,validation
0.9459569163988004,55498,1489,0.02682979566831237,35059,817,0.023303573975298784,2263,638,0.2819266460450729,52,HellaSwag,0.5,discovery,validation
0.9426472321019891,55498,1581,0.02848751306353382,35063,895,0.025525482702563957,2267,697,0.3074547860608734,53,HellaSwag,0.5,discovery,validation
0.9475776521820886,55502,1448,0.026089149940542684,35064,796,0.02270134610997034,2268,683,0.3011463844797178,54,HellaSwag,0.5,discovery,validation
0.9410273103769973,55495,1624,0.029263897648436798,35060,989,0.02820878494010268,2264,808,0.3568904593639576,55,HellaSwag,0.5,discovery,validation
0.942115040238732,55498,1599,0.028811849075642364,35068,864,0.02463784646971598,2272,678,0.2984154929577465,56,HellaSwag,0.5,discovery,validation
0.9481760266132905,55493,1428,0.02573297533022183,35058,823,0.023475383649951508,2262,622,0.2749778956675508,57,HellaSwag,0.5,discovery,validation
0.9469651560056658,55499,1463,0.026360835330366313,35067,816,0.02326974078193173,2271,663,0.2919418758256275,58,HellaSwag,0.5,discovery,validation
0.9521283018254049,55501,1319,0.02376533756148538,35061,739,0.02107755055474744,2265,610,0.2693156732891832,59,HellaSwag,0.5,discovery,validation
0.9459209296799812,55498,1490,0.026847814335651737,35063,892,0.02543992242534866,2267,683,0.30127922364358184,60,HellaSwag,0.5,discovery,validation
0.9456350908567989,55502,1500,0.027026053115203057,35063,849,0.024213558451929386,2267,585,0.2580502867225408,61,HellaSwag,0.5,discovery,validation
0.9485385529828045,55498,1418,0.025550470287217558,35063,781,0.022274192168382626,2267,624,0.27525363917071016,62,HellaSwag,0.5,discovery,validation
0.9440077886802914,55502,1542,0.02778278260242874,35065,860,0.02452588050762869,2269,683,0.3010136624063464,63,HellaSwag,0.5,discovery,validation
0.9462220667504253,55507,1485,0.026753382456266777,35063,810,0.02310127484813051,2267,665,0.2933392148213498,64,HellaSwag,0.5,discovery,validation
0.9510558914939761,55497,1348,0.02428960123970665,35060,771,0.021990872789503707,2264,629,0.2778268551236749,65,HellaSwag,0.5,discovery,validation
0.9458689084333765,55501,1492,0.026882398515342066,35062,830,0.023672351833894243,2266,641,0.2828773168578994,66,HellaSwag,0.5,discovery,validation
0.9451514148241791,55505,1511,0.027222772723178093,35067,884,0.02520888584709271,2271,669,0.29458388375165123,67,HellaSwag,0.5,discovery,validation
0.9448161958340713,55500,1522,0.027423423423423424,35061,840,0.023958244202960555,2266,642,0.2833186231244484,68,HellaSwag,0.5,discovery,validation
0.9482242547365773,55500,1425,0.025675675675675677,35058,808,0.02304752125049917,2262,672,0.29708222811671087,69,HellaSwag,0.5,discovery,validation
0.9390061235117884,55483,1681,0.03029756862462376,35055,957,0.027299957210098418,2259,692,0.3063302346170872,70,HellaSwag,0.5,discovery,validation
0.9467228011265323,55500,1468,0.02645045045045045,35065,834,0.02378440039925852,2269,686,0.3023358307624504,71,HellaSwag,0.5,discovery,validation
0.9468553217661508,55495,1464,0.026380755022975044,35058,765,0.021820982372069142,2263,653,0.28855501546619533,72,HellaSwag,0.5,discovery,validation
0.9453577619729571,55504,1510,0.027205246468722976,35065,766,0.02184514473121346,2270,612,0.2696035242290749,73,HellaSwag,0.5,discovery,validation
0.9465106864973333,55489,1471,0.02650975869091171,35061,782,0.022303984484184705,2265,628,0.2772626931567329,74,HellaSwag,0.5,discovery,validation
0.9476685213499989,55504,1443,0.025998126261170366,35070,776,0.022127174222982608,2274,655,0.2880386983289358,75,HellaSwag,0.5,discovery,validation
0.9429339929126187,55495,1574,0.02836291557798,35064,879,0.0250684462696783,2269,723,0.31864257382106653,76,HellaSwag,0.5,discovery,validation
0.9412537355990863,55499,1619,0.0291716967873295,35062,884,0.02521248074838857,2266,710,0.31332744924977934,77,HellaSwag,0.5,discovery,validation
0.9436025850961096,55501,1557,0.028053548584710184,35062,812,0.023158975529062802,2266,653,0.2881729920564872,78,HellaSwag,0.5,discovery,validation
0.9471147370454477,55492,1458,0.026274057521804946,35056,828,0.023619351894112278,2260,696,0.30796460176991153,79,HellaSwag,0.5,discovery,validation
0.9503219615592655,55504,1371,0.024700922456039203,35066,759,0.021644898191980837,2270,642,0.2828193832599119,80,HellaSwag,0.5,discovery,validation
0.9413510892470497,55495,1617,0.029137760158572844,35059,901,0.025699535069454348,2263,715,0.31595227574016793,81,HellaSwag,0.5,discovery,validation
0.9407532797228604,55504,1634,0.029439319688671087,35061,877,0.025013547816662388,2266,686,0.3027360988526037,82,HellaSwag,0.5,discovery,validation
0.9388889525602726,55500,1685,0.03036036036036036,35061,936,0.026696329254727477,2266,700,0.3089143865842895,83,HellaSwag,0.5,discovery,validation
0.941909741437062,55497,1602,0.02886642521217363,35059,878,0.02504349810319747,2263,681,0.30092797171895713,84,HellaSwag,0.5,discovery,validation
0.9485413330007004,55505,1421,0.025601297180434194,35070,806,0.02298260621613915,2274,624,0.27440633245382584,85,HellaSwag,0.5,discovery,validation
0.9464501226487784,55494,1474,0.02656143006451148,35060,810,0.023103251568739304,2264,677,0.29902826855123676,86,HellaSwag,0.5,discovery,validation
0.9432123007151916,55494,1565,0.028201246981655676,35060,907,0.025869937250427837,2264,713,0.31492932862190814,87,HellaSwag,0.5,discovery,validation
0.9437424351532286,55493,1549,0.027913430522768637,35058,874,0.024930115808089452,2263,684,0.30225364560318163,88,HellaSwag,0.5,discovery,validation
0.9491815518491015,55489,1397,0.02517616104092703,35058,803,0.022904900450681727,2262,655,0.2895667550839965,89,HellaSwag,0.5,discovery,validation
0.9422271170264664,55503,1593,0.028701151289119507,35062,864,0.02464206263190919,2266,699,0.3084730803177405,90,HellaSwag,0.5,discovery,validation
0.9480690360035748,55494,1431,0.02578657152124554,35058,811,0.02313309373038964,2262,696,0.3076923076923077,91,HellaSwag,0.5,discovery,validation
0.9449970475001052,55503,1520,0.02738590706808641,35065,836,0.023841437330671608,2269,562,0.24768620537681799,92,HellaSwag,0.5,discovery,validation
0.9480651542683213,55505,1432,0.025799477524547337,35067,792,0.02258533664128668,2271,629,0.2769704975781594,93,HellaSwag,0.5,discovery,validation
0.9490934340422682,55492,1403,0.025282923664672385,35060,748,0.021334854535082715,2264,609,0.26899293286219084,94,HellaSwag,0.5,discovery,validation
0.9432564237268412,55510,1569,0.028265177445505316,35068,838,0.02389642979354397,2272,691,0.304137323943662,95,HellaSwag,0.5,discovery,validation
0.9468382985798907,55497,1466,0.026415842297781864,35062,785,0.02238891107181564,2266,669,0.29523389232127095,96,HellaSwag,0.5,discovery,validation
0.9453548133863781,55499,1507,0.027153642407971315,35064,855,0.024383983572895278,2268,701,0.3090828924162258,97,HellaSwag,0.5,discovery,validation
0.9438978545269128,55498,1546,0.027856859706656096,35062,852,0.02429981176202156,2266,681,0.30052956751985876,98,HellaSwag,0.5,discovery,validation
0.943808922383087,55500,1547,0.027873873873873873,35063,893,0.025468442517753757,2267,676,0.29819144243493606,99,HellaSwag,0.5,discovery,validation
0.9449676055886349,55497,1517,0.027334810890678775,35062,826,0.02355826821059837,2266,689,0.30406001765225066,100,HellaSwag,0.5,discovery,validation
0.9497729417620288,55503,1387,0.02498964019962885,35063,746,0.021275988934204147,2267,647,0.2853992059991178,101,HellaSwag,0.5,discovery,validation
0.9492940313583345,55498,1396,0.02515405960575156,35061,772,0.022018767291292318,2265,638,0.28167770419426047,102,HellaSwag,0.5,discovery,validation
0.9394389592774428,55486,1667,0.030043614605486067,35063,906,0.02583920371902005,2267,708,0.3123070136744596,103,HellaSwag,0.5,discovery,validation
0.9429815279185526,55500,1575,0.02837837837837838,35063,854,0.02435615891395488,2267,682,0.30083811204234673,104,HellaSwag,0.5,discovery,validation
0.9449126525373496,55495,1518,0.027353815659068383,35057,829,0.02364720312633711,2261,600,0.26536930561698363,105,HellaSwag,0.5,discovery,validation
0.9480936960729021,55489,1426,0.02569878714700211,35062,786,0.02241743197763961,2266,667,0.294351279788173,106,HellaSwag,0.5,discovery,validation
0.9479998685263178,55501,1433,0.02581935460622331,35063,809,0.02307275475572541,2269,662,0.29175848391361836,107,HellaSwag,0.5,discovery,validation
0.9450016018169503,55493,1516,0.027318760924801327,35062,852,0.02429981176202156,2266,695,0.3067078552515446,108,HellaSwag,0.5,discovery,validation
0.9399174548002058,55506,1662,0.029942708896335532,35068,948,0.0270331926542717,2272,795,0.34991197183098594,109,HellaSwag,0.5,discovery,validation
0.9472567505034943,55488,1451,0.02614979815455594,35059,798,0.02276163039447788,2263,683,0.30181175430844015,110,HellaSwag,0.5,discovery,validation
0.9431593595271681,55496,1566,0.028218249963961366,35061,908,0.02589772111462879,2265,700,0.3090507726269316,111,HellaSwag,0.5,discovery,validation
0.9459087684189751,55509,1495,0.02693256949323533,35065,813,0.023185512619421075,2269,651,0.2869105332745703,112,HellaSwag,0.5,discovery,validation
0.9400126094603373,55498,1654,0.02980287577930736,35059,908,0.025899198493967313,2264,716,0.31625441696113077,113,HellaSwag,0.5,discovery,validation
0.9455147489280901,55494,1501,0.027047969149818,35063,871,0.02484100048484157,2267,646,0.28495809439788267,114,HellaSwag,0.5,discovery,validation
0.9471800507431294,55498,1458,0.0262712169807921,35065,771,0.021987737059746184,2269,606,0.2670780079330101,115,HellaSwag,0.5,discovery,validation
0.9447292341259639,55506,1526,0.027492523330811085,35066,837,0.023869275081275308,2270,672,0.2960352422907489,116,HellaSwag,0.5,discovery,validation
0.9456350838203016,55503,1501,0.02704358322973533,35067,847,0.02415376279693159,2271,644,0.28357551739321885,117,HellaSwag,0.5,discovery,validation
0.9436056144124038,55508,1559,0.028086041651653817,35072,892,0.02543339416058394,2276,706,0.3101933216168717,118,HellaSwag,0.5,discovery,validation
0.9461273099221944,55497,1484,0.026740184154098418,35066,826,0.023555580904579935,2270,659,0.29030837004405285,119,HellaSwag,0.5,discovery,validation
0.9521454278219793,55499,1317,0.023730157300131532,35071,804,0.022924923726155514,2275,676,0.29714285714285715,120,HellaSwag,0.5,discovery,validation
0.9391271641328275,55507,1682,0.030302484371340553,35065,892,0.02543847141023813,2269,650,0.2864698104892023,121,HellaSwag,0.5,discovery,validation
0.9487449577761977,55497,1410,0.025406778744797017,35059,791,0.022561966969964917,2263,674,0.29783473265576665,122,HellaSwag,0.5,discovery,validation
0.9473400606138858,55493,1450,0.026129421728866703,35058,782,0.022305893091448457,2262,667,0.2948717948717949,123,HellaSwag,0.5,discovery,validation
0.9475833588835144,55495,1444,0.026020362194792323,35065,830,0.02367032653643234,2269,737,0.3248126928162186,124,HellaSwag,0.5,discovery,validation
0.9458574851481548,55496,1493,0.026902839844313103,35061,784,0.022361027922763184,2265,657,0.2900662251655629,125,HellaSwag,0.5,discovery,validation
0.9458480137132637,55495,1490,0.026849265699612577,35063,856,0.02441319909876508,2267,701,0.30921923246581384,126,HellaSwag,0.5,discovery,validation
0.941087625099089,55490,1621,0.029212470715444225,35061,878,0.025042069535951627,2265,701,0.30949227373068433,127,HellaSwag,0.5,discovery,validation
0.9429051982798697,55510,1577,0.028409295622410378,35068,874,0.02492300672978214,2272,712,0.31338028169014087,128,HellaSwag,0.5,discovery,validation
0.9412188146437194,55500,1620,0.02918918918918919,35063,897,0.025582522887374157,2267,708,0.3123070136744596,129,HellaSwag,0.5,discovery,validation
0.952472661421133,55487,1307,0.02355506695261953,35057,725,0.02068060587043957,2261,628,0.27775320654577623,130,HellaSwag,0.5,discovery,validation
0.9453747724570103,55502,1507,0.027152174696407336,35064,816,0.02327173169062286,2268,671,0.2958553791887125,131,HellaSwag,0.5,discovery,validation
0.9405850152123907,55493,1638,0.02951723640819563,35068,887,0.025293715067868143,2272,699,0.3076584507042254,132,HellaSwag,0.5,discovery,validation
0.9532118903203748,55490,1285,0.023157325644260228,35061,697,0.019879638344599413,2265,583,0.25739514348785875,133,HellaSwag,0.5,discovery,validation
0.9468325807451665,55485,1462,0.026349463819050192,35059,816,0.023275050628939788,2263,672,0.2969509500662837,134,HellaSwag,0.5,discovery,validation
0.9460772155381771,55504,1488,0.02680887863937734,35067,828,0.023611942852254257,2271,651,0.2866578599735799,135,HellaSwag,0.5,discovery,validation
0.9480974076991074,55497,1430,0.025767158585148747,35057,819,0.023361953390193115,2262,665,0.29398762157382846,136,HellaSwag,0.5,discovery,validation
0.9462911124783148,55500,1482,0.026702702702702703,35067,815,0.023241223942738188,2271,681,0.2998678996036988,137,HellaSwag,0.5,discovery,validation
0.9451304680618381,55499,1513,0.02726175246400836,35063,831,0.023700196788637596,2267,665,0.2933392148213498,138,HellaSwag,0.5,discovery,validation
0.9460203514322527,55499,1490,0.026847330582533017,35062,823,0.023472705493126463,2266,699,0.3084730803177405,139,HellaSwag,0.5,discovery,validation
0.9429170429725293,55497,1575,0.028379912427698793,35059,881,0.02512906814227445,2263,696,0.3075563411400795,140,HellaSwag,0.5,discovery,validation
0.9452478853995999,55500,1510,0.027207207207207207,35061,830,0.023673027010068168,2265,675,0.2980132450331126,141,HellaSwag,0.5,discovery,validation
0.9453018355664572,55501,1508,0.027170681609340372,35066,859,0.02449666343466606,2270,709,0.31233480176211453,142,HellaSwag,0.5,discovery,validation
0.9425562542583553,55497,1584,0.028542083355857072,35062,860,0.024527979008613313,2266,683,0.3014121800529568,143,HellaSwag,0.5,discovery,validation
0.9398021680016787,55509,1662,0.029941090633951253,35068,913,0.026035131744040152,2272,749,0.3296654929577465,144,HellaSwag,0.5,discovery,validation
0.9448482139887636,55492,1519,0.027373315072442873,35063,867,0.024726920115221172,2267,687,0.3030436700485223,145,HellaSwag,0.5,discovery,validation
0.947509533250005,55491,1442,0.025986195959705177,35060,790,0.02253280091272105,2264,655,0.28931095406360424,146,HellaSwag,0.5,discovery,validation
0.9446892926243131,55498,1523,0.027442430357850732,35059,869,0.024786787985966514,2263,686,0.3031374281926646,147,HellaSwag,0.5,discovery,validation
0.9433052957341235,55500,1563,0.028162162162162163,35061,830,0.023673027010068168,2266,692,0.3053839364518976,148,HellaSwag,0.5,discovery,validation
0.9403680891572012,55490,1644,0.029626959812578842,35064,896,0.025553274013232947,2268,639,0.28174603174603174,149,HellaSwag,0.5,discovery,validation
0.9480150723730961,55495,1433,0.02582214613929183,35064,840,0.023956194387405885,2268,692,0.30511463844797176,150,HellaSwag,0.5,discovery,validation
0.9485574761081083,55500,1416,0.025513513513513515,35061,849,0.024214939676563702,2265,637,0.28123620309050773,151,HellaSwag,0.5,discovery,validation
0.9484221014361899,55500,1421,0.025603603603603604,35063,805,0.02295867438610501,2268,628,0.2768959435626102,152,HellaSwag,0.5,discovery,validation
0.9422790117996384,55498,1590,0.028649681069588092,35062,936,0.026695567851234954,2266,732,0.323036187113857,153,HellaSwag,0.5,discovery,validation
0.9495031390017913,55504,1395,0.02513332372441626,35067,778,0.022186100892577068,2271,637,0.2804931748128578,154,HellaSwag,0.5,discovery,validation
0.9488187316920133,55501,1412,0.025440983045350533,35066,780,0.022243768892944733,2270,615,0.2709251101321586,155,HellaSwag,0.5,discovery,validation
0.9425688655981196,55502,1584,0.028539512089654426,35061,825,0.023530418413621974,2265,687,0.3033112582781457,156,HellaSwag,0.5,discovery,validation
0.949676681388511,55490,1381,0.02488736709316994,35058,781,0.022277368931484968,2262,602,0.2661361626878868,157,HellaSwag,0.5,discovery,validation
0.9418737703114908,55497,1603,0.028884444204191218,35059,909,0.025927721840326306,2263,684,0.30225364560318163,158,HellaSwag,0.5,discovery,validation
0.9448492016187543,55495,1519,0.027371835300477522,35071,908,0.02589033674545921,2275,707,0.31076923076923074,159,HellaSwag,0.5,discovery,validation
0.9475785867952652,55503,1446,0.026052645802929573,35065,782,0.02230144018251818,2270,605,0.2665198237885463,160,HellaSwag,0.5,discovery,validation
0.946038328101995,55499,1488,0.026811293897187338,35064,819,0.02335728952772074,2268,641,0.2826278659611993,161,HellaSwag,0.5,discovery,validation
0.9471705800389291,55497,1456,0.026235652377605997,35067,794,0.02264237031967377,2271,641,0.28225451343020697,162,HellaSwag,0.5,discovery,validation
0.9408876466188488,55503,1632,0.02940381600994541,35063,893,0.025468442517753757,2267,686,0.3026025584472872,163,HellaSwag,0.5,discovery,validation
0.9425637001863892,55493,1583,0.028526120411583443,35057,905,0.025815101121031463,2261,752,0.33259619637328613,164,HellaSwag,0.5,discovery,validation
0.9436725094408599,55497,1554,0.02800151359532948,35067,794,0.02264237031967377,2271,637,0.2804931748128578,165,HellaSwag,0.5,discovery,validation
0.9396888428271014,55498,1662,0.02994702511802227,35067,937,0.02672027832435053,2271,719,0.31660061646851606,166,HellaSwag,0.5,discovery,validation
0.9481617535924312,55500,1427,0.025711711711711712,35066,817,0.023298922032738267,2270,673,0.2964757709251101,167,HellaSwag,0.5,discovery,validation
0.9442945720481458,55501,1539,0.02772923010396209,35062,842,0.024014602703781873,2266,665,0.29346866725507503,168,HellaSwag,0.5,discovery,validation
0.9473154213864374,55499,1454,0.026198670246310743,35061,816,0.023273722940018823,2265,633,0.27947019867549666,169,HellaSwag,0.5,discovery,validation
0.9435146769387278,55506,1561,0.028123085792526935,35063,846,0.024127998174714085,2267,665,0.2933392148213498,170,HellaSwag,0.5,discovery,validation
0.9448331904602042,55498,1521,0.027406393023172007,35063,823,0.0234720360493968,2267,660,0.2911336568151742,171,HellaSwag,0.5,discovery,validation
0.9497787790699456,55496,1382,0.024902695689779444,35060,793,0.02261836851112379,2266,560,0.2471315092674316,172,HellaSwag,0.5,discovery,validation
0.9439867869700153,55496,1543,0.027803805679688626,35059,886,0.025271684874069427,2263,707,0.312417145382236,173,HellaSwag,0.5,discovery,validation
0.9468288203606643,55496,1464,0.0263802796597953,35060,820,0.02338847689674843,2264,667,0.2946113074204947,174,HellaSwag,0.5,discovery,validation
0.9437774081416785,55492,1545,0.02784185107763281,35063,898,0.025611042979779255,2267,710,0.31318923687692984,175,HellaSwag,0.5,discovery,validation
0.9433942159166214,55498,1560,0.028109121049407187,35061,905,0.025812155956761073,2265,709,0.3130242825607064,176,HellaSwag,0.5,discovery,validation
0.9473760228969891,55493,1451,0.0261474420197142,35060,777,0.022162007986309185,2264,636,0.28091872791519434,177,HellaSwag,0.5,discovery,validation
0.9461093268076871,55496,1484,0.02674066599394551,35061,812,0.02315963606286187,2265,620,0.2737306843267108,178,HellaSwag,0.5,discovery,validation
0.9431994109182242,55504,1571,0.02830426635918132,35062,844,0.02407164451542981,2266,703,0.31023830538393643,179,HellaSwag,0.5,discovery,validation
0.9421088158316756,55483,1594,0.02872952075410486,35050,867,0.024736091298145507,2255,709,0.3144124168514412,180,HellaSwag,0.5,discovery,validation
0.9458460655031958,55491,1490,0.026851201095673172,35062,826,0.02355826821059837,2266,627,0.2766990291262136,181,HellaSwag,0.5,discovery,validation
0.9463715867501997,55500,1479,0.02664864864864865,35064,898,0.025610312571298196,2268,715,0.3152557319223986,182,HellaSwag,0.5,discovery,validation
0.9445758566623044,55505,1529,0.027547067831726873,35068,824,0.023497205429451353,2272,689,0.3032570422535211,183,HellaSwag,0.5,discovery,validation
0.9448491936700627,55495,1521,0.027407874583295792,35059,869,0.024786787985966514,2264,687,0.3034452296819788,184,HellaSwag,0.5,discovery,validation
0.9473637263021977,55487,1447,0.026078180474705788,35059,777,0.02216264012093899,2263,645,0.28501988510826337,185,HellaSwag,0.5,discovery,validation
0.9478758414232306,55504,1438,0.025908042663591813,35067,770,0.021957966179028718,2271,596,0.2624394539850286,186,HellaSwag,0.5,discovery,validation
0.9410728074775067,55496,1623,0.029245351016289462,35058,918,0.02618517884648297,2262,754,0.3333333333333333,187,HellaSwag,0.5,discovery,validation
0.946421706870123,55491,1475,0.026580886990683172,35065,822,0.02344217881077998,2269,665,0.29308065226972235,188,HellaSwag,0.5,discovery,validation
0.9454012595115728,55501,1506,0.027134646222590583,35063,796,0.022701993554459118,2267,641,0.2827525363917071,189,HellaSwag,0.5,discovery,validation
0.9444724550292717,55497,1527,0.02751500081085464,35061,904,0.025783634237471834,2265,664,0.29315673289183225,190,HellaSwag,0.5,discovery,validation
0.9496137689552927,55509,1393,0.025095029634833992,35065,735,0.020961072294310566,2269,629,0.2772146319964742,191,HellaSwag,0.5,discovery,validation
0.9488159909732554,55496,1409,0.025389217240882226,35064,789,0.022501711156741957,2268,612,0.2698412698412698,192,HellaSwag,0.5,discovery,validation
0.9493943203997113,55501,1394,0.025116664564602438,35061,813,0.02318815778215111,2265,676,0.29845474613686535,193,HellaSwag,0.5,discovery,validation
0.9532169223959611,55502,1290,0.023242405679074627,35066,705,0.020104944960930817,2270,616,0.2713656387665198,194,HellaSwag,0.5,discovery,validation
0.9447802258429628,55500,1522,0.027423423423423424,35063,869,0.024783960300031372,2267,653,0.28804587560652845,195,HellaSwag,0.5,discovery,validation
0.9414833776553218,55490,1611,0.02903225806451613,35054,904,0.025788783020482684,2259,731,0.3235945108455069,196,HellaSwag,0.5,discovery,validation
0.9450405360870273,55500,1514,0.02727927927927928,35063,808,0.02304423466332031,2267,651,0.2871636524040582,197,HellaSwag,0.5,discovery,validation
0.9473419455405137,55497,1451,0.026145557417518065,35062,761,0.021704409332040386,2266,627,0.2766990291262136,198,HellaSwag,0.5,discovery,validation
0.9440617519397089,55503,1546,0.027854350215303678,35062,898,0.025611773429924135,2266,688,0.3036187113857017,199,HellaSwag,0.5,discovery,validation
0.9508665784848317,55496,1354,0.02439815482196915,35058,777,0.022163272291631012,2262,613,0.27099911582670205,200,HellaSwag,0.5,discovery,validation
0.9463147375061255,55494,1478,0.026633509929001334,35065,843,0.024041066590617426,2269,690,0.30409872190392245,201,HellaSwag,0.5,discovery,validation
0.941686582396461,55484,1604,0.028909235094802106,35054,927,0.026444913561933018,2258,722,0.31975199291408324,202,HellaSwag,0.5,discovery,validation
0.9479459139427681,55500,1434,0.025837837837837836,35064,794,0.022644307551905087,2268,657,0.2896825396825397,203,HellaSwag,0.5,discovery,validation
0.943348744638431,55497,1562,0.02814566553147017,35059,885,0.02524316152771043,2263,689,0.3044631020768891,204,HellaSwag,0.5,discovery,validation
0.9480481050365749,55507,1435,0.025852595168176985,35067,760,0.02167279778709328,2271,626,0.2756494936151475,205,HellaSwag,0.5,discovery,validation
0.946399036821705,55500,1477,0.026612612612612614,35067,834,0.02378304388741552,2271,653,0.28753852928225454,206,HellaSwag,0.5,discovery,validation
0.9429147012689459,55511,1578,0.028426798292230368,35067,869,0.024781133259189552,2271,680,0.2994275649493615,207,HellaSwag,0.5,discovery,validation
0.9408389578707257,55497,1633,0.029425013964718815,35064,907,0.02586698608259183,2269,757,0.33362714852357866,208,HellaSwag,0.5,discovery,validation
0.9453679110771381,55489,1505,0.027122492746310078,35053,805,0.0229652240892363,2257,653,0.28932210899424016,209,HellaSwag,0.5,discovery,validation
0.9455337251031005,55496,1500,0.027028975061265677,35060,781,0.022276098117512834,2264,650,0.2871024734982332,210,HellaSwag,0.5,discovery,validation
0.9483017609289999,55511,1430,0.025760660049359587,35068,783,0.022328048363180107,2272,657,0.2891725352112676,211,HellaSwag,0.5,discovery,validation
0.9474971795278622,55502,1449,0.026107167309286153,35067,827,0.023583426013060713,2271,742,0.32672831351827386,212,HellaSwag,0.5,discovery,validation
0.9472264450622951,55501,1456,0.026233761553845877,35063,786,0.022416792630408123,2267,624,0.27525363917071016,213,HellaSwag,0.5,discovery,validation
0.9422926529559363,55507,1593,0.028699082998540723,35063,965,0.027521889170920914,2267,667,0.29422143802382,214,HellaSwag,0.5,discovery,validation
0.9473693898177827,55499,1453,0.026180651903637903,35066,840,0.023954828038555868,2270,691,0.30440528634361236,215,HellaSwag,0.5,discovery,validation
0.9446248579621908,55495,1524,0.0274619335075232,35064,801,0.02284394250513347,2268,604,0.26631393298059963,216,HellaSwag,0.5,discovery,validation
0.9482348120003656,55484,1420,0.025592963737293636,35055,827,0.023591499072885467,2260,629,0.27831858407079646,217,HellaSwag,0.5,discovery,validation
0.953166511079153,55489,1288,0.023211807745679325,35054,739,0.02108175957094768,2258,637,0.2821080602302923,218,HellaSwag,0.5,discovery,validation
0.941669642081707,55486,1606,0.028944238186209136,35059,882,0.025157591488633446,2263,720,0.3181617322138754,219,HellaSwag,0.5,discovery,validation
0.9417595887483178,55485,1603,0.028890691177795802,35056,871,0.02484596074851666,2260,670,0.29646017699115046,220,HellaSwag,0.5,discovery,validation
0.9446393018523188,55507,1528,0.027528059524024,35067,837,0.02386859440499615,2271,685,0.301629238221048,221,HellaSwag,0.5,discovery,validation
0.9543492559885043,55500,1258,0.02266666666666667,35060,706,0.020136908157444382,2264,617,0.27252650176678445,222,HellaSwag,0.5,discovery,validation
0.9442745919442483,55496,1535,0.027659651146028544,35058,894,0.025500599007359234,2262,685,0.30282935455349247,223,HellaSwag,0.5,discovery,validation
0.9450000074894221,55508,1516,0.027311378540030264,35069,911,0.025977358920984347,2273,651,0.2864056313242411,224,HellaSwag,0.5,discovery,validation
0.9479288604151306,55502,1436,0.02587294151562106,35061,799,0.022788853712101764,2265,662,0.2922737306843267,225,HellaSwag,0.5,discovery,validation
0.9446428410925813,55496,1526,0.02749747729566095,35060,844,0.024073017683970337,2265,646,0.28520971302428255,226,HellaSwag,0.5,discovery,validation
0.9536117928444823,55501,1278,0.02302661213311472,35062,731,0.020848782157321315,2266,628,0.27714033539276256,227,HellaSwag,0.5,discovery,validation
0.9523749931729054,55489,1310,0.023608282722701796,35058,672,0.019168235495464658,2262,546,0.2413793103448276,228,HellaSwag,0.5,discovery,validation
0.9482696817768094,55500,1425,0.025675675675675677,35064,810,0.023100616016427104,2268,645,0.2843915343915344,229,HellaSwag,0.5,discovery,validation
0.9438343959625031,55498,1548,0.027892897041334824,35064,853,0.024326945014830025,2268,694,0.30599647266313934,230,HellaSwag,0.5,discovery,validation
0.9416124340730249,55496,1612,0.029047138532506848,35058,899,0.025643219807176678,2262,653,0.28868258178603007,231,HellaSwag,0.5,discovery,validation
0.9496821046203751,55501,1388,0.025008558404353076,35063,821,0.0234149958645866,2267,653,0.28804587560652845,232,HellaSwag,0.5,discovery,validation
0.9484419401913894,55503,1422,0.025620236743959787,35064,787,0.022444672598676704,2268,662,0.29188712522045857,233,HellaSwag,0.5,discovery,validation
0.9473267885553318,55503,1453,0.02617876511179576,35069,824,0.023496535401636775,2273,679,0.2987241531016278,234,HellaSwag,0.5,discovery,validation
0.9439667836169278,55493,1541,0.027769268195988683,35064,864,0.024640657084188913,2268,688,0.30335097001763667,235,HellaSwag,0.5,discovery,validation
0.9443710335653656,55491,1530,0.027572038708979833,35055,888,0.025331621737270004,2259,642,0.28419654714475434,236,HellaSwag,0.5,discovery,validation
0.948101304414746,55486,1428,0.02573622174963054,35058,820,0.02338981117006104,2262,636,0.28116710875331563,237,HellaSwag,0.5,discovery,validation
0.9433931977175379,55497,1558,0.028073589563399823,35063,812,0.023158315032940708,2267,647,0.2853992059991178,238,HellaSwag,0.5,discovery,validation
0.9493120144415712,55499,1398,0.025189643056631652,35065,802,0.02287180949664908,2269,650,0.2864698104892023,239,HellaSwag,0.5,discovery,validation
0.9407702038551551,55502,1634,0.02944038052682786,35069,898,0.025606661153725514,2273,708,0.31148262208534977,240,HellaSwag,0.5,discovery,validation
0.9488358110520043,55499,1411,0.025423881511378584,35061,901,0.02569806907960412,2265,682,0.3011037527593819,241,HellaSwag,0.5,discovery,validation
0.9419097380847969,55497,1601,0.028848406220156043,35066,899,0.02563736953174015,2270,705,0.31057268722466963,242,HellaSwag,0.5,discovery,validation
0.9389293206241526,55508,1689,0.030428046407725014,35066,939,0.026778075628814235,2270,767,0.3378854625550661,243,HellaSwag,0.5,discovery,validation
0.9475426222310331,55503,1447,0.02607066284705331,35062,844,0.02407164451542981,2266,702,0.30979699911738745,244,HellaSwag,0.5,discovery,validation
0.9470636033927607,55498,1458,0.0262712169807921,35059,807,0.023018340511708833,2264,651,0.2875441696113074,245,HellaSwag,0.5,discovery,validation
0.9430079974388006,55499,1573,0.028342853024378816,35066,892,0.025437745964752182,2270,734,0.3233480176211454,246,HellaSwag,0.5,discovery,validation
0.9446068537428105,55496,1529,0.02755153524578348,35059,820,0.023389144014375765,2263,654,0.2889969067609368,247,HellaSwag,0.5,discovery,validation
0.9453018326610498,55501,1508,0.027170681609340372,35062,795,0.02267412013005533,2266,620,0.2736098852603707,248,HellaSwag,0.5,discovery,validation
0.9461737250245225,55499,1485,0.026757238869168812,35064,866,0.024697695642254165,2269,694,0.30586161304539444,249,HellaSwag,0.5,discovery,validation
0.9407543453302637,55507,1635,0.02945574432053615,35066,923,0.0263217931899846,2270,696,0.3066079295154185,250,HellaSwag,0.5,discovery,validation
0.945503315191075,55489,1502,0.027068427976716106,35061,874,0.024927982658794673,2265,744,0.32847682119205296,251,HellaSwag,0.5,discovery,validation
0.9407617416748345,55504,1637,0.029493369847218218,35067,885,0.025237402686286253,2271,729,0.32100396301188905,252,HellaSwag,0.5,discovery,validation
0.9496159981731808,55494,1387,0.024993693011857138,35058,806,0.022990472930572194,2262,642,0.2838196286472148,253,HellaSwag,0.5,discovery,validation
0.9440187427676472,55488,1540,0.02775374855824683,35058,839,0.023931770209367334,2263,660,0.29164825452938575,254,HellaSwag,0.5,discovery,validation
0.9394877399986636,55492,1668,0.0300583867944929,35061,964,0.02749493739482616,2265,712,0.3143487858719647,255,HellaSwag,0.5,discovery,validation
0.9481522923542981,55499,1430,0.02576623002216256,35064,807,0.023015058179329227,2268,647,0.28527336860670194,256,HellaSwag,0.5,discovery,validation
0.9363803302778839,55501,1757,0.031657087259689014,35068,901,0.02569293943196076,2272,700,0.30809859154929575,257,HellaSwag,0.5,discovery,validation
0.9424303521472239,55495,1586,0.02857915127488963,35064,882,0.025154004106776182,2268,627,0.27645502645502645,258,HellaSwag,0.5,discovery,validation
0.9445973805134915,55495,1525,0.027479953148932337,35059,862,0.02458712456145355,2263,673,0.2973928413610252,259,HellaSwag,0.5,discovery,validation
0.9426068966651078,55506,1585,0.02855547148056066,35064,887,0.025296600501939312,2268,595,0.2623456790123457,260,HellaSwag,0.5,discovery,validation
0.9457004775349444,55506,1496,0.026952041220768927,35066,846,0.02412593395311698,2270,676,0.29779735682819386,261,HellaSwag,0.5,discovery,validation
0.9455497538041991,55493,1500,0.027030436271241416,35059,806,0.022989817165349837,2263,634,0.2801590808661069,262,HellaSwag,0.5,discovery,validation
0.94435603031002,55497,1534,0.027641133754977745,35061,922,0.026297025184678132,2265,699,0.3086092715231788,263,HellaSwag,0.5,discovery,validation
0.94207267357678,55499,1597,0.028775293248527,35061,879,0.025070591255240866,2265,709,0.3130242825607064,264,HellaSwag,0.5,discovery,validation
0.9458868982375703,55502,1492,0.026881914165255306,35066,842,0.02401186334340957,2270,695,0.30616740088105726,265,HellaSwag,0.5,discovery,validation
0.9495318944684046,55488,1389,0.02503243944636678,35057,747,0.021308155289956356,2261,577,0.25519681556833257,266,HellaSwag,0.5,discovery,validation
0.945850924749389,55503,1494,0.026917463920869144,35063,827,0.023586116419017197,2267,695,0.3065725628584032,267,HellaSwag,0.5,discovery,validation
0.9444849224836508,55503,1532,0.027602111597571304,35064,830,0.023671001597079626,2268,692,0.30511463844797176,268,HellaSwag,0.5,discovery,validation
0.9451664421970769,55499,1513,0.02726175246400836,35066,873,0.024895910568641988,2270,737,0.3246696035242291,269,HellaSwag,0.5,discovery,validation
0.9524409369295409,55497,1307,0.023550822566985603,35058,731,0.020851160933310513,2262,603,0.26657824933687,270,HellaSwag,0.5,discovery,validation
0.9426600713627962,55488,1578,0.02843858131487889,35055,881,0.025131935529881615,2259,696,0.30810092961487384,271,HellaSwag,0.5,discovery,validation
0.9481750988258962,55490,1426,0.02569832402234637,35061,846,0.024129374518695988,2265,633,0.27947019867549666,272,HellaSwag,0.5,discovery,validation
0.9480349252836967,55498,1431,0.025784712962629283,35066,831,0.023698169166714196,2270,708,0.3118942731277533,273,HellaSwag,0.5,discovery,validation
0.9444599625507358,55489,1529,0.02755501090306187,35052,912,0.026018486819582336,2258,719,0.3184233835252436,274,HellaSwag,0.5,discovery,validation
0.9509376588247695,55493,1351,0.02434541293496477,35062,743,0.021191033027208945,2266,637,0.28111209179170343,275,HellaSwag,0.5,discovery,validation
0.9431339069125846,55500,1567,0.028234234234234233,35064,853,0.024326945014830025,2268,689,0.3037918871252205,276,HellaSwag,0.5,discovery,validation
0.9471819471828813,55502,1457,0.0262513062592339,35067,823,0.023469358656286538,2271,658,0.289740202553941,277,HellaSwag,0.5,discovery,validation
0.9476392020925732,55498,1441,0.02596489963602292,35065,854,0.02435476971338942,2269,731,0.32216835610401057,278,HellaSwag,0.5,discovery,validation
0.9501583033666032,55501,1373,0.024738293003729664,35067,756,0.021558730430319105,2271,648,0.285336856010568,279,HellaSwag,0.5,discovery,validation
0.9464179907167817,55502,1480,0.02666570574033368,35063,788,0.022473832815218323,2267,581,0.2562858403176004,280,HellaSwag,0.5,discovery,validation
0.9486370377249731,55497,1414,0.02547885471286736,35061,783,0.022332506203473945,2265,645,0.2847682119205298,281,HellaSwag,0.5,discovery,validation
0.9508067135832536,55502,1357,0.024449569384887033,35064,718,0.020476842345425506,2268,621,0.27380952380952384,282,HellaSwag,0.5,discovery,validation
0.9435150597681559,55488,1554,0.028006055363321798,35058,877,0.02501568828797992,2262,678,0.29973474801061006,283,HellaSwag,0.5,discovery,validation
0.9459797438423863,55508,1493,0.02689702385241767,35066,862,0.024582216391946615,2270,671,0.2955947136563877,284,HellaSwag,0.5,discovery,validation
0.9444809516575552,55495,1528,0.027534012073159746,35062,854,0.0243568535736695,2266,687,0.3031774051191527,285,HellaSwag,0.5,discovery,validation
0.9455621647209117,55499,1502,0.02706355069460711,35062,834,0.02378643545719012,2266,674,0.2974404236540159,286,HellaSwag,0.5,discovery,validation
0.9504384393256156,55504,1367,0.024628855577976363,35068,781,0.022271016311166875,2272,640,0.28169014084507044,287,HellaSwag,0.5,discovery,validation
0.9368063516724534,55490,1740,0.031357001261488555,35057,965,0.02752659953789543,2261,695,0.3073861123396727,288,HellaSwag,0.5,discovery,validation
0.9425233740433446,55501,1582,0.02850399091908254,35066,965,0.027519534591912392,2270,745,0.32819383259911894,289,HellaSwag,0.5,discovery,validation
0.9382975990207699,55503,1702,0.030665009098607282,35060,956,0.02726754135767256,2264,671,0.2963780918727915,290,HellaSwag,0.5,discovery,validation
0.9446248490986069,55495,1527,0.027515992431750607,35062,752,0.021447721179624665,2266,633,0.2793468667255075,291,HellaSwag,0.5,discovery,validation
0.9430249673207454,55497,1567,0.028235760491558102,35063,912,0.026010324273450645,2267,648,0.2858403176003529,292,HellaSwag,0.5,discovery,validation
0.9427731362158068,55497,1578,0.028433969403751553,35066,848,0.024182969257970685,2270,725,0.31938325991189426,293,HellaSwag,0.5,discovery,validation
0.9472737742781983,55505,1454,0.026195838212773624,35066,805,0.02295671020361604,2270,682,0.3004405286343612,294,HellaSwag,0.5,discovery,validation
0.937738903164519,55501,1720,0.03099043260481793,35063,999,0.028491572312694294,2267,770,0.33965593295103663,295,HellaSwag,0.5,discovery,validation
0.9440132667912784,55495,1544,0.02782232633570592,35056,835,0.023819032405294385,2260,666,0.29469026548672567,296,HellaSwag,0.5,discovery,validation
0.944571887257087,55497,1528,0.027533019802872226,35065,855,0.024383288179095963,2269,721,0.31776112825033054,297,HellaSwag,0.5,discovery,validation
0.9472605142794792,55496,1452,0.026164047859305175,35065,835,0.023812918864965064,2269,688,0.3032172763331864,298,HellaSwag,0.5,discovery,validation
0.9503201793704482,55500,1370,0.024684684684684686,35066,778,0.022186733588091027,2270,657,0.2894273127753304,299,HellaSwag,0.5,discovery,validation
0.9368862286275494,55505,1743,0.03140257634447347,35064,950,0.027093315080994752,2268,736,0.32451499118165783,300,HellaSwag,0.5,discovery,validation
0.9414527061923796,55483,1610,0.029017897373970404,35053,911,0.0259892163295581,2257,744,0.3296411165263624,301,HellaSwag,0.5,discovery,validation
0.9501798659508293,55508,1375,0.024771204150753044,35067,745,0.021245045199190123,2271,596,0.2624394539850286,302,HellaSwag,0.5,discovery,validation
0.948404103935958,55499,1422,0.025622083280779834,35064,782,0.022302076203513575,2269,624,0.2750110180696342,303,HellaSwag,0.5,discovery,validation
0.9407744127729418,55494,1630,0.029372544779615813,35061,935,0.026667807535438237,2265,760,0.3355408388520971,304,HellaSwag,0.5,discovery,validation
0.9439793027586252,55499,1545,0.027838339429539272,35066,830,0.023669651514287345,2270,683,0.30088105726872244,305,HellaSwag,0.5,discovery,validation
0.9446863157528823,55493,1523,0.027444902960733788,35063,831,0.023700196788637596,2268,678,0.29894179894179895,306,HellaSwag,0.5,discovery,validation
0.9466186137116862,55489,1469,0.026473715511182397,35059,831,0.023702900824324708,2263,645,0.28501988510826337,307,HellaSwag,0.5,discovery,validation
0.9477736276029034,55497,1438,0.02591131052128944,35062,772,0.022018139296104043,2266,636,0.28067078552515445,308,HellaSwag,0.5,discovery,validation
0.9490921955134995,55510,1407,0.025346784363177804,35066,795,0.022671533679347516,2270,647,0.28502202643171803,309,HellaSwag,0.5,discovery,validation
0.948972085412167,55502,1408,0.025368455190803937,35062,778,0.022189264731047858,2266,629,0.27758164165931154,310,HellaSwag,0.5,discovery,validation
0.9548169155432502,55500,1244,0.022414414414414413,35063,691,0.01970738385192368,2267,577,0.2545213939126599,311,HellaSwag,0.5,discovery,validation
0.9447252670832859,55498,1523,0.027442430357850732,35067,849,0.024210796475318676,2271,704,0.3099955966534566,312,HellaSwag,0.5,discovery,validation
0.9378013063054562,55500,1716,0.03091891891891892,35063,951,0.027122607877249523,2267,741,0.32686369651521835,313,HellaSwag,0.5,discovery,validation
0.9434851647936411,55500,1557,0.028054054054054055,35068,880,0.025094102885821833,2272,685,0.30149647887323944,314,HellaSwag,0.5,discovery,validation
0.9443075812963484,55491,1533,0.027626101529977833,35059,829,0.02364585413160672,2263,646,0.28546177640300485,315,HellaSwag,0.5,discovery,validation
0.9433337967650491,55503,1562,0.028142622921283535,35064,837,0.023870636550308008,2268,651,0.28703703703703703,316,HellaSwag,0.5,discovery,validation
0.9438483560959745,55489,1545,0.027843356340896394,35061,866,0.02469980890448076,2266,626,0.2762577228596646,317,HellaSwag,0.5,discovery,validation
0.9394719111405665,55497,1670,0.030091716669369516,35064,885,0.02523956194387406,2269,715,0.3151167915381225,318,HellaSwag,0.5,discovery,validation
0.9448845890480034,55511,1520,0.027381960332186414,35068,857,0.02443823428766967,2272,686,0.3019366197183099,319,HellaSwag,0.5,discovery,validation
0.9501246345851588,55486,1373,0.024744980715856253,35056,759,0.02165107256960292,2260,664,0.2938053097345133,320,HellaSwag,0.5,discovery,validation
0.9411415956962202,55491,1623,0.029247986159917826,35057,875,0.02495935191259948,2261,636,0.2812914639540027,321,HellaSwag,0.5,discovery,validation
0.9452354423412153,55494,1510,0.027210148844920172,35059,816,0.023275050628939788,2263,652,0.28811312417145385,322,HellaSwag,0.5,discovery,validation
0.9473570717294955,55510,1456,0.02622950819672131,35067,789,0.02249978612370605,2271,631,0.277851166886834,323,HellaSwag,0.5,discovery,validation
0.9456606068410703,55498,1496,0.026955926339687918,35056,892,0.025445002282062985,2260,697,0.3084070796460177,324,HellaSwag,0.5,discovery,validation
0.9479364539840585,55499,1433,0.025820285050181083,35063,774,0.02207455152154693,2267,649,0.286281429201588,325,HellaSwag,0.5,discovery,validation
0.9456027313296173,55491,1500,0.027031410498999837,35056,791,0.022563897763578276,2261,644,0.2848297213622291,326,HellaSwag,0.5,discovery,validation
0.9465618868973102,55502,1475,0.02657561889661634,35063,876,0.02498360094686707,2267,664,0.29289810322011467,327,HellaSwag,0.5,discovery,validation
0.9428440741682603,55496,1574,0.028362404497621452,35064,880,0.02509696554871093,2268,721,0.31790123456790126,328,HellaSwag,0.5,discovery,validation
0.9449600814514492,55500,1516,0.027315315315315315,35067,834,0.02378304388741552,2271,675,0.29722589167767505,329,HellaSwag,0.5,discovery,validation
0.9462930474300079,55504,1480,0.026664744883251656,35068,861,0.024552298391696134,2272,666,0.29313380281690143,330,HellaSwag,0.5,discovery,validation
0.946923515620816,55506,1465,0.02639354304039203,35067,775,0.022100550374996437,2271,625,0.2752091589608102,331,HellaSwag,0.5,discovery,validation
0.9441666666251447,55496,1535,0.027659651146028544,35059,816,0.023275050628939788,2263,696,0.3075563411400795,332,HellaSwag,0.5,discovery,validation
0.9405501034902084,55495,1640,0.02955221191098297,35056,872,0.02487448653582839,2260,688,0.30442477876106194,333,HellaSwag,0.5,discovery,validation
0.9424820218579556,55508,1590,0.028644519708870792,35066,863,0.02461073404437347,2270,719,0.31674008810572685,334,HellaSwag,0.5,discovery,validation
0.9505625735543354,55499,1361,0.024522964377736534,35060,723,0.020621791215059897,2264,603,0.2663427561837456,335,HellaSwag,0.5,discovery,validation
0.9468042255556339,55501,1466,0.026413938487594817,35061,783,0.022332506203473945,2265,586,0.258719646799117,336,HellaSwag,0.5,discovery,validation
0.9444714606383277,55494,1529,0.02755252820124698,35056,858,0.02447512551346417,2260,688,0.30442477876106194,337,HellaSwag,0.5,discovery,validation
0.9475842975910901,55496,1443,0.02600187400893758,35059,757,0.02159217319375909,2263,610,0.2695536897923111,338,HellaSwag,0.5,discovery,validation
0.9444609659030742,55492,1529,0.02755352122828516,35057,842,0.024018027783324302,2261,673,0.29765590446705,339,HellaSwag,0.5,discovery,validation
0.9397703219112542,55499,1662,0.029946485522261663,35059,950,0.027097179041045097,2263,745,0.32920901458241275,340,HellaSwag,0.5,discovery,validation
0.9358143185192485,55502,1772,0.031926777413426546,35065,989,0.028204762583772993,2270,704,0.31013215859030835,341,HellaSwag,0.5,discovery,validation
0.9469348452346742,55492,1460,0.026310098752973403,35063,786,0.022416792630408123,2267,654,0.28848698720776356,342,HellaSwag,0.5,discovery,validation
0.9489995222974842,55504,1409,0.025385557797636207,35067,768,0.02190093250064163,2271,629,0.2769704975781594,343,HellaSwag,0.5,discovery,validation
0.9525206108417326,55493,1304,0.02349845926513254,35062,738,0.0210484284980891,2266,599,0.26434245366284204,344,HellaSwag,0.5,discovery,validation
0.943674928218796,55485,1549,0.02791745516806344,35052,914,0.026075544904712998,2256,638,0.2828014184397163,345,HellaSwag,0.5,discovery,validation
0.9390710099383254,55504,1683,0.030322138944940905,35066,961,0.027405463982204985,2271,751,0.33069132540730956,346,HellaSwag,0.5,discovery,validation
0.9425382784372414,55495,1582,0.028507072709253085,35065,845,0.024098103522030515,2269,684,0.3014543851917144,347,HellaSwag,0.5,discovery,validation
0.9515757923154045,55494,1332,0.024002594875121634,35065,715,0.020390702980179667,2269,587,0.25870427501101806,348,HellaSwag,0.5,discovery,validation
0.9515878287237932,55500,1334,0.024036036036036035,35063,753,0.021475629581039844,2267,613,0.27040141155712394,349,HellaSwag,0.5,discovery,validation
0.9439358423508438,55502,1546,0.027854852077402615,35064,850,0.024241387177732148,2268,637,0.2808641975308642,350,HellaSwag,0.5,discovery,validation
0.9547151469237612,55493,1244,0.02241724181428288,35064,740,0.02110426648414328,2268,614,0.2707231040564374,351,HellaSwag,0.5,discovery,validation
0.9462201418311632,55503,1484,0.026737293479631732,35061,809,0.023074070904994155,2265,598,0.2640176600441501,352,HellaSwag,0.5,discovery,validation
0.9421392623475743,55506,1598,0.02878968039491226,35071,888,0.025320065010977732,2275,715,0.3142857142857143,353,HellaSwag,0.5,discovery,validation
0.9489068485967354,55498,1408,0.025370283613823923,35059,792,0.022590490316323913,2263,634,0.2801590808661069,354,HellaSwag,0.5,discovery,validation
0.9495153003267267,55510,1394,0.02511259232570708,35071,795,0.022668301445638847,2275,657,0.2887912087912088,355,HellaSwag,0.5,discovery,validation
0.9401057744064406,55504,1653,0.02978163735946959,35064,913,0.02603810175678759,2268,678,0.29894179894179895,356,HellaSwag,0.5,discovery,validation
0.946174689510222,55502,1486,0.026773809952794495,35066,812,0.023156333770604005,2270,574,0.252863436123348,357,HellaSwag,0.5,discovery,validation
0.9458613772190613,55504,1493,0.026898962236955894,35065,818,0.0233281049479538,2269,636,0.28029969149405026,358,HellaSwag,0.5,discovery,validation
0.9417711940419334,55490,1601,0.028852045413588035,35059,882,0.025157591488633446,2263,681,0.30092797171895713,359,HellaSwag,0.5,discovery,validation
0.9462447103758586,55498,1480,0.0266676276622581,35055,877,0.02501782912565968,2259,675,0.29880478087649404,360,HellaSwag,0.5,discovery,validation
0.9441031977290847,55496,1541,0.027767767046273605,35065,830,0.02367032653643234,2269,737,0.3248126928162186,361,HellaSwag,0.5,discovery,validation
0.9520246477319403,55490,1319,0.023770048657415752,35058,774,0.022077699811740546,2262,628,0.27763041556145,362,HellaSwag,0.5,discovery,validation
0.9473930423059366,55510,1451,0.026139434336155648,35070,808,0.02303963501568292,2274,678,0.29815303430079154,363,HellaSwag,0.5,discovery,validation
0.9455261869144799,55499,1505,0.027117605722625632,35060,868,0.02475755847119224,2264,620,0.27385159010600707,364,HellaSwag,0.5,discovery,validation
0.9402422793533991,55507,1650,0.029725980506963085,35066,904,0.02577995779387441,2270,711,0.313215859030837,365,HellaSwag,0.5,discovery,validation
0.9410685924741402,55488,1621,0.029213523644752017,35058,843,0.02404586684922129,2262,651,0.28779840848806365,366,HellaSwag,0.5,discovery,validation
0.9486806152208254,55495,1414,0.025479772952518246,35061,799,0.022788853712101764,2265,670,0.2958057395143488,367,HellaSwag,0.5,discovery,validation
0.9446987894421112,55499,1522,0.02742391754806393,35065,861,0.024554398973335233,2269,691,0.30453944468929045,368,HellaSwag,0.5,discovery,validation
0.9434831440305108,55496,1556,0.02803805679688626,35059,903,0.02575658176217234,2263,646,0.28546177640300485,369,HellaSwag,0.5,discovery,validation
0.945482685222226,55502,1502,0.027062087852689994,35063,901,0.025696603256994553,2267,645,0.28451698279664756,370,HellaSwag,0.5,discovery,validation
0.9427826427909323,55498,1577,0.028415438394176366,35063,864,0.024641359838005875,2268,681,0.3002645502645503,371,HellaSwag,0.5,discovery,validation
0.9424789291795326,55503,1588,0.028611066068500803,35066,935,0.02666400501910683,2270,738,0.3251101321585903,372,HellaSwag,0.5,discovery,validation
0.9457789777730266,55502,1496,0.02695398364022918,35063,890,0.02538288224053846,2267,703,0.31010145566828407,373,HellaSwag,0.5,discovery,validation
0.9463980832529941,55499,1476,0.026595073785113246,35062,812,0.023158975529062802,2266,679,0.2996469549867608,374,HellaSwag,0.5,discovery,validation
0.9470882231682447,55493,1455,0.026219523183104176,35058,853,0.024331108448856182,2262,606,0.26790450928381965,375,HellaSwag,0.5,discovery,validation
0.9491937375951032,55495,1400,0.025227497972790343,35062,754,0.021504762991272602,2266,612,0.27007943512797883,376,HellaSwag,0.5,discovery,validation
0.9412421106057164,55494,1622,0.029228385050636106,35066,879,0.025067016483203104,2270,658,0.28986784140969163,377,HellaSwag,0.5,discovery,validation
0.9491178052399964,55506,1404,0.025294562749972976,35068,771,0.02198585605110072,2272,652,0.2869718309859155,378,HellaSwag,0.5,discovery,validation
0.9475151722408557,55503,1448,0.026088679891177052,35068,834,0.02378236568951751,2272,696,0.30633802816901406,379,HellaSwag,0.5,discovery,validation
0.94071518127707,55500,1636,0.029477477477477476,35064,898,0.025610312571298196,2268,732,0.32275132275132273,380,HellaSwag,0.5,discovery,validation
0.949602522272882,55504,1389,0.025025223407321995,35065,804,0.022928846428062172,2269,673,0.2966064345526664,381,HellaSwag,0.5,discovery,validation
0.9465637946205588,55506,1474,0.026555687673404677,35071,830,0.02366627698098144,2276,655,0.28778558875219684,382,HellaSwag,0.5,discovery,validation
0.9537471087993217,55501,1273,0.022936523666240247,35062,711,0.020278364040841938,2266,564,0.24889673433362755,383,HellaSwag,0.5,discovery,validation
0.9519903931516941,55494,1320,0.023786355281652072,35056,731,0.020852350524874486,2260,652,0.2884955752212389,384,HellaSwag,0.5,discovery,validation
0.9410992569740076,55495,1623,0.02924587800702766,35060,882,0.02515687393040502,2264,724,0.3197879858657244,385,HellaSwag,0.5,discovery,validation
0.948296191962854,55499,1426,0.0256941566514712,35066,756,0.02155934523470028,2270,654,0.28810572687224667,386,HellaSwag,0.5,discovery,validation
0.9527030269201655,55500,1303,0.023477477477477478,35061,707,0.0201648555374918,2265,548,0.24194260485651214,387,HellaSwag,0.5,discovery,validation
0.9442056378788714,55503,1541,0.027764264994684974,35061,865,0.024671287185191522,2265,730,0.32229580573951433,388,HellaSwag,0.5,discovery,validation
0.9422831443430815,55506,1593,0.028699600043238568,35065,952,0.027149579352630827,2269,757,0.33362714852357866,389,HellaSwag,0.5,discovery,validation
0.9439908034037904,55504,1546,0.027853848371288556,35067,836,0.023840077565802607,2271,673,0.29634522236900046,390,HellaSwag,0.5,discovery,validation
0.9413585031119822,55492,1615,0.029103294168528797,35061,867,0.02472833062377,2265,684,0.3019867549668874,391,HellaSwag,0.5,discovery,validation
0.9389333791886738,55498,1684,0.03034343579948827,35062,924,0.026353316981347328,2267,695,0.3065725628584032,392,HellaSwag,0.5,discovery,validation
0.9457505471197111,55499,1495,0.026937422295897222,35059,824,0.023503237399811746,2263,638,0.2819266460450729,393,HellaSwag,0.5,discovery,validation
0.9467492983277679,55499,1469,0.026468945386403358,35066,848,0.024182969257970685,2270,652,0.2872246696035242,394,HellaSwag,0.5,discovery,validation
0.9432133221864842,55497,1565,0.02819972250752293,35066,873,0.024895910568641988,2270,650,0.28634361233480177,395,HellaSwag,0.5,discovery,validation
0.9378490594145877,55505,1716,0.0309161336816503,35063,984,0.0280637709266178,2267,723,0.31892368769298635,396,HellaSwag,0.5,discovery,validation
0.9424979500269205,55505,1587,0.028592018737050716,35065,863,0.024611435904748326,2269,690,0.30409872190392245,397,HellaSwag,0.5,discovery,validation
0.9482546582006002,55487,1421,0.02560960224917548,35052,855,0.02439233139335844,2256,609,0.2699468085106383,398,HellaSwag,0.5,discovery,validation
0.9473410029408119,55496,1453,0.026182067176012687,35066,775,0.02210118063081047,2270,651,0.286784140969163,399,HellaSwag,0.5,discovery,validation
0.9470371082598694,55499,1459,0.026288761959674948,35060,774,0.022076440387906446,2264,607,0.2681095406360424,400,HellaSwag,0.5,discovery,validation
0.9488284706760631,55484,1405,0.025322615528801096,35053,771,0.02199526431403874,2257,619,0.27425786442179884,401,HellaSwag,0.5,discovery,validation
0.9427602876382946,55507,1581,0.028482894049399174,35069,861,0.024551598277681143,2273,716,0.31500219973603166,402,HellaSwag,0.5,discovery,validation
0.9489342826208297,55498,1407,0.025352264946484557,35060,816,0.02327438676554478,2264,643,0.2840106007067138,403,HellaSwag,0.5,discovery,validation
0.9399068479017855,55502,1657,0.029854780007927642,35067,996,0.028402771836769612,2271,804,0.35402906208718626,404,HellaSwag,0.5,discovery,validation
0.9471365158470365,55482,1452,0.026170649940521252,35056,800,0.022820629849383843,2261,598,0.26448474126492705,405,HellaSwag,0.5,discovery,validation
0.9436799987907527,55494,1554,0.028003027354308575,35064,860,0.024526579968058407,2268,625,0.27557319223985893,406,HellaSwag,0.5,discovery,validation
0.9395915378058529,55502,1667,0.03003495369536233,35064,889,0.025353639060004565,2268,704,0.31040564373897706,407,HellaSwag,0.5,discovery,validation
0.9355494784245176,55494,1777,0.032021479799617975,35060,949,0.027067883628066173,2264,695,0.30697879858657245,408,HellaSwag,0.5,discovery,validation
0.9430100476023371,55503,1572,0.028322793362520946,35063,852,0.024299118729144684,2267,611,0.2695191883546537,409,HellaSwag,0.5,discovery,validation
0.9437824461256147,55501,1549,0.027909407037711033,35063,839,0.02392835752787839,2267,662,0.29201588001764445,410,HellaSwag,0.5,discovery,validation
0.9405205252810972,55506,1642,0.02958238748964076,35063,932,0.026580726121552635,2267,721,0.3180414644905161,411,HellaSwag,0.5,discovery,validation
0.942737165093588,55498,1578,0.02843345706151573,35062,840,0.023957560892133935,2266,721,0.3181818181818182,412,HellaSwag,0.5,discovery,validation
0.939840116929508,55495,1659,0.029894585097756554,35063,899,0.025639563072184353,2267,688,0.3034847816497574,413,HellaSwag,0.5,discovery,validation
0.9455687125580798,55495,1499,0.0270114424722948,35064,805,0.022958019621263974,2268,620,0.27336860670194,414,HellaSwag,0.5,discovery,validation
0.9460222859048206,55502,1491,0.026863896796511837,35064,816,0.02327173169062286,2268,644,0.2839506172839506,415,HellaSwag,0.5,discovery,validation
0.9461311655914874,55505,1486,0.026772362850193677,35067,870,0.024809650098383096,2272,727,0.3199823943661972,416,HellaSwag,0.5,discovery,validation
0.9452648919194936,55498,1509,0.027190169015099644,35065,911,0.025980322258662484,2269,778,0.3428823270163067,417,HellaSwag,0.5,discovery,validation
0.9453502325950446,55507,1510,0.02720377610031167,35069,841,0.023981294020359863,2273,700,0.3079630444346678,418,HellaSwag,0.5,discovery,validation
0.9446238618726558,55494,1526,0.02749846830287959,35057,864,0.024645577202841086,2261,724,0.3202122954444936,419,HellaSwag,0.5,discovery,validation
0.9416505003865615,55500,1610,0.029009009009009008,35063,951,0.027122607877249523,2267,731,0.32245258050286724,420,HellaSwag,0.5,discovery,validation
0.9431519016088251,55499,1567,0.02823474296834177,35064,816,0.02327173169062286,2268,622,0.2742504409171076,421,HellaSwag,0.5,discovery,validation
0.9503278482167002,55497,1368,0.02464998108005838,35061,760,0.021676506659821453,2265,632,0.2790286975717439,422,HellaSwag,0.5,discovery,validation
0.9460818582928137,55496,1485,0.02675868531065302,35062,816,0.02327305915235868,2266,637,0.28111209179170343,423,HellaSwag,0.5,discovery,validation
0.9468590839646983,55486,1461,0.02633096636989511,35058,787,0.0224485138912659,2262,647,0.28603006189213087,424,HellaSwag,0.5,discovery,validation
0.9457004720282348,55506,1498,0.0269880733614384,35072,864,0.024635036496350366,2276,656,0.28822495606326887,425,HellaSwag,0.5,discovery,validation
0.946400959471758,55504,1482,0.02670077832228308,35062,830,0.023672351833894243,2266,657,0.28993821712268314,426,HellaSwag,0.5,discovery,validation
0.9416102483212765,55510,1614,0.02907584219059629,35067,895,0.02552257107822169,2271,638,0.2809335094671951,427,HellaSwag,0.5,discovery,validation
0.9542576797931837,55497,1260,0.022703929942159036,35059,742,0.02116432299837417,2263,580,0.25629695095006627,428,HellaSwag,0.5,discovery,validation
0.9453898202416529,55496,1504,0.027101052328095718,35064,856,0.024412502851927902,2268,650,0.2865961199294533,429,HellaSwag,0.5,discovery,validation
0.9507896121273678,55504,1358,0.024466705102334965,35062,757,0.021590325708744508,2266,668,0.294792586054722,430,HellaSwag,0.5,discovery,validation
0.9413711742796091,55500,1615,0.0290990990990991,35062,914,0.02606810792310764,2266,653,0.2881729920564872,431,HellaSwag,0.5,discovery,validation
0.9476770514821125,55502,1443,0.02599906309682534,35069,822,0.023439504975904645,2274,697,0.3065083553210202,432,HellaSwag,0.5,discovery,validation
0.9443845033694466,55500,1535,0.027657657657657656,35064,846,0.024127310061601643,2268,695,0.3064373897707231,433,HellaSwag,0.5,discovery,validation
0.9475871124390896,55503,1447,0.02607066284705331,35064,859,0.024498060689025783,2268,678,0.29894179894179895,434,HellaSwag,0.5,discovery,validation
0.9520066592078731,55491,1322,0.02382368311978519,35059,805,0.022961293818990845,2263,649,0.28678745028722935,435,HellaSwag,0.5,discovery,validation
0.9424630091827897,55506,1590,0.028645551832234353,35062,830,0.023672351833894243,2266,671,0.2961165048543689,436,HellaSwag,0.5,discovery,validation
0.9408326201042962,55501,1633,0.02942289328120214,35060,910,0.025955504848830576,2264,699,0.30874558303886923,437,HellaSwag,0.5,discovery,validation
0.9492720454073059,55510,1401,0.02523869573049901,35069,775,0.022099289971199636,2273,608,0.26748790145182577,438,HellaSwag,0.5,discovery,validation
0.9483038038574515,55496,1425,0.025677526308202393,35061,815,0.023245201220729584,2265,651,0.28741721854304636,439,HellaSwag,0.5,discovery,validation
0.9467700940675434,55487,1464,0.02638455854524483,35053,854,0.024363107294668073,2257,628,0.27824545857332744,440,HellaSwag,0.5,discovery,validation
0.943879875237392,55499,1545,0.027838339429539272,35064,826,0.02355692448094912,2268,704,0.31040564373897706,441,HellaSwag,0.5,discovery,validation
0.9426133108130773,55503,1583,0.028520980847882096,35065,892,0.02543847141023813,2269,714,0.3146760687527545,442,HellaSwag,0.5,discovery,validation
0.9394465516546703,55501,1671,0.030107565629448118,35061,974,0.02778015458771855,2265,686,0.30286975717439296,443,HellaSwag,0.5,discovery,validation
0.9479118078078378,55504,1436,0.025872009224560392,35062,831,0.023700872739718215,2266,663,0.2925860547219771,444,HellaSwag,0.5,discovery,validation
0.9426271767718409,55493,1581,0.028490079829888455,35058,816,0.023275714530207086,2263,643,0.28413610251878035,445,HellaSwag,0.5,discovery,validation
0.9460222894244465,55502,1488,0.026809844690281432,35063,825,0.023529076234207,2267,649,0.286281429201588,446,HellaSwag,0.5,discovery,validation
0.946978427068769,55508,1465,0.026392592058802334,35067,847,0.02415376279693159,2271,695,0.30603258476442097,447,HellaSwag,0.5,discovery,validation
0.9471734306998889,55502,1457,0.0262513062592339,35064,844,0.02407027150353639,2268,622,0.2742504409171076,448,HellaSwag,0.5,discovery,validation
0.9461093182364494,55496,1483,0.026722646677237998,35061,837,0.023872679045092837,2266,675,0.2978817299205649,449,HellaSwag,0.5,discovery,validation
0.9411521704124466,55493,1622,0.02922891175463572,35062,883,0.0251839598425646,2266,713,0.3146513680494263,450,HellaSwag,0.5,discovery,validation
0.9411532125058333,55496,1621,0.02920931238287444,35062,894,0.025497689806628258,2266,660,0.2912621359223301,451,HellaSwag,0.5,discovery,validation
0.9396719445320044,55500,1662,0.029945945945945945,35063,867,0.024726920115221172,2267,708,0.3123070136744596,452,HellaSwag,0.5,discovery,validation
0.9416695364766803,55502,1611,0.02902598104572808,35059,863,0.024615647907812545,2263,697,0.30799823243482105,453,HellaSwag,0.5,discovery,validation
0.9418981538478687,55492,1602,0.028869026165933828,35058,835,0.02381767356951338,2262,630,0.27851458885941643,454,HellaSwag,0.5,discovery,validation
0.9453463162376455,55499,1505,0.027117605722625632,35065,872,0.02486810209610723,2269,664,0.29263992948435436,455,HellaSwag,0.5,discovery,validation
0.9394612859635265,55493,1667,0.030039824842772962,35059,943,0.02689751561653213,2263,726,0.32081307998232433,456,HellaSwag,0.5,discovery,validation
0.9437844683938744,55505,1551,0.027943428519953156,35068,828,0.023611269533477815,2272,666,0.29313380281690143,457,HellaSwag,0.5,discovery,validation
0.9435255667973912,55492,1555,0.028022057233475096,35063,862,0.024584319653195675,2267,708,0.3123070136744596,458,HellaSwag,0.5,discovery,validation
0.9507055834354564,55498,1360,0.02450538758153447,35063,768,0.021903430967116333,2267,658,0.290251433612704,459,HellaSwag,0.5,discovery,validation
0.9454941227579039,55507,1505,0.027113697371502692,35067,784,0.02235720192773833,2271,663,0.2919418758256275,460,HellaSwag,0.5,discovery,validation
0.9426631610841208,55493,1576,0.028399978375650982,35060,929,0.02649743297204792,2264,686,0.3030035335689046,461,HellaSwag,0.5,discovery,validation
0.9478105481900687,55500,1440,0.025945945945945945,35063,819,0.0233579556797764,2267,633,0.2792236435818262,462,HellaSwag,0.5,discovery,validation
0.9431220445190476,55511,1572,0.02831871160670858,35066,869,0.02478183995893458,2270,709,0.31233480176211453,463,HellaSwag,0.5,discovery,validation
0.946641385110852,55499,1472,0.02652300041442188,35064,778,0.02218799908738307,2268,638,0.281305114638448,464,HellaSwag,0.5,discovery,validation
0.9490412893926253,55497,1404,0.025298664792691498,35065,789,0.022501069442463995,2269,661,0.2913177611282503,465,HellaSwag,0.5,discovery,validation
0.9453387957750696,55503,1508,0.027169702538601518,35064,838,0.023899155829340633,2268,630,0.2777777777777778,466,HellaSwag,0.5,discovery,validation
0.9409246762298208,55506,1631,0.029384210715958634,35062,890,0.025383606183332384,2266,720,0.3177405119152692,467,HellaSwag,0.5,discovery,validation
0.9412018731537342,55503,1623,0.02924166261283174,35065,848,0.02418365891915015,2269,652,0.2873512560599383,468,HellaSwag,0.5,discovery,validation
0.9482876686827612,55501,1424,0.025657195365849265,35063,856,0.02441319909876508,2267,692,0.30524922805469784,469,HellaSwag,0.5,discovery,validation
0.9461131819344215,55504,1490,0.026844912078408764,35067,800,0.02281347135483503,2271,649,0.2857771906649053,470,HellaSwag,0.5,discovery,validation
0.9433996571156922,55491,1558,0.028076625038294497,35059,842,0.024016657634273655,2263,649,0.28678745028722935,471,HellaSwag,0.5,discovery,validation
0.9475303310995815,55497,1446,0.02605546245743013,35064,770,0.021959844855122063,2269,633,0.2789775231379462,472,HellaSwag,0.5,discovery,validation
0.9506628241541826,55502,1360,0.024503621491117438,35063,736,0.020990788010153152,2267,574,0.25319805910895454,473,HellaSwag,0.5,discovery,validation
0.9499492170184384,55495,1379,0.024849085503198486,35060,751,0.021420422133485453,2264,637,0.28136042402826855,474,HellaSwag,0.5,discovery,validation
0.9434960648613817,55486,1555,0.028025087409436614,35058,841,0.023988818529294312,2262,699,0.3090185676392573,475,HellaSwag,0.5,discovery,validation
0.9468998154311618,55495,1464,0.026380755022975044,35064,786,0.02241615331964408,2268,650,0.2865961199294533,476,HellaSwag,0.5,discovery,validation
0.944378009595197,55506,1535,0.02765466796382373,35067,799,0.022784954515641487,2271,691,0.3042712461470718,477,HellaSwag,0.5,discovery,validation
0.945030065050127,55496,1512,0.027245206861755803,35055,882,0.0251604621309371,2259,719,0.31828242585214694,478,HellaSwag,0.5,discovery,validation
0.94268962994127,55494,1579,0.028453526507370167,35057,887,0.025301651595972273,2261,659,0.2914639540026537,479,HellaSwag,0.5,discovery,validation
0.9458934761684671,55496,1492,0.026884820527605595,35058,830,0.023675052769695934,2262,628,0.27763041556145,480,HellaSwag,0.5,discovery,validation
0.9476903372320031,55492,1440,0.025949686441288835,35061,799,0.022788853712101764,2265,670,0.2958057395143488,481,HellaSwag,0.5,discovery,validation
0.9441706721000203,55504,1539,0.027727731334678582,35061,881,0.025127634693819345,2265,663,0.29271523178807946,482,HellaSwag,0.5,discovery,validation
0.9496690564578201,55492,1384,0.024940531968572047,35062,792,0.022588557412583424,2266,594,0.2621359223300971,483,HellaSwag,0.5,discovery,validation
0.9488983081617115,55498,1408,0.025370283613823923,35060,823,0.02347404449515117,2264,677,0.29902826855123676,484,HellaSwag,0.5,discovery,validation
0.9521420060886563,55493,1316,0.02371470275530247,35063,733,0.020905227732937855,2267,565,0.24922805469783854,485,HellaSwag,0.5,discovery,validation
0.9460468380515592,55497,1489,0.026830279114186353,35060,787,0.02244723331431831,2264,651,0.2875441696113074,486,HellaSwag,0.5,discovery,validation
0.9447802185070364,55500,1522,0.027423423423423424,35061,843,0.02404380936082827,2265,630,0.2781456953642384,487,HellaSwag,0.5,discovery,validation
0.9459880430025792,55487,1486,0.026781047813001245,35061,893,0.025469895325290207,2265,757,0.33421633554083885,488,HellaSwag,0.5,discovery,validation
0.9414177243226773,55502,1617,0.029134085258188894,35062,881,0.025126918030916663,2266,678,0.2992056487202118,489,HellaSwag,0.5,discovery,validation
0.9483803789785621,55507,1422,0.02561839047327364,35066,783,0.02232932185022529,2270,581,0.25594713656387663,490,HellaSwag,0.5,discovery,validation
0.9464918586876934,55506,1479,0.02664576802507837,35067,826,0.02355490917386717,2271,659,0.2901805372082783,491,HellaSwag,0.5,discovery,validation
0.9518969926861741,55487,1322,0.02382540054427163,35056,760,0.021679598356914652,2260,606,0.268141592920354,492,HellaSwag,0.5,discovery,validation
0.9452799355392365,55492,1505,0.027121026454263678,35062,796,0.0227026410358793,2266,627,0.2766990291262136,493,HellaSwag,0.5,discovery,validation
0.9479279270368832,55501,1436,0.025873407686347993,35061,823,0.023473374975043496,2265,700,0.3090507726269316,494,HellaSwag,0.5,discovery,validation
0.9490867142202605,55498,1404,0.025298208944466466,35067,766,0.021843898822254543,2271,643,0.28313518273888155,495,HellaSwag,0.5,discovery,validation
0.9444184844249374,55496,1531,0.0275875738791985,35063,861,0.024555799560790577,2267,695,0.3065725628584032,496,HellaSwag,0.5,discovery,validation
0.9453643109517809,55500,1506,0.027135135135135133,35064,874,0.024925849874515172,2268,655,0.28880070546737213,497,HellaSwag,0.5,discovery,validation
0.944252104166941,55505,1540,0.027745248175840013,35067,853,0.02432486383209285,2271,688,0.30295024218405986,498,HellaSwag,0.5,discovery,validation
0.9468250699907613,55507,1468,0.02644711477831625,35066,782,0.022300804197798438,2270,622,0.2740088105726872,499,HellaSwag,0.5,discovery,validation
0.9401565145959802,55498,1649,0.029712782442610546,35059,900,0.025671011723095355,2263,651,0.2876712328767123,500,HellaSwag,0.5,discovery,validation
0.9402939979704128,55487,1644,0.029628561645070016,35059,940,0.026811945577455146,2263,705,0.311533362792753,501,HellaSwag,0.5,discovery,validation
0.9447602479325573,55497,1524,0.027460943834801882,35066,831,0.023698169166714196,2270,732,0.3224669603524229,502,HellaSwag,0.5,discovery,validation
0.9521642790102782,55501,1317,0.02372930217473559,35062,752,0.021447721179624665,2266,635,0.2802294792586055,503,HellaSwag,0.5,discovery,validation
0.9462230313774963,55508,1486,0.026770915904013835,35065,776,0.02213032938827891,2269,659,0.2904363155575143,504,HellaSwag,0.5,discovery,validation
0.9467777223640191,55502,1467,0.026431479946668588,35063,794,0.022644953369648918,2267,651,0.2871636524040582,505,HellaSwag,0.5,discovery,validation
0.9460050833519044,55487,1485,0.02676302557355777,35055,810,0.023106546854942234,2259,616,0.2726870296591412,506,HellaSwag,0.5,discovery,validation
0.9497027961952204,55507,1388,0.025005855117372584,35067,758,0.021615764108706192,2271,654,0.28797886393659183,507,HellaSwag,0.5,discovery,validation
0.9461671468324298,55505,1485,0.0267543464552743,35066,778,0.022186733588091027,2270,649,0.28590308370044054,508,HellaSwag,0.5,discovery,validation
0.9474242971970767,55501,1450,0.02612565539359651,35062,851,0.024271290856197593,2266,653,0.2881729920564872,509,HellaSwag,0.5,discovery,validation
0.9470796983347427,55495,1457,0.02625461753311109,35062,802,0.022873766470823113,2266,659,0.2908208296557811,510,HellaSwag,0.5,discovery,validation
0.9469556738886753,55498,1461,0.02632527298281019,35061,805,0.022959984027837197,2266,704,0.3106796116504854,511,HellaSwag,0.5,discovery,validation
0.9474934153610497,55494,1447,0.02607489097920496,35060,819,0.02335995436394752,2264,654,0.28886925795053003,512,HellaSwag,0.5,discovery,validation
0.938659534021414,55507,1697,0.03057272055776749,35066,884,0.025209604745337365,2270,689,0.30352422907488985,513,HellaSwag,0.5,discovery,validation
0.9441052085674895,55500,1539,0.02772972972972973,35062,802,0.022873766470823113,2266,624,0.27537511032656664,514,HellaSwag,0.5,discovery,validation
0.9466669409590054,55497,1468,0.026451880281817036,35060,834,0.02378779235596121,2264,662,0.2924028268551237,515,HellaSwag,0.5,discovery,validation
0.9489693391802039,55497,1404,0.025298664792691498,35062,801,0.022845245564999145,2266,686,0.3027360988526037,516,HellaSwag,0.5,discovery,validation
0.9500211635750342,55495,1376,0.024795026578971077,35058,753,0.021478692452507275,2262,636,0.28116710875331563,517,HellaSwag,0.5,discovery,validation
0.9423203602606084,55491,1587,0.028599232307941827,35058,945,0.026955331165497178,2262,724,0.32007073386383733,518,HellaSwag,0.5,discovery,validation
0.9514011393861056,55504,1341,0.024160420870567887,35066,754,0.021502309929846575,2270,610,0.2687224669603524,519,HellaSwag,0.5,discovery,validation
0.9381312928146263,55496,1707,0.03075897361972034,35057,917,0.026157400804404256,2261,675,0.29854046881910656,520,HellaSwag,0.5,discovery,validation
0.9462172476881142,55496,1482,0.02670462736053049,35062,845,0.024100165421253778,2266,696,0.30714916151809357,521,HellaSwag,0.5,discovery,validation
0.9417298711811413,55497,1606,0.028938501180243978,35067,893,0.025465537399834603,2271,714,0.3143989431968296,522,HellaSwag,0.5,discovery,validation
0.9470806502409433,55496,1458,0.026272163759550236,35061,812,0.02315963606286187,2266,625,0.2758164165931156,523,HellaSwag,0.5,discovery,validation
0.9447432581335553,55499,1522,0.02742391754806393,35065,877,0.025010694424639955,2269,671,0.2957249889819304,524,HellaSwag,0.5,discovery,validation
0.9478361233345654,55496,1435,0.0258577194752775,35061,762,0.02173355009839993,2265,633,0.27947019867549666,525,HellaSwag,0.5,discovery,validation
0.9400485839191761,55498,1654,0.02980287577930736,35065,892,0.02543847141023813,2269,681,0.3001322168356104,526,HellaSwag,0.5,discovery,validation
0.9440912376232166,55507,1545,0.027834327201974526,35066,821,0.023412992642445674,2270,686,0.3022026431718062,527,HellaSwag,0.5,discovery,validation
0.9492876714836942,55485,1393,0.025105884473281066,35063,808,0.02304423466332031,2267,691,0.30480811645346273,528,HellaSwag,0.5,discovery,validation
0.9526841924789985,55498,1304,0.02349634221053011,35065,689,0.019649222871809497,2269,623,0.2745702952842662,529,HellaSwag,0.5,discovery,validation
0.9468326384098995,55504,1468,0.026448544249063132,35064,845,0.024098790782569015,2268,665,0.2932098765432099,530,HellaSwag,0.5,discovery,validation
0.9486891635199152,55494,1414,0.025480232097163658,35059,758,0.021620696540118087,2263,543,0.23994697304463103,531,HellaSwag,0.5,discovery,validation
0.9470030265501669,55503,1462,0.02634091850890943,35067,795,0.022670887158867312,2271,634,0.27917217084984586,532,HellaSwag,0.5,discovery,validation
0.9387579065131016,55506,1693,0.030501207076712427,35066,925,0.026378828494838306,2270,710,0.31277533039647576,533,HellaSwag,0.5,discovery,validation
0.9461783640916647,55491,1481,0.026689012632679174,35053,853,0.024334579065985792,2257,703,0.3114754098360656,534,HellaSwag,0.5,discovery,validation
0.9477519110387422,55490,1439,0.02593260046855289,35059,774,0.022077070081862004,2263,662,0.29253203711886877,535,HellaSwag,0.5,discovery,validation
0.9468970182916971,55507,1466,0.026411083286792657,35066,858,0.024468145782239208,2270,721,0.31762114537444935,536,HellaSwag,0.5,discovery,validation
0.9410654119810754,55483,1623,0.02925220337761116,35060,915,0.02609811751283514,2264,697,0.30786219081272087,537,HellaSwag,0.5,discovery,validation
0.943924322840667,55497,1546,0.027857361659188784,35064,886,0.025268081222906684,2269,693,0.30542089026002645,538,HellaSwag,0.5,discovery,validation
0.9458764535957797,55498,1491,0.0268658330029911,35059,899,0.02564248837673636,2263,665,0.2938577110030932,539,HellaSwag,0.5,discovery,validation
0.9488272796984757,55501,1410,0.025404947658600747,35061,787,0.022446593080630902,2265,625,0.27593818984547464,540,HellaSwag,0.5,discovery,validation
0.9412146022294008,55492,1622,0.029229438477618396,35063,845,0.024099478082308987,2267,637,0.28098808998676666,541,HellaSwag,0.5,discovery,validation
0.9471014747184614,55502,1457,0.0262513062592339,35061,821,0.023416331536465017,2265,622,0.27461368653421636,542,HellaSwag,0.5,discovery,validation
0.9505643408873763,55503,1363,0.024557231140659063,35064,754,0.021503536390600046,2268,612,0.2698412698412698,543,HellaSwag,0.5,discovery,validation
0.9415394322982553,55495,1612,0.029047661951527165,35062,840,0.023957560892133935,2266,684,0.30185348631950576,544,HellaSwag,0.5,discovery,validation
0.9461207259107484,55501,1487,0.026792310048467594,35065,842,0.02401254812491088,2269,672,0.2961657117672984,545,HellaSwag,0.5,discovery,validation
0.940018915156566,55494,1655,0.029823043932677408,35066,945,0.02694918154337535,2270,713,0.3140969162995595,546,HellaSwag,0.5,discovery,validation
0.9378148323375469,55493,1714,0.030886778512605195,35057,895,0.02552985138488747,2261,738,0.3264042459088899,547,HellaSwag,0.5,discovery,validation
0.9493318205913432,55502,1395,0.02513422939713884,35065,797,0.022729217168116354,2269,617,0.2719259585720582,548,HellaSwag,0.5,discovery,validation
0.9455925590172187,55506,1500,0.02702410550210788,35067,859,0.024495964867254114,2271,649,0.2857771906649053,549,HellaSwag,0.5,discovery,validation
0.9437689219650168,55492,1548,0.027895912924385497,35055,872,0.024875196120382255,2259,704,0.3116423196104471,550,HellaSwag,0.5,discovery,validation
0.945931377270288,55500,1490,0.026846846846846847,35059,854,0.02435893779058159,2263,679,0.30004418912947417,551,HellaSwag,0.5,discovery,validation
0.9473495256817083,55495,1452,0.02616451932606541,35059,798,0.02276163039447788,2263,620,0.273972602739726,552,HellaSwag,0.5,discovery,validation
0.942757208120842,55502,1579,0.028449425245937084,35065,890,0.02538143447882504,2269,723,0.31864257382106653,553,HellaSwag,0.5,discovery,validation
0.9471365067018485,55501,1457,0.02625177924722077,35064,845,0.024098790782569015,2268,704,0.31040564373897706,554,HellaSwag,0.5,discovery,validation
0.9500625092058201,55507,1379,0.024843713405516422,35065,740,0.021103664622843292,2269,625,0.2754517408550022,555,HellaSwag,0.5,discovery,validation
0.953404530271303,55500,1286,0.023171171171171172,35059,719,0.02050828603211729,2263,607,0.2682280159080866,556,HellaSwag,0.5,discovery,validation
0.9469708216354658,55492,1461,0.02632811936855763,35057,774,0.02207832957754514,2261,618,0.27333038478549315,557,HellaSwag,0.5,discovery,validation
0.947552080027579,55504,1448,0.02608820985874892,35067,768,0.02190093250064163,2271,650,0.2862175253192426,558,HellaSwag,0.5,discovery,validation
0.9413997232736983,55503,1617,0.029133560348089293,35066,904,0.02577995779387441,2270,688,0.3030837004405286,559,HellaSwag,0.5,discovery,validation
0.9440417561807496,55498,1543,0.027802803704638005,35065,840,0.02395551119349779,2269,691,0.30453944468929045,560,HellaSwag,0.5,discovery,validation
0.9382094612483387,55490,1701,0.030654171922868987,35061,879,0.025070591255240866,2265,674,0.2975717439293598,561,HellaSwag,0.5,discovery,validation
0.9482309183042438,55495,1427,0.02571402829083701,35057,795,0.02267735402344753,2261,677,0.2994250331711632,562,HellaSwag,0.5,discovery,validation
0.9471828907553197,55503,1455,0.02621479920004324,35064,806,0.022986538900296602,2269,705,0.31070956368444247,563,HellaSwag,0.5,discovery,validation
0.9462816474310419,55499,1481,0.02668516549847745,35063,835,0.023814277158257992,2267,698,0.3078958976621085,564,HellaSwag,0.5,discovery,validation
0.9486181178210357,55495,1414,0.025479772952518246,35061,786,0.022418071361341663,2266,542,0.23918799646954986,565,HellaSwag,0.5,discovery,validation
0.948536716350832,55494,1418,0.02555231196165351,35057,720,0.02053798100236757,2261,585,0.25873507297655907,566,HellaSwag,0.5,discovery,validation
0.9455317611675172,55492,1500,0.027030923376342535,35056,825,0.023533774532177087,2260,704,0.31150442477876106,567,HellaSwag,0.5,discovery,validation
0.9459048849816609,55501,1492,0.026882398515342066,35063,855,0.02438467900635998,2267,683,0.30127922364358184,568,HellaSwag,0.5,discovery,validation
0.9518387934032195,55497,1325,0.02387516442330216,35061,780,0.02224694104560623,2265,621,0.27417218543046357,569,HellaSwag,0.5,discovery,validation
0.945741059439634,55498,1494,0.02691988900500919,35059,834,0.023788470863401693,2263,689,0.3044631020768891,570,HellaSwag,0.5,discovery,validation
0.9499964247481784,55500,1377,0.02481081081081081,35068,711,0.020274894490703774,2272,608,0.2676056338028169,571,HellaSwag,0.5,discovery,validation
0.9458120471581444,55495,1493,0.026903324623839986,35058,882,0.025158309087797363,2262,706,0.3121131741821397,572,HellaSwag,0.5,discovery,validation
0.9428026911696938,55503,1578,0.02843089562726339,35062,845,0.024100165421253778,2266,687,0.3031774051191527,573,HellaSwag,0.5,discovery,validation
0.9417362600434948,55493,1606,0.02894058710107581,35060,835,0.02381631488876212,2264,710,0.3136042402826855,574,HellaSwag,0.5,discovery,validation
0.9420462161272387,55500,1596,0.028756756756756756,35063,914,0.026067364458260845,2267,700,0.30877812086457873,575,HellaSwag,0.5,discovery,validation
0.9472093971230998,55502,1457,0.0262513062592339,35067,804,0.022927538711609206,2271,630,0.2774108322324967,576,HellaSwag,0.5,discovery,validation
0.9451219665082198,55501,1516,0.027314823156339527,35069,872,0.024865265619207846,2273,690,0.3035635723713154,577,HellaSwag,0.5,discovery,validation
0.9519047572468219,55504,1327,0.02390818679734794,35066,754,0.021502309929846575,2270,651,0.286784140969163,578,HellaSwag,0.5,discovery,validation
0.9448106658131379,55507,1523,0.02743798079521502,35065,948,0.02703550548980465,2269,779,0.3433230498016748,579,HellaSwag,0.5,discovery,validation
0.9451739654749699,55496,1512,0.027245206861755803,35063,842,0.02401391780509369,2267,688,0.3034847816497574,580,HellaSwag,0.5,discovery,validation
0.9462182003955785,55499,1483,0.026721202183823133,35062,807,0.02301637099994296,2266,645,0.2846425419240953,581,HellaSwag,0.5,discovery,validation
0.940517329115156,55501,1640,0.0295490171348264,35066,932,0.02657845206182627,2270,735,0.3237885462555066,582,HellaSwag,0.5,discovery,validation
0.9384859018228723,55503,1698,0.03059294092211232,35061,945,0.026953024728330624,2265,732,0.32317880794701986,583,HellaSwag,0.5,discovery,validation
0.944049234584757,55495,1540,0.027750247770069375,35058,887,0.02530092988761481,2262,668,0.2953138815207781,584,HellaSwag,0.5,discovery,validation
0.9439487880861696,55492,1543,0.027805809846464354,35062,884,0.02521248074838857,2266,653,0.2881729920564872,585,HellaSwag,0.5,discovery,validation
0.9522910406512758,55503,1316,0.023710430066843233,35064,733,0.0209046315309149,2268,629,0.27733686067019403,586,HellaSwag,0.5,discovery,validation
0.9479932181609166,55505,1436,0.025871543104224844,35065,826,0.02355625267360616,2269,613,0.27016306743058616,587,HellaSwag,0.5,discovery,validation
0.9432418329807418,55500,1565,0.028198198198198198,35063,866,0.024698400022816074,2267,659,0.2906925452139391,588,HellaSwag,0.5,discovery,validation
0.9454306830004595,55507,1508,0.02716774460878808,35069,868,0.02475120476774359,2273,688,0.302683677958645,589,HellaSwag,0.5,discovery,validation
0.9483056459243815,55500,1427,0.025711711711711712,35063,804,0.022930154293699913,2267,665,0.2933392148213498,590,HellaSwag,0.5,discovery,validation
0.9447387202743902,55507,1525,0.02747401228673861,35068,834,0.02378236568951751,2272,648,0.2852112676056338,591,HellaSwag,0.5,discovery,validation
0.9448596855203001,55497,1520,0.027388867866731535,35061,779,0.02221841932631699,2265,647,0.28565121412803535,592,HellaSwag,0.5,discovery,validation
0.9444904384569658,55496,1531,0.0275875738791985,35061,820,0.02338780981717578,2265,638,0.28167770419426047,593,HellaSwag,0.5,discovery,validation
0.943492631864761,55497,1559,0.02809160855541741,35062,878,0.025041355313444754,2267,688,0.3034847816497574,594,HellaSwag,0.5,discovery,validation
0.9451988371430289,55510,1512,0.027238335435056747,35069,845,0.02409535487182412,2273,685,0.30136383633963926,595,HellaSwag,0.5,discovery,validation
0.9474441601766953,55504,1451,0.02614226001729605,35066,803,0.022899674898762334,2270,658,0.28986784140969163,596,HellaSwag,0.5,discovery,validation
0.9438838980706798,55507,1551,0.0279424216765453,35067,843,0.024039695440157414,2271,672,0.29590488771466317,597,HellaSwag,0.5,discovery,validation
0.942088581294686,55496,1598,0.0287948680986017,35062,828,0.023615310022246306,2266,740,0.3265666372462489,598,HellaSwag,0.5,discovery,validation
0.9458460655031958,55491,1491,0.02686922203600584,35057,803,0.022905553812362724,2261,574,0.25386996904024767,599,HellaSwag,0.5,discovery,validation
0.9493263795663108,55490,1393,0.025103622274283654,35056,829,0.02364787768142401,2260,660,0.2920353982300885,600,HellaSwag,0.5,discovery,validation
0.9491757409737271,55497,1403,0.02528064580067391,35065,799,0.022786254099529446,2269,631,0.2780960775672102,601,HellaSwag,0.5,discovery,validation
0.9444109853570617,55499,1532,0.02760410097479234,35068,850,0.02423862210562336,2272,658,0.289612676056338,602,HellaSwag,0.5,discovery,validation
0.9478502642880401,55508,1441,0.02596022194998919,35063,809,0.02307275475572541,2267,655,0.28892809880899867,603,HellaSwag,0.5,discovery,validation
0.9466261655321149,55486,1469,0.02647514688389864,35057,825,0.023533103231879512,2261,661,0.2923485183547103,604,HellaSwag,0.5,discovery,validation
0.9476069866756577,55506,1446,0.026051237704031997,35065,848,0.02418365891915015,2269,685,0.3018951079770824,605,HellaSwag,0.5,discovery,validation
0.9484873742241489,55504,1423,0.025637791870856155,35062,843,0.02404312360960584,2266,697,0.30759046778464255,606,HellaSwag,0.5,discovery,validation
0.9525368913452522,55490,1304,0.02349972968102361,35050,798,0.02276747503566334,2255,629,0.27893569844789357,607,HellaSwag,0.5,discovery,validation
0.9327626116991431,55511,1858,0.033470843616580495,35065,1012,0.02886068729502353,2269,759,0.33450859409431466,608,HellaSwag,0.5,discovery,validation
0.9472179142358088,55502,1454,0.026197254153003495,35064,813,0.023186173853524984,2268,599,0.2641093474426808,609,HellaSwag,0.5,discovery,validation
0.9441866579441544,55501,1539,0.02772923010396209,35068,806,0.022983916961332267,2272,657,0.2891725352112676,610,HellaSwag,0.5,discovery,validation
0.9484712328396173,55509,1424,0.02565349763101479,35063,775,0.02210307161395203,2267,664,0.29289810322011467,611,HellaSwag,0.5,discovery,validation
0.9473362536577146,55504,1452,0.02616027673681176,35062,812,0.023158975529062802,2266,663,0.2925860547219771,612,HellaSwag,0.5,discovery,validation
0.9477992226046196,55495,1438,0.025912244346337508,35060,822,0.023445521962350255,2264,616,0.27208480565371024,613,HellaSwag,0.5,discovery,validation
0.9490516558650434,55499,1405,0.025315771455341536,35060,775,0.02210496292070736,2264,619,0.27340989399293286,614,HellaSwag,0.5,discovery,validation
0.949237330431662,55492,1395,0.02513875873999856,35060,816,0.02327438676554478,2264,606,0.2676678445229682,615,HellaSwag,0.5,discovery,validation
0.9455611855266972,55498,1501,0.027046019676384734,35066,908,0.025894028403581817,2270,695,0.30616740088105726,616,HellaSwag,0.5,discovery,validation
0.9452174625605819,55493,1509,0.027192618888868866,35057,853,0.024331802493082692,2261,676,0.2989827509951349,617,HellaSwag,0.5,discovery,validation
0.9406167892181744,55501,1638,0.02951298174807661,35066,873,0.024895910568641988,2270,703,0.3096916299559471,618,HellaSwag,0.5,discovery,validation
0.9475483186526142,55496,1445,0.0260379126423526,35064,807,0.023015058179329227,2268,669,0.294973544973545,619,HellaSwag,0.5,discovery,validation
0.9426038028949709,55501,1583,0.028522008612457433,35066,845,0.024097416300690126,2270,664,0.29251101321585904,620,HellaSwag,0.5,discovery,validation
0.9478209441410075,55502,1438,0.025908976253107997,35063,832,0.023728716881042694,2267,680,0.2999558888398765,621,HellaSwag,0.5,discovery,validation
0.947169637718452,55494,1453,0.026183010775939743,35065,840,0.02395551119349779,2269,643,0.28338475099162624,622,HellaSwag,0.5,discovery,validation
0.9363313809006854,55493,1755,0.03162561043735246,35063,979,0.027921170464592304,2267,659,0.2906925452139391,623,HellaSwag,0.5,discovery,validation
0.9495251508539322,55492,1390,0.025048655662077417,35060,761,0.02170564746149458,2264,646,0.28533568904593637,624,HellaSwag,0.5,discovery,validation
0.9462475999497432,55503,1484,0.026737293479631732,35064,856,0.024412502851927902,2268,665,0.2932098765432099,625,HellaSwag,0.5,discovery,validation
0.9465325009815921,55498,1475,0.026577534325561283,35064,802,0.022872461784166097,2268,629,0.27733686067019403,626,HellaSwag,0.5,discovery,validation
0.9442820891382311,55493,1534,0.027643126160056222,35063,850,0.024242078544334484,2267,689,0.3039258932509925,627,HellaSwag,0.5,discovery,validation
0.9443390340313206,55499,1534,0.02764013766013802,35069,831,0.023696141891699222,2273,648,0.28508578970523535,628,HellaSwag,0.5,discovery,validation
0.9388614381684787,55498,1687,0.03039749180150636,35063,906,0.02583920371902005,2267,666,0.2937803264225849,629,HellaSwag,0.5,discovery,validation
0.9435930900453458,55500,1553,0.02798198198198198,35066,864,0.02463925169680032,2270,669,0.2947136563876652,630,HellaSwag,0.5,discovery,validation
0.948094624566109,55492,1431,0.02578750090103078,35061,827,0.02358746185220045,2265,643,0.2838852097130243,631,HellaSwag,0.5,discovery,validation
0.9481172462228895,55502,1428,0.02572880256567331,35068,774,0.022071404129120564,2272,620,0.272887323943662,632,HellaSwag,0.5,discovery,validation
0.9487638590974959,55499,1413,0.025459918196724267,35064,763,0.02176020990189368,2268,637,0.2808641975308642,633,HellaSwag,0.5,discovery,validation
0.9449770847801048,55501,1518,0.027350858543089315,35062,832,0.023729393645542184,2267,652,0.28760476400529333,634,HellaSwag,0.5,discovery,validation
0.9439813079035992,55503,1547,0.02787236725942742,35066,870,0.024810357611361432,2270,660,0.2907488986784141,635,HellaSwag,0.5,discovery,validation
0.9471705838696665,55498,1456,0.026235179646113372,35064,840,0.023956194387405885,2268,716,0.31569664902998235,636,HellaSwag,0.5,discovery,validation
0.9488266408572886,55480,1406,0.025342465753424658,35060,794,0.0226468910439247,2264,648,0.2862190812720848,637,HellaSwag,0.5,discovery,validation
0.9404739507308016,55504,1644,0.02961948688382819,35068,978,0.02788867343447017,2272,756,0.33274647887323944,638,HellaSwag,0.5,discovery,validation
0.9478702364092203,55492,1436,0.025877603978951922,35062,818,0.023330100964006617,2266,678,0.2992056487202118,639,HellaSwag,0.5,discovery,validation
0.9427741692191571,55500,1579,0.02845045045045045,35061,822,0.023444853255754256,2265,644,0.284326710816777,640,HellaSwag,0.5,discovery,validation
0.9442955678881652,55502,1537,0.0276926957587114,35064,878,0.025039926990645677,2268,746,0.3289241622574956,641,HellaSwag,0.5,discovery,validation
0.946673534446539,55491,1468,0.026454740408354507,35057,794,0.02264882904983313,2261,658,0.29102167182662536,642,HellaSwag,0.5,discovery,validation
0.9513265841521925,55499,1343,0.024198634209625397,35067,808,0.02304160606838338,2271,613,0.26992514310876264,643,HellaSwag,0.5,discovery,validation
0.9483075084144251,55504,1426,0.025691842029403285,35064,832,0.02372804015514488,2268,655,0.28880070546737213,644,HellaSwag,0.5,discovery,validation
0.9486797054310903,55494,1415,0.025498252063286122,35061,759,0.021647984940532217,2265,646,0.28520971302428255,645,HellaSwag,0.5,discovery,validation
0.9479553808617545,55501,1432,0.025801336912848416,35059,838,0.023902564248837674,2263,602,0.26601855943437913,646,HellaSwag,0.5,discovery,validation
0.9517659808530027,55496,1328,0.023929652587573878,35061,727,0.020735289923276574,2265,637,0.28123620309050773,647,HellaSwag,0.5,discovery,validation
0.9501686337943439,55503,1374,0.024755418626020216,35065,750,0.02138884927990874,2269,648,0.2855883649184663,648,HellaSwag,0.5,discovery,validation
0.9457162713670826,55484,1493,0.02690865835195732,35059,858,0.02447303117601757,2263,679,0.30004418912947417,649,HellaSwag,0.5,discovery,validation
0.9455206126763847,55506,1503,0.027078153713112094,35063,885,0.025240281778512962,2267,663,0.29245699161887956,650,HellaSwag,0.5,discovery,validation
0.9482602248839002,55499,1425,0.025676138308798356,35066,783,0.02232932185022529,2270,622,0.2740088105726872,651,HellaSwag,0.5,discovery,validation
0.9467095970662974,55510,1470,0.02648171500630517,35068,827,0.0235827535074712,2272,644,0.2834507042253521,652,HellaSwag,0.5,discovery,validation
0.9500742425034389,55493,1374,0.024759879624457137,35062,761,0.021704409332040386,2266,612,0.27007943512797883,653,HellaSwag,0.5,discovery,validation
0.9466850154668818,55515,1475,0.026569395658830947,35071,839,0.023922899261498105,2275,705,0.3098901098901099,654,HellaSwag,0.5,discovery,validation
0.9444914369197276,55499,1531,0.027586082632119497,35063,833,0.023757236973447796,2267,649,0.286281429201588,655,HellaSwag,0.5,discovery,validation
0.941044247052415,55493,1626,0.0293009929180257,35058,900,0.025671743967140167,2262,706,0.3121131741821397,656,HellaSwag,0.5,discovery,validation
0.9461973337640224,55493,1483,0.026724091326834017,35061,853,0.02432902655372066,2265,591,0.2609271523178808,657,HellaSwag,0.5,discovery,validation
0.9429031496403955,55506,1578,0.02842935898821749,35063,886,0.02526880187091806,2267,700,0.30877812086457873,658,HellaSwag,0.5,discovery,validation
0.9427181555872705,55495,1578,0.02843499414361654,35058,900,0.025671743967140167,2262,715,0.3160919540229885,659,HellaSwag,0.5,discovery,validation
0.9448367415020065,55488,1518,0.02735726643598616,35058,866,0.024701922528381538,2262,722,0.3191865605658709,660,HellaSwag,0.5,discovery,validation
0.945183454285067,55497,1510,0.02720867794655567,35064,803,0.02290098106319872,2268,671,0.2958553791887125,661,HellaSwag,0.5,discovery,validation
0.9471118935831689,55506,1460,0.026303462688718336,35063,785,0.022388272538003025,2267,562,0.2479047198941332,662,HellaSwag,0.5,discovery,validation
0.9469935613523616,55502,1461,0.026323375734207777,35064,795,0.022672826830937715,2268,647,0.28527336860670194,663,HellaSwag,0.5,discovery,validation
0.9465713524578001,55503,1472,0.026521088950146838,35067,793,0.022613853480480225,2271,599,0.2637604579480405,664,HellaSwag,0.5,discovery,validation
0.9463838064180758,55487,1472,0.026528736460792617,35059,805,0.022961293818990845,2263,650,0.28722934158197083,665,HellaSwag,0.5,discovery,validation
0.9493318205913432,55502,1399,0.025206298872112717,35065,838,0.0238984742620847,2269,662,0.29175848391361836,666,HellaSwag,0.5,discovery,validation
0.9474252428538918,55502,1449,0.026107167309286153,35065,817,0.023299586482247257,2269,705,0.31070956368444247,667,HellaSwag,0.5,discovery,validation
0.9407098569616338,55491,1633,0.02942819556324449,35059,882,0.025157591488633446,2263,702,0.3102076889085285,668,HellaSwag,0.5,discovery,validation
0.937434257204719,55503,1729,0.031151469289948292,35064,908,0.02589550536162446,2268,705,0.31084656084656087,669,HellaSwag,0.5,discovery,validation
0.9467152468846534,55503,1468,0.026449020773651875,35063,796,0.022701993554459118,2267,642,0.2831936479929422,670,HellaSwag,0.5,discovery,validation
0.9513882342186708,55495,1340,0.024146319488242186,35057,703,0.02005305645092278,2261,605,0.26758071649712517,671,HellaSwag,0.5,discovery,validation
0.9485726965547094,55494,1417,0.025534291995531047,35058,806,0.022990472930572194,2262,697,0.3081343943412909,672,HellaSwag,0.5,discovery,validation
0.9490022682635931,55509,1407,0.0253472409879479,35070,801,0.022840034217279728,2274,657,0.28891820580474936,673,HellaSwag,0.5,discovery,validation
0.9449296496630097,55493,1517,0.02733678121564882,35059,881,0.02512906814227445,2263,685,0.3026955368979231,674,HellaSwag,0.5,discovery,validation
0.9477035593907229,55501,1443,0.025999531539972254,35062,781,0.022274827448519764,2266,649,0.28640776699029125,675,HellaSwag,0.5,discovery,validation
0.9436175413374157,55495,1554,0.028002522749797278,35068,861,0.024552298391696134,2272,717,0.31558098591549294,676,HellaSwag,0.5,discovery,validation
0.9480386462091072,55506,1434,0.025835044860015133,35066,777,0.022158215935664177,2270,636,0.2801762114537445,677,HellaSwag,0.5,discovery,validation
0.9391609535859169,55503,1679,0.030250617083761238,35063,882,0.025154721501297665,2267,680,0.2999558888398765,678,HellaSwag,0.5,discovery,validation
0.9471033781423732,55487,1454,0.0262043361508101,35061,839,0.023929722483671315,2265,628,0.2772626931567329,679,HellaSwag,0.5,discovery,validation
0.9480425072650118,55495,1430,0.02576808721506442,35061,801,0.022845897150680243,2265,678,0.2993377483443709,680,HellaSwag,0.5,discovery,validation
0.9474233594760155,55498,1450,0.02612706764207719,35059,845,0.024102227673350636,2263,633,0.27971718957136543,681,HellaSwag,0.5,discovery,validation
0.9475691355133221,55502,1445,0.026035097834312276,35064,823,0.023471366643851244,2268,622,0.2742504409171076,682,HellaSwag,0.5,discovery,validation
0.9497540552842004,55501,1387,0.02499054071097818,35064,782,0.022302076203513575,2268,668,0.2945326278659612,683,HellaSwag,0.5,discovery,validation
0.9397005462050411,55503,1664,0.029980361421905122,35065,935,0.026664765435619565,2269,714,0.3146760687527545,684,HellaSwag,0.5,discovery,validation
0.9391852041997878,55498,1678,0.030235323795452088,35061,916,0.0261258948689427,2265,740,0.32671081677704195,685,HellaSwag,0.5,discovery,validation
0.9403966472291505,55494,1644,0.029624824305330307,35060,894,0.02549914432401597,2264,738,0.32597173144876324,686,HellaSwag,0.5,discovery,validation
0.9456076235200899,55500,1498,0.02699099099099099,35064,813,0.023186173853524984,2268,681,0.3002645502645503,687,HellaSwag,0.5,discovery,validation
0.9393598857945262,55505,1674,0.030159445095036482,35066,936,0.02669252267153368,2270,714,0.3145374449339207,688,HellaSwag,0.5,discovery,validation
0.9486181261082234,55495,1415,0.02549779259392738,35058,796,0.022705231330937305,2262,648,0.2864721485411141,689,HellaSwag,0.5,discovery,validation
0.9355349428287798,55500,1781,0.03209009009009009,35065,966,0.027548837872522457,2269,741,0.3265755839576906,690,HellaSwag,0.5,discovery,validation
0.9506362899526278,55503,1362,0.02453921409653532,35065,783,0.022329958648224724,2269,654,0.2882327016306743,691,HellaSwag,0.5,discovery,validation
0.9461737149225645,55499,1482,0.02670318384115029,35063,872,0.02486952057724667,2267,677,0.29863255403617117,692,HellaSwag,0.5,discovery,validation
0.945413376656857,55490,1503,0.0270859614344927,35063,792,0.02258791318483872,2267,660,0.2911336568151742,693,HellaSwag,0.5,discovery,validation
0.9502122579358375,55500,1373,0.02473873873873874,35066,731,0.020846403924028974,2270,627,0.2762114537444934,694,HellaSwag,0.5,discovery,validation
0.9476902687764136,55511,1444,0.026012862315577093,35064,787,0.022444672598676704,2268,677,0.2985008818342152,695,HellaSwag,0.5,discovery,validation
0.9426472281371194,55498,1581,0.02848751306353382,35059,832,0.023731424170683704,2263,686,0.3031374281926646,696,HellaSwag,0.5,discovery,validation
0.9427965301567832,55491,1575,0.02838298102394983,35062,856,0.02441389538531744,2266,686,0.3027360988526037,697,HellaSwag,0.5,discovery,validation
0.9453015252490681,55482,1502,0.027071843120291265,35055,825,0.0235344458707745,2260,630,0.27876106194690264,698,HellaSwag,0.5,discovery,validation
0.9477376598732337,55497,1439,0.025929329513307026,35061,840,0.023958244202960555,2265,639,0.28211920529801326,699,HellaSwag,0.5,discovery,validation
0.9436375484713134,55500,1557,0.028054054054054055,35064,826,0.02355692448094912,2268,704,0.31040564373897706,700,HellaSwag,0.5,discovery,validation
0.9478418354524659,55490,1436,0.025878536673274465,35065,760,0.02167403393697419,2269,663,0.29219920669898636,701,HellaSwag,0.5,discovery,validation
0.9381577073728129,55495,1704,0.030705468961167673,35064,922,0.026294775268081223,2268,727,0.3205467372134039,702,HellaSwag,0.5,discovery,validation
0.9457080073325391,55503,1498,0.026989532097364106,35063,876,0.02498360094686707,2267,650,0.2867225408028231,703,HellaSwag,0.5,discovery,validation
0.9465126108315212,55493,1474,0.026561908709206567,35062,873,0.02489875078432491,2266,642,0.2833186231244484,704,HellaSwag,0.5,discovery,validation
0.9483492351660721,55497,1421,0.025604987656990468,35062,791,0.022560036506759456,2266,623,0.27493380406001766,705,HellaSwag,0.5,discovery,validation
0.9462740980578869,55502,1483,0.026719757846564086,35070,802,0.02286854861705161,2274,664,0.29199648197009676,706,HellaSwag,0.5,discovery,validation
0.9405648755120125,55488,1634,0.02944780853517878,35056,952,0.027156549520766772,2261,710,0.3140203449800973,707,HellaSwag,0.5,discovery,validation
0.9455461295473777,55504,1501,0.02704309599308158,35065,826,0.02355625267360616,2269,635,0.27985896870868227,708,HellaSwag,0.5,discovery,validation
0.9358479905946234,55498,1771,0.0319110598580129,35061,889,0.025355808448133253,2265,719,0.317439293598234,709,HellaSwag,0.5,discovery,validation
0.9460288577003332,55498,1488,0.02681177700097301,35059,796,0.02270458370175989,2263,641,0.2832523199292974,710,HellaSwag,0.5,discovery,validation
0.9499181936939105,55487,1378,0.024834645953106135,35065,718,0.0204762583772993,2269,588,0.25914499779638606,711,HellaSwag,0.5,discovery,validation
0.9456652044891183,55490,1496,0.026959812578843036,35066,846,0.02412593395311698,2270,632,0.27841409691629954,712,HellaSwag,0.5,discovery,validation
0.9437784194752518,55493,1550,0.027931450813616133,35056,865,0.02467480602464628,2261,633,0.2799646174259177,713,HellaSwag,0.5,discovery,validation
0.94373496122654,55496,1551,0.02794796021334871,35060,818,0.023331431831146606,2265,617,0.27240618101545255,714,HellaSwag,0.5,discovery,validation
0.942655700720261,55496,1582,0.028506559031281534,35054,833,0.02376333656644035,2258,659,0.29185119574845,715,HellaSwag,0.5,discovery,validation
0.9460128124855127,55501,1488,0.02681032774184249,35063,844,0.02407095798990389,2267,688,0.3034847816497574,716,HellaSwag,0.5,discovery,validation
0.94103894208299,55500,1628,0.029333333333333333,35065,932,0.026579210038499928,2269,704,0.31026884089907447,717,HellaSwag,0.5,discovery,validation
0.9446373225774299,55504,1530,0.027565580859037188,35065,874,0.02492513902752032,2269,691,0.30453944468929045,718,HellaSwag,0.5,discovery,validation
0.9411976670559528,55494,1620,0.029192345118391177,35060,928,0.026468910439247005,2264,630,0.2782685512367491,719,HellaSwag,0.5,discovery,validation
0.9412241225670623,55493,1621,0.029210891463788226,35060,906,0.025841414717626927,2264,780,0.34452296819787986,720,HellaSwag,0.5,discovery,validation
0.9455687258669798,55495,1497,0.02697540318947653,35062,806,0.022987850094118988,2266,593,0.2616946160635481,721,HellaSwag,0.5,discovery,validation
0.9479250098492724,55513,1441,0.025957883738944032,35070,829,0.023638437410892502,2274,666,0.2928759894459103,722,HellaSwag,0.5,discovery,validation
0.9457089838332858,55506,1501,0.02704212157244262,35067,822,0.023440841817092994,2271,681,0.2998678996036988,723,HellaSwag,0.5,discovery,validation
0.9478114869079587,55501,1437,0.025891425379722888,35065,818,0.0233281049479538,2269,682,0.3005729396209784,724,HellaSwag,0.5,discovery,validation
0.9469054990343263,55488,1458,0.026275951557093426,35064,879,0.0250684462696783,2268,608,0.26807760141093473,725,HellaSwag,0.5,discovery,validation
0.9495449370392356,55497,1391,0.02506441789646287,35064,771,0.021988364134154687,2268,680,0.2998236331569665,726,HellaSwag,0.5,discovery,validation
0.9482498370559889,55497,1427,0.025713101609095988,35056,790,0.022535371976266545,2260,677,0.2995575221238938,727,HellaSwag,0.5,discovery,validation
0.9342686471725228,55503,1816,0.032718952128713764,35062,1036,0.029547658433631854,2266,738,0.32568402471315094,728,HellaSwag,0.5,discovery,validation
0.9507226887635634,55496,1357,0.024452212772091683,35063,774,0.02207455152154693,2267,661,0.29157476841640934,729,HellaSwag,0.5,discovery,validation
0.9439358362432554,55503,1547,0.02787236725942742,35061,927,0.026439633781124326,2265,727,0.32097130242825606,730,HellaSwag,0.5,discovery,validation
0.9456530739297376,55501,1499,0.027008522368966326,35065,858,0.0244688435762156,2269,561,0.24724548259145,731,HellaSwag,0.5,discovery,validation
0.9431712321320538,55485,1564,0.028187798504100206,35054,914,0.02607405716893935,2259,670,0.2965914121292607,732,HellaSwag,0.5,discovery,validation
0.9393628846231931,55494,1673,0.030147403322881752,35055,901,0.0257024675509913,2259,722,0.3196104471004869,733,HellaSwag,0.5,discovery,validation
0.9454503258208836,55491,1502,0.02706745237966517,35063,857,0.02444171919117018,2267,623,0.27481252756947505,734,HellaSwag,0.5,discovery,validation
0.9437464790493467,55501,1552,0.027963460117835716,35060,846,0.024130062749572162,2264,639,0.28224381625441697,735,HellaSwag,0.5,discovery,validation
0.9448966471882292,55500,1520,0.02738738738738739,35061,870,0.02481389578163772,2266,711,0.3137687555163283,736,HellaSwag,0.5,discovery,validation
0.9474053681083048,55499,1450,0.02612659687561938,35060,855,0.024386765544780375,2264,691,0.3052120141342756,737,HellaSwag,0.5,discovery,validation
0.9483623959578271,55506,1426,0.025690916297337225,35063,769,0.021931951059521435,2267,643,0.28363475959417733,738,HellaSwag,0.5,discovery,validation
0.9477593930736355,55506,1442,0.02597917342269304,35066,829,0.02364113386186049,2270,568,0.25022026431718064,739,HellaSwag,0.5,discovery,validation
0.9421562079084367,55504,1595,0.028736667627558374,35060,855,0.024386765544780375,2264,687,0.3034452296819788,740,HellaSwag,0.5,discovery,validation
0.9461131880558781,55504,1487,0.02679086191986163,35063,813,0.023186835125345806,2267,615,0.27128363475959416,741,HellaSwag,0.5,discovery,validation
0.9461491544518899,55504,1486,0.02677284520034592,35070,856,0.02440832620473339,2274,614,0.2700087950747581,742,HellaSwag,0.5,discovery,validation
0.9454637244483347,55500,1503,0.027081081081081083,35068,817,0.023297593247405043,2272,663,0.2918133802816901,743,HellaSwag,0.5,discovery,validation
0.9394634638296148,55497,1669,0.030073697677351928,35062,923,0.02632479607552336,2266,729,0.32171226831421007,744,HellaSwag,0.5,discovery,validation
0.9446713092153188,55499,1525,0.027477972576082452,35062,839,0.023929039986309967,2266,667,0.294351279788173,745,HellaSwag,0.5,discovery,validation
0.9483349509373472,55506,1426,0.025690916297337225,35062,797,0.022731161941703267,2266,635,0.2802294792586055,746,HellaSwag,0.5,discovery,validation
0.9505540152960696,55501,1362,0.024540098376605826,35064,780,0.022245037645448322,2268,660,0.291005291005291,747,HellaSwag,0.5,discovery,validation
0.9483729824098401,55491,1422,0.025625777153051848,35062,775,0.022103702013575952,2266,626,0.2762577228596646,748,HellaSwag,0.5,discovery,validation
0.9406157210887665,55500,1638,0.029513513513513515,35063,945,0.026951487322818928,2267,758,0.33436259373621524,749,HellaSwag,0.5,discovery,validation
0.950831487484093,55497,1354,0.02439771519181217,35064,765,0.021817248459958933,2268,633,0.2791005291005291,750,HellaSwag,0.5,discovery,validation
0.9419891292168013,55494,1599,0.02881392582981944,35060,876,0.024985738733599543,2264,648,0.2862190812720848,751,HellaSwag,0.5,discovery,validation
0.9458139766313757,55499,1494,0.026919403953224383,35061,837,0.023872679045092837,2265,646,0.28520971302428255,752,HellaSwag,0.5,discovery,validation
0.9464899260228233,55502,1475,0.02657561889661634,35067,833,0.023754527048221976,2271,685,0.301629238221048,753,HellaSwag,0.5,discovery,validation
0.9435496338112325,55503,1556,0.02803452065654109,35063,916,0.026124404643071045,2267,745,0.3286281429201588,754,HellaSwag,0.5,discovery,validation
0.943438681595685,55498,1561,0.02812713971674655,35066,883,0.02518108709291051,2270,665,0.29295154185022027,755,HellaSwag,0.5,discovery,validation
0.9465978565404004,55502,1473,0.026539584159129402,35064,823,0.023471366643851244,2268,684,0.30158730158730157,756,HellaSwag,0.5,discovery,validation
0.9427528356578874,55510,1581,0.028481354710862907,35070,903,0.025748502994011976,2274,715,0.3144239226033421,757,HellaSwag,0.5,discovery,validation
0.9453499222294781,55488,1504,0.02710495963091119,35059,852,0.0243018910978636,2263,683,0.30181175430844015,758,HellaSwag,0.5,discovery,validation
0.9455252107441099,55498,1506,0.027136113013081553,35059,800,0.02281867708719587,2263,704,0.3110914714980115,759,HellaSwag,0.5,discovery,validation
0.9476609415691831,55507,1445,0.026032752625794946,35066,811,0.02312781611817715,2270,685,0.30176211453744495,760,HellaSwag,0.5,discovery,validation
0.9425423915180684,55503,1588,0.028611066068500803,35064,875,0.0249543691535478,2268,710,0.31305114638447973,761,HellaSwag,0.5,discovery,validation
0.9525214519425663,55496,1309,0.02358728557013118,35060,714,0.02036508841985168,2265,543,0.23973509933774834,762,HellaSwag,0.5,discovery,validation
0.9423985093006629,55503,1590,0.028647100156748283,35061,849,0.024214939676563702,2265,650,0.2869757174392936,763,HellaSwag,0.5,discovery,validation
0.9422715626753555,55501,1591,0.028666150159456585,35062,929,0.026495921510467174,2266,666,0.293909973521624,764,HellaSwag,0.5,discovery,validation
0.9445728759944827,55500,1528,0.027531531531531532,35066,896,0.02555181657445959,2270,703,0.3096916299559471,765,HellaSwag,0.5,discovery,validation
0.9418886346884309,55492,1602,0.028869026165933828,35063,848,0.024185038359524284,2267,680,0.2999558888398765,766,HellaSwag,0.5,discovery,validation
0.9471469209784167,55503,1458,0.026268850332414464,35065,875,0.024953657493226863,2269,726,0.3199647421771706,767,HellaSwag,0.5,discovery,validation
0.9459663897435753,55499,1489,0.026829312239860178,35060,864,0.02464346833998859,2265,722,0.31876379690949225,768,HellaSwag,0.5,discovery,validation
0.9431169396476147,55502,1568,0.028251234189758927,35063,892,0.02543992242534866,2267,742,0.32730480811645346,769,HellaSwag,0.5,discovery,validation
0.945182468261171,55496,1509,0.02719114891163327,35060,863,0.024614945807187677,2264,670,0.2959363957597173,770,HellaSwag,0.5,discovery,validation
0.9472955487177537,55495,1450,0.02612848004324714,35060,849,0.0242156303479749,2264,669,0.2954946996466431,771,HellaSwag,0.5,discovery,validation
0.9469187622622879,55497,1464,0.026379804313746688,35062,807,0.02301637099994296,2266,685,0.30229479258605474,772,HellaSwag,0.5,discovery,validation
0.9374246995358476,55502,1728,0.03113401318871392,35064,961,0.02740702715035364,2268,692,0.30511463844797176,773,HellaSwag,0.5,discovery,validation
0.9486833844502797,55501,1412,0.025440983045350533,35066,838,0.023897792733702163,2270,687,0.3026431718061674,774,HellaSwag,0.5,discovery,validation
0.9453672449307345,55505,1509,0.027186739933339338,35065,856,0.02441180664480251,2269,678,0.2988100484795064,775,HellaSwag,0.5,discovery,validation
0.9453028226103458,55502,1510,0.027206226802637744,35066,851,0.02426852221525124,2270,673,0.2964757709251101,776,HellaSwag,0.5,discovery,validation
0.944441978143693,55490,1528,0.02753649306181294,35056,869,0.0247889091738932,2260,699,0.3092920353982301,777,HellaSwag,0.5,discovery,validation
0.9364044633795159,55497,1756,0.031641349982881956,35063,963,0.027464848986110714,2267,666,0.2937803264225849,778,HellaSwag,0.5,discovery,validation
0.950687592045399,55497,1356,0.024433753175847343,35062,818,0.023330100964006617,2266,674,0.2974404236540159,779,HellaSwag,0.5,discovery,validation
0.9471980464089071,55497,1455,0.02621763338558841,35067,861,0.024552998545641202,2271,697,0.30691325407309555,780,HellaSwag,0.5,discovery,validation
0.9416060564949456,55502,1614,0.02908003315195849,35066,848,0.024182969257970685,2270,677,0.2982378854625551,781,HellaSwag,0.5,discovery,validation
0.9465419810894671,55499,1473,0.026541018757094723,35061,820,0.02338780981717578,2265,693,0.30596026490066225,782,HellaSwag,0.5,discovery,validation
0.9470475178823928,55503,1460,0.026304884420661947,35066,784,0.022357839502652143,2270,652,0.2872246696035242,783,HellaSwag,0.5,discovery,validation
0.9444734391478193,55498,1531,0.027586579696565642,35060,815,0.023245864232743867,2264,652,0.2879858657243816,784,HellaSwag,0.5,discovery,validation
0.9439128323023005,55492,1544,0.027823830462048584,35059,822,0.023446190707093757,2263,633,0.27971718957136543,785,HellaSwag,0.5,discovery,validation
0.9497634985696342,55502,1388,0.02500810781593456,35068,741,0.02113037527090225,2272,540,0.23767605633802816,786,HellaSwag,0.5,discovery,validation
0.9453728152973196,55498,1506,0.027136113013081553,35064,769,0.021931325576089438,2268,642,0.2830687830687831,787,HellaSwag,0.5,discovery,validation
0.9464700321712306,55499,1476,0.026595073785113246,35063,851,0.024270598636739582,2267,700,0.30877812086457873,788,HellaSwag,0.5,discovery,validation
0.945092525711266,55495,1510,0.027209658527795298,35062,838,0.023900519080485995,2266,666,0.293909973521624,789,HellaSwag,0.5,discovery,validation
0.9425614137972098,55505,1584,0.028537969552292587,35063,881,0.025126201408892566,2267,674,0.29730921923246584,790,HellaSwag,0.5,discovery,validation
0.9486303438766206,55504,1417,0.02552969155376189,35063,754,0.021504149673444942,2267,661,0.29157476841640934,791,HellaSwag,0.5,discovery,validation
0.9455157251599275,55497,1502,0.027064526010414976,35062,833,0.023757914551366152,2266,680,0.3000882612533098,792,HellaSwag,0.5,discovery,validation
0.948708064683238,55496,1410,0.025407236557589735,35064,806,0.022986538900296602,2268,646,0.2848324514991182,793,HellaSwag,0.5,discovery,validation
0.9449626746591178,55488,1516,0.027321222606689736,35056,822,0.023448197170241897,2260,683,0.30221238938053097,794,HellaSwag,0.5,discovery,validation
0.9457950145753214,55497,1491,0.026866317098221525,35064,875,0.0249543691535478,2268,727,0.3205467372134039,795,HellaSwag,0.5,discovery,validation
0.9473826670734943,55489,1447,0.026077240534159923,35053,824,0.02350726043419964,2257,677,0.29995569339831635,796,HellaSwag,0.5,discovery,validation
0.937226847129867,55503,1732,0.031205520422319513,35068,967,0.0275749971483974,2272,728,0.3204225352112676,797,HellaSwag,0.5,discovery,validation
0.9461716276884278,55477,1480,0.026677722299331255,35057,853,0.024331802493082692,2261,696,0.30782839451570104,798,HellaSwag,0.5,discovery,validation
0.9466698028698478,55502,1469,0.026467514684155525,35066,883,0.02518108709291051,2270,697,0.3070484581497797,799,HellaSwag,0.5,discovery,validation
0.9390941725253537,55496,1679,0.030254432751910046,35063,919,0.026209964920286342,2267,691,0.30480811645346273,800,HellaSwag,0.5,discovery,validation
0.9393490299386995,55485,1669,0.030080201856357573,35059,895,0.025528394991300378,2263,718,0.3172779496243924,801,HellaSwag,0.5,discovery,validation
0.9439293583331766,55508,1549,0.02790588743964834,35067,871,0.02483816693757664,2271,627,0.2760898282694848,802,HellaSwag,0.5,discovery,validation
0.9459731719405651,55512,1491,0.02685905750108085,35071,848,0.02417952154201477,2275,667,0.29318681318681317,803,HellaSwag,0.5,discovery,validation
0.9465391095732563,55492,1473,0.02654436675556837,35057,785,0.022392104287303535,2262,623,0.27541998231653403,804,HellaSwag,0.5,discovery,validation
0.9368552963246838,55498,1743,0.03140653717251072,35065,905,0.025809211464423214,2269,706,0.31115028646981047,805,HellaSwag,0.5,discovery,validation
0.9486284997183247,55499,1416,0.02551397322474279,35062,816,0.02327305915235868,2266,621,0.2740511915269197,806,HellaSwag,0.5,discovery,validation
0.9467152468846534,55503,1469,0.026467037817775617,35061,813,0.02318815778215111,2265,633,0.27947019867549666,807,HellaSwag,0.5,discovery,validation
0.944279077626549,55488,1534,0.027645617070357554,35061,852,0.02430050483443142,2265,675,0.2980132450331126,808,HellaSwag,0.5,discovery,validation
0.9489531842029763,55501,1408,0.02536891227185096,35065,798,0.0227577356338229,2269,662,0.29175848391361836,809,HellaSwag,0.5,discovery,validation
0.9454182721552675,55499,1504,0.027099587379952793,35061,827,0.02358746185220045,2265,653,0.2883002207505519,810,HellaSwag,0.5,discovery,validation
0.9454846434058118,55506,1506,0.027132201924116313,35066,835,0.023812239776421606,2270,684,0.3013215859030837,811,HellaSwag,0.5,discovery,validation
0.945069985042547,55504,1516,0.02731334678581724,35066,912,0.026008099013289227,2270,712,0.3136563876651982,812,HellaSwag,0.5,discovery,validation
0.9484267314098419,55509,1423,0.025635482534363797,35069,796,0.02269810944138698,2273,666,0.2930048394192697,813,HellaSwag,0.5,discovery,validation
0.9486483304590494,55502,1415,0.025494576772008216,35068,810,0.023097981065358732,2272,625,0.27508802816901406,814,HellaSwag,0.5,discovery,validation
0.9466243547452857,55501,1471,0.02650402695446929,35064,804,0.02292950034223135,2269,629,0.2772146319964742,815,HellaSwag,0.5,discovery,validation
0.9449146201932794,55499,1518,0.027351844177372565,35064,881,0.025125484827743554,2268,695,0.3064373897707231,816,HellaSwag,0.5,discovery,validation
0.9457672969291736,55478,1489,0.026839467897184468,35051,854,0.024364497446577843,2255,687,0.3046563192904656,817,HellaSwag,0.5,discovery,validation
0.9469660946111452,55502,1464,0.026377427840438183,35064,812,0.023157654574492356,2270,654,0.28810572687224667,818,HellaSwag,0.5,discovery,validation
0.9459768389970638,55501,1489,0.026828345435217383,35063,834,0.023785757065852894,2267,688,0.3034847816497574,819,HellaSwag,0.5,discovery,validation
0.9431573231515603,55492,1565,0.02820226338931738,35058,918,0.02618517884648297,2262,662,0.2926613616268789,820,HellaSwag,0.5,discovery,validation
0.9435550818793715,55497,1556,0.02803755157936465,35062,899,0.025640294335748104,2266,712,0.3142100617828773,821,HellaSwag,0.5,discovery,validation
0.9471355558344599,55498,1458,0.0262712169807921,35066,867,0.024724804654080876,2270,723,0.3185022026431718,822,HellaSwag,0.5,discovery,validation
0.9427456352823028,55498,1579,0.028451475728855095,35064,826,0.02355692448094912,2268,659,0.29056437389770723,823,HellaSwag,0.5,discovery,validation
0.950465859469158,55504,1368,0.024646872297492073,35064,798,0.02275838466803559,2268,627,0.27645502645502645,824,HellaSwag,0.5,discovery,validation
0.9466423448582423,55502,1471,0.026503549421642462,35064,821,0.02341432808578599,2268,680,0.2998236331569665,825,HellaSwag,0.5,discovery,validation
0.9419901612605301,55498,1599,0.028811849075642364,35064,874,0.024925849874515172,2268,709,0.31261022927689597,826,HellaSwag,0.5,discovery,validation
0.9468742614148453,55497,1466,0.026415842297781864,35063,837,0.02387131734306819,2267,677,0.29863255403617117,827,HellaSwag,0.5,discovery,validation
0.9454562008090341,55503,1505,0.027115651406230293,35067,866,0.02469558274160892,2271,695,0.30603258476442097,828,HellaSwag,0.5,discovery,validation
0.9488641659179958,55502,1411,0.025422507297034342,35066,751,0.02141675697256602,2270,638,0.28105726872246695,829,HellaSwag,0.5,discovery,validation
0.9367530329378762,55507,1748,0.031491523591619074,35068,999,0.028487509980609102,2272,739,0.32526408450704225,830,HellaSwag,0.5,discovery,validation
0.9451608939726842,55506,1511,0.027222282275790006,35065,864,0.02463995437045487,2269,709,0.3124724548259145,831,HellaSwag,0.5,discovery,validation
0.9445578705652946,55506,1528,0.02752855547148056,35067,827,0.023583426013060713,2271,688,0.30295024218405986,832,HellaSwag,0.5,discovery,validation
0.9455677334376474,55492,1498,0.02699488214517408,35062,862,0.02458502082026125,2266,698,0.30803177405119153,833,HellaSwag,0.5,discovery,validation
0.945075529936851,55497,1513,0.02726273492260843,35064,798,0.02275838466803559,2268,628,0.2768959435626102,834,HellaSwag,0.5,discovery,validation
0.9484514017064477,55504,1421,0.025601758431824734,35065,862,0.024582917439041778,2269,668,0.29440282062582634,835,HellaSwag,0.5,discovery,validation
0.9442416110434729,55503,1538,0.02771021386231375,35064,766,0.021845767738991557,2268,645,0.2843915343915344,836,HellaSwag,0.5,discovery,validation
0.953132199529898,55493,1291,0.023264195484115114,35061,713,0.020335985853227233,2265,626,0.2763796909492274,837,HellaSwag,0.5,discovery,validation
0.9520734872519637,55499,1323,0.02383826735616858,35059,740,0.02110727630565618,2263,626,0.276623950508175,838,HellaSwag,0.5,discovery,validation
0.9452478780600423,55500,1509,0.027189189189189188,35062,835,0.02381495636301409,2267,621,0.27393030436700483,839,HellaSwag,0.5,discovery,validation
0.940195598370551,55487,1645,0.02964658388451349,35056,913,0.026044043815609312,2260,703,0.3110619469026549,840,HellaSwag,0.5,discovery,validation
0.9428016623674742,55500,1576,0.028396396396396396,35066,797,0.02272856898420122,2270,663,0.2920704845814978,841,HellaSwag,0.5,discovery,validation
0.9441741520466337,55493,1536,0.02767916674175121,35061,818,0.023330766378597302,2265,681,0.30066225165562915,842,HellaSwag,0.5,discovery,validation
0.9431983863711904,55503,1566,0.028214691097778497,35067,914,0.026064391022899022,2271,675,0.29722589167767505,843,HellaSwag,0.5,discovery,validation
0.9423075361635368,55501,1592,0.02868416785283148,35065,830,0.02367032653643234,2269,678,0.2988100484795064,844,HellaSwag,0.5,discovery,validation
0.9447677573166435,55494,1521,0.027408368472267273,35059,838,0.023902564248837674,2263,626,0.276623950508175,845,HellaSwag,0.5,discovery,validation
0.9430120912122624,55507,1572,0.028320752337543012,35065,901,0.025695137601597032,2269,648,0.2855883649184663,846,HellaSwag,0.5,discovery,validation
0.9444469704925065,55499,1532,0.02760410097479234,35064,829,0.023642482318047,2268,595,0.2623456790123457,847,HellaSwag,0.5,discovery,validation
0.9531527113216983,55499,1290,0.02324366204796483,35064,707,0.020163130276066622,2268,614,0.2707231040564374,848,HellaSwag,0.5,discovery,validation
0.9494513794959631,55488,1389,0.02503243944636678,35054,815,0.023249843099218348,2258,680,0.30115146147032773,849,HellaSwag,0.5,discovery,validation
0.9422239962480699,55496,1592,0.02868675219835664,35063,880,0.025097681316487465,2267,687,0.3030436700485223,850,HellaSwag,0.5,discovery,validation
0.9472898676478091,55502,1455,0.026215271521746963,35066,782,0.022300804197798438,2270,583,0.25682819383259914,851,HellaSwag,0.5,discovery,validation
0.9516315056610648,55497,1332,0.024001297367425265,35063,752,0.021447109488634743,2267,662,0.29201588001764445,852,HellaSwag,0.5,discovery,validation
0.9509771409696202,55501,1351,0.024341903749481992,35064,769,0.021931325576089438,2268,652,0.2874779541446208,853,HellaSwag,0.5,discovery,validation
0.9418801565043065,55494,1600,0.028831945795941904,35062,891,0.025412127089156352,2266,731,0.32259488084730803,854,HellaSwag,0.5,discovery,validation
0.9524803236889678,55504,1310,0.023601902565580857,35062,765,0.02181849295533626,2266,656,0.28949691085613416,855,HellaSwag,0.5,discovery,validation
0.9449371600763863,55490,1517,0.027338259145792035,35057,873,0.02490230196537068,2261,697,0.3082706766917293,856,HellaSwag,0.5,discovery,validation
0.9493156476107547,55507,1399,0.025204028320752338,35067,779,0.022214617731770612,2271,650,0.2862175253192426,857,HellaSwag,0.5,discovery,validation
0.9375876952944285,55504,1722,0.03102479100605362,35066,932,0.02657845206182627,2270,729,0.3211453744493392,858,HellaSwag,0.5,discovery,validation
0.9444544719070007,55496,1531,0.0275875738791985,35062,866,0.024699104443557128,2266,615,0.27140335392762577,859,HellaSwag,0.5,discovery,validation
0.9390097096071581,55506,1684,0.030339062443699782,35065,931,0.026550691572793383,2269,667,0.29396209784045835,860,HellaSwag,0.5,discovery,validation
0.9448737267809763,55490,1515,0.027302216615606417,35056,815,0.02324851665905979,2260,656,0.2902654867256637,861,HellaSwag,0.5,discovery,validation
0.9428450934070519,55497,1575,0.028379912427698793,35063,891,0.025411402332943558,2267,652,0.28760476400529333,862,HellaSwag,0.5,discovery,validation
0.9404305956049248,55507,1644,0.02961788603239231,35067,925,0.026378076254028004,2271,671,0.2954645530603259,863,HellaSwag,0.5,discovery,validation
0.9497162575516833,55498,1386,0.02497387293235792,35061,780,0.02224694104560623,2266,659,0.2908208296557811,864,HellaSwag,0.5,discovery,validation
0.952864907138184,55499,1296,0.023351772104001873,35061,701,0.019993725221756367,2265,616,0.27196467991169976,865,HellaSwag,0.5,discovery,validation
0.9345947492068202,55507,1806,0.032536436845803235,35066,1058,0.03017167626760965,2270,822,0.36211453744493394,866,HellaSwag,0.5,discovery,validation
0.9441326811897406,55500,1539,0.02772972972972973,35065,844,0.02406958505632397,2269,699,0.3080652269722345,867,HellaSwag,0.5,discovery,validation
0.9447762659256285,55492,1522,0.02742737691919556,35063,821,0.0234149958645866,2267,639,0.2818703131892369,868,HellaSwag,0.5,discovery,validation
0.9449506007486103,55500,1519,0.02736936936936937,35067,795,0.022670887158867312,2271,633,0.27873183619550856,869,HellaSwag,0.5,discovery,validation
0.94620392183353,55487,1479,0.02665489213689693,35057,857,0.02444590238754029,2261,691,0.3056169836355595,870,HellaSwag,0.5,discovery,validation
0.9468212524180625,55499,1467,0.026432908701057675,35058,825,0.023532431969878486,2262,647,0.28603006189213087,871,HellaSwag,0.5,discovery,validation
0.947616444021109,55507,1447,0.026068784117318538,35066,778,0.022186733588091027,2270,614,0.27048458149779736,872,HellaSwag,0.5,discovery,validation
0.945334878725987,55494,1505,0.027120049014307854,35058,854,0.02435963260881967,2262,674,0.2979664014146773,873,HellaSwag,0.5,discovery,validation
0.9469026769244756,55500,1464,0.026378378378378378,35060,790,0.02253280091272105,2264,643,0.2840106007067138,874,HellaSwag,0.5,discovery,validation
0.9441971513644106,55503,1539,0.02772823090643749,35071,832,0.023723304154429584,2275,626,0.27516483516483514,875,HellaSwag,0.5,discovery,validation
0.9439982971323729,55501,1545,0.027837336264211456,35065,848,0.02418365891915015,2269,648,0.2855883649184663,876,HellaSwag,0.5,discovery,validation
0.945895410191177,55500,1494,0.02691891891891892,35065,786,0.02241551404534436,2269,690,0.30409872190392245,877,HellaSwag,0.5,discovery,validation
0.9481068700611103,55498,1429,0.025748675627950558,35059,766,0.021848883310990046,2263,590,0.2607158638974812,878,HellaSwag,0.5,discovery,validation
0.9440352702192062,55504,1546,0.027853848371288556,35064,895,0.02552475473420032,2268,692,0.30511463844797176,879,HellaSwag,0.5,discovery,validation
0.9393479327697086,55484,1670,0.030098767212169274,35057,951,0.027127249907293836,2261,725,0.3206545776205219,880,HellaSwag,0.5,discovery,validation
0.9415954929607097,55498,1613,0.029064110418393456,35062,917,0.026153670640579545,2266,649,0.28640776699029125,881,HellaSwag,0.5,discovery,validation
0.9433962448799879,55502,1564,0.028179164714785054,35065,862,0.024582917439041778,2269,695,0.30630233583076244,882,HellaSwag,0.5,discovery,validation
0.9421307883099832,55508,1600,0.02882467392087627,35067,922,0.026292525736447372,2271,719,0.31660061646851606,883,HellaSwag,0.5,discovery,validation
0.9511647032406535,55498,1347,0.024271144906122744,35064,719,0.020505361624458134,2268,616,0.2716049382716049,884,HellaSwag,0.5,discovery,validation
0.93881482143164,55496,1686,0.03038056796886262,35066,931,0.026549934409399418,2270,719,0.31674008810572685,885,HellaSwag,0.5,discovery,validation
0.9374151487462205,55501,1728,0.031134574151817085,35063,966,0.02755040926332601,2267,758,0.33436259373621524,886,HellaSwag,0.5,discovery,validation
0.9428990479543738,55499,1574,0.02836087136705166,35059,856,0.02441598448329958,2263,689,0.3044631020768891,887,HellaSwag,0.5,discovery,validation
0.945977807007521,55504,1490,0.026844912078408764,35066,874,0.024924428221068842,2270,692,0.3048458149779736,888,HellaSwag,0.5,discovery,validation
0.9488736115210141,55503,1413,0.025458083346846117,35068,747,0.021301471426941943,2272,615,0.2706866197183099,889,HellaSwag,0.5,discovery,validation
0.9459899861743846,55491,1487,0.026797138274675173,35064,853,0.024326945014830025,2268,715,0.3152557319223986,890,HellaSwag,0.5,discovery,validation
0.9427710893155206,55494,1575,0.028381446642880313,35064,906,0.025838466803559206,2268,693,0.3055555555555556,891,HellaSwag,0.5,discovery,validation
0.9420218281442226,55505,1601,0.02884424826592199,35064,833,0.023756559434177503,2268,623,0.27469135802469136,892,HellaSwag,0.5,discovery,validation
0.9501299869116374,55498,1375,0.024775667591624924,35064,795,0.022672826830937715,2268,690,0.30423280423280424,893,HellaSwag,0.5,discovery,validation
0.9451419300779492,55504,1513,0.027259296627270106,35068,827,0.0235827535074712,2272,661,0.2909330985915493,894,HellaSwag,0.5,discovery,validation
0.9497027961952204,55507,1386,0.024969823625848993,35068,726,0.02070263488080301,2272,563,0.24779929577464788,895,HellaSwag,0.5,discovery,validation
0.9445633820179086,55499,1529,0.027550045946773814,35064,865,0.024669176363221537,2268,652,0.2874779541446208,896,HellaSwag,0.5,discovery,validation
0.9495305710939125,55504,1393,0.02509729028538484,35063,789,0.02250235290762342,2267,627,0.27657697397441555,897,HellaSwag,0.5,discovery,validation
0.9464851316495205,55493,1472,0.02652586812751158,35062,782,0.022303348354343736,2266,666,0.293909973521624,898,HellaSwag,0.5,discovery,validation
0.947635447859546,55490,1440,0.025950621733645703,35062,794,0.02264559922423136,2266,604,0.26654898499558694,899,HellaSwag,0.5,discovery,validation
0.9499442579642641,55505,1383,0.024916674173497882,35064,814,0.02321469313255761,2268,606,0.2671957671957672,900,HellaSwag,0.5,discovery,validation
0.9395280359093764,55500,1666,0.030018018018018018,35061,943,0.026895981289752145,2265,727,0.32097130242825606,901,HellaSwag,0.5,discovery,validation
0.9434871855648359,55504,1559,0.028088065724992794,35063,826,0.0235575963266121,2267,669,0.2951036612262902,902,HellaSwag,0.5,discovery,validation
0.9441636627145784,55491,1538,0.027716206231641168,35058,848,0.024188487649038738,2262,653,0.28868258178603007,903,HellaSwag,0.5,discovery,validation
0.9497909248027171,55504,1385,0.02495315652925915,35065,780,0.02224440325110509,2269,648,0.2855883649184663,904,HellaSwag,0.5,discovery,validation
0.9422165631074938,55499,1596,0.02875727490585416,35059,908,0.025899198493967313,2263,677,0.29916040653999115,905,HellaSwag,0.5,discovery,validation
0.9492827509833476,55493,1396,0.025156326023102013,35057,816,0.023276378469349917,2261,657,0.2905793896505971,906,HellaSwag,0.5,discovery,validation
0.9404750265440759,55505,1645,0.029636969642374562,35068,913,0.026035131744040152,2272,736,0.323943661971831,907,HellaSwag,0.5,discovery,validation
0.9481693572642823,55497,1429,0.02574913959313116,35064,767,0.021874287018024186,2268,608,0.26807760141093473,908,HellaSwag,0.5,discovery,validation
0.9467076870017561,55506,1471,0.026501639462400462,35063,821,0.0234149958645866,2267,650,0.2867225408028231,909,HellaSwag,0.5,discovery,validation
0.9489729999896344,55505,1408,0.0253670840464823,35067,814,0.023212707103544644,2271,675,0.29722589167767505,910,HellaSwag,0.5,discovery,validation
0.9489019684911679,55506,1412,0.025438691312650884,35066,806,0.02298522785604289,2270,651,0.286784140969163,911,HellaSwag,0.5,discovery,validation
0.9402400248266825,55487,1643,0.029610539405626544,35055,935,0.026672371986877764,2259,707,0.31297034085878706,912,HellaSwag,0.5,discovery,validation
0.9468326351936911,55504,1466,0.02641251081003171,35063,844,0.02407095798990389,2267,680,0.2999558888398765,913,HellaSwag,0.5,discovery,validation
0.9484211807423939,55497,1420,0.02558696866497288,35064,850,0.024241387177732148,2268,625,0.27557319223985893,914,HellaSwag,0.5,discovery,validation
0.9467247147313831,55504,1471,0.026502594407610262,35062,845,0.024100165421253778,2266,672,0.2965578111209179,915,HellaSwag,0.5,discovery,validation
0.9451039828129636,55500,1515,0.027297297297297296,35064,800,0.022815423226100844,2269,622,0.2741295724988982,916,HellaSwag,0.5,discovery,validation
0.9503800342419145,55494,1369,0.02466933362165279,35058,730,0.020822636773347024,2262,606,0.26790450928381965,917,HellaSwag,0.5,discovery,validation
0.9453227673893494,55507,1508,0.02716774460878808,35067,781,0.0222716514101577,2271,638,0.2809335094671951,918,HellaSwag,0.5,discovery,validation
0.9451880329998311,55489,1510,0.02721260069563337,35061,836,0.0238441573258036,2265,645,0.2847682119205298,919,HellaSwag,0.5,discovery,validation
0.9455111309539597,55505,1506,0.02713269074858121,35062,840,0.023957560892133935,2266,690,0.30450132391879964,920,HellaSwag,0.5,discovery,validation
0.949215362722267,55504,1402,0.025259440761026233,35062,781,0.022274827448519764,2266,596,0.26301853486319504,921,HellaSwag,0.5,discovery,validation
0.9465202761661728,55509,1476,0.026590282656866453,35068,835,0.023810881715524125,2272,643,0.2830105633802817,922,HellaSwag,0.5,discovery,validation
0.9387872871567534,55494,1687,0.030399682848596246,35062,931,0.02655296332211511,2266,696,0.30714916151809357,923,HellaSwag,0.5,discovery,validation
0.9464444906725414,55501,1477,0.026612133114718654,35066,846,0.02412593395311698,2270,670,0.29515418502202645,924,HellaSwag,0.5,discovery,validation
0.9419552416661601,55498,1601,0.028847886410321093,35063,894,0.025496962610158855,2267,664,0.29289810322011467,925,HellaSwag,0.5,discovery,validation
0.9424503949865461,55500,1589,0.02863063063063063,35060,864,0.02464346833998859,2264,718,0.31713780918727913,926,HellaSwag,0.5,discovery,validation
0.9477773819300442,55505,1439,0.025925592288982974,35064,798,0.02275838466803559,2268,664,0.2927689594356261,927,HellaSwag,0.5,discovery,validation
0.9447052906573385,55495,1522,0.027425894224704928,35063,803,0.02290163420129481,2267,651,0.2871636524040582,928,HellaSwag,0.5,discovery,validation
0.9448871486330076,55500,1521,0.027405405405405404,35062,819,0.023358621869830586,2266,623,0.27493380406001766,929,HellaSwag,0.5,discovery,validation
0.9434600761378018,55486,1555,0.028025087409436614,35065,836,0.023841437330671608,2269,658,0.2899955927721463,930,HellaSwag,0.5,discovery,validation
0.9488736173534699,55503,1410,0.025404032214474893,35062,779,0.022217785636871826,2266,567,0.2502206531332745,931,HellaSwag,0.5,discovery,validation
0.9460553517509063,55497,1488,0.026812260122168766,35067,884,0.02520888584709271,2271,649,0.2857771906649053,932,HellaSwag,0.5,discovery,validation
0.9534894707668287,55488,1277,0.023013985005767013,35058,709,0.020223629414113754,2262,613,0.27099911582670205,933,HellaSwag,0.5,discovery,validation
0.9516400502201964,55495,1332,0.024002162356969097,35065,757,0.021588478539854555,2270,626,0.2757709251101322,934,HellaSwag,0.5,discovery,validation
0.938865816657928,55506,1691,0.03046517493604295,35066,963,0.02746249928705869,2270,830,0.3656387665198238,935,HellaSwag,0.5,discovery,validation
0.9509812961034333,55490,1348,0.024292665345107226,35058,791,0.02256261053111986,2262,692,0.3059239610963749,936,HellaSwag,0.5,discovery,validation
0.9469859936616142,55505,1465,0.026394018556886768,35070,840,0.023952095808383235,2274,684,0.3007915567282322,937,HellaSwag,0.5,discovery,validation
0.9491821203071019,55509,1404,0.02529319569799492,35069,803,0.022897715931449427,2273,677,0.2978442586889573,938,HellaSwag,0.5,discovery,validation
0.9460033354526289,55500,1490,0.026846846846846847,35064,881,0.025125484827743554,2268,693,0.3055555555555556,939,HellaSwag,0.5,discovery,validation
0.9386191605159402,55499,1693,0.030505054145119732,35061,949,0.027067111605487578,2265,738,0.3258278145695364,940,HellaSwag,0.5,discovery,validation
0.9502918734339615,55497,1370,0.024686019064093553,35064,773,0.02204540269221994,2268,682,0.30070546737213405,941,HellaSwag,0.5,discovery,validation
0.9434027025395018,55498,1559,0.02809110238206782,35062,820,0.023387142775654554,2266,616,0.27184466019417475,942,HellaSwag,0.5,discovery,validation
0.9468742650911367,55497,1464,0.026379804313746688,35063,829,0.023643156603827396,2267,673,0.2968681076312307,943,HellaSwag,0.5,discovery,validation
0.9508975296801045,55504,1352,0.024358604785240705,35064,769,0.021931325576089438,2268,612,0.2698412698412698,944,HellaSwag,0.5,discovery,validation
0.9461661785637157,55502,1482,0.026701740477820618,35065,797,0.022729217168116354,2269,524,0.23093873953283384,945,HellaSwag,0.5,discovery,validation
0.9484684611060347,55502,1422,0.025620698353212498,35065,726,0.020704406102951663,2269,650,0.2864698104892023,946,HellaSwag,0.5,discovery,validation
0.9428512443699866,55509,1582,0.02849988290187177,35070,855,0.024379811804961505,2274,689,0.30299032541776605,947,HellaSwag,0.5,discovery,validation
0.9410315321991838,55503,1629,0.029349764877574184,35064,881,0.025125484827743554,2268,709,0.31261022927689597,948,HellaSwag,0.5,discovery,validation
0.9528571839655413,55502,1299,0.023404561997765846,35065,737,0.021018109225723655,2269,652,0.2873512560599383,949,HellaSwag,0.5,discovery,validation
0.9459787722290669,55505,1488,0.02680839564003243,35066,849,0.024211486910397536,2270,643,0.28325991189427313,950,HellaSwag,0.5,discovery,validation
0.9495827223782883,55501,1391,0.02506261148447776,35061,746,0.02127720258977211,2266,597,0.263459841129744,951,HellaSwag,0.5,discovery,validation
0.9381734842002043,55490,1703,0.030690214453054605,35057,983,0.028040049062954618,2261,736,0.32551968155683325,952,HellaSwag,0.5,discovery,validation
0.9426611128983642,55489,1579,0.02845609039629476,35059,831,0.023702900824324708,2263,694,0.30667255855059655,953,HellaSwag,0.5,discovery,validation
0.947891023306401,55498,1436,0.025874806299326102,35062,787,0.022445952883463578,2266,634,0.2797881729920565,954,HellaSwag,0.5,discovery,validation
0.9472397107515594,55490,1454,0.026202919444945034,35060,838,0.02390188248716486,2264,664,0.29328621908127206,955,HellaSwag,0.5,discovery,validation
0.9457714459251142,55505,1497,0.02697054319430682,35061,877,0.025013547816662388,2265,713,0.3147902869757174,956,HellaSwag,0.5,discovery,validation
0.9374286464110824,55494,1723,0.031048401629004938,35060,954,0.027210496292070736,2264,728,0.3215547703180212,957,HellaSwag,0.5,discovery,validation
0.9451644805462496,55495,1510,0.027209658527795298,35058,826,0.023560956129841975,2262,690,0.3050397877984085,958,HellaSwag,0.5,discovery,validation
0.9457780058620477,55499,1494,0.026919403953224383,35063,820,0.023386475772181503,2267,673,0.2968681076312307,959,HellaSwag,0.5,discovery,validation
0.9472586375926962,55492,1452,0.026165933828299574,35062,769,0.021932576578632137,2266,654,0.2886142983230362,960,HellaSwag,0.5,discovery,validation
0.9427942071996367,55503,1580,0.028466929715510875,35062,878,0.025041355313444754,2267,619,0.2730480811645346,961,HellaSwag,0.5,discovery,validation
0.9430090225390069,55502,1572,0.0283233036647328,35065,884,0.02521032368458577,2269,713,0.3142353459673865,962,HellaSwag,0.5,discovery,validation
0.9480046778463932,55491,1430,0.02576994467571318,35058,836,0.023846197729476867,2262,650,0.28735632183908044,963,HellaSwag,0.5,discovery,validation
0.9467104614907923,55494,1469,0.02647133023389916,35062,836,0.023843477268838058,2266,703,0.31023830538393643,964,HellaSwag,0.5,discovery,validation
0.9452518109449234,55508,1512,0.027239316855228075,35068,813,0.023183529143378578,2272,684,0.301056338028169,965,HellaSwag,0.5,discovery,validation
0.9400136919449513,55501,1655,0.029819282535449812,35066,848,0.024182969257970685,2271,726,0.31968295904887717,966,HellaSwag,0.5,discovery,validation
0.939381977478216,55496,1675,0.030182355485080005,35062,918,0.026182191546403513,2266,731,0.32259488084730803,967,HellaSwag,0.5,discovery,validation
0.9453956958388948,55508,1510,0.02720328601282698,35065,786,0.02241551404534436,2269,669,0.29484354341119434,968,HellaSwag,0.5,discovery,validation
0.9457989085052781,55505,1496,0.026952526799387443,35061,810,0.02310259262428339,2265,679,0.2997792494481236,969,HellaSwag,0.5,discovery,validation
0.9413774872559734,55512,1621,0.029200893500504397,35071,854,0.024350603062359213,2275,664,0.2918681318681319,970,HellaSwag,0.5,discovery,validation
0.94332972599372,55495,1563,0.028164699522479502,35056,864,0.02464628023733455,2260,666,0.29469026548672567,971,HellaSwag,0.5,discovery,validation
0.9458944302671284,55499,1490,0.026847330582533017,35065,885,0.025238842150292314,2269,687,0.3027765535478184,972,HellaSwag,0.5,discovery,validation
0.9474479793428439,55493,1448,0.026093381147171715,35060,857,0.024443810610382203,2264,656,0.28975265017667845,973,HellaSwag,0.5,discovery,validation
0.9429360458122702,55499,1572,0.028324834681705977,35064,775,0.022102441250285192,2268,660,0.291005291005291,974,HellaSwag,0.5,discovery,validation
0.9479214067161456,55486,1433,0.025826334570882747,35056,798,0.022763578274760384,2260,666,0.29469026548672567,975,HellaSwag,0.5,discovery,validation
0.9523175864965183,55502,1315,0.023692839897661345,35061,774,0.022075810729870797,2265,644,0.284326710816777,976,HellaSwag,0.5,discovery,validation
0.9465618833756766,55502,1474,0.02655760152787287,35068,825,0.023525721455457966,2272,635,0.2794894366197183,977,HellaSwag,0.5,discovery,validation
0.9407225772686946,55497,1635,0.029461051948753987,35058,826,0.023560956129841975,2262,664,0.29354553492484525,978,HellaSwag,0.5,discovery,validation
0.9431573231515603,55492,1565,0.02820226338931738,35055,835,0.02381971188132934,2259,641,0.28375387339530767,979,HellaSwag,0.5,discovery,validation
0.9434841447382907,55499,1561,0.028126632912304727,35065,870,0.02481106516469414,2269,696,0.30674305861613044,980,HellaSwag,0.5,discovery,validation
0.9499820268342323,55509,1382,0.02489686357167306,35062,779,0.022217785636871826,2266,638,0.2815533980582524,981,HellaSwag,0.5,discovery,validation
0.942429312313575,55494,1585,0.02856164630410495,35062,836,0.023843477268838058,2266,660,0.2912621359223301,982,HellaSwag,0.5,discovery,validation
0.9474432197811257,55503,1449,0.026106696935300794,35064,842,0.024013232945471138,2268,653,0.2879188712522046,983,HellaSwag,0.5,discovery,validation
0.9471128201056277,55490,1453,0.026184898179852225,35057,823,0.023476053284650713,2261,694,0.3069438301636444,984,HellaSwag,0.5,discovery,validation
0.9430124022091965,55491,1571,0.028310897262619164,35059,882,0.025157591488633446,2263,712,0.31462660185594343,985,HellaSwag,0.5,discovery,validation
0.9441286815432294,55492,1537,0.027697686152958985,35061,889,0.025355808448133253,2266,700,0.3089143865842895,986,HellaSwag,0.5,discovery,validation
0.9424969157618944,55503,1587,0.02859304902437706,35062,897,0.025583252524100167,2266,689,0.30406001765225066,987,HellaSwag,0.5,discovery,validation
0.9524066604395887,55500,1312,0.02363963963963964,35063,746,0.021275988934204147,2267,563,0.24834583149536832,988,HellaSwag,0.5,discovery,validation
0.9436830140423209,55501,1552,0.027963460117835716,35068,877,0.025008554807801984,2272,698,0.30721830985915494,989,HellaSwag,0.5,discovery,validation
0.93881261593754,55492,1686,0.03038275787500901,35055,960,0.02738553701326487,2259,719,0.31828242585214694,990,HellaSwag,0.5,discovery,validation
0.9450830360657394,55494,1512,0.027246188777165097,35062,794,0.02264559922423136,2266,682,0.30097087378640774,991,HellaSwag,0.5,discovery,validation
0.9438509480934244,55512,1552,0.027957919008502665,35066,830,0.023669651514287345,2270,655,0.28854625550660795,992,HellaSwag,0.5,discovery,validation
0.9423319362003826,55496,1592,0.02868675219835664,35054,886,0.025275289553260683,2258,721,0.31930912311780335,993,HellaSwag,0.5,discovery,validation
0.9411415634598553,55508,1626,0.02929307487209051,35067,881,0.025123335329512077,2271,715,0.3148392778511669,994,HellaSwag,0.5,discovery,validation
0.9520572107149614,55505,1323,0.023835690478335284,35068,718,0.020474506672750085,2272,624,0.2746478873239437,995,HellaSwag,0.5,discovery,validation
0.947225499950001,55499,1458,0.02627074361700211,35060,791,0.02256132344552196,2264,657,0.29019434628975266,996,HellaSwag,0.5,discovery,validation
0.9474148326994971,55500,1451,0.026144144144144146,35064,860,0.024526579968058407,2268,718,0.3165784832451499,997,HellaSwag,0.5,discovery,validation
0.9442710953583755,55507,1539,0.027726232727403752,35068,850,0.02423862210562336,2272,646,0.28433098591549294,998,HellaSwag,0.5,discovery,validation
0.9358024465223101,55497,1769,0.03187559687911058,35060,1028,0.029321163719338277,2264,787,0.3476148409893993,999,HellaSwag,0.5,discovery,validation
0.9463365702076136,55501,1481,0.02668420388821823,35060,854,0.024358243011979464,2264,645,0.2848939929328622,1000,HellaSwag,0.5,discovery,validation
0.9486596240962556,55507,1415,0.02549228025294107,35066,795,0.022671533679347516,2270,615,0.2709251101321586,1001,HellaSwag,0.5,discovery,validation
0.9457155449562369,55501,1497,0.026972486982216538,35063,865,0.024669879930410976,2267,652,0.28760476400529333,1002,HellaSwag,0.5,discovery,validation
0.9483662980981827,55495,1422,0.02562393008379133,35058,752,0.021450168292543783,2262,635,0.2807250221043324,1003,HellaSwag,0.5,discovery,validation
0.9485044342707585,55502,1420,0.025584663615725558,35063,785,0.022388272538003025,2267,634,0.27966475518306133,1004,HellaSwag,0.5,discovery,validation
0.9483340247362658,55503,1425,0.025674287876331008,35063,865,0.024669879930410976,2267,622,0.27437141596823994,1005,HellaSwag,0.5,discovery,validation
0.9404718245467404,55500,1642,0.029585585585585585,35064,948,0.0270362765229295,2268,686,0.30246913580246915,1006,HellaSwag,0.5,discovery,validation
0.9451409433690892,55503,1512,0.02724177071509648,35067,878,0.025037784811931446,2271,671,0.2954645530603259,1007,HellaSwag,0.5,discovery,validation
0.9445104184328914,55501,1531,0.027585088556962938,35061,901,0.02569806907960412,2265,668,0.29492273730684326,1008,HellaSwag,0.5,discovery,validation
0.9435625547691339,55493,1552,0.02796749139531112,35061,872,0.024870939220216194,2266,737,0.32524271844660196,1009,HellaSwag,0.5,discovery,validation
0.9397989252151829,55502,1662,0.029944866851644984,35067,945,0.02694841303789888,2271,770,0.3390576838397182,1010,HellaSwag,0.5,discovery,validation
0.9383442300014375,55507,1701,0.030644783540814673,35064,916,0.026123659593885466,2268,681,0.3002645502645503,1011,HellaSwag,0.5,discovery,validation
0.9430110634768799,55506,1574,0.028357294706878537,35063,881,0.025126201408892566,2267,725,0.31980591089545657,1012,HellaSwag,0.5,discovery,validation
0.9449541628412765,55488,1515,0.02730320069204152,35058,794,0.022648183011010327,2262,680,0.3006189213085765,1013,HellaSwag,0.5,discovery,validation
0.9463574423310022,55507,1478,0.026627272235934207,35063,818,0.023329435587371303,2267,603,0.2659902955447728,1014,HellaSwag,0.5,discovery,validation
0.9439128275681831,55492,1545,0.02784185107763281,35063,883,0.025183241593702763,2268,698,0.30776014109347444,1015,HellaSwag,0.5,discovery,validation
0.9435265963995092,55493,1554,0.02800353197700611,35063,889,0.02535436214813336,2267,691,0.30480811645346273,1016,HellaSwag,0.5,discovery,validation
0.9544853774845246,55503,1254,0.022593373331171288,35067,705,0.02010437163144837,2271,603,0.2655217965653897,1017,HellaSwag,0.5,discovery,validation
0.9441781517451584,55501,1541,0.027765265490711878,35064,857,0.02444102213096053,2268,729,0.32142857142857145,1018,HellaSwag,0.5,discovery,validation
0.9454882517668308,55495,1501,0.027047481755113074,35055,774,0.022079589216944803,2259,541,0.23948649845064188,1019,HellaSwag,0.5,discovery,validation
0.9416029129918074,55495,1610,0.02901162266870889,35058,908,0.02589993724684808,2262,710,0.3138815207780725,1020,HellaSwag,0.5,discovery,validation
0.9413828617473119,55488,1612,0.02905132641291811,35061,887,0.025298765009554774,2265,697,0.30772626931567326,1021,HellaSwag,0.5,discovery,validation
0.9431573187264146,55492,1565,0.02820226338931738,35059,811,0.023132433897144814,2264,626,0.2765017667844523,1022,HellaSwag,0.5,discovery,validation
0.9481371069374603,55505,1431,0.02578146112962796,35062,827,0.023586789116422337,2266,650,0.2868490732568402,1023,HellaSwag,0.5,discovery,validation
0.9428746307886144,55504,1579,0.028448400115307006,35064,899,0.025638831850330824,2269,657,0.2895548699867783,1024,HellaSwag,0.5,discovery,validation
0.949087622938108,55499,1402,0.025261716427323014,35063,771,0.02198899124433163,2267,668,0.2946625496250551,1025,HellaSwag,0.5,discovery,validation
0.9488480132946584,55507,1412,0.025438233015655683,35069,750,0.021386409649548035,2273,667,0.2934447866256049,1026,HellaSwag,0.5,discovery,validation
0.9439233242462913,55496,1545,0.027839844313103646,35061,880,0.025099112974530106,2265,703,0.31037527593818987,1027,HellaSwag,0.5,discovery,validation
0.9491995406968575,55488,1399,0.025212658592848904,35056,805,0.022963258785942492,2260,650,0.28761061946902655,1028,HellaSwag,0.5,discovery,validation
0.9424588761680028,55498,1587,0.02859562506757,35063,888,0.02532584205572826,2267,717,0.3162770180855756,1029,HellaSwag,0.5,discovery,validation
0.9485897596710859,55492,1415,0.025499171051683124,35058,790,0.022534086371156368,2262,615,0.2718832891246684,1030,HellaSwag,0.5,discovery,validation
0.9421901008589508,55500,1594,0.02872072072072072,35060,908,0.02589845978322875,2266,676,0.29832303618711387,1031,HellaSwag,0.5,discovery,validation
0.9503921299145744,55500,1366,0.024612612612612612,35065,763,0.021759589334093825,2269,632,0.2785368003525782,1032,HellaSwag,0.5,discovery,validation
0.9449391368748653,55495,1516,0.027317776376250113,35065,882,0.02515328675317268,2269,720,0.31732040546496254,1033,HellaSwag,0.5,discovery,validation
0.9457126197023628,55497,1497,0.026974431050327045,35061,885,0.0252417215709763,2265,682,0.3011037527593819,1034,HellaSwag,0.5,discovery,validation
0.9472074980102873,55500,1459,0.02628828828828829,35063,742,0.021161908564583748,2267,621,0.27393030436700483,1035,HellaSwag,0.5,discovery,validation
0.9421510245277432,55496,1594,0.02872279083177166,35061,869,0.02478537406234848,2265,700,0.3090507726269316,1036,HellaSwag,0.5,discovery,validation
0.9444479657379845,55502,1533,0.027620626283737522,35062,823,0.023472705493126463,2266,663,0.2925860547219771,1037,HellaSwag,0.5,discovery,validation
0.947080654684177,55496,1457,0.026254144442842728,35064,778,0.02218799908738307,2268,615,0.27116402116402116,1038,HellaSwag,0.5,discovery,validation
0.944993093166484,55495,1515,0.027299756734840978,35061,798,0.02276033199281253,2265,639,0.28211920529801326,1039,HellaSwag,0.5,discovery,validation
0.950136749670456,55492,1373,0.024742305197145535,35060,773,0.02204791785510553,2264,578,0.25530035335689044,1040,HellaSwag,0.5,discovery,validation
0.9360362847117343,55496,1764,0.031786074672048435,35062,969,0.02763675774342593,2266,725,0.3199470432480141,1041,HellaSwag,0.5,discovery,validation
0.9451589267408121,55502,1513,0.02726027890886815,35068,848,0.02418159005361013,2273,734,0.322921249450066,1042,HellaSwag,0.5,discovery,validation
0.9382975938604217,55503,1702,0.030665009098607282,35061,916,0.0261258948689427,2267,697,0.3074547860608734,1043,HellaSwag,0.5,discovery,validation
0.9479080776874047,55496,1436,0.025875738791985008,35060,799,0.022789503707929263,2264,701,0.30962897526501765,1044,HellaSwag,0.5,discovery,validation
0.942972019947509,55499,1572,0.028324834681705977,35064,871,0.024840292037417295,2268,638,0.281305114638448,1045,HellaSwag,0.5,discovery,validation
0.9437084881927805,55497,1551,0.02794745661927672,35063,914,0.026067364458260845,2267,715,0.3153947948831054,1046,HellaSwag,0.5,discovery,validation
0.9500674780830543,55499,1377,0.024811257860501992,35060,800,0.022818026240730177,2264,654,0.28886925795053003,1047,HellaSwag,0.5,discovery,validation
0.9494324809976147,55486,1389,0.025033341743863315,35059,796,0.02270458370175989,2263,691,0.30534688466637205,1048,HellaSwag,0.5,discovery,validation
0.9479051478424847,55510,1438,0.025905242298684922,35072,762,0.021726733576642336,2276,601,0.2640597539543058,1049,HellaSwag,0.5,discovery,validation
0.9443560385596771,55497,1534,0.027641133754977745,35063,856,0.02441319909876508,2267,722,0.31848257609175123,1050,HellaSwag,0.5,discovery,validation
0.9449257172230884,55485,1516,0.027322699828782555,35056,846,0.024132816065723414,2260,680,0.3008849557522124,1051,HellaSwag,0.5,discovery,validation
0.9437654739106042,55503,1552,0.027962452480046123,35064,873,0.024897330595482547,2268,642,0.2830687830687831,1052,HellaSwag,0.5,discovery,validation
0.9398000111993401,55505,1663,0.02996126475092334,35066,923,0.0263217931899846,2270,683,0.30088105726872244,1053,HellaSwag,0.5,discovery,validation
0.9486757636580883,55504,1415,0.02549365811473047,35065,774,0.02207329245686582,2269,668,0.29440282062582634,1054,HellaSwag,0.5,discovery,validation
0.9503125279249789,55503,1371,0.02470136749364899,35063,784,0.022359752445597923,2267,661,0.29157476841640934,1055,HellaSwag,0.5,discovery,validation
0.9456190533479459,55505,1502,0.0270606251689037,35067,826,0.02355490917386717,2271,672,0.29590488771466317,1056,HellaSwag,0.5,discovery,validation
0.946304297078574,55490,1478,0.026635429807172463,35063,786,0.022416792630408123,2267,653,0.28804587560652845,1057,HellaSwag,0.5,discovery,validation
0.94628357279089,55503,1480,0.026665225303136766,35066,826,0.023555580904579935,2270,680,0.29955947136563876,1058,HellaSwag,0.5,discovery,validation
0.9434505705094948,55485,1558,0.0280796611696855,35059,791,0.022561966969964917,2263,649,0.28678745028722935,1059,HellaSwag,0.5,discovery,validation
0.9440817433588671,55506,1543,0.027798796526501638,35066,885,0.025238122397764216,2270,731,0.32202643171806167,1060,HellaSwag,0.5,discovery,validation
0.9455346962341565,55501,1503,0.0270805931424659,35060,786,0.022418710781517397,2264,611,0.2698763250883392,1061,HellaSwag,0.5,discovery,validation
0.9441361851510532,55489,1536,0.027681162032114473,35053,859,0.02450574843807948,2257,633,0.28046078865750995,1062,HellaSwag,0.5,discovery,validation
0.939960807648871,55503,1660,0.029908293245410156,35062,926,0.026410358792995265,2266,676,0.29832303618711387,1063,HellaSwag,0.5,discovery,validation
0.9481541605305311,55505,1431,0.02578146112962796,35067,829,0.0236404596914478,2271,647,0.2848965213562307,1064,HellaSwag,0.5,discovery,validation
0.9520383616364999,55502,1324,0.023854996216352564,35065,755,0.021531441608441466,2269,602,0.26531511679153813,1065,HellaSwag,0.5,discovery,validation
0.9424863724759813,55500,1586,0.028576576576576578,35065,914,0.026065877655782117,2269,653,0.28779197884530633,1066,HellaSwag,0.5,discovery,validation
0.9426048352560656,55502,1585,0.028557529458397894,35066,921,0.026264757885130895,2270,746,0.32863436123348017,1067,HellaSwag,0.5,discovery,validation
0.9492787634716342,55504,1401,0.025241424041510523,35065,776,0.02213032938827891,2269,575,0.25341560158660204,1068,HellaSwag,0.5,discovery,validation
0.9455830780948519,55505,1500,0.02702459237906495,35067,811,0.023127156585964013,2271,652,0.2870981946279172,1069,HellaSwag,0.5,discovery,validation
0.9508580284106172,55496,1355,0.024416174138676663,35062,762,0.021732930237864354,2266,641,0.2828773168578994,1070,HellaSwag,0.5,discovery,validation
0.9440607457840975,55500,1540,0.02774774774774775,35066,881,0.02512405178805681,2270,690,0.3039647577092511,1071,HellaSwag,0.5,discovery,validation
0.9378648103731533,55502,1714,0.03088177002630536,35062,937,0.026724088757058923,2267,725,0.31980591089545657,1072,HellaSwag,0.5,discovery,validation
0.9474413352105692,55499,1451,0.02614461521829222,35064,794,0.022644307551905087,2268,596,0.26278659611992944,1073,HellaSwag,0.5,discovery,validation
0.9476032317723924,55498,1442,0.025982918303362284,35063,859,0.024498759375980377,2267,672,0.2964269960299956,1074,HellaSwag,0.5,discovery,validation
0.947088228071427,55493,1456,0.026237543473951668,35058,842,0.0240173426892578,2262,645,0.28514588859416445,1075,HellaSwag,0.5,discovery,validation
0.9414917686771433,55506,1615,0.029095953590602817,35069,807,0.023011776782913683,2273,589,0.2591289045314562,1076,HellaSwag,0.5,discovery,validation
0.9470077512708269,55495,1463,0.026362735381565906,35058,750,0.021393119972616805,2262,582,0.2572944297082228,1077,HellaSwag,0.5,discovery,validation
0.943967800087193,55494,1542,0.02778678776083901,35062,875,0.02495579259597285,2266,673,0.2969991173874669,1078,HellaSwag,0.5,discovery,validation
0.9485129699327126,55502,1417,0.025530611509495153,35059,860,0.02453007786873556,2263,651,0.2876712328767123,1079,HellaSwag,0.5,discovery,validation
0.9481020599033679,55508,1434,0.02583411400158536,35070,719,0.020501853435985172,2274,579,0.2546174142480211,1080,HellaSwag,0.5,discovery,validation
0.9447782393066517,55496,1525,0.027479457978953438,35067,794,0.02264237031967377,2271,662,0.2915015411712902,1081,HellaSwag,0.5,discovery,validation
0.9464899405675951,55502,1476,0.026593636265359807,35062,849,0.024214249044549656,2266,721,0.3181818181818182,1082,HellaSwag,0.5,discovery,validation
0.9384825957197709,55496,1697,0.030578780452645237,35065,951,0.027121060886924283,2269,732,0.32260907888937856,1083,HellaSwag,0.5,discovery,validation
0.9435201306446385,55499,1558,0.028072577884286205,35064,839,0.02392767510837326,2268,713,0.31437389770723106,1084,HellaSwag,0.5,discovery,validation
0.9488690389949841,55494,1409,0.02539013226655134,35064,792,0.022587268993839837,2268,612,0.2698412698412698,1085,HellaSwag,0.5,discovery,validation
0.9486162821621895,55491,1415,0.02549963057072318,35058,808,0.02304752125049917,2262,615,0.2718832891246684,1086,HellaSwag,0.5,discovery,validation
0.9439548260003288,55504,1547,0.027871865090804266,35067,885,0.025237402686286253,2271,671,0.2954645530603259,1087,HellaSwag,0.5,discovery,validation
0.9459503395753731,55502,1491,0.026863896796511837,35068,819,0.023354625299418272,2272,666,0.29313380281690143,1088,HellaSwag,0.5,discovery,validation
0.9452014416764363,55498,1512,0.027244225017117735,35059,804,0.02293277047263185,2263,619,0.27353071144498453,1089,HellaSwag,0.5,discovery,validation
0.9449166048273063,55503,1520,0.02738590706808641,35066,864,0.02463925169680032,2270,703,0.3096916299559471,1090,HellaSwag,0.5,discovery,validation
0.9447393058787108,55491,1521,0.027409850245985835,35060,852,0.02430119794637764,2264,583,0.2575088339222615,1091,HellaSwag,0.5,discovery,validation
0.946496538142325,55498,1476,0.026595552992900645,35060,803,0.022903593839132916,2264,625,0.2760600706713781,1092,HellaSwag,0.5,discovery,validation
0.9476675892750562,55501,1441,0.025963496153222465,35062,764,0.02178997204951229,2266,660,0.2912621359223301,1093,HellaSwag,0.5,discovery,validation
0.9493358077429329,55491,1394,0.025121190823737184,35062,780,0.022246306542695795,2266,635,0.2802294792586055,1094,HellaSwag,0.5,discovery,validation
0.9474839511279,55493,1444,0.026021299983781738,35059,834,0.023788470863401693,2263,658,0.2907644719399028,1095,HellaSwag,0.5,discovery,validation
0.9503328381054901,55489,1368,0.024653534934851954,35060,783,0.022333143183114662,2264,631,0.2787102473498233,1096,HellaSwag,0.5,discovery,validation
0.9432903593072061,55506,1567,0.028231182214535366,35063,852,0.024299118729144684,2267,738,0.325540361711513,1097,HellaSwag,0.5,discovery,validation
0.9440227661996731,55496,1545,0.027839844313103646,35057,890,0.02538722651681547,2261,636,0.2812914639540027,1098,HellaSwag,0.5,discovery,validation
0.9480197314940348,55504,1435,0.025853992505044682,35065,829,0.023641808070725794,2269,702,0.3093873953283385,1099,HellaSwag,0.5,discovery,validation
0.9434980873240925,55490,1556,0.028041088484411607,35057,832,0.023732778047180308,2261,695,0.3073861123396727,1100,HellaSwag,0.5,discovery,validation
0.9499622442230536,55504,1378,0.024827039492649177,35065,702,0.020019962925994582,2269,604,0.2661965623622741,1101,HellaSwag,0.5,discovery,validation
0.943432207056918,55502,1558,0.02807106050232424,35063,860,0.02452727946838548,2267,750,0.33083370092633435,1102,HellaSwag,0.5,discovery,validation
0.9430113880544286,55488,1568,0.02825836216839677,35064,925,0.0263803331051791,2268,753,0.33201058201058203,1103,HellaSwag,0.5,discovery,validation
0.9458735414113232,55493,1489,0.026832213071918982,35055,834,0.023791185280273856,2259,672,0.29747675962815406,1104,HellaSwag,0.5,discovery,validation
0.9411659086671162,55502,1622,0.029224172101906237,35062,864,0.02464206263190919,2266,685,0.30229479258605474,1105,HellaSwag,0.5,discovery,validation
0.9458954066718964,55500,1493,0.0269009009009009,35068,814,0.023212045169385194,2272,606,0.26672535211267606,1106,HellaSwag,0.5,discovery,validation
0.9454048708752145,55490,1502,0.027067940169399892,35059,889,0.025357254913146412,2263,709,0.31330092797171893,1107,HellaSwag,0.5,discovery,validation
0.9458404791366615,55498,1492,0.02688385167033046,35063,851,0.024270598636739582,2267,648,0.2858403176003529,1108,HellaSwag,0.5,discovery,validation
0.9434396907260276,55499,1559,0.028090596226959044,35067,878,0.025037784811931446,2271,703,0.3095552619991193,1109,HellaSwag,0.5,discovery,validation
0.9438259094260403,55498,1548,0.027892897041334824,35069,850,0.02423793093615444,2273,655,0.2881654201495821,1110,HellaSwag,0.5,discovery,validation
0.9409595892570318,55503,1628,0.029331747833450446,35065,889,0.025352916013118496,2269,703,0.3098281181137065,1111,HellaSwag,0.5,discovery,validation
0.9471478657770838,55506,1457,0.02624941447771412,35066,788,0.02247191011235955,2270,686,0.3022026431718062,1112,HellaSwag,0.5,discovery,validation
0.9461017730803494,55499,1486,0.026775257211841656,35065,839,0.023926992727791245,2269,647,0.2851476421330983,1113,HellaSwag,0.5,discovery,validation
0.9431118433200234,55491,1567,0.0282388135012885,35057,895,0.02552985138488747,2261,747,0.33038478549314465,1114,HellaSwag,0.5,discovery,validation
0.9408643617939837,55493,1631,0.029391094372263168,35059,838,0.023902564248837674,2263,667,0.29474149359257623,1115,HellaSwag,0.5,discovery,validation
0.9471630177346717,55500,1457,0.02625225225225225,35059,806,0.022989817165349837,2263,676,0.29871851524524967,1116,HellaSwag,0.5,discovery,validation
0.9455650919978421,55506,1504,0.027096169783446835,35065,808,0.02304292029088835,2269,682,0.3005729396209784,1117,HellaSwag,0.5,discovery,validation
0.9425688620913419,55502,1585,0.028557529458397894,35066,871,0.024838875263788286,2271,725,0.3192426243945399,1118,HellaSwag,0.5,discovery,validation
0.9419469190474533,55482,1598,0.028802134025449695,35055,891,0.025417201540436456,2259,700,0.3098716246126605,1119,HellaSwag,0.5,discovery,validation
0.9484172786122936,55508,1425,0.025671975210780427,35066,791,0.022557463069640106,2270,668,0.29427312775330394,1120,HellaSwag,0.5,discovery,validation
0.9484922038171153,55496,1420,0.02558742972466484,35059,759,0.02164921988647708,2263,646,0.28546177640300485,1121,HellaSwag,0.5,discovery,validation
0.9450035763965929,55497,1513,0.02726273492260843,35063,843,0.024042437897498787,2267,666,0.2937803264225849,1122,HellaSwag,0.5,discovery,validation
0.9433721470503725,55493,1562,0.028147694303786063,35061,860,0.02452867858874533,2266,654,0.2886142983230362,1123,HellaSwag,0.5,discovery,validation
0.9513873644065348,55494,1339,0.02412873463797888,35060,743,0.02119224187107815,2264,628,0.2773851590106007,1124,HellaSwag,0.5,discovery,validation
0.9459445265972303,55490,1487,0.02679762119300775,35058,893,0.025472074847395745,2262,722,0.3191865605658709,1125,HellaSwag,0.5,discovery,validation
0.9449266966399035,55488,1516,0.027321222606689736,35055,827,0.023591499072885467,2259,729,0.32270916334661354,1126,HellaSwag,0.5,discovery,validation
0.9492693155350924,55503,1399,0.025205844729113743,35061,816,0.023273722940018823,2265,698,0.30816777041942606,1127,HellaSwag,0.5,discovery,validation
0.9497882264756198,55497,1384,0.024938284952339768,35061,739,0.02107755055474744,2265,649,0.2865342163355408,1128,HellaSwag,0.5,discovery,validation
0.9391058957154061,55501,1681,0.030287742563197058,35063,884,0.025211761686107864,2267,685,0.30216144684605206,1129,HellaSwag,0.5,discovery,validation
0.9469121460205618,55501,1464,0.02637790310084503,35064,825,0.023528405201916496,2269,647,0.2851476421330983,1130,HellaSwag,0.5,discovery,validation
0.9412473750303182,55503,1620,0.029187611480460517,35063,899,0.025639563072184353,2267,690,0.3043670048522276,1131,HellaSwag,0.5,discovery,validation
0.9430079910317907,55499,1571,0.028306816339033137,35060,905,0.025812892184826013,2264,699,0.30874558303886923,1132,HellaSwag,0.5,discovery,validation
0.9468222089302826,55502,1465,0.02639544520918165,35062,796,0.0227026410358793,2266,648,0.28596646072374227,1133,HellaSwag,0.5,discovery,validation
0.9426428656387651,55506,1582,0.028501423269556445,35067,909,0.025921806826931303,2271,666,0.29326287978863935,1134,HellaSwag,0.5,discovery,validation
0.9480651625491885,55505,1435,0.025853526709305467,35064,751,0.02141797855350217,2268,621,0.27380952380952384,1135,HellaSwag,0.5,discovery,validation
0.9388126296077342,55492,1686,0.03038275787500901,35062,1016,0.028977240317152472,2266,669,0.29523389232127095,1136,HellaSwag,0.5,discovery,validation
0.9491870139803492,55501,1401,0.0252427884182267,35067,816,0.02326974078193173,2271,616,0.2712461470717745,1137,HellaSwag,0.5,discovery,validation
0.9395798364591986,55497,1665,0.030001621709281584,35064,924,0.026351813826146476,2268,709,0.31261022927689597,1138,HellaSwag,0.5,discovery,validation
0.9431634384006453,55504,1567,0.028232199481118478,35068,915,0.02609216379605338,2272,713,0.31382042253521125,1139,HellaSwag,0.5,discovery,validation
0.9464775880228776,55496,1476,0.026596511460285428,35061,850,0.02424346139585294,2265,634,0.27991169977924946,1140,HellaSwag,0.5,discovery,validation
0.947659056162108,55503,1444,0.02601661171468209,35065,831,0.023698845002138886,2269,599,0.26399294843543414,1141,HellaSwag,0.5,discovery,validation
0.9489095871247869,55503,1409,0.02538601517035115,35066,768,0.021901557063822505,2270,571,0.2515418502202643,1142,HellaSwag,0.5,discovery,validation
0.9462930474300079,55505,1483,0.026718313665435547,35068,841,0.02398197787156382,2272,645,0.28389084507042256,1143,HellaSwag,0.5,discovery,validation
0.941190253401072,55497,1621,0.029208786060507776,35061,927,0.026439633781124326,2265,690,0.304635761589404,1144,HellaSwag,0.5,discovery,validation
0.9474233553378638,55499,1451,0.02614461521829222,35060,785,0.022390188248716487,2264,612,0.2703180212014134,1145,HellaSwag,0.5,discovery,validation
0.9400412064081185,55501,1654,0.029801264842074918,35065,931,0.026550691572793383,2269,715,0.3151167915381225,1146,HellaSwag,0.5,discovery,validation
0.9401248375951226,55506,1652,0.029762548192988146,35064,899,0.025638831850330824,2268,717,0.31613756613756616,1147,HellaSwag,0.5,discovery,validation
0.943909365275192,55503,1546,0.027854350215303678,35065,934,0.02663624696991302,2269,703,0.3098281181137065,1148,HellaSwag,0.5,discovery,validation
0.9378749997144251,55488,1711,0.030835495963091118,35057,988,0.028182673931026615,2261,782,0.3458646616541353,1149,HellaSwag,0.5,discovery,validation
0.9452498476310524,55504,1511,0.027223263188238686,35067,820,0.023383808138705907,2271,696,0.30647291941875826,1150,HellaSwag,0.5,discovery,validation
0.9380615574678041,55500,1708,0.030774774774774773,35063,966,0.02755040926332601,2267,698,0.3078958976621085,1151,HellaSwag,0.5,discovery,validation
0.9401893977727532,55509,1654,0.029796969860743303,35067,874,0.02492371745515727,2271,723,0.31836195508586523,1152,HellaSwag,0.5,discovery,validation
0.940671812919465,55503,1639,0.029529935318811595,35064,858,0.024469541409993155,2268,732,0.32275132275132273,1153,HellaSwag,0.5,discovery,validation
0.9505908813613583,55502,1360,0.024503621491117438,35064,770,0.021959844855122063,2268,619,0.27292768959435626,1154,HellaSwag,0.5,discovery,validation
0.9416949451539618,55501,1609,0.02899046864020468,35063,892,0.02543992242534866,2267,705,0.3109836788707543,1155,HellaSwag,0.5,discovery,validation
0.9382116795027976,55494,1705,0.03072404223880059,35064,915,0.02609514031485284,2268,740,0.3262786596119929,1156,HellaSwag,0.5,discovery,validation
0.9477395362516748,55501,1440,0.02594547845984757,35065,780,0.02224440325110509,2269,663,0.29219920669898636,1157,HellaSwag,0.5,discovery,validation
0.941601779498918,55510,1613,0.029057827418483156,35068,918,0.02617771187407323,2272,713,0.31382042253521125,1158,HellaSwag,0.5,discovery,validation
0.9390486574729653,55495,1684,0.030345076132984955,35066,857,0.024439628129812353,2270,676,0.29779735682819386,1159,HellaSwag,0.5,discovery,validation
0.9473495209305254,55494,1451,0.026146970843694814,35057,837,0.023875402915252305,2261,688,0.30429013710747455,1160,HellaSwag,0.5,discovery,validation
0.9456350908567989,55503,1499,0.027007549141487848,35065,840,0.02395551119349779,2269,692,0.30498016747465845,1161,HellaSwag,0.5,discovery,validation
0.949529666239899,55503,1390,0.025043691332000073,35063,760,0.021675270227875538,2267,611,0.2695191883546537,1162,HellaSwag,0.5,discovery,validation
0.9452629319594001,55494,1509,0.027192128878797708,35058,859,0.024502253408637115,2262,667,0.2948717948717949,1163,HellaSwag,0.5,discovery,validation
0.9499312210047764,55496,1381,0.024884676373071932,35063,779,0.022217151983572426,2267,679,0.2995147772386414,1164,HellaSwag,0.5,discovery,validation
0.9475331623484646,55502,1448,0.026089149940542684,35063,770,0.021960471151926533,2267,656,0.2893692104102338,1165,HellaSwag,0.5,discovery,validation
0.9463592142478909,55492,1477,0.026616449217905284,35058,781,0.022277368931484968,2262,618,0.27320954907161804,1166,HellaSwag,0.5,discovery,validation
0.9439518127031963,55499,1546,0.027856357772212112,35069,834,0.023781687530297413,2273,641,0.2820061592608887,1167,HellaSwag,0.5,discovery,validation
0.9407173072052816,55504,1635,0.029457336408186797,35066,989,0.028203958250156848,2270,735,0.3237885462555066,1168,HellaSwag,0.5,discovery,validation
0.9469670537091363,55503,1464,0.02637695259715691,35061,794,0.02264624511565557,2265,644,0.284326710816777,1169,HellaSwag,0.5,discovery,validation
0.944361024225955,55508,1538,0.027707717806442315,35067,856,0.024410414349673483,2271,735,0.3236459709379128,1170,HellaSwag,0.5,discovery,validation
0.9433952340790762,55501,1562,0.028143637051584656,35066,955,0.02723435806764387,2270,740,0.32599118942731276,1171,HellaSwag,0.5,discovery,validation
0.9421001768453122,55501,1599,0.02881029170645574,35059,856,0.02441598448329958,2263,685,0.3026955368979231,1172,HellaSwag,0.5,discovery,validation
0.9461131793328027,55504,1484,0.0267368117613145,35063,852,0.024299118729144684,2267,587,0.25893250992501105,1173,HellaSwag,0.5,discovery,validation
0.9433158167531742,55505,1566,0.028213674443743807,35063,885,0.025240281778512962,2267,720,0.317600352889281,1174,HellaSwag,0.5,discovery,validation
0.947713015908696,55502,1442,0.02598104572808187,35062,805,0.02295932918829502,2266,596,0.26301853486319504,1175,HellaSwag,0.5,discovery,validation
0.9494150238198038,55507,1398,0.025186012574990542,35064,764,0.021788729180926305,2268,679,0.2993827160493827,1176,HellaSwag,0.5,discovery,validation
0.9390622567166451,55488,1677,0.030222750865051905,35059,896,0.025556918337659374,2263,708,0.31285903667697745,1177,HellaSwag,0.5,discovery,validation
0.9499073876949841,55504,1383,0.02491712309022773,35061,758,0.021619463221242977,2265,666,0.29403973509933773,1178,HellaSwag,0.5,discovery,validation
0.9465580499092293,55494,1470,0.026489350200021623,35060,779,0.02221905305191101,2264,651,0.2875441696113074,1179,HellaSwag,0.5,discovery,validation
0.9452138719026414,55505,1510,0.027204756328258715,35061,873,0.024899460939505434,2265,648,0.2860927152317881,1180,HellaSwag,0.5,discovery,validation
0.9397714085911733,55502,1662,0.029944866851644984,35066,981,0.02797581703074203,2270,705,0.31057268722466963,1181,HellaSwag,0.5,discovery,validation
0.950167750401363,55502,1371,0.024701812547295594,35067,754,0.021501696751932017,2271,644,0.28357551739321885,1182,HellaSwag,0.5,discovery,validation
0.945807421655419,55505,1495,0.026934510404468065,35060,845,0.024101540216771248,2264,638,0.28180212014134276,1183,HellaSwag,0.5,discovery,validation
0.946273135216164,55501,1482,0.026702221581593126,35061,816,0.023273722940018823,2266,656,0.28949691085613416,1184,HellaSwag,0.5,discovery,validation
0.951510801216405,55509,1340,0.024140229512331333,35066,747,0.02130268636285861,2270,619,0.27268722466960355,1185,HellaSwag,0.5,discovery,validation
0.9507509821938807,55499,1358,0.024468909349718012,35065,793,0.022615143305290176,2269,642,0.28294402820625825,1186,HellaSwag,0.5,discovery,validation
0.9510319878222865,55503,1350,0.02432300956705043,35062,724,0.020649135816553532,2266,620,0.2736098852603707,1187,HellaSwag,0.5,discovery,validation
0.9481239168218326,55496,1428,0.025731584258324926,35062,794,0.02264559922423136,2267,670,0.29554477282752534,1188,HellaSwag,0.5,discovery,validation
0.9478001568149103,55496,1439,0.02592979674210754,35059,850,0.024244844405145613,2263,708,0.31285903667697745,1189,HellaSwag,0.5,discovery,validation
0.9429730490506976,55502,1573,0.02834132103347627,35064,893,0.025467716176135066,2268,656,0.2892416225749559,1190,HellaSwag,0.5,discovery,validation
0.9490394646809805,55493,1403,0.025282468059034474,35060,769,0.021933827723901882,2264,655,0.28931095406360424,1191,HellaSwag,0.5,discovery,validation
0.9437319334035854,55491,1549,0.0279144365753005,35059,852,0.0243018910978636,2265,645,0.2847682119205298,1192,HellaSwag,0.5,discovery,validation
0.9438754083410257,55507,1549,0.02790639018502171,35068,845,0.02409604197559028,2272,659,0.29005281690140844,1193,HellaSwag,0.5,discovery,validation
0.9516786332215391,55502,1331,0.023981117797556843,35064,728,0.02076203513575177,2268,606,0.2671957671957672,1194,HellaSwag,0.5,discovery,validation
0.9492495136103292,55501,1399,0.02520675303147691,35062,767,0.0218755347669842,2266,621,0.2740511915269197,1195,HellaSwag,0.5,discovery,validation
0.9479118139409317,55504,1439,0.025926059383107523,35063,740,0.02110486837977355,2267,618,0.2726069695632995,1196,HellaSwag,0.5,discovery,validation
0.945132441874188,55503,1514,0.027277804803343964,35061,832,0.023730070448646643,2265,639,0.28211920529801326,1197,HellaSwag,0.5,discovery,validation
0.9455961857043638,55495,1495,0.026939363906658256,35062,836,0.023843477268838058,2266,592,0.2612533097969991,1198,HellaSwag,0.5,discovery,validation
0.9468411487655294,55504,1468,0.026448544249063132,35064,800,0.022815423226100844,2268,652,0.2874779541446208,1199,HellaSwag,0.5,discovery,validation
0.9448142229723673,55496,1522,0.027425400028830905,35062,900,0.025668815241572072,2266,748,0.3300970873786408,1200,HellaSwag,0.5,discovery,validation
0.9491614000826455,55503,1402,0.025259895861484964,35066,760,0.021673415844407688,2270,643,0.28325991189427313,1201,HellaSwag,0.5,discovery,validation
0.9493516168707934,55507,1400,0.025222044066514133,35070,770,0.021956087824351298,2274,652,0.28671943711521547,1202,HellaSwag,0.5,discovery,validation
0.9454274437927161,55482,1500,0.027035795393100467,35052,891,0.025419376925710373,2257,698,0.309260079751883,1203,HellaSwag,0.5,discovery,validation
0.9394149365090819,55507,1672,0.030122326913722592,35065,923,0.026322543847141024,2269,716,0.31555751432349055,1204,HellaSwag,0.5,discovery,validation
0.945091542009376,55494,1514,0.027282228709410026,35061,816,0.023273722940018823,2265,671,0.29624724061810154,1205,HellaSwag,0.5,discovery,validation
0.9421646824795652,55504,1595,0.028736667627558374,35064,895,0.02552475473420032,2268,672,0.2962962962962963,1206,HellaSwag,0.5,discovery,validation
0.9425583244061181,55500,1585,0.02855855855855856,35062,824,0.023501226398950432,2266,674,0.2974404236540159,1207,HellaSwag,0.5,discovery,validation
0.9411468548403884,55500,1624,0.029261261261261263,35067,876,0.02498075113354436,2271,689,0.3033905768383972,1208,HellaSwag,0.5,discovery,validation
0.9464369345916365,55504,1477,0.026610694724704526,35070,832,0.023723980610208154,2274,681,0.2994722955145119,1209,HellaSwag,0.5,discovery,validation
0.9500306048134208,55496,1379,0.024848637739656912,35061,756,0.0215624197826645,2265,602,0.26578366445916113,1210,HellaSwag,0.5,discovery,validation
0.9448416938490495,55498,1519,0.02737035568849328,35061,859,0.02450015686945609,2265,629,0.27770419426048565,1211,HellaSwag,0.5,discovery,validation
0.9478938276820811,55505,1439,0.025925592288982974,35063,801,0.022844594016484615,2267,644,0.28407587119541244,1212,HellaSwag,0.5,discovery,validation
0.9523330116109087,55496,1314,0.023677382153668734,35065,758,0.0216169970055611,2270,642,0.2828193832599119,1213,HellaSwag,0.5,discovery,validation
0.9492760361433382,55499,1398,0.025189643056631652,35061,746,0.02127720258977211,2265,651,0.28741721854304636,1214,HellaSwag,0.5,discovery,validation
0.9457459260332419,55507,1497,0.026969571405408326,35064,884,0.02521104266484143,2268,708,0.31216931216931215,1215,HellaSwag,0.5,discovery,validation
0.9457789848105946,55502,1496,0.02695398364022918,35064,847,0.024155829340634268,2268,737,0.32495590828924165,1216,HellaSwag,0.5,discovery,validation
0.9466243581140876,55501,1470,0.026486009261094394,35064,887,0.025296600501939312,2268,687,0.3029100529100529,1217,HellaSwag,0.5,discovery,validation
0.9424853455796649,55497,1586,0.028578121339892248,35058,813,0.02319014205031662,2262,655,0.2895667550839965,1218,HellaSwag,0.5,discovery,validation
0.9475284605999863,55493,1444,0.026021299983781738,35058,811,0.02313309373038964,2262,628,0.27763041556145,1219,HellaSwag,0.5,discovery,validation
0.9482620790539719,55503,1428,0.025728339008702233,35062,763,0.021761451143688323,2266,630,0.2780229479258605,1220,HellaSwag,0.5,discovery,validation
0.936724357754026,55504,1747,0.03147520899394638,35065,917,0.026151433052901754,2269,719,0.31687968267959454,1221,HellaSwag,0.5,discovery,validation
0.946998282974975,55494,1457,0.026255090640429597,35068,794,0.02264172464925288,2272,613,0.269806338028169,1222,HellaSwag,0.5,discovery,validation
0.9484873680873309,55504,1421,0.025601758431824734,35063,776,0.022131591706357128,2267,628,0.27701808557565066,1223,HellaSwag,0.5,discovery,validation
0.9392868551878099,55504,1677,0.03021403862784664,35065,956,0.02726365321545701,2269,720,0.31732040546496254,1224,HellaSwag,0.5,discovery,validation
0.9463166642278168,55498,1481,0.026685646329597464,35058,797,0.022733755490900794,2262,638,0.28205128205128205,1225,HellaSwag,0.5,discovery,validation
0.9428006373411706,55499,1577,0.02841492639507018,35062,850,0.024242769950373624,2266,636,0.28067078552515445,1226,HellaSwag,0.5,discovery,validation
0.9372785578665213,55498,1730,0.031172294497098994,35064,906,0.025838466803559206,2268,689,0.3037918871252205,1227,HellaSwag,0.5,discovery,validation
0.9445853417550071,55506,1530,0.027564587612150037,35064,867,0.02472621492128679,2268,653,0.2879188712522046,1228,HellaSwag,0.5,discovery,validation
0.9474886629693127,55504,1448,0.02608820985874892,35061,836,0.0238441573258036,2265,639,0.28211920529801326,1229,HellaSwag,0.5,discovery,validation
0.9473589906559022,55495,1448,0.026092440760428867,35065,842,0.02401254812491088,2269,651,0.2869105332745703,1230,HellaSwag,0.5,discovery,validation
0.9455422149111585,55498,1501,0.027046019676384734,35064,869,0.024783253479352042,2268,687,0.3029100529100529,1231,HellaSwag,0.5,discovery,validation
0.9448501895190733,55496,1521,0.027407380712123397,35067,799,0.022784954515641487,2271,624,0.2747688243064729,1232,HellaSwag,0.5,discovery,validation
0.9476126904447829,55499,1443,0.026000468476909493,35063,786,0.022416792630408123,2267,669,0.2951036612262902,1233,HellaSwag,0.5,discovery,validation
0.9425817104987742,55492,1581,0.028490593238665034,35060,956,0.02726754135767256,2264,688,0.303886925795053,1234,HellaSwag,0.5,discovery,validation
0.9391999190644886,55492,1676,0.030202551719166727,35059,925,0.026384095382070226,2263,711,0.31418471056120195,1235,HellaSwag,0.5,discovery,validation
0.9455886620529719,55498,1501,0.027046019676384734,35066,806,0.02298522785604289,2270,594,0.2616740088105727,1236,HellaSwag,0.5,discovery,validation
0.9435031449840835,55501,1558,0.02807156627808508,35066,907,0.025865510751154966,2270,742,0.32687224669603526,1237,HellaSwag,0.5,discovery,validation
0.9464880194007897,55499,1474,0.026559037099767563,35063,853,0.02432763882154978,2267,693,0.30569033965593295,1238,HellaSwag,0.5,discovery,validation
0.9469556873693268,55498,1462,0.026343291650149554,35063,804,0.022930154293699913,2267,684,0.30172033524481695,1239,HellaSwag,0.5,discovery,validation
0.9462891899403304,55497,1481,0.02668612717804566,35061,831,0.023701548729357407,2265,669,0.295364238410596,1240,HellaSwag,0.5,discovery,validation
0.9387461641743593,55501,1690,0.030449901803571107,35066,922,0.02629327553755775,2270,751,0.33083700440528635,1241,HellaSwag,0.5,discovery,validation
0.9496933496393088,55506,1388,0.02500630562461716,35068,765,0.021814759895061025,2272,617,0.2715669014084507,1242,HellaSwag,0.5,discovery,validation
0.9420610807237688,55494,1595,0.028741845965329586,35064,885,0.02523956194387406,2268,682,0.30070546737213405,1243,HellaSwag,0.5,discovery,validation
0.9445918596917803,55502,1529,0.027548556808763648,35068,867,0.024723394547735828,2272,717,0.31558098591549294,1244,HellaSwag,0.5,discovery,validation
0.945042513134372,55504,1517,0.02733136350533295,35062,783,0.022331869260167704,2266,631,0.27846425419240955,1245,HellaSwag,0.5,discovery,validation
0.9415584673007898,55497,1610,0.029010577148314322,35062,891,0.025412127089156352,2266,701,0.30935569285083847,1246,HellaSwag,0.5,discovery,validation
0.9401777194415983,55504,1649,0.029709570481406745,35062,876,0.024984313501796817,2266,727,0.3208296557811121,1247,HellaSwag,0.5,discovery,validation
0.9472510554771347,55495,1451,0.026146499684656276,35059,840,0.023959610941555663,2263,710,0.31374281926646047,1248,HellaSwag,0.5,discovery,validation
0.9424324149318452,55499,1588,0.02861312816447143,35058,859,0.024502253408637115,2262,669,0.2957559681697613,1249,HellaSwag,0.5,discovery,validation
0.9428355876895329,55496,1578,0.028434481764451493,35062,900,0.025668815241572072,2266,731,0.32259488084730803,1250,HellaSwag,0.5,discovery,validation
0.9385281194784086,55497,1696,0.030560210461826765,35064,942,0.026865160848733746,2268,738,0.3253968253968254,1251,HellaSwag,0.5,discovery,validation
0.9390592897950784,55499,1683,0.030324870718391322,35064,984,0.02806297056810404,2268,746,0.3289241622574956,1252,HellaSwag,0.5,discovery,validation
0.943141368159621,55497,1568,0.02825377948357569,35065,881,0.025124768287466133,2269,642,0.28294402820625825,1253,HellaSwag,0.5,discovery,validation
0.9469821977114973,55497,1459,0.026289709353658756,35064,813,0.023186173853524984,2268,679,0.2993827160493827,1254,HellaSwag,0.5,discovery,validation
0.9456302140321254,55491,1496,0.02695932673766917,35060,856,0.02441528807758129,2264,704,0.31095406360424027,1255,HellaSwag,0.5,discovery,validation
0.9404802809245019,55498,1640,0.029550614436556273,35067,925,0.026378076254028004,2272,739,0.32526408450704225,1256,HellaSwag,0.5,discovery,validation
0.9375876981759189,55504,1724,0.03106082444508504,35065,974,0.02777698559817482,2269,809,0.35654473336271486,1257,HellaSwag,0.5,discovery,validation
0.9478474567166026,55501,1437,0.025891425379722888,35064,837,0.023870636550308008,2268,626,0.2760141093474427,1258,HellaSwag,0.5,discovery,validation
0.9479894833513454,55497,1434,0.025839234553219095,35062,777,0.02216074382522389,2266,677,0.29876434245366285,1259,HellaSwag,0.5,discovery,validation
0.949276039982453,55499,1399,0.02520766139930449,35061,752,0.021448332905507544,2265,671,0.29624724061810154,1260,HellaSwag,0.5,discovery,validation
0.9377175753675515,55495,1719,0.03097576358230471,35054,928,0.026473440976778683,2258,717,0.3175376439326838,1261,HellaSwag,0.5,discovery,validation
0.9480462420070903,55503,1435,0.02585445831756842,35063,857,0.02444171919117018,2267,701,0.30921923246581384,1262,HellaSwag,0.5,discovery,validation
0.9494095855683512,55495,1393,0.02510136048292639,35066,834,0.023783722123994752,2270,671,0.2955947136563877,1263,HellaSwag,0.5,discovery,validation
0.9432184155662682,55506,1565,0.028195150073865888,35066,938,0.026749557976387384,2270,714,0.3145374449339207,1264,HellaSwag,0.5,discovery,validation
0.9510747670924651,55499,1349,0.024306744265662445,35062,739,0.021076949403913067,2266,646,0.2850838481906443,1265,HellaSwag,0.5,discovery,validation
0.94152564381725,55502,1614,0.02908003315195849,35065,793,0.022615143305290176,2269,658,0.2899955927721463,1266,HellaSwag,0.5,discovery,validation
0.9449411138371224,55498,1517,0.02733431835381455,35061,835,0.02381563560651436,2265,637,0.28123620309050773,1267,HellaSwag,0.5,discovery,validation
0.9486464763589546,55498,1414,0.025478395617860104,35060,793,0.02261836851112379,2264,671,0.2963780918727915,1268,HellaSwag,0.5,discovery,validation
0.9399924707924663,55495,1654,0.029804486890710875,35061,927,0.026439633781124326,2265,706,0.31169977924944814,1269,HellaSwag,0.5,discovery,validation
0.9405130624104469,55493,1641,0.02957129728073811,35062,852,0.02429981176202156,2266,688,0.3036187113857017,1270,HellaSwag,0.5,discovery,validation
0.9413044956715942,55509,1622,0.02922048676791151,35069,865,0.0246656591291454,2273,674,0.2965244170699516,1271,HellaSwag,0.5,discovery,validation
0.9399946295299481,55499,1656,0.029838375466224618,35066,937,0.02672104032396053,2270,738,0.3251101321585903,1272,HellaSwag,0.5,discovery,validation
0.9447762709697828,55492,1518,0.027355294456858647,35062,843,0.02404312360960584,2266,673,0.2969991173874669,1273,HellaSwag,0.5,discovery,validation
0.9536272899428816,55495,1278,0.023029101720875755,35061,704,0.020079290379624085,2265,614,0.2710816777041943,1274,HellaSwag,0.5,discovery,validation
0.9482318580933502,55496,1425,0.025677526308202393,35059,790,0.02253344362360592,2263,644,0.2845779938135219,1275,HellaSwag,0.5,discovery,validation
0.9485385597343969,55498,1418,0.025550470287217558,35068,790,0.022527660545226418,2272,633,0.27860915492957744,1276,HellaSwag,0.5,discovery,validation
0.9445114165004286,55502,1531,0.027584591546250585,35064,838,0.023899155829340633,2268,671,0.2958553791887125,1277,HellaSwag,0.5,discovery,validation
0.949234610557896,55487,1395,0.025141024023645177,35065,762,0.02173107086838728,2269,612,0.26972234464521816,1278,HellaSwag,0.5,discovery,validation
0.9425362206084775,55491,1582,0.028509127606278495,35054,910,0.025959947509556686,2258,655,0.29007971656333037,1279,HellaSwag,0.5,discovery,validation
0.9385060979542278,55506,1698,0.03059128742838612,35068,957,0.027289836888331243,2272,726,0.31954225352112675,1280,HellaSwag,0.5,discovery,validation
0.946434061845943,55499,1477,0.026613092127786085,35065,818,0.0233281049479538,2269,693,0.30542089026002645,1281,HellaSwag,0.5,discovery,validation
0.9401068487707043,55507,1654,0.029798043490010268,35066,939,0.026778075628814235,2270,774,0.3409691629955947,1282,HellaSwag,0.5,discovery,validation
0.9452953005426955,55505,1509,0.027186739933339338,35064,870,0.024811772758384667,2268,699,0.3082010582010582,1283,HellaSwag,0.5,discovery,validation
0.9534781410202786,55503,1283,0.023115867610759778,35065,730,0.02081847996577784,2269,593,0.2613486117232261,1284,HellaSwag,0.5,discovery,validation
0.9459143576890933,55502,1490,0.02684587942776837,35064,900,0.02566735112936345,2268,719,0.3170194003527337,1285,HellaSwag,0.5,discovery,validation
0.9430514383277402,55496,1571,0.02830834654749892,35063,891,0.025411402332943558,2267,707,0.3118659020732245,1286,HellaSwag,0.5,discovery,validation
0.9468856453810284,55502,1464,0.026377427840438183,35063,793,0.02261643327724382,2267,656,0.2893692104102338,1287,HellaSwag,0.5,discovery,validation
0.9455677420045949,55492,1497,0.026976861529589852,35060,815,0.023245864232743867,2264,662,0.2924028268551237,1288,HellaSwag,0.5,discovery,validation
0.9488614180061538,55497,1411,0.0254247977368146,35059,761,0.021706266579195072,2263,664,0.29341581970835173,1289,HellaSwag,0.5,discovery,validation
0.9449430877532029,55502,1518,0.027350365752585492,35065,872,0.02486810209610723,2269,661,0.2913177611282503,1290,HellaSwag,0.5,discovery,validation
0.9490543895984186,55506,1405,0.025312578820307713,35066,799,0.022785604289054923,2270,692,0.3048458149779736,1291,HellaSwag,0.5,discovery,validation
0.9470105983601861,55500,1461,0.026324324324324324,35062,838,0.023900519080485995,2266,659,0.2908208296557811,1292,HellaSwag,0.5,discovery,validation
0.946576998751793,55496,1474,0.026560472826870404,35065,824,0.02349921574219307,2269,692,0.30498016747465845,1293,HellaSwag,0.5,discovery,validation
0.9417615548122759,55507,1608,0.028969319184967663,35068,845,0.02409604197559028,2272,623,0.27420774647887325,1294,HellaSwag,0.5,discovery,validation
0.942600702386438,55494,1580,0.02847154647349263,35061,888,0.025327286728844014,2265,730,0.32229580573951433,1295,HellaSwag,0.5,discovery,validation
0.9445673607088537,55507,1530,0.02756409101554759,35063,812,0.023158315032940708,2267,647,0.2853992059991178,1296,HellaSwag,0.5,discovery,validation
0.9507639568295692,55508,1359,0.02448295741154428,35067,773,0.02204351669660935,2271,620,0.27300748568912375,1297,HellaSwag,0.5,discovery,validation
0.9459323497797452,55503,1492,0.02688142983262166,35069,844,0.024066839658958054,2273,711,0.3128024637043555,1298,HellaSwag,0.5,discovery,validation
0.9433412733610027,55500,1561,0.028126126126126125,35064,866,0.024697695642254165,2268,664,0.2927689594356261,1299,HellaSwag,0.5,discovery,validation
0.9498412953383507,55495,1382,0.024903144427425895,35063,807,0.02301571457091521,2267,676,0.29819144243493606,1300,HellaSwag,0.5,discovery,validation
0.9351177562167203,55494,1790,0.03225573935921001,35055,970,0.02767080302381971,2259,800,0.35413899955732625,1301,HellaSwag,0.5,discovery,validation
0.9385376505748453,55498,1695,0.03054164114022127,35063,912,0.026010324273450645,2267,750,0.33083370092633435,1302,HellaSwag,0.5,discovery,validation
0.9457855422805527,55496,1495,0.026938878477728124,35058,836,0.023846197729476867,2262,693,0.3063660477453581,1303,HellaSwag,0.5,discovery,validation
0.9472548336793518,55503,1454,0.0261967821559195,35065,833,0.023755881933551975,2269,673,0.2966064345526664,1304,HellaSwag,0.5,discovery,validation
0.9428600111302814,55491,1572,0.02832891820295183,35057,893,0.02547280143765867,2261,691,0.3056169836355595,1305,HellaSwag,0.5,discovery,validation
0.9475236990003674,55501,1447,0.026071602313471828,35060,798,0.022760981175128352,2264,684,0.30212014134275617,1306,HellaSwag,0.5,discovery,validation
0.9423815500833708,55505,1589,0.02862805152688947,35063,821,0.0234149958645866,2267,668,0.2946625496250551,1307,HellaSwag,0.5,discovery,validation
0.9451229567867272,55502,1512,0.02724226154012468,35064,880,0.02509696554871093,2268,645,0.2843915343915344,1308,HellaSwag,0.5,discovery,validation
0.9424324079189267,55499,1589,0.028631146507144274,35063,867,0.024726920115221172,2267,640,0.282311424790472,1309,HellaSwag,0.5,discovery,validation
0.9452553998747044,55498,1509,0.027190169015099644,35064,893,0.025467716176135066,2268,714,0.3148148148148148,1310,HellaSwag,0.5,discovery,validation
0.9455526875936965,55498,1503,0.027082057011063462,35067,838,0.023897111244189695,2271,687,0.30250990752972257,1311,HellaSwag,0.5,discovery,validation
0.9373100218513712,55492,1728,0.031139623729546602,35063,968,0.02760744944813621,2268,783,0.34523809523809523,1312,HellaSwag,0.5,discovery,validation
0.9392061815551236,55488,1673,0.030150663206459056,35058,881,0.025129784927833874,2263,675,0.2982766239505082,1313,HellaSwag,0.5,discovery,validation
0.9437539646299282,55498,1549,0.027910915708674187,35060,871,0.02484312606959498,2264,694,0.30653710247349825,1314,HellaSwag,0.5,discovery,validation
0.950221706945014,55501,1372,0.02472027531035477,35061,851,0.02427198311514218,2265,656,0.28962472406181017,1315,HellaSwag,0.5,discovery,validation
0.9516666027469282,55494,1332,0.024002594875121634,35059,678,0.0193388288313985,2263,566,0.25011047282368537,1316,HellaSwag,0.5,discovery,validation
0.9414812018481514,55504,1615,0.029097002017872586,35062,922,0.02629627516969939,2266,718,0.31685789938217124,1317,HellaSwag,0.5,discovery,validation
0.9455981351852135,55499,1501,0.02704553235193427,35058,833,0.0237606252495864,2262,622,0.2749778956675508,1318,HellaSwag,0.5,discovery,validation
0.9463630735731189,55500,1476,0.026594594594594595,35061,832,0.023730070448646643,2265,678,0.2993377483443709,1319,HellaSwag,0.5,discovery,validation
0.9451389771838559,55499,1512,0.02724373412133552,35062,855,0.024385374479493467,2266,709,0.31288614298323036,1320,HellaSwag,0.5,discovery,validation
0.9392391585953009,55499,1675,0.030180723977008595,35058,915,0.026099606366592504,2262,715,0.3160919540229885,1321,HellaSwag,0.5,discovery,validation
0.9453123094439343,55503,1511,0.02722375367097274,35064,803,0.02290098106319872,2268,597,0.26322751322751325,1322,HellaSwag,0.5,discovery,validation
0.9492409785370391,55500,1400,0.025225225225225224,35063,708,0.02019222542281037,2268,613,0.27028218694885364,1323,HellaSwag,0.5,discovery,validation
0.9509617978766697,55507,1355,0.02441133550723332,35066,717,0.02044715679005304,2270,633,0.2788546255506608,1324,HellaSwag,0.5,discovery,validation
0.9476126944303944,55499,1443,0.026000468476909493,35070,833,0.02375249500998004,2274,666,0.2928759894459103,1325,HellaSwag,0.5,discovery,validation
0.9429486239449271,55507,1579,0.028446862557875582,35065,851,0.024269214316269785,2269,666,0.29352137505509035,1326,HellaSwag,0.5,discovery,validation
0.9490998137782032,55507,1407,0.025348154286846704,35064,769,0.021931325576089438,2268,611,0.26940035273368607,1327,HellaSwag,0.5,discovery,validation
0.9497900250853027,55501,1385,0.024954505324228392,35063,767,0.021874910874711235,2267,642,0.2831936479929422,1328,HellaSwag,0.5,discovery,validation
0.9376309723862403,55501,1724,0.031062503378317508,35070,914,0.02606216139150271,2274,703,0.30914687774846084,1329,HellaSwag,0.5,discovery,validation
0.9458613772190613,55504,1494,0.026916978956471604,35066,795,0.022671533679347516,2270,626,0.2757709251101322,1330,HellaSwag,0.5,discovery,validation
0.9449266819623441,55488,1513,0.0272671568627451,35055,837,0.023876765083440308,2259,666,0.2948207171314741,1331,HellaSwag,0.5,discovery,validation
0.9465968960014052,55501,1474,0.02655808003459397,35063,805,0.02295867438610501,2267,611,0.2695191883546537,1332,HellaSwag,0.5,discovery,validation
0.9429489089896363,55489,1572,0.028329939267242157,35061,847,0.024157896237985227,2265,668,0.29492273730684326,1333,HellaSwag,0.5,discovery,validation
0.9457969645171173,55501,1498,0.026990504675591432,35064,884,0.02521104266484143,2268,729,0.32142857142857145,1334,HellaSwag,0.5,discovery,validation
0.9404464392876305,55502,1644,0.02962055421426255,35065,966,0.027548837872522457,2269,780,0.34376377258704277,1335,HellaSwag,0.5,discovery,validation
0.952018659001132,55497,1319,0.023767050471196642,35060,758,0.02162007986309184,2264,648,0.2862190812720848,1336,HellaSwag,0.5,discovery,validation
0.9467247121280826,55504,1469,0.026466560968578842,35070,824,0.023495865412033076,2274,686,0.3016710642040457,1337,HellaSwag,0.5,discovery,validation
0.95043400327838,55493,1364,0.024579676715982195,35059,740,0.02110727630565618,2263,642,0.2836942112240389,1338,HellaSwag,0.5,discovery,validation
0.9493924961861847,55497,1395,0.02513649386453322,35063,761,0.02170379032028064,2267,608,0.2681958535509484,1339,HellaSwag,0.5,discovery,validation
0.9496236405872814,55491,1387,0.024995044241408516,35058,835,0.02381767356951338,2262,665,0.29398762157382846,1340,HellaSwag,0.5,discovery,validation
0.9458064469164782,55502,1494,0.026917948902742243,35063,801,0.022844594016484615,2267,637,0.28098808998676666,1341,HellaSwag,0.5,discovery,validation
0.9427053056229366,55505,1581,0.028483920367534457,35067,948,0.02703396355547951,2271,740,0.3258476442095993,1342,HellaSwag,0.5,discovery,validation
0.9432672933912908,55496,1564,0.028182211330546346,35059,874,0.024929404717761488,2263,694,0.30667255855059655,1343,HellaSwag,0.5,discovery,validation
0.9437689175370017,55492,1549,0.027913933539969727,35060,859,0.024500855675984028,2264,684,0.30212014134275617,1344,HellaSwag,0.5,discovery,validation
0.9520940482924113,55505,1321,0.023799657688496532,35065,742,0.02116070155425638,2269,607,0.2675187307183781,1345,HellaSwag,0.5,discovery,validation
0.9401268476462263,55494,1650,0.02973294410206509,35058,900,0.025671743967140167,2263,743,0.32832523199292973,1346,HellaSwag,0.5,discovery,validation
0.9450699740360747,55504,1515,0.027295330066301526,35068,842,0.024010493897570435,2272,716,0.31514084507042256,1347,HellaSwag,0.5,discovery,validation
0.9462721652983049,55498,1479,0.026649608994918736,35060,863,0.024614945807187677,2264,664,0.29328621908127206,1348,HellaSwag,0.5,discovery,validation
0.9387821312845993,55501,1688,0.030413866416821318,35061,982,0.028008328342032457,2266,740,0.3265666372462489,1349,HellaSwag,0.5,discovery,validation
0.9441486676164137,55497,1539,0.02773122871506568,35059,845,0.024102227673350636,2263,676,0.29871851524524967,1350,HellaSwag,0.5,discovery,validation
0.9466479937343022,55495,1469,0.026470853230020724,35056,808,0.023048836147877682,2260,647,0.28628318584070794,1351,HellaSwag,0.5,discovery,validation
0.9434756688297454,55499,1559,0.028090596226959044,35064,846,0.024127310061601643,2268,700,0.30864197530864196,1352,HellaSwag,0.5,discovery,validation
0.94540223818279,55504,1507,0.027151196310175842,35065,836,0.023841437330671608,2269,671,0.2957249889819304,1353,HellaSwag,0.5,discovery,validation
0.9438079221964811,55499,1551,0.027946449485576317,35062,829,0.023643830928070275,2266,721,0.3181818181818182,1354,HellaSwag,0.5,discovery,validation
0.9426873195258687,55506,1582,0.028501423269556445,35065,919,0.026208469984314843,2269,689,0.30365799911855446,1355,HellaSwag,0.5,discovery,validation
0.9504906175951044,55499,1364,0.02457701940575506,35064,822,0.02344284736481862,2268,639,0.28174603174603174,1356,HellaSwag,0.5,discovery,validation
0.9387417644241208,55494,1688,0.030417702814718707,35060,889,0.025356531660011408,2264,660,0.2915194346289753,1357,HellaSwag,0.5,discovery,validation
0.9448142144128625,55496,1519,0.027371342078708377,35061,861,0.024557200308034568,2265,697,0.30772626931567326,1358,HellaSwag,0.5,discovery,validation
0.9462541780688857,55499,1481,0.02668516549847745,35065,877,0.025010694424639955,2269,614,0.27060379021595415,1359,HellaSwag,0.5,discovery,validation
0.9516760293448155,55495,1332,0.024002162356969097,35061,760,0.021676506659821453,2265,614,0.2710816777041943,1360,HellaSwag,0.5,discovery,validation
0.9465059992807578,55499,1475,0.026577055442440406,35062,827,0.023586789116422337,2266,658,0.2903795233892321,1361,HellaSwag,0.5,discovery,validation
0.9533154235469967,55502,1288,0.02320637094158769,35060,764,0.02179121505989732,2264,615,0.27164310954063603,1362,HellaSwag,0.5,discovery,validation
0.947413890814866,55497,1450,0.026127538425500477,35062,851,0.024271290856197593,2266,682,0.30097087378640774,1363,HellaSwag,0.5,discovery,validation
0.9436409867402316,55489,1551,0.02795148588008434,35057,853,0.024331802493082692,2261,690,0.3051747014595312,1364,HellaSwag,0.5,discovery,validation
0.9489022732903073,55487,1404,0.025303224178636438,35058,833,0.0237606252495864,2262,657,0.29045092838196285,1365,HellaSwag,0.5,discovery,validation
0.9453253865096828,55493,1504,0.027102517434631396,35061,807,0.023017027466415676,2265,651,0.28741721854304636,1366,HellaSwag,0.5,discovery,validation
0.9435571089068674,55500,1556,0.028036036036036036,35066,867,0.024724804654080876,2270,653,0.28766519823788544,1367,HellaSwag,0.5,discovery,validation
0.9522345076966562,55497,1316,0.023712993495143882,35062,744,0.021219553933032913,2267,616,0.2717247463608293,1368,HellaSwag,0.5,discovery,validation
0.9451095343291821,55493,1511,0.027228659470563854,35060,842,0.024015972618368513,2265,665,0.293598233995585,1369,HellaSwag,0.5,discovery,validation
0.9428566509169802,55502,1576,0.02839537313970668,35063,841,0.02398539771268859,2267,684,0.30172033524481695,1370,HellaSwag,0.5,discovery,validation
0.9525582890612526,55497,1306,0.023532803574968016,35060,749,0.02136337706788363,2264,664,0.29328621908127206,1371,HellaSwag,0.5,discovery,validation
0.9503647118110311,55500,1365,0.024594594594594593,35064,783,0.022330595482546203,2268,652,0.2874779541446208,1372,HellaSwag,0.5,discovery,validation
0.9504870629148051,55491,1361,0.024526499792759185,35066,748,0.021331204015285463,2270,617,0.27180616740088104,1373,HellaSwag,0.5,discovery,validation
0.9451759339531066,55500,1510,0.027207207207207207,35064,863,0.024612137805156285,2268,681,0.3002645502645503,1374,HellaSwag,0.5,discovery,validation
0.9436755418077368,55504,1555,0.02801599884692995,35069,860,0.024523083064815078,2273,701,0.3084029916410031,1375,HellaSwag,0.5,discovery,validation
0.9459634824133021,55492,1489,0.026832696604916023,35061,776,0.022132854168449276,2265,622,0.27461368653421636,1376,HellaSwag,0.5,discovery,validation
0.945291374657292,55499,1506,0.027135624065298476,35062,790,0.022531515600935487,2266,683,0.3014121800529568,1377,HellaSwag,0.5,discovery,validation
0.9501857334567047,55502,1374,0.024755864653526,35058,703,0.02005248445433282,2262,612,0.27055702917771884,1378,HellaSwag,0.5,discovery,validation
0.9436029853554798,55485,1555,0.028025592502478148,35054,841,0.023991555885205684,2258,648,0.2869796279893711,1379,HellaSwag,0.5,discovery,validation
0.9500324024021173,55500,1379,0.02484684684684685,35062,789,0.022502994695111515,2266,660,0.2912621359223301,1380,HellaSwag,0.5,discovery,validation
0.9410992493615056,55495,1622,0.029227858365618524,35060,900,0.02567027952082145,2264,732,0.32332155477031804,1381,HellaSwag,0.5,discovery,validation
0.9501497599683955,55501,1370,0.02468423992360498,35063,779,0.022217151983572426,2267,651,0.2871636524040582,1382,HellaSwag,0.5,discovery,validation
0.9426187140526822,55496,1579,0.028452501081159,35063,903,0.025753643441804752,2267,682,0.30083811204234673,1383,HellaSwag,0.5,discovery,validation
0.9451958888545008,55505,1514,0.027276821907936222,35065,882,0.02515328675317268,2269,683,0.3010136624063464,1384,HellaSwag,0.5,discovery,validation
0.9431593680716808,55496,1568,0.028254288597376387,35058,857,0.024445205088710138,2262,669,0.2957559681697613,1385,HellaSwag,0.5,discovery,validation
0.9446058692493167,55493,1527,0.027516984124123765,35059,877,0.025014974756838473,2263,733,0.3239063190455148,1386,HellaSwag,0.5,discovery,validation
0.9417658499248911,55497,1605,0.02892048218822639,35060,914,0.026069594980034225,2264,708,0.3127208480565371,1387,HellaSwag,0.5,discovery,validation
0.9508665861763411,55496,1353,0.02438013550526164,35059,783,0.02233378019909296,2263,647,0.28590366769774633,1388,HellaSwag,0.5,discovery,validation
0.945423846190736,55493,1502,0.027066476852936408,35061,795,0.02267476683494481,2265,657,0.2900662251655629,1389,HellaSwag,0.5,discovery,validation
0.9470219689192467,55505,1461,0.02632195297720926,35068,803,0.022898368883312422,2272,676,0.2975352112676056,1390,HellaSwag,0.5,discovery,validation
0.9450359810054965,55508,1519,0.02736542480363191,35068,819,0.023354625299418272,2272,638,0.28080985915492956,1391,HellaSwag,0.5,discovery,validation
0.9453862133163614,55507,1506,0.027131713117264488,35068,837,0.023867913767537358,2272,613,0.269806338028169,1392,HellaSwag,0.5,discovery,validation
0.9453368328858226,55498,1507,0.027154131680420916,35062,856,0.02441389538531744,2266,706,0.3115622241835834,1393,HellaSwag,0.5,discovery,validation
0.948476062639048,55500,1421,0.025603603603603604,35062,827,0.023586789116422337,2266,649,0.28640776699029125,1394,HellaSwag,0.5,discovery,validation
0.946328061325736,55503,1478,0.026629191214889287,35068,829,0.02363978555948443,2272,706,0.3107394366197183,1395,HellaSwag,0.5,discovery,validation
0.9443135573726761,55503,1537,0.027692196818190008,35065,860,0.02452588050762869,2269,691,0.30453944468929045,1396,HellaSwag,0.5,discovery,validation
0.9516006192041246,55487,1331,0.023987600699262892,35062,782,0.022303348354343736,2266,674,0.2974404236540159,1397,HellaSwag,0.5,discovery,validation
0.9377844346720624,55502,1715,0.03089978739504883,35062,976,0.027836404084193713,2266,793,0.3499558693733451,1398,HellaSwag,0.5,discovery,validation
0.948315112064623,55501,1426,0.025693230752599053,35057,825,0.023533103231879512,2261,713,0.31534719150818225,1399,HellaSwag,0.5,discovery,validation
0.9492729577558658,55511,1399,0.025202212174163678,35067,787,0.022442752445318962,2271,668,0.29414354909731394,1400,HellaSwag,0.5,discovery,validation
0.9455213038768913,55490,1497,0.026977833843935844,35064,894,0.025496235455167694,2268,669,0.294973544973545,1401,HellaSwag,0.5,discovery,validation
0.945391773307121,55500,1504,0.0270990990990991,35063,850,0.024242078544334484,2267,636,0.28054697838553155,1402,HellaSwag,0.5,discovery,validation
0.9483254978944939,55505,1428,0.02572741194486983,35067,797,0.0227279208372544,2271,711,0.3130779392338177,1403,HellaSwag,0.5,discovery,validation
0.946576994617189,55496,1472,0.026524434193455383,35064,862,0.02458361852612366,2268,699,0.3082010582010582,1404,HellaSwag,0.5,discovery,validation
0.945132441874188,55503,1512,0.02724177071509648,35061,906,0.025840677676050312,2265,709,0.3130242825607064,1405,HellaSwag,0.5,discovery,validation
0.9478645093933284,55499,1436,0.025874340078199606,35059,813,0.023189480589862803,2263,672,0.2969509500662837,1406,HellaSwag,0.5,discovery,validation
0.9463119938245254,55506,1483,0.026717832306417326,35062,817,0.02330158005818265,2266,680,0.3000882612533098,1407,HellaSwag,0.5,discovery,validation
0.9464236294712114,55495,1478,0.026633030002702947,35061,837,0.023872679045092837,2265,657,0.2900662251655629,1408,HellaSwag,0.5,discovery,validation
0.9486577803065883,55503,1416,0.025512134479217338,35061,741,0.021134593993325918,2265,603,0.2662251655629139,1409,HellaSwag,0.5,discovery,validation
0.9487354971527674,55496,1412,0.02544327519100476,35062,794,0.02264559922423136,2266,643,0.28375992939099737,1410,HellaSwag,0.5,discovery,validation
0.9478834302049118,55501,1438,0.025909443073097782,35066,795,0.022671533679347516,2270,628,0.27665198237885463,1411,HellaSwag,0.5,discovery,validation
0.9538979373728745,55497,1270,0.0228841198623349,35059,706,0.020137482529450357,2263,620,0.273972602739726,1412,HellaSwag,0.5,discovery,validation
0.945548779067752,55490,1499,0.027013876374121462,35060,812,0.02316029663434113,2264,679,0.2999116607773852,1413,HellaSwag,0.5,discovery,validation
0.9438768559013286,55492,1548,0.027895912924385497,35062,824,0.023501226398950432,2266,661,0.29170344218887906,1414,HellaSwag,0.5,discovery,validation
0.9437444629755192,55497,1551,0.02794745661927672,35063,852,0.024299118729144684,2267,632,0.2787825319805911,1415,HellaSwag,0.5,discovery,validation
0.9445633858379642,55499,1527,0.027514009261428135,35060,864,0.02464346833998859,2264,698,0.3083038869257951,1416,HellaSwag,0.5,discovery,validation
0.9373060936473951,55500,1731,0.031189189189189188,35059,980,0.02795287943181494,2264,774,0.3418727915194346,1417,HellaSwag,0.5,discovery,validation
0.949187918258938,55502,1401,0.025242333609599654,35061,802,0.022874418869969482,2265,696,0.3072847682119205,1418,HellaSwag,0.5,discovery,validation
0.9479477864586328,55504,1436,0.025872009224560392,35068,772,0.022014372077107335,2272,635,0.2794894366197183,1419,HellaSwag,0.5,discovery,validation
0.948385202277649,55497,1423,0.02564102564102564,35062,821,0.023415663681478523,2266,653,0.2881729920564872,1420,HellaSwag,0.5,discovery,validation
0.9469670537091363,55503,1462,0.02634091850890943,35066,801,0.02284263959390863,2270,689,0.30352422907488985,1421,HellaSwag,0.5,discovery,validation
0.9446513441442409,55494,1523,0.027444408404512198,35060,872,0.024871648602395893,2264,656,0.28975265017667845,1422,HellaSwag,0.5,discovery,validation
0.9508134967089156,55498,1356,0.024433312912177017,35065,759,0.021645515471267647,2269,621,0.2736888497135302,1423,HellaSwag,0.5,discovery,validation
0.9469850401296516,55504,1463,0.02635846065148458,35062,867,0.024727625349381097,2266,703,0.31023830538393643,1424,HellaSwag,0.5,discovery,validation
0.9438469162346441,55504,1552,0.02796194868838282,35067,902,0.025722188952576497,2271,696,0.30647291941875826,1425,HellaSwag,0.5,discovery,validation
0.9457410634175167,55498,1493,0.026901870337669827,35061,826,0.02355894013291121,2265,661,0.291832229580574,1426,HellaSwag,0.5,discovery,validation
0.948191062161269,55506,1430,0.025762980578676178,35064,797,0.022729865389002967,2268,616,0.2716049382716049,1427,HellaSwag,0.5,discovery,validation
0.9472785091882987,55497,1453,0.026181595401553237,35063,859,0.024498759375980377,2267,709,0.31274812527569473,1428,HellaSwag,0.5,discovery,validation
0.9472415850877639,55494,1453,0.026183010775939743,35059,772,0.022020023389144015,2263,651,0.2876712328767123,1429,HellaSwag,0.5,discovery,validation
0.948807443834529,55496,1410,0.025407236557589735,35066,786,0.022414874807505845,2270,649,0.28590308370044054,1430,HellaSwag,0.5,discovery,validation
0.9471999339270358,55501,1454,0.026197726167096088,35065,784,0.02235847711393127,2269,651,0.2869105332745703,1431,HellaSwag,0.5,discovery,validation
0.9460213223586534,55501,1491,0.02686438082196717,35061,821,0.023416331536465017,2265,677,0.2988962472406181,1432,HellaSwag,0.5,discovery,validation
0.9463838012117575,55487,1477,0.026618847658009984,35058,789,0.02250556221119288,2262,654,0.2891246684350133,1433,HellaSwag,0.5,discovery,validation
0.9418568251070616,55499,1603,0.028883403304564046,35061,901,0.02569806907960412,2265,694,0.306401766004415,1434,HellaSwag,0.5,discovery,validation
0.9412166964830052,55496,1620,0.02919129306616693,35062,924,0.026353316981347328,2266,724,0.3195057369814651,1435,HellaSwag,0.5,discovery,validation
0.9513386291379795,55505,1342,0.02417800198180344,35066,761,0.021701933496834542,2270,622,0.2740088105726872,1436,HellaSwag,0.5,discovery,validation
0.9408400188174343,55499,1632,0.029405935242076433,35066,981,0.02797581703074203,2270,741,0.326431718061674,1437,HellaSwag,0.5,discovery,validation
0.9445378924307738,55501,1529,0.02754905317021315,35062,912,0.0260110661114597,2266,673,0.2969991173874669,1438,HellaSwag,0.5,discovery,validation
0.9498017296157414,55487,1382,0.024906734910880027,35057,779,0.022220954445617138,2261,664,0.2936753648827952,1439,HellaSwag,0.5,discovery,validation
0.9451285093976598,55495,1510,0.027209658527795298,35066,853,0.024325557520104946,2270,681,0.3,1440,HellaSwag,0.5,discovery,validation
0.9439487995401156,55492,1544,0.027823830462048584,35055,818,0.023334759663386107,2260,706,0.3123893805309734,1441,HellaSwag,0.5,discovery,validation
0.9374415643938495,55500,1726,0.0310990990990991,35062,967,0.027579715931777993,2266,733,0.323477493380406,1442,HellaSwag,0.5,discovery,validation
0.9463744694248003,55505,1480,0.026664264480677418,35067,851,0.024267830153705764,2271,667,0.29370321444297665,1443,HellaSwag,0.5,discovery,validation
0.9478682473019395,55507,1438,0.025906642405462373,35067,837,0.02386859440499615,2271,679,0.2989872302950242,1444,HellaSwag,0.5,discovery,validation
0.9487656957606645,55503,1416,0.025512134479217338,35062,810,0.023101933717414865,2266,640,0.2824360105913504,1445,HellaSwag,0.5,discovery,validation
0.9489666037072269,55490,1403,0.02528383492521175,35057,805,0.022962603759591523,2261,608,0.2689075630252101,1446,HellaSwag,0.5,discovery,validation
0.9444809516575552,55495,1529,0.02755203171456888,35063,840,0.02395687762028349,2267,654,0.28848698720776356,1447,HellaSwag,0.5,discovery,validation
0.947154486866302,55500,1458,0.02627027027027027,35068,779,0.022213984259153646,2272,606,0.26672535211267606,1448,HellaSwag,0.5,discovery,validation
0.94773007107215,55500,1441,0.025963963963963964,35063,811,0.023129794940535606,2267,696,0.3070136744596383,1449,HellaSwag,0.5,discovery,validation
0.9495818190446066,55498,1391,0.02506396626905474,35063,770,0.021960471151926533,2267,657,0.2898103220114689,1450,HellaSwag,0.5,discovery,validation
0.9478171933074979,55494,1437,0.025894691317980324,35063,770,0.021960471151926533,2267,649,0.286281429201588,1451,HellaSwag,0.5,discovery,validation
0.941535161110064,55503,1613,0.029061492171594327,35066,859,0.02449666343466606,2270,684,0.3013215859030837,1452,HellaSwag,0.5,discovery,validation
0.9450781239519214,55485,1509,0.02719653960529873,35057,830,0.02367572809995151,2261,662,0.29279080053073864,1453,HellaSwag,0.5,discovery,validation
0.9394920716723503,55501,1669,0.03007153024269833,35066,942,0.02686362858609479,2270,742,0.32687224669603526,1454,HellaSwag,0.5,discovery,validation
0.9377068899359116,55493,1717,0.030940839385147675,35058,911,0.025985509726738548,2262,698,0.30857648099027407,1455,HellaSwag,0.5,discovery,validation
0.9409532398525072,55491,1627,0.02932006992124849,35059,883,0.025186114834992442,2263,714,0.31551038444542645,1456,HellaSwag,0.5,discovery,validation
0.9463763879743659,55509,1481,0.026680358140121423,35068,826,0.023554237481464582,2272,701,0.3085387323943662,1457,HellaSwag,0.5,discovery,validation
0.9418123758366523,55501,1603,0.028882362479955317,35068,937,0.02671951636819893,2272,792,0.3485915492957746,1458,HellaSwag,0.5,discovery,validation
0.9489095935714299,55503,1410,0.025404032214474893,35062,829,0.023643830928070275,2266,626,0.2762577228596646,1459,HellaSwag,0.5,discovery,validation
0.9435985390895855,55493,1552,0.02796749139531112,35066,907,0.025865510751154966,2270,720,0.31718061674008813,1460,HellaSwag,0.5,discovery,validation
0.9402020185304415,55500,1648,0.029693693693693693,35061,918,0.026182938307521178,2265,730,0.32229580573951433,1461,HellaSwag,0.5,discovery,validation
0.9414399662368155,55493,1611,0.029030688555313284,35065,888,0.025324397547411948,2269,757,0.33362714852357866,1462,HellaSwag,0.5,discovery,validation
0.9424874069585225,55501,1585,0.028558043999207222,35064,906,0.025838466803559206,2268,688,0.30335097001763667,1463,HellaSwag,0.5,discovery,validation
0.9430629794153429,55501,1573,0.02834183167870849,35061,876,0.024985026097373148,2265,740,0.32671081677704195,1464,HellaSwag,0.5,discovery,validation
0.9354366068815297,55501,1781,0.03208951190068647,35064,985,0.028091489847136664,2268,739,0.32583774250440917,1465,HellaSwag,0.5,discovery,validation
0.9460714214116895,55492,1484,0.026742593526994884,35057,906,0.025843626094645862,2261,665,0.29411764705882354,1466,HellaSwag,0.5,discovery,validation
0.9368468643571024,55499,1745,0.03144200796410746,35067,856,0.024410414349673483,2271,677,0.29810656098634963,1467,HellaSwag,0.5,discovery,validation
0.951962122465432,55491,1323,0.023841704060117857,35059,755,0.021535126501041103,2263,649,0.28678745028722935,1468,HellaSwag,0.5,discovery,validation
0.939953432771539,55506,1658,0.029870644614996576,35065,833,0.023755881933551975,2269,689,0.30365799911855446,1469,HellaSwag,0.5,discovery,validation
0.9459484025140162,55498,1489,0.02682979566831237,35064,864,0.024640657084188913,2268,681,0.3002645502645503,1470,HellaSwag,0.5,discovery,validation
0.9443655263128138,55498,1531,0.027586579696565642,35064,868,0.024754734200319414,2268,666,0.29365079365079366,1471,HellaSwag,0.5,discovery,validation
0.9482507720393488,55498,1425,0.0256766009585931,35063,872,0.02486952057724667,2267,656,0.2893692104102338,1472,HellaSwag,0.5,discovery,validation
0.9452204067638617,55501,1510,0.02720671699609016,35067,844,0.024068212279350958,2271,690,0.3038309114927345,1473,HellaSwag,0.5,discovery,validation
0.9409119744321748,55498,1629,0.029352409095823272,35065,885,0.025238842150292314,2269,708,0.3120317320405465,1474,HellaSwag,0.5,discovery,validation
0.9473343559245393,55500,1451,0.026144144144144146,35062,821,0.023415663681478523,2266,702,0.30979699911738745,1475,HellaSwag,0.5,discovery,validation
0.9452514607428303,55491,1506,0.02713953614099584,35059,874,0.024929404717761488,2263,682,0.3013698630136986,1476,HellaSwag,0.5,discovery,validation
0.9438428950958774,55496,1548,0.02789390226322618,35061,881,0.025127634693819345,2265,692,0.3055187637969095,1477,HellaSwag,0.5,discovery,validation
0.947054142987479,55497,1458,0.02627169036164117,35063,876,0.02498360094686707,2268,687,0.3029100529100529,1478,HellaSwag,0.5,discovery,validation
0.9445558862033313,55502,1529,0.027548556808763648,35062,814,0.02321601734071074,2266,688,0.3036187113857017,1479,HellaSwag,0.5,discovery,validation
0.9539698715356838,55498,1266,0.022811632851634293,35059,720,0.02053680937847628,2263,592,0.2615996464869642,1480,HellaSwag,0.5,discovery,validation
0.9440987238576962,55504,1541,0.027763764773710002,35066,883,0.02518108709291051,2270,712,0.3136563876651982,1481,HellaSwag,0.5,discovery,validation
0.9487385171722186,55484,1411,0.02543075481219811,35057,796,0.02270587899706193,2261,633,0.2799646174259177,1482,HellaSwag,0.5,discovery,validation
0.9521754063846696,55506,1320,0.023781212841854936,35065,731,0.020846998431484385,2270,644,0.28370044052863436,1483,HellaSwag,0.5,discovery,validation
0.9435550856954863,55496,1557,0.028056076113593773,35063,864,0.024641359838005875,2268,690,0.30423280423280424,1484,HellaSwag,0.5,discovery,validation
0.9445189077627781,55499,1529,0.027550045946773814,35060,891,0.025413576725613233,2265,658,0.29050772626931565,1485,HellaSwag,0.5,discovery,validation
0.9457449560274218,55506,1497,0.026970057291103664,35065,872,0.02486810209610723,2269,637,0.28074041427941826,1486,HellaSwag,0.5,discovery,validation
0.9406485101999796,55493,1636,0.02948119582650064,35061,897,0.025583982202447165,2265,724,0.3196467991169978,1487,HellaSwag,0.5,discovery,validation
0.94736280776226,55484,1447,0.026079590512580204,35050,864,0.024650499286733237,2254,651,0.2888198757763975,1488,HellaSwag,0.5,discovery,validation
0.9422841824158603,55510,1595,0.028733561520446767,35069,962,0.027431634777153612,2273,744,0.3273207215134184,1489,HellaSwag,0.5,discovery,validation
0.9462247973128559,55493,1478,0.026633989872596544,35065,811,0.023128475688007986,2269,661,0.2913177611282503,1490,HellaSwag,0.5,discovery,validation
0.946576994617189,55496,1473,0.026542453510162895,35061,756,0.0215624197826645,2265,632,0.2790286975717439,1491,HellaSwag,0.5,discovery,validation
0.9489248206371329,55497,1407,0.025352721768744257,35061,782,0.022303984484184705,2265,629,0.27770419426048565,1492,HellaSwag,0.5,discovery,validation
0.9441062105725988,55501,1542,0.027783283184086772,35070,851,0.024265754205873968,2274,639,0.28100263852242746,1493,HellaSwag,0.5,discovery,validation
0.9427225109637164,55487,1577,0.02842107160235731,35060,878,0.02504278379920137,2264,706,0.3118374558303887,1494,HellaSwag,0.5,discovery,validation
0.9488812365791692,55500,1410,0.025405405405405406,35068,775,0.02209992015512718,2272,659,0.29005281690140844,1495,HellaSwag,0.5,discovery,validation
0.9455366449691284,55503,1504,0.027097634362106552,35061,791,0.022560679957787856,2265,605,0.2671081677704194,1496,HellaSwag,0.5,discovery,validation
0.9520572171829885,55504,1324,0.02385413663880081,35064,754,0.021503536390600046,2268,634,0.2795414462081129,1497,HellaSwag,0.5,discovery,validation
0.9492180936633687,55509,1401,0.02523915040804194,35066,782,0.022300804197798438,2270,624,0.2748898678414097,1498,HellaSwag,0.5,discovery,validation
0.9423722472121568,55488,1586,0.02858275663206459,35060,934,0.026640045636052483,2264,701,0.30962897526501765,1499,HellaSwag,0.5,discovery,validation
0.9413066415573146,55497,1618,0.029154729084455017,35061,931,0.02655372065828128,2265,698,0.30816777041942606,1500,HellaSwag,0.5,discovery,validation
0.946135809498764,55495,1484,0.026741147851157762,35058,860,0.024530777568600604,2262,651,0.28779840848806365,1501,HellaSwag,0.5,discovery,validation
0.9436450161333743,55497,1556,0.02803755157936465,35065,865,0.024668472836161415,2269,717,0.31599823710885855,1502,HellaSwag,0.5,discovery,validation
0.9465864668304376,55497,1471,0.026505937257869795,35065,832,0.02372736346784543,2269,715,0.3151167915381225,1503,HellaSwag,0.5,discovery,validation
0.9481797375840023,55501,1429,0.025747283832723733,35062,806,0.022987850094118988,2266,614,0.2709620476610768,1504,HellaSwag,0.5,discovery,validation
0.9427107011933749,55498,1580,0.028469494396194457,35064,838,0.023899155829340633,2268,673,0.2967372134038801,1505,HellaSwag,0.5,discovery,validation
0.9494986252635329,55493,1389,0.025030183987169552,35057,748,0.021336680263570756,2261,616,0.2724458204334365,1506,HellaSwag,0.5,discovery,validation
0.942411333118222,55493,1587,0.02859820157497342,35055,840,0.02396234488660676,2261,733,0.32419283502874835,1507,HellaSwag,0.5,discovery,validation
0.9400020063638007,55496,1654,0.029803949834222285,35061,985,0.028093893499900175,2265,747,0.32980132450331123,1508,HellaSwag,0.5,discovery,validation
0.9518756125677872,55500,1327,0.02390990990990991,35063,719,0.020505946439266464,2267,574,0.25319805910895454,1509,HellaSwag,0.5,discovery,validation
0.9408685999846058,55501,1630,0.029368840201077457,35065,940,0.026807357764152287,2269,696,0.30674305861613044,1510,HellaSwag,0.5,discovery,validation
0.9383757829682612,55499,1701,0.03064920088650246,35061,930,0.026525198938992044,2265,715,0.31567328918322296,1511,HellaSwag,0.5,discovery,validation
0.9511929948221574,55501,1346,0.02425181528260752,35066,716,0.02041863913762619,2270,589,0.2594713656387665,1512,HellaSwag,0.5,discovery,validation
0.9467436562689658,55506,1468,0.026447591251396247,35067,852,0.024296346992899308,2271,658,0.289740202553941,1513,HellaSwag,0.5,discovery,validation
0.941988099879567,55493,1597,0.02877840448344836,35058,867,0.02473044668834503,2262,699,0.3090185676392573,1514,HellaSwag,0.5,discovery,validation
0.9501452978708663,55492,1372,0.024724284581561305,35064,737,0.021018708647045404,2268,597,0.26322751322751325,1515,HellaSwag,0.5,discovery,validation
0.9454522882677121,55495,1504,0.02710154067934048,35056,778,0.02219306252852579,2260,639,0.2827433628318584,1516,HellaSwag,0.5,discovery,validation
0.9442615998098677,55506,1535,0.02765466796382373,35069,890,0.025378539450797,2273,618,0.27188737351517817,1517,HellaSwag,0.5,discovery,validation
0.9435496368637225,55503,1559,0.02808857178891231,35065,891,0.025409952944531584,2269,728,0.3208461877479066,1518,HellaSwag,0.5,discovery,validation
0.9445359124741853,55497,1530,0.0275690577869074,35065,841,0.023984029659204334,2269,645,0.2842661965623623,1519,HellaSwag,0.5,discovery,validation
0.9443930053169501,55500,1536,0.027675675675675675,35063,794,0.022644953369648918,2267,651,0.2871636524040582,1520,HellaSwag,0.5,discovery,validation
0.945645542113588,55504,1499,0.027007062554050158,35062,826,0.02355826821059837,2266,661,0.29170344218887906,1521,HellaSwag,0.5,discovery,validation
0.9433541744000692,55490,1560,0.028113173544782842,35056,863,0.02461775445002282,2260,673,0.297787610619469,1522,HellaSwag,0.5,discovery,validation
0.948029187288181,55505,1436,0.025871543104224844,35067,788,0.022471269284512506,2271,653,0.28753852928225454,1523,HellaSwag,0.5,discovery,validation
0.9449806636687248,55487,1513,0.02726764827797502,35054,818,0.02333542534375535,2258,702,0.31089459698848537,1524,HellaSwag,0.5,discovery,validation
0.9422186417412856,55503,1595,0.02873718537736699,35064,877,0.02501140771161305,2268,764,0.3368606701940035,1525,HellaSwag,0.5,discovery,validation
0.9475179980249725,55508,1447,0.026068314477192475,35066,857,0.024439628129812353,2271,679,0.2989872302950242,1526,HellaSwag,0.5,discovery,validation
0.9414431262054161,55500,1615,0.0290990990990991,35063,853,0.02432763882154978,2267,677,0.29863255403617117,1527,HellaSwag,0.5,discovery,validation
0.9426071279290431,55490,1579,0.028455577581546224,35059,928,0.02646966542114721,2263,747,0.3300927971718957,1528,HellaSwag,0.5,discovery,validation
0.9460042993224588,55503,1490,0.026845395744374178,35064,818,0.023328770248688114,2268,663,0.2923280423280423,1529,HellaSwag,0.5,discovery,validation
0.9543647928927573,55494,1255,0.02261505748369193,35061,725,0.0206782464846981,2265,624,0.27549668874172184,1530,HellaSwag,0.5,discovery,validation
0.9399629612888284,55507,1656,0.02983407498153386,35065,912,0.02600884072436903,2269,655,0.2886734244160423,1531,HellaSwag,0.5,discovery,validation
0.9513051067692527,55490,1340,0.02414849522436475,35063,770,0.021960471151926533,2267,627,0.27657697397441555,1532,HellaSwag,0.5,discovery,validation
0.9514259451146424,55499,1340,0.024144579181606875,35071,729,0.020786404721849963,2275,651,0.28615384615384615,1533,HellaSwag,0.5,discovery,validation
0.9468402027198378,55501,1468,0.026449973874344605,35065,851,0.024269214316269785,2269,727,0.3204054649625386,1534,HellaSwag,0.5,discovery,validation
0.9443540367093838,55493,1533,0.02762510586920873,35058,839,0.023931770209367334,2262,674,0.2979664014146773,1535,HellaSwag,0.5,discovery,validation
0.9410738674139135,55500,1625,0.02927927927927928,35064,924,0.026351813826146476,2268,743,0.32760141093474426,1536,HellaSwag,0.5,discovery,validation
0.9445568706099148,55503,1529,0.02754806046520008,35063,861,0.024555799560790577,2268,670,0.29541446208112876,1537,HellaSwag,0.5,discovery,validation
0.943869361101754,55495,1547,0.02787638525993333,35061,844,0.02407233108011751,2266,582,0.25684024713150927,1538,HellaSwag,0.5,discovery,validation
0.9369188060001923,55498,1739,0.03133446250315327,35060,963,0.02746719908727895,2264,735,0.3246466431095406,1539,HellaSwag,0.5,discovery,validation
0.9438333984982218,55495,1547,0.02787638525993333,35064,890,0.02538215833903719,2268,683,0.3011463844797178,1540,HellaSwag,0.5,discovery,validation
0.9469045834453017,55504,1464,0.02637647737100029,35064,835,0.023813597992242756,2268,650,0.2865961199294533,1541,HellaSwag,0.5,discovery,validation
0.9473608644466447,55499,1450,0.02612659687561938,35065,783,0.022329958648224724,2269,639,0.28162185985015425,1542,HellaSwag,0.5,discovery,validation
0.9435761142141317,55502,1556,0.028035025764837303,35062,921,0.026267754263875422,2266,718,0.31685789938217124,1543,HellaSwag,0.5,discovery,validation
0.9509102375221417,55493,1354,0.024399473807507253,35058,701,0.019995436134405842,2262,594,0.2625994694960212,1544,HellaSwag,0.5,discovery,validation
0.9380453459082663,55487,1707,0.03076396273000883,35051,912,0.02601922912327751,2255,716,0.31751662971175165,1545,HellaSwag,0.5,discovery,validation
0.9411182962232123,55497,1623,0.02924482404454295,35060,852,0.02430119794637764,2264,695,0.30697879858657245,1546,HellaSwag,0.5,discovery,validation
0.9403437772068869,55495,1643,0.02960627083521038,35063,883,0.025183241593702763,2267,659,0.2906925452139391,1547,HellaSwag,0.5,discovery,validation
0.9513693763678808,55494,1340,0.024146754604101345,35064,757,0.021589094227697923,2268,593,0.26146384479717816,1548,HellaSwag,0.5,discovery,validation
0.9486730082107203,55497,1411,0.0254247977368146,35060,814,0.023217341699942953,2264,666,0.2941696113074205,1549,HellaSwag,0.5,discovery,validation
0.9482904522166681,55506,1427,0.025708932367671963,35065,787,0.022444032511050906,2269,636,0.28029969149405026,1550,HellaSwag,0.5,discovery,validation
0.9439528243483869,55500,1542,0.027783783783783784,35060,871,0.02484312606959498,2264,664,0.29328621908127206,1551,HellaSwag,0.5,discovery,validation
0.9438279196505551,55502,1549,0.027908904183633024,35064,871,0.024840292037417295,2269,712,0.3137946231820185,1552,HellaSwag,0.5,discovery,validation
0.9468562859713415,55498,1465,0.026397347652167644,35064,809,0.02307209673739448,2269,655,0.2886734244160423,1553,HellaSwag,0.5,discovery,validation
0.9459284700913452,55495,1491,0.026867285341021712,35059,826,0.023560284092529735,2263,682,0.3013698630136986,1554,HellaSwag,0.5,discovery,validation
0.9496924474225199,55505,1389,0.02502477254301414,35067,817,0.023298257621125276,2272,642,0.28257042253521125,1555,HellaSwag,0.5,discovery,validation
0.9443995138674106,55494,1530,0.027570548167369445,35060,841,0.0239874500855676,2264,680,0.3003533568904594,1556,HellaSwag,0.5,discovery,validation
0.9406654132728106,55491,1636,0.02948225838424249,35060,952,0.02715345122646891,2265,685,0.30242825607064017,1557,HellaSwag,0.5,discovery,validation
0.9474167206585192,55504,1452,0.02616027673681176,35064,844,0.02407027150353639,2268,705,0.31084656084656087,1558,HellaSwag,0.5,discovery,validation
0.9433707881626496,55506,1562,0.028141101862861673,35067,868,0.02475261641999601,2271,674,0.29678555702333775,1559,HellaSwag,0.5,discovery,validation
0.945068012517396,55500,1517,0.027333333333333334,35066,834,0.023783722123994752,2270,709,0.31233480176211453,1560,HellaSwag,0.5,discovery,validation
0.9439348412598113,55501,1546,0.02785535395758635,35066,825,0.023527063252153084,2270,686,0.3022026431718062,1561,HellaSwag,0.5,discovery,validation
0.9418388416959877,55500,1606,0.028936936936936938,35063,914,0.026067364458260845,2267,705,0.3109836788707543,1562,HellaSwag,0.5,discovery,validation
0.9428841335068638,55504,1575,0.028376333237244162,35067,841,0.023982661761770326,2273,673,0.29608446986361636,1563,HellaSwag,0.5,discovery,validation
0.9450055548089429,55501,1516,0.027314823156339527,35065,843,0.024041066590617426,2269,682,0.3005729396209784,1564,HellaSwag,0.5,discovery,validation
0.9510199202342163,55497,1347,0.024271582247689064,35066,766,0.021844521758968803,2270,611,0.2691629955947137,1565,HellaSwag,0.5,discovery,validation
0.9471384048103586,55505,1457,0.026249887397531754,35065,833,0.023755881933551975,2269,636,0.28029969149405026,1566,HellaSwag,0.5,discovery,validation
0.9464112642414193,55489,1474,0.026563823460505686,35057,828,0.02361867815272271,2261,658,0.29102167182662536,1567,HellaSwag,0.5,discovery,validation
0.9433582414575032,55498,1561,0.02812713971674655,35062,889,0.025355085277508415,2266,715,0.3155339805825243,1568,HellaSwag,0.5,discovery,validation
0.9399025314091499,55495,1658,0.02987656545634742,35057,862,0.024588527255612287,2262,680,0.3006189213085765,1569,HellaSwag,0.5,discovery,validation
0.9458168973559788,55506,1497,0.026970057291103664,35068,858,0.024466750313676285,2272,679,0.2988556338028169,1570,HellaSwag,0.5,discovery,validation
0.9395713881778307,55497,1667,0.030037659693316756,35066,888,0.02532367535504477,2270,722,0.3180616740088106,1571,HellaSwag,0.5,discovery,validation
0.9445388899952635,55504,1531,0.027583597578552898,35064,831,0.02369952087611225,2268,685,0.3020282186948854,1572,HellaSwag,0.5,discovery,validation
0.9414917631949407,55507,1617,0.029131460896823825,35068,882,0.02515113493783506,2272,743,0.32702464788732394,1573,HellaSwag,0.5,discovery,validation
0.9508255846449467,55504,1356,0.024430671663303545,35064,735,0.02096167008898015,2268,615,0.27116402116402116,1574,HellaSwag,0.5,discovery,validation
0.9496735588983052,55503,1387,0.02498964019962885,35062,787,0.022445952883463578,2266,647,0.2855251544571933,1575,HellaSwag,0.5,discovery,validation
0.9469547418112987,55498,1461,0.02632527298281019,35060,870,0.02481460353679407,2264,621,0.2742932862190813,1576,HellaSwag,0.5,discovery,validation
0.9474801375982179,55504,1450,0.02612424329778034,35065,813,0.023185512619421075,2270,694,0.30572687224669604,1577,HellaSwag,0.5,discovery,validation
0.944662811333249,55499,1528,0.027532027604100975,35064,824,0.023499885922883868,2268,667,0.2940917107583774,1578,HellaSwag,0.5,discovery,validation
0.9436830207591105,55501,1552,0.027963460117835716,35060,840,0.023958927552766685,2264,705,0.3113957597173145,1579,HellaSwag,0.5,discovery,validation
0.9521394423686741,55506,1321,0.023799228912189673,35064,736,0.020990189368012776,2268,582,0.2566137566137566,1580,HellaSwag,0.5,discovery,validation
0.9442416110434729,55503,1537,0.027692196818190008,35064,855,0.024383983572895278,2268,657,0.2896825396825397,1581,HellaSwag,0.5,discovery,validation
0.9457515082120506,55500,1493,0.0269009009009009,35060,893,0.02547062179121506,2264,661,0.2919611307420495,1582,HellaSwag,0.5,discovery,validation
0.9472226662489399,55492,1452,0.026165933828299574,35059,835,0.02381699420976069,2263,660,0.29164825452938575,1583,HellaSwag,0.5,discovery,validation
0.9473230106280143,55495,1450,0.02612848004324714,35062,809,0.023073412811590897,2266,666,0.293909973521624,1584,HellaSwag,0.5,discovery,validation
0.9458944334804966,55499,1489,0.026829312239860178,35063,804,0.022930154293699913,2267,708,0.3123070136744596,1585,HellaSwag,0.5,discovery,validation
0.9489400775952634,55491,1407,0.025355463048061848,35057,793,0.02262030407621873,2261,635,0.28084918177797435,1586,HellaSwag,0.5,discovery,validation
0.9423889997738317,55502,1588,0.028611581564628303,35063,863,0.024612839745600777,2267,685,0.30216144684605206,1587,HellaSwag,0.5,discovery,validation
0.9487355095848634,55496,1413,0.025461294507712267,35060,789,0.022504278379920136,2264,694,0.30653710247349825,1588,HellaSwag,0.5,discovery,validation
0.949943364393922,55502,1380,0.02486396886598681,35066,804,0.022928192551189185,2270,673,0.2964757709251101,1589,HellaSwag,0.5,discovery,validation
0.945168411657608,55503,1514,0.027277804803343964,35065,860,0.02452588050762869,2269,692,0.30498016747465845,1590,HellaSwag,0.5,discovery,validation
0.9443030629513453,55499,1535,0.027658156002810862,35061,851,0.02427198311514218,2265,712,0.3143487858719647,1591,HellaSwag,0.5,discovery,validation
0.9460137706674109,55504,1488,0.02680887863937734,35064,805,0.022958019621263974,2268,593,0.26146384479717816,1592,HellaSwag,0.5,discovery,validation
0.9480747631966995,55487,1430,0.02577180240416674,35055,809,0.02307802025388675,2259,658,0.2912793271359008,1593,HellaSwag,0.5,discovery,validation
0.9431899084522531,55503,1567,0.02823270814190224,35060,909,0.025926982316029662,2264,690,0.3047703180212014,1594,HellaSwag,0.5,discovery,validation
0.9511552571409525,55497,1342,0.024181487287601132,35060,779,0.02221905305191101,2265,596,0.2631346578366446,1595,HellaSwag,0.5,discovery,validation
0.9465675223101206,55495,1473,0.026542931795657268,35060,765,0.021819737592698233,2264,650,0.2871024734982332,1596,HellaSwag,0.5,discovery,validation
0.9491632229913142,55507,1403,0.02527609130379952,35065,774,0.02207329245686582,2269,612,0.26972234464521816,1597,HellaSwag,0.5,discovery,validation
0.9474252428538918,55502,1453,0.026179236784260027,35062,809,0.023073412811590897,2266,651,0.2872903795233892,1598,HellaSwag,0.5,discovery,validation
0.9398305799024969,55494,1659,0.029895123797167262,35060,940,0.026811180832857957,2264,697,0.30786219081272087,1599,HellaSwag,0.5,discovery,validation
0.9429339999297743,55495,1570,0.028290837012343455,35056,899,0.025644682793245093,2260,662,0.2929203539823009,1600,HellaSwag,0.5,discovery,validation
0.9492909450317246,55512,1401,0.025237786424556853,35067,752,0.02144466307354493,2271,638,0.2809335094671951,1601,HellaSwag,0.5,discovery,validation
0.9480339864187243,55497,1432,0.02580319656918392,35062,809,0.023073412811590897,2266,613,0.2705207413945278,1602,HellaSwag,0.5,discovery,validation
0.9493668830398667,55501,1396,0.025152699951352227,35060,733,0.020907016543069024,2264,636,0.28091872791519434,1603,HellaSwag,0.5,discovery,validation
0.9464226568572766,55494,1474,0.02656143006451148,35066,833,0.0237552044715679,2270,684,0.3013215859030837,1604,HellaSwag,0.5,discovery,validation
0.9493488893767977,55500,1396,0.025153153153153154,35064,786,0.02241615331964408,2268,636,0.2804232804232804,1605,HellaSwag,0.5,discovery,validation
0.9455991136972737,55502,1501,0.027044070483946525,35065,846,0.02412662198773706,2269,674,0.2970471573380344,1606,HellaSwag,0.5,discovery,validation
0.9414135130488647,55494,1616,0.029120265253901323,35064,891,0.025410677618069814,2268,632,0.2786596119929453,1607,HellaSwag,0.5,discovery,validation
0.9416473516369508,55495,1609,0.028993603027299756,35058,902,0.025728792287067145,2263,708,0.31285903667697745,1608,HellaSwag,0.5,discovery,validation
0.9472699916839112,55497,1453,0.026181595401553237,35061,813,0.02318815778215111,2265,606,0.2675496688741722,1609,HellaSwag,0.5,discovery,validation
0.9418336281608772,55489,1600,0.028834543783452578,35056,918,0.02618667275216796,2260,733,0.32433628318584073,1610,HellaSwag,0.5,discovery,validation
0.943874852756779,55489,1547,0.02787939952062571,35061,877,0.025013547816662388,2265,647,0.28565121412803535,1611,HellaSwag,0.5,discovery,validation
0.9396084383026795,55500,1667,0.030036036036036037,35058,930,0.02652746876604484,2262,685,0.30282935455349247,1612,HellaSwag,0.5,discovery,validation
0.9453937344905359,55505,1508,0.027168723538419964,35064,854,0.02435546429386265,2268,693,0.3055555555555556,1613,HellaSwag,0.5,discovery,validation
0.949740095955701,55493,1385,0.024958102823779575,35067,735,0.020959876807254686,2272,597,0.26276408450704225,1614,HellaSwag,0.5,discovery,validation
0.9440247684598732,55500,1546,0.027855855855855857,35067,824,0.023497875495480082,2271,645,0.28401585204755614,1615,HellaSwag,0.5,discovery,validation
0.9460988764503467,55494,1485,0.02675964969185858,35064,834,0.02378507871321013,2268,674,0.29717813051146386,1616,HellaSwag,0.5,discovery,validation
0.9383746744999152,55496,1702,0.030668877036182787,35060,924,0.026354820308043356,2265,707,0.3121412803532009,1617,HellaSwag,0.5,discovery,validation
0.9422663857217514,55492,1592,0.028688820010091546,35063,864,0.024641359838005875,2267,681,0.3003970004411116,1618,HellaSwag,0.5,discovery,validation
0.951246944899073,55502,1344,0.024215343591221936,35070,739,0.02107214143142287,2274,638,0.2805628847845207,1619,HellaSwag,0.5,discovery,validation
0.9405554253992291,55505,1641,0.029564904062697055,35065,841,0.023984029659204334,2269,671,0.2957249889819304,1620,HellaSwag,0.5,discovery,validation
0.9473428743140434,55500,1453,0.02618018018018018,35064,818,0.023328770248688114,2268,656,0.2892416225749559,1621,HellaSwag,0.5,discovery,validation
0.9465259069956706,55502,1476,0.026593636265359807,35062,813,0.02318749643488677,2266,693,0.3058252427184466,1622,HellaSwag,0.5,discovery,validation
0.9461056415025128,55507,1488,0.026807429693552164,35068,804,0.02292688490931904,2272,669,0.2944542253521127,1623,HellaSwag,0.5,discovery,validation
0.949100141647481,55488,1401,0.02524870242214533,35058,799,0.02279080381082777,2262,683,0.3019451812555261,1624,HellaSwag,0.5,discovery,validation
0.937851921966273,55494,1713,0.0308682019677803,35057,950,0.027098724933679437,2261,678,0.2998673153471915,1625,HellaSwag,0.5,discovery,validation
0.9448616571869338,55501,1522,0.02742292931658889,35061,861,0.024557200308034568,2265,733,0.3236203090507726,1626,HellaSwag,0.5,discovery,validation
0.9445189187638221,55500,1533,0.02762162162162162,35065,776,0.02213032938827891,2269,607,0.2675187307183781,1627,HellaSwag,0.5,discovery,validation
0.9454202246033635,55503,1506,0.027133668450354035,35067,865,0.024667065902415377,2271,763,0.33597534125935713,1628,HellaSwag,0.5,discovery,validation
0.9434132171698341,55501,1562,0.028143637051584656,35066,843,0.024040380995836424,2270,657,0.2894273127753304,1629,HellaSwag,0.5,discovery,validation
0.9427782761565556,55508,1580,0.028464365496865318,35065,897,0.025581063738770855,2269,622,0.2741295724988982,1630,HellaSwag,0.5,discovery,validation
0.9433921880287536,55494,1559,0.028093127184920894,35061,848,0.024186417957274463,2265,671,0.29624724061810154,1631,HellaSwag,0.5,discovery,validation
0.9423997562450626,55488,1585,0.028564734717416378,35062,870,0.024813188066853002,2266,698,0.30803177405119153,1632,HellaSwag,0.5,discovery,validation
0.947478257914932,55500,1447,0.026072072072072072,35067,780,0.022243134570964156,2271,617,0.2716864817261119,1633,HellaSwag,0.5,discovery,validation
0.9403818791678534,55501,1646,0.029657123295075763,35069,918,0.026176965411046794,2273,734,0.322921249450066,1634,HellaSwag,0.5,discovery,validation
0.9477849745024677,55502,1440,0.025945010990594933,35065,786,0.02241551404534436,2269,640,0.28206258263552225,1635,HellaSwag,0.5,discovery,validation
0.940993453469356,55499,1626,0.02929782518603939,35061,938,0.026753372693305952,2265,756,0.3337748344370861,1636,HellaSwag,0.5,discovery,validation
0.9509076091967863,55486,1347,0.024276394045344773,35053,736,0.020996776310158904,2257,571,0.25299069561364645,1637,HellaSwag,0.5,discovery,validation
0.9429509697011869,55494,1572,0.02832738674451292,35056,874,0.02493153811045185,2260,664,0.2938053097345133,1638,HellaSwag,0.5,discovery,validation
0.9481495085518502,55494,1429,0.025750531589000612,35061,796,0.02270328855423405,2265,654,0.28874172185430463,1639,HellaSwag,0.5,discovery,validation
0.9448331984081892,55498,1523,0.027442430357850732,35062,862,0.02458502082026125,2266,696,0.30714916151809357,1640,HellaSwag,0.5,discovery,validation
0.9444279838475544,55497,1532,0.027605095770942573,35062,884,0.02521248074838857,2266,659,0.2908208296557811,1641,HellaSwag,0.5,discovery,validation
0.9526705423072196,55486,1301,0.02344735608982446,35054,810,0.023107206024990015,2259,658,0.2912793271359008,1642,HellaSwag,0.5,discovery,validation
0.9413817444576507,55502,1617,0.029134085258188894,35067,971,0.027689850856931018,2271,728,0.32056362835755176,1643,HellaSwag,0.5,discovery,validation
0.9429604704419058,55494,1573,0.028345406710635384,35051,868,0.02476391543750535,2256,691,0.30629432624113473,1644,HellaSwag,0.5,discovery,validation
0.9480632976464581,55501,1432,0.025801336912848416,35060,757,0.02159155733029093,2264,585,0.2583922261484099,1645,HellaSwag,0.5,discovery,validation
0.9461946026383412,55505,1486,0.026772362850193677,35067,834,0.02378304388741552,2271,661,0.2910612065169529,1646,HellaSwag,0.5,discovery,validation
0.9438978545269128,55498,1548,0.027892897041334824,35062,838,0.023900519080485995,2266,628,0.27714033539276256,1647,HellaSwag,0.5,discovery,validation
0.9459938583257926,55499,1489,0.026829312239860178,35060,860,0.02452937820878494,2264,719,0.31757950530035334,1648,HellaSwag,0.5,discovery,validation
0.9504322252539944,55489,1361,0.024527383805799347,35057,778,0.02219242947200274,2262,639,0.28249336870026526,1649,HellaSwag,0.5,discovery,validation
0.9458404717922383,55498,1493,0.026901870337669827,35064,835,0.023813597992242756,2269,643,0.28338475099162624,1650,HellaSwag,0.5,discovery,validation
0.9461008155304069,55498,1488,0.02681177700097301,35059,768,0.021905930003708034,2263,583,0.25762262483429077,1651,HellaSwag,0.5,discovery,validation
0.9467361015659486,55509,1468,0.026446161883658507,35068,857,0.02443823428766967,2272,630,0.2772887323943662,1652,HellaSwag,0.5,discovery,validation
0.9410992612370089,55495,1622,0.029227858365618524,35064,866,0.024697695642254165,2268,688,0.30335097001763667,1653,HellaSwag,0.5,discovery,validation
0.9492863999343645,55501,1398,0.025188735338102015,35064,799,0.02278690394706822,2268,656,0.2892416225749559,1654,HellaSwag,0.5,discovery,validation
0.9483727750600376,55510,1428,0.025725094577553596,35070,804,0.022925577416595382,2274,669,0.2941952506596306,1655,HellaSwag,0.5,discovery,validation
0.9509016873628785,55493,1355,0.024417494098354746,35056,731,0.020852350524874486,2260,632,0.27964601769911507,1656,HellaSwag,0.5,discovery,validation
0.9457325519345228,55498,1496,0.026955926339687918,35067,843,0.024039695440157414,2271,710,0.3126376045794804,1657,HellaSwag,0.5,discovery,validation
0.9466433012023596,55503,1473,0.02653910599427058,35065,823,0.023470697276486523,2269,692,0.30498016747465845,1658,HellaSwag,0.5,discovery,validation
0.942995127969837,55509,1574,0.02835576212866382,35067,864,0.024638549063221833,2271,748,0.3293703214442977,1659,HellaSwag,0.5,discovery,validation
0.9414272392360529,55503,1616,0.02911554330396555,35066,859,0.02449666343466606,2270,713,0.3140969162995595,1660,HellaSwag,0.5,discovery,validation
0.9423182850629263,55487,1589,0.028637338475678988,35058,888,0.0253294540475783,2263,726,0.32081307998232433,1661,HellaSwag,0.5,discovery,validation
0.9455186528807806,55502,1503,0.027080105221433462,35063,819,0.0233579556797764,2267,673,0.2968681076312307,1662,HellaSwag,0.5,discovery,validation
0.9391565880166952,55495,1679,0.030254977925939276,35059,884,0.025214638181351435,2263,737,0.3256738842244808,1663,HellaSwag,0.5,discovery,validation
0.9466148796915899,55500,1471,0.026504504504504506,35068,842,0.024010493897570435,2272,656,0.2887323943661972,1664,HellaSwag,0.5,discovery,validation
0.950062514430496,55507,1379,0.024843713405516422,35068,788,0.022470628493213185,2272,619,0.27244718309859156,1665,HellaSwag,0.5,discovery,validation
0.9506637053941647,55505,1363,0.02455634627511035,35067,773,0.02204351669660935,2271,672,0.29590488771466317,1666,HellaSwag,0.5,discovery,validation
0.9516049419199484,55498,1336,0.024072939565389743,35060,723,0.020621791215059897,2264,572,0.25265017667844525,1667,HellaSwag,0.5,discovery,validation
0.9428600111302814,55491,1574,0.028364960083617163,35066,876,0.024981463525922547,2270,653,0.28766519823788544,1668,HellaSwag,0.5,discovery,validation
0.9456455366070003,55504,1500,0.02702507927356587,35064,868,0.024754734200319414,2268,661,0.2914462081128748,1669,HellaSwag,0.5,discovery,validation
0.9450850081566214,55498,1512,0.027244225017117735,35062,872,0.024870229878500943,2266,677,0.29876434245366285,1670,HellaSwag,0.5,discovery,validation
0.9497711348877675,55499,1383,0.024919367916539037,35063,817,0.023300915494966205,2267,700,0.30877812086457873,1671,HellaSwag,0.5,discovery,validation
0.9471734306998889,55502,1456,0.026233288890490432,35065,814,0.02321403108512762,2269,686,0.3023358307624504,1672,HellaSwag,0.5,discovery,validation
0.937913678773497,55508,1716,0.0309144627801398,35066,893,0.025466263617179033,2270,670,0.29515418502202645,1673,HellaSwag,0.5,discovery,validation
0.9393852338222654,55503,1674,0.030160531863142534,35061,923,0.02632554690396737,2265,690,0.304635761589404,1674,HellaSwag,0.5,discovery,validation
0.9471904674197037,55500,1456,0.026234234234234235,35069,839,0.023924263594627734,2273,692,0.3044434667839859,1675,HellaSwag,0.5,discovery,validation
0.9503939144340001,55504,1369,0.024664889017007783,35063,789,0.02250235290762342,2267,662,0.29201588001764445,1676,HellaSwag,0.5,discovery,validation
0.9421139989929488,55492,1594,0.028724861241260002,35056,897,0.025587631218621634,2261,728,0.3219814241486068,1677,HellaSwag,0.5,discovery,validation
0.9462996384788841,55500,1481,0.026684684684684684,35062,831,0.023700872739718215,2266,624,0.27537511032656664,1678,HellaSwag,0.5,discovery,validation
0.9395026922346915,55504,1669,0.030069904871720957,35066,900,0.025665887184167,2270,709,0.31233480176211453,1679,HellaSwag,0.5,discovery,validation
0.9466015855925077,55491,1470,0.02649078228901984,35055,803,0.022906860647553845,2259,677,0.29969012837538733,1680,HellaSwag,0.5,discovery,validation
0.9548700683753386,55498,1244,0.022415222170168295,35065,723,0.020618850705832026,2269,612,0.26972234464521816,1681,HellaSwag,0.5,discovery,validation
0.94684115519812,55504,1470,0.026484577688094552,35061,769,0.021933202133424604,2265,635,0.2803532008830022,1682,HellaSwag,0.5,discovery,validation
0.9403088672689397,55498,1646,0.029658726440592455,35064,896,0.025553274013232947,2268,704,0.31040564373897706,1683,HellaSwag,0.5,discovery,validation
0.9510370356799037,55495,1347,0.024272456978106136,35061,764,0.02179059353697841,2266,606,0.2674315975286849,1684,HellaSwag,0.5,discovery,validation
0.9402824214001517,55499,1647,0.029676210382169048,35065,899,0.025638100670183944,2269,692,0.30498016747465845,1685,HellaSwag,0.5,discovery,validation
0.9421996190520484,55501,1595,0.028738220932956162,35063,882,0.025154721501297665,2267,706,0.3114247904719894,1686,HellaSwag,0.5,discovery,validation
0.9463772208215842,55493,1477,0.026615969581749048,35060,849,0.0242156303479749,2264,682,0.30123674911660775,1687,HellaSwag,0.5,discovery,validation
0.9463365702076136,55501,1478,0.02663015080809355,35065,808,0.02304292029088835,2269,624,0.2750110180696342,1688,HellaSwag,0.5,discovery,validation
0.9489040913521458,55491,1406,0.02533744210772918,35062,784,0.022360390165991673,2266,600,0.264783759929391,1689,HellaSwag,0.5,discovery,validation
0.9454768157931632,55490,1501,0.027049918904307083,35056,833,0.023761980830670926,2260,706,0.3123893805309734,1690,HellaSwag,0.5,discovery,validation
0.944569888893307,55495,1530,0.027570051355978016,35069,853,0.02432347657475263,2273,723,0.31808183018037833,1691,HellaSwag,0.5,discovery,validation
0.9438069155614658,55496,1547,0.027875882946518667,35056,883,0.025188270196257415,2260,616,0.27256637168141595,1692,HellaSwag,0.5,discovery,validation
0.94506800288606,55500,1515,0.027297297297297296,35065,825,0.023527734207899616,2269,687,0.3027765535478184,1693,HellaSwag,0.5,discovery,validation
0.9445528982389212,55495,1526,0.027497972790341472,35058,888,0.0253294540475783,2262,668,0.2953138815207781,1694,HellaSwag,0.5,discovery,validation
0.9430619623032092,55500,1569,0.02827027027027027,35063,884,0.025211761686107864,2267,683,0.30127922364358184,1695,HellaSwag,0.5,discovery,validation
0.9488736142837563,55503,1410,0.025404032214474893,35064,770,0.021959844855122063,2268,632,0.2786596119929453,1696,HellaSwag,0.5,discovery,validation
0.9439233282166712,55497,1545,0.0278393426671712,35060,904,0.0257843696520251,2264,699,0.30874558303886923,1697,HellaSwag,0.5,discovery,validation
0.9416674345669264,55498,1607,0.028955998414357274,35058,917,0.02615665468651948,2262,703,0.3107869142351901,1698,HellaSwag,0.5,discovery,validation
0.9385281118869776,55497,1694,0.030524172477791593,35066,953,0.027177322762790168,2270,737,0.3246696035242291,1699,HellaSwag,0.5,discovery,validation
0.9424324112729311,55499,1588,0.02861312816447143,35064,936,0.026694045174537988,2268,687,0.3029100529100529,1700,HellaSwag,0.5,discovery,validation
0.9449221482919772,55496,1519,0.027371342078708377,35062,903,0.025754377959043978,2266,650,0.2868490732568402,1701,HellaSwag,0.5,discovery,validation
0.9488510463510407,55493,1409,0.02539058980411944,35065,784,0.02235847711393127,2269,644,0.2838254737769943,1702,HellaSwag,0.5,discovery,validation
0.9432903593072061,55506,1566,0.02821316614420063,35068,867,0.024723394547735828,2272,698,0.30721830985915494,1703,HellaSwag,0.5,discovery,validation
0.9454951055172385,55510,1507,0.027148261574491083,35069,882,0.025150417747868487,2273,720,0.3167619885613726,1704,HellaSwag,0.5,discovery,validation
0.9449191759860652,55491,1516,0.027319745544322503,35058,865,0.02467339836841805,2262,708,0.3129973474801061,1705,HellaSwag,0.5,discovery,validation
0.948365373912674,55494,1425,0.02567845172451076,35062,756,0.02156180480292054,2266,643,0.28375992939099737,1706,HellaSwag,0.5,discovery,validation
0.9423637785495506,55490,1585,0.02856370517210308,35057,865,0.024674102176455485,2262,632,0.27939876215738285,1707,HellaSwag,0.5,discovery,validation
0.946362108793876,55499,1478,0.026631110470458928,35064,851,0.024269906456764773,2268,657,0.2896825396825397,1708,HellaSwag,0.5,discovery,validation
0.9522345076966562,55497,1316,0.023712993495143882,35066,779,0.022215251240517882,2270,606,0.2669603524229075,1709,HellaSwag,0.5,discovery,validation
0.9401639000568579,55496,1650,0.029731872567392244,35061,926,0.026411112061835086,2265,746,0.3293598233995585,1710,HellaSwag,0.5,discovery,validation
0.940266583047235,55502,1648,0.029692623689236423,35066,917,0.02615068727542349,2270,692,0.3048458149779736,1711,HellaSwag,0.5,discovery,validation
0.9405236500965221,55495,1637,0.029498152986755562,35058,927,0.026441896286154374,2262,725,0.32051282051282054,1712,HellaSwag,0.5,discovery,validation
0.9402126232999486,55503,1648,0.029692088715925265,35065,945,0.026949950092685013,2269,720,0.31732040546496254,1713,HellaSwag,0.5,discovery,validation
0.9462447103758586,55498,1481,0.026685646329597464,35064,836,0.023842117271275384,2268,657,0.2896825396825397,1714,HellaSwag,0.5,discovery,validation
0.9428949658164734,55490,1574,0.028365471256082176,35064,891,0.025410677618069814,2268,662,0.29188712522045857,1715,HellaSwag,0.5,discovery,validation
0.9515878324182525,55500,1336,0.02407207207207207,35063,734,0.020933747825342953,2267,617,0.2721658579620644,1716,HellaSwag,0.5,discovery,validation
0.9451919571566294,55497,1510,0.02720867794655567,35060,859,0.024500855675984028,2264,644,0.284452296819788,1717,HellaSwag,0.5,discovery,validation
0.9520109546727415,55501,1324,0.023855426028359848,35066,751,0.02141675697256602,2270,650,0.28634361233480177,1718,HellaSwag,0.5,discovery,validation
0.942901102074079,55502,1577,0.028413390508450147,35060,829,0.023645179691956647,2264,665,0.29372791519434627,1719,HellaSwag,0.5,discovery,validation
0.9441346908774851,55504,1541,0.027763764773710002,35063,868,0.024755440207626274,2267,664,0.29289810322011467,1720,HellaSwag,0.5,discovery,validation
0.9448446560883329,55503,1523,0.027439958200457634,35063,840,0.02395687762028349,2267,683,0.30127922364358184,1721,HellaSwag,0.5,discovery,validation
0.9447062890942303,55496,1524,0.027461438662245926,35063,827,0.023586116419017197,2267,664,0.29289810322011467,1722,HellaSwag,0.5,discovery,validation
0.9459284786612527,55495,1489,0.02683124605820344,35062,818,0.023330100964006617,2266,652,0.28773168578993824,1723,HellaSwag,0.5,discovery,validation
0.94465034378441,55493,1523,0.027444902960733788,35055,789,0.022507488232777064,2259,649,0.2872952633908809,1724,HellaSwag,0.5,discovery,validation
0.9468421079485672,55505,1467,0.02643005134672552,35066,765,0.02181600410654195,2270,671,0.2955947136563877,1725,HellaSwag,0.5,discovery,validation
0.9500117180939074,55494,1376,0.024795473384510037,35059,753,0.021478079808323114,2263,646,0.28546177640300485,1726,HellaSwag,0.5,discovery,validation
0.9434671778876894,55502,1559,0.028089077871067708,35065,855,0.024383288179095963,2270,705,0.31057268722466963,1727,HellaSwag,0.5,discovery,validation
0.9475511421868145,55503,1448,0.026088679891177052,35058,810,0.023104569570426153,2262,659,0.29133510167992926,1728,HellaSwag,0.5,discovery,validation
0.9451778993850626,55504,1514,0.027277313346785816,35064,848,0.024184348619666896,2268,660,0.291005291005291,1729,HellaSwag,0.5,discovery,validation
0.9446817897453875,55501,1526,0.027495000090088467,35066,813,0.023184851423030856,2270,691,0.30440528634361236,1730,HellaSwag,0.5,discovery,validation
0.9458460844787908,55491,1494,0.026923284857003838,35057,852,0.024303277519468293,2261,717,0.31711632021229547,1731,HellaSwag,0.5,discovery,validation
0.9480471706249541,55506,1436,0.02587107700068461,35065,794,0.02264366177099672,2269,621,0.2736888497135302,1732,HellaSwag,0.5,discovery,validation
0.9455356720721417,55500,1502,0.027063063063063064,35060,813,0.023188819167142043,2265,631,0.2785871964679912,1733,HellaSwag,0.5,discovery,validation
0.9453008663787689,55498,1508,0.027172150347760278,35063,860,0.02452727946838548,2267,683,0.30127922364358184,1734,HellaSwag,0.5,discovery,validation
0.9430174985268426,55500,1574,0.02836036036036036,35063,925,0.026381085474716938,2267,695,0.3065725628584032,1735,HellaSwag,0.5,discovery,validation
0.9441741563237176,55493,1537,0.027697187032598707,35058,813,0.02319014205031662,2262,662,0.2926613616268789,1736,HellaSwag,0.5,discovery,validation
0.9467843364055383,55498,1467,0.026433384986846373,35060,849,0.0242156303479749,2264,680,0.3003533568904594,1737,HellaSwag,0.5,discovery,validation
0.95140796174072,55500,1341,0.024162162162162163,35067,740,0.021102461003222404,2271,553,0.24350506384852488,1738,HellaSwag,0.5,discovery,validation
0.9475274567675842,55509,1449,0.02610387504728963,35067,784,0.02235720192773833,2271,656,0.2888595332452664,1739,HellaSwag,0.5,discovery,validation
0.9445584129324371,55488,1527,0.027519463667820068,35063,876,0.02498360094686707,2267,676,0.29819144243493606,1740,HellaSwag,0.5,discovery,validation
0.9475483266237259,55496,1444,0.026019893325645093,35061,800,0.022817375431391004,2265,650,0.2869757174392936,1741,HellaSwag,0.5,discovery,validation
0.9492580453819334,55498,1400,0.025226134275109013,35061,715,0.02039302929180571,2266,612,0.27007943512797883,1742,HellaSwag,0.5,discovery,validation
0.9482090513257321,55506,1429,0.02574496450834144,35067,787,0.022442752445318962,2271,624,0.2747688243064729,1743,HellaSwag,0.5,discovery,validation
0.9399142254463894,55499,1657,0.029856393808897458,35061,910,0.025954764553207266,2265,729,0.3218543046357616,1744,HellaSwag,0.5,discovery,validation
0.948106866226724,55498,1429,0.025748675627950558,35065,833,0.023755881933551975,2269,684,0.3014543851917144,1745,HellaSwag,0.5,discovery,validation
0.9423118777329587,55493,1590,0.028652262447515904,35060,892,0.025442099258414147,2264,750,0.33127208480565373,1746,HellaSwag,0.5,discovery,validation
0.9417563389167509,55496,1605,0.028921003315554274,35063,906,0.02583920371902005,2267,695,0.3065725628584032,1747,HellaSwag,0.5,discovery,validation
0.9475360415941716,55490,1444,0.02602270679401694,35060,807,0.023017683970336565,2264,674,0.29770318021201414,1748,HellaSwag,0.5,discovery,validation
0.9517248897332685,55504,1334,0.024034303833957913,35061,754,0.021505376344086023,2265,660,0.2913907284768212,1749,HellaSwag,0.5,discovery,validation
0.9486776098697716,55508,1416,0.0255098364199755,35066,797,0.02272856898420122,2270,678,0.2986784140969163,1750,HellaSwag,0.5,discovery,validation
0.9436670458620717,55505,1554,0.027997477704711286,35061,894,0.025498417044579447,2266,732,0.323036187113857,1751,HellaSwag,0.5,discovery,validation
0.9414801492858631,55501,1617,0.029134610187203834,35064,866,0.024697695642254165,2268,699,0.3082010582010582,1752,HellaSwag,0.5,discovery,validation
0.9378086238236348,55497,1713,0.030866533326125736,35060,961,0.027410154021677124,2264,705,0.3113957597173145,1753,HellaSwag,0.5,discovery,validation
0.9468448997902481,55493,1462,0.026345665219036637,35063,810,0.02310127484813051,2267,647,0.2853992059991178,1754,HellaSwag,0.5,discovery,validation
0.9411130320850767,55488,1620,0.029195501730103806,35056,903,0.025758785942492014,2260,647,0.28628318584070794,1755,HellaSwag,0.5,discovery,validation
0.9504339817511764,55493,1363,0.024561656425134703,35062,724,0.020649135816553532,2266,593,0.2616946160635481,1756,HellaSwag,0.5,discovery,validation
0.9521985292171058,55497,1319,0.023767050471196642,35062,726,0.020706177628201473,2266,613,0.2705207413945278,1757,HellaSwag,0.5,discovery,validation
0.9451154368208967,55505,1515,0.0272948383028556,35062,875,0.02495579259597285,2266,673,0.2969991173874669,1758,HellaSwag,0.5,discovery,validation
0.95094116748166,55501,1354,0.024395956829606675,35068,764,0.02178624386905441,2272,634,0.2790492957746479,1759,HellaSwag,0.5,discovery,validation
0.9482166489529685,55502,1428,0.02572880256567331,35064,795,0.022672826830937715,2268,621,0.27380952380952384,1760,HellaSwag,0.5,discovery,validation
0.9474413387357282,55499,1451,0.02614461521829222,35062,808,0.023044891905766928,2266,653,0.2881729920564872,1761,HellaSwag,0.5,discovery,validation
0.9438863522878446,55493,1544,0.027823329068531168,35065,868,0.024754028233281048,2269,728,0.3208461877479066,1762,HellaSwag,0.5,discovery,validation
0.9493196387000203,55496,1397,0.0251729854403921,35064,770,0.021959844855122063,2269,643,0.28338475099162624,1763,HellaSwag,0.5,discovery,validation
0.9446228657472847,55491,1522,0.027427871186318502,35061,880,0.025099112974530106,2265,674,0.2975717439293598,1764,HellaSwag,0.5,discovery,validation
0.9473921373185742,55490,1449,0.026112813119480986,35061,781,0.02227546276489547,2265,638,0.28167770419426047,1765,HellaSwag,0.5,discovery,validation
0.9505059554333682,55493,1361,0.024525615843439715,35057,791,0.02256325412898993,2261,629,0.2781954887218045,1766,HellaSwag,0.5,discovery,validation
0.9422854003833229,55494,1590,0.028651746134717267,35066,915,0.026093651970569783,2271,732,0.32232496697490093,1767,HellaSwag,0.5,discovery,validation
0.945391767189892,55500,1507,0.027153153153153153,35065,842,0.02401254812491088,2269,720,0.31732040546496254,1768,HellaSwag,0.5,discovery,validation
0.9440587457350973,55496,1542,0.027785786362981117,35060,844,0.024073017683970337,2264,672,0.2968197879858657,1769,HellaSwag,0.5,discovery,validation
0.9471014843701737,55502,1459,0.02628734099672084,35062,810,0.023101933717414865,2266,626,0.2762577228596646,1770,HellaSwag,0.5,discovery,validation
0.9484553141059435,55493,1418,0.025552772421746885,35058,795,0.022676707170973816,2262,670,0.29619805481874445,1771,HellaSwag,0.5,discovery,validation
0.943392183602665,55494,1559,0.028093127184920894,35061,878,0.025042069535951627,2266,690,0.30450132391879964,1772,HellaSwag,0.5,discovery,validation
0.9377502070801563,55490,1712,0.03085240583888989,35056,926,0.0264148790506618,2260,707,0.31283185840707967,1773,HellaSwag,0.5,discovery,validation
0.9466546860582236,55508,1473,0.026536715428406715,35070,833,0.02375249500998004,2274,663,0.29155672823219,1774,HellaSwag,0.5,discovery,validation
0.941246321611853,55502,1623,0.029242189470649705,35066,810,0.0230992984657503,2270,613,0.27004405286343613,1775,HellaSwag,0.5,discovery,validation
0.946506968821315,55500,1476,0.026594594594594595,35062,831,0.023700872739718215,2266,722,0.31862312444836716,1776,HellaSwag,0.5,discovery,validation
0.9477508712453555,55506,1443,0.025997189493027782,35064,804,0.02292950034223135,2268,662,0.29188712522045857,1777,HellaSwag,0.5,discovery,validation
0.946391494682183,55503,1481,0.026683242347260508,35063,855,0.02438467900635998,2267,670,0.29554477282752534,1778,HellaSwag,0.5,discovery,validation
0.9433707854160281,55506,1565,0.028195150073865888,35070,881,0.02512118619903051,2274,722,0.3175021987686895,1779,HellaSwag,0.5,discovery,validation
0.9506354020605705,55502,1362,0.024539656228604375,35065,757,0.021588478539854555,2269,627,0.27633318642573823,1780,HellaSwag,0.5,discovery,validation
0.9484998062392054,55493,1419,0.02557079271259438,35058,800,0.02281932797079126,2262,676,0.2988505747126437,1781,HellaSwag,0.5,discovery,validation
0.9419118311455743,55501,1603,0.028882362479955317,35064,840,0.023956194387405885,2268,702,0.30952380952380953,1782,HellaSwag,0.5,discovery,validation
0.9423298573957425,55492,1590,0.02865277877892309,35059,893,0.02547134829858239,2265,703,0.31037527593818987,1783,HellaSwag,0.5,discovery,validation
0.9437529529019141,55497,1552,0.027965475611294303,35059,820,0.023389144014375765,2263,660,0.29164825452938575,1784,HellaSwag,0.5,discovery,validation
0.9545814599186474,55497,1249,0.022505721029965585,35063,733,0.020905227732937855,2267,643,0.28363475959417733,1785,HellaSwag,0.5,discovery,validation
0.9510756391052839,55500,1348,0.024288288288288287,35066,757,0.02158786288712713,2270,595,0.2621145374449339,1786,HellaSwag,0.5,discovery,validation
0.9389344775878458,55501,1683,0.030323777949946847,35063,938,0.02675184667598323,2267,706,0.3114247904719894,1787,HellaSwag,0.5,discovery,validation
0.9441666710547073,55496,1540,0.027749747729566093,35066,898,0.025608851879313294,2270,676,0.29779735682819386,1788,HellaSwag,0.5,discovery,validation
0.9423910654416308,55506,1591,0.028663567902569093,35067,900,0.02566515527418941,2271,663,0.2919418758256275,1789,HellaSwag,0.5,discovery,validation
0.9382465491492109,55493,1700,0.030634494440740272,35064,962,0.027435546429386264,2268,686,0.30246913580246915,1790,HellaSwag,0.5,discovery,validation
0.9519826882226802,55497,1321,0.023803088455231814,35062,785,0.02238891107181564,2266,640,0.2824360105913504,1791,HellaSwag,0.5,discovery,validation
0.9383357900981278,55507,1706,0.03073486226962365,35067,912,0.026007357344511935,2271,703,0.3095552619991193,1792,HellaSwag,0.5,discovery,validation
0.947143125203683,55495,1455,0.02621857825029282,35065,811,0.023128475688007986,2269,688,0.3032172763331864,1793,HellaSwag,0.5,discovery,validation
0.9430609381368744,55498,1571,0.028307326390140185,35064,881,0.025125484827743554,2268,686,0.30246913580246915,1794,HellaSwag,0.5,discovery,validation
0.9415785527627545,55500,1612,0.029045045045045046,35068,906,0.02583551956199384,2272,677,0.29797535211267606,1795,HellaSwag,0.5,discovery,validation
0.9449846033970353,55498,1516,0.027316299686475188,35057,796,0.02270587899706193,2261,605,0.26758071649712517,1796,HellaSwag,0.5,discovery,validation
0.9470304840403748,55505,1460,0.026303936582289883,35065,842,0.02401254812491088,2269,665,0.29308065226972235,1797,HellaSwag,0.5,discovery,validation
0.9474612124937701,55502,1448,0.026089149940542684,35066,837,0.023869275081275308,2270,685,0.30176211453744495,1798,HellaSwag,0.5,discovery,validation
0.9497873321930801,55496,1383,0.024920715006486953,35063,783,0.022331232353192825,2267,590,0.2602558447287164,1799,HellaSwag,0.5,discovery,validation
0.9440172871580359,55503,1545,0.027836333171179936,35064,829,0.023642482318047,2268,687,0.3029100529100529,1800,HellaSwag,0.5,discovery,validation
0.9516357385935114,55486,1332,0.024006055581588148,35054,723,0.020625320933417013,2258,614,0.27192205491585475,1801,HellaSwag,0.5,discovery,validation
0.9452269562055672,55494,1508,0.027174108912675243,35063,853,0.02432763882154978,2267,715,0.3153947948831054,1802,HellaSwag,0.5,discovery,validation
0.9408728217012963,55493,1628,0.029337033499720687,35058,915,0.026099606366592504,2262,717,0.3169761273209549,1803,HellaSwag,0.5,discovery,validation
0.942441124419845,55481,1580,0.028478217768244985,35057,885,0.025244601648743474,2261,691,0.3056169836355595,1804,HellaSwag,0.5,discovery,validation
0.9430460140368047,55503,1572,0.028322793362520946,35066,872,0.024867392916215137,2270,677,0.2982378854625551,1805,HellaSwag,0.5,discovery,validation
0.9447972160012313,55498,1520,0.02738837435583264,35063,844,0.02407095798990389,2267,681,0.3003970004411116,1806,HellaSwag,0.5,discovery,validation
0.9467379331184334,55494,1467,0.026435290301654233,35058,847,0.024159963489075245,2262,638,0.28205128205128205,1807,HellaSwag,0.5,discovery,validation
0.9424049182908699,55499,1588,0.02861312816447143,35066,874,0.024924428221068842,2270,732,0.3224669603524229,1808,HellaSwag,0.5,discovery,validation
0.9376911300338909,55496,1722,0.031029263370333,35063,970,0.02766448963294641,2267,690,0.3043670048522276,1809,HellaSwag,0.5,discovery,validation
0.9445813730675232,55498,1528,0.02753252369454755,35064,844,0.02407027150353639,2268,660,0.291005291005291,1810,HellaSwag,0.5,discovery,validation
0.9419721810222135,55496,1599,0.028812887415309213,35062,896,0.025554731618276195,2266,733,0.323477493380406,1811,HellaSwag,0.5,discovery,validation
0.94398231271258,55506,1548,0.02788887687817533,35067,862,0.024581515384834746,2271,669,0.29458388375165123,1812,HellaSwag,0.5,discovery,validation
0.9460572856110541,55501,1488,0.02681032774184249,35064,804,0.02292950034223135,2268,694,0.30599647266313934,1813,HellaSwag,0.5,discovery,validation
0.9389290022110263,55490,1684,0.030347810416291223,35059,1002,0.028580393051712828,2263,660,0.29164825452938575,1814,HellaSwag,0.5,discovery,validation
0.9479629722246373,55498,1432,0.02580273162996865,35064,795,0.022672826830937715,2268,634,0.2795414462081129,1815,HellaSwag,0.5,discovery,validation
0.9410939658389591,55502,1624,0.029260206839393173,35062,875,0.02495579259597285,2266,679,0.2996469549867608,1816,HellaSwag,0.5,discovery,validation
0.9402189303124714,55497,1650,0.029731336829017786,35067,903,0.02575070579177004,2271,718,0.31616028181417877,1817,HellaSwag,0.5,discovery,validation
0.9456275590669136,55505,1502,0.0270606251689037,35066,821,0.023412992642445674,2270,641,0.2823788546255507,1818,HellaSwag,0.5,discovery,validation
0.9488074512022554,55496,1411,0.025425255874297246,35061,824,0.023501896694332735,2265,634,0.27991169977924946,1819,HellaSwag,0.5,discovery,validation
0.9474640975812744,55490,1446,0.02605874932420256,35060,849,0.0242156303479749,2264,659,0.2910777385159011,1820,HellaSwag,0.5,discovery,validation
0.9467568742836324,55496,1466,0.026416318293210322,35061,853,0.02432902655372066,2265,639,0.28211920529801326,1821,HellaSwag,0.5,discovery,validation
0.9466735390414249,55492,1470,0.026490304908815685,35057,772,0.022021279630316342,2261,599,0.2649270234409553,1822,HellaSwag,0.5,discovery,validation
0.9477215461348136,55502,1441,0.025963028359338402,35060,829,0.023645179691956647,2264,675,0.29814487632508835,1823,HellaSwag,0.5,discovery,validation
0.9519878529604897,55509,1327,0.023906033255868417,35070,711,0.020273738237810094,2274,595,0.2616534740545295,1824,HellaSwag,0.5,discovery,validation
0.9445424060243776,55494,1528,0.027534508235124516,35060,799,0.022789503707929263,2264,648,0.2862190812720848,1825,HellaSwag,0.5,discovery,validation
0.9489873308784412,55496,1404,0.025299120657344673,35064,762,0.021731690622861052,2268,642,0.2830687830687831,1826,HellaSwag,0.5,discovery,validation
0.943717982232049,55498,1553,0.02798299037803164,35063,861,0.024555799560790577,2268,656,0.2892416225749559,1827,HellaSwag,0.5,discovery,validation
0.9484400995505242,55499,1423,0.025640101623452673,35068,765,0.021814759895061025,2272,601,0.26452464788732394,1828,HellaSwag,0.5,discovery,validation
0.9479166009292275,55496,1431,0.025785642208447455,35064,840,0.023956194387405885,2268,681,0.3002645502645503,1829,HellaSwag,0.5,discovery,validation
0.9410093226619944,55497,1627,0.029316900012613296,35060,954,0.027210496292070736,2264,725,0.3202296819787986,1830,HellaSwag,0.5,discovery,validation
0.9390031416776555,55496,1682,0.03030849070203258,35064,990,0.028234086242299793,2268,729,0.32142857142857145,1831,HellaSwag,0.5,discovery,validation
0.9396095245499435,55501,1666,0.030017477162573646,35064,915,0.02609514031485284,2268,732,0.32275132275132273,1832,HellaSwag,0.5,discovery,validation
0.9436080381235671,55494,1553,0.02798500738818611,35056,848,0.024189867640346873,2261,652,0.28836797877045556,1833,HellaSwag,0.5,discovery,validation
0.943042958983767,55498,1572,0.028325345057479547,35062,852,0.02429981176202156,2266,731,0.32259488084730803,1834,HellaSwag,0.5,discovery,validation
0.9459019658400826,55496,1491,0.026866801210898083,35062,809,0.023073412811590897,2266,692,0.3053839364518976,1835,HellaSwag,0.5,discovery,validation
0.9489153765208878,55496,1407,0.025353178607467206,35063,804,0.022930154293699913,2267,679,0.2995147772386414,1836,HellaSwag,0.5,discovery,validation
0.95080495064968,55498,1356,0.024433312912177017,35055,795,0.02267864783910997,2259,671,0.2970340858787074,1837,HellaSwag,0.5,discovery,validation
0.9388412507869789,55495,1686,0.030381115415803225,35058,891,0.025415026527468767,2262,681,0.3010610079575597,1838,HellaSwag,0.5,discovery,validation
0.943909365275192,55503,1550,0.02792641839179864,35069,861,0.024551598277681143,2273,706,0.31060272767267927,1839,HellaSwag,0.5,discovery,validation
0.9494702823837974,55490,1390,0.025049558479005227,35059,787,0.022447873584528936,2263,609,0.2691117984975696,1840,HellaSwag,0.5,discovery,validation
0.9400993246734796,55492,1650,0.02973401571397679,35060,905,0.025812892184826013,2264,690,0.3047703180212014,1841,HellaSwag,0.5,discovery,validation
0.9494455566975486,55495,1391,0.02506532120010812,35067,796,0.022699403998060856,2271,620,0.27300748568912375,1842,HellaSwag,0.5,discovery,validation
0.9422746693162622,55508,1594,0.028716581393672985,35069,879,0.025064872109270296,2273,702,0.3088429388473383,1843,HellaSwag,0.5,discovery,validation
0.9440152668152187,55499,1544,0.02782032108686643,35066,835,0.023812239776421606,2270,692,0.3048458149779736,1844,HellaSwag,0.5,discovery,validation
0.947141243981636,55510,1459,0.02628355251306071,35068,797,0.022727272727272728,2272,649,0.28565140845070425,1845,HellaSwag,0.5,discovery,validation
0.9415520929117307,55501,1611,0.029026504026954468,35065,920,0.026236988450021387,2269,743,0.32745702952842665,1846,HellaSwag,0.5,discovery,validation
0.9555363917813205,55500,1227,0.022108108108108107,35066,686,0.019563109564820623,2270,591,0.260352422907489,1847,HellaSwag,0.5,discovery,validation
0.9484230325295508,55501,1423,0.02563917767247437,35067,820,0.023383808138705907,2271,641,0.28225451343020697,1848,HellaSwag,0.5,discovery,validation
0.9490102131835533,55487,1402,0.02526717969974949,35054,779,0.02222285616477435,2258,629,0.2785651018600531,1849,HellaSwag,0.5,discovery,validation
0.944999603855071,55489,1513,0.02726666546522734,35060,829,0.023645179691956647,2264,616,0.27208480565371024,1850,HellaSwag,0.5,discovery,validation
0.9454522839849924,55495,1500,0.027029462113703936,35062,872,0.024870229878500943,2266,682,0.30097087378640774,1851,HellaSwag,0.5,discovery,validation
0.9475672458165053,55498,1446,0.026054992972719737,35063,787,0.02244531272281322,2268,628,0.2768959435626102,1852,HellaSwag,0.5,discovery,validation
0.9447347495176673,55499,1523,0.02744193589073677,35062,873,0.02489875078432491,2266,698,0.30803177405119153,1853,HellaSwag,0.5,discovery,validation
0.9470863433430584,55508,1462,0.02633854579520069,35068,812,0.02315501311737196,2272,625,0.27508802816901406,1854,HellaSwag,0.5,discovery,validation
0.9413172206902763,55499,1618,0.02915367844465666,35061,892,0.02544137360600097,2265,689,0.30419426048565124,1855,HellaSwag,0.5,discovery,validation
0.9447991983042135,55502,1523,0.027440452596302838,35061,844,0.02407233108011751,2265,716,0.3161147902869757,1856,HellaSwag,0.5,discovery,validation
0.9484031896688728,55498,1422,0.02562254495657501,35064,776,0.02213096052931782,2268,648,0.2857142857142857,1857,HellaSwag,0.5,discovery,validation
0.9433942159166214,55498,1561,0.02812713971674655,35062,829,0.023643830928070275,2266,633,0.2793468667255075,1858,HellaSwag,0.5,discovery,validation
0.9496555723160044,55502,1389,0.02502612518467803,35063,794,0.022644953369648918,2267,642,0.2831936479929422,1859,HellaSwag,0.5,discovery,validation
0.9509411767111993,55501,1353,0.02437793913623178,35062,725,0.020677656722377504,2266,624,0.27537511032656664,1860,HellaSwag,0.5,discovery,validation
0.9416124340730249,55496,1608,0.028975061265676807,35066,848,0.024182969257970685,2270,688,0.3030837004405286,1861,HellaSwag,0.5,discovery,validation
0.9450075260476355,55505,1516,0.027312854697774974,35068,841,0.02398197787156382,2272,663,0.2918133802816901,1862,HellaSwag,0.5,discovery,validation
0.9405532924289908,55501,1641,0.029567034828201295,35064,911,0.025981063198722336,2268,648,0.2857142857142857,1863,HellaSwag,0.5,discovery,validation
0.9441116986723387,55494,1539,0.027732727862471617,35056,858,0.02447512551346417,2260,684,0.30265486725663715,1864,HellaSwag,0.5,discovery,validation
0.9430290495738374,55505,1572,0.028321772813260065,35063,904,0.02578216353420985,2267,733,0.32333480370533746,1865,HellaSwag,0.5,discovery,validation
0.9493111026892058,55496,1395,0.02513694680697708,35057,828,0.02361867815272271,2261,630,0.2786377708978328,1866,HellaSwag,0.5,discovery,validation
0.9395703054617619,55496,1667,0.030038200951419923,35061,908,0.02589772111462879,2265,735,0.32450331125827814,1867,HellaSwag,0.5,discovery,validation
0.9460412398069556,55504,1491,0.026862928797924474,35066,826,0.023555580904579935,2270,676,0.29779735682819386,1868,HellaSwag,0.5,discovery,validation
0.9427096633791581,55498,1580,0.028469494396194457,35062,860,0.024527979008613313,2267,690,0.3043670048522276,1869,HellaSwag,0.5,discovery,validation
0.9452014377008234,55498,1510,0.027208187682439006,35066,838,0.023897792733702163,2270,683,0.30088105726872244,1870,HellaSwag,0.5,discovery,validation
0.9429645559209558,55502,1572,0.0283233036647328,35066,880,0.025095534135629954,2271,669,0.29458388375165123,1871,HellaSwag,0.5,discovery,validation
0.9468723667043976,55493,1462,0.026345665219036637,35065,808,0.02304292029088835,2269,698,0.3076245041868665,1872,HellaSwag,0.5,discovery,validation
0.9451834402177817,55497,1511,0.027226696938573255,35062,815,0.02324453824653471,2266,682,0.30097087378640774,1873,HellaSwag,0.5,discovery,validation
0.9451559864844655,55497,1512,0.027244715930590843,35058,860,0.024530777568600604,2262,721,0.3187444739168877,1874,HellaSwag,0.5,discovery,validation
0.9515347358820252,55503,1337,0.024088787993441794,35064,800,0.022815423226100844,2268,653,0.2879188712522046,1875,HellaSwag,0.5,discovery,validation
0.9440747261066745,55494,1540,0.02775074782859408,35063,863,0.024612839745600777,2267,663,0.29245699161887956,1876,HellaSwag,0.5,discovery,validation
0.9487327582655626,55491,1412,0.02544556774972518,35054,788,0.022479602898385347,2258,600,0.2657218777679362,1877,HellaSwag,0.5,discovery,validation
0.9449640342792016,55508,1518,0.02734740938243136,35067,862,0.024581515384834746,2271,676,0.29766622633201234,1878,HellaSwag,0.5,discovery,validation
0.9375061995510362,55503,1723,0.031043367025205843,35065,911,0.025980322258662484,2269,712,0.3137946231820185,1879,HellaSwag,0.5,discovery,validation
0.9404517080612629,55495,1642,0.029588251193801242,35062,886,0.025269522560036506,2266,705,0.31112091791703445,1880,HellaSwag,0.5,discovery,validation
0.9498165556886607,55500,1385,0.024954954954954953,35067,785,0.022385718766931875,2271,667,0.29370321444297665,1881,HellaSwag,0.5,discovery,validation
0.9449251078962906,55503,1520,0.02738590706808641,35065,857,0.024440325110509056,2269,553,0.24371970030850595,1882,HellaSwag,0.5,discovery,validation
0.9466129697233998,55496,1473,0.026542453510162895,35060,794,0.0226468910439247,2264,651,0.2875441696113074,1883,HellaSwag,0.5,discovery,validation
0.9430609421034841,55497,1569,0.028271798475593274,35063,869,0.024783960300031372,2267,718,0.3167181296868108,1884,HellaSwag,0.5,discovery,validation
0.936233004569843,55495,1759,0.03169654923867015,35060,932,0.026583000570450654,2264,679,0.2999116607773852,1885,HellaSwag,0.5,discovery,validation
0.9439063418629096,55499,1549,0.027910412800230634,35062,838,0.023900519080485995,2266,612,0.27007943512797883,1886,HellaSwag,0.5,discovery,validation
0.9481910652286641,55506,1431,0.02578099664901092,35062,798,0.02275968284752724,2266,663,0.2925860547219771,1887,HellaSwag,0.5,discovery,validation
0.9494671726111917,55504,1394,0.02511530700490055,35066,765,0.02181600410654195,2270,616,0.2713656387665198,1888,HellaSwag,0.5,discovery,validation
0.9409553595169857,55495,1630,0.029372015496891613,35059,843,0.024045180980632647,2263,664,0.29341581970835173,1889,HellaSwag,0.5,discovery,validation
0.9440417561807496,55498,1544,0.027820822371977368,35058,812,0.02316161789035313,2262,681,0.3010610079575597,1890,HellaSwag,0.5,discovery,validation
0.9436355290524187,55496,1554,0.02800201816347124,35064,858,0.024469541409993155,2268,725,0.31966490299823636,1891,HellaSwag,0.5,discovery,validation
0.9407649297376329,55510,1636,0.02947216717708521,35067,903,0.02575070579177004,2271,727,0.32012329370321446,1892,HellaSwag,0.5,discovery,validation
0.9467568701482428,55497,1466,0.026415842297781864,35063,836,0.023842797250663093,2267,643,0.28363475959417733,1893,HellaSwag,0.5,discovery,validation
0.9472737660042435,55505,1455,0.026213854607693002,35064,809,0.02307209673739448,2268,642,0.2830687830687831,1894,HellaSwag,0.5,discovery,validation
0.9477944321190617,55503,1438,0.025908509449939644,35065,807,0.023014401825181805,2269,671,0.2957249889819304,1895,HellaSwag,0.5,discovery,validation
0.9488888569071525,55497,1407,0.025352721768744257,35061,758,0.021619463221242977,2265,649,0.2865342163355408,1896,HellaSwag,0.5,discovery,validation
0.9507312331604382,55494,1357,0.024453094028183228,35063,780,0.022245672075977527,2267,647,0.2853992059991178,1897,HellaSwag,0.5,discovery,validation
0.9451880329998311,55489,1508,0.027176557515904053,35057,943,0.02689905011837864,2261,737,0.32596196373286157,1898,HellaSwag,0.5,discovery,validation
0.9457211193782711,55493,1496,0.02695835510785144,35057,807,0.023019653706820322,2261,647,0.286156567890314,1899,HellaSwag,0.5,discovery,validation
0.9493772405080044,55503,1398,0.02518782768499,35062,780,0.022246306542695795,2266,678,0.2992056487202118,1900,HellaSwag,0.5,discovery,validation
0.9389767066132796,55496,1681,0.03029047138532507,35061,931,0.02655372065828128,2265,729,0.3218543046357616,1901,HellaSwag,0.5,discovery,validation
0.9523741131965063,55508,1313,0.02365424803631909,35064,745,0.02124686287930641,2268,644,0.2839506172839506,1902,HellaSwag,0.5,discovery,validation
0.945895414016482,55500,1492,0.02688288288288288,35065,800,0.02281477256523599,2269,663,0.29219920669898636,1903,HellaSwag,0.5,discovery,validation
0.9410315379834365,55503,1628,0.029331747833450446,35065,874,0.02492513902752032,2269,675,0.2974878801234024,1904,HellaSwag,0.5,discovery,validation
0.9467493151746068,55499,1470,0.0264869637290762,35064,842,0.024013232945471138,2268,670,0.29541446208112876,1905,HellaSwag,0.5,discovery,validation
0.9431339145409962,55500,1569,0.02827027027027027,35060,872,0.024871648602395893,2264,709,0.3131625441696113,1906,HellaSwag,0.5,discovery,validation
0.9430080010999494,55499,1570,0.028288797996360294,35064,858,0.024469541409993155,2268,698,0.30776014109347444,1907,HellaSwag,0.5,discovery,validation
0.9511252266068149,55490,1344,0.024220580284735987,35060,766,0.021848260125499144,2264,624,0.2756183745583039,1908,HellaSwag,0.5,discovery,validation
0.9429309486807526,55490,1571,0.02831140746080375,35061,831,0.023701548729357407,2265,664,0.29315673289183225,1909,HellaSwag,0.5,discovery,validation
0.9435455862033214,55496,1557,0.028056076113593773,35063,829,0.023643156603827396,2268,640,0.2821869488536155,1910,HellaSwag,0.5,discovery,validation
0.9523629863338258,55503,1311,0.02362034484622453,35063,762,0.021732310412685737,2267,627,0.27657697397441555,1911,HellaSwag,0.5,discovery,validation
0.9439623199792023,55501,1545,0.027837336264211456,35061,892,0.02544137360600097,2265,704,0.3108167770419426,1912,HellaSwag,0.5,discovery,validation
0.9494977073028316,55492,1390,0.025048655662077417,35058,791,0.02256261053111986,2262,634,0.28028293545534927,1913,HellaSwag,0.5,discovery,validation
0.9444809473792355,55495,1529,0.02755203171456888,35064,813,0.023186173853524984,2268,671,0.2958553791887125,1914,HellaSwag,0.5,discovery,validation
0.9516615094636252,55504,1334,0.024034303833957913,35065,756,0.02155996007414801,2269,604,0.2661965623622741,1915,HellaSwag,0.5,discovery,validation
0.9442765886555186,55500,1538,0.02771171171171171,35065,843,0.024041066590617426,2269,694,0.30586161304539444,1916,HellaSwag,0.5,discovery,validation
0.9480803505255259,55499,1432,0.025802266707508244,35066,776,0.022129698283237322,2270,664,0.29251101321585904,1917,HellaSwag,0.5,discovery,validation
0.946946218639263,55497,1460,0.026307728345676344,35058,873,0.024901591648125963,2262,636,0.28116710875331563,1918,HellaSwag,0.5,discovery,validation
0.9442016424859341,55495,1538,0.027714208487251105,35064,877,0.02501140771161305,2268,746,0.3289241622574956,1919,HellaSwag,0.5,discovery,validation
0.9456226847552067,55494,1500,0.027029949183695536,35062,862,0.02458502082026125,2266,718,0.31685789938217124,1920,HellaSwag,0.5,discovery,validation
0.944661824214341,55498,1527,0.02751450502720819,35058,852,0.024302584288892693,2262,651,0.28779840848806365,1921,HellaSwag,0.5,discovery,validation
0.9488092854252403,55500,1410,0.025405405405405406,35063,791,0.02255939309243362,2267,661,0.29157476841640934,1922,HellaSwag,0.5,discovery,validation
0.9514422019813791,55496,1337,0.024091826437941475,35065,714,0.020362184514473122,2269,623,0.2745702952842662,1923,HellaSwag,0.5,discovery,validation
0.9505472439445668,55505,1367,0.024628411854787858,35064,807,0.023015058179329227,2268,657,0.2896825396825397,1924,HellaSwag,0.5,discovery,validation
0.9517668438374163,55497,1327,0.023911202407337333,35063,798,0.022759033739269314,2267,625,0.27569475077194533,1925,HellaSwag,0.5,discovery,validation
0.9474763764109901,55496,1445,0.0260379126423526,35060,815,0.023245864232743867,2264,641,0.2831272084805654,1926,HellaSwag,0.5,discovery,validation
0.9452553998747044,55497,1508,0.027172639962520496,35061,827,0.02358746185220045,2266,681,0.30052956751985876,1927,HellaSwag,0.5,discovery,validation
0.9463659473440705,55507,1482,0.02669933521898139,35062,773,0.02204666020192801,2266,622,0.2744924977934687,1928,HellaSwag,0.5,discovery,validation
0.9451834503095298,55497,1509,0.027190658954538083,35063,821,0.0234149958645866,2267,685,0.30216144684605206,1929,HellaSwag,0.5,discovery,validation
0.9413500388376399,55494,1616,0.029120265253901323,35059,909,0.025927721840326306,2263,666,0.29429960229783475,1930,HellaSwag,0.5,discovery,validation
0.9446853403059154,55490,1523,0.02744638673634889,35059,831,0.023702900824324708,2263,679,0.30004418912947417,1931,HellaSwag,0.5,discovery,validation
0.9453404551797728,55487,1503,0.027087425883540288,35062,842,0.024014602703781873,2266,691,0.3049426301853486,1932,HellaSwag,0.5,discovery,validation
0.9387619479728876,55498,1691,0.030469566470863813,35061,894,0.025498417044579447,2265,717,0.3165562913907285,1933,HellaSwag,0.5,discovery,validation
0.9483842815171846,55496,1422,0.02562346835807986,35058,836,0.023846197729476867,2262,676,0.2988505747126437,1934,HellaSwag,0.5,discovery,validation
0.9477849745024677,55502,1437,0.025890958884364528,35064,815,0.023243212411590233,2268,629,0.27733686067019403,1935,HellaSwag,0.5,discovery,validation
0.9421012109499334,55502,1597,0.02877373788331952,35066,865,0.02466776934922717,2271,703,0.3095552619991193,1936,HellaSwag,0.5,discovery,validation
0.9481400644786239,55493,1427,0.025714955039374335,35062,792,0.022588557412583424,2266,617,0.2722859664607237,1937,HellaSwag,0.5,discovery,validation
0.9417193154839136,55495,1604,0.028903504820254076,35057,866,0.024702627150069885,2261,689,0.30473241928350286,1938,HellaSwag,0.5,discovery,validation
0.9460677391107084,55503,1487,0.026791344612002953,35067,833,0.023754527048221976,2271,686,0.3020695728753853,1939,HellaSwag,0.5,discovery,validation
0.9454692868405384,55493,1501,0.027048456562088912,35060,861,0.024557900741585852,2264,684,0.30212014134275617,1940,HellaSwag,0.5,discovery,validation
0.9444639586302932,55497,1530,0.0275690577869074,35062,889,0.025355085277508415,2266,709,0.31288614298323036,1941,HellaSwag,0.5,discovery,validation
0.9490440285177782,55502,1403,0.02527836834708659,35063,823,0.0234720360493968,2267,614,0.27084252315835905,1942,HellaSwag,0.5,discovery,validation
0.9496672507385154,55488,1383,0.02492430795847751,35061,784,0.022361027922763184,2266,637,0.28111209179170343,1943,HellaSwag,0.5,discovery,validation
0.9472160295098032,55498,1454,0.026199142311434647,35063,810,0.02310127484813051,2267,612,0.2699602999558888,1944,HellaSwag,0.5,discovery,validation
0.9465410156827871,55496,1472,0.026524434193455383,35068,833,0.023753849663510893,2272,651,0.28653169014084506,1945,HellaSwag,0.5,discovery,validation
0.9471052646383753,55491,1455,0.026220468184029844,35054,811,0.02313573343983568,2259,640,0.283311199645861,1946,HellaSwag,0.5,discovery,validation
0.9392784065021264,55504,1674,0.03015998846929951,35065,950,0.02709254242121774,2269,765,0.3371529308065227,1947,HellaSwag,0.5,discovery,validation
0.9486388700834353,55503,1418,0.02554816856746482,35068,800,0.022812820805292573,2272,631,0.2777288732394366,1948,HellaSwag,0.5,discovery,validation
0.9367523817052696,55491,1745,0.031446540880503145,35055,899,0.02564541434888033,2259,699,0.3094289508632138,1949,HellaSwag,0.5,discovery,validation
0.9522302256842837,55508,1319,0.023762340563522374,35062,705,0.020107238605898123,2266,632,0.27890556045895853,1950,HellaSwag,0.5,discovery,validation
0.9469234767062878,55487,1463,0.02636653630580136,35056,760,0.021679598356914652,2260,642,0.28407079646017697,1951,HellaSwag,0.5,discovery,validation
0.9525488622481731,55496,1306,0.02353322762000865,35057,733,0.020908805659354764,2261,603,0.26669615214506853,1952,HellaSwag,0.5,discovery,validation
0.9514216029844567,55490,1336,0.024076410163993513,35058,742,0.021164926692908894,2262,594,0.2625994694960212,1953,HellaSwag,0.5,discovery,validation
0.9450264926490621,55507,1519,0.027365917812167833,35067,860,0.024524481706447658,2271,630,0.2774108322324967,1954,HellaSwag,0.5,discovery,validation
0.9417225617103492,55484,1602,0.0288731886670031,35057,840,0.023960977836095503,2261,675,0.29854046881910656,1955,HellaSwag,0.5,discovery,validation
0.9477868431158244,55506,1444,0.02601520556336252,35065,834,0.02378440039925852,2269,709,0.3124724548259145,1956,HellaSwag,0.5,discovery,validation
0.9422895436272524,55502,1591,0.028665633670858708,35068,916,0.026120679822059997,2273,698,0.3070831500219974,1957,HellaSwag,0.5,discovery,validation
0.9510414168275821,55504,1348,0.02428653790717786,35066,793,0.02261449837449381,2271,639,0.2813738441215324,1958,HellaSwag,0.5,discovery,validation
0.9492153562735467,55504,1402,0.025259440761026233,35070,788,0.022469347020245223,2274,640,0.28144239226033424,1959,HellaSwag,0.5,discovery,validation
0.9449575173601319,55514,1520,0.027380480599488416,35071,872,0.024863847623392547,2275,722,0.31736263736263737,1960,HellaSwag,0.5,discovery,validation
0.9441496795581044,55498,1542,0.027784785037298643,35057,790,0.022534729155375532,2261,642,0.2839451570101725,1961,HellaSwag,0.5,discovery,validation
0.9389132022939463,55495,1683,0.030327056491575816,35054,935,0.02667313288069835,2258,695,0.3077945084145261,1962,HellaSwag,0.5,discovery,validation
0.9477755097399841,55501,1443,0.025999531539972254,35062,843,0.02404312360960584,2266,726,0.32038834951456313,1963,HellaSwag,0.5,discovery,validation
0.9455906079281358,55502,1499,0.02700803574645959,35063,820,0.023386475772181503,2267,643,0.28363475959417733,1964,HellaSwag,0.5,discovery,validation
0.9435116353339364,55499,1557,0.02805455954161336,35067,890,0.02537998688225397,2271,681,0.2998678996036988,1965,HellaSwag,0.5,discovery,validation
0.9325826745294703,55496,1859,0.03349790975926193,35061,1055,0.030090413850146887,2266,754,0.3327449249779347,1966,HellaSwag,0.5,discovery,validation
0.9497823848613874,55504,1386,0.024971173248774865,35064,737,0.021018708647045404,2268,605,0.26675485008818345,1967,HellaSwag,0.5,discovery,validation
0.9415785565706016,55500,1612,0.029045045045045046,35064,908,0.02589550536162446,2268,723,0.3187830687830688,1968,HellaSwag,0.5,discovery,validation
0.9499680893244034,55497,1378,0.024830171000234248,35060,725,0.020678836280661722,2264,630,0.2782685512367491,1969,HellaSwag,0.5,discovery,validation
0.9428532935834736,55513,1579,0.02844378794156324,35072,861,0.024549498175182483,2276,648,0.28471001757469244,1970,HellaSwag,0.5,discovery,validation
0.9420780311278135,55492,1596,0.02876090247242846,35063,866,0.024698400022816074,2268,700,0.30864197530864196,1971,HellaSwag,0.5,discovery,validation
0.945075529936851,55497,1515,0.027298772906643603,35066,812,0.023156333770604005,2270,639,0.28149779735682817,1972,HellaSwag,0.5,discovery,validation
0.9456766439488791,55495,1496,0.026957383548067395,35060,849,0.0242156303479749,2264,657,0.29019434628975266,1973,HellaSwag,0.5,discovery,validation
0.9466158431227623,55503,1474,0.02655712303839432,35069,841,0.023981294020359863,2273,694,0.30532336119665643,1974,HellaSwag,0.5,discovery,validation
0.9457695018495147,55501,1498,0.026990504675591432,35060,776,0.02213348545350827,2264,631,0.2787102473498233,1975,HellaSwag,0.5,discovery,validation
0.9430036094766208,55509,1575,0.028373777225314815,35069,833,0.023753172317431348,2273,694,0.30532336119665643,1976,HellaSwag,0.5,discovery,validation
0.9437794307724419,55496,1551,0.02794796021334871,35065,841,0.023984029659204334,2270,663,0.2920704845814978,1977,HellaSwag,0.5,discovery,validation
0.9469121496967356,55501,1465,0.026395920794219922,35065,822,0.02344217881077998,2269,710,0.3129131776112825,1978,HellaSwag,0.5,discovery,validation
0.9506003171113528,55503,1363,0.024557231140659063,35063,705,0.020106665145595073,2267,628,0.27701808557565066,1979,HellaSwag,0.5,discovery,validation
0.946325161525263,55496,1476,0.026596511460285428,35062,801,0.022845245564999145,2266,678,0.2992056487202118,1980,HellaSwag,0.5,discovery,validation
0.9492616927223145,55506,1401,0.02524051453896876,35063,799,0.022787553831674415,2267,653,0.28804587560652845,1981,HellaSwag,0.5,discovery,validation
0.9463876451609063,55495,1477,0.02661501036129381,35056,828,0.023619351894112278,2260,702,0.3106194690265487,1982,HellaSwag,0.5,discovery,validation
0.9485224147158551,55503,1420,0.025584202655712304,35067,795,0.022670887158867312,2271,643,0.28313518273888155,1983,HellaSwag,0.5,discovery,validation
0.9457930797947139,55493,1492,0.026886273944461463,35064,835,0.023813597992242756,2268,679,0.2993827160493827,1984,HellaSwag,0.5,discovery,validation
0.9457874887554665,55500,1496,0.026954954954954955,35062,828,0.023615310022246306,2266,666,0.293909973521624,1985,HellaSwag,0.5,discovery,validation
0.9434926394963484,55497,1559,0.02809160855541741,35065,881,0.025124768287466133,2269,686,0.3023358307624504,1986,HellaSwag,0.5,discovery,validation
0.9436385552262426,55501,1554,0.027999495504585505,35068,838,0.02389642979354397,2272,679,0.2988556338028169,1987,HellaSwag,0.5,discovery,validation
0.9448956560231575,55497,1521,0.027406886858749122,35061,807,0.023017027466415676,2265,660,0.2913907284768212,1988,HellaSwag,0.5,discovery,validation
0.9481257865291952,55500,1430,0.025765765765765766,35065,821,0.023413660345073434,2269,702,0.3093873953283385,1989,HellaSwag,0.5,discovery,validation
0.939064757922103,55508,1685,0.03035598472292282,35066,872,0.024867392916215137,2271,734,0.3232056362835755,1990,HellaSwag,0.5,discovery,validation
0.9477556472645274,55498,1441,0.02596489963602292,35062,774,0.022075181107751984,2266,664,0.29302736098852605,1991,HellaSwag,0.5,discovery,validation
0.9457250245779213,55501,1498,0.026990504675591432,35062,838,0.023900519080485995,2266,673,0.2969991173874669,1992,HellaSwag,0.5,discovery,validation
0.9440207665453372,55492,1540,0.02775174799971167,35055,876,0.024989302524604195,2259,696,0.30810092961487384,1993,HellaSwag,0.5,discovery,validation
0.9390868203297397,55499,1683,0.030324870718391322,35060,995,0.028379920136908158,2264,712,0.31448763250883394,1994,HellaSwag,0.5,discovery,validation
0.9454588364474161,55491,1503,0.027085473319997836,35062,872,0.024870229878500943,2266,709,0.31288614298323036,1995,HellaSwag,0.5,discovery,validation
0.9470815979762406,55499,1457,0.02625272527432927,35060,839,0.023930405019965774,2264,629,0.2778268551236749,1996,HellaSwag,0.5,discovery,validation
0.9460344600338327,55491,1488,0.02681515921500784,35064,811,0.02312913529545973,2268,645,0.2843915343915344,1997,HellaSwag,0.5,discovery,validation
0.9450604903828763,55503,1517,0.027331855935715188,35063,877,0.025012121039272167,2267,721,0.3180414644905161,1998,HellaSwag,0.5,discovery,validation
0.9499887671310578,55503,1377,0.024809469758391437,35064,798,0.02275838466803559,2268,661,0.2914462081128748,1999,HellaSwag,0.5,discovery,validation
0.942115151572491,57184,1651,0.02887171236709569,36226,1046,0.028874289184563574,2270,767,0.3378854625550661,0,HellaSwag,0.5,validation,discovery
0.9396553551676641,57171,1716,0.0300152175053786,36222,1180,0.03257688697476672,2267,738,0.325540361711513,1,HellaSwag,0.5,validation,discovery
0.942164492903578,57178,1645,0.02876980656896009,36227,1086,0.029977640986004913,2273,652,0.28684557853057635,2,HellaSwag,0.5,validation,discovery
0.9486705077220443,57184,1462,0.02556659205372132,36223,927,0.025591475029677277,2267,692,0.30524922805469784,3,HellaSwag,0.5,validation,discovery
0.9413521112860473,57177,1667,0.029155079839795723,36222,1053,0.029070730495279112,2267,751,0.33127481252756946,4,HellaSwag,0.5,validation,discovery
0.9529014518027228,57176,1340,0.023436406884007277,36220,818,0.022584207620099394,2265,654,0.28874172185430463,5,HellaSwag,0.5,validation,discovery
0.940286015980753,57175,1695,0.02964582422387407,36218,1079,0.029791816223977027,2263,706,0.3119752540874945,6,HellaSwag,0.5,validation,discovery
0.9380996108530493,57184,1763,0.030830302182428652,36228,1131,0.03121894667108314,2272,726,0.31954225352112675,7,HellaSwag,0.5,validation,discovery
0.9396410411804138,57177,1717,0.030029557339489654,36223,1009,0.027855230102421115,2267,774,0.3414203793559771,8,HellaSwag,0.5,validation,discovery
0.9415411057223403,57171,1661,0.029053191303283134,36215,1087,0.030015187077177964,2260,761,0.33672566371681417,9,HellaSwag,0.5,validation,discovery
0.9465827529190884,57180,1520,0.02658272123119972,36221,924,0.025510063222992187,2266,748,0.3300970873786408,10,HellaSwag,0.5,validation,discovery
0.9391963453950407,57178,1731,0.030273881562838854,36223,1100,0.030367446097783177,2268,756,0.3333333333333333,11,HellaSwag,0.5,validation,discovery
0.9439836884592778,57167,1592,0.02784823412108384,36219,992,0.02738893950688865,2263,686,0.3031374281926646,12,HellaSwag,0.5,validation,discovery
0.9409679901069249,57177,1678,0.02934746488972839,36222,1168,0.03224559659875214,2266,771,0.34024713150926744,13,HellaSwag,0.5,validation,discovery
0.9422251140916518,57177,1641,0.02870035153995488,36219,985,0.027195670780529556,2263,734,0.3243482103402563,14,HellaSwag,0.5,validation,discovery
0.9396902727028161,57171,1716,0.0300152175053786,36213,1055,0.029133184215613176,2258,788,0.3489813994685562,15,HellaSwag,0.5,validation,discovery
0.9417362360559886,57177,1660,0.02903265298983857,36223,1062,0.029318388868950666,2267,772,0.34053815615350685,16,HellaSwag,0.5,validation,discovery
0.9431844149307242,57175,1615,0.02824661128115435,36224,1049,0.028958701413427563,2268,749,0.33024691358024694,17,HellaSwag,0.5,validation,discovery
0.9470449677716559,57180,1508,0.026372857642532353,36220,919,0.025372722252898952,2265,736,0.32494481236203093,18,HellaSwag,0.5,validation,discovery
0.948187217440261,57176,1472,0.02574506786064083,36213,899,0.024825338966669427,2258,688,0.3046944198405669,19,HellaSwag,0.5,validation,discovery
0.9457005745008056,57179,1545,0.027020409590933735,36222,1014,0.02799403677323174,2266,733,0.323477493380406,20,HellaSwag,0.5,validation,discovery
0.9509533663133717,57173,1394,0.024382138421982405,36222,887,0.024487880293744133,2266,672,0.2965578111209179,21,HellaSwag,0.5,validation,discovery
0.9473197461305273,57169,1496,0.026168028127131836,36219,878,0.02424142024904056,2263,670,0.29606716747680073,22,HellaSwag,0.5,validation,discovery
0.9434163296041523,57185,1611,0.028171723354026405,36222,975,0.026917343051184362,2266,717,0.31641659311562226,23,HellaSwag,0.5,validation,discovery
0.9391008466517518,57179,1734,0.030325818919533395,36221,1101,0.030396731178045883,2265,787,0.34746136865342164,24,HellaSwag,0.5,validation,discovery
0.9425466103737821,57174,1632,0.028544443278413264,36222,1064,0.02937441333995914,2269,762,0.3358307624504187,25,HellaSwag,0.5,validation,discovery
0.9401072375477401,57167,1701,0.029754928542690712,36220,1057,0.029182771949199337,2265,813,0.35894039735099337,26,HellaSwag,0.5,validation,discovery
0.9371453605166408,57179,1786,0.031235243708354465,36220,1109,0.030618442849254555,2265,744,0.32847682119205296,27,HellaSwag,0.5,validation,discovery
0.9407492345193987,57176,1685,0.02947040716384497,36221,1091,0.030120648242732116,2265,680,0.30022075055187636,28,HellaSwag,0.5,validation,discovery
0.9436937080768998,57181,1603,0.028033787446879208,36224,1036,0.02859982332155477,2268,730,0.3218694885361552,29,HellaSwag,0.5,validation,discovery
0.9497843869538698,57175,1429,0.024993441189331,36222,882,0.024349842637071392,2266,682,0.30097087378640774,30,HellaSwag,0.5,validation,discovery
0.9397601160811317,57171,1713,0.029962743348900665,36219,1076,0.029708164223197768,2263,753,0.33274414494034465,31,HellaSwag,0.5,validation,discovery
0.9458383705957581,57175,1537,0.026882378662002625,36221,1010,0.027884376466690595,2266,818,0.3609885260370697,32,HellaSwag,0.5,validation,discovery
0.9384608858268276,57174,1751,0.0306258089341309,36217,1136,0.03136648535218268,2262,773,0.34173297966401417,33,HellaSwag,0.5,validation,discovery
0.9365146085821776,57175,1805,0.031569742020113686,36215,1126,0.03109208891343366,2260,705,0.31194690265486724,34,HellaSwag,0.5,validation,discovery
0.9417948189829541,57172,1657,0.028982718813405164,36211,1063,0.029355720637375383,2255,686,0.3042128603104213,35,HellaSwag,0.5,validation,discovery
0.9424880081439934,57179,1639,0.028664369786110287,36221,1037,0.028629800392037767,2265,636,0.280794701986755,36,HellaSwag,0.5,validation,discovery
0.943712138062578,57183,1602,0.02801531923823514,36222,1033,0.02851857986858815,2267,676,0.29819144243493606,37,HellaSwag,0.5,validation,discovery
0.9422949447624112,57177,1641,0.02870035153995488,36224,1067,0.029455609540636044,2268,762,0.335978835978836,38,HellaSwag,0.5,validation,discovery
0.9385072136819265,57179,1750,0.03060564193147834,36227,1021,0.028183399122201674,2272,772,0.3397887323943662,39,HellaSwag,0.5,validation,discovery
0.9397622089416015,57175,1713,0.029960647135986007,36215,1154,0.031865249206130056,2260,787,0.34823008849557524,40,HellaSwag,0.5,validation,discovery
0.9414167947669568,57184,1667,0.029151510912143255,36227,1085,0.029950037265023325,2271,756,0.332892998678996,41,HellaSwag,0.5,validation,discovery
0.9478637578138105,57175,1482,0.025920419763882815,36221,947,0.026145053974213853,2265,683,0.30154525386313463,42,HellaSwag,0.5,validation,discovery
0.9449561466589359,57174,1564,0.027355091475146046,36220,999,0.027581446714522364,2266,734,0.32391879964695497,43,HellaSwag,0.5,validation,discovery
0.9403558487490209,57175,1696,0.029663314385658068,36223,1123,0.031002401788918645,2269,788,0.3472895548699868,44,HellaSwag,0.5,validation,discovery
0.9379021534396419,57174,1766,0.03088816594955749,36220,1088,0.03003865267807841,2265,810,0.3576158940397351,45,HellaSwag,0.5,validation,discovery
0.9351341210314195,57174,1843,0.032234931962080667,36222,1202,0.03318425266412677,2267,830,0.36612262902514336,46,HellaSwag,0.5,validation,discovery
0.9408889085806413,57176,1683,0.029435427452077795,36217,1037,0.02863296242096253,2263,743,0.32832523199292973,47,HellaSwag,0.5,validation,discovery
0.94395462569426,57179,1596,0.027912345441508245,36224,1031,0.028461793286219082,2268,715,0.3152557319223986,48,HellaSwag,0.5,validation,discovery
0.9461930344193098,57168,1528,0.02672823957458718,36218,929,0.025650229167817108,2263,673,0.2973928413610252,49,HellaSwag,0.5,validation,discovery
0.9420320364291204,57175,1647,0.028806296458242238,36222,1018,0.02810446689856993,2268,759,0.33465608465608465,50,HellaSwag,0.5,validation,discovery
0.9424458651351308,57182,1638,0.02864537791612745,36223,1099,0.030339839328603374,2269,780,0.34376377258704277,51,HellaSwag,0.5,validation,discovery
0.9396944708919361,57179,1716,0.03001101803109533,36218,1153,0.03183499917168259,2262,752,0.33244916003536695,52,HellaSwag,0.5,validation,discovery
0.9413870374590863,57177,1665,0.029120100739807964,36217,1091,0.03012397492890079,2261,769,0.34011499336576734,53,HellaSwag,0.5,validation,discovery
0.9429379897944922,57171,1621,0.02835353588357734,36217,984,0.027169561255763867,2261,742,0.3281733746130031,54,HellaSwag,0.5,validation,discovery
0.9436238656191248,57181,1604,0.02805127577342124,36221,1047,0.028905883327351535,2266,721,0.3181818181818182,55,HellaSwag,0.5,validation,discovery
0.9405653715628611,57175,1689,0.029540883253170093,36223,1067,0.029456422714849682,2267,766,0.3378914865460962,56,HellaSwag,0.5,validation,discovery
0.943737841233528,57182,1600,0.027980833129306427,36225,999,0.027577639751552797,2269,730,0.32172763331864257,57,HellaSwag,0.5,validation,discovery
0.9448828637191534,57185,1569,0.027437265017049926,36223,963,0.02658531872015018,2267,770,0.33965593295103663,58,HellaSwag,0.5,validation,discovery
0.9447078677801576,57166,1569,0.02744638421439317,36219,971,0.02680913332781137,2263,737,0.3256738842244808,59,HellaSwag,0.5,validation,discovery
0.947549484422935,57175,1491,0.026077831219938785,36221,965,0.026642003257778636,2265,779,0.34392935982339956,60,HellaSwag,0.5,validation,discovery
0.9486136615310101,57173,1460,0.02553652948069893,36216,901,0.024878506737353655,2260,683,0.30221238938053097,61,HellaSwag,0.5,validation,discovery
0.9352704111446865,57168,1841,0.03220333053456479,36211,1214,0.0335257242274447,2256,816,0.3617021276595745,62,HellaSwag,0.5,validation,discovery
0.9347477104799983,57169,1853,0.03241267120292466,36217,1223,0.033768672170527654,2261,801,0.35426802299867316,63,HellaSwag,0.5,validation,discovery
0.9504604905731293,57184,1410,0.024657246782316733,36226,923,0.02547893777949539,2270,776,0.34185022026431716,64,HellaSwag,0.5,validation,discovery
0.9461765045790235,57171,1529,0.02674432841825401,36221,944,0.026062229093619722,2265,731,0.3227373068432671,65,HellaSwag,0.5,validation,discovery
0.9409310133043085,57173,1681,0.029401990450037604,36217,1059,0.029240411961233673,2261,788,0.3485183547103052,66,HellaSwag,0.5,validation,discovery
0.9390452783302322,57174,1732,0.030293490047923883,36219,1138,0.03141997294237831,2263,761,0.3362792752982766,67,HellaSwag,0.5,validation,discovery
0.9419899037471804,57178,1648,0.0288222743013047,36223,1040,0.028711039946995004,2267,773,0.34097926775474197,68,HellaSwag,0.5,validation,discovery
0.9455259886296988,57180,1551,0.027124868835257082,36221,999,0.02758068523784545,2265,707,0.3121412803532009,69,HellaSwag,0.5,validation,discovery
0.9501484481558758,57170,1416,0.024768235088333042,36216,818,0.022586702010161254,2260,626,0.27699115044247785,70,HellaSwag,0.5,validation,discovery
0.9457390451801704,57168,1539,0.02692065491183879,36220,998,0.02755383765875207,2264,751,0.33171378091872794,71,HellaSwag,0.5,validation,discovery
0.9364142790671521,57183,1810,0.03165276393333683,36222,1127,0.03111368781403567,2266,710,0.31332744924977934,72,HellaSwag,0.5,validation,discovery
0.938959038148236,57175,1736,0.030362920857017927,36226,1111,0.030668580577485782,2271,831,0.36591809775429324,73,HellaSwag,0.5,validation,discovery
0.9439914916543647,57183,1596,0.02791039294895336,36224,1051,0.02901391342756184,2268,757,0.33377425044091713,74,HellaSwag,0.5,validation,discovery
0.9459027829079066,57182,1540,0.026931551886957433,36222,967,0.02669648280050798,2267,676,0.29819144243493606,75,HellaSwag,0.5,validation,discovery
0.9389939619095201,57175,1734,0.030327940533449935,36219,1156,0.03191694966730169,2263,725,0.32037118868758285,76,HellaSwag,0.5,validation,discovery
0.9402695986526344,57177,1701,0.029749724539587595,36222,1103,0.030451107062006516,2267,780,0.34406704896338774,77,HellaSwag,0.5,validation,discovery
0.9441088384018873,57173,1591,0.027827820824515067,36220,1013,0.02796797349530646,2264,725,0.3202296819787986,78,HellaSwag,0.5,validation,discovery
0.9401720006097019,57174,1702,0.029768776017070696,36222,1080,0.02981613384131191,2266,754,0.3327449249779347,79,HellaSwag,0.5,validation,discovery
0.9419457519118893,57177,1650,0.028857757489899785,36221,1052,0.02904392479500842,2265,777,0.343046357615894,80,HellaSwag,0.5,validation,discovery
0.943408433675855,57169,1608,0.028127131837184488,36219,1091,0.030122311493967255,2266,695,0.3067078552515446,81,HellaSwag,0.5,validation,discovery
0.9432285595929225,57176,1614,0.028228627396110255,36224,1050,0.0289863074204947,2269,734,0.3234905244601146,82,HellaSwag,0.5,validation,discovery
0.9414435602670611,57168,1661,0.029054715924993004,36209,989,0.027313651302162446,2255,664,0.29445676274944566,83,HellaSwag,0.5,validation,discovery
0.9376762506007522,57176,1771,0.030974534769833497,36226,1135,0.0313310881687186,2270,771,0.33964757709251103,84,HellaSwag,0.5,validation,discovery
0.9369292492959643,57167,1793,0.0313642486049644,36216,1138,0.031422575657168106,2260,773,0.3420353982300885,85,HellaSwag,0.5,validation,discovery
0.9399111471303914,57176,1708,0.029872673849167482,36224,1062,0.029317579505300354,2268,722,0.318342151675485,86,HellaSwag,0.5,validation,discovery
0.9351434091418938,57174,1842,0.03221744149438556,36220,1135,0.031336278299282164,2265,834,0.36821192052980134,87,HellaSwag,0.5,validation,discovery
0.9434822227128655,57177,1608,0.028123196390156882,36218,1012,0.027941907338892263,2262,750,0.33156498673740054,88,HellaSwag,0.5,validation,discovery
0.9405099022536254,57169,1690,0.029561475624901606,36213,1111,0.0306795902024135,2257,690,0.30571555161719094,89,HellaSwag,0.5,validation,discovery
0.941173403556809,57169,1671,0.029229127674089105,36215,1107,0.030567444429103963,2261,776,0.3432109685979655,90,HellaSwag,0.5,validation,discovery
0.9476781370286909,57170,1487,0.026010145181039005,36219,936,0.025842789696015903,2264,699,0.30874558303886923,91,HellaSwag,0.5,validation,discovery
0.9461306900043815,57184,1535,0.02684317291550084,36225,982,0.027108350586611457,2270,743,0.3273127753303965,92,HellaSwag,0.5,validation,discovery
0.9390278213691904,57174,1732,0.030293490047923883,36222,1126,0.03108608028270112,2267,761,0.3356859285399206,93,HellaSwag,0.5,validation,discovery
0.9481026380270767,57182,1476,0.025812318561785178,36219,915,0.025262983516938623,2263,672,0.2969509500662837,94,HellaSwag,0.5,validation,discovery
0.9453383767237826,57170,1551,0.02712961343361903,36219,1031,0.02846572241088931,2266,751,0.33142100617828774,95,HellaSwag,0.5,validation,discovery
0.9437853295559234,57172,1598,0.027950745119988806,36221,1028,0.028381325750255378,2265,739,0.3262693156732892,96,HellaSwag,0.5,validation,discovery
0.9423443252447024,57171,1637,0.028633398051459657,36222,1010,0.027883606647893546,2266,736,0.324801412180053,97,HellaSwag,0.5,validation,discovery
0.9456491519226125,57181,1549,0.027089417813609417,36221,926,0.02556527981005494,2265,686,0.30286975717439296,98,HellaSwag,0.5,validation,discovery
0.9399973998915884,57175,1707,0.02985570616528203,36220,1125,0.03106018774157924,2264,820,0.3621908127208481,99,HellaSwag,0.5,validation,discovery
0.9492256530771066,57175,1444,0.025255793616090948,36221,830,0.022914883631042764,2265,617,0.27240618101545255,100,HellaSwag,0.5,validation,discovery
0.9362794468848038,57176,1813,0.03170910871694417,36222,1177,0.03249406438076307,2267,847,0.37362152624614026,101,HellaSwag,0.5,validation,discovery
0.9428002867507499,57175,1625,0.028421512898994316,36222,1073,0.029622881121970073,2267,843,0.3718570798411998,102,HellaSwag,0.5,validation,discovery
0.9461710518909802,57177,1530,0.026759011490634345,36221,980,0.027056127660749288,2266,703,0.31023830538393643,103,HellaSwag,0.5,validation,discovery
0.938532873854198,57178,1749,0.030588687956906502,36223,1078,0.02976009717582751,2267,784,0.3458314953683282,104,HellaSwag,0.5,validation,discovery
0.9475586666178131,57176,1489,0.026042395410661816,36220,937,0.025869685256764217,2264,729,0.3219964664310954,105,HellaSwag,0.5,validation,discovery
0.937671323586868,57183,1774,0.031023206197646154,36229,1170,0.03229457064782357,2274,770,0.3386103781882146,106,HellaSwag,0.5,validation,discovery
0.9448441002560175,57178,1569,0.027440624016230018,36218,1015,0.028024739080015463,2262,736,0.3253757736516357,107,HellaSwag,0.5,validation,discovery
0.9386212383916491,57180,1749,0.030587618048268626,36222,1081,0.02984374137264646,2267,734,0.32377591530657257,108,HellaSwag,0.5,validation,discovery
0.9498633908217794,57176,1425,0.024923044634112216,36222,908,0.025067638451769642,2268,694,0.30599647266313934,109,HellaSwag,0.5,validation,discovery
0.9428556607144516,57181,1626,0.02843601895734597,36222,1062,0.029319198277290046,2266,694,0.3062665489849956,110,HellaSwag,0.5,validation,discovery
0.9436937053440907,57181,1602,0.028016299120337176,36227,1045,0.028845888425759792,2272,716,0.31514084507042256,111,HellaSwag,0.5,validation,discovery
0.949486680989935,57173,1435,0.025099260140276004,36220,857,0.023660960795140806,2265,701,0.30949227373068433,112,HellaSwag,0.5,validation,discovery
0.9434565201492847,57178,1608,0.028122704536709925,36222,1009,0.027855999116558998,2266,739,0.3261253309796999,113,HellaSwag,0.5,validation,discovery
0.9422580176101408,57174,1642,0.028719347955364325,36222,1075,0.02967809618463917,2266,713,0.3146513680494263,114,HellaSwag,0.5,validation,discovery
0.946790413471555,57176,1512,0.02644466209598433,36221,922,0.025454846635929434,2266,700,0.3089143865842895,115,HellaSwag,0.5,validation,discovery
0.9448053198558435,57169,1569,0.027444943938148298,36218,1012,0.027941907338892263,2264,723,0.31934628975265017,116,HellaSwag,0.5,validation,discovery
0.9394744101970508,57159,1717,0.03003901397855106,36220,1057,0.029182771949199337,2267,756,0.333480370533745,117,HellaSwag,0.5,validation,discovery
0.9399060821027341,57183,1712,0.029938967875067765,36227,1024,0.028266210285146438,2271,743,0.3271686481726112,118,HellaSwag,0.5,validation,discovery
0.9387865676792646,57179,1743,0.030483219363752426,36220,1056,0.029155162893429044,2265,790,0.3487858719646799,119,HellaSwag,0.5,validation,discovery
0.9406116133754421,57180,1690,0.029555788737320742,36220,1072,0.029596907785753728,2265,761,0.33598233995584986,120,HellaSwag,0.5,validation,discovery
0.9420228082414154,57174,1648,0.028824290761534963,36218,1002,0.02766580153514827,2263,686,0.3031374281926646,121,HellaSwag,0.5,validation,discovery
0.9422355452500505,57164,1641,0.02870687845497166,36218,1066,0.029432878679109833,2263,743,0.32832523199292973,122,HellaSwag,0.5,validation,discovery
0.9397735566973305,57180,1713,0.029958027282266528,36223,1105,0.03050547994368219,2268,760,0.3350970017636684,123,HellaSwag,0.5,validation,discovery
0.9373456058484532,57178,1785,0.0312183007450418,36220,1202,0.03318608503589177,2264,765,0.3378975265017668,124,HellaSwag,0.5,validation,discovery
0.9437174364277631,57176,1601,0.02800125926962362,36214,969,0.026757607555089193,2259,679,0.30057547587428063,125,HellaSwag,0.5,validation,discovery
0.9433682402503721,57176,1609,0.02814117811669232,36218,1017,0.02807996024076426,2262,780,0.3448275862068966,126,HellaSwag,0.5,validation,discovery
0.9408241985007085,57169,1681,0.029404047648200947,36217,1060,0.02926802330397327,2261,791,0.3498452012383901,127,HellaSwag,0.5,validation,discovery
0.9401955855075339,57169,1699,0.029718903601602266,36216,1090,0.030097194610117076,2261,732,0.32375055285272003,128,HellaSwag,0.5,validation,discovery
0.9404791178100412,57177,1695,0.029644787239624326,36219,1109,0.030619288218890636,2263,795,0.3513035793194874,129,HellaSwag,0.5,validation,discovery
0.9424900163490646,57183,1637,0.02862738925904552,36225,1064,0.029371980676328503,2270,698,0.307488986784141,130,HellaSwag,0.5,validation,discovery
0.9429122949507693,57172,1621,0.02835303994962569,36222,1024,0.028270112086577218,2267,703,0.31010145566828407,131,HellaSwag,0.5,validation,discovery
0.9443789858894717,57172,1580,0.02763590568809907,36221,963,0.026586786670715883,2265,671,0.29624724061810154,132,HellaSwag,0.5,validation,discovery
0.9451802633396859,57168,1557,0.02723551637279597,36217,990,0.02733522931220145,2264,765,0.3378975265017668,133,HellaSwag,0.5,validation,discovery
0.940484215834548,57170,1693,0.02961343361903096,36216,1033,0.02852330461674398,2260,765,0.33849557522123896,134,HellaSwag,0.5,validation,discovery
0.9419272813390521,57175,1651,0.028876257105378226,36219,1018,0.028106794776222424,2263,656,0.2898806893504198,135,HellaSwag,0.5,validation,discovery
0.9425301563056744,57176,1633,0.02856093465789842,36221,1013,0.027967201347284726,2265,713,0.3147902869757174,136,HellaSwag,0.5,validation,discovery
0.9446123052833292,57167,1572,0.02749838193363304,36214,1056,0.02915999337272878,2260,726,0.32123893805309733,137,HellaSwag,0.5,validation,discovery
0.9475642022241225,57169,1489,0.026045584145253545,36219,940,0.0259532289682211,2263,685,0.3026955368979231,138,HellaSwag,0.5,validation,discovery
0.9352715529461859,57169,1842,0.032220259231401635,36218,1125,0.031061902921199404,2263,653,0.28855501546619533,139,HellaSwag,0.5,validation,discovery
0.9364381203767619,57163,1805,0.03157636932981124,36217,1117,0.030841869840130324,2262,766,0.33863837312113176,140,HellaSwag,0.5,validation,discovery
0.9409104769246389,57167,1682,0.029422568964612452,36224,1096,0.03025618374558304,2268,711,0.3134920634920635,141,HellaSwag,0.5,validation,discovery
0.9389683026894446,57177,1733,0.030309390139391712,36219,1125,0.03106104530771142,2263,728,0.32169686257180735,142,HellaSwag,0.5,validation,discovery
0.9416591817164327,57180,1659,0.02901364113326338,36222,1007,0.0278007840538899,2267,699,0.3083370092633436,143,HellaSwag,0.5,validation,discovery
0.9382114815808841,57181,1758,0.030744478060894354,36223,1171,0.03232752670954918,2267,729,0.321570357300397,144,HellaSwag,0.5,validation,discovery
0.9428846099782989,57169,1624,0.028407003795763438,36219,1044,0.0288246500455562,2263,725,0.32037118868758285,145,HellaSwag,0.5,validation,discovery
0.9381929461548678,57179,1759,0.03076304237569737,36224,1083,0.029897305653710248,2268,793,0.349647266313933,146,HellaSwag,0.5,validation,discovery
0.9463107285882252,57177,1525,0.026671563740664952,36222,949,0.026199547236486112,2266,733,0.323477493380406,147,HellaSwag,0.5,validation,discovery
0.9411241141292569,57175,1673,0.029261040664626148,36219,1053,0.029073138408017892,2263,781,0.3451171011931065,148,HellaSwag,0.5,validation,discovery
0.9445060469077493,57182,1578,0.02759609667377846,36222,963,0.026586052675169787,2267,670,0.29554477282752534,149,HellaSwag,0.5,validation,discovery
0.9439487655503986,57167,1592,0.02784823412108384,36216,1004,0.027722553567483984,2260,748,0.3309734513274336,150,HellaSwag,0.5,validation,discovery
0.9447999554681713,57176,1570,0.027459073737232404,36220,965,0.02664273881833241,2264,687,0.3034452296819788,151,HellaSwag,0.5,validation,discovery
0.9432061557644725,57166,1610,0.028163593744533463,36223,1062,0.029318388868950666,2268,740,0.3262786596119929,152,HellaSwag,0.5,validation,discovery
0.9458053396014023,57179,1543,0.026985431714440615,36221,916,0.025289196874741172,2265,627,0.2768211920529801,153,HellaSwag,0.5,validation,discovery
0.9413203160011225,57166,1664,0.029108211174474336,36221,1043,0.02879545015322603,2265,726,0.3205298013245033,154,HellaSwag,0.5,validation,discovery
0.9481265612746802,57177,1474,0.025779596690977142,36225,936,0.025838509316770186,2269,715,0.3151167915381225,155,HellaSwag,0.5,validation,discovery
0.9447500549010887,57163,1567,0.027412836974966326,36209,991,0.027368886188516666,2253,706,0.3133599644917887,156,HellaSwag,0.5,validation,discovery
0.9430744006293913,57182,1620,0.028330593543422756,36222,989,0.027303848489868037,2266,722,0.31862312444836716,157,HellaSwag,0.5,validation,discovery
0.945255837918971,57180,1557,0.027229800629590767,36223,1015,0.02802087071749993,2267,650,0.2867225408028231,158,HellaSwag,0.5,validation,discovery
0.9431145772986245,57175,1615,0.02824661128115435,36220,1045,0.028851463279955827,2265,786,0.34701986754966885,159,HellaSwag,0.5,validation,discovery
0.933476527744448,57175,1891,0.033073895933537385,36216,1217,0.03360393196377292,2260,844,0.3734513274336283,160,HellaSwag,0.5,validation,discovery
0.9394664487560679,57177,1722,0.030117005089459047,36220,1120,0.030922142462727776,2264,651,0.2875441696113074,161,HellaSwag,0.5,validation,discovery
0.9437576716238525,57169,1596,0.027917227868250277,36216,1101,0.030400927766732935,2261,748,0.3308270676691729,162,HellaSwag,0.5,validation,discovery
0.9383162347839533,57181,1756,0.030709501407810286,36225,1119,0.030890269151138718,2270,787,0.34669603524229076,163,HellaSwag,0.5,validation,discovery
0.9488856207234638,57176,1454,0.025430250454736254,36219,923,0.025483862061349016,2264,743,0.3281802120141343,164,HellaSwag,0.5,validation,discovery
0.9428536715660759,57177,1625,0.02842051874005282,36227,1103,0.030446904242691916,2272,783,0.34463028169014087,165,HellaSwag,0.5,validation,discovery
0.9392733292440469,57175,1728,0.030222999562745954,36219,1170,0.03230348712001988,2263,765,0.3380468404772426,166,HellaSwag,0.5,validation,discovery
0.9407122440173759,57172,1686,0.029489960120338627,36217,1120,0.030924703868349116,2261,821,0.36311366651923926,167,HellaSwag,0.5,validation,discovery
0.9483195228384246,57179,1471,0.025726228160688366,36220,916,0.025289895085588075,2264,730,0.3224381625441696,168,HellaSwag,0.5,validation,discovery
0.940965945141042,57173,1676,0.02931453658195302,36219,1134,0.03130953367017311,2263,747,0.3300927971718957,169,HellaSwag,0.5,validation,discovery
0.9355438757526511,57172,1833,0.03206114881410481,36216,1185,0.032720344599072235,2261,807,0.35692171605484296,170,HellaSwag,0.5,validation,discovery
0.9465661221246402,57163,1515,0.02650315763693298,36210,916,0.025296879315106324,2255,720,0.31929046563192903,171,HellaSwag,0.5,validation,discovery
0.9455609048530237,57179,1549,0.02709036534391997,36220,924,0.025510767531750415,2264,692,0.30565371024734983,172,HellaSwag,0.5,validation,discovery
0.9430868946836916,57172,1617,0.02828307563142797,36214,997,0.02753078919754791,2258,677,0.29982285208148807,173,HellaSwag,0.5,validation,discovery
0.9391130016937879,57169,1728,0.030226171526526614,36216,1142,0.03153302407775569,2261,726,0.32109685979655017,174,HellaSwag,0.5,validation,discovery
0.939343166603512,57175,1724,0.03015303891560997,36217,1112,0.030703813126432337,2262,870,0.38461538461538464,175,HellaSwag,0.5,validation,discovery
0.9455993458256218,57168,1544,0.02700811642877134,36218,970,0.026782262963167484,2262,681,0.3010610079575597,176,HellaSwag,0.5,validation,discovery
0.9365495326205304,57175,1806,0.031587232181897684,36221,1206,0.03329560199884045,2265,797,0.3518763796909492,177,HellaSwag,0.5,validation,discovery
0.9446307291009786,57169,1573,0.027514911927793036,36220,1012,0.027940364439536167,2265,685,0.30242825607064017,178,HellaSwag,0.5,validation,discovery
0.9433478230675855,57170,1608,0.028126639846073116,36216,971,0.026811354097636405,2260,723,0.3199115044247788,179,HellaSwag,0.5,validation,discovery
0.942425402420547,57176,1638,0.028648383937316356,36217,1001,0.027638954082337023,2261,738,0.3264042459088899,180,HellaSwag,0.5,validation,discovery
0.9367753967630136,57173,1795,0.03139593864236615,36221,1148,0.0316943209740206,2268,737,0.32495590828924165,181,HellaSwag,0.5,validation,discovery
0.9446088798416243,57178,1575,0.027545559480919236,36221,962,0.026559178377184505,2265,684,0.3019867549668874,182,HellaSwag,0.5,validation,discovery
0.9460073315943661,57163,1530,0.026765565138288754,36214,977,0.026978516595791684,2259,698,0.30898627711376714,183,HellaSwag,0.5,validation,discovery
0.9402624316672711,57180,1698,0.02969569779643232,36222,1046,0.028877477775937275,2267,738,0.325540361711513,184,HellaSwag,0.5,validation,discovery
0.94083549531726,57174,1682,0.029418966663168573,36220,1076,0.029707344008834898,2265,738,0.3258278145695364,185,HellaSwag,0.5,validation,discovery
0.9385214621432906,57174,1748,0.03057333753104558,36217,1141,0.031504542065880665,2262,733,0.3240495137046861,186,HellaSwag,0.5,validation,discovery
0.944183991353784,57166,1585,0.027726270860301577,36216,1035,0.028578528827037774,2260,809,0.3579646017699115,187,HellaSwag,0.5,validation,discovery
0.9399881474667272,57173,1704,0.0298042782432267,36220,1091,0.030121479845389286,2264,821,0.3626325088339223,188,HellaSwag,0.5,validation,discovery
0.9423700035013657,57170,1636,0.028616407206576877,36216,1062,0.029324055666003976,2261,719,0.31800088456435205,189,HellaSwag,0.5,validation,discovery
0.9432470028230245,57178,1614,0.02822764000139914,36223,1035,0.028573006101095987,2268,773,0.3408289241622575,190,HellaSwag,0.5,validation,discovery
0.9395392183253704,57166,1717,0.030035335689045935,36219,1095,0.03023275076617245,2265,753,0.33245033112582784,191,HellaSwag,0.5,validation,discovery
0.9428958275995869,57174,1625,0.028422010004547523,36222,1012,0.027938821710562643,2267,629,0.2774591971768858,192,HellaSwag,0.5,validation,discovery
0.9404862847092254,57174,1692,0.029593871340119635,36218,1086,0.029985090286597824,2263,763,0.33716305788775963,193,HellaSwag,0.5,validation,discovery
0.9485896946426575,57178,1463,0.025586764140053866,36218,926,0.025567397426693908,2263,680,0.30048608042421565,194,HellaSwag,0.5,validation,discovery
0.9461691693861795,57173,1530,0.026760883633883126,36221,953,0.026310703735402115,2266,713,0.3146513680494263,195,HellaSwag,0.5,validation,discovery
0.9436034605620454,57176,1604,0.028053728837274382,36218,1054,0.029101551714617042,2263,735,0.3247901016349978,196,HellaSwag,0.5,validation,discovery
0.9410429843766782,57170,1676,0.029316074864439393,36219,1022,0.02821723404842762,2263,737,0.3256738842244808,197,HellaSwag,0.5,validation,discovery
0.9434433628779404,57169,1609,0.02814462383459567,36223,974,0.026888993181128012,2268,750,0.3306878306878307,198,HellaSwag,0.5,validation,discovery
0.9446714272641157,57181,1574,0.027526625977160244,36219,980,0.02705762169027306,2264,720,0.31802120141342755,199,HellaSwag,0.5,validation,discovery
0.9395947562896915,57172,1717,0.030032183586370952,36224,1083,0.029897305653710248,2268,800,0.3527336860670194,200,HellaSwag,0.5,validation,discovery
0.9448974391074245,57179,1567,0.027405166232358034,36222,1025,0.028297719617911766,2266,760,0.3353927625772286,201,HellaSwag,0.5,validation,discovery
0.9405253592832686,57182,1692,0.029589731034241545,36224,1027,0.02835136925795053,2269,743,0.32745702952842665,202,HellaSwag,0.5,validation,discovery
0.9457097842024194,57180,1544,0.02700244840853445,36224,949,0.02619810070671378,2270,672,0.2960352422907489,203,HellaSwag,0.5,validation,discovery
0.939534177018497,57174,1719,0.0300661139678875,36219,1153,0.0318341202131478,2263,741,0.32744144940344677,204,HellaSwag,0.5,validation,discovery
0.9406331445445765,57171,1687,0.0295079673260919,36220,1042,0.02876863611264495,2265,772,0.3408388520971302,205,HellaSwag,0.5,validation,discovery
0.9375316587534083,57183,1778,0.03109315705716734,36228,1191,0.03287512421331567,2272,865,0.3807218309859155,206,HellaSwag,0.5,validation,discovery
0.9448713392232838,57161,1564,0.027361312783191337,36215,982,0.027115835979566478,2259,728,0.32226648959716686,207,HellaSwag,0.5,validation,discovery
0.9364982571024539,57177,1805,0.03156863773895097,36216,1083,0.0299039098740888,2260,770,0.3407079646017699,208,HellaSwag,0.5,validation,discovery
0.9465827638839819,57180,1521,0.02660020986358867,36226,980,0.027052393308673327,2270,681,0.3,209,HellaSwag,0.5,validation,discovery
0.9409823713286706,57171,1677,0.02933305347116545,36218,1032,0.028494118946380254,2263,735,0.3247901016349978,210,HellaSwag,0.5,validation,discovery
0.9490768084168668,57174,1446,0.025291216287123518,36220,894,0.024682495858641636,2264,693,0.30609540636042404,211,HellaSwag,0.5,validation,discovery
0.9403096136059641,57170,1696,0.02966590869337065,36217,1095,0.03023442029985918,2261,816,0.3609022556390977,212,HellaSwag,0.5,validation,discovery
0.9403271728091082,57187,1700,0.029727035864794447,36227,1136,0.03135782703508433,2274,778,0.34212840809146877,213,HellaSwag,0.5,validation,discovery
0.9444488254900165,57172,1578,0.02760092352900021,36218,1001,0.02763819095477387,2265,713,0.3147902869757174,214,HellaSwag,0.5,validation,discovery
0.9461875861055717,57175,1529,0.026742457367730652,36218,918,0.02534651278369871,2262,644,0.28470380194518125,215,HellaSwag,0.5,validation,discovery
0.9434156910195409,57166,1607,0.028111114998425637,36220,1028,0.02838210933186085,2265,747,0.32980132450331123,216,HellaSwag,0.5,validation,discovery
0.9416242676513843,57180,1659,0.02901364113326338,36222,1025,0.028297719617911766,2267,692,0.30524922805469784,217,HellaSwag,0.5,validation,discovery
0.9408468091457591,57179,1684,0.02945137200720544,36223,1083,0.029898131021726528,2267,758,0.33436259373621524,218,HellaSwag,0.5,validation,discovery
0.9424892345623515,57164,1630,0.02851444965362816,36220,1058,0.02921038100496963,2265,775,0.34216335540838855,219,HellaSwag,0.5,validation,discovery
0.9448736518865722,57184,1567,0.02740277000559597,36225,1044,0.028819875776397514,2269,730,0.32172763331864257,220,HellaSwag,0.5,validation,discovery
0.9377389929049069,57179,1771,0.03097290963465608,36223,1157,0.03194103194103194,2268,847,0.3734567901234568,221,HellaSwag,0.5,validation,discovery
0.9440040751640997,57173,1593,0.0278628023717489,36220,1018,0.028106018774157925,2265,739,0.3262693156732892,222,HellaSwag,0.5,validation,discovery
0.9346452297685112,57173,1858,0.03249785738023193,36220,1184,0.03268912203202651,2264,812,0.3586572438162544,223,HellaSwag,0.5,validation,discovery
0.9468584197376179,57172,1510,0.026411530119638985,36214,981,0.02708897111614293,2258,733,0.3246235606731621,224,HellaSwag,0.5,validation,discovery
0.9348615559904059,57185,1855,0.032438576549794526,36227,1205,0.03326248378281392,2271,761,0.33509467195068254,225,HellaSwag,0.5,validation,discovery
0.9442907209353514,57170,1581,0.027654364177015917,36223,999,0.027579162410623085,2267,720,0.317600352889281,226,HellaSwag,0.5,validation,discovery
0.9461158635078524,57171,1531,0.026779311189239298,36223,931,0.025701902106396488,2267,757,0.33392148213498013,227,HellaSwag,0.5,validation,discovery
0.9428157531031887,57172,1626,0.02844049534737284,36219,1050,0.028990308953863994,2263,732,0.32346442775077333,228,HellaSwag,0.5,validation,discovery
0.9350758379308596,57178,1848,0.032320123124278566,36221,1097,0.030286298003920378,2265,800,0.35320088300220753,229,HellaSwag,0.5,validation,discovery
0.946106647322154,57170,1530,0.02676228791324121,36212,959,0.026482933834088146,2258,730,0.3232949512843224,230,HellaSwag,0.5,validation,discovery
0.939841300784621,57177,1712,0.02994210958952026,36217,1068,0.02948891404589005,2261,702,0.31048208757187085,231,HellaSwag,0.5,validation,discovery
0.94626474408415,57172,1526,0.02669138739242986,36217,969,0.026755391114669905,2263,730,0.3225806451612903,232,HellaSwag,0.5,validation,discovery
0.9436529005547735,57169,1601,0.028004687855306198,36220,979,0.02702926559911651,2266,736,0.324801412180053,233,HellaSwag,0.5,validation,discovery
0.9421829638764675,57180,1646,0.028786288912207067,36228,1056,0.02914872474329248,2273,737,0.32424109106907173,234,HellaSwag,0.5,validation,discovery
0.9382328257485646,57172,1756,0.03071433568879871,36221,1148,0.0316943209740206,2266,826,0.3645189761694616,235,HellaSwag,0.5,validation,discovery
0.9492789166333921,57177,1443,0.025237420641166904,36225,900,0.024844720496894408,2270,660,0.2907488986784141,236,HellaSwag,0.5,validation,discovery
0.9436475986885196,57176,1600,0.02798376941374003,36224,1025,0.028296157243816254,2268,741,0.32671957671957674,237,HellaSwag,0.5,validation,discovery
0.9445186748807618,57172,1576,0.02756594136990135,36219,956,0.026394986057041884,2263,731,0.3230225364560318,238,HellaSwag,0.5,validation,discovery
0.9474888196451359,57176,1493,0.026112354834196168,36221,955,0.02636592032246487,2265,746,0.3293598233995585,239,HellaSwag,0.5,validation,discovery
0.9424787835444731,57178,1636,0.028612403371926266,36221,998,0.02755307694431407,2265,785,0.3465783664459161,240,HellaSwag,0.5,validation,discovery
0.9424017214094637,57181,1638,0.02864587887585037,36226,1013,0.02796334124661845,2270,695,0.30616740088105726,241,HellaSwag,0.5,validation,discovery
0.9404009682435166,57161,1689,0.029548118472385018,36215,1114,0.03076073450227806,2259,776,0.3435148295706065,242,HellaSwag,0.5,validation,discovery
0.9444711311636849,57182,1578,0.02759609667377846,36228,1010,0.027878988627580877,2272,753,0.3314260563380282,243,HellaSwag,0.5,validation,discovery
0.940656746823279,57166,1685,0.02947556239722912,36213,1000,0.02761439262143429,2258,747,0.3308237378210806,244,HellaSwag,0.5,validation,discovery
0.9397314895161611,57183,1716,0.03000891873458895,36227,1110,0.030640130289563035,2271,750,0.33025099075297226,245,HellaSwag,0.5,validation,discovery
0.9409515611586343,57179,1681,0.029398905192465765,36224,1077,0.02973166961130742,2268,704,0.31040564373897706,246,HellaSwag,0.5,validation,discovery
0.9403024407622725,57173,1697,0.02968184282790828,36217,1077,0.029737416130546427,2262,756,0.33421750663129973,247,HellaSwag,0.5,validation,discovery
0.9413264322105851,57178,1671,0.029224526915946694,36223,1036,0.028600612870275793,2267,768,0.3387737097485664,248,HellaSwag,0.5,validation,discovery
0.946952127629627,57167,1507,0.026361362324417933,36218,915,0.025263681042575516,2262,740,0.3271441202475685,249,HellaSwag,0.5,validation,discovery
0.9355739967098772,57179,1835,0.03209220168243586,36222,1164,0.03213516647341395,2267,843,0.3718570798411998,250,HellaSwag,0.5,validation,discovery
0.944685995109625,57175,1574,0.027529514648010494,36216,957,0.026424784625579855,2261,709,0.31357806280406897,251,HellaSwag,0.5,validation,discovery
0.9394950523442113,57166,1717,0.030035335689045935,36218,1052,0.02904633055386824,2263,734,0.3243482103402563,252,HellaSwag,0.5,validation,discovery
0.943465749866921,57179,1609,0.028139701638713512,36217,1059,0.029240411961233673,2262,729,0.3222811671087533,253,HellaSwag,0.5,validation,discovery
0.9454469347487557,57178,1552,0.02714330686627724,36224,963,0.026584584805653712,2268,672,0.2962962962962963,254,HellaSwag,0.5,validation,discovery
0.9472701131571281,57176,1499,0.02621729396949769,36220,943,0.026035339591385976,2264,692,0.30565371024734983,255,HellaSwag,0.5,validation,discovery
0.9381394842160923,57177,1759,0.03076411843923256,36220,1192,0.03290999447818885,2264,822,0.3630742049469965,256,HellaSwag,0.5,validation,discovery
0.9464357565199262,57183,1525,0.0266687651924523,36223,946,0.02611600364409353,2267,681,0.3003970004411116,257,HellaSwag,0.5,validation,discovery
0.940572551885676,57172,1688,0.029524942279437486,36218,1025,0.028300844883759457,2262,773,0.34173297966401417,258,HellaSwag,0.5,validation,discovery
0.9448586752083633,57171,1565,0.027374018295989226,36217,989,0.027307617969461854,2262,715,0.3160919540229885,259,HellaSwag,0.5,validation,discovery
0.9353343545780306,57173,1839,0.032165532681510504,36217,1145,0.031614987436839055,2261,747,0.33038478549314465,260,HellaSwag,0.5,validation,discovery
0.9463640475976963,57179,1528,0.02672309764074223,36226,954,0.026334676751504443,2270,730,0.32158590308370044,261,HellaSwag,0.5,validation,discovery
0.9477479943076002,57170,1486,0.025992653489592444,36219,912,0.025180154062784725,2263,704,0.3110914714980115,262,HellaSwag,0.5,validation,discovery
0.9463327248355524,57168,1526,0.026693254967814162,36219,979,0.027030011872221763,2264,700,0.30918727915194344,263,HellaSwag,0.5,validation,discovery
0.9438973652808834,57169,1592,0.027847259878605538,36221,1022,0.028215675989067115,2265,719,0.317439293598234,264,HellaSwag,0.5,validation,discovery
0.9395156603900796,57171,1720,0.03008518304734918,36222,1082,0.029871348903981007,2267,701,0.30921923246581384,265,HellaSwag,0.5,validation,discovery
0.9454707568900493,57173,1551,0.027128189879838387,36220,945,0.02609055770292656,2264,650,0.2871024734982332,266,HellaSwag,0.5,validation,discovery
0.94700175303987,57161,1503,0.02629415160686482,36219,989,0.027306110052734752,2264,744,0.3286219081272085,267,HellaSwag,0.5,validation,discovery
0.9435336265269831,57175,1603,0.028036729339746394,36217,1000,0.027611342739597425,2261,667,0.2950022114108801,268,HellaSwag,0.5,validation,discovery
0.9454780609522319,57170,1549,0.027094630050725904,36218,972,0.026837484123916285,2262,725,0.32051282051282054,269,HellaSwag,0.5,validation,discovery
0.94040210200057,57180,1696,0.029660720531654423,36221,1056,0.029154357969133928,2267,784,0.3458314953683282,270,HellaSwag,0.5,validation,discovery
0.9392241221438424,57181,1729,0.03023731659117539,36222,1079,0.029788526309977362,2266,751,0.33142100617828774,271,HellaSwag,0.5,validation,discovery
0.9445613221033207,57188,1579,0.027610687556830105,36228,987,0.027244120569725073,2272,686,0.3019366197183099,272,HellaSwag,0.5,validation,discovery
0.9432232977178884,57183,1617,0.028277634961439587,36224,1042,0.028765459363957597,2268,776,0.3421516754850088,273,HellaSwag,0.5,validation,discovery
0.9426389131449984,57184,1634,0.02857442641298265,36225,1019,0.028129744651483782,2269,734,0.3234905244601146,274,HellaSwag,0.5,validation,discovery
0.941668424224039,57181,1660,0.0290306220597751,36224,990,0.02732994699646643,2268,757,0.33377425044091713,275,HellaSwag,0.5,validation,discovery
0.937771742192826,57175,1769,0.03094009619588981,36223,1136,0.03136128978825608,2267,737,0.3250992501102779,276,HellaSwag,0.5,validation,discovery
0.9466434015958434,57179,1517,0.02653071932003008,36221,919,0.025372021755335303,2265,723,0.31920529801324504,277,HellaSwag,0.5,validation,discovery
0.9450351998023927,57175,1562,0.027319632706602537,36222,960,0.026503230081166142,2266,735,0.32436010591350395,278,HellaSwag,0.5,validation,discovery
0.9396225378064871,57175,1718,0.03004809794490599,36220,1058,0.02921038100496963,2264,750,0.33127208480565373,279,HellaSwag,0.5,validation,discovery
0.9403692630046704,57184,1700,0.029728595411303863,36224,1073,0.029621245583038868,2268,752,0.3315696649029982,280,HellaSwag,0.5,validation,discovery
0.9477498152310206,57174,1484,0.025955854059537552,36221,932,0.0257309295712432,2265,722,0.31876379690949225,281,HellaSwag,0.5,validation,discovery
0.9457097842024194,57180,1546,0.027037425673312347,36226,937,0.025865400541047866,2270,658,0.28986784140969163,282,HellaSwag,0.5,validation,discovery
0.9478563889128657,57178,1483,0.025936549022351253,36219,935,0.025815179877964604,2263,689,0.3044631020768891,283,HellaSwag,0.5,validation,discovery
0.9459744959665132,57186,1542,0.026964641695519882,36223,1017,0.028076084255859536,2267,748,0.32995147772386413,284,HellaSwag,0.5,validation,discovery
0.9481321362412523,57170,1470,0.025712786426447438,36223,917,0.025315407337879247,2267,696,0.3070136744596383,285,HellaSwag,0.5,validation,discovery
0.9445812337017948,57175,1575,0.027547004809794492,36224,1057,0.029179549469964663,2269,758,0.33406787130894666,286,HellaSwag,0.5,validation,discovery
0.9452298032436376,57162,1551,0.02713341030754697,36218,971,0.026809873543541887,2263,739,0.32655766681396375,287,HellaSwag,0.5,validation,discovery
0.9415174715391645,57176,1664,0.02910312019028963,36222,1050,0.028987907901275468,2266,772,0.3406884377758164,288,HellaSwag,0.5,validation,discovery
0.948056727336256,57177,1479,0.025867044440946535,36222,934,0.025785434266467892,2267,690,0.3043670048522276,289,HellaSwag,0.5,validation,discovery
0.9442208570833889,57170,1585,0.027724330942802168,36218,1025,0.028300844883759457,2264,677,0.29902826855123676,290,HellaSwag,0.5,validation,discovery
0.9420874536475397,57181,1649,0.028838250467812736,36223,1090,0.030091378405985147,2267,817,0.3603881782090869,291,HellaSwag,0.5,validation,discovery
0.9433478193286046,57170,1609,0.028144131537519677,36214,1014,0.028000220909040703,2259,725,0.3209384683488269,292,HellaSwag,0.5,validation,discovery
0.9336418189873508,57174,1886,0.03298702207297023,36217,1214,0.03352017008587128,2263,750,0.3314184710561202,293,HellaSwag,0.5,validation,discovery
0.9413449112141355,57180,1667,0.029153550192374957,36221,1059,0.02923718284972806,2266,737,0.32524271844660196,294,HellaSwag,0.5,validation,discovery
0.9375485994321304,57166,1773,0.03101493894972536,36219,1178,0.032524365664430274,2264,836,0.36925795053003535,295,HellaSwag,0.5,validation,discovery
0.9443843399960434,57165,1577,0.027586810111081956,36212,1039,0.028692146249861925,2257,692,0.306601683650864,296,HellaSwag,0.5,validation,discovery
0.945740927071469,57172,1541,0.026953753585671307,36218,976,0.026947926445413883,2262,702,0.3103448275862069,297,HellaSwag,0.5,validation,discovery
0.9414055089650071,57179,1666,0.02913657111876738,36221,1016,0.028050026227878853,2265,756,0.3337748344370861,298,HellaSwag,0.5,validation,discovery
0.9467168613568695,57168,1513,0.026465855023789533,36217,970,0.026783002457409503,2261,697,0.3082706766917293,299,HellaSwag,0.5,validation,discovery
0.9382841302232608,57170,1752,0.030645443414378172,36213,1121,0.03095573412862784,2258,763,0.3379096545615589,300,HellaSwag,0.5,validation,discovery
0.9473950811841851,57181,1498,0.026197513159965723,36225,918,0.0253416149068323,2269,701,0.3089466725429705,301,HellaSwag,0.5,validation,discovery
0.9424655349200325,57169,1636,0.02861690776469765,36214,1047,0.028911470701938478,2259,746,0.33023461708720675,302,HellaSwag,0.5,validation,discovery
0.9445177138971147,57171,1574,0.027531440765423028,36221,996,0.027497860357251318,2265,740,0.32671081677704195,303,HellaSwag,0.5,validation,discovery
0.9428958275995869,57174,1624,0.028404519536852416,36220,994,0.0274434014356709,2264,773,0.3414310954063604,304,HellaSwag,0.5,validation,discovery
0.9404277814440013,57180,1696,0.029660720531654423,36224,1073,0.029621245583038868,2268,817,0.3602292768959436,305,HellaSwag,0.5,validation,discovery
0.9387559176114241,57187,1744,0.030496441498942067,36222,1134,0.03130694053337751,2268,792,0.3492063492063492,306,HellaSwag,0.5,validation,discovery
0.9449561610631445,57174,1565,0.027372581942841152,36216,965,0.026645681466755024,2260,697,0.3084070796460177,307,HellaSwag,0.5,validation,discovery
0.9452190193351323,57176,1560,0.02728417517839653,36215,928,0.025624741129366285,2259,688,0.3045595396193006,308,HellaSwag,0.5,validation,discovery
0.9451602882241281,57181,1561,0.027299277732113814,36221,971,0.026807653018966898,2266,655,0.2890556045895852,309,HellaSwag,0.5,validation,discovery
0.9408539915713381,57176,1683,0.029435427452077795,36219,1038,0.028658991137248405,2263,732,0.32346442775077333,310,HellaSwag,0.5,validation,discovery
0.9378344796137505,57179,1771,0.03097290963465608,36223,1137,0.03138889655743588,2267,818,0.36082928981032203,311,HellaSwag,0.5,validation,discovery
0.9382463950729207,57181,1759,0.030761966387436387,36224,1106,0.030532243816254415,2270,678,0.2986784140969163,312,HellaSwag,0.5,validation,discovery
0.9389540341981472,57182,1739,0.030411668007414922,36220,1125,0.03106018774157924,2264,794,0.3507067137809187,313,HellaSwag,0.5,validation,discovery
0.9435079275233718,57176,1607,0.028106198404925144,36222,1000,0.027607531334548064,2266,706,0.3115622241835834,314,HellaSwag,0.5,validation,discovery
0.9354785333523914,57180,1836,0.03210912906610703,36226,1194,0.03295975266383261,2271,812,0.3575517393218846,315,HellaSwag,0.5,validation,discovery
0.9447631323461916,57172,1569,0.027443503813055343,36220,1011,0.027912755383765874,2264,759,0.33524734982332155,316,HellaSwag,0.5,validation,discovery
0.9432232925426959,57183,1616,0.028260147246559293,36226,988,0.0272732291724176,2270,683,0.30088105726872244,317,HellaSwag,0.5,validation,discovery
0.9362560377351715,57181,1814,0.031723824347248214,36222,1121,0.03094804262602838,2266,738,0.32568402471315094,318,HellaSwag,0.5,validation,discovery
0.9482754264583166,57178,1471,0.025726678092972823,36221,902,0.024902680765301898,2265,693,0.30596026490066225,319,HellaSwag,0.5,validation,discovery
0.9356415905719287,57175,1832,0.032041976388281594,36218,1188,0.03280136948478657,2264,804,0.3551236749116608,320,HellaSwag,0.5,validation,discovery
0.9470017851630032,57180,1508,0.026372857642532353,36222,914,0.02523328363977693,2266,741,0.3270079435127979,321,HellaSwag,0.5,validation,discovery
0.9423852622579971,57183,1638,0.028644876973925818,36226,1038,0.0286534533208193,2270,752,0.3312775330396476,322,HellaSwag,0.5,validation,discovery
0.9396646024953429,57172,1714,0.029979710347722663,36220,1106,0.030535615681943677,2265,740,0.32671081677704195,323,HellaSwag,0.5,validation,discovery
0.9383768032030491,57180,1753,0.030657572577824414,36224,1151,0.031774514134275615,2268,793,0.349647266313933,324,HellaSwag,0.5,validation,discovery
0.937125713511206,57176,1788,0.03127186231985449,36225,1186,0.032739820565907525,2270,766,0.33744493392070485,325,HellaSwag,0.5,validation,discovery
0.9417064933706615,57170,1656,0.028966241035508135,36218,1058,0.02921199403611464,2263,727,0.3212549712770658,326,HellaSwag,0.5,validation,discovery
0.9493836853281491,57177,1439,0.025167462441191387,36217,949,0.026203164259877957,2261,669,0.29588677576293676,327,HellaSwag,0.5,validation,discovery
0.9455406065432603,57173,1549,0.027093208332604552,36212,985,0.027200927869214624,2257,693,0.3070447496677005,328,HellaSwag,0.5,validation,discovery
0.9467812265855395,57175,1512,0.026445124617402713,36217,953,0.026313609630836347,2261,689,0.30473241928350286,329,HellaSwag,0.5,validation,discovery
0.9458475664415317,57176,1539,0.026916888204841193,36220,952,0.02628382109331861,2264,738,0.32597173144876324,330,HellaSwag,0.5,validation,discovery
0.9409351355088411,57181,1680,0.029380388590615765,36219,1085,0.029956652585659462,2263,731,0.3230225364560318,331,HellaSwag,0.5,validation,discovery
0.9429327291332121,57178,1623,0.028385043198432963,36221,960,0.026503961790121752,2266,731,0.32259488084730803,332,HellaSwag,0.5,validation,discovery
0.9439526570532767,57175,1594,0.027879317883690424,36223,996,0.027496342103083677,2267,721,0.3180414644905161,333,HellaSwag,0.5,validation,discovery
0.952405080856088,57179,1355,0.023697511324087515,36221,843,0.023273791446950663,2265,675,0.2980132450331126,334,HellaSwag,0.5,validation,discovery
0.9452447226180533,57175,1556,0.027214691735898557,36218,986,0.027224032249157877,2264,715,0.31581272084805656,335,HellaSwag,0.5,validation,discovery
0.9418646617519839,57173,1652,0.02889475801514701,36223,1036,0.028600612870275793,2267,753,0.3321570357300397,336,HellaSwag,0.5,validation,discovery
0.9441015668679321,57176,1590,0.027808870854904157,36219,984,0.027168060962478258,2264,754,0.3330388692579505,337,HellaSwag,0.5,validation,discovery
0.9376413398693533,57176,1775,0.03104449419336785,36223,1147,0.031664964249233915,2268,729,0.32142857142857145,338,HellaSwag,0.5,validation,discovery
0.9479060491353348,57173,1480,0.025886344953037273,36225,945,0.02608695652173913,2270,712,0.3136563876651982,339,HellaSwag,0.5,validation,discovery
0.9426995272610345,57183,1628,0.02846999982512285,36226,1031,0.02846022194004306,2270,717,0.3158590308370044,340,HellaSwag,0.5,validation,discovery
0.9431514796378487,57179,1615,0.028244635268192868,36222,1052,0.029043122963944564,2267,743,0.32774591971768857,341,HellaSwag,0.5,validation,discovery
0.9406537089352922,57177,1688,0.029522360389667174,36222,1081,0.02984374137264646,2266,764,0.33715798764342453,342,HellaSwag,0.5,validation,discovery
0.9393103539904007,57179,1727,0.030203396351807483,36227,1071,0.02956358517128109,2271,748,0.3293703214442977,343,HellaSwag,0.5,validation,discovery
0.9372828556229514,57175,1783,0.031184958460865764,36221,1137,0.03139062974517545,2266,769,0.3393645189761695,344,HellaSwag,0.5,validation,discovery
0.9429307449243134,57174,1623,0.02838702906915731,36220,1115,0.03078409718387631,2266,770,0.33980582524271846,345,HellaSwag,0.5,validation,discovery
0.9486834997852776,57173,1457,0.02548405715984818,36219,930,0.02567713078770811,2264,691,0.3052120141342756,346,HellaSwag,0.5,validation,discovery
0.9459587159066424,57172,1533,0.02681382494927587,36217,1004,0.027721788110555815,2262,773,0.34173297966401417,347,HellaSwag,0.5,validation,discovery
0.9471285786328724,57171,1504,0.02630704378093789,36221,924,0.025510063222992187,2267,732,0.32289369210410235,348,HellaSwag,0.5,validation,discovery
0.9404092750807345,57177,1694,0.029627297689630447,36221,1092,0.030148256536263494,2265,797,0.3518763796909492,349,HellaSwag,0.5,validation,discovery
0.9420515150821774,57180,1648,0.02882126617698496,36224,1058,0.0292071554770318,2268,730,0.3218694885361552,350,HellaSwag,0.5,validation,discovery
0.9417968273989555,57176,1655,0.028945711487337343,36221,1064,0.029375224317384943,2266,754,0.3327449249779347,351,HellaSwag,0.5,validation,discovery
0.942989376875091,57169,1617,0.028284559813885148,36222,1023,0.02824250455524267,2266,744,0.3283318623124448,352,HellaSwag,0.5,validation,discovery
0.9448237651858676,57171,1568,0.02742649245246716,36221,1019,0.028132851108472984,2265,714,0.3152317880794702,353,HellaSwag,0.5,validation,discovery
0.9427304596076495,57175,1627,0.028456493222562308,36217,1051,0.029019521219316894,2261,739,0.32684652808491815,354,HellaSwag,0.5,validation,discovery
0.9372386621586354,57174,1785,0.03122048483576451,36217,1190,0.03285749786012094,2262,791,0.34969053934571176,355,HellaSwag,0.5,validation,discovery
0.9421994239467631,57178,1646,0.02878729581307496,36222,956,0.02639279995582795,2266,733,0.323477493380406,356,HellaSwag,0.5,validation,discovery
0.9469392918300861,57177,1509,0.026391730940762893,36221,960,0.026503961790121752,2265,731,0.3227373068432671,357,HellaSwag,0.5,validation,discovery
0.9354576992457043,57174,1835,0.03209500822051982,36221,1229,0.03393059275006212,2265,775,0.34216335540838855,358,HellaSwag,0.5,validation,discovery
0.9422283057807119,57166,1643,0.028740859951719554,36221,1061,0.029292399436790812,2266,730,0.32215357458075905,359,HellaSwag,0.5,validation,discovery
0.9440923471319201,57175,1590,0.02780935723655444,36219,956,0.026394986057041884,2264,675,0.29814487632508835,360,HellaSwag,0.5,validation,discovery
0.9462592898483912,57179,1527,0.02670560870249567,36220,917,0.025317504141358367,2264,673,0.29726148409893993,361,HellaSwag,0.5,validation,discovery
0.9454247287705159,57168,1553,0.02716554715924993,36214,986,0.027227039266581984,2259,710,0.314298362107127,362,HellaSwag,0.5,validation,discovery
0.940442133107287,57173,1693,0.02961187973344061,36224,1048,0.028931095406360425,2268,777,0.3425925925925926,363,HellaSwag,0.5,validation,discovery
0.9428628857128997,57178,1624,0.028402532442547833,36222,1023,0.02824250455524267,2267,744,0.3281870313189237,364,HellaSwag,0.5,validation,discovery
0.9439415009941771,57170,1593,0.02786426447437467,36220,990,0.027332965212589728,2265,722,0.31876379690949225,365,HellaSwag,0.5,validation,discovery
0.944660296699202,57176,1573,0.027511543304883167,36226,989,0.027300833655385635,2270,707,0.3114537444933921,366,HellaSwag,0.5,validation,discovery
0.942318639750678,57172,1637,0.02863289722241657,36219,1041,0.028741820591402303,2263,666,0.29429960229783475,367,HellaSwag,0.5,validation,discovery
0.942864164482815,57163,1619,0.028322516312999667,36219,1035,0.028576161683094507,2264,749,0.3308303886925795,368,HellaSwag,0.5,validation,discovery
0.9362237362980379,57170,1813,0.031712436592618506,36216,1200,0.03313452617627568,2261,707,0.3126934984520124,369,HellaSwag,0.5,validation,discovery
0.9442703366226692,57165,1582,0.02767427621796554,36216,989,0.02730837199028054,2260,719,0.318141592920354,370,HellaSwag,0.5,validation,discovery
0.9450225334020815,57185,1563,0.027332342397481856,36226,947,0.026141445370728208,2270,740,0.32599118942731276,371,HellaSwag,0.5,validation,discovery
0.947060590340733,57175,1507,0.026357673808482727,36217,926,0.025568103376867216,2262,683,0.3019451812555261,372,HellaSwag,0.5,validation,discovery
0.9398299680555391,57171,1711,0.029927760577915376,36220,1088,0.03003865267807841,2264,787,0.3476148409893993,373,HellaSwag,0.5,validation,discovery
0.9439453962126058,57178,1595,0.027895344363216622,36224,951,0.026253312720848056,2268,731,0.322310405643739,374,HellaSwag,0.5,validation,discovery
0.9422415622602517,57175,1643,0.028736335811106253,36220,990,0.027332965212589728,2264,674,0.29770318021201414,375,HellaSwag,0.5,validation,discovery
0.9448552279549352,57182,1569,0.027438704487426115,36222,1036,0.028601402462591796,2268,781,0.3443562610229277,376,HellaSwag,0.5,validation,discovery
0.9466635539213402,57166,1512,0.02644928803834447,36213,942,0.026012757849391104,2258,736,0.3259521700620018,377,HellaSwag,0.5,validation,discovery
0.9344077823557062,57170,1865,0.03262200454783978,36219,1153,0.0318341202131478,2266,834,0.3680494263018535,378,HellaSwag,0.5,validation,discovery
0.9395034712646585,57181,1724,0.030149874958465224,36225,1057,0.029178743961352657,2269,695,0.30630233583076244,379,HellaSwag,0.5,validation,discovery
0.9434492683933181,57181,1607,0.028103740753047342,36225,1029,0.028405797101449276,2269,768,0.3384750991626267,380,HellaSwag,0.5,validation,discovery
0.946667271226888,57174,1516,0.02651554902578095,36220,926,0.025565985643291,2265,606,0.2675496688741722,381,HellaSwag,0.5,validation,discovery
0.9408611819028232,57173,1683,0.02943697199727144,36218,1097,0.03028880667071622,2262,683,0.3019451812555261,382,HellaSwag,0.5,validation,discovery
0.944048209698685,57174,1592,0.02784482457060902,36219,1020,0.028162014412325024,2264,765,0.3378975265017668,383,HellaSwag,0.5,validation,discovery
0.9425096952123446,57171,1631,0.028528449738503787,36215,1069,0.02951815546044457,2261,744,0.3290579389650597,384,HellaSwag,0.5,validation,discovery
0.9417085250046967,57174,1657,0.02898170497079092,36223,1032,0.02849018579355658,2267,745,0.3286281429201588,385,HellaSwag,0.5,validation,discovery
0.9473509676809935,57180,1497,0.026180482686253934,36219,945,0.026091278058477593,2265,667,0.2944812362030905,386,HellaSwag,0.5,validation,discovery
0.9477939238099191,57175,1485,0.025972890249234805,36221,905,0.024985505645896026,2265,588,0.2596026490066225,387,HellaSwag,0.5,validation,discovery
0.9344588693672264,57183,1866,0.03263207596663344,36227,1277,0.03524995169348828,2271,790,0.3478643769264641,388,HellaSwag,0.5,validation,discovery
0.9438541847859191,57171,1596,0.027916251246261216,36211,1058,0.02921764104830024,2255,762,0.33791574279379155,389,HellaSwag,0.5,validation,discovery
0.9461213076281578,57164,1529,0.026747603386746904,36217,1046,0.028881464505618907,2262,709,0.3134394341290893,390,HellaSwag,0.5,validation,discovery
0.9462885962616833,57167,1526,0.026693721902496196,36219,970,0.02678152350976007,2265,690,0.304635761589404,391,HellaSwag,0.5,validation,discovery
0.9396688018685505,57180,1718,0.030045470444211263,36223,1142,0.031526930403334895,2268,814,0.35890652557319225,392,HellaSwag,0.5,validation,discovery
0.9494115600122566,57161,1433,0.02506954042091636,36216,923,0.025485973050585378,2261,737,0.32596196373286157,393,HellaSwag,0.5,validation,discovery
0.946551447469976,57169,1518,0.026552852070177893,36220,928,0.025621203754831585,2266,701,0.30935569285083847,394,HellaSwag,0.5,validation,discovery
0.943200883439764,57173,1614,0.028230108617704162,36222,1073,0.029622881121970073,2268,727,0.3205467372134039,395,HellaSwag,0.5,validation,discovery
0.9386262328208234,57173,1742,0.03046892764066955,36218,1090,0.030095532608095422,2262,793,0.3505747126436782,396,HellaSwag,0.5,validation,discovery
0.942791061827517,57174,1627,0.028456990939937733,36223,1069,0.029511636253209288,2267,745,0.3286281429201588,397,HellaSwag,0.5,validation,discovery
0.9372528523520333,57169,1783,0.031188231384141753,36217,1136,0.03136648535218268,2261,778,0.3440955329500221,398,HellaSwag,0.5,validation,discovery
0.9439546223850922,57180,1595,0.027894368660370757,36223,1004,0.027717196256522098,2267,676,0.29819144243493606,399,HellaSwag,0.5,validation,discovery
0.9457409198631317,57172,1541,0.026953753585671307,36220,990,0.027332965212589728,2265,747,0.32980132450331123,400,HellaSwag,0.5,validation,discovery
0.9408796747148225,57175,1679,0.029365981635330128,36216,1093,0.030180030925557766,2260,762,0.33716814159292036,401,HellaSwag,0.5,validation,discovery
0.9416294318701615,57173,1659,0.02901719343046543,36226,1021,0.028184177110362724,2270,761,0.33524229074889866,402,HellaSwag,0.5,validation,discovery
0.9433076234155853,57177,1612,0.028193154590132396,36221,999,0.02758068523784545,2265,746,0.3293598233995585,403,HellaSwag,0.5,validation,discovery
0.9476064728902169,57166,1485,0.025976979323374033,36216,932,0.025734481996907446,2261,689,0.30473241928350286,404,HellaSwag,0.5,validation,discovery
0.9438294571069761,57173,1596,0.027915274692599655,36221,1040,0.028712625272631898,2267,750,0.33083370092633435,405,HellaSwag,0.5,validation,discovery
0.9467536512544392,57172,1511,0.026429021199188413,36223,984,0.027165060872926042,2267,721,0.3180414644905161,406,HellaSwag,0.5,validation,discovery
0.9393153963867769,57172,1725,0.03017211222276639,36220,1087,0.030011043622308116,2265,729,0.3218543046357616,407,HellaSwag,0.5,validation,discovery
0.9425241494770329,57164,1631,0.02853194318102302,36215,1032,0.02849647935938147,2259,651,0.28818061088977426,408,HellaSwag,0.5,validation,discovery
0.9433056535788493,57173,1611,0.02817763629685341,36221,997,0.027525468650782696,2266,636,0.28067078552515445,409,HellaSwag,0.5,validation,discovery
0.9441306496777386,57164,1588,0.027779721503043874,36215,918,0.025348612453403287,2259,736,0.32580787959274016,410,HellaSwag,0.5,validation,discovery
0.9439803212346323,57178,1593,0.027860365874986883,36220,1021,0.028188845941468803,2265,670,0.2958057395143488,411,HellaSwag,0.5,validation,discovery
0.9397828233934306,57181,1713,0.02995750336650286,36224,1083,0.029897305653710248,2268,705,0.31084656084656087,412,HellaSwag,0.5,validation,discovery
0.9420761912970018,57177,1648,0.028822778389912027,36218,1035,0.02857695068750345,2263,800,0.3535130357931949,413,HellaSwag,0.5,validation,discovery
0.9406671018492054,57186,1691,0.02957017451823873,36225,1073,0.029620427881297446,2269,742,0.3270163067430586,414,HellaSwag,0.5,validation,discovery
0.9408539829666318,57176,1683,0.029435427452077795,36215,1072,0.029600994063233466,2261,762,0.3370190181335692,415,HellaSwag,0.5,validation,discovery
0.9434288551957196,57175,1608,0.028124180148666376,36218,977,0.026975537025788282,2263,732,0.32346442775077333,416,HellaSwag,0.5,validation,discovery
0.9477663601316517,57172,1483,0.02593927097180438,36219,958,0.026450205693144484,2263,669,0.2956252761820592,417,HellaSwag,0.5,validation,discovery
0.9438406352474282,57178,1599,0.027965301339676098,36226,952,0.026279467785568375,2272,713,0.31382042253521125,418,HellaSwag,0.5,validation,discovery
0.9443256351558432,57170,1583,0.027689347559909042,36217,966,0.026672557086451113,2261,714,0.3157894736842105,419,HellaSwag,0.5,validation,discovery
0.9406680662332233,57171,1687,0.0295079673260919,36218,1154,0.031862609752056986,2262,779,0.34438549955791337,420,HellaSwag,0.5,validation,discovery
0.9456234336318814,57182,1545,0.02701899199048652,36226,901,0.02487163915419864,2270,635,0.27973568281938327,421,HellaSwag,0.5,validation,discovery
0.941423999483478,57181,1668,0.029170528672111364,36224,1113,0.03072548586572438,2268,757,0.33377425044091713,422,HellaSwag,0.5,validation,discovery
0.9427027534248,57172,1628,0.0284754775064717,36219,1061,0.029294016952428285,2265,797,0.3518763796909492,423,HellaSwag,0.5,validation,discovery
0.9423852622579971,57183,1641,0.028697340118566707,36221,1074,0.02965130725269871,2265,730,0.32229580573951433,424,HellaSwag,0.5,validation,discovery
0.9515361806555249,57168,1374,0.024034424853064652,36221,859,0.023715524143452692,2265,696,0.3072847682119205,425,HellaSwag,0.5,validation,discovery
0.9443586105870149,57166,1579,0.027621313368085924,36218,1016,0.02805234966038986,2265,791,0.34922737306843266,426,HellaSwag,0.5,validation,discovery
0.9313789148006758,57171,1952,0.03414318448164279,36226,1250,0.034505603710042514,2270,759,0.3343612334801762,427,HellaSwag,0.5,validation,discovery
0.9391942255209397,57174,1727,0.030206037709448352,36220,1057,0.029182771949199337,2265,822,0.3629139072847682,428,HellaSwag,0.5,validation,discovery
0.9473234020547963,57177,1497,0.02618185634083635,36223,944,0.026060790105733925,2269,666,0.29352137505509035,429,HellaSwag,0.5,validation,discovery
0.9362003210753718,57175,1814,0.03172715347616965,36224,1166,0.032188604240282685,2268,783,0.34523809523809523,430,HellaSwag,0.5,validation,discovery
0.94042362817513,57171,1694,0.029630407024540412,36219,1050,0.028990308953863994,2263,726,0.32081307998232433,431,HellaSwag,0.5,validation,discovery
0.9384794172396353,57176,1749,0.03058975794039457,36224,1088,0.030035335689045935,2269,778,0.3428823270163067,432,HellaSwag,0.5,validation,discovery
0.9417249678877595,57172,1658,0.029000209892954595,36214,1035,0.028580107140884742,2258,747,0.3308237378210806,433,HellaSwag,0.5,validation,discovery
0.9394643249786578,57173,1722,0.030119112168331207,36221,1069,0.029513265785041827,2266,731,0.32259488084730803,434,HellaSwag,0.5,validation,discovery
0.9433609921176158,57179,1613,0.02820965739169975,36228,956,0.0263884288395716,2272,713,0.31382042253521125,435,HellaSwag,0.5,validation,discovery
0.943133021386929,57177,1618,0.028298091890095668,36221,1030,0.02843654233731813,2265,790,0.3487858719646799,436,HellaSwag,0.5,validation,discovery
0.9462463485669603,57170,1527,0.02670981283890152,36221,925,0.025537671516523565,2265,663,0.29271523178807946,437,HellaSwag,0.5,validation,discovery
0.9416089264925595,57169,1658,0.029001731707743707,36215,1085,0.029959961341985364,2259,771,0.34130146082337315,438,HellaSwag,0.5,validation,discovery
0.9450424993873456,57173,1562,0.02732058838962447,36215,976,0.026950158773988677,2259,729,0.32270916334661354,439,HellaSwag,0.5,validation,discovery
0.9393823070659585,57183,1727,0.030201283598272215,36223,1062,0.029318388868950666,2267,767,0.3383325981473313,440,HellaSwag,0.5,validation,discovery
0.9489628648029935,57173,1451,0.025379112518146677,36221,917,0.02531680516827255,2265,667,0.2944812362030905,441,HellaSwag,0.5,validation,discovery
0.9492182610896039,57178,1444,0.02525446850187135,36225,918,0.0253416149068323,2269,695,0.30630233583076244,442,HellaSwag,0.5,validation,discovery
0.9414897538692931,57173,1661,0.029052174977699265,36225,1022,0.02821256038647343,2271,674,0.29678555702333775,443,HellaSwag,0.5,validation,discovery
0.9398792060404756,57165,1707,0.029860928890055104,36214,1077,0.029739879604572816,2259,722,0.3196104471004869,444,HellaSwag,0.5,validation,discovery
0.9399666659196699,57182,1712,0.029939491448357874,36221,1078,0.029761740426824217,2265,729,0.3218543046357616,445,HellaSwag,0.5,validation,discovery
0.94512345913256,57177,1562,0.027318677090438462,36218,995,0.027472527472527472,2263,754,0.3331860362350862,446,HellaSwag,0.5,validation,discovery
0.9451564671778844,57173,1560,0.02728560684239064,36217,923,0.025485269348648424,2262,723,0.3196286472148541,447,HellaSwag,0.5,validation,discovery
0.9503156246360103,57172,1414,0.024732386482893724,36219,896,0.02473839697396394,2264,663,0.2928445229681979,448,HellaSwag,0.5,validation,discovery
0.9374983819321205,57171,1778,0.031099683405922583,36221,1160,0.032025620496397116,2267,746,0.3290692545213939,449,HellaSwag,0.5,validation,discovery
0.9522862052652152,57166,1354,0.02368540740999895,36215,798,0.022035068341847302,2259,624,0.27622841965471445,450,HellaSwag,0.5,validation,discovery
0.9405397100910226,57177,1690,0.02955733948965493,36223,1020,0.028158904563398944,2267,744,0.3281870313189237,451,HellaSwag,0.5,validation,discovery
0.9415339211323703,57174,1661,0.029051666841571344,36216,1102,0.030428539871879833,2260,700,0.30973451327433627,452,HellaSwag,0.5,validation,discovery
0.9416920789637946,57176,1658,0.028998181054988106,36222,1047,0.028905085307271823,2266,756,0.33362753751103263,453,HellaSwag,0.5,validation,discovery
0.9367776069843363,57177,1798,0.031446210888993825,36219,1162,0.03208260857560949,2264,832,0.3674911660777385,454,HellaSwag,0.5,validation,discovery
0.9359930334124186,57179,1825,0.03191731229997027,36220,1081,0.02984538928768636,2264,746,0.3295053003533569,455,HellaSwag,0.5,validation,discovery
0.9404534493671638,57178,1693,0.02960929028647382,36219,1129,0.031171484579916618,2264,830,0.3666077738515901,456,HellaSwag,0.5,validation,discovery
0.9467573554348692,57180,1516,0.02651276670164393,36223,979,0.02702702702702703,2267,726,0.3202470224966917,457,HellaSwag,0.5,validation,discovery
0.9447917204666657,57178,1570,0.027458113260344887,36220,964,0.02661512976256212,2265,701,0.30949227373068433,458,HellaSwag,0.5,validation,discovery
0.9505526309053758,57175,1406,0.02459116746829908,36220,860,0.023743787962451683,2265,657,0.2900662251655629,459,HellaSwag,0.5,validation,discovery
0.9468713043261829,57181,1511,0.026424861405012153,36223,982,0.027109847334566436,2267,679,0.2995147772386414,460,HellaSwag,0.5,validation,discovery
0.9449028101055073,57172,1565,0.027373539494857622,36222,975,0.026917343051184362,2266,654,0.2886142983230362,461,HellaSwag,0.5,validation,discovery
0.9410357872998544,57173,1674,0.029279555034719185,36215,1095,0.030236090017948365,2259,695,0.30765825586542717,462,HellaSwag,0.5,validation,discovery
0.9406722128963583,57179,1686,0.02948634988369856,36221,1095,0.030231081416857625,2266,796,0.35127978817299205,463,HellaSwag,0.5,validation,discovery
0.9442688805219143,57180,1584,0.02770199370409234,36223,1030,0.028434972255196974,2268,776,0.3421516754850088,464,HellaSwag,0.5,validation,discovery
0.943921658327027,57183,1600,0.027980343808474546,36222,996,0.02749710120920987,2267,711,0.31363034847816496,465,HellaSwag,0.5,validation,discovery
0.9388685417368543,57169,1737,0.030383599503227273,36219,1081,0.029846213313454266,2266,806,0.3556928508384819,466,HellaSwag,0.5,validation,discovery
0.9356044276549023,57171,1831,0.03202672683703276,36217,1140,0.03147693072314107,2261,699,0.30915524104378594,467,HellaSwag,0.5,validation,discovery
0.9444803416322484,57183,1578,0.02759561408110802,36224,988,0.027274734982332155,2269,710,0.3129131776112825,468,HellaSwag,0.5,validation,discovery
0.9369522062811109,57177,1794,0.031376252689018315,36222,1119,0.030892827563359284,2267,741,0.32686369651521835,469,HellaSwag,0.5,validation,discovery
0.9440152292782079,57178,1596,0.027912833607331492,36218,993,0.027417306311778675,2264,676,0.29858657243816256,470,HellaSwag,0.5,validation,discovery
0.9354974260227805,57167,1834,0.03208144558923855,36211,1156,0.031924000994173043,2256,718,0.3182624113475177,471,HellaSwag,0.5,validation,discovery
0.942139996323732,57164,1644,0.028759359037156252,36210,1056,0.02916321458160729,2255,723,0.3206208425720621,472,HellaSwag,0.5,validation,discovery
0.943875565735721,57178,1597,0.027930322851446362,36219,996,0.027499378779093846,2263,725,0.32037118868758285,473,HellaSwag,0.5,validation,discovery
0.9385749129861917,57175,1745,0.030520332313073897,36216,1078,0.029765849348354318,2260,752,0.3327433628318584,474,HellaSwag,0.5,validation,discovery
0.9493561612990123,57174,1440,0.02518627348095288,36221,906,0.025013113939427404,2265,691,0.3050772626931567,475,HellaSwag,0.5,validation,discovery
0.9429913602718591,57173,1621,0.02835254403302258,36217,973,0.026865836485628295,2261,727,0.3215391419725785,476,HellaSwag,0.5,validation,discovery
0.945420925045545,57160,1547,0.02706438068579426,36215,1051,0.02902112384371117,2259,792,0.350597609561753,477,HellaSwag,0.5,validation,discovery
0.9418502350038184,57179,1656,0.02896168173630179,36222,1081,0.02984374137264646,2266,793,0.3499558693733451,478,HellaSwag,0.5,validation,discovery
0.9452612188879848,57173,1556,0.02721564374792297,36223,994,0.02744112856472407,2269,693,0.30542089026002645,479,HellaSwag,0.5,validation,discovery
0.9386076866030649,57171,1743,0.030487484913680012,36222,1033,0.02851857986858815,2268,746,0.3289241622574956,480,HellaSwag,0.5,validation,discovery
0.9422487886508522,57172,1641,0.028702861540614286,36217,1033,0.02852251705000414,2262,777,0.34350132625994695,481,HellaSwag,0.5,validation,discovery
0.9399183020131054,57173,1708,0.029874241337694365,36224,1057,0.029179549469964663,2268,759,0.33465608465608465,482,HellaSwag,0.5,validation,discovery
0.940868365511843,57170,1678,0.02935105824733252,36216,1090,0.030097194610117076,2260,721,0.31902654867256636,483,HellaSwag,0.5,validation,discovery
0.9418574313555181,57175,1652,0.02889374726716222,36222,1041,0.028739440119264534,2266,771,0.34024713150926744,484,HellaSwag,0.5,validation,discovery
0.9404626916632928,57179,1692,0.029591283513177916,36229,1042,0.0287614894145574,2273,745,0.3277606687197536,485,HellaSwag,0.5,validation,discovery
0.9361022434120687,57187,1819,0.03180792837533006,36225,1169,0.03227053140096618,2270,810,0.3568281938325991,486,HellaSwag,0.5,validation,discovery
0.9491833348795833,57179,1446,0.025289004704524387,36221,865,0.023881173904640954,2265,610,0.2693156732891832,487,HellaSwag,0.5,validation,discovery
0.9501628171986678,57182,1419,0.024815501381553636,36223,888,0.024514811031664963,2267,669,0.2951036612262902,488,HellaSwag,0.5,validation,discovery
0.9339584121778614,57178,1880,0.03287977893595439,36221,1243,0.03431710885950139,2265,822,0.3629139072847682,489,HellaSwag,0.5,validation,discovery
0.9415873118678895,57176,1660,0.029033160766755283,36222,1105,0.030506322124675612,2267,806,0.35553595059550064,490,HellaSwag,0.5,validation,discovery
0.9378486870926913,57172,1769,0.0309417197229413,36219,1111,0.030674507854993236,2265,756,0.3337748344370861,491,HellaSwag,0.5,validation,discovery
0.9428147579065707,57169,1625,0.028424495793174624,36218,1050,0.028991109393119444,2263,760,0.33583738400353513,492,HellaSwag,0.5,validation,discovery
0.9458164330695942,57184,1542,0.026965584778959148,36224,980,0.027053886925795054,2268,702,0.30952380952380953,493,HellaSwag,0.5,validation,discovery
0.9391870830060324,57177,1730,0.030256921489410078,36222,1050,0.028987907901275468,2267,738,0.325540361711513,494,HellaSwag,0.5,validation,discovery
0.9424840120019512,57171,1634,0.028580923894981722,36221,1003,0.027691118411970955,2265,759,0.3350993377483444,495,HellaSwag,0.5,validation,discovery
0.9453844014689586,57175,1552,0.027144731088762572,36221,992,0.027387427183125812,2265,770,0.33995584988962474,496,HellaSwag,0.5,validation,discovery
0.9490087371062628,57178,1451,0.025376893210675433,36218,872,0.024076426086476338,2262,635,0.2807250221043324,497,HellaSwag,0.5,validation,discovery
0.9451158221919066,57161,1560,0.02729133500113714,36214,963,0.026591925774562323,2259,714,0.3160690571049137,498,HellaSwag,0.5,validation,discovery
0.9429524623459811,57165,1619,0.02832152540890405,36216,1004,0.027722553567483984,2261,778,0.3440955329500221,499,HellaSwag,0.5,validation,discovery
0.93974789902399,57181,1716,0.03000996834612896,36224,1124,0.031029151943462896,2269,687,0.3027765535478184,500,HellaSwag,0.5,validation,discovery
0.9504879695272805,57187,1408,0.02462098029272387,36224,890,0.02456934628975265,2268,700,0.30864197530864196,501,HellaSwag,0.5,validation,discovery
0.9404719484907513,57180,1690,0.029555788737320742,36223,1067,0.029456422714849682,2267,655,0.28892809880899867,502,HellaSwag,0.5,validation,discovery
0.9413315962546489,57171,1667,0.029158139616239004,36218,1106,0.030537301894085815,2263,684,0.30225364560318163,503,HellaSwag,0.5,validation,discovery
0.9441233893064901,57167,1587,0.027760771074221143,36216,951,0.026259111994698475,2261,651,0.28792569659442724,504,HellaSwag,0.5,validation,discovery
0.9417743040025374,57166,1656,0.028968267851520135,36214,1037,0.028635334401060364,2258,738,0.32683790965456155,505,HellaSwag,0.5,validation,discovery
0.9476965112962483,57172,1485,0.02597425313090324,36222,902,0.024901993263762353,2266,716,0.3159752868490733,506,HellaSwag,0.5,validation,discovery
0.9444507719677676,57176,1579,0.027616482440184692,36221,1017,0.02807763452141023,2266,729,0.32171226831421007,507,HellaSwag,0.5,validation,discovery
0.9450812362803571,57180,1562,0.027317243791535502,36220,923,0.025483158475980122,2265,686,0.30286975717439296,508,HellaSwag,0.5,validation,discovery
0.936176909681604,57180,1816,0.03175935641832809,36225,1278,0.03527950310559006,2269,813,0.35830762450418685,509,HellaSwag,0.5,validation,discovery
0.9432305391158938,57180,1616,0.02826162994053865,36223,996,0.027496342103083677,2268,730,0.3218694885361552,510,HellaSwag,0.5,validation,discovery
0.9391614226909863,57178,1731,0.030273881562838854,36222,1078,0.029760918778642814,2266,746,0.3292144748455428,511,HellaSwag,0.5,validation,discovery
0.9427324428916641,57179,1629,0.028489480403644695,36219,1017,0.028079184958171126,2264,742,0.32773851590106007,512,HellaSwag,0.5,validation,discovery
0.9411795586736627,57181,1674,0.029275458631363566,36220,1061,0.029293208172280507,2264,735,0.3246466431095406,513,HellaSwag,0.5,validation,discovery
0.9433303583316895,57171,1611,0.02817862202865089,36215,998,0.027557641861107277,2261,741,0.3277310924369748,514,HellaSwag,0.5,validation,discovery
0.9454726577282381,57177,1551,0.027126292040505796,36219,991,0.027361329688837352,2264,679,0.2999116607773852,515,HellaSwag,0.5,validation,discovery
0.9401114106250464,57176,1702,0.029767734713865956,36225,1085,0.02995169082125604,2270,741,0.326431718061674,516,HellaSwag,0.5,validation,discovery
0.9390823267195311,57177,1731,0.030274411039403957,36224,1090,0.03009054770318021,2268,729,0.32142857142857145,517,HellaSwag,0.5,validation,discovery
0.9369614938890442,57178,1792,0.031340725453845884,36220,1169,0.032274986195472116,2265,800,0.35320088300220753,518,HellaSwag,0.5,validation,discovery
0.9414291456065649,57174,1666,0.029139119180046875,36222,1035,0.028573794931257248,2267,728,0.3211292456991619,519,HellaSwag,0.5,validation,discovery
0.941330521025662,57186,1672,0.029237925366348408,36227,978,0.026996439119993373,2271,687,0.30250990752972257,520,HellaSwag,0.5,validation,discovery
0.9519328287012259,57177,1368,0.023925704391626005,36222,832,0.02296946607034399,2267,637,0.28098808998676666,521,HellaSwag,0.5,validation,discovery
0.9432746843956757,57181,1614,0.028226159038841573,36228,971,0.026802473225129735,2272,710,0.3125,522,HellaSwag,0.5,validation,discovery
0.9475733927159239,57170,1488,0.02602763687248557,36221,958,0.026448745203059,2266,690,0.30450132391879964,523,HellaSwag,0.5,validation,discovery
0.9404349464439301,57176,1697,0.02968028543444802,36221,1125,0.031059330222798928,2265,822,0.3629139072847682,524,HellaSwag,0.5,validation,discovery
0.9488175763706491,57180,1456,0.0254634487583071,36220,882,0.024351187189398122,2264,673,0.29726148409893993,525,HellaSwag,0.5,validation,discovery
0.9420998734195172,57171,1644,0.02875583774990817,36218,1089,0.030067922027721024,2262,760,0.3359858532272325,526,HellaSwag,0.5,validation,discovery
0.9370220549978073,57177,1793,0.031358763139024436,36223,1124,0.031030008558098447,2267,790,0.34847816497573886,527,HellaSwag,0.5,validation,discovery
0.940949496721568,57175,1680,0.029383471797114123,36222,1083,0.029898956435315555,2269,717,0.31599823710885855,528,HellaSwag,0.5,validation,discovery
0.9454596513742678,57169,1550,0.027112595987335793,36214,1005,0.0277516982382504,2260,697,0.3084070796460177,529,HellaSwag,0.5,validation,discovery
0.9463180600216269,57174,1526,0.02669045370273201,36222,962,0.02655844514383524,2266,734,0.32391879964695497,530,HellaSwag,0.5,validation,discovery
0.940129922510238,57177,1704,0.029802193189569233,36219,1051,0.029017918771915292,2263,756,0.33406981882456915,531,HellaSwag,0.5,validation,discovery
0.9425097035457385,57170,1634,0.02858142382368375,36222,1057,0.029181160620617305,2267,754,0.3325981473312748,532,HellaSwag,0.5,validation,discovery
0.9463493907746426,57185,1528,0.026720293783334792,36223,956,0.02639207133589156,2267,724,0.31936479929422146,533,HellaSwag,0.5,validation,discovery
0.9413264350801606,57178,1669,0.029189548427716955,36224,1065,0.029400397526501768,2268,724,0.31922398589065254,534,HellaSwag,0.5,validation,discovery
0.9516758878994432,57168,1371,0.023981947942905122,36218,874,0.024131647247225135,2262,668,0.2953138815207781,535,HellaSwag,0.5,validation,discovery
0.9389127427153809,57170,1736,0.030365576351233166,36218,1108,0.030592523054834612,2262,776,0.34305923961096374,536,HellaSwag,0.5,validation,discovery
0.9488580982388992,57173,1455,0.025449075612614346,36219,927,0.025594301333554212,2263,683,0.30181175430844015,537,HellaSwag,0.5,validation,discovery
0.948273623376777,57174,1471,0.02572847797950117,36219,834,0.0230265882547834,2264,582,0.2570671378091873,538,HellaSwag,0.5,validation,discovery
0.9424747694828556,57170,1632,0.028546440440790626,36216,1072,0.02960017671747294,2261,678,0.2998673153471915,539,HellaSwag,0.5,validation,discovery
0.9441694575858317,57172,1586,0.02774085216539565,36218,949,0.0262024407753051,2263,698,0.30844012372956253,540,HellaSwag,0.5,validation,discovery
0.9423812441373588,57175,1639,0.028666375163970265,36217,1085,0.029958306872463206,2262,761,0.3364279398762157,541,HellaSwag,0.5,validation,discovery
0.9409546395067974,57168,1678,0.02935208508256367,36214,1029,0.028414425360357872,2258,719,0.3184233835252436,542,HellaSwag,0.5,validation,discovery
0.9452409051091553,57167,1555,0.027201007574299857,36217,930,0.025678548747825606,2261,631,0.27908005307386113,543,HellaSwag,0.5,validation,discovery
0.9439012640476866,57177,1594,0.02787834269024258,36219,975,0.026919572600016567,2263,694,0.30667255855059655,544,HellaSwag,0.5,validation,discovery
0.9484059292568225,57177,1465,0.02562219074103223,36219,875,0.02415859079488666,2263,658,0.2907644719399028,545,HellaSwag,0.5,validation,discovery
0.9447723353074605,57173,1570,0.02746051457855981,36216,990,0.027335984095427434,2261,685,0.30296329057938964,546,HellaSwag,0.5,validation,discovery
0.9448586868751799,57172,1569,0.027443503813055343,36223,940,0.025950363029014715,2267,677,0.29863255403617117,547,HellaSwag,0.5,validation,discovery
0.9451491718023173,57176,1558,0.027249195466629354,36219,922,0.025456252243297717,2263,696,0.3075563411400795,548,HellaSwag,0.5,validation,discovery
0.941070704506048,57173,1674,0.029279555034719185,36217,1101,0.030400088356296765,2263,796,0.3517454706142289,549,HellaSwag,0.5,validation,discovery
0.9380881854025908,57179,1761,0.03079802025219049,36222,1109,0.030616752250013805,2267,795,0.3506837229819144,550,HellaSwag,0.5,validation,discovery
0.9455847272227553,57174,1546,0.027040263056634133,36220,1013,0.02796797349530646,2264,785,0.3467314487632509,551,HellaSwag,0.5,validation,discovery
0.9385656481494249,57174,1746,0.030538356595655368,36219,1133,0.031281923852121814,2263,760,0.33583738400353513,552,HellaSwag,0.5,validation,discovery
0.9390638028483185,57175,1733,0.030310450371665937,36217,1036,0.028605351078222933,2262,726,0.3209549071618037,553,HellaSwag,0.5,validation,discovery
0.9387873246906743,57164,1739,0.030421244139668322,36222,1130,0.031196510408039314,2266,766,0.3380406001765225,554,HellaSwag,0.5,validation,discovery
0.9424840120019512,57171,1636,0.02861590666596701,36221,1016,0.028050026227878853,2265,739,0.3262693156732892,555,HellaSwag,0.5,validation,discovery
0.946553310343062,57173,1520,0.026585975897713957,36220,923,0.025483158475980122,2264,679,0.2999116607773852,556,HellaSwag,0.5,validation,discovery
0.9376997226982494,57171,1770,0.030959752321981424,36219,1174,0.032413926392225074,2265,785,0.3465783664459161,557,HellaSwag,0.5,validation,discovery
0.9383354330564943,57168,1752,0.030646515533165407,36220,1089,0.0300662617338487,2266,690,0.30450132391879964,558,HellaSwag,0.5,validation,discovery
0.9433959113673843,57179,1612,0.028192168453453192,36222,1035,0.028573794931257248,2266,755,0.33318623124448365,559,HellaSwag,0.5,validation,discovery
0.951818920026074,57176,1370,0.0239611025605149,36222,836,0.02307989619568218,2266,662,0.2921447484554281,560,HellaSwag,0.5,validation,discovery
0.9445555258386938,57176,1577,0.027581502728417518,36220,1065,0.029403644395361677,2264,741,0.32729681978798586,561,HellaSwag,0.5,validation,discovery
0.9372664877296913,57177,1784,0.031201357189079525,36223,1150,0.03174778455677332,2267,705,0.3109836788707543,562,HellaSwag,0.5,validation,discovery
0.9498210505741165,57179,1425,0.024921737001346648,36224,870,0.024017226148409895,2268,650,0.2865961199294533,563,HellaSwag,0.5,validation,discovery
0.9478288373445337,57175,1482,0.025920419763882815,36220,904,0.02495858641634456,2265,680,0.30022075055187636,564,HellaSwag,0.5,validation,discovery
0.9474153255614327,57168,1493,0.026116008956059335,36222,952,0.026282369830489757,2266,750,0.33097969991173876,565,HellaSwag,0.5,validation,discovery
0.9375169373751756,57173,1777,0.031081104717261644,36213,1090,0.03009968795736338,2258,730,0.3232949512843224,566,HellaSwag,0.5,validation,discovery
0.9373898004072233,57179,1781,0.03114779901712167,36223,1113,0.030726334097120615,2267,737,0.3250992501102779,567,HellaSwag,0.5,validation,discovery
0.9392291342690622,57174,1729,0.030241018644838562,36218,1164,0.03213871555580098,2265,788,0.3479028697571744,568,HellaSwag,0.5,validation,discovery
0.9509899872775602,57177,1393,0.02436294314147297,36223,869,0.02399028241724871,2268,695,0.3064373897707231,569,HellaSwag,0.5,validation,discovery
0.9392804750024216,57172,1726,0.03018960330231582,36222,1119,0.030892827563359284,2267,740,0.32642258491398324,570,HellaSwag,0.5,validation,discovery
0.9411682730516536,57176,1673,0.02926052889324192,36221,1058,0.02920957455619668,2265,760,0.3355408388520971,571,HellaSwag,0.5,validation,discovery
0.9413377213473225,57183,1670,0.029204483850095306,36223,1086,0.029980951329265936,2267,744,0.3281870313189237,572,HellaSwag,0.5,validation,discovery
0.9419826873897661,57181,1652,0.028890715447438833,36224,994,0.027440371024734983,2269,740,0.3261348611723226,573,HellaSwag,0.5,validation,discovery
0.9397622089416015,57175,1712,0.029943156974202013,36220,1095,0.03023191606847046,2264,723,0.31934628975265017,574,HellaSwag,0.5,validation,discovery
0.9463916309466108,57182,1526,0.026686719597076004,36224,950,0.026225706713780918,2268,708,0.31216931216931215,575,HellaSwag,0.5,validation,discovery
0.9399717287483865,57175,1707,0.02985570616528203,36218,1075,0.02968137390247943,2262,742,0.3280282935455349,576,HellaSwag,0.5,validation,discovery
0.9387381161430502,57170,1743,0.030488018191359104,36213,1145,0.03161847955154226,2257,771,0.3416038989809482,577,HellaSwag,0.5,validation,discovery
0.9366799177758423,57174,1802,0.031517822786581315,36218,1147,0.03166933568943619,2265,797,0.3518763796909492,578,HellaSwag,0.5,validation,discovery
0.9408098337754704,57175,1681,0.02940096195889812,36223,1068,0.029484029484029485,2267,719,0.3171592412880459,579,HellaSwag,0.5,validation,discovery
0.9458034501264815,57175,1541,0.02695233930913861,36216,971,0.026811354097636405,2261,735,0.32507739938080493,580,HellaSwag,0.5,validation,discovery
0.9422817027645168,57168,1640,0.028687377553876296,36221,1110,0.030645205819828276,2265,806,0.3558498896247241,581,HellaSwag,0.5,validation,discovery
0.9453605878373585,57180,1553,0.027159846100034978,36221,978,0.027000911073686535,2265,679,0.2997792494481236,582,HellaSwag,0.5,validation,discovery
0.9421111246727699,57176,1647,0.028805792640268644,36218,1100,0.030371638411839416,2262,775,0.34261715296198053,583,HellaSwag,0.5,validation,discovery
0.9392505826978381,57166,1724,0.030157786096630865,36219,1139,0.03144758276042961,2264,752,0.3321554770318021,584,HellaSwag,0.5,validation,discovery
0.9334812065412325,57168,1890,0.03306045340050378,36216,1294,0.035730064060083944,2261,815,0.36045997346306946,585,HellaSwag,0.5,validation,discovery
0.9424161679106408,57175,1638,0.02864888500218627,36219,1023,0.02824484386647892,2264,761,0.33613074204946997,586,HellaSwag,0.5,validation,discovery
0.9460920197043085,57176,1533,0.026811949069539667,36220,990,0.027332965212589728,2264,686,0.3030035335689046,587,HellaSwag,0.5,validation,discovery
0.9451288289113409,57170,1558,0.027252055273744972,36215,966,0.02667403009802568,2262,698,0.30857648099027407,588,HellaSwag,0.5,validation,discovery
0.9433240937882248,57176,1609,0.02814117811669232,36228,1060,0.029259136579441316,2273,737,0.32424109106907173,589,HellaSwag,0.5,validation,discovery
0.9391140573874412,57172,1730,0.030259567620513537,36217,1096,0.030262031642598778,2262,746,0.3297966401414677,590,HellaSwag,0.5,validation,discovery
0.9474355282620789,57174,1495,0.02614824920418372,36218,947,0.026147219614556298,2262,695,0.3072502210433245,591,HellaSwag,0.5,validation,discovery
0.9444105080186346,57183,1581,0.027648077225748913,36223,1027,0.028352151947657566,2267,711,0.31363034847816496,592,HellaSwag,0.5,validation,discovery
0.9437411721007134,57171,1597,0.027933742631753862,36221,972,0.026835261312498273,2266,718,0.31685789938217124,593,HellaSwag,0.5,validation,discovery
0.9464081631000322,57180,1524,0.026652675760755508,36224,941,0.02597725265017668,2268,697,0.3073192239858907,594,HellaSwag,0.5,validation,discovery
0.9417639385505318,57180,1657,0.028978663868485483,36223,1073,0.0296220633299285,2267,802,0.3537715041905602,595,HellaSwag,0.5,validation,discovery
0.9338304371373936,57168,1880,0.03288553036663868,36216,1210,0.033410647227744644,2260,787,0.34823008849557524,596,HellaSwag,0.5,validation,discovery
0.9466709891685214,57182,1517,0.026529327410723655,36225,961,0.02652864044168392,2269,667,0.29396209784045835,597,HellaSwag,0.5,validation,discovery
0.9411867514101199,57178,1673,0.02925950540417643,36222,1058,0.029208768151951853,2266,805,0.3552515445719329,598,HellaSwag,0.5,validation,discovery
0.9428219963890776,57166,1624,0.02840849455970332,36220,966,0.026670347874102707,2266,717,0.31641659311562226,599,HellaSwag,0.5,validation,discovery
0.9389590450182567,57175,1736,0.030362920857017927,36215,1172,0.03236228082286345,2260,847,0.3747787610619469,600,HellaSwag,0.5,validation,discovery
0.9418409893184319,57177,1656,0.028962694789863058,36221,1104,0.030479556058640014,2266,755,0.33318623124448365,601,HellaSwag,0.5,validation,discovery
0.9421111143333255,57176,1649,0.028840772352035818,36221,1029,0.028408934043786752,2266,807,0.3561341571050309,602,HellaSwag,0.5,validation,discovery
0.9360584170304044,57171,1818,0.031799338825628375,36221,1096,0.030258689710389,2265,746,0.3293598233995585,603,HellaSwag,0.5,validation,discovery
0.942791061827517,57174,1627,0.028456990939937733,36214,1020,0.02816590268956757,2258,715,0.316651904340124,604,HellaSwag,0.5,validation,discovery
0.9460662953408909,57177,1534,0.026828969690609862,36220,982,0.027112092766427388,2265,729,0.3218543046357616,605,HellaSwag,0.5,validation,discovery
0.9422323294403313,57174,1644,0.02875432889075454,36227,1124,0.03102658238330527,2271,785,0.34566270365477764,606,HellaSwag,0.5,validation,discovery
0.9422323366216756,57174,1641,0.028701857487669222,36224,984,0.027164310954063603,2268,701,0.3090828924162258,607,HellaSwag,0.5,validation,discovery
0.9461582802099779,57187,1531,0.026771818770000174,36225,954,0.026335403726708076,2270,699,0.3079295154185022,608,HellaSwag,0.5,validation,discovery
0.9462078428092668,57181,1532,0.02679211626239485,36222,979,0.027027773176522555,2266,727,0.3208296557811121,609,HellaSwag,0.5,validation,discovery
0.93623524839474,57175,1814,0.03172715347616965,36220,1156,0.03191606847045831,2264,775,0.3423144876325088,610,HellaSwag,0.5,validation,discovery
0.9406495753900336,57169,1688,0.029526491630079237,36222,1046,0.028877477775937275,2266,731,0.32259488084730803,611,HellaSwag,0.5,validation,discovery
0.9440132923780465,57174,1592,0.02784482457060902,36221,988,0.027276994009000303,2266,759,0.33495145631067963,612,HellaSwag,0.5,validation,discovery
0.9436713494385655,57171,1599,0.02796872540273915,36217,991,0.02736284065494105,2262,768,0.3395225464190981,613,HellaSwag,0.5,validation,discovery
0.9456196517448059,57174,1547,0.02705775352432924,36218,894,0.024683858854713126,2262,690,0.3050397877984085,614,HellaSwag,0.5,validation,discovery
0.9469135670016849,57178,1510,0.026408758613452727,36220,1014,0.02799558255107675,2264,751,0.33171378091872794,615,HellaSwag,0.5,validation,discovery
0.9423812359494756,57175,1639,0.028666375163970265,36219,1041,0.028741820591402303,2265,737,0.32538631346578367,616,HellaSwag,0.5,validation,discovery
0.942013563738009,57173,1645,0.02877232259982859,36218,1049,0.028963498812745046,2263,689,0.3044631020768891,617,HellaSwag,0.5,validation,discovery
0.9436640811824947,57174,1602,0.02801972924756008,36221,999,0.02758068523784545,2266,769,0.3393645189761695,618,HellaSwag,0.5,validation,discovery
0.9381280581642113,57172,1757,0.030731826768348142,36219,1106,0.03053645876473674,2263,784,0.34644277507733096,619,HellaSwag,0.5,validation,discovery
0.9441398804007055,57165,1585,0.027726755882095687,36216,1013,0.02797106251380605,2260,772,0.3415929203539823,620,HellaSwag,0.5,validation,discovery
0.9417177585226569,57175,1658,0.0289986882378662,36221,1090,0.03009303994920074,2266,759,0.33495145631067963,621,HellaSwag,0.5,validation,discovery
0.9468437278921226,57178,1512,0.026443737101682466,36224,1000,0.027606007067137808,2268,687,0.3029100529100529,622,HellaSwag,0.5,validation,discovery
0.9410162707134375,57186,1681,0.029395306543559614,36228,1066,0.02942475433366457,2272,797,0.35079225352112675,623,HellaSwag,0.5,validation,discovery
0.9444177832418357,57180,1581,0.0276495278069255,36221,1000,0.027608293531376827,2265,772,0.3408388520971302,624,HellaSwag,0.5,validation,discovery
0.9426935379703875,57171,1627,0.02845848419653321,36215,1036,0.02860693082976667,2259,744,0.3293492695883134,625,HellaSwag,0.5,validation,discovery
0.9459100946113842,57179,1539,0.02691547596145438,36224,985,0.02719191696113074,2269,754,0.3323049801674747,626,HellaSwag,0.5,validation,discovery
0.9465459697247345,57176,1518,0.026549601231285854,36221,962,0.026559178377184505,2265,686,0.30286975717439296,627,HellaSwag,0.5,validation,discovery
0.9490602302240221,57177,1448,0.025324868391136297,36222,929,0.02564739660979515,2267,690,0.3043670048522276,628,HellaSwag,0.5,validation,discovery
0.9443275830895913,57174,1583,0.02768741036135306,36217,914,0.025236767263992047,2261,722,0.31932773109243695,629,HellaSwag,0.5,validation,discovery
0.9448955179252856,57175,1566,0.02738959335373852,36224,993,0.027412765017667845,2268,722,0.318342151675485,630,HellaSwag,0.5,validation,discovery
0.94502599137626,57174,1563,0.02733760100745094,36220,986,0.027222528989508558,2264,706,0.3118374558303887,631,HellaSwag,0.5,validation,discovery
0.9415596076532268,57173,1663,0.029087156524933096,36218,1034,0.02854934010712905,2262,707,0.3125552608311229,632,HellaSwag,0.5,validation,discovery
0.9449837796942887,57177,1565,0.0273711457404201,36220,946,0.026118166758696854,2265,725,0.3200883002207506,633,HellaSwag,0.5,validation,discovery
0.9457796249752307,57180,1540,0.026932493878978662,36227,1017,0.02807298423827532,2271,705,0.3104359313077939,634,HellaSwag,0.5,validation,discovery
0.939142900362521,57176,1732,0.030292430390373583,36222,1112,0.030699574844017447,2267,754,0.3325981473312748,635,HellaSwag,0.5,validation,discovery
0.9388913254282664,57179,1738,0.03039577467251963,36224,1150,0.03174690812720848,2268,777,0.3425925925925926,636,HellaSwag,0.5,validation,discovery
0.9409936690737285,57176,1680,0.029382957884427033,36220,1061,0.029293208172280507,2265,682,0.3011037527593819,637,HellaSwag,0.5,validation,discovery
0.9421388132061194,57179,1647,0.02880428129208276,36221,1004,0.027718726705502333,2266,733,0.323477493380406,638,HellaSwag,0.5,validation,discovery
0.940137086427765,57174,1704,0.02980375695246091,36219,1049,0.028962699135812696,2263,793,0.3504197967300044,639,HellaSwag,0.5,validation,discovery
0.9476045957683252,57181,1487,0.02600514156800336,36226,947,0.026141445370728208,2270,768,0.3383259911894273,640,HellaSwag,0.5,validation,discovery
0.9439065790000596,57170,1592,0.02784677278292811,36218,1048,0.028935888232370643,2262,773,0.34173297966401417,641,HellaSwag,0.5,validation,discovery
0.9454028213234628,57177,1554,0.027178760690487434,36222,942,0.026006294517144278,2267,679,0.2995147772386414,642,HellaSwag,0.5,validation,discovery
0.9493579297588447,57179,1443,0.02523653788978471,36216,866,0.02391208305721228,2260,663,0.29336283185840706,643,HellaSwag,0.5,validation,discovery
0.945235523225688,57174,1557,0.0272326582012803,36221,979,0.027028519367217913,2266,752,0.3318623124448367,644,HellaSwag,0.5,validation,discovery
0.9381951013320902,57183,1759,0.030760890474441704,36225,1108,0.030586611456176672,2269,769,0.3389158219479947,645,HellaSwag,0.5,validation,discovery
0.941605786063662,57178,1659,0.02901465598656826,36219,1103,0.030453629310582844,2264,774,0.3418727915194346,646,HellaSwag,0.5,validation,discovery
0.9373712535947097,57177,1780,0.03113139898910401,36219,1130,0.031199094397967916,2263,709,0.31330092797171893,647,HellaSwag,0.5,validation,discovery
0.9385314257893361,57160,1744,0.030510846745976206,36221,1104,0.030479556058640014,2265,777,0.343046357615894,648,HellaSwag,0.5,validation,discovery
0.942644155999988,57177,1631,0.02852545604001609,36222,983,0.027138203301860748,2266,745,0.3287731685789938,649,HellaSwag,0.5,validation,discovery
0.9471193946622397,57170,1502,0.02627252055273745,36217,909,0.02509871055029406,2261,716,0.31667403803626715,650,HellaSwag,0.5,validation,discovery
0.9455866239199996,57178,1547,0.02705586064570289,36222,909,0.02509524598310419,2266,699,0.3084730803177405,651,HellaSwag,0.5,validation,discovery
0.9463088627891559,57173,1527,0.026708411313032376,36218,975,0.026920315865039485,2262,697,0.3081343943412909,652,HellaSwag,0.5,validation,discovery
0.9410450302898568,57174,1677,0.029331514324693043,36219,1127,0.03111626494381402,2263,755,0.3336279275298277,653,HellaSwag,0.5,validation,discovery
0.9395669841317651,57169,1718,0.03005125155241477,36219,1127,0.03111626494381402,2266,753,0.3323036187113857,654,HellaSwag,0.5,validation,discovery
0.9394437103049815,57167,1721,0.030104780730141514,36219,1087,0.03001187222176206,2263,792,0.3499779054352629,655,HellaSwag,0.5,validation,discovery
0.9424603225851541,57176,1638,0.028648383937316356,36220,985,0.027194919933738265,2264,740,0.32685512367491165,656,HellaSwag,0.5,validation,discovery
0.9444541822825037,57165,1577,0.027586810111081956,36215,949,0.02620461134888858,2261,700,0.30959752321981426,657,HellaSwag,0.5,validation,discovery
0.9463381880539881,57161,1521,0.02660905162610871,36210,981,0.027091963545981774,2254,742,0.32919254658385094,658,HellaSwag,0.5,validation,discovery
0.9411682802246375,57176,1674,0.029278018749125508,36215,984,0.027171061714759078,2259,712,0.3151837096060204,659,HellaSwag,0.5,validation,discovery
0.9462243769444265,57179,1530,0.026758075517235348,36222,973,0.026862127988515266,2266,676,0.29832303618711387,660,HellaSwag,0.5,validation,discovery
0.9403886990315973,57171,1696,0.029665389795525705,36222,1153,0.03183148362873392,2267,801,0.3533303925893251,661,HellaSwag,0.5,validation,discovery
0.929665295818805,57167,1999,0.034967726135707665,36216,1292,0.03567483984979015,2260,764,0.3380530973451327,662,HellaSwag,0.5,validation,discovery
0.9497843805837463,57175,1427,0.024958460865763008,36220,870,0.024019878520154612,2264,653,0.2884275618374558,663,HellaSwag,0.5,validation,discovery
0.9481375494259732,57182,1475,0.02579483054107936,36221,932,0.0257309295712432,2265,693,0.30596026490066225,664,HellaSwag,0.5,validation,discovery
0.9412730303886278,57176,1672,0.029243039037358334,36219,997,0.027526988597145145,2264,721,0.31846289752650175,665,HellaSwag,0.5,validation,discovery
0.949093364040705,57172,1448,0.025327083187574338,36222,986,0.027221025895864392,2267,771,0.34009704455227174,666,HellaSwag,0.5,validation,discovery
0.9417033364052483,57181,1660,0.0290306220597751,36226,1043,0.02879147573565947,2272,730,0.32130281690140844,667,HellaSwag,0.5,validation,discovery
0.9418132835954542,57174,1655,0.028946724035400707,36219,1044,0.0288246500455562,2264,759,0.33524734982332155,668,HellaSwag,0.5,validation,discovery
0.9393061203759999,57171,1725,0.030172639974812406,36223,1048,0.028931894100433425,2267,798,0.35200705778561975,669,HellaSwag,0.5,validation,discovery
0.9421090993800862,57172,1643,0.028737843699713148,36220,1039,0.028685808945334068,2266,717,0.31641659311562226,670,HellaSwag,0.5,validation,discovery
0.94623544577668,57184,1531,0.026773223279238947,36222,1007,0.0278007840538899,2266,704,0.3106796116504854,671,HellaSwag,0.5,validation,discovery
0.9509957397466586,57170,1390,0.024313451110722407,36218,842,0.023248108675244353,2262,654,0.2891246684350133,672,HellaSwag,0.5,validation,discovery
0.9418903391197578,57171,1652,0.02889576883384933,36216,1049,0.028965098299094324,2260,754,0.33362831858407077,673,HellaSwag,0.5,validation,discovery
0.9513575003145744,57179,1384,0.024204690533237726,36227,844,0.02329754050846054,2271,663,0.2919418758256275,674,HellaSwag,0.5,validation,discovery
0.9445482414269167,57179,1577,0.027580055614823625,36224,1033,0.02851700530035336,2268,794,0.35008818342151676,675,HellaSwag,0.5,validation,discovery
0.9331832003930272,57181,1900,0.03322782042986307,36226,1184,0.03268370783415227,2270,818,0.360352422907489,676,HellaSwag,0.5,validation,discovery
0.9424418540855259,57174,1635,0.028596914681498584,36221,1106,0.03053477264570277,2265,769,0.33951434878587194,677,HellaSwag,0.5,validation,discovery
0.9488764622706223,57175,1455,0.02544818539571491,36220,913,0.025207067918277194,2264,718,0.31713780918727913,678,HellaSwag,0.5,validation,discovery
0.9502383530560593,57175,1411,0.024678618277219063,36217,842,0.023248750586741033,2262,701,0.3099027409372237,679,HellaSwag,0.5,validation,discovery
0.9410039519078088,57162,1675,0.029302683600993668,36214,1037,0.028635334401060364,2258,777,0.3441098317094774,680,HellaSwag,0.5,validation,discovery
0.9454377321043526,57177,1552,0.027143781590499676,36225,945,0.02608695652173913,2270,700,0.30837004405286345,681,HellaSwag,0.5,validation,discovery
0.9426533781573965,57178,1630,0.028507467907237048,36217,1009,0.027859844824253802,2261,731,0.3233082706766917,682,HellaSwag,0.5,validation,discovery
0.9434380871941572,57176,1608,0.02812368826080873,36220,1014,0.02799558255107675,2264,759,0.33524734982332155,683,HellaSwag,0.5,validation,discovery
0.9387331281226287,57177,1742,0.030466796089336622,36221,1077,0.029734132133292842,2265,769,0.33951434878587194,684,HellaSwag,0.5,validation,discovery
0.9437596240127067,57173,1599,0.027967747013450405,36219,1008,0.027830696595709435,2263,733,0.3239063190455148,685,HellaSwag,0.5,validation,discovery
0.9345590622958229,57176,1861,0.03254862179935637,36219,1242,0.03429139401971341,2264,838,0.37014134275618377,686,HellaSwag,0.5,validation,discovery
0.9446549342311252,57183,1574,0.027525663221586835,36221,996,0.027497860357251318,2265,764,0.3373068432671082,687,HellaSwag,0.5,validation,discovery
0.9448441035684191,57177,1570,0.027458593490389493,36219,1087,0.03001187222176206,2263,690,0.3049049933716306,688,HellaSwag,0.5,validation,discovery
0.9429729076024727,57171,1623,0.028388518654562628,36217,1052,0.02904713256205649,2262,726,0.3209549071618037,689,HellaSwag,0.5,validation,discovery
0.9439250191216662,57173,1591,0.027827820824515067,36220,991,0.027360574268360024,2264,749,0.3308303886925795,690,HellaSwag,0.5,validation,discovery
0.9448644399651671,57183,1569,0.02743822464718535,36226,977,0.026969579859769225,2270,740,0.32599118942731276,691,HellaSwag,0.5,validation,discovery
0.9421163280191291,57169,1645,0.02877433574139831,36214,1015,0.028027834539128514,2259,654,0.28950863213811423,692,HellaSwag,0.5,validation,discovery
0.9393759736340233,57171,1724,0.03015514858931976,36215,1043,0.02880022090294077,2259,756,0.3346613545816733,693,HellaSwag,0.5,validation,discovery
0.9379791060734604,57171,1762,0.030819821238040265,36219,1036,0.02860377150114581,2263,727,0.3212549712770658,694,HellaSwag,0.5,validation,discovery
0.945643475774445,57169,1544,0.02700764400286869,36223,934,0.025784722413935895,2268,762,0.335978835978836,695,HellaSwag,0.5,validation,discovery
0.9459209506060161,57165,1536,0.026869588034636578,36210,942,0.026014913007456505,2255,713,0.3161862527716186,696,HellaSwag,0.5,validation,discovery
0.94805116490659,57184,1478,0.025846390598768886,36224,895,0.024707376325088338,2268,657,0.2896825396825397,697,HellaSwag,0.5,validation,discovery
0.9468437278921226,57178,1513,0.026461226345797336,36222,950,0.02622715476782066,2266,699,0.3084730803177405,698,HellaSwag,0.5,validation,discovery
0.9457501222072756,57173,1542,0.026970772917286133,36220,1014,0.02799558255107675,2265,743,0.3280353200883002,699,HellaSwag,0.5,validation,discovery
0.941282268841119,57177,1670,0.029207548489777357,36224,1023,0.028240945229681978,2269,790,0.3481710004407228,700,HellaSwag,0.5,validation,discovery
0.9414219482785385,57178,1666,0.029137080695372346,36219,1034,0.02854855186504321,2266,775,0.34201235657546336,701,HellaSwag,0.5,validation,discovery
0.9455148894214102,57174,1547,0.02705775352432924,36224,962,0.026556978798586574,2268,688,0.30335097001763667,702,HellaSwag,0.5,validation,discovery
0.9419806660282171,57177,1650,0.028857757489899785,36220,1095,0.03023191606847046,2266,738,0.32568402471315094,703,HellaSwag,0.5,validation,discovery
0.9446457202482659,57182,1576,0.027561120632366827,36229,930,0.0256700433354495,2273,661,0.29080510338759347,704,HellaSwag,0.5,validation,discovery
0.9387566465095811,57172,1742,0.030469460575106695,36222,1087,0.030009386560653745,2267,804,0.3546537273930304,705,HellaSwag,0.5,validation,discovery
0.9424695531094834,57177,1637,0.02863039333997936,36220,1017,0.028078409718387633,2264,735,0.3246466431095406,706,HellaSwag,0.5,validation,discovery
0.9383811005296002,57188,1758,0.03074071483528013,36224,1069,0.02951082155477032,2268,687,0.3029100529100529,707,HellaSwag,0.5,validation,discovery
0.9361234185814951,57178,1819,0.03181293504494736,36222,1112,0.030699574844017447,2266,764,0.33715798764342453,708,HellaSwag,0.5,validation,discovery
0.9386354896978232,57174,1743,0.03048588519257005,36216,1114,0.030759885133642587,2260,786,0.347787610619469,709,HellaSwag,0.5,validation,discovery
0.9461691784726382,57173,1529,0.02674339286026621,36217,953,0.026313609630836347,2261,710,0.3140203449800973,710,HellaSwag,0.5,validation,discovery
0.9419108353544396,57177,1652,0.028892736589887544,36223,1160,0.03202385224857135,2267,753,0.3321570357300397,711,HellaSwag,0.5,validation,discovery
0.9382649301000218,57183,1755,0.030690939614920518,36225,1152,0.031801242236024846,2269,787,0.34684883208461875,712,HellaSwag,0.5,validation,discovery
0.9489886198531735,57172,1450,0.025362065346673197,36217,931,0.025706160090565203,2261,641,0.28350287483414416,713,HellaSwag,0.5,validation,discovery
0.9462170479249309,57182,1531,0.026774159700605087,36222,953,0.026309977361824305,2266,706,0.3115622241835834,714,HellaSwag,0.5,validation,discovery
0.9415390848377336,57167,1659,0.029020238949044028,36214,1058,0.029215220632904403,2258,693,0.3069087688219663,715,HellaSwag,0.5,validation,discovery
0.9352853492721115,57178,1843,0.032232676903704224,36225,1166,0.032187715665976536,2271,795,0.35006605019815057,716,HellaSwag,0.5,validation,discovery
0.9404164431612742,57174,1695,0.02964634274320495,36219,1114,0.030757337309147134,2264,784,0.3462897526501767,717,HellaSwag,0.5,validation,discovery
0.938185830823199,57182,1760,0.030778916442237066,36221,1150,0.03174953756108335,2265,758,0.3346578366445916,718,HellaSwag,0.5,validation,discovery
0.9411385036401269,57169,1673,0.029264111668911474,36220,1028,0.02838210933186085,2264,810,0.357773851590106,719,HellaSwag,0.5,validation,discovery
0.943098101527574,57177,1617,0.02828060234010179,36222,977,0.02697255811385346,2266,691,0.3049426301853486,720,HellaSwag,0.5,validation,discovery
0.9471341119324148,57184,1507,0.0263535254616676,36223,967,0.026695745796869393,2267,742,0.32730480811645346,721,HellaSwag,0.5,validation,discovery
0.9438386885064122,57174,1597,0.02793227690908455,36218,1035,0.02857695068750345,2263,762,0.3367211665930181,722,HellaSwag,0.5,validation,discovery
0.942188169132485,57173,1642,0.02871985027897784,36220,1069,0.02951408061844285,2264,840,0.3710247349823322,723,HellaSwag,0.5,validation,discovery
0.9457463572384245,57165,1540,0.026939560920143445,36224,988,0.027274734982332155,2268,731,0.322310405643739,724,HellaSwag,0.5,validation,discovery
0.9499332343360096,57177,1422,0.02487014009129545,36217,899,0.024822597122898086,2261,699,0.30915524104378594,725,HellaSwag,0.5,validation,discovery
0.9489812070445427,57176,1451,0.02537778088708549,36218,939,0.0259263349715611,2264,709,0.3131625441696113,726,HellaSwag,0.5,validation,discovery
0.9410080362742788,57170,1676,0.029316074864439393,36217,1081,0.029847861501504817,2263,795,0.3513035793194874,727,HellaSwag,0.5,validation,discovery
0.9374459989415673,57170,1778,0.031100227391988804,36223,1103,0.030450266405322585,2267,775,0.3418614909572122,728,HellaSwag,0.5,validation,discovery
0.9425149106941623,57163,1632,0.028549936147508004,36214,1024,0.028276357209918817,2258,722,0.31975199291408324,729,HellaSwag,0.5,validation,discovery
0.9407543308128663,57169,1683,0.029439031643023316,36224,1082,0.02986969964664311,2268,795,0.3505291005291005,730,HellaSwag,0.5,validation,discovery
0.940380490868732,57173,1695,0.029646861280674446,36220,1042,0.02876863611264495,2265,680,0.30022075055187636,731,HellaSwag,0.5,validation,discovery
0.9469190548523414,57171,1507,0.02635951793741582,36217,954,0.026341220973575944,2263,740,0.32699955810870523,732,HellaSwag,0.5,validation,discovery
0.9450628305982817,57179,1563,0.027335210479371798,36225,967,0.026694271911663216,2269,691,0.30453944468929045,733,HellaSwag,0.5,validation,discovery
0.9333997132252906,57163,1889,0.033045851337403565,36215,1217,0.03360485986469695,2261,840,0.3715170278637771,734,HellaSwag,0.5,validation,discovery
0.9446491486751482,57171,1570,0.02746147522345245,36218,966,0.026671820641669886,2263,688,0.3040212107821476,735,HellaSwag,0.5,validation,discovery
0.9440443128934101,57166,1586,0.02774376377567085,36214,1022,0.028221129949743195,2261,690,0.3051747014595312,736,HellaSwag,0.5,validation,discovery
0.9438057234613119,57178,1598,0.02794781209556123,36221,1023,0.028243284282598494,2265,739,0.3262693156732892,737,HellaSwag,0.5,validation,discovery
0.946562512655368,57175,1520,0.026585045911674682,36225,963,0.02658385093167702,2269,718,0.31643895989422655,738,HellaSwag,0.5,validation,discovery
0.9418964125605249,57183,1655,0.02894216812689086,36226,1060,0.029260751946116048,2270,752,0.3312775330396476,739,HellaSwag,0.5,validation,discovery
0.9434071100038504,57184,1611,0.028172216004476777,36220,991,0.027360574268360024,2264,700,0.30918727915194344,740,HellaSwag,0.5,validation,discovery
0.9404451420357405,57162,1690,0.029565095692942866,36214,1121,0.030954879328436515,2262,767,0.3390804597701149,741,HellaSwag,0.5,validation,discovery
0.9417393850959856,57167,1653,0.028915283292808788,36217,1062,0.029323245989452466,2262,696,0.3076923076923077,742,HellaSwag,0.5,validation,discovery
0.9454174339041748,57171,1550,0.02711164751359955,36224,999,0.027578401060070673,2268,713,0.31437389770723106,743,HellaSwag,0.5,validation,discovery
0.9406239075380526,57170,1686,0.02949099177890502,36217,1091,0.03012397492890079,2263,763,0.33716305788775963,744,HellaSwag,0.5,validation,discovery
0.9442446286451517,57165,1583,0.027691769439342255,36217,994,0.02744567468315984,2264,693,0.30609540636042404,745,HellaSwag,0.5,validation,discovery
0.938565651583056,57174,1747,0.030555847063350475,36221,1124,0.031031721929267553,2265,800,0.35320088300220753,746,HellaSwag,0.5,validation,discovery
0.9447044150578996,57177,1572,0.027493572590377248,36223,915,0.02526019379951964,2267,711,0.31363034847816496,747,HellaSwag,0.5,validation,discovery
0.9444488286573517,57173,1579,0.027617931541112063,36221,979,0.027028519367217913,2266,717,0.31641659311562226,748,HellaSwag,0.5,validation,discovery
0.9423689972069957,57169,1636,0.02861690776469765,36220,1028,0.02838210933186085,2264,786,0.3471731448763251,749,HellaSwag,0.5,validation,discovery
0.9418955128990266,57164,1647,0.028811839619340845,36212,1020,0.028167458301115653,2259,738,0.32669322709163345,750,HellaSwag,0.5,validation,discovery
0.9456472639447915,57177,1545,0.027021354740542528,36225,1022,0.02821256038647343,2269,721,0.31776112825033054,751,HellaSwag,0.5,validation,discovery
0.9478362141694512,57172,1483,0.02593927097180438,36221,876,0.0241848651334861,2266,634,0.2797881729920565,752,HellaSwag,0.5,validation,discovery
0.9398577136429639,57174,1710,0.029908699758631547,36220,1069,0.02951408061844285,2265,755,0.3333333333333333,753,HellaSwag,0.5,validation,discovery
0.9472710304959803,57178,1499,0.026216376928189164,36223,934,0.025784722413935895,2267,731,0.32245258050286724,754,HellaSwag,0.5,validation,discovery
0.9480842623390392,57180,1477,0.02583071003847499,36220,975,0.02691882937603534,2267,727,0.3206881340979268,755,HellaSwag,0.5,validation,discovery
0.9413849873313997,57173,1669,0.0291921011666346,36219,1038,0.028658991137248405,2263,730,0.3225806451612903,756,HellaSwag,0.5,validation,discovery
0.9492295426980205,57164,1441,0.02520817297599888,36217,866,0.02391142281249137,2261,653,0.2888102609464839,757,HellaSwag,0.5,validation,discovery
0.948415101785788,57179,1466,0.02563878346945557,36221,907,0.025040722232958782,2267,637,0.28098808998676666,758,HellaSwag,0.5,validation,discovery
0.9393389460176478,57167,1723,0.030139765948886597,36215,1166,0.03219660361728566,2260,855,0.37831858407079644,759,HellaSwag,0.5,validation,discovery
0.9395455377922914,57178,1722,0.03011647836580503,36220,1083,0.029900607399226946,2264,737,0.325530035335689,760,HellaSwag,0.5,validation,discovery
0.9428668758389387,57187,1627,0.0284505219717768,36227,1049,0.028956303309686144,2272,750,0.3301056338028169,761,HellaSwag,0.5,validation,discovery
0.9390217476211347,57178,1734,0.030326349295183463,36223,1106,0.030533086712861993,2268,742,0.3271604938271605,762,HellaSwag,0.5,validation,discovery
0.944924107942605,57181,1571,0.027474160997534147,36225,1028,0.028378191856452725,2269,791,0.3486117232260908,763,HellaSwag,0.5,validation,discovery
0.9457612130446216,57178,1542,0.026968414425128547,36223,982,0.027109847334566436,2267,699,0.3083370092633436,764,HellaSwag,0.5,validation,discovery
0.9436960639130209,57169,1600,0.02798719585789501,36221,1037,0.028629800392037767,2265,768,0.3390728476821192,765,HellaSwag,0.5,validation,discovery
0.9430592106905413,57169,1618,0.02830205181129633,36218,994,0.027444916892153073,2262,691,0.30548187444739167,766,HellaSwag,0.5,validation,discovery
0.9487054232943555,57183,1460,0.025532063725233024,36227,899,0.0248157451624479,2272,672,0.29577464788732394,767,HellaSwag,0.5,validation,discovery
0.9428496963033809,57169,1621,0.028354527803529886,36219,973,0.026864352963913967,2264,673,0.29726148409893993,768,HellaSwag,0.5,validation,discovery
0.9424253989729158,57176,1639,0.028665873793199945,36218,1079,0.029791816223977027,2263,745,0.32920901458241275,769,HellaSwag,0.5,validation,discovery
0.9430005899225675,57174,1620,0.028334557666071992,36218,1014,0.02799712849964106,2263,707,0.312417145382236,770,HellaSwag,0.5,validation,discovery
0.9458126549274279,57176,1541,0.026951867916608366,36220,963,0.026587520706791826,2265,683,0.30154525386313463,771,HellaSwag,0.5,validation,discovery
0.9397899746749402,57178,1713,0.029959075168771207,36221,1094,0.030203473123326247,2265,748,0.33024282560706403,772,HellaSwag,0.5,validation,discovery
0.9347522676799228,57177,1858,0.03249558388862655,36218,1200,0.03313269644927937,2262,837,0.37002652519893897,773,HellaSwag,0.5,validation,discovery
0.94649626131275,57163,1516,0.0265206514703567,36217,934,0.025788994118783996,2261,696,0.30782839451570104,774,HellaSwag,0.5,validation,discovery
0.9403045127791817,57177,1699,0.02971474543959984,36223,1054,0.029097534715512244,2268,744,0.328042328042328,775,HellaSwag,0.5,validation,discovery
0.9482203453501069,57172,1469,0.025694395858112364,36213,943,0.026040372242012538,2257,673,0.2981834293309703,776,HellaSwag,0.5,validation,discovery
0.9417362360559886,57177,1658,0.028997673889850813,36224,1102,0.030421819787985867,2269,740,0.3261348611723226,777,HellaSwag,0.5,validation,discovery
0.9407471619597114,57172,1686,0.029489960120338627,36215,1120,0.03092641170785586,2261,729,0.32242370632463513,778,HellaSwag,0.5,validation,discovery
0.9445720285108481,57174,1575,0.027547486619792214,36217,932,0.0257337714333048,2261,686,0.30340557275541796,779,HellaSwag,0.5,validation,discovery
0.9393873446631987,57177,1726,0.030186963289434564,36221,1114,0.030755638993953782,2265,878,0.38763796909492276,780,HellaSwag,0.5,validation,discovery
0.934810526689911,57172,1854,0.03242846148464283,36220,1146,0.031639977912755385,2265,789,0.3483443708609272,781,HellaSwag,0.5,validation,discovery
0.941680798218536,57171,1658,0.0290007171468052,36220,1008,0.027829928216454997,2265,687,0.3033112582781457,782,HellaSwag,0.5,validation,discovery
0.9385214695826046,57173,1750,0.030608853829604883,36217,1001,0.027638954082337023,2261,707,0.3126934984520124,783,HellaSwag,0.5,validation,discovery
0.940739979070016,57175,1685,0.029470922606034105,36224,1146,0.03163648409893993,2269,804,0.3543411194358748,784,HellaSwag,0.5,validation,discovery
0.9451802503714654,57168,1556,0.02721802406940946,36218,1020,0.02816279198188746,2262,762,0.33687002652519893,785,HellaSwag,0.5,validation,discovery
0.9415873118678895,57176,1663,0.029085630334406046,36219,1007,0.027803086777658137,2264,682,0.30123674911660775,786,HellaSwag,0.5,validation,discovery
0.9456012377868624,57172,1546,0.027041208983418455,36221,995,0.027470252063719943,2265,743,0.3280353200883002,787,HellaSwag,0.5,validation,discovery
0.9381537269606328,57171,1758,0.030749855696069684,36221,1128,0.03114215510339306,2265,789,0.3483443708609272,788,HellaSwag,0.5,validation,discovery
0.9378465200390546,57168,1763,0.030838930870417017,36220,1137,0.03139149641082275,2265,798,0.352317880794702,789,HellaSwag,0.5,validation,discovery
0.9383026685167002,57172,1752,0.030644371370600994,36217,1145,0.031614987436839055,2262,808,0.3572060123784262,790,HellaSwag,0.5,validation,discovery
0.947701987651643,57184,1489,0.026038752098489087,36226,880,0.024291945011869927,2270,689,0.30352422907488985,791,HellaSwag,0.5,validation,discovery
0.9448625171213666,57179,1568,0.027422655170604594,36224,999,0.027578401060070673,2268,738,0.3253968253968254,792,HellaSwag,0.5,validation,discovery
0.9398526549439926,57181,1712,0.029940015039960827,36222,1071,0.029567666059300977,2267,688,0.3034847816497574,793,HellaSwag,0.5,validation,discovery
0.9494884449072197,57177,1436,0.025114993791209753,36225,898,0.02478951000690131,2269,695,0.30630233583076244,794,HellaSwag,0.5,validation,discovery
0.9470808134241772,57181,1506,0.026337419772301987,36227,963,0.02658238330526955,2271,729,0.32100396301188905,795,HellaSwag,0.5,validation,discovery
0.9365893183026306,57168,1804,0.03155611530926392,36219,1104,0.030481239128634142,2263,810,0.3579319487406098,796,HellaSwag,0.5,validation,discovery
0.9403743582313379,57177,1693,0.029609808139636568,36215,1148,0.031699572000552255,2260,796,0.35221238938053095,797,HellaSwag,0.5,validation,discovery
0.9403209364500297,57175,1696,0.029663314385658068,36224,1094,0.030200971731448763,2268,775,0.34171075837742504,798,HellaSwag,0.5,validation,discovery
0.9449561498278617,57174,1564,0.027355091475146046,36218,999,0.02758296979402507,2264,721,0.31846289752650175,799,HellaSwag,0.5,validation,discovery
0.9419754763636323,57184,1653,0.028906687185226636,36224,1081,0.029842093639575972,2268,778,0.3430335097001764,800,HellaSwag,0.5,validation,discovery
0.9417475038867996,57182,1659,0.0290126263509496,36222,1038,0.028656617525260893,2266,716,0.3159752868490733,801,HellaSwag,0.5,validation,discovery
0.9393894611925218,57180,1723,0.030132913606155998,36223,1075,0.029677276868288104,2267,748,0.32995147772386413,802,HellaSwag,0.5,validation,discovery
0.9409423171104508,57178,1681,0.029399419357095388,36224,1112,0.030697879858657243,2268,789,0.3478835978835979,803,HellaSwag,0.5,validation,discovery
0.9449139369505629,57177,1566,0.02738863529041398,36223,973,0.02686138641194821,2267,749,0.33039258932509924,804,HellaSwag,0.5,validation,discovery
0.934789454850887,57181,1856,0.03245833406201361,36224,1167,0.03221621024734982,2268,854,0.3765432098765432,805,HellaSwag,0.5,validation,discovery
0.9496722086448807,57178,1431,0.025027108328378046,36224,839,0.023161439929328623,2268,628,0.2768959435626102,806,HellaSwag,0.5,validation,discovery
0.9366405915877944,57166,1798,0.031452261833957246,36218,1131,0.0312275664034458,2265,750,0.33112582781456956,807,HellaSwag,0.5,validation,discovery
0.9487882669280413,57173,1453,0.02541409406538051,36223,904,0.02495651933854181,2267,644,0.28407587119541244,808,HellaSwag,0.5,validation,discovery
0.9456380613120801,57176,1545,0.027021827340142718,36223,1004,0.027717196256522098,2267,712,0.31407146007940007,809,HellaSwag,0.5,validation,discovery
0.943405133840297,57180,1612,0.02819167541098286,36224,1000,0.027606007067137808,2268,712,0.31393298059964725,810,HellaSwag,0.5,validation,discovery
0.9447228428585827,57180,1572,0.027492130115424975,36222,996,0.02749710120920987,2268,719,0.3170194003527337,811,HellaSwag,0.5,validation,discovery
0.9423001672706578,57170,1640,0.02868637397236313,36218,1102,0.030426859572588217,2263,779,0.3442333186036235,812,HellaSwag,0.5,validation,discovery
0.9366450089950786,57174,1801,0.03150033231888621,36218,1170,0.03230437903804738,2262,785,0.34703801945181256,813,HellaSwag,0.5,validation,discovery
0.9416314764769179,57177,1662,0.02906763208982633,36224,1130,0.031194787985865724,2268,748,0.3298059964726631,814,HellaSwag,0.5,validation,discovery
0.9382214226544744,57167,1754,0.03068203683943534,36220,1166,0.032192159028161235,2264,714,0.31537102473498235,815,HellaSwag,0.5,validation,discovery
0.9432450232652304,57174,1615,0.02824710532759646,36222,1042,0.028767047650599082,2267,773,0.34097926775474197,816,HellaSwag,0.5,validation,discovery
0.9435850153088411,57173,1605,0.02807269165515191,36218,984,0.02716881108840908,2263,680,0.30048608042421565,817,HellaSwag,0.5,validation,discovery
0.9426072358731356,57173,1632,0.02854494254280867,36224,1040,0.02871024734982332,2269,696,0.30674305861613044,818,HellaSwag,0.5,validation,discovery
0.9420228082414154,57174,1649,0.02884178122923007,36223,952,0.02628164425917235,2267,708,0.3123070136744596,819,HellaSwag,0.5,validation,discovery
0.944131163775788,57183,1592,0.027840442089432173,36225,1036,0.02859903381642512,2270,694,0.30572687224669604,820,HellaSwag,0.5,validation,discovery
0.9453072588366177,57178,1555,0.02719577459862185,36221,1015,0.02802241793434748,2267,756,0.333480370533745,821,HellaSwag,0.5,validation,discovery
0.9431073294930252,57178,1617,0.02828010773374375,36217,1022,0.02821879227986857,2262,756,0.33421750663129973,822,HellaSwag,0.5,validation,discovery
0.9465735630963067,57179,1521,0.026600675073016316,36223,938,0.02589514949065511,2267,675,0.29775033083370095,823,HellaSwag,0.5,validation,discovery
0.9408283164057194,57177,1681,0.029399933539710023,36221,1131,0.03122497998398719,2266,832,0.36716681376875554,824,HellaSwag,0.5,validation,discovery
0.9341981305547788,57185,1875,0.03278831861502142,36225,1186,0.032739820565907525,2269,801,0.3530189510797708,825,HellaSwag,0.5,validation,discovery
0.938556379931832,57173,1743,0.030486418414286464,36216,1177,0.032499447757897065,2261,735,0.32507739938080493,826,HellaSwag,0.5,validation,discovery
0.9444599735951139,57177,1579,0.0276159994403344,36218,935,0.025815892650063503,2262,707,0.3125552608311229,827,HellaSwag,0.5,validation,discovery
0.9401535055984819,57172,1699,0.029717344154481216,36221,1009,0.027856768173159217,2266,788,0.34774933804060015,828,HellaSwag,0.5,validation,discovery
0.9387680446912186,57177,1744,0.030501775189324377,36225,1094,0.030200138026224982,2270,730,0.32158590308370044,829,HellaSwag,0.5,validation,discovery
0.9421163155240376,57170,1646,0.028791324121042506,36216,975,0.02692180251822399,2260,755,0.334070796460177,830,HellaSwag,0.5,validation,discovery
0.9425598524097761,57183,1635,0.028592413829284926,36224,1067,0.029455609540636044,2268,806,0.35537918871252205,831,HellaSwag,0.5,validation,discovery
0.942403720384035,57185,1637,0.02862638803882137,36225,1028,0.028378191856452725,2271,736,0.3240863055922501,832,HellaSwag,0.5,validation,discovery
0.9440758702527431,57177,1590,0.027808384490267065,36219,1025,0.02830006350258152,2263,729,0.32213875386654883,833,HellaSwag,0.5,validation,discovery
0.9474263490194109,57173,1492,0.026096234236440276,36219,921,0.02542864242524642,2263,685,0.3026955368979231,834,HellaSwag,0.5,validation,discovery
0.9423134118956571,57179,1639,0.028664369786110287,36222,1045,0.028849870244602727,2266,835,0.3684907325684025,835,HellaSwag,0.5,validation,discovery
0.9410008554623226,57173,1676,0.02931453658195302,36215,1056,0.02915918818169267,2261,733,0.32419283502874835,836,HellaSwag,0.5,validation,discovery
0.9397529616346421,57174,1713,0.029961171161716864,36218,1098,0.03031641725109062,2262,714,0.3156498673740053,837,HellaSwag,0.5,validation,discovery
0.9444614518743512,57163,1575,0.02755278764235607,36215,987,0.02725390031754798,2259,761,0.3368747233289066,838,HellaSwag,0.5,validation,discovery
0.9474686224000376,57170,1493,0.026115095329718382,36222,943,0.026033902048478826,2267,682,0.30083811204234673,839,HellaSwag,0.5,validation,discovery
0.9456545725192713,57174,1546,0.027040263056634133,36222,994,0.027441886146540775,2266,724,0.3195057369814651,840,HellaSwag,0.5,validation,discovery
0.9400015816760919,57182,1706,0.029834563324122976,36225,1025,0.028295376121463076,2270,722,0.3180616740088106,841,HellaSwag,0.5,validation,discovery
0.9433774694614293,57178,1609,0.02814019378082479,36222,1034,0.0285461873999227,2266,744,0.3283318623124448,842,HellaSwag,0.5,validation,discovery
0.9424952393018747,57176,1637,0.028630894081432767,36224,983,0.027136704946996465,2269,688,0.3032172763331864,843,HellaSwag,0.5,validation,discovery
0.943263482920424,57176,1612,0.02819364768434308,36225,1079,0.029786059351276744,2269,743,0.32745702952842665,844,HellaSwag,0.5,validation,discovery
0.9386632851125152,57177,1745,0.030519264739318257,36224,1142,0.03152606007067138,2270,759,0.3343612334801762,845,HellaSwag,0.5,validation,discovery
0.9457888212935706,57181,1542,0.026966999527815182,36223,958,0.026447284874251166,2267,699,0.3083370092633436,846,HellaSwag,0.5,validation,discovery
0.9396688041600882,57180,1719,0.03006295907660021,36220,1107,0.03056322473771397,2265,720,0.31788079470198677,847,HellaSwag,0.5,validation,discovery
0.944546313232518,57175,1576,0.027564494971578486,36214,1025,0.028303970840006628,2260,782,0.34601769911504426,848,HellaSwag,0.5,validation,discovery
0.9428516834289793,57173,1622,0.028370034806639497,36217,1048,0.028936687191098102,2261,722,0.31932773109243695,849,HellaSwag,0.5,validation,discovery
0.9490143637079502,57171,1449,0.02534501757884242,36221,911,0.025151155407084288,2265,684,0.3019867549668874,850,HellaSwag,0.5,validation,discovery
0.9432048471154717,57181,1618,0.028296112345009707,36224,992,0.027385159010600707,2268,698,0.30776014109347444,851,HellaSwag,0.5,validation,discovery
0.9419734545158878,57180,1651,0.028873732074151802,36217,1060,0.02926802330397327,2262,755,0.3337754199823165,852,HellaSwag,0.5,validation,discovery
0.9429327291332121,57178,1623,0.028385043198432963,36219,1043,0.0287970402275049,2263,772,0.34114007954043307,853,HellaSwag,0.5,validation,discovery
0.9451453375663076,57168,1557,0.02723551637279597,36217,1012,0.027942678852472595,2264,792,0.3498233215547703,854,HellaSwag,0.5,validation,discovery
0.9415740121964795,57167,1657,0.02898525373029895,36221,1067,0.029458049197979074,2265,816,0.36026490066225164,855,HellaSwag,0.5,validation,discovery
0.9436199363878482,57173,1602,0.028020219334301155,36221,1025,0.028298500869661247,2265,753,0.33245033112582784,856,HellaSwag,0.5,validation,discovery
0.9388635390476219,57176,1740,0.030432349237442282,36221,1139,0.0314458463322382,2265,723,0.31920529801324504,857,HellaSwag,0.5,validation,discovery
0.9420268451135813,57182,1651,0.028872722185303068,36224,1034,0.028544611307420496,2269,720,0.31732040546496254,858,HellaSwag,0.5,validation,discovery
0.9368337579645939,57168,1793,0.03136369997201231,36220,1145,0.03161236885698509,2266,776,0.34245366284201234,859,HellaSwag,0.5,validation,discovery
0.9425156995069888,57183,1638,0.028644876973925818,36221,1014,0.0279948096408161,2266,713,0.3146513680494263,860,HellaSwag,0.5,validation,discovery
0.9427838285415167,57177,1629,0.028490476940028334,36220,1031,0.028464936499171728,2264,715,0.31581272084805656,861,HellaSwag,0.5,validation,discovery
0.9407933935347509,57177,1685,0.029469891739685537,36225,1073,0.029620427881297446,2270,695,0.30616740088105726,862,HellaSwag,0.5,validation,discovery
0.9394008240828556,57185,1725,0.03016525312581971,36222,1117,0.030837612500690188,2266,756,0.33362753751103263,863,HellaSwag,0.5,validation,discovery
0.9491501880838243,57182,1445,0.025270189919904866,36225,928,0.025617667356797793,2270,656,0.2889867841409692,864,HellaSwag,0.5,validation,discovery
0.9458548923650133,57174,1540,0.026935320250463496,36220,1006,0.02777471010491441,2264,720,0.31802120141342755,865,HellaSwag,0.5,validation,discovery
0.9447228428585827,57179,1571,0.02747512198534427,36224,980,0.027053886925795054,2268,710,0.31305114638447973,866,HellaSwag,0.5,validation,discovery
0.9339654080520097,57175,1876,0.03281154350677744,36221,1272,0.035117749371911325,2265,823,0.363355408388521,867,HellaSwag,0.5,validation,discovery
0.9449615257301407,57167,1561,0.0273059632305351,36215,998,0.027557641861107277,2260,765,0.33849557522123896,868,HellaSwag,0.5,validation,discovery
0.9375884460991843,57159,1770,0.03096625203380045,36215,1154,0.031865249206130056,2261,820,0.36267138434321095,869,HellaSwag,0.5,validation,discovery
0.9443091543495736,57172,1581,0.0276533967676485,36223,941,0.025977969798194517,2267,698,0.3078958976621085,870,HellaSwag,0.5,validation,discovery
0.9403230173877669,57179,1698,0.02969621714265727,36226,1065,0.02939877436095622,2271,722,0.31792162043152794,871,HellaSwag,0.5,validation,discovery
0.9436238634618036,57181,1606,0.02808625242650531,36223,946,0.02611600364409353,2267,695,0.3065725628584032,872,HellaSwag,0.5,validation,discovery
0.9381394790682539,57178,1761,0.030798558886284935,36221,1120,0.030921288755142044,2265,725,0.3200883002207506,873,HellaSwag,0.5,validation,discovery
0.9395413185636987,57170,1719,0.030068217596641595,36219,1061,0.029294016952428285,2263,724,0.31992929739284137,874,HellaSwag,0.5,validation,discovery
0.9442557949107632,57171,1583,0.027688863234856833,36214,992,0.027392721047108853,2258,672,0.2976085031000886,875,HellaSwag,0.5,validation,discovery
0.9369789505244801,57179,1793,0.03135766627608038,36220,1174,0.032413031474323575,2265,758,0.3346578366445916,876,HellaSwag,0.5,validation,discovery
0.9512361343389342,57181,1388,0.024273797240342072,36219,841,0.023219856981142494,2264,639,0.28224381625441697,877,HellaSwag,0.5,validation,discovery
0.9415010360105996,57178,1666,0.029137080695372346,36220,1064,0.029376035339591385,2264,786,0.3471731448763251,878,HellaSwag,0.5,validation,discovery
0.9493579326529038,57178,1439,0.025167022281297004,36227,959,0.0264719684213432,2271,728,0.32056362835755176,879,HellaSwag,0.5,validation,discovery
0.9414167996451924,57184,1670,0.029203973139339676,36224,1084,0.029924911660777386,2268,788,0.3474426807760141,880,HellaSwag,0.5,validation,discovery
0.9405910421563441,57174,1688,0.02952390946933921,36219,1054,0.02910074822606919,2264,646,0.28533568904593637,881,HellaSwag,0.5,validation,discovery
0.9433886627717122,57182,1610,0.02815571333636459,36225,976,0.02694271911663216,2269,705,0.31070956368444247,882,HellaSwag,0.5,validation,discovery
0.9422303192605977,57170,1638,0.028651390589470003,36220,1075,0.029679734953064606,2265,681,0.30066225165562915,883,HellaSwag,0.5,validation,discovery
0.9393965964359542,57177,1724,0.030151984189446805,36221,1095,0.030231081416857625,2265,749,0.33068432671081677,884,HellaSwag,0.5,validation,discovery
0.9397138303825352,57166,1712,0.02994787111219956,36210,1093,0.030185031759182548,2255,803,0.35609756097560974,885,HellaSwag,0.5,validation,discovery
0.9452739248952067,57164,1555,0.027202435099013364,36215,991,0.027364351787933176,2260,759,0.33584070796460175,886,HellaSwag,0.5,validation,discovery
0.9431587192641976,57176,1615,0.028246117251993844,36222,1026,0.028325327149246314,2266,755,0.33318623124448365,887,HellaSwag,0.5,validation,discovery
0.943305643657132,57173,1612,0.028195127070470328,36220,1055,0.029127553837658752,2264,698,0.3083038869257951,888,HellaSwag,0.5,validation,discovery
0.9446714248164372,57181,1575,0.02754411430370228,36222,969,0.026751697863177076,2266,738,0.32568402471315094,889,HellaSwag,0.5,validation,discovery
0.9457097870852565,57180,1544,0.02700244840853445,36224,987,0.027247128975265017,2269,725,0.3195240193918026,890,HellaSwag,0.5,validation,discovery
0.9401822932714394,57178,1699,0.029714225751163035,36222,1091,0.030119816685991938,2266,737,0.32524271844660196,891,HellaSwag,0.5,validation,discovery
0.9456968074186722,57173,1543,0.02698826369090305,36219,995,0.027471768961042548,2263,711,0.31418471056120195,892,HellaSwag,0.5,validation,discovery
0.9407656640941348,57174,1686,0.029488928533948997,36220,1164,0.03213694091662065,2264,816,0.36042402826855124,893,HellaSwag,0.5,validation,discovery
0.9433274017328327,57164,1609,0.028147085578336017,36217,1033,0.02852251705000414,2261,724,0.3202122954444936,894,HellaSwag,0.5,validation,discovery
0.9464284216425742,57186,1525,0.026667366138565383,36227,996,0.027493306097661964,2272,797,0.35079225352112675,895,HellaSwag,0.5,validation,discovery
0.9491907389740836,57175,1443,0.025238303454306953,36218,902,0.024904743497708322,2262,698,0.30857648099027407,896,HellaSwag,0.5,validation,discovery
0.9466856558648005,57176,1515,0.02649713166363509,36221,957,0.02642113690952762,2265,656,0.28962472406181017,897,HellaSwag,0.5,validation,discovery
0.9436733048090116,57176,1601,0.02800125926962362,36217,973,0.026865836485628295,2262,703,0.3107869142351901,898,HellaSwag,0.5,validation,discovery
0.9401925969299179,57180,1702,0.029765652325988108,36226,1116,0.030806602992325953,2270,766,0.33744493392070485,899,HellaSwag,0.5,validation,discovery
0.9421460376570798,57176,1644,0.02875332307261788,36221,1042,0.02876784185969465,2265,831,0.36688741721854307,900,HellaSwag,0.5,validation,discovery
0.934715068080269,57173,1855,0.032445385059381174,36220,1213,0.033489784649364994,2266,749,0.3305383936451898,901,HellaSwag,0.5,validation,discovery
0.9395114528548627,57164,1717,0.030036386536981315,36216,1070,0.02954495250717915,2260,750,0.33185840707964603,902,HellaSwag,0.5,validation,discovery
0.9471028650979915,57172,1503,0.026289092562792975,36220,885,0.024434014356709,2264,617,0.27252650176678445,903,HellaSwag,0.5,validation,discovery
0.9395640527675294,57180,1721,0.030097936341378105,36223,1068,0.029484029484029485,2267,721,0.3180414644905161,904,HellaSwag,0.5,validation,discovery
0.940076500043289,57175,1704,0.02980323567993004,36226,1115,0.03077899850935792,2270,763,0.33612334801762117,905,HellaSwag,0.5,validation,discovery
0.9410614578580534,57172,1675,0.0292975582452949,36222,1107,0.03056153718734471,2267,717,0.3162770180855756,906,HellaSwag,0.5,validation,discovery
0.9416623381288781,57169,1657,0.028984239710332524,36220,1066,0.02943125345113197,2264,778,0.34363957597173145,907,HellaSwag,0.5,validation,discovery
0.9402191860113249,57164,1698,0.0297040095164789,36213,1055,0.029133184215613176,2257,824,0.3650863978732831,908,HellaSwag,0.5,validation,discovery
0.9395855162291986,57172,1717,0.030032183586370952,36213,1117,0.030845276558142103,2257,776,0.3438192290651307,909,HellaSwag,0.5,validation,discovery
0.9441660845402255,57183,1590,0.027805466659671582,36226,1002,0.027659691933970075,2270,687,0.3026431718061674,910,HellaSwag,0.5,validation,discovery
0.9396831129237965,57174,1716,0.030013642564802184,36219,1084,0.02992904276760816,2263,731,0.3230225364560318,911,HellaSwag,0.5,validation,discovery
0.9346125814026491,57177,1861,0.03254805253860818,36222,1230,0.03395726354149412,2268,763,0.33641975308641975,912,HellaSwag,0.5,validation,discovery
0.9432542591762212,57175,1615,0.02824661128115435,36222,1019,0.028132074429904477,2266,735,0.32436010591350395,913,HellaSwag,0.5,validation,discovery
0.9395391911104599,57166,1718,0.030052828604415213,36215,1093,0.030180864282755765,2263,809,0.3574900574458683,914,HellaSwag,0.5,validation,discovery
0.9419200675094503,57178,1652,0.028892231277764174,36222,1021,0.028187289492573573,2267,710,0.31318923687692984,915,HellaSwag,0.5,validation,discovery
0.9463161766863551,57170,1525,0.026674829456008395,36219,999,0.027582208233247744,2263,773,0.34158197083517455,916,HellaSwag,0.5,validation,discovery
0.9367126405009129,57170,1798,0.03145006122092006,36220,1101,0.030397570403092215,2265,780,0.3443708609271523,917,HellaSwag,0.5,validation,discovery
0.9396944588608241,57179,1714,0.029976040154602215,36216,1064,0.029379279876297768,2264,754,0.3330388692579505,918,HellaSwag,0.5,validation,discovery
0.9397643123994744,57179,1714,0.029976040154602215,36225,1057,0.029178743961352657,2269,717,0.31599823710885855,919,HellaSwag,0.5,validation,discovery
0.9438047454698563,57177,1598,0.027948300890218096,36226,1040,0.02870866228675537,2270,727,0.32026431718061676,920,HellaSwag,0.5,validation,discovery
0.9431053522455481,57174,1616,0.028264595795291565,36220,1068,0.029486471562672558,2265,782,0.34525386313465783,921,HellaSwag,0.5,validation,discovery
0.9377062437607709,57184,1773,0.03100517627308338,36225,1128,0.03113871635610766,2269,763,0.3362714852357867,922,HellaSwag,0.5,validation,discovery
0.9380325744709171,57173,1763,0.030836233886624806,36218,1137,0.031393229885692195,2262,766,0.33863837312113176,923,HellaSwag,0.5,validation,discovery
0.9472168044933967,57173,1501,0.02625365119899253,36220,938,0.02589729431253451,2264,693,0.30609540636042404,924,HellaSwag,0.5,validation,discovery
0.9450444081397675,57176,1562,0.027319154890163705,36224,930,0.02567358657243816,2268,717,0.31613756613756616,925,HellaSwag,0.5,validation,discovery
0.9352459167600548,57170,1839,0.03216722057022914,36220,1209,0.033379348426283824,2264,767,0.3387809187279152,926,HellaSwag,0.5,validation,discovery
0.9395711911498891,57177,1720,0.03008202598947129,36224,1025,0.028296157243816254,2268,786,0.34656084656084657,927,HellaSwag,0.5,validation,discovery
0.9423041711205312,57178,1640,0.028682360348385744,36220,1078,0.029762562120375483,2267,803,0.3542126157917953,928,HellaSwag,0.5,validation,discovery
0.9417526726758005,57175,1656,0.02896370791429821,36219,1101,0.030398409674480244,2264,737,0.325530035335689,929,HellaSwag,0.5,validation,discovery
0.9406978862506321,57178,1685,0.029469376333554863,36221,1039,0.02868501697910052,2265,745,0.32891832229580575,930,HellaSwag,0.5,validation,discovery
0.9475935801382231,57176,1491,0.02607737512242899,36221,963,0.026586786670715883,2266,732,0.323036187113857,931,HellaSwag,0.5,validation,discovery
0.9396090607418652,57166,1714,0.02998285694293811,36214,1064,0.02938090241343127,2258,763,0.3379096545615589,932,HellaSwag,0.5,validation,discovery
0.9436791895206343,57187,1604,0.02804833266301782,36225,1008,0.02782608695652174,2269,772,0.34023799030409874,933,HellaSwag,0.5,validation,discovery
0.9489480720805563,57179,1454,0.025428916210496862,36220,891,0.024599668691330758,2264,690,0.3047703180212014,934,HellaSwag,0.5,validation,discovery
0.9423041771528989,57178,1640,0.028682360348385744,36224,1007,0.027799249116607774,2268,759,0.33465608465608465,935,HellaSwag,0.5,validation,discovery
0.9436970470353551,57170,1600,0.027986706314500613,36216,1031,0.02846808040645019,2260,732,0.3238938053097345,936,HellaSwag,0.5,validation,discovery
0.943209116364304,57173,1613,0.028212617844087243,36216,986,0.02722553567483985,2261,701,0.3100398053958425,937,HellaSwag,0.5,validation,discovery
0.9394550819241977,57172,1719,0.03006716574546981,36222,1106,0.03053392965601016,2267,750,0.33083370092633435,938,HellaSwag,0.5,validation,discovery
0.9350386570818319,57175,1850,0.03235679930039353,36219,1252,0.0345674922002264,2264,800,0.35335689045936397,939,HellaSwag,0.5,validation,discovery
0.9391037457949974,57168,1730,0.030261684858662187,36218,1099,0.030344027831465017,2262,759,0.33554376657824936,940,HellaSwag,0.5,validation,discovery
0.9459136535868246,57168,1534,0.02683319339490624,36216,989,0.02730837199028054,2261,706,0.31225121627598407,941,HellaSwag,0.5,validation,discovery
0.9389383863344283,57170,1736,0.030365576351233166,36223,1131,0.031223255942357066,2268,769,0.3390652557319224,942,HellaSwag,0.5,validation,discovery
0.9452850279797819,57168,1554,0.02718303946263644,36218,998,0.02755535921365067,2264,757,0.33436395759717313,943,HellaSwag,0.5,validation,discovery
0.9462262431455157,57183,1527,0.026703740622212896,36222,1017,0.02807685936723538,2268,736,0.32451499118165783,944,HellaSwag,0.5,validation,discovery
0.9378066523697194,57175,1769,0.03094009619588981,36221,1083,0.0298997818944811,2266,777,0.3428949691085613,945,HellaSwag,0.5,validation,discovery
0.941427109667957,57170,1664,0.029106174567080638,36216,1020,0.028164347249834326,2261,732,0.32375055285272003,946,HellaSwag,0.5,validation,discovery
0.9403517103799308,57167,1693,0.029614987667710393,36217,1058,0.029212800618494076,2262,742,0.3280282935455349,947,HellaSwag,0.5,validation,discovery
0.938569932510673,57182,1749,0.030586548214473087,36227,1136,0.03135782703508433,2271,799,0.3518273888154998,948,HellaSwag,0.5,validation,discovery
0.9379577735782659,57180,1766,0.030884924798880727,36224,1115,0.030780697879858657,2268,816,0.35978835978835977,949,HellaSwag,0.5,validation,discovery
0.9395362884757146,57177,1722,0.030117005089459047,36219,1011,0.02791352604986333,2263,710,0.31374281926646047,950,HellaSwag,0.5,validation,discovery
0.9400251539043425,57177,1706,0.029837172289556988,36224,1091,0.03011815371024735,2268,625,0.27557319223985893,951,HellaSwag,0.5,validation,discovery
0.9424089412747477,57178,1639,0.028664871104270875,36220,1071,0.029569298729983436,2264,687,0.3034452296819788,952,HellaSwag,0.5,validation,discovery
0.9430651652245141,57181,1622,0.02836606565117784,36224,961,0.026529372791519436,2269,713,0.3142353459673865,953,HellaSwag,0.5,validation,discovery
0.9476597681871685,57168,1484,0.025958578225580745,36221,885,0.02443333977526849,2265,653,0.2883002207505519,954,HellaSwag,0.5,validation,discovery
0.937592788129904,57167,1773,0.0310143964175136,36218,1164,0.03213871555580098,2263,811,0.3583738400353513,955,HellaSwag,0.5,validation,discovery
0.9445812370133905,57175,1576,0.027564494971578486,36219,976,0.026947182418067865,2263,669,0.2956252761820592,956,HellaSwag,0.5,validation,discovery
0.9439065646108451,57170,1592,0.02784677278292811,36218,1034,0.02854934010712905,2262,759,0.33554376657824936,957,HellaSwag,0.5,validation,discovery
0.9482313235988861,57177,1473,0.025762107140983263,36220,924,0.025510767531750415,2264,665,0.29372791519434627,958,HellaSwag,0.5,validation,discovery
0.95078218680076,57182,1399,0.024465740967437307,36222,874,0.02412898238639501,2268,721,0.31790123456790126,959,HellaSwag,0.5,validation,discovery
0.9393587592637617,57188,1728,0.03021612925788627,36223,1023,0.028241724870938355,2267,770,0.33965593295103663,960,HellaSwag,0.5,validation,discovery
0.947329839655405,57173,1497,0.026183688104524865,36221,977,0.02697330278015516,2266,716,0.3159752868490733,961,HellaSwag,0.5,validation,discovery
0.9444507757107282,57176,1581,0.02765146215195187,36217,995,0.02747328602589944,2261,727,0.3215391419725785,962,HellaSwag,0.5,validation,discovery
0.9395362816017103,57177,1719,0.030064536439477412,36221,1086,0.02998260677507523,2265,811,0.35805739514348783,963,HellaSwag,0.5,validation,discovery
0.9421420123482742,57168,1641,0.028704869857262803,36214,973,0.026868062075440437,2258,661,0.29273693534100975,964,HellaSwag,0.5,validation,discovery
0.9429235112854564,57177,1623,0.02838553964006506,36221,1063,0.029347616023853565,2266,782,0.3451015004413063,965,HellaSwag,0.5,validation,discovery
0.9366494240733023,57182,1806,0.031583365394704625,36224,1100,0.03036660777385159,2268,778,0.3430335097001764,966,HellaSwag,0.5,validation,discovery
0.945766632775649,57171,1542,0.026971716429658392,36221,1003,0.027691118411970955,2267,782,0.34494927216585797,967,HellaSwag,0.5,validation,discovery
0.9451637667539408,57170,1560,0.027287038656638098,36216,957,0.026424784625579855,2261,741,0.3277310924369748,968,HellaSwag,0.5,validation,discovery
0.9433939377463848,57175,1608,0.028124180148666376,36221,988,0.027276994009000303,2265,679,0.2997792494481236,969,HellaSwag,0.5,validation,discovery
0.9452796500035962,57175,1556,0.027214691735898557,36224,934,0.025784010600706713,2268,677,0.2985008818342152,970,HellaSwag,0.5,validation,discovery
0.9484316672633909,57176,1465,0.025622638869455715,36222,945,0.026089117111147923,2266,660,0.2912621359223301,971,HellaSwag,0.5,validation,discovery
0.942930738887513,57174,1622,0.028369538601462203,36214,981,0.02708897111614293,2259,711,0.3147410358565737,972,HellaSwag,0.5,validation,discovery
0.9415339030487972,57174,1663,0.029086647776961554,36215,1077,0.029739058401214966,2262,778,0.34394341290893016,973,HellaSwag,0.5,validation,discovery
0.936114135364065,57177,1817,0.03177851233887752,36219,1142,0.031530412214583504,2263,746,0.32965090587715423,974,HellaSwag,0.5,validation,discovery
0.9432358114203242,57173,1615,0.028247599391321078,36216,1032,0.028495692511597084,2260,796,0.35221238938053095,975,HellaSwag,0.5,validation,discovery
0.9440040790493854,57173,1591,0.027827820824515067,36219,1068,0.029487285678787375,2263,741,0.32744144940344677,976,HellaSwag,0.5,validation,discovery
0.9439375991896928,57162,1590,0.027815681746614883,36219,996,0.027499378779093846,2263,699,0.308882015024304,977,HellaSwag,0.5,validation,discovery
0.9488415342800917,57175,1454,0.025430695233930913,36222,902,0.024901993263762353,2267,668,0.2946625496250551,978,HellaSwag,0.5,validation,discovery
0.9460295016549478,57173,1534,0.026830846728350795,36215,952,0.02628744995167748,2259,669,0.2961487383798141,979,HellaSwag,0.5,validation,discovery
0.9430704314712213,57174,1617,0.028282086262986672,36215,987,0.02725390031754798,2259,748,0.33111996458610005,980,HellaSwag,0.5,validation,discovery
0.9418337764399312,57180,1653,0.028908709338929695,36220,1090,0.030093870789618993,2267,705,0.3109836788707543,981,HellaSwag,0.5,validation,discovery
0.9468455779589795,57182,1514,0.026476863348606206,36224,938,0.025894434628975265,2268,650,0.2865961199294533,982,HellaSwag,0.5,validation,discovery
0.9439507112974577,57172,1591,0.027828307563142796,36219,1023,0.02824484386647892,2265,771,0.3403973509933775,983,HellaSwag,0.5,validation,discovery
0.9431771714773579,57178,1615,0.02824512924551401,36224,987,0.027247128975265017,2268,757,0.33377425044091713,984,HellaSwag,0.5,validation,discovery
0.9345522174360661,57163,1860,0.03253853016811574,36219,1203,0.03321461111571275,2266,751,0.33142100617828774,985,HellaSwag,0.5,validation,discovery
0.9414845918718618,57180,1662,0.02906610703043022,36221,1063,0.029347616023853565,2265,746,0.3293598233995585,986,HellaSwag,0.5,validation,discovery
0.9460901492782895,57172,1534,0.0268313160288253,36224,916,0.025287102473498232,2268,665,0.2932098765432099,987,HellaSwag,0.5,validation,discovery
0.9400836628300695,57172,1701,0.029752326313580074,36221,1077,0.029734132133292842,2265,761,0.33598233995584986,988,HellaSwag,0.5,validation,discovery
0.9435389165107003,57168,1602,0.028022670025188916,36220,1040,0.02871341800110436,2264,748,0.3303886925795053,989,HellaSwag,0.5,validation,discovery
0.9347871807004883,57177,1857,0.03247809433863267,36222,1177,0.03249406438076307,2266,729,0.32171226831421007,990,HellaSwag,0.5,validation,discovery
0.9436990054091047,57174,1600,0.027984748312169867,36216,993,0.027418820410868124,2260,732,0.3238938053097345,991,HellaSwag,0.5,validation,discovery
0.9457574446882835,57170,1540,0.02693720482770684,36219,949,0.02620171733068279,2263,653,0.28855501546619533,992,HellaSwag,0.5,validation,discovery
0.9409515611586343,57179,1678,0.02934643837772609,36222,1104,0.030478714593341064,2267,785,0.3462726069695633,993,HellaSwag,0.5,validation,discovery
0.942210672106218,57183,1644,0.028749803263207595,36225,1091,0.030117322291235336,2269,732,0.32260907888937856,994,HellaSwag,0.5,validation,discovery
0.9521647997136814,57168,1359,0.023772040302267,36217,866,0.02391142281249137,2261,652,0.28836797877045556,995,HellaSwag,0.5,validation,discovery
0.946580898545977,57176,1517,0.026532111375402265,36217,923,0.025485269348648424,2262,640,0.28293545534924847,996,HellaSwag,0.5,validation,discovery
0.9448091873090323,57177,1569,0.027441103940395613,36221,1025,0.028298500869661247,2265,701,0.30949227373068433,997,HellaSwag,0.5,validation,discovery
0.9455332849640904,57176,1549,0.027091786763677066,36219,983,0.02714045114442696,2263,800,0.3535130357931949,998,HellaSwag,0.5,validation,discovery
0.9437392239247726,57168,1598,0.02795270081164288,36213,973,0.026868804020655567,2259,669,0.2961487383798141,999,HellaSwag,0.5,validation,discovery
0.9393524244987193,57176,1725,0.030170001399188472,36220,1043,0.02879624516841524,2265,756,0.3337748344370861,1000,HellaSwag,0.5,validation,discovery
0.9387823049207841,57171,1741,0.030452502142694723,36215,1097,0.030291315753140962,2261,745,0.329500221141088,1001,HellaSwag,0.5,validation,discovery
0.9393452783942524,57179,1728,0.03022088529005404,36220,1112,0.030701270016565432,2265,781,0.3448123620309051,1002,HellaSwag,0.5,validation,discovery
0.9436054298862907,57179,1602,0.0280172790709876,36223,1012,0.027938050409960523,2267,734,0.32377591530657257,1003,HellaSwag,0.5,validation,discovery
0.9414712623452491,57171,1662,0.029070682688775776,36214,1019,0.02813828905947976,2260,755,0.334070796460177,1004,HellaSwag,0.5,validation,discovery
0.9387709119174216,57166,1737,0.030385193996431446,36220,1112,0.030701270016565432,2265,776,0.3426048565121413,1005,HellaSwag,0.5,validation,discovery
0.9441786736519603,57173,1585,0.027722876182813567,36219,1000,0.027609818051299043,2264,703,0.31051236749116606,1006,HellaSwag,0.5,validation,discovery
0.9461746378728343,57167,1529,0.026746199730613814,36222,964,0.026613660206504335,2266,743,0.32789055604589584,1007,HellaSwag,0.5,validation,discovery
0.9456599839046368,57167,1541,0.026956111043084298,36214,911,0.025156017009996135,2258,649,0.28742249778565104,1008,HellaSwag,0.5,validation,discovery
0.9465202477443545,57177,1519,0.02656662644070168,36222,952,0.026282369830489757,2266,720,0.3177405119152692,1009,HellaSwag,0.5,validation,discovery
0.9431791478728243,57182,1619,0.028313105522716937,36223,1005,0.0277448030257019,2269,686,0.3023358307624504,1010,HellaSwag,0.5,validation,discovery
0.9428865970344708,57173,1622,0.028370034806639497,36216,1051,0.029020322509388116,2261,737,0.32596196373286157,1011,HellaSwag,0.5,validation,discovery
0.9392968800722415,57170,1728,0.030225642819660663,36216,1036,0.02860614093218467,2261,728,0.3219814241486068,1012,HellaSwag,0.5,validation,discovery
0.9359068461989228,57182,1826,0.031933125808820954,36227,1195,0.03298644657299804,2272,834,0.3670774647887324,1013,HellaSwag,0.5,validation,discovery
0.9438386885064122,57174,1596,0.027914786441389443,36222,1037,0.028629009993926344,2266,719,0.3172992056487202,1014,HellaSwag,0.5,validation,discovery
0.9438479008256995,57175,1594,0.027879317883690424,36221,1007,0.027801551586096464,2265,737,0.32538631346578367,1015,HellaSwag,0.5,validation,discovery
0.9369080129851538,57176,1793,0.031359311599272424,36216,1163,0.032112878285840515,2261,736,0.32551968155683325,1016,HellaSwag,0.5,validation,discovery
0.9512768134380337,57174,1383,0.02418931682233183,36218,859,0.023717488541609145,2262,646,0.28558797524314766,1017,HellaSwag,0.5,validation,discovery
0.9396267354253651,57183,1718,0.030043894164349546,36222,1154,0.031859091160068465,2266,773,0.3411297440423654,1018,HellaSwag,0.5,validation,discovery
0.9476211378450796,57179,1489,0.02604102904912643,36225,942,0.026004140786749484,2269,688,0.3032172763331864,1019,HellaSwag,0.5,validation,discovery
0.9432470105866861,57178,1613,0.02821015075728427,36225,1053,0.02906832298136646,2270,775,0.34140969162995594,1020,HellaSwag,0.5,validation,discovery
0.9436587842590352,57181,1603,0.028033787446879208,36224,999,0.027578401060070673,2269,738,0.3252534156015866,1021,HellaSwag,0.5,validation,discovery
0.9455828306815611,57170,1546,0.027042154976386217,36216,987,0.027253147779986747,2262,740,0.3271441202475685,1022,HellaSwag,0.5,validation,discovery
0.9460736180633312,57174,1531,0.02677790604120754,36221,931,0.025703321277711823,2265,745,0.32891832229580575,1023,HellaSwag,0.5,validation,discovery
0.9447888285180464,57171,1570,0.02746147522345245,36216,927,0.025596421471172963,2260,698,0.3088495575221239,1024,HellaSwag,0.5,validation,discovery
0.9453145635566068,57175,1553,0.027162221250546566,36223,1010,0.027882836871600918,2267,710,0.31318923687692984,1025,HellaSwag,0.5,validation,discovery
0.9474814608464105,57179,1493,0.026110984802112665,36221,923,0.02548245492946081,2265,700,0.3090507726269316,1026,HellaSwag,0.5,validation,discovery
0.9356649687046097,57170,1829,0.03199230365576351,36218,1109,0.03062013363520901,2263,792,0.3499779054352629,1027,HellaSwag,0.5,validation,discovery
0.9477847195353971,57174,1484,0.025955854059537552,36221,919,0.025372021755335303,2267,697,0.3074547860608734,1028,HellaSwag,0.5,validation,discovery
0.9400415726958157,57175,1704,0.02980323567993004,36219,1061,0.029294016952428285,2263,666,0.29429960229783475,1029,HellaSwag,0.5,validation,discovery
0.9411241105428707,57175,1674,0.029278530826410146,36221,1114,0.030755638993953782,2266,794,0.3503971756398941,1030,HellaSwag,0.5,validation,discovery
0.9412196381794137,57174,1671,0.029226571518522405,36218,1093,0.030178364349218622,2262,770,0.34040671971706454,1031,HellaSwag,0.5,validation,discovery
0.9447044241296582,57177,1572,0.027493572590377248,36222,947,0.026144332173817016,2266,724,0.3195057369814651,1032,HellaSwag,0.5,validation,discovery
0.9403045185122022,57177,1697,0.02967976633961208,36220,1095,0.03023191606847046,2265,763,0.3368653421633554,1033,HellaSwag,0.5,validation,discovery
0.9418132692391536,57174,1655,0.028946724035400707,36220,1046,0.02887907233572612,2265,784,0.34613686534216337,1034,HellaSwag,0.5,validation,discovery
0.9443993558906014,57178,1582,0.02766798418972332,36222,1055,0.02912594555794821,2266,783,0.34554280670785525,1035,HellaSwag,0.5,validation,discovery
0.9421480518245939,57180,1644,0.02875131164742917,36222,1064,0.02937441333995914,2266,796,0.35127978817299205,1036,HellaSwag,0.5,validation,discovery
0.9472554066241816,57181,1500,0.02623248981304979,36221,928,0.025620496397117692,2266,706,0.3115622241835834,1037,HellaSwag,0.5,validation,discovery
0.9462684824167912,57180,1529,0.026740118922700246,36223,991,0.02735830825718466,2268,716,0.31569664902998235,1038,HellaSwag,0.5,validation,discovery
0.939517768950508,57175,1721,0.03010056843025798,36223,1101,0.03039505286696298,2269,710,0.3129131776112825,1039,HellaSwag,0.5,validation,discovery
0.9410891810361136,57175,1676,0.029313511149978138,36217,1014,0.02799790153795179,2262,665,0.29398762157382846,1040,HellaSwag,0.5,validation,discovery
0.9480549242605102,57173,1477,0.025833872632186523,36223,975,0.026916599950307814,2267,761,0.3356859285399206,1041,HellaSwag,0.5,validation,discovery
0.9365773727907446,57178,1804,0.031550596383224314,36222,1157,0.03194191375407211,2266,798,0.35216240070609,1042,HellaSwag,0.5,validation,discovery
0.941604861189289,57160,1658,0.02900629811056683,36215,1084,0.029932348474389064,2259,770,0.34085878707392653,1043,HellaSwag,0.5,validation,discovery
0.950178186273115,57157,1409,0.024651398778802246,36214,839,0.023167835643673716,2258,679,0.30070859167404784,1044,HellaSwag,0.5,validation,discovery
0.949581391753078,57171,1433,0.0250651554109601,36220,883,0.024378796245168415,2265,648,0.2860927152317881,1045,HellaSwag,0.5,validation,discovery
0.9323078706711737,57177,1928,0.03371985238819805,36219,1210,0.03340787984207184,2264,809,0.3573321554770318,1046,HellaSwag,0.5,validation,discovery
0.941892357567484,57175,1654,0.028928727590730213,36219,1069,0.029514895496838677,2265,698,0.30816777041942606,1047,HellaSwag,0.5,validation,discovery
0.9451123461897438,57172,1559,0.027268593017561044,36213,976,0.02695164719851987,2257,717,0.3176783340717767,1048,HellaSwag,0.5,validation,discovery
0.9390802068531046,57173,1731,0.03027652913088346,36219,1136,0.03136475330627571,2263,804,0.35528060097216085,1049,HellaSwag,0.5,validation,discovery
0.9409238353424351,57176,1678,0.02934797817265986,36220,1133,0.03128106018774158,2264,725,0.3202296819787986,1050,HellaSwag,0.5,validation,discovery
0.9500803329628048,57173,1416,0.02476693544155458,36219,913,0.025207763880836027,2263,675,0.2982766239505082,1051,HellaSwag,0.5,validation,discovery
0.9449634477656449,57171,1564,0.02735652691049658,36221,1031,0.02846415063084951,2265,731,0.3227373068432671,1052,HellaSwag,0.5,validation,discovery
0.9435593128190727,57174,1603,0.028037219715255187,36218,988,0.027279253409906678,2263,720,0.3181617322138754,1053,HellaSwag,0.5,validation,discovery
0.9430282708645271,57177,1623,0.02838553964006506,36219,1049,0.028962699135812696,2264,774,0.3418727915194346,1054,HellaSwag,0.5,validation,discovery
0.9357675300764521,57166,1823,0.03188958471818913,36220,1132,0.03125345113197129,2264,741,0.32729681978798586,1055,HellaSwag,0.5,validation,discovery
0.9411549121789151,57167,1672,0.02924764287088705,36218,1052,0.02904633055386824,2263,744,0.3287671232876712,1056,HellaSwag,0.5,validation,discovery
0.9433794375840827,57181,1612,0.028191182385757508,36225,992,0.027384403036576948,2269,648,0.2855883649184663,1057,HellaSwag,0.5,validation,discovery
0.9438294661709657,57173,1596,0.027915274692599655,36213,1022,0.028221909259105844,2259,756,0.3346613545816733,1058,HellaSwag,0.5,validation,discovery
0.9386632821079327,57177,1746,0.030536754289312136,36223,1110,0.030643513789581207,2268,718,0.3165784832451499,1059,HellaSwag,0.5,validation,discovery
0.9424747815514614,57170,1634,0.02858142382368375,36218,1056,0.02915677287536584,2263,704,0.3110914714980115,1060,HellaSwag,0.5,validation,discovery
0.9410173010508392,57171,1676,0.029315562085672806,36217,1072,0.02959935941684844,2261,799,0.3533834586466165,1061,HellaSwag,0.5,validation,discovery
0.9411610823946803,57179,1673,0.029258993686493293,36223,1124,0.031030008558098447,2267,788,0.34759594177326864,1062,HellaSwag,0.5,validation,discovery
0.9450110589254774,57161,1560,0.02729133500113714,36209,981,0.02709271175674556,2254,756,0.33540372670807456,1063,HellaSwag,0.5,validation,discovery
0.9419786489771053,57173,1650,0.028859776467913177,36219,1045,0.0288522598636075,2265,738,0.3258278145695364,1064,HellaSwag,0.5,validation,discovery
0.9389754328799162,57173,1734,0.03032900145173421,36220,1061,0.029293208172280507,2265,756,0.3337748344370861,1065,HellaSwag,0.5,validation,discovery
0.9423001672706578,57170,1638,0.028651390589470003,36223,1057,0.029180355023051652,2267,690,0.3043670048522276,1066,HellaSwag,0.5,validation,discovery
0.941168264444073,57176,1675,0.029295508605009096,36222,995,0.027469493677875323,2266,720,0.3177405119152692,1067,HellaSwag,0.5,validation,discovery
0.9436456402790678,57172,1602,0.028020709438186527,36223,1028,0.02837975871683737,2267,797,0.35156594618438464,1068,HellaSwag,0.5,validation,discovery
0.9371644357928992,57166,1786,0.031242346849525943,36222,1079,0.029788526309977362,2266,681,0.30052956751985876,1069,HellaSwag,0.5,validation,discovery
0.9442063241950699,57176,1586,0.027738911431369806,36219,1022,0.02821723404842762,2264,696,0.30742049469964666,1070,HellaSwag,0.5,validation,discovery
0.9498598922067657,57168,1425,0.024926532325776657,36217,853,0.023552475356876604,2261,639,0.2826183104820876,1071,HellaSwag,0.5,validation,discovery
0.9517050163975326,57175,1370,0.02396152164407521,36219,840,0.023192247163091196,2263,622,0.27485638532920903,1072,HellaSwag,0.5,validation,discovery
0.9389405186710342,57173,1736,0.030363982998968045,36217,1002,0.02766656542507662,2262,752,0.33244916003536695,1073,HellaSwag,0.5,validation,discovery
0.9428424484455092,57172,1622,0.02837053102917512,36218,989,0.027306863990281077,2262,724,0.32007073386383733,1074,HellaSwag,0.5,validation,discovery
0.9459523324131901,57176,1536,0.02686441863719043,36219,988,0.027278500234683454,2265,705,0.31125827814569534,1075,HellaSwag,0.5,validation,discovery
0.9349409191292362,57171,1850,0.03235906316139301,36219,1157,0.03194455948535299,2263,777,0.34334953601414053,1076,HellaSwag,0.5,validation,discovery
0.9413275234865512,57164,1665,0.029126723112448395,36214,1036,0.028607720770972553,2258,734,0.325066430469442,1077,HellaSwag,0.5,validation,discovery
0.9419601717286044,57171,1647,0.028808311906386105,36219,1119,0.03089538639940363,2265,762,0.33642384105960266,1078,HellaSwag,0.5,validation,discovery
0.9392312618003146,57178,1727,0.030203924586379376,36223,1076,0.029704883637467906,2267,700,0.30877812086457873,1079,HellaSwag,0.5,validation,discovery
0.9404185137582591,57178,1695,0.029644268774703556,36224,1105,0.03050463780918728,2271,762,0.33553500660501984,1080,HellaSwag,0.5,validation,discovery
0.9463291256073912,57179,1527,0.02670560870249567,36220,996,0.027498619547211486,2266,742,0.32744924977934686,1081,HellaSwag,0.5,validation,discovery
0.9386910791428522,57180,1742,0.030465197621545995,36222,1144,0.03158301584672299,2267,736,0.3246581385090428,1082,HellaSwag,0.5,validation,discovery
0.9393103564242733,57179,1726,0.030185907413560923,36219,1063,0.02934923658853088,2263,712,0.31462660185594343,1083,HellaSwag,0.5,validation,discovery
0.9405561357196872,57174,1692,0.029593871340119635,36220,1040,0.02871341800110436,2264,728,0.3215547703180212,1084,HellaSwag,0.5,validation,discovery
0.9422692662157859,57178,1642,0.02871733883661548,36227,1052,0.02903911447263091,2272,699,0.3076584507042254,1085,HellaSwag,0.5,validation,discovery
0.944371705128115,57175,1583,0.02768692610406646,36220,999,0.027581446714522364,2265,745,0.32891832229580575,1086,HellaSwag,0.5,validation,discovery
0.945831054748522,57178,1541,0.026950925181013677,36224,968,0.0267226148409894,2268,697,0.3073192239858907,1087,HellaSwag,0.5,validation,discovery
0.9391643270339479,57167,1729,0.030244721605121837,36220,1077,0.02973495306460519,2265,673,0.29713024282560707,1088,HellaSwag,0.5,validation,discovery
0.9417968328540638,57176,1652,0.02889324191968658,36218,1109,0.03062013363520901,2264,720,0.31802120141342755,1089,HellaSwag,0.5,validation,discovery
0.9430427548619654,57171,1619,0.02831855311259205,36216,1075,0.029683013032913628,2262,757,0.33465959328028294,1090,HellaSwag,0.5,validation,discovery
0.941724943483485,57172,1655,0.028947736654306305,36215,1115,0.03078834736987436,2262,818,0.3616268788682582,1091,HellaSwag,0.5,validation,discovery
0.9393873480997159,57176,1724,0.030152511543304884,36221,1057,0.029181966262665306,2265,752,0.33200883002207504,1092,HellaSwag,0.5,validation,discovery
0.9414384022296381,57175,1667,0.029156099693922168,36219,1027,0.028355283138684115,2263,800,0.3535130357931949,1093,HellaSwag,0.5,validation,discovery
0.9382934092844887,57171,1755,0.030697381539591753,36219,1136,0.03136475330627571,2263,805,0.35572249226690233,1094,HellaSwag,0.5,validation,discovery
0.9472535623362673,57177,1501,0.026251814540811866,36225,949,0.02619737750172533,2269,740,0.3261348611723226,1095,HellaSwag,0.5,validation,discovery
0.944257731177296,57174,1584,0.027704900829048168,36223,961,0.026530105181790574,2267,721,0.3180414644905161,1096,HellaSwag,0.5,validation,discovery
0.943890097737311,57172,1593,0.027863289722241658,36220,967,0.026697956929873,2264,651,0.2875441696113074,1097,HellaSwag,0.5,validation,discovery
0.9448329673373717,57172,1569,0.027443503813055343,36218,1039,0.02868739300900105,2262,748,0.3306808134394341,1098,HellaSwag,0.5,validation,discovery
0.9419067897723449,57169,1649,0.028844303731043047,36219,1066,0.02943206604268478,2264,715,0.31581272084805656,1099,HellaSwag,0.5,validation,discovery
0.9445278877535546,57175,1579,0.027616965456930476,36219,958,0.026450205693144484,2263,672,0.2969509500662837,1100,HellaSwag,0.5,validation,discovery
0.9443935409991272,57166,1576,0.027568834621978098,36220,997,0.02752622860298178,2264,759,0.33524734982332155,1101,HellaSwag,0.5,validation,discovery
0.9415082357062617,57175,1664,0.02910362920857018,36220,1094,0.030204307012700167,2265,817,0.36070640176600444,1102,HellaSwag,0.5,validation,discovery
0.9438735997848526,57174,1596,0.027914786441389443,36215,1074,0.029656219798426066,2261,724,0.3202122954444936,1103,HellaSwag,0.5,validation,discovery
0.9419405606481002,57184,1652,0.028889199776161164,36225,1060,0.029261559696342306,2270,782,0.34449339207048457,1104,HellaSwag,0.5,validation,discovery
0.9460221759143049,57176,1536,0.02686441863719043,36221,955,0.02636592032246487,2266,637,0.28111209179170343,1105,HellaSwag,0.5,validation,discovery
0.9389939586175128,57175,1735,0.030345430695233933,36223,1144,0.0315821439416945,2268,749,0.33024691358024694,1106,HellaSwag,0.5,validation,discovery
0.94149899318215,57174,1663,0.029086647776961554,36224,1016,0.028047703180212016,2268,729,0.32142857142857145,1107,HellaSwag,0.5,validation,discovery
0.942022801636048,57174,1649,0.02884178122923007,36219,1084,0.02992904276760816,2263,771,0.34069818824569154,1108,HellaSwag,0.5,validation,discovery
0.9472535675341172,57177,1500,0.026234324990817987,36219,940,0.0259532289682211,2263,689,0.3044631020768891,1109,HellaSwag,0.5,validation,discovery
0.9393566489677933,57184,1728,0.0302182428651371,36225,1100,0.03036576949620428,2270,830,0.3656387665198238,1110,HellaSwag,0.5,validation,discovery
0.9407409838592489,57160,1680,0.02939118264520644,36214,1119,0.030899652068260893,2260,862,0.38141592920353984,1111,HellaSwag,0.5,validation,discovery
0.9441015608238469,57176,1589,0.02779138099902057,36220,1032,0.02849254555494202,2264,690,0.3047703180212014,1112,HellaSwag,0.5,validation,discovery
0.9408334478204358,57170,1681,0.029403533321672205,36217,1063,0.029350857332192063,2261,752,0.33259619637328613,1113,HellaSwag,0.5,validation,discovery
0.9492605765848809,57175,1444,0.025255793616090948,36224,919,0.025369920494699646,2268,738,0.3253968253968254,1114,HellaSwag,0.5,validation,discovery
0.943489474147492,57174,1608,0.028124672053730718,36225,1040,0.028709454796411318,2270,734,0.3233480176211454,1115,HellaSwag,0.5,validation,discovery
0.9443237124237721,57166,1580,0.027638806283455202,36214,981,0.02708897111614293,2258,717,0.3175376439326838,1116,HellaSwag,0.5,validation,discovery
0.9501427521366786,57176,1416,0.024765635931159928,36217,920,0.02540243532042963,2262,684,0.30238726790450926,1117,HellaSwag,0.5,validation,discovery
0.9442208691743533,57170,1585,0.027724330942802168,36221,999,0.02758068523784545,2266,685,0.30229479258605474,1118,HellaSwag,0.5,validation,discovery
0.9463272571656329,57175,1526,0.026689986882378662,36217,1015,0.028025512880691387,2263,737,0.3256738842244808,1119,HellaSwag,0.5,validation,discovery
0.9402460100219958,57182,1702,0.02976461124129971,36223,1071,0.029566849791568893,2268,827,0.3646384479717813,1120,HellaSwag,0.5,validation,discovery
0.9450628245482537,57178,1564,0.027353177795655673,36220,935,0.025814467145223632,2265,732,0.32317880794701986,1121,HellaSwag,0.5,validation,discovery
0.9364496324547199,57168,1807,0.031608592219423456,36214,1153,0.03183851549124648,2258,706,0.312666076173605,1122,HellaSwag,0.5,validation,discovery
0.9451602836143492,57181,1562,0.027316766058655847,36223,1006,0.027772409794881703,2268,781,0.3443562610229277,1123,HellaSwag,0.5,validation,discovery
0.9479409670513519,57172,1479,0.02586930665360666,36219,928,0.02562191115160551,2263,659,0.29120636323464427,1124,HellaSwag,0.5,validation,discovery
0.9428668778506476,57186,1626,0.028433532682824468,36226,1048,0.028929498150499642,2270,731,0.32202643171806167,1125,HellaSwag,0.5,validation,discovery
0.9403856833625124,57182,1697,0.029677171137770627,36223,1073,0.0296220633299285,2268,755,0.33289241622574955,1126,HellaSwag,0.5,validation,discovery
0.9441588111351151,57186,1591,0.027821494771447557,36228,978,0.026995693938390197,2272,752,0.33098591549295775,1127,HellaSwag,0.5,validation,discovery
0.9459393805859271,57167,1534,0.026833662777476515,36215,1005,0.027750931934281374,2259,775,0.3430721558211598,1128,HellaSwag,0.5,validation,discovery
0.9459981407892264,57162,1534,0.026836009936671214,36215,938,0.025900869805329282,2259,708,0.31341301460823373,1129,HellaSwag,0.5,validation,discovery
0.9432901583097558,57178,1615,0.02824512924551401,36218,1032,0.028494118946380254,2264,732,0.32332155477031804,1130,HellaSwag,0.5,validation,discovery
0.9377531951146709,57173,1771,0.03097616007556014,36224,1098,0.030311395759717315,2268,806,0.35537918871252205,1131,HellaSwag,0.5,validation,discovery
0.9469098664523593,57170,1508,0.026377470701416827,36221,942,0.02600701250655697,2265,705,0.31125827814569534,1132,HellaSwag,0.5,validation,discovery
0.9448183905465707,57178,1571,0.027475602504459757,36227,950,0.026223534932508903,2271,658,0.289740202553941,1133,HellaSwag,0.5,validation,discovery
0.9489078144160438,57167,1449,0.025346790980810607,36218,973,0.026865094704290684,2263,706,0.3119752540874945,1134,HellaSwag,0.5,validation,discovery
0.9338234289243048,57172,1882,0.032918211712026864,36224,1216,0.03356890459363958,2268,844,0.37213403880070545,1135,HellaSwag,0.5,validation,discovery
0.9446840703641621,57171,1573,0.027513949379930385,36218,966,0.026671820641669886,2264,703,0.31051236749116606,1136,HellaSwag,0.5,validation,discovery
0.9428569374266642,57166,1622,0.02837350872896477,36217,1070,0.029544136731369245,2262,728,0.3218390804597701,1137,HellaSwag,0.5,validation,discovery
0.9437305888349964,57185,1602,0.028014339424674302,36228,1023,0.02823782709506459,2272,733,0.3226232394366197,1138,HellaSwag,0.5,validation,discovery
0.9447005695226932,57169,1568,0.027427451940737112,36220,1031,0.028464936499171728,2264,783,0.3458480565371025,1139,HellaSwag,0.5,validation,discovery
0.943009815890427,57175,1620,0.028334062090074334,36216,1061,0.02929644356085708,2261,779,0.3445378151260504,1140,HellaSwag,0.5,validation,discovery
0.931602322939237,57165,1944,0.03400682235633692,36219,1295,0.03575471437643226,2263,731,0.3230225364560318,1141,HellaSwag,0.5,validation,discovery
0.9414845918718618,57180,1663,0.029083595662819168,36223,1057,0.029180355023051652,2268,765,0.3373015873015873,1142,HellaSwag,0.5,validation,discovery
0.9446491313948088,57171,1572,0.02749645799443774,36220,988,0.027277747101049143,2264,698,0.3083038869257951,1143,HellaSwag,0.5,validation,discovery
0.9468088051624244,57178,1513,0.026461226345797336,36218,921,0.02542934452482191,2263,637,0.2814847547503314,1144,HellaSwag,0.5,validation,discovery
0.9389704278404556,57180,1738,0.030395243091990206,36222,1091,0.030119816685991938,2267,715,0.3153947948831054,1145,HellaSwag,0.5,validation,discovery
0.9400651556345587,57170,1702,0.029770858842050028,36217,1092,0.03015158627164039,2261,752,0.33259619637328613,1146,HellaSwag,0.5,validation,discovery
0.9499589893008659,57175,1424,0.024905990380411018,36221,862,0.023798349024046823,2265,655,0.2891832229580574,1147,HellaSwag,0.5,validation,discovery
0.9374831041492526,57174,1778,0.031098051561898765,36222,1176,0.032466456849428525,2267,790,0.34847816497573886,1148,HellaSwag,0.5,validation,discovery
0.945559017651404,57175,1549,0.027092260603410582,36218,975,0.026920315865039485,2262,739,0.3267020335985853,1149,HellaSwag,0.5,validation,discovery
0.9421111209390817,57176,1644,0.02875332307261788,36219,1069,0.029514895496838677,2263,725,0.32037118868758285,1150,HellaSwag,0.5,validation,discovery
0.9474097917132126,57175,1494,0.026130301705290775,36220,920,0.025400331308669245,2265,684,0.3019867549668874,1151,HellaSwag,0.5,validation,discovery
0.9400806698188147,57183,1706,0.029834041585785984,36222,1089,0.03006460162332284,2266,677,0.29876434245366285,1152,HellaSwag,0.5,validation,discovery
0.9469558289325354,57175,1508,0.026375163970266725,36220,931,0.025704030922142462,2265,732,0.32317880794701986,1153,HellaSwag,0.5,validation,discovery
0.945465351588255,57180,1550,0.027107380202868136,36223,944,0.026060790105733925,2267,707,0.3118659020732245,1154,HellaSwag,0.5,validation,discovery
0.9394428908912961,57182,1723,0.030131859676121857,36225,1132,0.031249137336093857,2269,722,0.31820185103569854,1155,HellaSwag,0.5,validation,discovery
0.9370848048169008,57180,1792,0.03133962924099335,36225,1179,0.032546583850931676,2270,779,0.3431718061674009,1156,HellaSwag,0.5,validation,discovery
0.9509567824642762,57181,1394,0.02437872719959427,36220,908,0.02506902263942573,2264,693,0.30609540636042404,1157,HellaSwag,0.5,validation,discovery
0.9391664473654491,57172,1729,0.03024207654096411,36222,1126,0.03108608028270112,2266,824,0.36363636363636365,1158,HellaSwag,0.5,validation,discovery
0.9417567377115924,57183,1659,0.029012118986412046,36226,1063,0.02934356539502015,2270,752,0.3312775330396476,1159,HellaSwag,0.5,validation,discovery
0.9409464149285911,57170,1677,0.029333566555885954,36220,1066,0.02943125345113197,2265,676,0.29845474613686535,1160,HellaSwag,0.5,validation,discovery
0.9404461957413361,57165,1689,0.029546050905274207,36215,1145,0.03161673339776336,2259,740,0.3275785745905268,1161,HellaSwag,0.5,validation,discovery
0.9386917972342518,57165,1739,0.030420711974110032,36218,1134,0.031310398144569,2264,725,0.3202296819787986,1162,HellaSwag,0.5,validation,discovery
0.9485198665216199,57178,1465,0.025621742628283605,36223,927,0.025591475029677277,2267,704,0.3105425672695192,1163,HellaSwag,0.5,validation,discovery
0.9398320567565632,57175,1710,0.029908176650634017,36218,1159,0.032000662653928987,2262,844,0.3731211317418214,1164,HellaSwag,0.5,validation,discovery
0.9494775192341466,57172,1436,0.02511719023298118,36215,858,0.023691840397625293,2259,718,0.3178397521027003,1165,HellaSwag,0.5,validation,discovery
0.9443295234023529,57178,1584,0.02770296267795306,36219,978,0.02700240205417046,2263,747,0.3300927971718957,1166,HellaSwag,0.5,validation,discovery
0.9449304353698138,57175,1564,0.02735461303017053,36225,966,0.02666666666666667,2269,699,0.3080652269722345,1167,HellaSwag,0.5,validation,discovery
0.9435151881086214,57173,1606,0.028090182428768824,36212,974,0.02689716116204573,2256,726,0.32180851063829785,1168,HellaSwag,0.5,validation,discovery
0.943594236469738,57174,1603,0.028037219715255187,36220,1026,0.028326891220320265,2265,708,0.3125827814569536,1169,HellaSwag,0.5,validation,discovery
0.9448586826981714,57171,1568,0.02742649245246716,36219,919,0.02537342278914382,2263,665,0.2938577110030932,1170,HellaSwag,0.5,validation,discovery
0.9445094619190918,57171,1576,0.02756642353640832,36219,1038,0.028658991137248405,2264,718,0.31713780918727913,1171,HellaSwag,0.5,validation,discovery
0.9457300813459539,57187,1547,0.027051602636962945,36223,945,0.026088396874913728,2267,725,0.31980591089545657,1172,HellaSwag,0.5,validation,discovery
0.9452320354775138,57185,1562,0.02731485529422051,36226,945,0.02608623640479214,2270,705,0.31057268722466963,1173,HellaSwag,0.5,validation,discovery
0.9378693991684146,57178,1767,0.030903494350974153,36219,1201,0.03315939147961015,2263,726,0.32081307998232433,1174,HellaSwag,0.5,validation,discovery
0.9436073933204507,57183,1605,0.02806778238287603,36226,1055,0.02912272953127588,2270,723,0.3185022026431718,1175,HellaSwag,0.5,validation,discovery
0.9428279825412686,57179,1627,0.028454502527151575,36224,1044,0.028820671378091873,2268,780,0.3439153439153439,1176,HellaSwag,0.5,validation,discovery
0.941563674044333,57181,1662,0.029065598712859166,36219,1023,0.02824484386647892,2263,774,0.34202386212991603,1177,HellaSwag,0.5,validation,discovery
0.942144014157706,57172,1646,0.028790316938361437,36215,1039,0.02868976943255557,2259,716,0.31695440460380697,1178,HellaSwag,0.5,validation,discovery
0.9404770461585851,57173,1693,0.02961187973344061,36222,1121,0.03094804262602838,2266,800,0.353045013239188,1179,HellaSwag,0.5,validation,discovery
0.9341352990964347,57182,1875,0.03279003882340597,36224,1212,0.03345848056537103,2268,722,0.318342151675485,1180,HellaSwag,0.5,validation,discovery
0.9403836071042299,57178,1695,0.029644268774703556,36224,1096,0.03025618374558304,2269,742,0.3270163067430586,1181,HellaSwag,0.5,validation,discovery
0.941909931720909,57159,1649,0.028849350058608444,36216,1058,0.02921360724541639,2265,771,0.3403973509933775,1182,HellaSwag,0.5,validation,discovery
0.9432799526663046,57174,1613,0.028212124392206248,36219,973,0.026864352963913967,2264,730,0.3224381625441696,1183,HellaSwag,0.5,validation,discovery
0.9391542878695825,57181,1732,0.03028978157080149,36228,1157,0.03193662360605057,2272,855,0.37632042253521125,1184,HellaSwag,0.5,validation,discovery
0.9395341734380445,57173,1719,0.030066639847480453,36223,1087,0.03000855809844574,2267,782,0.34494927216585797,1185,HellaSwag,0.5,validation,discovery
0.9456269460210619,57171,1545,0.027024190586136327,36221,957,0.02642113690952762,2266,761,0.3358340688437776,1186,HellaSwag,0.5,validation,discovery
0.9375878699019039,57174,1775,0.031045580158813448,36227,1167,0.03221354238551357,2271,802,0.3531483927785117,1187,HellaSwag,0.5,validation,discovery
0.9460698682307268,57167,1532,0.026798677558731436,36214,1041,0.028745788921411608,2260,741,0.32787610619469026,1188,HellaSwag,0.5,validation,discovery
0.9367519657089611,57179,1798,0.03144511096731317,36224,1202,0.033182420494699646,2268,755,0.33289241622574955,1189,HellaSwag,0.5,validation,discovery
0.939692368003048,57175,1714,0.029978137297770005,36217,1087,0.0300135295579424,2262,761,0.3364279398762157,1190,HellaSwag,0.5,validation,discovery
0.9425887690233178,57171,1632,0.028545941123996433,36219,1035,0.028576161683094507,2264,687,0.3034452296819788,1191,HellaSwag,0.5,validation,discovery
0.9441971055173491,57175,1587,0.02775688675120245,36224,956,0.026391342756183746,2270,726,0.3198237885462555,1192,HellaSwag,0.5,validation,discovery
0.9478729446317188,57176,1481,0.025902476563593117,36222,874,0.02412898238639501,2266,646,0.2850838481906443,1193,HellaSwag,0.5,validation,discovery
0.9414969415995326,57170,1661,0.029053699492740948,36218,1054,0.029101551714617042,2264,720,0.31802120141342755,1194,HellaSwag,0.5,validation,discovery
0.9437770845522715,57174,1598,0.027949767376779656,36218,1030,0.028438897785631453,2262,708,0.3129973474801061,1195,HellaSwag,0.5,validation,discovery
0.9431073294930252,57178,1618,0.028297596977858618,36224,953,0.026308524734982332,2268,724,0.31922398589065254,1196,HellaSwag,0.5,validation,discovery
0.9475035270612978,57170,1492,0.02609760363827182,36215,932,0.025735192599751485,2260,681,0.3013274336283186,1197,HellaSwag,0.5,validation,discovery
0.9419529666927617,57174,1651,0.028876762164620283,36224,1049,0.028958701413427563,2269,736,0.3243719700308506,1198,HellaSwag,0.5,validation,discovery
0.9390968854692228,57189,1733,0.030303030303030304,36227,1106,0.03052971540563668,2272,717,0.31558098591549294,1199,HellaSwag,0.5,validation,discovery
0.9422600224614555,57177,1643,0.028735330639942634,36219,1051,0.029017918771915292,2265,770,0.33995584988962474,1200,HellaSwag,0.5,validation,discovery
0.9434453417788855,57174,1608,0.028124672053730718,36217,991,0.02736284065494105,2261,688,0.30429013710747455,1201,HellaSwag,0.5,validation,discovery
0.9376391556445534,57172,1773,0.03101168404113902,36212,1094,0.030210979785706395,2259,724,0.32049579459938027,1202,HellaSwag,0.5,validation,discovery
0.9405644215200525,57190,1692,0.029585591886693477,36224,1066,0.029428003533568906,2269,756,0.33318642573821067,1203,HellaSwag,0.5,validation,discovery
0.947185549879673,57162,1497,0.026188726776529864,36213,916,0.02529478364123381,2257,731,0.3238812583074878,1204,HellaSwag,0.5,validation,discovery
0.9387117433598382,57186,1745,0.030514461581505965,36222,1101,0.03039589199933742,2266,770,0.33980582524271846,1205,HellaSwag,0.5,validation,discovery
0.9406197564584357,57162,1683,0.029442636716699905,36218,1078,0.029764205643602628,2263,787,0.34776844896155545,1206,HellaSwag,0.5,validation,discovery
0.9447873215232295,57186,1571,0.027471758822089323,36224,991,0.02735755300353357,2269,694,0.30586161304539444,1207,HellaSwag,0.5,validation,discovery
0.9423647935304127,57177,1640,0.028682861989961,36221,1052,0.02904392479500842,2265,767,0.33863134657836647,1208,HellaSwag,0.5,validation,discovery
0.9427943259997532,57163,1624,0.02840998548011826,36209,996,0.02750697340440222,2253,712,0.316023080337328,1209,HellaSwag,0.5,validation,discovery
0.9400323206657875,57174,1707,0.029856228355546226,36222,1036,0.028601402462591796,2266,736,0.324801412180053,1210,HellaSwag,0.5,validation,discovery
0.9438697011417787,57167,1594,0.027883219339828923,36218,1001,0.02763819095477387,2263,718,0.3172779496243924,1211,HellaSwag,0.5,validation,discovery
0.9445041145545937,57178,1579,0.02761551645737871,36222,954,0.026337584893158853,2266,674,0.2974404236540159,1212,HellaSwag,0.5,validation,discovery
0.943895953271035,57184,1596,0.027909904868494685,36228,1048,0.02892790107099481,2272,732,0.3221830985915493,1213,HellaSwag,0.5,validation,discovery
0.9370755244455691,57179,1791,0.03132268839958726,36225,1144,0.03158040027605245,2270,756,0.33303964757709253,1214,HellaSwag,0.5,validation,discovery
0.9452650441441307,57181,1558,0.027246812752487713,36224,1041,0.02873785335689046,2269,816,0.3596297928602909,1215,HellaSwag,0.5,validation,discovery
0.9488838557001079,57172,1452,0.025397047505772055,36217,920,0.02540243532042963,2261,702,0.31048208757187085,1216,HellaSwag,0.5,validation,discovery
0.9420320502141298,57175,1649,0.02884127678181023,36215,1056,0.02915918818169267,2259,727,0.32182381584772024,1217,HellaSwag,0.5,validation,discovery
0.943421602895678,57178,1610,0.02815768302493966,36220,996,0.027498619547211486,2264,721,0.31846289752650175,1218,HellaSwag,0.5,validation,discovery
0.9405191214835427,57170,1691,0.029578450236137834,36214,974,0.026895675705528248,2263,641,0.2832523199292974,1219,HellaSwag,0.5,validation,discovery
0.9373014105893706,57177,1783,0.031183867639085646,36218,1069,0.029515710420233033,2262,720,0.3183023872679045,1220,HellaSwag,0.5,validation,discovery
0.944216999843361,57162,1583,0.027693222770371926,36215,981,0.027088223111970178,2259,756,0.3346613545816733,1221,HellaSwag,0.5,validation,discovery
0.9434802520718201,57173,1606,0.028090182428768824,36219,940,0.0259532289682211,2264,697,0.30786219081272087,1222,HellaSwag,0.5,validation,discovery
0.9387680296666304,57177,1741,0.030449306539342743,36221,1124,0.031031721929267553,2265,819,0.3615894039735099,1223,HellaSwag,0.5,validation,discovery
0.9444507685127271,57176,1579,0.027616482440184692,36222,991,0.027359063552537134,2266,703,0.31023830538393643,1224,HellaSwag,0.5,validation,discovery
0.938446649674709,57180,1751,0.030622595313046518,36223,1116,0.030809154404660023,2267,674,0.29730921923246584,1225,HellaSwag,0.5,validation,discovery
0.9394130042488339,57175,1722,0.030118058592041978,36223,1081,0.029842917483366923,2268,749,0.33024691358024694,1226,HellaSwag,0.5,validation,discovery
0.9391151240673468,57173,1731,0.03027652913088346,36220,1135,0.031336278299282164,2264,798,0.35247349823321555,1227,HellaSwag,0.5,validation,discovery
0.9409792976411927,57182,1681,0.02939736280647756,36222,1093,0.030175031748661034,2266,754,0.3327449249779347,1228,HellaSwag,0.5,validation,discovery
0.9528283248331154,57168,1337,0.023387209627763784,36222,778,0.021478659378278395,2266,614,0.2709620476610768,1229,HellaSwag,0.5,validation,discovery
0.9401873788869936,57171,1701,0.02975284672298893,36220,1093,0.030176697956929874,2265,756,0.3337748344370861,1230,HellaSwag,0.5,validation,discovery
0.9411785594415938,57162,1666,0.02914523634582415,36217,1135,0.03133887400944308,2263,727,0.3212549712770658,1231,HellaSwag,0.5,validation,discovery
0.9409125359829027,57171,1680,0.029385527627643387,36222,1022,0.02821489702390812,2267,727,0.3206881340979268,1232,HellaSwag,0.5,validation,discovery
0.9433333146220015,57176,1611,0.028176157828459492,36220,1007,0.027802319160684704,2265,707,0.3121412803532009,1233,HellaSwag,0.5,validation,discovery
0.9371382759102166,57182,1789,0.03128606904270575,36223,1081,0.029842917483366923,2268,755,0.33289241622574955,1234,HellaSwag,0.5,validation,discovery
0.9427838285415167,57179,1628,0.028471991465398135,36222,1067,0.029457235933962784,2266,722,0.31862312444836716,1235,HellaSwag,0.5,validation,discovery
0.9475219139105894,57172,1490,0.026061708528650387,36215,921,0.025431451056192187,2260,723,0.3199115044247788,1236,HellaSwag,0.5,validation,discovery
0.9462739453161636,57174,1529,0.026742925105817328,36223,909,0.025094553184440826,2267,719,0.3171592412880459,1237,HellaSwag,0.5,validation,discovery
0.9418594673922833,57179,1655,0.02894419279805523,36223,999,0.027579162410623085,2267,677,0.29863255403617117,1238,HellaSwag,0.5,validation,discovery
0.9485050979400619,57184,1464,0.025601566871852267,36221,926,0.02556527981005494,2265,692,0.3055187637969095,1239,HellaSwag,0.5,validation,discovery
0.942538389553538,57176,1632,0.02854344480201483,36219,1070,0.029542505314889975,2264,807,0.35644876325088337,1240,HellaSwag,0.5,validation,discovery
0.934244774795873,57175,1870,0.03270660253607346,36221,1234,0.034068634217719,2266,811,0.35789938217122685,1241,HellaSwag,0.5,validation,discovery
0.9395876008663682,57175,1718,0.03004809794490599,36215,1144,0.031589120530167054,2260,738,0.32654867256637166,1242,HellaSwag,0.5,validation,discovery
0.9430941437718829,57169,1616,0.028267067816473965,36219,1027,0.028355283138684115,2263,755,0.3336279275298277,1243,HellaSwag,0.5,validation,discovery
0.9412340203380049,57169,1671,0.029229127674089105,36216,990,0.027335984095427434,2260,738,0.32654867256637166,1244,HellaSwag,0.5,validation,discovery
0.9393061302559951,57171,1724,0.03015514858931976,36221,1101,0.030396731178045883,2266,760,0.3353927625772286,1245,HellaSwag,0.5,validation,discovery
0.9374716462125358,57169,1777,0.03108327939967465,36220,1183,0.03266151297625621,2264,823,0.36351590106007065,1246,HellaSwag,0.5,validation,discovery
0.9459872557498253,57176,1535,0.02684692878130684,36220,988,0.027277747101049143,2264,726,0.3206713780918728,1247,HellaSwag,0.5,validation,discovery
0.9432061646797885,57167,1612,0.028198086308534643,36214,1030,0.028442038990445683,2258,716,0.3170947741364039,1248,HellaSwag,0.5,validation,discovery
0.9444764792043542,57175,1580,0.027634455618714474,36221,977,0.02697330278015516,2265,725,0.3200883002207506,1249,HellaSwag,0.5,validation,discovery
0.9443052567028838,57164,1580,0.027639773283884964,36213,981,0.02708971916162704,2260,657,0.2907079646017699,1250,HellaSwag,0.5,validation,discovery
0.9388849437629143,57167,1735,0.030349677261357077,36217,1123,0.03100753789656791,2262,725,0.32051282051282054,1251,HellaSwag,0.5,validation,discovery
0.9405582080315074,57178,1693,0.02960929028647382,36223,1022,0.028214118101758553,2267,724,0.31936479929422146,1252,HellaSwag,0.5,validation,discovery
0.9411867514101199,57179,1675,0.02929397156298641,36223,1043,0.028793860254534412,2268,727,0.3205467372134039,1253,HellaSwag,0.5,validation,discovery
0.9360814475307704,57181,1820,0.03182875430650041,36223,1129,0.03116804240399746,2267,792,0.3493603881782091,1254,HellaSwag,0.5,validation,discovery
0.9456196445376448,57174,1546,0.027040263056634133,36215,944,0.026066547010907083,2259,705,0.31208499335989376,1255,HellaSwag,0.5,validation,discovery
0.9438479071560075,57175,1600,0.027984258854394404,36215,1013,0.027971834875051775,2260,679,0.3004424778761062,1256,HellaSwag,0.5,validation,discovery
0.9505451920058944,57178,1408,0.024624855713736054,36222,826,0.022803820882336703,2267,641,0.2827525363917071,1257,HellaSwag,0.5,validation,discovery
0.9393995142997713,57166,1722,0.030122800265892313,36212,1082,0.02987959792334033,2258,709,0.31399468556244464,1258,HellaSwag,0.5,validation,discovery
0.9410193400979858,57175,1677,0.029331001311762132,36222,1039,0.02868422505659544,2267,711,0.31363034847816496,1259,HellaSwag,0.5,validation,discovery
0.9406937477975279,57170,1686,0.02949099177890502,36223,1078,0.02976009717582751,2268,806,0.35537918871252205,1260,HellaSwag,0.5,validation,discovery
0.9451409160370271,57178,1558,0.027248242330966455,36227,982,0.02710685400391973,2271,711,0.3130779392338177,1261,HellaSwag,0.5,validation,discovery
0.941164175130203,57168,1670,0.02921214665547159,36217,1127,0.031117983267526298,2261,770,0.34055727554179566,1262,HellaSwag,0.5,validation,discovery
0.9432727035561292,57177,1613,0.028210644140126275,36218,985,0.02719642166878348,2262,695,0.3072502210433245,1263,HellaSwag,0.5,validation,discovery
0.9410645266509191,57161,1669,0.029198229562114028,36216,1109,0.030621824607908108,2263,780,0.344675209898365,1264,HellaSwag,0.5,validation,discovery
0.9421203512097284,57177,1648,0.028822778389912027,36217,1014,0.02799790153795179,2261,751,0.33215391419725787,1265,HellaSwag,0.5,validation,discovery
0.935238884269207,57173,1841,0.032200514228744335,36222,1187,0.03277013969410855,2266,803,0.35436893203883496,1266,HellaSwag,0.5,validation,discovery
0.9449876095004848,57185,1566,0.02738480370726589,36228,1030,0.028431047808325054,2272,718,0.3160211267605634,1267,HellaSwag,0.5,validation,discovery
0.9394529532172348,57168,1719,0.03006926952141058,36217,1109,0.030620979098213544,2262,799,0.3532272325375774,1268,HellaSwag,0.5,validation,discovery
0.9425486194934041,57178,1635,0.028594914127811396,36224,998,0.027550795053003535,2269,747,0.32921992066989864,1269,HellaSwag,0.5,validation,discovery
0.9442412475258501,57176,1584,0.027703931719602632,36228,1031,0.028458650767362263,2272,725,0.3191021126760563,1270,HellaSwag,0.5,validation,discovery
0.9448529186099824,57159,1565,0.027379765216326388,36216,1022,0.02821957146012812,2260,792,0.3504424778761062,1271,HellaSwag,0.5,validation,discovery
0.9461030942439387,57181,1535,0.02684458124202095,36223,962,0.026557711950970377,2267,753,0.3321570357300397,1272,HellaSwag,0.5,validation,discovery
0.9395341671364483,57173,1717,0.03003165830024662,36220,1066,0.02943125345113197,2268,778,0.3430335097001764,1273,HellaSwag,0.5,validation,discovery
0.945217088153428,57173,1557,0.027233134521539887,36211,965,0.02664936069150258,2256,659,0.2921099290780142,1274,HellaSwag,0.5,validation,discovery
0.9485713513914235,57176,1462,0.025570169301804953,36224,1008,0.02782685512367491,2268,683,0.3011463844797178,1275,HellaSwag,0.5,validation,discovery
0.9377760822510292,57183,1774,0.031023206197646154,36225,1136,0.031359558316080054,2270,759,0.3343612334801762,1276,HellaSwag,0.5,validation,discovery
0.9425333842906636,57165,1629,0.028496457622671216,36215,1064,0.029380091122463068,2261,794,0.35117204776647504,1277,HellaSwag,0.5,validation,discovery
0.9394109033424787,57171,1723,0.030137657203827117,36221,1072,0.029596090665635958,2265,801,0.3536423841059603,1278,HellaSwag,0.5,validation,discovery
0.9419293001493173,57179,1654,0.02892670385980867,36224,1024,0.028268551236749116,2268,718,0.3165784832451499,1279,HellaSwag,0.5,validation,discovery
0.9452485434843904,57183,1557,0.027228372068621793,36222,1005,0.027745568991220805,2266,731,0.32259488084730803,1280,HellaSwag,0.5,validation,discovery
0.9433425496017391,57177,1610,0.028158175490144637,36221,1041,0.028740233566163276,2265,779,0.34392935982339956,1281,HellaSwag,0.5,validation,discovery
0.9448091837087288,57177,1569,0.027441103940395613,36223,999,0.027579162410623085,2267,736,0.3246581385090428,1282,HellaSwag,0.5,validation,discovery
0.9437649361043619,57166,1596,0.02791869292936361,36220,1058,0.02921038100496963,2265,756,0.3337748344370861,1283,HellaSwag,0.5,validation,discovery
0.9359629477689619,57172,1818,0.03179878262086336,36222,1127,0.03111368781403567,2266,773,0.3411297440423654,1284,HellaSwag,0.5,validation,discovery
0.9520675141838336,57165,1359,0.023773287850957753,36216,867,0.02393969516235918,2260,678,0.3,1285,HellaSwag,0.5,validation,discovery
0.9441621880704736,57175,1586,0.02773939658941845,36222,999,0.027579923803213516,2267,757,0.33392148213498013,1286,HellaSwag,0.5,validation,discovery
0.9406793875944669,57176,1687,0.029505386875612143,36219,1042,0.0287694304094536,2263,768,0.3393725143614671,1287,HellaSwag,0.5,validation,discovery
0.9448771060345417,57173,1568,0.027425533031325975,36219,997,0.027526988597145145,2263,766,0.3384887317719841,1288,HellaSwag,0.5,validation,discovery
0.9404791147996465,57177,1694,0.029627297689630447,36222,1037,0.028629009993926344,2266,659,0.2908208296557811,1289,HellaSwag,0.5,validation,discovery
0.9374203670516841,57171,1780,0.031134666176907872,36217,1071,0.029571748074108842,2261,797,0.35249889429455994,1290,HellaSwag,0.5,validation,discovery
0.9373199681937732,57179,1785,0.03121775477010791,36223,1134,0.031306076249896474,2267,807,0.35597706219673575,1291,HellaSwag,0.5,validation,discovery
0.9377019045417501,57175,1773,0.0310100568430258,36219,1173,0.032386316574173776,2264,745,0.3290636042402827,1292,HellaSwag,0.5,validation,discovery
0.941720893782805,57164,1653,0.028916800783710027,36211,1046,0.028886250034519896,2259,717,0.31739707835325365,1293,HellaSwag,0.5,validation,discovery
0.9386005560470285,57174,1744,0.030503375660265154,36221,1081,0.029844565307418348,2266,787,0.3473080317740512,1294,HellaSwag,0.5,validation,discovery
0.9375087372721487,57173,1776,0.03106361394364473,36223,1143,0.0315545371725147,2269,815,0.3591890700749229,1295,HellaSwag,0.5,validation,discovery
0.9453825041444437,57171,1552,0.027146630284584843,36216,947,0.02614866357411089,2260,698,0.3088495575221239,1296,HellaSwag,0.5,validation,discovery
0.9401278433912413,57173,1702,0.029769296695992865,36217,1126,0.0310903719247867,2261,742,0.3281733746130031,1297,HellaSwag,0.5,validation,discovery
0.9428516834289793,57173,1622,0.028370034806639497,36221,1003,0.027691118411970955,2265,765,0.33774834437086093,1298,HellaSwag,0.5,validation,discovery
0.9459192978717033,57181,1540,0.026932022874731117,36221,1000,0.027608293531376827,2265,758,0.3346578366445916,1299,HellaSwag,0.5,validation,discovery
0.9417855782157074,57171,1654,0.028930751604834617,36217,1059,0.029240411961233673,2261,681,0.3011941618752764,1300,HellaSwag,0.5,validation,discovery
0.9464466736480848,57169,1520,0.026587836065000262,36215,977,0.026977771641584977,2262,722,0.3191865605658709,1301,HellaSwag,0.5,validation,discovery
0.9406516515548977,57173,1687,0.029506935091739107,36217,1052,0.02904713256205649,2261,804,0.35559486952675806,1302,HellaSwag,0.5,validation,discovery
0.9456748681402695,57180,1546,0.027037425673312347,36223,988,0.027275487949645252,2268,719,0.3170194003527337,1303,HellaSwag,0.5,validation,discovery
0.9360862731812883,57174,1817,0.0317801798020079,36219,1160,0.032027388939506886,2264,703,0.31051236749116606,1304,HellaSwag,0.5,validation,discovery
0.9436805616631355,57172,1600,0.027985727279087665,36218,1024,0.028273234303385058,2262,759,0.33554376657824936,1305,HellaSwag,0.5,validation,discovery
0.9429584278393558,57177,1623,0.02838553964006506,36227,966,0.026665194468214314,2272,724,0.31866197183098594,1306,HellaSwag,0.5,validation,discovery
0.944913939975153,57177,1566,0.02738863529041398,36219,951,0.02625693696678539,2263,670,0.29606716747680073,1307,HellaSwag,0.5,validation,discovery
0.9462850089577715,57178,1528,0.026723565007520374,36222,934,0.025785434266467892,2266,715,0.3155339805825243,1308,HellaSwag,0.5,validation,discovery
0.9467187220770309,57172,1512,0.026446512278737844,36215,957,0.02642551428965898,2260,686,0.3035398230088496,1309,HellaSwag,0.5,validation,discovery
0.9449285302538042,57171,1563,0.027339035525003937,36224,978,0.02699867491166078,2268,693,0.3055555555555556,1310,HellaSwag,0.5,validation,discovery
0.9384537692451069,57177,1750,0.03060671248928765,36224,1119,0.03089112190812721,2268,869,0.38315696649029984,1311,HellaSwag,0.5,validation,discovery
0.9416274033410208,57169,1660,0.029036715702566076,36214,1097,0.030292152206329043,2260,741,0.32787610619469026,1312,HellaSwag,0.5,validation,discovery
0.93481281024093,57176,1853,0.03240870295228767,36222,1185,0.032714924631439456,2266,799,0.352603706972639,1313,HellaSwag,0.5,validation,discovery
0.9460533440030672,57168,1531,0.02678071648474671,36216,1031,0.02846808040645019,2260,702,0.3106194690265487,1314,HellaSwag,0.5,validation,discovery
0.9445075240289531,57167,1575,0.02755085976175066,36215,1021,0.028192737815822173,2262,733,0.3240495137046861,1315,HellaSwag,0.5,validation,discovery
0.9433188261012624,57183,1613,0.0282076841019184,36225,1001,0.027632850241545895,2269,740,0.3261348611723226,1316,HellaSwag,0.5,validation,discovery
0.9469705276148909,57170,1507,0.026359979009970263,36216,989,0.02730837199028054,2260,724,0.32035398230088497,1317,HellaSwag,0.5,validation,discovery
0.943733919566066,57174,1596,0.027914786441389443,36217,988,0.027280006626722256,2261,712,0.3149049093321539,1318,HellaSwag,0.5,validation,discovery
0.93687090376635,57172,1794,0.03137899671167704,36219,1087,0.03001187222176206,2263,752,0.3323022536456032,1319,HellaSwag,0.5,validation,discovery
0.9360305523567656,57168,1817,0.031783515253288555,36221,1150,0.03174953756108335,2265,743,0.3280353200883002,1320,HellaSwag,0.5,validation,discovery
0.9384074292357313,57172,1751,0.030626880291051563,36218,1148,0.031696946269810594,2263,782,0.345558992487848,1321,HellaSwag,0.5,validation,discovery
0.9359688767335034,57168,1819,0.03181849986006157,36220,1087,0.030011043622308116,2264,787,0.3476148409893993,1322,HellaSwag,0.5,validation,discovery
0.9395034661096956,57181,1722,0.03011489830538116,36223,1037,0.028628219639455596,2267,778,0.3431848257609175,1323,HellaSwag,0.5,validation,discovery
0.9441219478114355,57182,1591,0.027823440942954077,36223,969,0.026750959335229,2267,684,0.30172033524481695,1324,HellaSwag,0.5,validation,discovery
0.9400651519085886,57171,1701,0.02975284672298893,36215,1134,0.03131299185420406,2260,746,0.33008849557522124,1325,HellaSwag,0.5,validation,discovery
0.936263099653866,57178,1815,0.03174297806848788,36223,1096,0.030257019021063966,2267,772,0.34053815615350685,1326,HellaSwag,0.5,validation,discovery
0.9512968127734406,57180,1387,0.024256733123469744,36224,862,0.02379637809187279,2268,589,0.25970017636684306,1327,HellaSwag,0.5,validation,discovery
0.9476248528068836,57169,1487,0.026010600150431176,36219,970,0.02678152350976007,2264,728,0.3215547703180212,1328,HellaSwag,0.5,validation,discovery
0.9401740963681895,57178,1703,0.029784182727622514,36225,1083,0.02989648033126294,2269,715,0.3151167915381225,1329,HellaSwag,0.5,validation,discovery
0.9379512844181519,57168,1763,0.030838930870417017,36220,1151,0.031778023191606844,2266,802,0.353927625772286,1330,HellaSwag,0.5,validation,discovery
0.9468841298435591,57171,1509,0.026394500708401113,36212,914,0.0252402518502154,2258,715,0.316651904340124,1331,HellaSwag,0.5,validation,discovery
0.9399574108639953,57181,1710,0.029905038386876758,36221,1023,0.028243284282598494,2265,768,0.3390728476821192,1332,HellaSwag,0.5,validation,discovery
0.9434730007434593,57176,1606,0.028088708549041556,36222,1021,0.028187289492573573,2266,746,0.3292144748455428,1333,HellaSwag,0.5,validation,discovery
0.9440637167481322,57171,1587,0.027758828776827414,36220,973,0.026863611264494755,2264,730,0.3224381625441696,1334,HellaSwag,0.5,validation,discovery
0.9435665801993326,57171,1599,0.02796872540273915,36214,1064,0.02938090241343127,2259,769,0.34041611332447985,1335,HellaSwag,0.5,validation,discovery
0.9417824167676774,57182,1658,0.028995138330243784,36223,1053,0.029069927946332442,2267,715,0.3153947948831054,1336,HellaSwag,0.5,validation,discovery
0.9367148471168723,57174,1802,0.031517822786581315,36225,1148,0.03169082125603865,2270,793,0.34933920704845817,1337,HellaSwag,0.5,validation,discovery
0.9409987983765719,57169,1675,0.029299095663733843,36219,1103,0.030453629310582844,2263,785,0.3468846663720725,1338,HellaSwag,0.5,validation,discovery
0.944584668890429,57164,1571,0.02748233153733119,36211,1030,0.02844439534947944,2256,721,0.3195921985815603,1339,HellaSwag,0.5,validation,discovery
0.9438532199472461,57169,1595,0.02789973587083909,36217,972,0.026838225142888698,2261,716,0.31667403803626715,1340,HellaSwag,0.5,validation,discovery
0.9417219191819788,57167,1655,0.02895026851155387,36218,1094,0.03020597492959302,2263,705,0.311533362792753,1341,HellaSwag,0.5,validation,discovery
0.9435244015374704,57175,1605,0.028071709663314386,36223,1008,0.027827623333241312,2267,712,0.31407146007940007,1342,HellaSwag,0.5,validation,discovery
0.944958071933938,57178,1566,0.027388156283885412,36220,1058,0.02921038100496963,2265,719,0.317439293598234,1343,HellaSwag,0.5,validation,discovery
0.9437925939229375,57169,1597,0.02793471986566146,36223,1013,0.027965657179140326,2267,787,0.3471548301720335,1344,HellaSwag,0.5,validation,discovery
0.9459596556028009,57173,1536,0.02686582827558463,36221,1022,0.028215675989067115,2265,776,0.3426048565121413,1345,HellaSwag,0.5,validation,discovery
0.9436034605620454,57175,1604,0.02805421950153039,36221,966,0.026669611551310014,2265,622,0.27461368653421636,1346,HellaSwag,0.5,validation,discovery
0.9408005848686,57175,1685,0.029470922606034105,36222,994,0.027441886146540775,2266,719,0.3172992056487202,1347,HellaSwag,0.5,validation,discovery
0.9443828617060419,57180,1585,0.027719482336481287,36226,1001,0.027632087451002044,2270,696,0.3066079295154185,1348,HellaSwag,0.5,validation,discovery
0.9425855439347522,57182,1636,0.02861040187471582,36225,1007,0.02779848171152519,2269,711,0.3133539003966505,1349,HellaSwag,0.5,validation,discovery
0.946663649723818,57185,1520,0.026580396957244033,36225,998,0.027550034506556246,2269,747,0.32921992066989864,1350,HellaSwag,0.5,validation,discovery
0.9487699160781448,57171,1456,0.025467457277290936,36216,895,0.02471283410647228,2261,731,0.3233082706766917,1351,HellaSwag,0.5,validation,discovery
0.9421151541570023,57184,1649,0.028836737548964746,36231,1101,0.030388341475532002,2275,804,0.3534065934065934,1352,HellaSwag,0.5,validation,discovery
0.9366379332575822,57177,1802,0.03151616908896934,36222,1142,0.03152780078405389,2267,839,0.37009263343625937,1353,HellaSwag,0.5,validation,discovery
0.946011098440379,57171,1534,0.026831785345717233,36217,953,0.026313609630836347,2261,719,0.31800088456435205,1354,HellaSwag,0.5,validation,discovery
0.9392106245024621,57172,1727,0.030207094381865248,36218,1138,0.031420840466066594,2262,763,0.33731211317418214,1355,HellaSwag,0.5,validation,discovery
0.9397899812641911,57178,1714,0.029976564412886077,36225,1110,0.03064182194616977,2269,732,0.32260907888937856,1356,HellaSwag,0.5,validation,discovery
0.9367006964232139,57180,1802,0.03151451556488283,36224,1161,0.032050574204946995,2269,789,0.3477302776553548,1357,HellaSwag,0.5,validation,discovery
0.939150837221898,57158,1724,0.030162007068126946,36211,1157,0.03195161691198807,2255,806,0.3574279379157428,1358,HellaSwag,0.5,validation,discovery
0.9482460826435974,57171,1470,0.02571233667418796,36216,931,0.025706869891760548,2261,697,0.3082706766917293,1359,HellaSwag,0.5,validation,discovery
0.9391542821439748,57181,1733,0.030307269897343524,36219,1106,0.03053645876473674,2265,834,0.36821192052980134,1360,HellaSwag,0.5,validation,discovery
0.9459082148505596,57175,1538,0.02689986882378662,36223,961,0.026530105181790574,2268,705,0.31084656084656087,1361,HellaSwag,0.5,validation,discovery
0.9372173913370561,57183,1787,0.031250546491090006,36222,1086,0.0299817790293192,2267,794,0.3502426113806793,1362,HellaSwag,0.5,validation,discovery
0.9395876065952177,57176,1716,0.030012592696236184,36222,1080,0.02981613384131191,2266,771,0.34024713150926744,1363,HellaSwag,0.5,validation,discovery
0.9379043158639353,57179,1766,0.030885464943423285,36224,1135,0.031332818021201414,2268,803,0.3540564373897707,1364,HellaSwag,0.5,validation,discovery
0.9386982019673887,57177,1744,0.030501775189324377,36224,1098,0.030311395759717315,2269,746,0.32877919788453064,1365,HellaSwag,0.5,validation,discovery
0.9398278542790915,57167,1711,0.029929854636416113,36221,1091,0.030120648242732116,2267,743,0.32774591971768857,1366,HellaSwag,0.5,validation,discovery
0.9408118841599652,57179,1684,0.02945137200720544,36223,1113,0.030726334097120615,2268,839,0.3699294532627866,1367,HellaSwag,0.5,validation,discovery
0.9518263969189045,57173,1369,0.02394486908155948,36220,806,0.02225289895085588,2264,652,0.2879858657243816,1368,HellaSwag,0.5,validation,discovery
0.9422046205336803,57171,1643,0.028738346364415527,36213,988,0.02728301990997708,2260,666,0.29469026548672567,1369,HellaSwag,0.5,validation,discovery
0.9463933610923302,57167,1522,0.026623751465006035,36215,962,0.026563578627640482,2260,669,0.2960176991150443,1370,HellaSwag,0.5,validation,discovery
0.9392241221438424,57181,1730,0.030254804917717423,36220,1052,0.029044726670347874,2264,737,0.325530035335689,1371,HellaSwag,0.5,validation,discovery
0.9436364070350766,57171,1601,0.02800370817372444,36220,987,0.02725013804527885,2266,689,0.30406001765225066,1372,HellaSwag,0.5,validation,discovery
0.9367099800564977,57181,1801,0.03149647610220178,36219,1136,0.03136475330627571,2263,832,0.36765355722492266,1373,HellaSwag,0.5,validation,discovery
0.9409474427546065,57171,1679,0.02936803624215074,36217,1086,0.029985918215202804,2263,713,0.3150684931506849,1374,HellaSwag,0.5,validation,discovery
0.9419108217152559,57177,1654,0.0289277156898753,36221,1087,0.03001021506860661,2265,726,0.3205298013245033,1375,HellaSwag,0.5,validation,discovery
0.9444139185026393,57172,1583,0.02768837892674736,36216,914,0.025237464104263307,2260,669,0.2960176991150443,1376,HellaSwag,0.5,validation,discovery
0.9430519767499158,57172,1620,0.02833554887007626,36218,1010,0.027886686178143466,2263,721,0.3186036235086169,1377,HellaSwag,0.5,validation,discovery
0.9443605608926683,57170,1578,0.02760188910267623,36222,941,0.02597868698580973,2266,707,0.3120035304501324,1378,HellaSwag,0.5,validation,discovery
0.9446510746403484,57175,1576,0.027564494971578486,36223,1008,0.027827623333241312,2267,776,0.3423026025584473,1379,HellaSwag,0.5,validation,discovery
0.9376740836034805,57172,1770,0.03095921080249073,36220,1157,0.031943677526228606,2264,776,0.34275618374558303,1380,HellaSwag,0.5,validation,discovery
0.9443770469147688,57168,1582,0.02767282395745872,36217,1012,0.027942678852472595,2262,734,0.3244916003536693,1381,HellaSwag,0.5,validation,discovery
0.9406516416610953,57173,1687,0.029506935091739107,36217,1083,0.02990308418698401,2262,838,0.3704686118479222,1382,HellaSwag,0.5,validation,discovery
0.9443862688323172,57169,1580,0.027637355909671327,36214,1018,0.028110675429391947,2258,759,0.3361381753764393,1383,HellaSwag,0.5,validation,discovery
0.939955316907806,57177,1708,0.029872151389544747,36223,1095,0.030229412251884163,2268,717,0.31613756613756616,1384,HellaSwag,0.5,validation,discovery
0.9404051228834788,57169,1693,0.029613951617135162,36219,1034,0.02854855186504321,2263,764,0.3376049491825011,1385,HellaSwag,0.5,validation,discovery
0.937983430655587,57179,1766,0.030885464943423285,36221,1136,0.031363021451644074,2265,784,0.34613686534216337,1386,HellaSwag,0.5,validation,discovery
0.9391963393825684,57178,1728,0.030221413830494245,36222,1150,0.03174866103473027,2266,820,0.36187113857016767,1387,HellaSwag,0.5,validation,discovery
0.9466948497828206,57177,1514,0.026479178690732286,36223,1004,0.027717196256522098,2269,740,0.3261348611723226,1388,HellaSwag,0.5,validation,discovery
0.948212962506578,57175,1474,0.025780498469610842,36219,928,0.02562191115160551,2263,709,0.31330092797171893,1389,HellaSwag,0.5,validation,discovery
0.9441146780169836,57185,1592,0.027839468392060855,36226,1019,0.028128968144426655,2270,735,0.3237885462555066,1390,HellaSwag,0.5,validation,discovery
0.9386960675389379,57173,1744,0.03050390918790338,36218,1082,0.029874647965100226,2262,651,0.28779840848806365,1391,HellaSwag,0.5,validation,discovery
0.9403260286227435,57168,1697,0.02968443884690736,36219,1069,0.029514895496838677,2265,746,0.3293598233995585,1392,HellaSwag,0.5,validation,discovery
0.9370782347594796,57168,1789,0.031293730758466275,36218,1147,0.03166933568943619,2262,713,0.3152077807250221,1393,HellaSwag,0.5,validation,discovery
0.9460663022626711,57177,1533,0.026811480140615983,36227,912,0.025174593535208546,2271,653,0.28753852928225454,1394,HellaSwag,0.5,validation,discovery
0.9446602894996042,57176,1571,0.027476563593115993,36224,1036,0.02859982332155477,2269,722,0.31820185103569854,1395,HellaSwag,0.5,validation,discovery
0.9422580212009737,57173,1641,0.028702359505360923,36216,1027,0.0283576319858626,2260,715,0.3163716814159292,1396,HellaSwag,0.5,validation,discovery
0.9453015445516003,57166,1555,0.027201483399223316,36220,996,0.027498619547211486,2264,740,0.32685512367491165,1397,HellaSwag,0.5,validation,discovery
0.9484224886473014,57175,1467,0.025658067337122867,36226,925,0.025534146745431457,2270,685,0.30176211453744495,1398,HellaSwag,0.5,validation,discovery
0.942115151572491,57184,1650,0.02885422495803022,36225,1091,0.030117322291235336,2269,778,0.3428823270163067,1399,HellaSwag,0.5,validation,discovery
0.941004970064022,57181,1678,0.029345411937531696,36223,1044,0.028821467023714215,2267,751,0.33127481252756946,1400,HellaSwag,0.5,validation,discovery
0.9483544396307848,57179,1470,0.025708739222441806,36222,946,0.02611672464248247,2267,718,0.3167181296868108,1401,HellaSwag,0.5,validation,discovery
0.9504055163955742,57178,1411,0.02467732344608066,36223,858,0.023686607956270877,2268,641,0.2826278659611993,1402,HellaSwag,0.5,validation,discovery
0.9470256773777952,57175,1504,0.02630520332313074,36222,962,0.02655844514383524,2266,742,0.32744924977934686,1403,HellaSwag,0.5,validation,discovery
0.9428372033710901,57179,1627,0.028454502527151575,36222,1015,0.028021644304566287,2267,760,0.33524481693868546,1404,HellaSwag,0.5,validation,discovery
0.9398833842293388,57173,1708,0.029874241337694365,36221,1118,0.03086607216807929,2266,703,0.31023830538393643,1405,HellaSwag,0.5,validation,discovery
0.9430816329446922,57179,1618,0.028297102082932544,36224,1042,0.028765459363957597,2268,684,0.30158730158730157,1406,HellaSwag,0.5,validation,discovery
0.9463456484475801,57177,1527,0.02670654284065271,36220,977,0.026974047487575925,2265,671,0.29624724061810154,1407,HellaSwag,0.5,validation,discovery
0.9447097848647605,57170,1569,0.027444463879657162,36220,1053,0.029072335726118167,2264,744,0.3286219081272085,1408,HellaSwag,0.5,validation,discovery
0.9384423577723797,57172,1751,0.030626880291051563,36221,1058,0.02920957455619668,2266,799,0.352603706972639,1409,HellaSwag,0.5,validation,discovery
0.9454101138397764,57174,1552,0.02714520586280477,36221,944,0.026062229093619722,2267,728,0.3211292456991619,1410,HellaSwag,0.5,validation,discovery
0.9386654269065898,57181,1744,0.03049964148930589,36224,1117,0.030835909893992933,2268,737,0.32495590828924165,1411,HellaSwag,0.5,validation,discovery
0.9448567656466388,57167,1566,0.0273934262773978,36216,954,0.026341948310139165,2261,777,0.34365325077399383,1412,HellaSwag,0.5,validation,discovery
0.9381744070785658,57177,1761,0.030799097539220315,36219,1185,0.03271763439078936,2264,832,0.3674911660777385,1413,HellaSwag,0.5,validation,discovery
0.9448494688082254,57170,1567,0.027409480496764036,36219,1022,0.02821723404842762,2264,724,0.3197879858657244,1414,HellaSwag,0.5,validation,discovery
0.9454247287705159,57168,1549,0.02709557794570389,36213,976,0.02695164719851987,2257,723,0.32033673017279574,1415,HellaSwag,0.5,validation,discovery
0.9424900163490646,57184,1637,0.028626888640179073,36226,1039,0.028681057803787335,2270,727,0.32026431718061676,1416,HellaSwag,0.5,validation,discovery
0.944958071933938,57178,1565,0.027370667039770542,36223,963,0.02658531872015018,2267,708,0.3123070136744596,1417,HellaSwag,0.5,validation,discovery
0.9442630675556446,57167,1582,0.027673308027358443,36219,966,0.026671084237554876,2263,750,0.3314184710561202,1418,HellaSwag,0.5,validation,discovery
0.9397920693735587,57182,1715,0.029991955510475326,36228,1054,0.029093518825218063,2272,735,0.32350352112676056,1419,HellaSwag,0.5,validation,discovery
0.9413921954236045,57170,1664,0.029106174567080638,36219,1066,0.02943206604268478,2263,712,0.31462660185594343,1420,HellaSwag,0.5,validation,discovery
0.9433366252206407,57165,1610,0.0281640864165136,36217,1051,0.029019521219316894,2263,798,0.3526292532037119,1421,HellaSwag,0.5,validation,discovery
0.9438255395175607,57165,1596,0.02791918131723957,36220,1070,0.029541689674213143,2264,799,0.35291519434628976,1422,HellaSwag,0.5,validation,discovery
0.9404236323325321,57171,1691,0.02957793286806248,36215,1081,0.029849509871600167,2259,769,0.34041611332447985,1423,HellaSwag,0.5,validation,discovery
0.9395783474503079,57174,1720,0.030083604435582608,36222,1040,0.028711832587929986,2267,683,0.30127922364358184,1424,HellaSwag,0.5,validation,discovery
0.9385378530976854,57171,1749,0.030592433226635882,36218,1050,0.028991109393119444,2263,755,0.3336279275298277,1425,HellaSwag,0.5,validation,discovery
0.9387053280982579,57175,1743,0.0304853519895059,36219,1142,0.031530412214583504,2264,816,0.36042402826855124,1426,HellaSwag,0.5,validation,discovery
0.9391315298279812,57171,1729,0.030242605516782983,36220,1129,0.03117062396466041,2264,794,0.3507067137809187,1427,HellaSwag,0.5,validation,discovery
0.9427960411847535,57185,1628,0.028469004109469266,36228,1062,0.029314342497515734,2272,712,0.31338028169014087,1428,HellaSwag,0.5,validation,discovery
0.9428661645745723,57168,1623,0.028390008396305625,36216,1069,0.02951734040203225,2260,805,0.3561946902654867,1429,HellaSwag,0.5,validation,discovery
0.9411847096575707,57174,1671,0.029226571518522405,36217,1097,0.030289642985338375,2263,741,0.32744144940344677,1430,HellaSwag,0.5,validation,discovery
0.9409864894440422,57179,1678,0.02934643837772609,36226,1068,0.02948158780986032,2270,745,0.32819383259911894,1431,HellaSwag,0.5,validation,discovery
0.9434729878004713,57176,1609,0.02814117811669232,36220,1025,0.028299282164549973,2267,733,0.32333480370533746,1432,HellaSwag,0.5,validation,discovery
0.9441845128582668,57185,1590,0.027804494185538167,36224,974,0.026888250883392226,2268,721,0.31790123456790126,1433,HellaSwag,0.5,validation,discovery
0.9442853825029325,57177,1584,0.027703447190303793,36219,960,0.02650542532924708,2263,632,0.27927529827662395,1434,HellaSwag,0.5,validation,discovery
0.9457758412470717,57172,1540,0.02693626250612188,36215,949,0.02620461134888858,2260,655,0.28982300884955753,1435,HellaSwag,0.5,validation,discovery
0.9424438639896919,57178,1639,0.028664871104270875,36223,1047,0.028904287331253622,2267,731,0.32245258050286724,1436,HellaSwag,0.5,validation,discovery
0.9405274290855702,57186,1693,0.029605148113174554,36225,1047,0.028902691511387163,2269,739,0.3256941383869546,1437,HellaSwag,0.5,validation,discovery
0.9395362785943335,57177,1717,0.030029557339489654,36225,1126,0.031083505866114563,2269,802,0.3534596738651388,1438,HellaSwag,0.5,validation,discovery
0.9457225082772688,57171,1541,0.02695422504416575,36221,987,0.027249385715468928,2266,711,0.3137687555163283,1439,HellaSwag,0.5,validation,discovery
0.936833295431422,57183,1798,0.03144291135477327,36223,1132,0.03125086271153687,2268,812,0.35802469135802467,1440,HellaSwag,0.5,validation,discovery
0.944432335047706,57174,1579,0.027617448490572637,36220,1001,0.02763666482606295,2265,710,0.31346578366445915,1441,HellaSwag,0.5,validation,discovery
0.9381280521579488,57172,1759,0.030766808927447,36217,1095,0.03023442029985918,2264,686,0.3030035335689046,1442,HellaSwag,0.5,validation,discovery
0.9454047187041345,57181,1554,0.027176859446319583,36222,992,0.027386671083871682,2267,727,0.3206881340979268,1443,HellaSwag,0.5,validation,discovery
0.9417177621113054,57175,1657,0.028981198076082203,36220,1028,0.02838210933186085,2264,717,0.3166961130742049,1444,HellaSwag,0.5,validation,discovery
0.9425703134549608,57169,1631,0.028529447777641728,36220,1028,0.02838210933186085,2264,760,0.33568904593639576,1445,HellaSwag,0.5,validation,discovery
0.9391101036199782,57180,1733,0.03030779993004547,36223,1069,0.029511636253209288,2268,777,0.3425925925925926,1446,HellaSwag,0.5,validation,discovery
0.9495713538799502,57167,1430,0.025014431402732344,36211,908,0.025075253376045954,2256,697,0.30895390070921985,1447,HellaSwag,0.5,validation,discovery
0.9429656625362619,57174,1623,0.02838702906915731,36219,998,0.027554598415196443,2263,706,0.3119752540874945,1448,HellaSwag,0.5,validation,discovery
0.9462831504984882,57174,1528,0.026725434638122225,36217,966,0.026672557086451113,2261,642,0.2839451570101725,1449,HellaSwag,0.5,validation,discovery
0.9374787487167321,57166,1775,0.031049924780463912,36218,1069,0.029515710420233033,2262,746,0.3297966401414677,1450,HellaSwag,0.5,validation,discovery
0.9394344575639184,57167,1719,0.030069795511396435,36216,1096,0.030262867240998453,2260,775,0.34292035398230086,1451,HellaSwag,0.5,validation,discovery
0.9416017196371066,57170,1660,0.029036207801294386,36215,1033,0.02852409222697777,2260,746,0.33008849557522124,1452,HellaSwag,0.5,validation,discovery
0.9429656728854461,57174,1619,0.028317067198376886,36224,1060,0.029262367491166077,2268,773,0.3408289241622575,1453,HellaSwag,0.5,validation,discovery
0.9466967111256729,57182,1517,0.026529327410723655,36223,951,0.026254037489992547,2267,694,0.30613145125716806,1454,HellaSwag,0.5,validation,discovery
0.9447504752536532,57182,1572,0.027491168549543563,36226,1021,0.028184177110362724,2271,736,0.3240863055922501,1455,HellaSwag,0.5,validation,discovery
0.9431916660244186,57172,1613,0.028213111313230253,36215,1012,0.027944222007455475,2259,726,0.32138114209827356,1456,HellaSwag,0.5,validation,discovery
0.946881362368148,57166,1509,0.026396809292236645,36217,912,0.025181544578512852,2261,637,0.28173374613003094,1457,HellaSwag,0.5,validation,discovery
0.9443038066798792,57179,1586,0.027737456059042657,36221,1003,0.027691118411970955,2267,740,0.32642258491398324,1458,HellaSwag,0.5,validation,discovery
0.9475752078927948,57174,1490,0.02606079686570819,36221,905,0.024985505645896026,2265,682,0.3011037527593819,1459,HellaSwag,0.5,validation,discovery
0.945682161750399,57177,1546,0.027038844290536403,36224,970,0.026777826855123674,2270,727,0.32026431718061676,1460,HellaSwag,0.5,validation,discovery
0.9475255693362128,57180,1493,0.026110528156698145,36222,955,0.0263651924244934,2266,716,0.3159752868490733,1461,HellaSwag,0.5,validation,discovery
0.9395106153735873,57179,1721,0.030098462722328127,36221,1145,0.031611496093426464,2265,763,0.3368653421633554,1462,HellaSwag,0.5,validation,discovery
0.9387659171384484,57173,1740,0.030433946093435714,36213,1035,0.02858089636318449,2258,658,0.2914083259521701,1463,HellaSwag,0.5,validation,discovery
0.9444396149417914,57171,1577,0.027583914921900963,36212,973,0.026869546006848558,2258,710,0.31443755535872453,1464,HellaSwag,0.5,validation,discovery
0.9422066450942457,57176,1643,0.028735833216734293,36219,1039,0.028686600955299704,2264,799,0.35291519434628976,1465,HellaSwag,0.5,validation,discovery
0.9477848462286577,57155,1480,0.0258944974192984,36211,906,0.025020021540415896,2255,656,0.2909090909090909,1466,HellaSwag,0.5,validation,discovery
0.9410963829720486,57172,1676,0.029315049324844328,36219,1079,0.029790993677351666,2263,726,0.32081307998232433,1467,HellaSwag,0.5,validation,discovery
0.941181614683092,57185,1677,0.02932587216927516,36226,1112,0.030696185060453816,2270,768,0.3383259911894273,1468,HellaSwag,0.5,validation,discovery
0.9297749547284474,57175,1997,0.034927853082641014,36221,1333,0.03680185527732531,2266,749,0.3305383936451898,1469,HellaSwag,0.5,validation,discovery
0.9383076206472213,57165,1753,0.030665617073384065,36218,1030,0.028438897785631453,2262,754,0.3333333333333333,1470,HellaSwag,0.5,validation,discovery
0.9429491982780233,57176,1626,0.028438505666713305,36221,1049,0.02896109991441429,2266,690,0.30450132391879964,1471,HellaSwag,0.5,validation,discovery
0.9469301001907722,57176,1507,0.026357212816566392,36217,953,0.026313609630836347,2261,698,0.3087129588677576,1472,HellaSwag,0.5,validation,discovery
0.9380554240634245,57184,1765,0.030865277000559597,36223,1107,0.030560693482041795,2267,733,0.32333480370533746,1473,HellaSwag,0.5,validation,discovery
0.9506980381688022,57168,1399,0.0244717324377274,36213,888,0.024521580647833652,2258,699,0.3095659875996457,1474,HellaSwag,0.5,validation,discovery
0.9441898330938385,57178,1587,0.02775543041029767,36218,993,0.027417306311778675,2264,741,0.32729681978798586,1475,HellaSwag,0.5,validation,discovery
0.9450536194134243,57177,1564,0.02735365619042622,36223,990,0.027330701488004858,2267,721,0.3180414644905161,1476,HellaSwag,0.5,validation,discovery
0.9451526481927627,57165,1555,0.02720195924079419,36219,959,0.026477815511195782,2264,703,0.31051236749116606,1477,HellaSwag,0.5,validation,discovery
0.9412689429419059,57168,1669,0.029194654352085084,36219,1003,0.02769264750545294,2263,724,0.31992929739284137,1478,HellaSwag,0.5,validation,discovery
0.9341166945020464,57180,1876,0.032808674361664916,36225,1228,0.0338992408557626,2269,735,0.3239312472454826,1479,HellaSwag,0.5,validation,discovery
0.9438479107527734,57175,1598,0.02794927853082641,36220,991,0.027360574268360024,2264,770,0.3401060070671378,1480,HellaSwag,0.5,validation,discovery
0.944483757240047,57172,1579,0.02761841460854964,36222,985,0.027193418364529844,2266,750,0.33097969991173876,1481,HellaSwag,0.5,validation,discovery
0.9441714011523588,57176,1587,0.027756401287253395,36223,999,0.027579162410623085,2268,761,0.3355379188712522,1482,HellaSwag,0.5,validation,discovery
0.9454707478102979,57173,1552,0.027145680653455302,36218,1002,0.02766580153514827,2263,678,0.29960229783473263,1483,HellaSwag,0.5,validation,discovery
0.9451215497005003,57173,1559,0.02726811606877372,36220,984,0.027167310877967973,2265,738,0.3258278145695364,1484,HellaSwag,0.5,validation,discovery
0.9487349943888326,57171,1458,0.025502440048276225,36213,883,0.02438350868472648,2258,673,0.29805137289636846,1485,HellaSwag,0.5,validation,discovery
0.9424234039042226,57172,1638,0.028650388301965996,36219,1076,0.029708164223197768,2263,803,0.3548387096774194,1486,HellaSwag,0.5,validation,discovery
0.9495617980972457,57185,1436,0.025111480283291073,36228,936,0.025836369658827428,2272,684,0.301056338028169,1487,HellaSwag,0.5,validation,discovery
0.9390730503002553,57176,1735,0.030344899958024345,36218,1121,0.030951460599701806,2265,772,0.3408388520971302,1488,HellaSwag,0.5,validation,discovery
0.9515412479974866,57180,1377,0.024081846799580274,36220,846,0.023357261181667588,2264,648,0.2862190812720848,1489,HellaSwag,0.5,validation,discovery
0.9466875175448949,57180,1517,0.02653025533403288,36219,966,0.026671084237554876,2264,675,0.29814487632508835,1490,HellaSwag,0.5,validation,discovery
0.9350293509521244,57173,1846,0.03228796809682892,36216,1204,0.033244974596863264,2262,842,0.372236958443855,1491,HellaSwag,0.5,validation,discovery
0.9457355041289798,57179,1544,0.027002920652687175,36224,966,0.026667402826855122,2268,736,0.32451499118165783,1492,HellaSwag,0.5,validation,discovery
0.9437906452084879,57165,1593,0.02786670165310942,36213,1033,0.028525667577941623,2257,720,0.3190075321222862,1493,HellaSwag,0.5,validation,discovery
0.9472737800110413,57183,1498,0.026196596890684293,36226,981,0.02707999779164136,2270,732,0.3224669603524229,1494,HellaSwag,0.5,validation,discovery
0.9491365787684852,57172,1444,0.025257118869376618,36220,894,0.024682495858641636,2264,652,0.2879858657243816,1495,HellaSwag,0.5,validation,discovery
0.9378181055181751,57180,1767,0.030902413431269676,36221,1072,0.029596090665635958,2265,706,0.31169977924944814,1496,HellaSwag,0.5,validation,discovery
0.940782090514193,57172,1684,0.02945497796123977,36224,1119,0.03089112190812721,2268,752,0.3315696649029982,1497,HellaSwag,0.5,validation,discovery
0.9439250234383644,57172,1594,0.027880780801791086,36215,981,0.027088223111970178,2259,703,0.31119964586100046,1498,HellaSwag,0.5,validation,discovery
0.941631464994696,57177,1661,0.02905014253983245,36219,983,0.02714045114442696,2264,743,0.3281802120141343,1499,HellaSwag,0.5,validation,discovery
0.9390823234273289,57177,1734,0.03032687968938559,36221,1120,0.030921288755142044,2265,777,0.343046357615894,1500,HellaSwag,0.5,validation,discovery
0.9464320218915475,57175,1522,0.026620026235242678,36227,960,0.026499572142324786,2271,744,0.3276089828269485,1501,HellaSwag,0.5,validation,discovery
0.9368196128667131,57174,1795,0.03139538951271557,36216,1196,0.033024077755688094,2261,875,0.38699690402476783,1502,HellaSwag,0.5,validation,discovery
0.9462224957578027,57175,1529,0.026742457367730652,36220,1004,0.027719491993373827,2266,726,0.32038834951456313,1503,HellaSwag,0.5,validation,discovery
0.9394571884289304,57176,1722,0.03011753183153771,36219,1099,0.030343190038377647,2263,764,0.3376049491825011,1504,HellaSwag,0.5,validation,discovery
0.9448368105804034,57180,1572,0.027492130115424975,36222,901,0.024874385732427805,2266,633,0.2793468667255075,1505,HellaSwag,0.5,validation,discovery
0.9435428442362599,57176,1606,0.028088708549041556,36223,1066,0.02942881594566988,2267,773,0.34097926775474197,1506,HellaSwag,0.5,validation,discovery
0.9474998306056402,57181,1494,0.02612755985379759,36221,890,0.024571381242925374,2265,690,0.304635761589404,1507,HellaSwag,0.5,validation,discovery
0.9374852743503653,57178,1779,0.031113365280352582,36222,1123,0.031003257688697477,2268,825,0.3637566137566138,1508,HellaSwag,0.5,validation,discovery
0.9360116021186542,57181,1820,0.03182875430650041,36226,1168,0.03224203610666372,2270,824,0.3629955947136564,1509,HellaSwag,0.5,validation,discovery
0.939070938966191,57172,1732,0.030294549779612396,36213,1123,0.031010962913870708,2257,789,0.34957908728400533,1510,HellaSwag,0.5,validation,discovery
0.9475200849956279,57169,1491,0.026080568140075915,36215,979,0.027032997376777577,2261,732,0.32375055285272003,1511,HellaSwag,0.5,validation,discovery
0.9370291375126741,57174,1791,0.03132542764193515,36224,1143,0.03155366607773852,2268,813,0.3584656084656085,1512,HellaSwag,0.5,validation,discovery
0.9394201605398425,57172,1721,0.03010214790456867,36220,1050,0.02898950855880729,2264,714,0.31537102473498235,1513,HellaSwag,0.5,validation,discovery
0.9403116868593804,57174,1697,0.029681323678595165,36220,1022,0.028216454997239095,2264,766,0.338339222614841,1514,HellaSwag,0.5,validation,discovery
0.9408889008361184,57176,1681,0.02940044774031062,36223,1139,0.03144411009579549,2267,786,0.3467137185707984,1515,HellaSwag,0.5,validation,discovery
0.9368730868228654,57176,1796,0.03141178116692318,36222,1149,0.03172105350339573,2266,724,0.3195057369814651,1516,HellaSwag,0.5,validation,discovery
0.9496722086448807,57178,1430,0.025009619084263177,36221,922,0.025454846635929434,2265,704,0.3108167770419426,1517,HellaSwag,0.5,validation,discovery
0.9448441071688557,57177,1569,0.027441103940395613,36220,988,0.027277747101049143,2264,721,0.31846289752650175,1518,HellaSwag,0.5,validation,discovery
0.9365985854622367,57169,1801,0.031503087337543076,36223,1174,0.032410347017088594,2268,844,0.37213403880070545,1519,HellaSwag,0.5,validation,discovery
0.9390966001219108,57171,1731,0.030277588287768276,36218,1139,0.031448451046441,2263,653,0.28855501546619533,1520,HellaSwag,0.5,validation,discovery
0.9439434508293928,57174,1594,0.02787980550599923,36223,1002,0.027661982718162493,2268,711,0.3134920634920635,1521,HellaSwag,0.5,validation,discovery
0.9392405179249388,57179,1730,0.03025586316654716,36221,1133,0.03128019657104995,2266,770,0.33980582524271846,1522,HellaSwag,0.5,validation,discovery
0.9433774694614293,57177,1611,0.028175665040138517,36222,995,0.027469493677875323,2266,736,0.324801412180053,1523,HellaSwag,0.5,validation,discovery
0.937900000301156,57170,1764,0.030855343711736927,36217,1146,0.03164259877957865,2261,809,0.3578062804068996,1524,HellaSwag,0.5,validation,discovery
0.9437431457478099,57175,1599,0.027966768692610406,36218,901,0.024877132917333924,2262,681,0.3010610079575597,1525,HellaSwag,0.5,validation,discovery
0.9392333760128552,57182,1730,0.030254275821062573,36217,1161,0.032056768920672614,2261,733,0.32419283502874835,1526,HellaSwag,0.5,validation,discovery
0.9432101050793175,57174,1612,0.02819463392451114,36217,1052,0.02904713256205649,2262,762,0.33687002652519893,1527,HellaSwag,0.5,validation,discovery
0.9480383634839102,57175,1476,0.025815478793178838,36219,855,0.02360639443386068,2264,672,0.2968197879858657,1528,HellaSwag,0.5,validation,discovery
0.9466378295340971,57167,1514,0.026483810590025716,36213,905,0.024991025322398035,2257,710,0.31457687195392114,1529,HellaSwag,0.5,validation,discovery
0.9452190034866492,57176,1559,0.027266685322512942,36218,1002,0.02766580153514827,2263,693,0.30623066725585507,1530,HellaSwag,0.5,validation,discovery
0.9453678951234913,57177,1555,0.027196250240481314,36222,1002,0.02766274639721716,2267,785,0.3462726069695633,1531,HellaSwag,0.5,validation,discovery
0.9449342784739718,57183,1569,0.02743822464718535,36223,973,0.02686138641194821,2267,735,0.3242170269078077,1532,HellaSwag,0.5,validation,discovery
0.9470458975266929,57181,1505,0.026319931445759955,36220,981,0.027084483710657095,2264,706,0.3118374558303887,1533,HellaSwag,0.5,validation,discovery
0.9479078587277453,57176,1480,0.02588498670770953,36221,905,0.024985505645896026,2265,699,0.3086092715231788,1534,HellaSwag,0.5,validation,discovery
0.9455535969616231,57182,1549,0.027088944073309782,36224,1009,0.02785446113074205,2268,766,0.3377425044091711,1535,HellaSwag,0.5,validation,discovery
0.9411426020275863,57177,1673,0.029260017139758995,36223,1083,0.029898131021726528,2267,731,0.32245258050286724,1536,HellaSwag,0.5,validation,discovery
0.9435151701305033,57173,1605,0.02807269165515191,36226,973,0.026859161927897092,2272,720,0.31690140845070425,1537,HellaSwag,0.5,validation,discovery
0.9448736495825026,57184,1570,0.02745523223279239,36221,989,0.02730460230253168,2267,753,0.3321570357300397,1538,HellaSwag,0.5,validation,discovery
0.9435355946942292,57179,1605,0.028069745885727276,36222,1029,0.02840814974324996,2266,759,0.33495145631067963,1539,HellaSwag,0.5,validation,discovery
0.9430137843611038,57183,1622,0.02836507353584107,36224,984,0.027164310954063603,2268,682,0.30070546737213405,1540,HellaSwag,0.5,validation,discovery
0.9453513866167081,57180,1557,0.027229800629590767,36228,924,0.025505134150380922,2272,678,0.2984154929577465,1541,HellaSwag,0.5,validation,discovery
0.9441490963526878,57166,1587,0.02776125669104013,36218,977,0.026975537025788282,2263,678,0.29960229783473263,1542,HellaSwag,0.5,validation,discovery
0.9423134209441396,57179,1640,0.028681858724356843,36224,1010,0.027882067137809188,2268,719,0.3170194003527337,1543,HellaSwag,0.5,validation,discovery
0.937445446674091,57185,1780,0.03112704380519367,36227,1115,0.030778148894470975,2271,711,0.3130779392338177,1544,HellaSwag,0.5,validation,discovery
0.9410193491346731,57175,1677,0.029331001311762132,36223,1053,0.029069927946332442,2268,737,0.32495590828924165,1545,HellaSwag,0.5,validation,discovery
0.9380959605398593,57161,1756,0.03072024632179283,36211,1066,0.029438568390820468,2255,763,0.33835920177383594,1546,HellaSwag,0.5,validation,discovery
0.9430170553658481,57173,1620,0.028335053259405663,36220,1047,0.02890668139149641,2267,798,0.35200705778561975,1547,HellaSwag,0.5,validation,discovery
0.9495914442273234,57173,1432,0.025046787819425254,36226,915,0.02525810191575112,2270,734,0.3233480176211454,1548,HellaSwag,0.5,validation,discovery
0.9399367975336365,57175,1710,0.029908176650634017,36224,1049,0.028958701413427563,2269,735,0.3239312472454826,1549,HellaSwag,0.5,validation,discovery
0.9420083789166255,57181,1651,0.0288732271208968,36222,1039,0.02868422505659544,2266,780,0.3442188879082083,1550,HellaSwag,0.5,validation,discovery
0.9413726393776783,57183,1670,0.029204483850095306,36227,1057,0.02917713307753885,2272,677,0.29797535211267606,1551,HellaSwag,0.5,validation,discovery
0.9439677400616324,57188,1597,0.02792543890326642,36223,960,0.02650249841261077,2269,694,0.30586161304539444,1552,HellaSwag,0.5,validation,discovery
0.9436917418696017,57177,1601,0.02800076954019973,36222,1061,0.029291590745955498,2267,719,0.3171592412880459,1553,HellaSwag,0.5,validation,discovery
0.9365521716550824,57164,1802,0.031523336365544746,36214,1157,0.03194897001159772,2260,745,0.32964601769911506,1554,HellaSwag,0.5,validation,discovery
0.946066292312612,57177,1534,0.026828969690609862,36226,986,0.027218020206481532,2270,734,0.3233480176211454,1555,HellaSwag,0.5,validation,discovery
0.9462758114693481,57177,1526,0.02668905329065883,36219,918,0.02534581297109252,2263,700,0.3093239063190455,1556,HellaSwag,0.5,validation,discovery
0.9378972138199662,57181,1766,0.030884384673230618,36222,1111,0.0306719673126829,2267,782,0.34494927216585797,1557,HellaSwag,0.5,validation,discovery
0.9348035091439173,57175,1854,0.03242675994752951,36218,1243,0.03431995140537854,2262,792,0.35013262599469497,1558,HellaSwag,0.5,validation,discovery
0.9427673596985012,57179,1629,0.028489480403644695,36222,1042,0.028767047650599082,2268,696,0.30687830687830686,1559,HellaSwag,0.5,validation,discovery
0.9347406873417884,57172,1857,0.032480934723291124,36221,1159,0.031998012202865744,2265,749,0.33068432671081677,1560,HellaSwag,0.5,validation,discovery
0.9440040682569252,57173,1592,0.027845311598131986,36220,1088,0.03003865267807841,2264,728,0.3215547703180212,1561,HellaSwag,0.5,validation,discovery
0.9470532391580397,57178,1505,0.02632131239287838,36223,919,0.025370620876238852,2267,740,0.32642258491398324,1562,HellaSwag,0.5,validation,discovery
0.944439611630461,57171,1578,0.02760140630739361,36216,1026,0.028330019880715707,2261,758,0.335249889429456,1563,HellaSwag,0.5,validation,discovery
0.9413849980939168,57174,1668,0.02917410011543709,36224,1074,0.029648851590106006,2269,740,0.3261348611723226,1564,HellaSwag,0.5,validation,discovery
0.9434822199804779,57177,1608,0.028123196390156882,36218,979,0.02703075818653708,2262,733,0.3240495137046861,1565,HellaSwag,0.5,validation,discovery
0.9392505779724072,57165,1727,0.030210793317589434,36213,1064,0.029381713749206086,2258,742,0.32860938883968116,1566,HellaSwag,0.5,validation,discovery
0.9443367873940092,57175,1581,0.02765194578049847,36217,973,0.026865836485628295,2262,744,0.32891246684350134,1567,HellaSwag,0.5,validation,discovery
0.9478196605361174,57174,1484,0.025955854059537552,36220,966,0.026670347874102707,2264,666,0.2941696113074205,1568,HellaSwag,0.5,validation,discovery
0.9450259827330962,57174,1561,0.02730262007206073,36218,977,0.026975537025788282,2264,728,0.3215547703180212,1569,HellaSwag,0.5,validation,discovery
0.9375551154596249,57178,1777,0.031078386792122846,36222,1222,0.033736403290817736,2267,755,0.3330392589325099,1570,HellaSwag,0.5,validation,discovery
0.9417382569109519,57182,1658,0.028995138330243784,36225,1039,0.02868184955141477,2270,718,0.3162995594713656,1571,HellaSwag,0.5,validation,discovery
0.945512979486773,57171,1549,0.027094156128106908,36216,1006,0.027777777777777776,2262,763,0.33731211317418214,1572,HellaSwag,0.5,validation,discovery
0.9457171000606748,57177,1545,0.027021354740542528,36217,937,0.025871828147002788,2261,663,0.2932330827067669,1573,HellaSwag,0.5,validation,discovery
0.944792678622032,57179,1570,0.02745763304709771,36222,950,0.02622715476782066,2266,691,0.3049426301853486,1574,HellaSwag,0.5,validation,discovery
0.9443329220109751,57167,1581,0.0276558154179859,36221,982,0.027111344247812044,2266,645,0.2846425419240953,1575,HellaSwag,0.5,validation,discovery
0.9380746019783616,57170,1760,0.030785376945950675,36222,1151,0.03177626856606482,2266,826,0.3645189761694616,1576,HellaSwag,0.5,validation,discovery
0.9450167795481285,57173,1562,0.02732058838962447,36221,977,0.02697330278015516,2266,719,0.3172992056487202,1577,HellaSwag,0.5,validation,discovery
0.9393317977706761,57170,1724,0.03015567605387441,36222,1082,0.029871348903981007,2266,758,0.33451015004413065,1578,HellaSwag,0.5,validation,discovery
0.9447815459568663,57174,1566,0.02739007241053626,36216,918,0.025347912524850896,2262,667,0.2948717948717949,1579,HellaSwag,0.5,validation,discovery
0.9404328634832326,57172,1693,0.029612397677184637,36223,1079,0.029787703945007314,2267,765,0.3374503749448611,1580,HellaSwag,0.5,validation,discovery
0.9279684508784002,57176,2053,0.035906674129005174,36218,1354,0.03738472582693688,2263,696,0.3075563411400795,1581,HellaSwag,0.5,validation,discovery
0.9421255460976606,57170,1644,0.02875634073814938,36217,1004,0.027721788110555815,2264,678,0.299469964664311,1582,HellaSwag,0.5,validation,discovery
0.9522047079502187,57180,1360,0.02378454004896817,36221,897,0.024764639297645014,2266,657,0.28993821712268314,1583,HellaSwag,0.5,validation,discovery
0.9447281965605997,57172,1572,0.027495977051703632,36221,944,0.026062229093619722,2265,732,0.32317880794701986,1584,HellaSwag,0.5,validation,discovery
0.9404256875367327,57175,1696,0.029663314385658068,36222,1131,0.031224117939373863,2271,711,0.3130779392338177,1585,HellaSwag,0.5,validation,discovery
0.9386868003072513,57172,1742,0.030469460575106695,36221,1117,0.030838463874547913,2266,792,0.34951456310679613,1586,HellaSwag,0.5,validation,discovery
0.9458254011182444,57166,1537,0.026886610922576357,36213,958,0.026454588131334052,2257,715,0.31679220203810365,1587,HellaSwag,0.5,validation,discovery
0.9365543874175419,57168,1802,0.03152113070249091,36213,1144,0.03159086515892083,2257,731,0.3238812583074878,1588,HellaSwag,0.5,validation,discovery
0.9446675629980341,57173,1572,0.027495496125793644,36215,970,0.02678448156841088,2261,693,0.3065015479876161,1589,HellaSwag,0.5,validation,discovery
0.9444580365252696,57174,1577,0.027582467555182427,36220,962,0.026559911651021534,2265,653,0.2883002207505519,1590,HellaSwag,0.5,validation,discovery
0.9390680429337022,57183,1735,0.030341185317314587,36223,1140,0.03147171686497529,2269,813,0.35830762450418685,1591,HellaSwag,0.5,validation,discovery
0.9424912478718539,57168,1634,0.028582423733557235,36214,1060,0.029270447893080025,2258,735,0.3255093002657219,1592,HellaSwag,0.5,validation,discovery
0.9460056499258546,57178,1538,0.026898457448669068,36224,1003,0.02768882508833922,2268,699,0.3082010582010582,1593,HellaSwag,0.5,validation,discovery
0.9429142781136608,57176,1624,0.02840352595494613,36225,1005,0.02774327122153209,2269,716,0.31555751432349055,1594,HellaSwag,0.5,validation,discovery
0.9423997100862708,57177,1639,0.02866537243996712,36223,974,0.026888993181128012,2267,739,0.3259814733127481,1595,HellaSwag,0.5,validation,discovery
0.941396277346256,57178,1668,0.029172059183602085,36224,1112,0.030697879858657243,2268,775,0.34171075837742504,1596,HellaSwag,0.5,validation,discovery
0.9455717446887977,57165,1545,0.02702702702702703,36213,989,0.027310634302598516,2257,722,0.3198936641559592,1597,HellaSwag,0.5,validation,discovery
0.9442524063185321,57181,1588,0.02777146254874871,36227,1080,0.029812018660115385,2271,703,0.3095552619991193,1598,HellaSwag,0.5,validation,discovery
0.9407071239734717,57179,1686,0.02948634988369856,36222,1084,0.029926563966650103,2268,738,0.3253968253968254,1599,HellaSwag,0.5,validation,discovery
0.942647373135783,57166,1628,0.028478466221180422,36215,938,0.025900869805329282,2259,735,0.3253652058432935,1600,HellaSwag,0.5,validation,discovery
0.9480622818474683,57170,1474,0.02578275319223369,36213,902,0.02490818214453373,2258,652,0.2887511071744907,1601,HellaSwag,0.5,validation,discovery
0.9476431600349271,57189,1492,0.02608893318645194,36228,903,0.024925472010599536,2272,701,0.3085387323943662,1602,HellaSwag,0.5,validation,discovery
0.937152445565657,57176,1788,0.03127186231985449,36218,1153,0.03183499917168259,2265,850,0.37527593818984545,1603,HellaSwag,0.5,validation,discovery
0.9420814057198792,57169,1645,0.02877433574139831,36224,1082,0.02986969964664311,2269,697,0.30718378140149843,1604,HellaSwag,0.5,validation,discovery
0.9450516924157631,57173,1564,0.027355569936858306,36219,965,0.026643474419503575,2263,776,0.34290764471939905,1605,HellaSwag,0.5,validation,discovery
0.9413593100853536,57174,1669,0.029191590583132192,36223,1086,0.029980951329265936,2267,785,0.3462726069695633,1606,HellaSwag,0.5,validation,discovery
0.9392804709933278,57172,1727,0.030207094381865248,36220,1073,0.02962451684152402,2264,710,0.3136042402826855,1607,HellaSwag,0.5,validation,discovery
0.9483159341170864,57171,1466,0.025642371132217383,36219,969,0.02675391369170877,2264,712,0.31448763250883394,1608,HellaSwag,0.5,validation,discovery
0.9396153691678494,57178,1721,0.03009898912169016,36220,1105,0.030508006626173385,2266,779,0.34377758164165934,1609,HellaSwag,0.5,validation,discovery
0.943496736821017,57171,1605,0.02807367371569502,36216,1029,0.028412856196156393,2260,678,0.3,1610,HellaSwag,0.5,validation,discovery
0.9439730602190834,57181,1593,0.027858904181458876,36219,985,0.027195670780529556,2263,737,0.3256738842244808,1611,HellaSwag,0.5,validation,discovery
0.9443183612787779,57173,1582,0.027670403861962813,36218,1002,0.02766580153514827,2262,754,0.3333333333333333,1612,HellaSwag,0.5,validation,discovery
0.9438459462308147,57171,1597,0.027933742631753862,36217,1003,0.027694176767816218,2263,779,0.3442333186036235,1613,HellaSwag,0.5,validation,discovery
0.944090401650923,57171,1589,0.027793811547812703,36222,1036,0.028601402462591796,2266,726,0.32038834951456313,1614,HellaSwag,0.5,validation,discovery
0.9433207966181715,57186,1614,0.028223691113209527,36225,997,0.027522429261559695,2269,709,0.3124724548259145,1615,HellaSwag,0.5,validation,discovery
0.9371404671466947,57186,1791,0.0313188542650299,36226,1161,0.03204880472588748,2270,813,0.3581497797356828,1616,HellaSwag,0.5,validation,discovery
0.9424213811124158,57168,1635,0.028599916036943746,36217,992,0.027390451997680646,2262,745,0.32935455349248455,1617,HellaSwag,0.5,validation,discovery
0.9409166373197252,57179,1679,0.02936392731597265,36225,1094,0.030200138026224982,2270,785,0.3458149779735683,1618,HellaSwag,0.5,validation,discovery
0.9404862941710335,57174,1692,0.029593871340119635,36224,1079,0.029786881625441696,2269,781,0.34420449537241077,1619,HellaSwag,0.5,validation,discovery
0.9374738297694074,57173,1778,0.031098595490878563,36223,1089,0.030063771636805344,2268,720,0.31746031746031744,1620,HellaSwag,0.5,validation,discovery
0.9438828243162596,57175,1594,0.027879317883690424,36219,1023,0.02824484386647892,2263,731,0.3230225364560318,1621,HellaSwag,0.5,validation,discovery
0.9435830601284272,57169,1603,0.028039671850128567,36222,988,0.02727624095853349,2266,788,0.34774933804060015,1622,HellaSwag,0.5,validation,discovery
0.9430981042588491,57177,1618,0.028298091890095668,36221,987,0.027249385715468928,2265,714,0.3152317880794702,1623,HellaSwag,0.5,validation,discovery
0.9482496870851888,57179,1473,0.025761206037181482,36223,911,0.02514976672280043,2267,693,0.30569033965593295,1624,HellaSwag,0.5,validation,discovery
0.9445831585169037,57180,1579,0.027614550542147603,36222,990,0.027331456021202585,2267,744,0.3281870313189237,1625,HellaSwag,0.5,validation,discovery
0.9454726646456749,57177,1549,0.02709131294051804,36217,956,0.02639644365905514,2261,705,0.31180893409995575,1626,HellaSwag,0.5,validation,discovery
0.941475349903643,57180,1665,0.02911857292759706,36225,1065,0.029399585921325053,2269,670,0.29528426619656234,1627,HellaSwag,0.5,validation,discovery
0.9464063011857737,57176,1524,0.02665454036658738,36220,946,0.026118166758696854,2264,737,0.325530035335689,1628,HellaSwag,0.5,validation,discovery
0.9345427416835136,57177,1865,0.0326180107385837,36221,1143,0.031556279506363714,2265,718,0.31699779249448123,1629,HellaSwag,0.5,validation,discovery
0.941659186596265,57180,1658,0.028996152500874433,36224,1077,0.02973166961130742,2269,746,0.32877919788453064,1630,HellaSwag,0.5,validation,discovery
0.9459853634941436,57172,1532,0.02679633386972644,36215,945,0.026094159878503383,2260,674,0.2982300884955752,1631,HellaSwag,0.5,validation,discovery
0.9448504245726617,57173,1568,0.027425533031325975,36222,995,0.027469493677875323,2266,668,0.294792586054722,1632,HellaSwag,0.5,validation,discovery
0.9415431498608107,57175,1662,0.029068648885002185,36224,1129,0.031167181978798586,2269,826,0.3640370207139709,1633,HellaSwag,0.5,validation,discovery
0.9426770705596941,57173,1631,0.02852745176919175,36222,1022,0.02821489702390812,2267,735,0.3242170269078077,1634,HellaSwag,0.5,validation,discovery
0.9397150808679113,57185,1718,0.030042843402990294,36225,1079,0.029786059351276744,2269,758,0.33406787130894666,1635,HellaSwag,0.5,validation,discovery
0.9396082271849646,57181,1719,0.030062433325755058,36223,1104,0.030477873174502387,2268,710,0.31305114638447973,1636,HellaSwag,0.5,validation,discovery
0.9428516795484365,57173,1627,0.02845748867472408,36228,965,0.02663685547090648,2273,730,0.32116146062472506,1637,HellaSwag,0.5,validation,discovery
0.9359417648388332,57181,1822,0.031863730959584474,36225,1148,0.03169082125603865,2269,800,0.35257822829440283,1638,HellaSwag,0.5,validation,discovery
0.9461691751553597,57173,1531,0.026778374407500045,36222,952,0.026282369830489757,2267,686,0.3026025584472872,1639,HellaSwag,0.5,validation,discovery
0.9463052812278611,57184,1529,0.026738248461108,36224,979,0.027026280918727916,2268,704,0.31040564373897706,1640,HellaSwag,0.5,validation,discovery
0.9466709813772219,57182,1517,0.026529327410723655,36224,958,0.026446554770318022,2268,697,0.3073192239858907,1641,HellaSwag,0.5,validation,discovery
0.9471267659778105,57186,1504,0.026300143391739236,36229,939,0.025918463109663527,2273,701,0.3084029916410031,1642,HellaSwag,0.5,validation,discovery
0.9392547957849519,57173,1725,0.030171584489181957,36225,1080,0.02981366459627329,2269,754,0.3323049801674747,1643,HellaSwag,0.5,validation,discovery
0.9384494741514114,57169,1748,0.0305760114747503,36215,1121,0.030954024575452162,2259,767,0.33953076582558656,1644,HellaSwag,0.5,validation,discovery
0.9457850375194446,57173,1543,0.02698826369090305,36217,937,0.025871828147002788,2261,719,0.31800088456435205,1645,HellaSwag,0.5,validation,discovery
0.9452742502805901,57182,1557,0.027228848238956316,36223,978,0.026999420257847222,2267,746,0.3290692545213939,1646,HellaSwag,0.5,validation,discovery
0.9346334570974205,57183,1860,0.03252714967735166,36225,1221,0.03370600414078675,2269,795,0.3503746143675628,1647,HellaSwag,0.5,validation,discovery
0.9457482426717001,57169,1540,0.02693767601322395,36217,975,0.02692105917110749,2261,693,0.3065015479876161,1648,HellaSwag,0.5,validation,discovery
0.9399994920029248,57178,1709,0.02988911819231173,36221,1075,0.02967891554623009,2265,708,0.3125827814569536,1649,HellaSwag,0.5,validation,discovery
0.9375971368451678,57175,1773,0.0310100568430258,36216,1166,0.0321957146012812,2263,731,0.3230225364560318,1650,HellaSwag,0.5,validation,discovery
0.9429564391927296,57173,1621,0.02835254403302258,36219,1031,0.02846572241088931,2265,708,0.3125827814569536,1651,HellaSwag,0.5,validation,discovery
0.9453072643118681,57178,1557,0.027230753086851585,36218,975,0.026920315865039485,2262,685,0.30282935455349247,1652,HellaSwag,0.5,validation,discovery
0.9456307381637966,57179,1546,0.027037898529180295,36224,943,0.026032464664310955,2269,728,0.3208461877479066,1653,HellaSwag,0.5,validation,discovery
0.9423575585995935,57180,1638,0.028646379853095486,36224,1068,0.02948321554770318,2268,761,0.3355379188712522,1654,HellaSwag,0.5,validation,discovery
0.943261508792831,57172,1614,0.02823060239277968,36222,1024,0.028270112086577218,2266,723,0.31906443071491614,1655,HellaSwag,0.5,validation,discovery
0.9453513923802981,57179,1553,0.027160321096906206,36217,961,0.026534500372753126,2261,683,0.30207872622733306,1656,HellaSwag,0.5,validation,discovery
0.9402161693095173,57175,1701,0.02975076519457805,36216,1103,0.030456151977026728,2261,762,0.3370190181335692,1657,HellaSwag,0.5,validation,discovery
0.9425650796308339,57176,1632,0.02854344480201483,36224,1054,0.02909673144876325,2268,738,0.3253968253968254,1658,HellaSwag,0.5,validation,discovery
0.9436732957468381,57175,1600,0.027984258854394404,36221,1027,0.028353717456724,2265,776,0.3426048565121413,1659,HellaSwag,0.5,validation,discovery
0.9371879117447802,57161,1782,0.031175101905145115,36215,1137,0.03139583045699296,2261,774,0.3423264042459089,1660,HellaSwag,0.5,validation,discovery
0.9444745402300777,57172,1577,0.02758343244945078,36220,983,0.02713970182219768,2264,682,0.30123674911660775,1661,HellaSwag,0.5,validation,discovery
0.9381187892543332,57171,1758,0.030749855696069684,36219,1114,0.030757337309147134,2263,746,0.32965090587715423,1662,HellaSwag,0.5,validation,discovery
0.9427107472818111,57188,1632,0.028537455410225922,36226,1106,0.030530558162645615,2270,775,0.34140969162995594,1663,HellaSwag,0.5,validation,discovery
0.941090211340698,57160,1668,0.029181245626312108,36215,1060,0.029269639652077867,2261,784,0.34674922600619196,1664,HellaSwag,0.5,validation,discovery
0.9398535361323485,57167,1706,0.029842391589553412,36220,1068,0.029486471562672558,2264,747,0.3299469964664311,1665,HellaSwag,0.5,validation,discovery
0.9350386533760431,57174,1848,0.032322384300556194,36218,1198,0.03307747528853056,2264,780,0.34452296819787986,1666,HellaSwag,0.5,validation,discovery
0.9454120261460935,57178,1553,0.02716079611039211,36223,1029,0.02840736548601717,2267,673,0.2968681076312307,1667,HellaSwag,0.5,validation,discovery
0.9419694175772027,57172,1651,0.028877772336108585,36219,1069,0.029514895496838677,2264,702,0.31007067137809186,1668,HellaSwag,0.5,validation,discovery
0.9465716974205679,57175,1516,0.026515085264538697,36224,1006,0.027771643109540636,2269,706,0.31115028646981047,1669,HellaSwag,0.5,validation,discovery
0.9430796604230636,57175,1617,0.028281591604722343,36216,1090,0.030097194610117076,2261,711,0.3144626271561256,1670,HellaSwag,0.5,validation,discovery
0.9441088422876042,57173,1588,0.027775348503664317,36222,981,0.02708298823919165,2266,737,0.32524271844660196,1671,HellaSwag,0.5,validation,discovery
0.9448717269330297,57180,1567,0.027404686953480237,36222,962,0.02655844514383524,2266,682,0.30097087378640774,1672,HellaSwag,0.5,validation,discovery
0.9400857479527889,57176,1704,0.029802714425633134,36223,1093,0.030174198713524555,2268,740,0.3262786596119929,1673,HellaSwag,0.5,validation,discovery
0.9407461814201663,57187,1688,0.02951719796457237,36225,1077,0.029730848861283642,2269,782,0.34464521815777877,1674,HellaSwag,0.5,validation,discovery
0.9402603487751864,57176,1700,0.029732755002098783,36219,1167,0.03222065766586598,2263,776,0.34290764471939905,1675,HellaSwag,0.5,validation,discovery
0.9451656744730563,57174,1558,0.027250148668975408,36214,1014,0.028000220909040703,2260,691,0.30575221238938055,1676,HellaSwag,0.5,validation,discovery
0.9469815619489511,57174,1507,0.026358134816524995,36222,919,0.025371321296449673,2267,655,0.28892809880899867,1677,HellaSwag,0.5,validation,discovery
0.9423944933764486,57184,1640,0.02867935086737549,36225,1061,0.029289164941338854,2269,774,0.34111943587483473,1678,HellaSwag,0.5,validation,discovery
0.9391521601403172,57177,1730,0.030256921489410078,36220,1145,0.03161236885698509,2266,831,0.3667255075022065,1679,HellaSwag,0.5,validation,discovery
0.9476027661286776,57177,1488,0.026024450390891442,36223,955,0.026364464566711758,2267,689,0.3039258932509925,1680,HellaSwag,0.5,validation,discovery
0.9419396936635648,57165,1650,0.02886381527158226,36216,1045,0.028854649878506736,2261,741,0.3277310924369748,1681,HellaSwag,0.5,validation,discovery
0.9441641378843731,57179,1588,0.027772433935535773,36224,1029,0.028406581272084806,2268,714,0.3148148148148148,1682,HellaSwag,0.5,validation,discovery
0.943961886210014,57176,1593,0.027861340422554916,36221,1011,0.02791198476022197,2265,684,0.3019867549668874,1683,HellaSwag,0.5,validation,discovery
0.9365424592316699,57178,1807,0.03160306411556892,36221,1153,0.03183236244167748,2265,777,0.343046357615894,1684,HellaSwag,0.5,validation,discovery
0.9407677222055351,57178,1684,0.029451887089439993,36220,1033,0.028520154610712313,2265,785,0.3465783664459161,1685,HellaSwag,0.5,validation,discovery
0.9385563832224201,57173,1746,0.030538890735137214,36217,1086,0.029985918215202804,2262,776,0.34305923961096374,1686,HellaSwag,0.5,validation,discovery
0.9484077217442111,57181,1470,0.025707840016788795,36225,889,0.024541062801932367,2270,678,0.2986784140969163,1687,HellaSwag,0.5,validation,discovery
0.9448974391074245,57179,1566,0.027387677294111474,36219,996,0.027499378779093846,2263,768,0.3393725143614671,1688,HellaSwag,0.5,validation,discovery
0.938404604366078,57183,1757,0.030725915044681112,36228,1187,0.032764712377166834,2273,749,0.32952045754509457,1689,HellaSwag,0.5,validation,discovery
0.9388264798322772,57172,1741,0.030451969495557264,36217,1149,0.031725432807797445,2263,798,0.3526292532037119,1690,HellaSwag,0.5,validation,discovery
0.9451453562974902,57168,1557,0.02723551637279597,36217,974,0.026893447828367893,2262,698,0.30857648099027407,1691,HellaSwag,0.5,validation,discovery
0.9381187928295166,57171,1759,0.03076734708156233,36218,1126,0.031089513501573803,2264,692,0.30565371024734983,1692,HellaSwag,0.5,validation,discovery
0.9399738278987554,57179,1706,0.02983612864862974,36221,1115,0.03078324728748516,2265,768,0.3390728476821192,1693,HellaSwag,0.5,validation,discovery
0.9378486905238193,57172,1768,0.03092422864339187,36215,1116,0.03081596023747066,2260,686,0.3035398230088496,1694,HellaSwag,0.5,validation,discovery
0.9434453343005419,57173,1609,0.028142654749619574,36223,979,0.02702702702702703,2268,724,0.31922398589065254,1695,HellaSwag,0.5,validation,discovery
0.9464412147142637,57176,1523,0.02663705051070379,36222,938,0.025895864391806085,2267,690,0.3043670048522276,1696,HellaSwag,0.5,validation,discovery
0.9389283799716857,57183,1741,0.030446111606596365,36224,1112,0.030697879858657243,2268,715,0.3152557319223986,1697,HellaSwag,0.5,validation,discovery
0.943387671779674,57181,1613,0.02820867071229954,36223,982,0.027109847334566436,2267,754,0.3325981473312748,1698,HellaSwag,0.5,validation,discovery
0.9424992465529327,57184,1637,0.028626888640179073,36224,1061,0.029289973498233215,2269,768,0.3384750991626267,1699,HellaSwag,0.5,validation,discovery
0.9463309972363119,57183,1528,0.026721228337093193,36226,982,0.027107602274609396,2270,680,0.29955947136563876,1700,HellaSwag,0.5,validation,discovery
0.9499131619882578,57170,1422,0.02487318523701242,36216,889,0.024547161475590898,2260,694,0.3070796460176991,1701,HellaSwag,0.5,validation,discovery
0.9404462775574922,57181,1693,0.029607736835662195,36224,1085,0.029952517667844524,2268,826,0.36419753086419754,1702,HellaSwag,0.5,validation,discovery
0.9418658079550175,57157,1646,0.028797872526549678,36209,1064,0.029384959540445746,2253,750,0.33288948069241014,1703,HellaSwag,0.5,validation,discovery
0.9397344418254514,57172,1715,0.02999720142727209,36218,1103,0.030454470152962616,2262,767,0.3390804597701149,1704,HellaSwag,0.5,validation,discovery
0.9453310725735316,57174,1553,0.027162696330499878,36223,933,0.025757115644756093,2267,709,0.31274812527569473,1705,HellaSwag,0.5,validation,discovery
0.94870006850553,57171,1454,0.025432474506305643,36218,917,0.025318902203324313,2262,682,0.3015030946065429,1706,HellaSwag,0.5,validation,discovery
0.9348896734765818,57173,1851,0.032375421964913505,36216,1195,0.0329964656505412,2261,823,0.3639982308712959,1707,HellaSwag,0.5,validation,discovery
0.9376937081101392,57177,1771,0.0309739930391591,36221,1159,0.031998012202865744,2265,783,0.3456953642384106,1708,HellaSwag,0.5,validation,discovery
0.9417065022711806,57170,1656,0.028966241035508135,36220,1090,0.030093870789618993,2264,762,0.3365724381625442,1709,HellaSwag,0.5,validation,discovery
0.9418943763056394,57179,1653,0.02890921492156211,36223,1078,0.02976009717582751,2268,751,0.33112874779541446,1710,HellaSwag,0.5,validation,discovery
0.9437194017551299,57180,1600,0.027981811822315496,36216,1029,0.028412856196156393,2260,705,0.31194690265486724,1711,HellaSwag,0.5,validation,discovery
0.9436509189056758,57165,1603,0.028041633866876584,36215,997,0.027530028993510976,2261,667,0.2950022114108801,1712,HellaSwag,0.5,validation,discovery
0.9383817778267728,57173,1752,0.030643835376838718,36220,1183,0.03266151297625621,2264,756,0.3339222614840989,1713,HellaSwag,0.5,validation,discovery
0.9406588335471385,57170,1684,0.029456008396011896,36221,1104,0.030479556058640014,2266,750,0.33097969991173876,1714,HellaSwag,0.5,validation,discovery
0.9391614172513328,57178,1731,0.030273881562838854,36218,1104,0.030482080733337014,2264,747,0.3299469964664311,1715,HellaSwag,0.5,validation,discovery
0.9426730741976591,57165,1626,0.028443977958541065,36220,993,0.02741579237990061,2267,727,0.3206881340979268,1716,HellaSwag,0.5,validation,discovery
0.9450371191313768,57179,1559,0.027265254726385562,36220,963,0.026587520706791826,2265,667,0.2944812362030905,1717,HellaSwag,0.5,validation,discovery
0.9442708294210364,57183,1586,0.027735515800150393,36225,957,0.02641821946169772,2270,706,0.31101321585903086,1718,HellaSwag,0.5,validation,discovery
0.9481577207831933,57189,1478,0.025844130864327054,36227,942,0.026002705164656196,2272,752,0.33098591549295775,1719,HellaSwag,0.5,validation,discovery
0.945546007046497,57166,1544,0.027009061330161285,36210,995,0.02747859707263187,2255,738,0.32727272727272727,1720,HellaSwag,0.5,validation,discovery
0.9429636811339334,57170,1620,0.02833654014343187,36224,999,0.027578401060070673,2268,767,0.33818342151675485,1721,HellaSwag,0.5,validation,discovery
0.9450390301164939,57183,1563,0.027333298357903574,36219,1004,0.02772025732350424,2263,756,0.33406981882456915,1722,HellaSwag,0.5,validation,discovery
0.9475862185954124,57179,1490,0.026058517987372985,36223,954,0.026336857797531955,2267,707,0.3118659020732245,1723,HellaSwag,0.5,validation,discovery
0.9403333058598187,57183,1700,0.029729115296504207,36229,1087,0.030003588285627537,2273,747,0.3286405631324241,1724,HellaSwag,0.5,validation,discovery
0.9391450254276844,57180,1733,0.03030779993004547,36226,1116,0.030806602992325953,2271,728,0.32056362835755176,1725,HellaSwag,0.5,validation,discovery
0.9370940823839222,57181,1791,0.031321592836781445,36228,1114,0.03074969636745059,2273,787,0.3462384513858337,1726,HellaSwag,0.5,validation,discovery
0.9438294778246671,57173,1593,0.0278628023717489,36217,1015,0.028025512880691387,2261,719,0.31800088456435205,1727,HellaSwag,0.5,validation,discovery
0.9453786931009096,57164,1549,0.027097473934644182,36212,946,0.02612393681652491,2257,703,0.3114754098360656,1728,HellaSwag,0.5,validation,discovery
0.9462059747791621,57177,1530,0.026759011490634345,36223,968,0.026723352566049196,2267,772,0.34053815615350685,1729,HellaSwag,0.5,validation,discovery
0.9402490238859712,57171,1696,0.029665389795525705,36219,1059,0.029238797316325685,2263,718,0.3172779496243924,1730,HellaSwag,0.5,validation,discovery
0.9418666677272758,57176,1652,0.02889324191968658,36218,993,0.027417306311778675,2262,710,0.3138815207780725,1731,HellaSwag,0.5,validation,discovery
0.9411261631448002,57179,1675,0.02929397156298641,36225,1074,0.029648033126293997,2269,707,0.3115910092551785,1732,HellaSwag,0.5,validation,discovery
0.9373363274486034,57177,1782,0.031166378089091767,36220,1203,0.03321369409166206,2265,837,0.3695364238410596,1733,HellaSwag,0.5,validation,discovery
0.9442907169047315,57170,1582,0.02767185586846248,36219,972,0.02683674314586267,2263,737,0.3256738842244808,1734,HellaSwag,0.5,validation,discovery
0.9486852817718145,57177,1459,0.025517253441068963,36216,891,0.02460238568588469,2260,712,0.31504424778761064,1735,HellaSwag,0.5,validation,discovery
0.9458402618786202,57179,1541,0.0269504538379475,36222,1022,0.02821489702390812,2266,791,0.34907325684024715,1736,HellaSwag,0.5,validation,discovery
0.9423186182039193,57172,1638,0.028650388301965996,36216,1079,0.029793461453501216,2262,747,0.3302387267904509,1737,HellaSwag,0.5,validation,discovery
0.9471414670056487,57180,1503,0.02628541448058762,36218,946,0.0261196090341819,2262,680,0.3006189213085765,1738,HellaSwag,0.5,validation,discovery
0.940923831900297,57176,1681,0.02940044774031062,36225,1067,0.02945479641131815,2269,791,0.3486117232260908,1739,HellaSwag,0.5,validation,discovery
0.9418995676297315,57173,1652,0.02889475801514701,36216,990,0.027335984095427434,2260,734,0.3247787610619469,1740,HellaSwag,0.5,validation,discovery
0.9407882780036925,57184,1686,0.02948377168438724,36222,1090,0.03009220915465739,2266,764,0.33715798764342453,1741,HellaSwag,0.5,validation,discovery
0.9398442875364289,57165,1706,0.02984343566867839,36217,1044,0.028826241820139712,2261,767,0.33923042901371075,1742,HellaSwag,0.5,validation,discovery
0.9309830445929334,57166,1961,0.03430360703914914,36214,1232,0.03401999226818358,2258,813,0.3600531443755536,1743,HellaSwag,0.5,validation,discovery
0.942159302461056,57185,1647,0.028801259071434816,36223,1113,0.030726334097120615,2267,731,0.32245258050286724,1744,HellaSwag,0.5,validation,discovery
0.9354576992457043,57174,1835,0.03209500822051982,36221,1112,0.03070042240689103,2265,729,0.3218543046357616,1745,HellaSwag,0.5,validation,discovery
0.9451326636573689,57178,1560,0.027283220819196194,36219,967,0.026698694055606174,2264,739,0.32641342756183744,1746,HellaSwag,0.5,validation,discovery
0.9435961983667914,57178,1606,0.028087726048480186,36222,994,0.027441886146540775,2267,745,0.3286281429201588,1747,HellaSwag,0.5,validation,discovery
0.9372272016949487,57169,1785,0.031223215378964123,36221,1163,0.03210844537699125,2265,777,0.343046357615894,1748,HellaSwag,0.5,validation,discovery
0.9453567880983882,57172,1551,0.027128664381165606,36222,965,0.026641267737838883,2266,711,0.3137687555163283,1749,HellaSwag,0.5,validation,discovery
0.9440831376683345,57174,1589,0.0277923531675237,36221,1004,0.027718726705502333,2265,696,0.3072847682119205,1750,HellaSwag,0.5,validation,discovery
0.9450609061000209,57174,1561,0.02730262007206073,36218,930,0.025677839748191506,2262,727,0.3213969938107869,1751,HellaSwag,0.5,validation,discovery
0.9468602566866126,57176,1512,0.02644466209598433,36219,889,0.02454512824760485,2264,622,0.2747349823321555,1752,HellaSwag,0.5,validation,discovery
0.9421111174926002,57176,1646,0.028788302784385055,36222,1071,0.029567666059300977,2266,809,0.35701676963812884,1753,HellaSwag,0.5,validation,discovery
0.9438604663453483,57166,1593,0.027866214183255782,36218,975,0.026920315865039485,2263,663,0.29297392841361025,1754,HellaSwag,0.5,validation,discovery
0.9369827547430591,57169,1790,0.031310675366020044,36220,1197,0.03304803975704031,2264,856,0.37809187279151946,1755,HellaSwag,0.5,validation,discovery
0.9462977938643126,57168,1522,0.026623285754268124,36213,938,0.025902300278905367,2258,717,0.3175376439326838,1756,HellaSwag,0.5,validation,discovery
0.9479575225141587,57170,1479,0.025870211649466502,36218,973,0.026865094704290684,2262,627,0.27718832891246686,1757,HellaSwag,0.5,validation,discovery
0.9468418750985222,57175,1512,0.026445124617402713,36220,987,0.02725013804527885,2265,672,0.29668874172185433,1758,HellaSwag,0.5,validation,discovery
0.9480768987495791,57183,1480,0.025881818022838957,36220,903,0.02493097736057427,2264,710,0.3136042402826855,1759,HellaSwag,0.5,validation,discovery
0.9455644191855234,57168,1544,0.02700811642877134,36213,972,0.026841189628034133,2258,724,0.32063773250664307,1760,HellaSwag,0.5,validation,discovery
0.9338141187142205,57170,1882,0.032919363302431344,36222,1188,0.032797747225443104,2267,773,0.34097926775474197,1761,HellaSwag,0.5,validation,discovery
0.9417044664762476,57166,1653,0.028915789105412308,36221,1034,0.028546975511443636,2266,698,0.30803177405119153,1762,HellaSwag,0.5,validation,discovery
0.9396944635873324,57181,1719,0.030062433325755058,36221,1086,0.02998260677507523,2265,734,0.3240618101545254,1763,HellaSwag,0.5,validation,discovery
0.9434637855879185,57175,1606,0.02808919982509838,36222,1019,0.028132074429904477,2267,708,0.3123070136744596,1764,HellaSwag,0.5,validation,discovery
0.9442946003930952,57178,1584,0.02770296267795306,36222,1043,0.02879465518193363,2266,752,0.3318623124448367,1765,HellaSwag,0.5,validation,discovery
0.9437174390170314,57176,1599,0.02796627955785644,36217,998,0.02755612005411823,2262,723,0.3196286472148541,1766,HellaSwag,0.5,validation,discovery
0.9412011433943245,57172,1670,0.02921010284754775,36218,1031,0.028466508366005852,2262,739,0.3267020335985853,1767,HellaSwag,0.5,validation,discovery
0.9396174756934229,57182,1719,0.03006190759329859,36223,1053,0.029069927946332442,2267,721,0.3180414644905161,1768,HellaSwag,0.5,validation,discovery
0.941058377104476,57183,1678,0.029344385569137682,36224,1096,0.03025618374558304,2269,761,0.3353900396650507,1769,HellaSwag,0.5,validation,discovery
0.9474024297938501,57178,1498,0.026198887684074294,36224,930,0.02567358657243816,2268,734,0.3236331569664903,1770,HellaSwag,0.5,validation,discovery
0.9430756675243688,57167,1616,0.028268056746024804,36214,1020,0.02816590268956757,2259,660,0.2921646746347942,1771,HellaSwag,0.5,validation,discovery
0.9367219252689538,57171,1798,0.03144951111577548,36216,1126,0.031091230395405345,2260,741,0.32787610619469026,1772,HellaSwag,0.5,validation,discovery
0.9454009222256354,57173,1554,0.027180662200689137,36218,1016,0.02805234966038986,2262,783,0.34615384615384615,1773,HellaSwag,0.5,validation,discovery
0.9466433988543964,57179,1519,0.0265656971965232,36221,918,0.025344413461803925,2265,715,0.31567328918322296,1774,HellaSwag,0.5,validation,discovery
0.9474722767010424,57178,1493,0.026111441463499946,36219,951,0.02625693696678539,2264,733,0.32376325088339225,1775,HellaSwag,0.5,validation,discovery
0.9432595313642591,57168,1614,0.028232577665827038,36212,967,0.026703855075665524,2256,737,0.3266843971631206,1776,HellaSwag,0.5,validation,discovery
0.943873617050101,57174,1595,0.027897295973694336,36219,986,0.027223280598580854,2263,710,0.31374281926646047,1777,HellaSwag,0.5,validation,discovery
0.9414897574571982,57173,1663,0.029087156524933096,36218,1011,0.027914296758517865,2264,724,0.3197879858657244,1778,HellaSwag,0.5,validation,discovery
0.9393524184850377,57176,1723,0.030135021687421295,36220,1103,0.0304527885146328,2264,765,0.3378975265017668,1779,HellaSwag,0.5,validation,discovery
0.9354481157307326,57188,1839,0.03215709589424355,36226,1127,0.03111025230497433,2270,815,0.3590308370044053,1780,HellaSwag,0.5,validation,discovery
0.9409330759844229,57177,1679,0.029364954439722264,36217,1076,0.02970980478780683,2262,739,0.3267020335985853,1781,HellaSwag,0.5,validation,discovery
0.9481375514490689,57182,1476,0.025812318561785178,36222,916,0.025288498702446028,2267,738,0.325540361711513,1782,HellaSwag,0.5,validation,discovery
0.9387659096971968,57173,1739,0.030416455319818795,36221,1053,0.029071533088539797,2266,765,0.3375992939099735,1783,HellaSwag,0.5,validation,discovery
0.9444468921219956,57168,1579,0.02762034704729919,36219,989,0.027306110052734752,2263,757,0.33451171011931063,1784,HellaSwag,0.5,validation,discovery
0.9409053339969318,57174,1681,0.029401476195473467,36216,1074,0.029655400927766733,2262,744,0.32891246684350134,1785,HellaSwag,0.5,validation,discovery
0.9450628305982817,57178,1563,0.027335688551540803,36221,996,0.027497860357251318,2265,727,0.32097130242825606,1786,HellaSwag,0.5,validation,discovery
0.9421090993800862,57172,1643,0.028737843699713148,36218,1044,0.028825445910873045,2263,714,0.31551038444542645,1787,HellaSwag,0.5,validation,discovery
0.9407030016883925,57171,1682,0.029420510398628676,36219,1116,0.03081255694524973,2264,758,0.33480565371024734,1788,HellaSwag,0.5,validation,discovery
0.9453475905255505,57171,1551,0.027129138899092197,36215,981,0.027088223111970178,2260,679,0.3004424778761062,1789,HellaSwag,0.5,validation,discovery
0.9450075742577105,57172,1561,0.027303575176659902,36213,989,0.027310634302598516,2258,631,0.27945084145261295,1790,HellaSwag,0.5,validation,discovery
0.9463989668474648,57179,1526,0.02668811976424911,36223,956,0.02639207133589156,2267,702,0.30966034406704895,1791,HellaSwag,0.5,validation,discovery
0.9398750282737925,57158,1705,0.02982959515728332,36205,1057,0.029194862588040327,2250,695,0.3088888888888889,1792,HellaSwag,0.5,validation,discovery
0.9409936756716495,57177,1679,0.029364954439722264,36225,1000,0.027605244996549344,2269,725,0.3195240193918026,1793,HellaSwag,0.5,validation,discovery
0.9450351915914507,57175,1562,0.027319632706602537,36219,1034,0.02854855186504321,2263,701,0.30976579761378703,1794,HellaSwag,0.5,validation,discovery
0.9473693529873533,57182,1496,0.026162078975901507,36219,956,0.026394986057041884,2263,745,0.32920901458241275,1795,HellaSwag,0.5,validation,discovery
0.9452999655215923,57181,1557,0.02722932442594568,36224,886,0.0244589222614841,2268,706,0.31128747795414463,1796,HellaSwag,0.5,validation,discovery
0.9446326509909427,57173,1574,0.02753047767302748,36216,1030,0.02844046830130329,2260,614,0.27168141592920353,1797,HellaSwag,0.5,validation,discovery
0.9347196124419687,57181,1861,0.03254577569472377,36222,1204,0.03323946772679587,2267,806,0.35553595059550064,1798,HellaSwag,0.5,validation,discovery
0.9491575875791667,57180,1446,0.025288562434417627,36224,911,0.025149072438162542,2268,644,0.2839506172839506,1799,HellaSwag,0.5,validation,discovery
0.9385143405512112,57176,1747,0.030554778228627396,36221,1135,0.031335413158112696,2266,784,0.34598411297440423,1800,HellaSwag,0.5,validation,discovery
0.9462354431808656,57184,1531,0.026773223279238947,36225,1001,0.027632850241545895,2269,713,0.3142353459673865,1801,HellaSwag,0.5,validation,discovery
0.9396831097725539,57174,1716,0.030013642564802184,36217,1091,0.03012397492890079,2262,733,0.3240495137046861,1802,HellaSwag,0.5,validation,discovery
0.9389611666468003,57179,1737,0.03037828573427307,36225,1162,0.03207729468599034,2269,788,0.3472895548699868,1803,HellaSwag,0.5,validation,discovery
0.9379349180059788,57170,1764,0.030855343711736927,36221,1118,0.03086607216807929,2265,826,0.36467991169977926,1804,HellaSwag,0.5,validation,discovery
0.9422600339513421,57177,1643,0.028735330639942634,36221,1087,0.03001021506860661,2265,777,0.343046357615894,1805,HellaSwag,0.5,validation,discovery
0.9475779506420657,57181,1490,0.026057606547629456,36221,1004,0.027718726705502333,2265,793,0.3501103752759382,1806,HellaSwag,0.5,validation,discovery
0.9414589123840337,57181,1667,0.02915304034556933,36226,1037,0.028625848837851266,2270,753,0.3317180616740088,1807,HellaSwag,0.5,validation,discovery
0.9431251120736596,57161,1613,0.02821854061335526,36216,1008,0.027833001988071572,2260,679,0.3004424778761062,1808,HellaSwag,0.5,validation,discovery
0.9386354865500939,57174,1745,0.03052086612796026,36221,1143,0.031556279506363714,2265,708,0.3125827814569536,1809,HellaSwag,0.5,validation,discovery
0.9477350760718704,57180,1488,0.02602308499475341,36222,890,0.024570702887747778,2267,669,0.2951036612262902,1810,HellaSwag,0.5,validation,discovery
0.943438080579097,57176,1608,0.02812368826080873,36220,993,0.02741579237990061,2265,722,0.31876379690949225,1811,HellaSwag,0.5,validation,discovery
0.944945029792744,57169,1565,0.02737497594850356,36217,940,0.02595466217522158,2262,723,0.3196286472148541,1812,HellaSwag,0.5,validation,discovery
0.938698204972083,57177,1743,0.0304842856393305,36223,1123,0.031002401788918645,2267,688,0.3034847816497574,1813,HellaSwag,0.5,validation,discovery
0.9461177285813074,57175,1532,0.026794927853082642,36217,917,0.02531960129221084,2262,661,0.2922192749778957,1814,HellaSwag,0.5,validation,discovery
0.9404051267542224,57169,1694,0.029631443614546345,36218,1118,0.030868628858578606,2262,802,0.35455349248452694,1815,HellaSwag,0.5,validation,discovery
0.9382699028322838,57176,1756,0.030712186931579684,36223,1117,0.030836761173839825,2268,816,0.35978835978835977,1816,HellaSwag,0.5,validation,discovery
0.9429748890965749,57175,1621,0.02835155225185833,36219,1059,0.029238797316325685,2264,748,0.3303886925795053,1817,HellaSwag,0.5,validation,discovery
0.9446234390329651,57172,1573,0.02751346813125306,36222,1006,0.027773176522555353,2267,762,0.3361270401411557,1818,HellaSwag,0.5,validation,discovery
0.9413633924418963,57182,1669,0.029187506558007763,36221,1019,0.028132851108472984,2267,657,0.2898103220114689,1819,HellaSwag,0.5,validation,discovery
0.9448678852646317,57172,1567,0.02740852165395648,36221,944,0.026062229093619722,2265,713,0.3147902869757174,1820,HellaSwag,0.5,validation,discovery
0.9442916858843214,57173,1583,0.027687894635579732,36219,963,0.026588254783400978,2264,705,0.3113957597173145,1821,HellaSwag,0.5,validation,discovery
0.9445443836081059,57171,1575,0.027548932150915674,36221,1014,0.0279948096408161,2266,707,0.3120035304501324,1822,HellaSwag,0.5,validation,discovery
0.9462298192382916,57172,1528,0.026726369551528722,36218,998,0.02755535921365067,2264,665,0.29372791519434627,1823,HellaSwag,0.5,validation,discovery
0.950718081048804,57174,1403,0.024539126176233952,36221,833,0.022997708511636895,2265,656,0.28962472406181017,1824,HellaSwag,0.5,validation,discovery
0.9410891867741185,57175,1678,0.02934849147354613,36221,1082,0.029872173600949726,2266,733,0.323477493380406,1825,HellaSwag,0.5,validation,discovery
0.9340259443712698,57174,1876,0.03281211739601917,36217,1162,0.03208438026341221,2261,730,0.32286598850066345,1826,HellaSwag,0.5,validation,discovery
0.9398177298581328,57181,1712,0.029940015039960827,36223,1079,0.029787703945007314,2267,773,0.34097926775474197,1827,HellaSwag,0.5,validation,discovery
0.946562502266708,57174,1518,0.026550529961171163,36216,940,0.025955378838082615,2262,594,0.2625994694960212,1828,HellaSwag,0.5,validation,discovery
0.9402767600653721,57174,1698,0.029698814146290272,36222,978,0.027000165645188007,2266,730,0.32215357458075905,1829,HellaSwag,0.5,validation,discovery
0.9472259891773097,57174,1501,0.026253192010354358,36221,950,0.026227878854807984,2267,688,0.3034847816497574,1830,HellaSwag,0.5,validation,discovery
0.9415082266648797,57175,1662,0.029068648885002185,36220,1090,0.030093870789618993,2264,784,0.3462897526501767,1831,HellaSwag,0.5,validation,discovery
0.9485769488975889,57169,1460,0.025538316220329198,36224,924,0.025507950530035337,2268,689,0.3037918871252205,1832,HellaSwag,0.5,validation,discovery
0.9344565743112127,57179,1866,0.03263435876807919,36222,1267,0.034978742200872395,2269,766,0.3375936535918907,1833,HellaSwag,0.5,validation,discovery
0.9409628666311659,57184,1679,0.029361359820928933,36225,1115,0.030779848171152518,2270,736,0.32422907488986785,1834,HellaSwag,0.5,validation,discovery
0.9429122912136448,57172,1622,0.02837053102917512,36218,1018,0.02810757082113866,2262,782,0.34571175950486294,1835,HellaSwag,0.5,validation,discovery
0.9382000559247362,57177,1758,0.03074662888923868,36221,1115,0.03078324728748516,2265,699,0.3086092715231788,1836,HellaSwag,0.5,validation,discovery
0.9425570594143489,57160,1630,0.028516445066480055,36217,1067,0.029461302703150453,2262,734,0.3244916003536693,1837,HellaSwag,0.5,validation,discovery
0.9464669360130731,57175,1520,0.026585045911674682,36219,1005,0.027747867141555537,2265,778,0.3434878587196468,1838,HellaSwag,0.5,validation,discovery
0.9407122440173759,57172,1685,0.029472469040789196,36216,1112,0.030704660923348795,2261,820,0.36267138434321095,1839,HellaSwag,0.5,validation,discovery
0.9478307487052061,57160,1478,0.025857242827151853,36209,951,0.02626418846143224,2256,676,0.299645390070922,1840,HellaSwag,0.5,validation,discovery
0.9452393374199357,57182,1557,0.027228848238956316,36226,949,0.026196654336664273,2270,700,0.30837004405286345,1841,HellaSwag,0.5,validation,discovery
0.9483029593201524,57181,1472,0.02574281666987286,36224,933,0.025756404593639575,2268,672,0.2962962962962963,1842,HellaSwag,0.5,validation,discovery
0.9402910956980799,57170,1698,0.029700892076263776,36213,1060,0.02927125617872035,2259,785,0.3474988933156264,1843,HellaSwag,0.5,validation,discovery
0.9462977979036404,57168,1525,0.02667576266442765,36220,996,0.027498619547211486,2264,730,0.3224381625441696,1844,HellaSwag,0.5,validation,discovery
0.9479924482653788,57170,1477,0.025835228266573376,36215,935,0.025818031202540385,2260,676,0.2991150442477876,1845,HellaSwag,0.5,validation,discovery
0.9378551890621377,57184,1772,0.03098768886401791,36229,1067,0.029451544342929698,2273,703,0.30928288605367354,1846,HellaSwag,0.5,validation,discovery
0.9404513639352499,57174,1695,0.02964634274320495,36220,1014,0.02799558255107675,2266,710,0.31332744924977934,1847,HellaSwag,0.5,validation,discovery
0.9463732441551517,57180,1525,0.026670164393144458,36222,945,0.026089117111147923,2266,671,0.2961165048543689,1848,HellaSwag,0.5,validation,discovery
0.9416623336787496,57170,1659,0.029018716109847822,36213,1053,0.029077955430370308,2259,703,0.31119964586100046,1849,HellaSwag,0.5,validation,discovery
0.9428147653804377,57169,1625,0.028424495793174624,36214,1037,0.028635334401060364,2259,708,0.31341301460823373,1850,HellaSwag,0.5,validation,discovery
0.9426256907270358,57175,1630,0.0285089637079143,36221,1016,0.028050026227878853,2266,772,0.3406884377758164,1851,HellaSwag,0.5,validation,discovery
0.9469686669781097,57165,1504,0.02630980495058165,36218,908,0.025070406979954718,2262,676,0.2988505747126437,1852,HellaSwag,0.5,validation,discovery
0.9412843249226229,57181,1671,0.029222993651737465,36222,1087,0.030009386560653745,2266,768,0.3389232127096205,1853,HellaSwag,0.5,validation,discovery
0.9428002897686799,57175,1624,0.028404022737210318,36223,1010,0.027882836871600918,2269,756,0.33318642573821067,1854,HellaSwag,0.5,validation,discovery
0.9419088005013232,57173,1652,0.02889475801514701,36222,1057,0.029181160620617305,2267,767,0.3383325981473313,1855,HellaSwag,0.5,validation,discovery
0.936039843526057,57170,1820,0.03183487843274445,36215,1127,0.03111970178102996,2260,693,0.3066371681415929,1856,HellaSwag,0.5,validation,discovery
0.938472297150043,57179,1751,0.030623130869724898,36223,1120,0.030919581481379233,2267,803,0.3542126157917953,1857,HellaSwag,0.5,validation,discovery
0.9438018130177073,57170,1595,0.027899247857267797,36218,1041,0.02874261416974985,2262,739,0.3267020335985853,1858,HellaSwag,0.5,validation,discovery
0.9367732076654338,57169,1798,0.03145061134530952,36215,1145,0.03161673339776336,2260,744,0.3292035398230089,1859,HellaSwag,0.5,validation,discovery
0.9420063569991617,57176,1651,0.028875752063802995,36219,988,0.027278500234683454,2264,762,0.3365724381625442,1860,HellaSwag,0.5,validation,discovery
0.9464301512080077,57171,1522,0.026621888719805496,36217,910,0.025126321893033658,2262,670,0.29619805481874445,1861,HellaSwag,0.5,validation,discovery
0.941530786737122,57185,1665,0.02911602693013902,36224,1084,0.029924911660777386,2270,726,0.3198237885462555,1862,HellaSwag,0.5,validation,discovery
0.9478784948238788,57169,1479,0.025870664171141703,36224,958,0.026446554770318022,2268,662,0.29188712522045857,1863,HellaSwag,0.5,validation,discovery
0.9390124870001505,57177,1736,0.03036185878937335,36221,1115,0.03078324728748516,2266,723,0.31906443071491614,1864,HellaSwag,0.5,validation,discovery
0.9375922191243752,57182,1778,0.031093700814941765,36223,1126,0.031085222096458053,2267,751,0.33127481252756946,1865,HellaSwag,0.5,validation,discovery
0.9381052009945554,57162,1755,0.03070221475805605,36211,1136,0.03137168263787247,2258,802,0.35518157661647476,1866,HellaSwag,0.5,validation,discovery
0.9415339211323703,57174,1663,0.029086647776961554,36216,1111,0.0306770488182019,2260,762,0.33716814159292036,1867,HellaSwag,0.5,validation,discovery
0.94708815380446,57178,1505,0.02632131239287838,36216,920,0.025403136735144688,2262,717,0.3169761273209549,1868,HellaSwag,0.5,validation,discovery
0.940139173374133,57178,1703,0.029784182727622514,36224,1051,0.02901391342756184,2269,734,0.3234905244601146,1869,HellaSwag,0.5,validation,discovery
0.9459358162958219,57179,1538,0.026897987023207823,36225,948,0.026169772256728778,2269,759,0.33450859409431466,1870,HellaSwag,0.5,validation,discovery
0.9432687444817295,57169,1609,0.02814462383459567,36223,1071,0.029566849791568893,2269,765,0.3371529308065227,1871,HellaSwag,0.5,validation,discovery
0.9440040751640997,57173,1592,0.027845311598131986,36213,976,0.02695164719851987,2257,651,0.2884359769605671,1872,HellaSwag,0.5,validation,discovery
0.9439468222586849,57163,1590,0.027815195143711842,36214,1010,0.027889766388689455,2259,688,0.3045595396193006,1873,HellaSwag,0.5,validation,discovery
0.9445075320924659,57167,1574,0.02753336715237812,36220,1030,0.028437327443401435,2265,738,0.3258278145695364,1874,HellaSwag,0.5,validation,discovery
0.9457647568121171,57167,1539,0.026921125824339216,36215,948,0.026176998481292284,2259,704,0.3116423196104471,1875,HellaSwag,0.5,validation,discovery
0.9432799561171824,57174,1611,0.028177143456816035,36225,1066,0.0294271911663216,2269,771,0.33979726751873074,1876,HellaSwag,0.5,validation,discovery
0.9412689429419059,57168,1669,0.029194654352085084,36216,1119,0.03089794565937707,2261,765,0.3383458646616541,1877,HellaSwag,0.5,validation,discovery
0.939411943360315,57174,1725,0.03017105677405814,36222,1100,0.03036828446800287,2268,775,0.34171075837742504,1878,HellaSwag,0.5,validation,discovery
0.938011234286316,57182,1764,0.030848868525060334,36223,1107,0.030560693482041795,2270,749,0.3299559471365639,1879,HellaSwag,0.5,validation,discovery
0.9427653692994031,57175,1627,0.028456493222562308,36221,1071,0.02956848237210458,2266,666,0.293909973521624,1880,HellaSwag,0.5,validation,discovery
0.9467592090632861,57184,1516,0.026510912143256855,36224,912,0.02517667844522968,2268,699,0.3082010582010582,1881,HellaSwag,0.5,validation,discovery
0.9421974086661321,57174,1642,0.028719347955364325,36215,1056,0.02915918818169267,2259,792,0.350597609561753,1882,HellaSwag,0.5,validation,discovery
0.9448698044374778,57176,1570,0.027459073737232404,36219,947,0.026146497694580193,2264,702,0.31007067137809186,1883,HellaSwag,0.5,validation,discovery
0.945873291065035,57175,1540,0.02693484914735461,36224,925,0.025535556537102475,2268,718,0.3165784832451499,1884,HellaSwag,0.5,validation,discovery
0.9441068946147029,57170,1587,0.027759314325695294,36216,1035,0.028578528827037774,2260,768,0.3398230088495575,1885,HellaSwag,0.5,validation,discovery
0.940746175828822,57187,1687,0.029499711472887196,36227,1063,0.029342755403428383,2271,686,0.3020695728753853,1886,HellaSwag,0.5,validation,discovery
0.9389875861975073,57163,1733,0.030316813323303535,36217,1075,0.029682193445067232,2262,795,0.35145888594164454,1887,HellaSwag,0.5,validation,discovery
0.9435006754442267,57179,1606,0.028087234823973836,36221,1040,0.028712625272631898,2265,714,0.3152317880794702,1888,HellaSwag,0.5,validation,discovery
0.9425670851970018,57180,1634,0.028576425323539698,36221,1004,0.027718726705502333,2265,691,0.3050772626931567,1889,HellaSwag,0.5,validation,discovery
0.9489720423324608,57174,1450,0.02536117815790394,36222,915,0.02526089117111148,2266,641,0.2828773168578994,1890,HellaSwag,0.5,validation,discovery
0.9413593172600441,57174,1666,0.029139119180046875,36221,1122,0.030976505342204797,2265,786,0.34701986754966885,1891,HellaSwag,0.5,validation,discovery
0.9447723389078753,57173,1571,0.027478005352176725,36214,978,0.027006130225879495,2258,688,0.3046944198405669,1892,HellaSwag,0.5,validation,discovery
0.9375665740688942,57183,1780,0.031128132486927935,36227,1145,0.03160626052391862,2271,771,0.3394980184940555,1893,HellaSwag,0.5,validation,discovery
0.9415668053941917,57170,1661,0.029053699492740948,36216,1057,0.029185995140269493,2260,746,0.33008849557522124,1894,HellaSwag,0.5,validation,discovery
0.9379064841413995,57182,1767,0.030901332587177782,36224,1064,0.02937279151943463,2269,733,0.32304980167474656,1895,HellaSwag,0.5,validation,discovery
0.9448014811031022,57161,1566,0.027396301674218436,36210,1004,0.027727147196906932,2259,730,0.3231518370960602,1896,HellaSwag,0.5,validation,discovery
0.9422672573961409,57174,1642,0.028719347955364325,36219,1015,0.028023965322068526,2264,762,0.3365724381625442,1897,HellaSwag,0.5,validation,discovery
0.9409515668953995,57179,1682,0.029416394130712325,36219,1015,0.028023965322068526,2263,790,0.34909412284577995,1898,HellaSwag,0.5,validation,discovery
0.9414672040717046,57163,1660,0.029039763483372113,36220,1071,0.029569298729983436,2264,710,0.3136042402826855,1899,HellaSwag,0.5,validation,discovery
0.9431350071040764,57181,1620,0.02833108899809377,36221,986,0.02722177742193755,2266,813,0.3587819947043248,1900,HellaSwag,0.5,validation,discovery
0.942634913925097,57176,1632,0.02854344480201483,36218,1053,0.02907394113424264,2265,719,0.317439293598234,1901,HellaSwag,0.5,validation,discovery
0.9386754154681793,57167,1742,0.030472125526964856,36223,1218,0.03362504486099992,2268,782,0.3447971781305115,1902,HellaSwag,0.5,validation,discovery
0.9412802390167417,57173,1668,0.029174610393017684,36219,1078,0.029763383859300368,2263,780,0.344675209898365,1903,HellaSwag,0.5,validation,discovery
0.9474961703803545,57173,1493,0.026113725010057195,36218,932,0.025733060908940307,2263,737,0.3256738842244808,1904,HellaSwag,0.5,validation,discovery
0.9382285234738643,57164,1757,0.030736127632775872,36215,1100,0.030374154355929862,2260,740,0.3274336283185841,1905,HellaSwag,0.5,validation,discovery
0.9388172230319529,57171,1740,0.030435010757202077,36220,1105,0.030508006626173385,2266,762,0.33627537511032657,1906,HellaSwag,0.5,validation,discovery
0.9409032963988883,57170,1679,0.02936854993877908,36220,1062,0.0293208172280508,2264,755,0.3334805653710247,1907,HellaSwag,0.5,validation,discovery
0.938688930499395,57176,1745,0.030519798516860222,36217,1136,0.03136648535218268,2263,770,0.34025629695095005,1908,HellaSwag,0.5,validation,discovery
0.9403764402770647,57181,1698,0.02969517846837236,36222,1079,0.029788526309977362,2266,741,0.3270079435127979,1909,HellaSwag,0.5,validation,discovery
0.9396523983248006,57182,1718,0.030044419572592775,36220,1107,0.03056322473771397,2265,853,0.3766004415011038,1910,HellaSwag,0.5,validation,discovery
0.936372704810284,57171,1812,0.03169439051267251,36217,1135,0.03133887400944308,2263,698,0.30844012372956253,1911,HellaSwag,0.5,validation,discovery
0.9417968360122847,57176,1654,0.028928221631453758,36222,1072,0.029595273590635525,2266,708,0.3124448367166814,1912,HellaSwag,0.5,validation,discovery
0.9382770181650463,57173,1755,0.030696307697689468,36222,1139,0.031444978190050245,2266,789,0.3481906443071492,1913,HellaSwag,0.5,validation,discovery
0.940437965139934,57165,1692,0.029598530569404355,36211,1048,0.028941481870149954,2255,744,0.32993348115299337,1914,HellaSwag,0.5,validation,discovery
0.9409289504801274,57169,1678,0.029351571655967395,36214,1051,0.029021925222289722,2259,764,0.3382027445772466,1915,HellaSwag,0.5,validation,discovery
0.9437154709631324,57172,1598,0.027950745119988806,36219,1098,0.03031558022032635,2265,720,0.31788079470198677,1916,HellaSwag,0.5,validation,discovery
0.9458971326647533,57170,1538,0.026902221444813714,36219,937,0.0258703995140672,2263,682,0.3013698630136986,1917,HellaSwag,0.5,validation,discovery
0.9359302483797276,57176,1825,0.03191898698754722,36220,1145,0.03161236885698509,2266,654,0.2886142983230362,1918,HellaSwag,0.5,validation,discovery
0.9387637748404936,57169,1740,0.030436075495460825,36220,1033,0.028520154610712313,2266,767,0.33848190644307147,1919,HellaSwag,0.5,validation,discovery
0.9500969447618403,57171,1418,0.02480278462857043,36220,876,0.024185532854776367,2264,618,0.27296819787985865,1920,HellaSwag,0.5,validation,discovery
0.9467481593451484,57179,1514,0.026478252505290404,36223,912,0.025177373491980234,2267,710,0.31318923687692984,1921,HellaSwag,0.5,validation,discovery
0.9496006200338458,57174,1432,0.025046349739392033,36220,861,0.023771397018221976,2264,621,0.2742932862190813,1922,HellaSwag,0.5,validation,discovery
0.9382257151580791,57175,1758,0.03074770441626585,36217,1057,0.02918518927575448,2261,694,0.3069438301636444,1923,HellaSwag,0.5,validation,discovery
0.9455221989721114,57171,1549,0.027094156128106908,36219,927,0.025594301333554212,2263,710,0.31374281926646047,1924,HellaSwag,0.5,validation,discovery
0.945626964040048,57171,1544,0.027006699200643684,36214,929,0.025653062351576737,2258,741,0.3281665190434012,1925,HellaSwag,0.5,validation,discovery
0.9424470849225858,57167,1634,0.028582923714730528,36216,1048,0.028937486193947426,2261,737,0.32596196373286157,1926,HellaSwag,0.5,validation,discovery
0.9421624913387228,57174,1644,0.02875432889075454,36221,1106,0.03053477264570277,2265,789,0.3483443708609272,1927,HellaSwag,0.5,validation,discovery
0.9457024751417998,57183,1545,0.027018519490058235,36224,968,0.0267226148409894,2268,694,0.30599647266313934,1928,HellaSwag,0.5,validation,discovery
0.941620203735141,57172,1658,0.029000209892954595,36219,1060,0.029266407134376983,2263,733,0.3239063190455148,1929,HellaSwag,0.5,validation,discovery
0.9453936097833916,57176,1553,0.027161746187211417,36218,1030,0.028438897785631453,2264,776,0.34275618374558303,1930,HellaSwag,0.5,validation,discovery
0.9411610766566377,57179,1674,0.029276482624739853,36220,1094,0.030204307012700167,2266,745,0.3287731685789938,1931,HellaSwag,0.5,validation,discovery
0.9407173613185416,57165,1682,0.029423598355637192,36216,1041,0.02874420145791915,2260,747,0.3305309734513274,1932,HellaSwag,0.5,validation,discovery
0.9439361872164731,57177,1594,0.02787834269024258,36221,1003,0.027691118411970955,2265,773,0.341280353200883,1933,HellaSwag,0.5,validation,discovery
0.9416623336787496,57169,1658,0.029001731707743707,36218,1096,0.030261196090341818,2264,735,0.3246466431095406,1934,HellaSwag,0.5,validation,discovery
0.9401278284871475,57173,1704,0.0298042782432267,36216,1148,0.031698696708637064,2262,813,0.3594164456233422,1935,HellaSwag,0.5,validation,discovery
0.9381052138670528,57162,1758,0.03075469717644589,36219,1135,0.03133714348822441,2263,818,0.36146707909854175,1936,HellaSwag,0.5,validation,discovery
0.943175187180754,57175,1616,0.028264101442938346,36220,990,0.027332965212589728,2265,682,0.3011037527593819,1937,HellaSwag,0.5,validation,discovery
0.9399953156589074,57171,1704,0.029805320879466864,36216,1097,0.03029047934614535,2260,794,0.3513274336283186,1938,HellaSwag,0.5,validation,discovery
0.9467095322235352,57171,1511,0.026429483479386402,36218,936,0.025843503230437905,2262,679,0.3001768346595933,1939,HellaSwag,0.5,validation,discovery
0.9363563626594172,57173,1811,0.03167579102023683,36218,1093,0.030178364349218622,2262,678,0.29973474801061006,1940,HellaSwag,0.5,validation,discovery
0.9444158423021504,57176,1581,0.02765146215195187,36220,1015,0.028023191606847044,2264,822,0.3630742049469965,1941,HellaSwag,0.5,validation,discovery
0.9462298348163493,57172,1527,0.02670887847197929,36223,963,0.02658531872015018,2267,787,0.3471548301720335,1942,HellaSwag,0.5,validation,discovery
0.9432746843956757,57181,1614,0.028226159038841573,36222,1031,0.028463364805919055,2266,779,0.34377758164165934,1943,HellaSwag,0.5,validation,discovery
0.9408262569512104,57173,1682,0.029419481223654523,36220,1060,0.029265599116510214,2265,757,0.33421633554083885,1944,HellaSwag,0.5,validation,discovery
0.9458898134442759,57173,1536,0.02686582827558463,36217,1016,0.028053124223430984,2261,776,0.3432109685979655,1945,HellaSwag,0.5,validation,discovery
0.9473767006426353,57180,1497,0.026180482686253934,36219,926,0.025566691515502914,2264,705,0.3113957597173145,1946,HellaSwag,0.5,validation,discovery
0.9450129460498745,57165,1561,0.02730691856905449,36216,961,0.02653523304616744,2261,655,0.28969482529854046,1947,HellaSwag,0.5,validation,discovery
0.939517776397459,57175,1718,0.03004809794490599,36221,1099,0.03034151459098313,2265,793,0.3501103752759382,1948,HellaSwag,0.5,validation,discovery
0.9457961351939643,57178,1540,0.026933435936898807,36227,1000,0.02760372098158832,2271,748,0.3293703214442977,1949,HellaSwag,0.5,validation,discovery
0.942318635441326,57172,1637,0.02863289722241657,36219,1088,0.030039482039813357,2264,771,0.340547703180212,1950,HellaSwag,0.5,validation,discovery
0.9439599327356777,57172,1592,0.027845798642692227,36220,997,0.02752622860298178,2265,651,0.28741721854304636,1951,HellaSwag,0.5,validation,discovery
0.9441786736519603,57173,1587,0.0277578577300474,36218,1013,0.027969517919266662,2263,687,0.3035793194874061,1952,HellaSwag,0.5,validation,discovery
0.9405530989613933,57185,1693,0.029605665821456677,36224,1101,0.03039421378091873,2268,811,0.3575837742504409,1953,HellaSwag,0.5,validation,discovery
0.9371524541365103,57176,1786,0.03123688260808731,36217,1207,0.033326890686694095,2261,785,0.3471915081822203,1954,HellaSwag,0.5,validation,discovery
0.9450812406017387,57180,1561,0.027299755159146556,36218,988,0.027279253409906678,2263,715,0.31595227574016793,1955,HellaSwag,0.5,validation,discovery
0.9446583569609917,57172,1572,0.027495977051703632,36225,1031,0.028461007591442374,2270,747,0.3290748898678414,1956,HellaSwag,0.5,validation,discovery
0.9441859549529991,57170,1587,0.027759314325695294,36217,950,0.026230775602617554,2262,692,0.3059239610963749,1957,HellaSwag,0.5,validation,discovery
0.9341516162945309,57180,1874,0.032773697096887024,36222,1211,0.03343272044613771,2267,700,0.30877812086457873,1958,HellaSwag,0.5,validation,discovery
0.9482055939972448,57178,1475,0.0257966350694323,36219,895,0.024710787155912642,2263,688,0.3040212107821476,1959,HellaSwag,0.5,validation,discovery
0.9466011426873165,57182,1522,0.026616767514252737,36222,993,0.02741427861520623,2267,748,0.32995147772386413,1960,HellaSwag,0.5,validation,discovery
0.9415134011692123,57168,1663,0.029089700531766023,36214,1084,0.029933175015187496,2259,718,0.3178397521027003,1961,HellaSwag,0.5,validation,discovery
0.947325249679606,57181,1500,0.02623248981304979,36221,922,0.025454846635929434,2265,697,0.30772626931567326,1962,HellaSwag,0.5,validation,discovery
0.9415339079284915,57174,1662,0.02906915730926645,36218,1070,0.02954332100060743,2262,752,0.33244916003536695,1963,HellaSwag,0.5,validation,discovery
0.9378465277596141,57168,1766,0.030891407780576547,36214,1075,0.029684652344397194,2259,787,0.3483842408145197,1964,HellaSwag,0.5,validation,discovery
0.9381269932639573,57171,1761,0.03080232985254762,36213,1038,0.028663739541048793,2257,750,0.3322995126273815,1965,HellaSwag,0.5,validation,discovery
0.942265241254566,57170,1642,0.028721357355256254,36216,1056,0.0291583830351226,2261,777,0.34365325077399383,1966,HellaSwag,0.5,validation,discovery
0.939499252358915,57173,1719,0.030066639847480453,36220,1159,0.03199889563776919,2266,732,0.323036187113857,1967,HellaSwag,0.5,validation,discovery
0.9393688228058159,57174,1724,0.030153566306363032,36219,1069,0.029514895496838677,2265,753,0.33245033112582784,1968,HellaSwag,0.5,validation,discovery
0.9443091503190161,57172,1581,0.0276533967676485,36216,967,0.026700905677048817,2260,753,0.3331858407079646,1969,HellaSwag,0.5,validation,discovery
0.945020607182581,57181,1566,0.02738671936482398,36225,992,0.027384403036576948,2269,696,0.30674305861613044,1970,HellaSwag,0.5,validation,discovery
0.9420320291058344,57175,1648,0.028823786620026236,36214,1114,0.030761583917821838,2260,736,0.3256637168141593,1971,HellaSwag,0.5,validation,discovery
0.943042759030946,57171,1619,0.02831855311259205,36219,988,0.027278500234683454,2263,718,0.3172779496243924,1972,HellaSwag,0.5,validation,discovery
0.941810126101616,57185,1656,0.02895864300078692,36223,1000,0.027606769179802888,2268,724,0.31922398589065254,1973,HellaSwag,0.5,validation,discovery
0.945224382824607,57169,1557,0.027235039969214083,36216,980,0.027059863043958472,2261,719,0.31800088456435205,1974,HellaSwag,0.5,validation,discovery
0.9452501157517565,57168,1555,0.02720053176602295,36220,1023,0.028244064053009388,2265,714,0.3152317880794702,1975,HellaSwag,0.5,validation,discovery
0.9469466278947001,57174,1509,0.026393115751915205,36221,934,0.025786146158305955,2266,726,0.32038834951456313,1976,HellaSwag,0.5,validation,discovery
0.9345008003319317,57180,1862,0.032563833508219654,36228,1170,0.03229546207353428,2272,744,0.3274647887323944,1977,HellaSwag,0.5,validation,discovery
0.943375503790379,57173,1607,0.02810767320238574,36216,987,0.027253147779986747,2260,658,0.2911504424778761,1978,HellaSwag,0.5,validation,discovery
0.9417844452515594,57186,1655,0.02894064980939391,36226,1098,0.030309722298901342,2270,780,0.3436123348017621,1979,HellaSwag,0.5,validation,discovery
0.9356835724138337,57172,1828,0.031973693416357654,36220,1159,0.03199889563776919,2264,827,0.3652826855123675,1980,HellaSwag,0.5,validation,discovery
0.9439764152175437,57170,1594,0.027881756165821236,36214,988,0.02728226652675761,2258,750,0.33215234720992026,1981,HellaSwag,0.5,validation,discovery
0.9432417384758566,57185,1616,0.028259158870333128,36227,1076,0.02970160377618903,2272,766,0.3371478873239437,1982,HellaSwag,0.5,validation,discovery
0.9448291218301337,57164,1566,0.027394863900356867,36216,952,0.026286724099845372,2260,703,0.3110619469026549,1983,HellaSwag,0.5,validation,discovery
0.9473325886635774,57178,1499,0.026216376928189164,36218,919,0.025374123364073114,2263,661,0.2920901458241273,1984,HellaSwag,0.5,validation,discovery
0.9485547800040188,57178,1463,0.025586764140053866,36218,922,0.02545695510519631,2263,623,0.2752982766239505,1985,HellaSwag,0.5,validation,discovery
0.9442281630723549,57167,1582,0.027673308027358443,36219,1007,0.027803086777658137,2263,775,0.3424657534246575,1986,HellaSwag,0.5,validation,discovery
0.9441971085397505,57175,1588,0.027774376912986447,36219,965,0.026643474419503575,2264,734,0.32420494699646646,1987,HellaSwag,0.5,validation,discovery
0.9469466374215029,57174,1508,0.0263756252842201,36217,930,0.025678548747825606,2261,685,0.30296329057938964,1988,HellaSwag,0.5,validation,discovery
0.9370689445011882,57167,1788,0.031276785558101705,36220,1216,0.03357261181667587,2266,835,0.3684907325684025,1989,HellaSwag,0.5,validation,discovery
0.9442135980413895,57173,1584,0.027705385409196648,36214,1019,0.02813828905947976,2259,773,0.3421868083222665,1990,HellaSwag,0.5,validation,discovery
0.944685995109625,57175,1574,0.027529514648010494,36221,928,0.025620496397117692,2266,697,0.30759046778464255,1991,HellaSwag,0.5,validation,discovery
0.9409258838777393,57180,1681,0.02939839104582022,36225,1076,0.029703243616287095,2269,715,0.3151167915381225,1992,HellaSwag,0.5,validation,discovery
0.9460929574643269,57179,1533,0.026810542331975027,36220,982,0.027112092766427388,2264,712,0.31448763250883394,1993,HellaSwag,0.5,validation,discovery
0.945233614776522,57170,1554,0.02718208850795872,36222,1039,0.02868422505659544,2266,769,0.3393645189761695,1994,HellaSwag,0.5,validation,discovery
0.9407379068857915,57171,1683,0.029438001784121322,36219,1089,0.030067091857864655,2265,760,0.3355408388520971,1995,HellaSwag,0.5,validation,discovery
0.9460037765146776,57174,1535,0.026847867911987965,36222,987,0.02724863342719894,2266,766,0.3380406001765225,1996,HellaSwag,0.5,validation,discovery
0.9473840657947769,57176,1496,0.02616482440184693,36218,949,0.0262024407753051,2263,714,0.31551038444542645,1997,HellaSwag,0.5,validation,discovery
0.9409423231341005,57178,1681,0.029399419357095388,36218,1058,0.02921199403611464,2262,679,0.3001768346595933,1998,HellaSwag,0.5,validation,discovery
0.9446399235960529,57170,1573,0.027514430645443413,36220,971,0.02680839315295417,2265,688,0.30375275938189844,1999,HellaSwag,0.5,validation,discovery
