replicate,family_score_shift_range_points,family_percentile_shift_range,kendall_tau_b,all_eligible_pairs,all_flips,all_flip_rate,cross_family_eligible_pairs,cross_family_flips,cross_family_flip_rate,close_cross_family_eligible_pairs,close_cross_family_flips,close_cross_family_flip_rate,benchmark,anchor_fraction,audit_half,target_half
0,1.3253543769511698,0.07173018094246289,0.8933809696569864,55452,2865,0.05166630599437351,35104,1633,0.04651891522333637,2810,1055,0.37544483985765126,WinoGrande,0.5,discovery,validation
1,0.5859068996161438,0.025392964071856296,0.9074696102211492,55446,2477,0.044674097319914875,35102,1413,0.040254116574554154,2794,913,0.32677165354330706,WinoGrande,0.5,discovery,validation
2,1.2244999738065654,0.01998104201433199,0.9069447364281464,55456,2488,0.04486439699942297,35106,1322,0.03765738050475702,2802,942,0.3361884368308351,WinoGrande,0.5,discovery,validation
3,1.0559915303612417,0.04674075761520437,0.9152462379887423,55446,2261,0.04077841503444793,35104,1220,0.0347538742023701,2800,862,0.3078571428571429,WinoGrande,0.5,discovery,validation
4,0.6383930260431558,0.04587648473544714,0.9053991626210534,55437,2528,0.045601313202373865,35084,1510,0.04303956219359252,2798,1016,0.3631165117941387,WinoGrande,0.5,discovery,validation
5,2.7042337039596664,0.18004303892215573,0.8808048367099268,55473,3226,0.05815441746435203,35104,2028,0.05777119416590702,2801,1076,0.3841485183862906,WinoGrande,0.5,discovery,validation
6,0.9153288938080173,0.046836654559732994,0.8894374277069216,55452,2979,0.05372213806535382,35090,1696,0.048332858364206324,2806,1042,0.3713471133285816,WinoGrande,0.5,discovery,validation
7,0.8087852784615246,0.0576815119760479,0.9006956222046406,55413,2655,0.047912944615884356,35097,1546,0.044049348947203464,2810,993,0.35338078291814945,WinoGrande,0.5,discovery,validation
8,0.45658217205824575,0.031961891434522244,0.9134630619981334,55444,2307,0.041609551980376594,35107,1245,0.035463013074315666,2800,930,0.33214285714285713,WinoGrande,0.5,discovery,validation
9,1.116289719413409,0.026702844311377247,0.9073428112785653,55458,2478,0.04468246240398139,35113,1437,0.040925013527753254,2815,1016,0.36092362344582596,WinoGrande,0.5,discovery,validation
10,1.9285992598312103,0.06168234183806298,0.9159512657610911,55433,2235,0.040318943589558565,35094,1233,0.03513421097623525,2800,905,0.32321428571428573,WinoGrande,0.5,discovery,validation
11,0.8221348710916301,0.043368426191096085,0.8946562029309462,55423,2822,0.050917489129061945,35079,1642,0.04680863194503834,2810,1014,0.3608540925266904,WinoGrande,0.5,discovery,validation
12,1.2769236290577686,0.0948160032394228,0.8964556762349057,55475,2788,0.050256872465074355,35097,1702,0.04849417329116449,2817,1140,0.40468583599574015,WinoGrande,0.5,discovery,validation
13,0.9967322895561881,0.04104655976713715,0.8926751152195,55446,2883,0.05199653717130181,35087,1701,0.04847949382962351,2804,1031,0.36768901569186874,WinoGrande,0.5,discovery,validation
14,1.1503895127531418,0.088061377245509,0.9010113902164918,55445,2653,0.04784921994769591,35103,1572,0.04478249722245962,2802,1024,0.3654532476802284,WinoGrande,0.5,discovery,validation
15,0.7604820374194824,0.026058597091531216,0.910463100158965,55441,2390,0.04310889053227756,35085,1296,0.03693886276186405,2788,952,0.34146341463414637,WinoGrande,0.5,discovery,validation
16,0.513906595554661,0.031296781437125755,0.9066901744864959,55454,2496,0.04501027878962744,35105,1342,0.038228172624982196,2801,952,0.3398786147804356,WinoGrande,0.5,discovery,validation
17,1.3785483803341618,0.11447954500834398,0.8949747455231213,55470,2825,0.05092842978186407,35107,1893,0.053920870481670324,2815,1122,0.3985790408525755,WinoGrande,0.5,discovery,validation
18,1.1855984803697812,0.0364029602946637,0.9162209217047508,55398,2215,0.03998339290227084,35084,1276,0.03636985520465169,2790,930,0.3333333333333333,WinoGrande,0.5,discovery,validation
19,0.8182765028523448,0.02734575491873396,0.9166451271419407,55424,2214,0.0399465935334873,35092,1221,0.03479425510087769,2800,919,0.32821428571428574,WinoGrande,0.5,discovery,validation
20,0.9044276323019549,0.05425426321270502,0.9119473375507221,55460,2352,0.0424089433826181,35093,1354,0.03858319322941897,2794,946,0.33858267716535434,WinoGrande,0.5,discovery,validation
21,0.9624442125965808,0.08373877245508983,0.909345549870138,55375,2403,0.043395033860045146,35070,1478,0.04214428286284574,2791,1006,0.3604442852024364,WinoGrande,0.5,discovery,validation
22,1.4482062931473707,0.08817365269461078,0.8785010975835182,55430,3273,0.05904744723074148,35079,2013,0.05738476011288805,2810,1140,0.40569395017793597,WinoGrande,0.5,discovery,validation
23,1.0181224396094208,0.045257698887938395,0.9072962441365245,55493,2491,0.04488854450110825,35120,1368,0.03895216400911162,2813,965,0.3430501244223249,WinoGrande,0.5,discovery,validation
24,1.2023817849399974,0.06922717065868264,0.8888151917726016,55410,2982,0.05381700054141852,35059,1923,0.05485039504834707,2806,1113,0.39665003563791873,WinoGrande,0.5,discovery,validation
25,0.8699632079158562,0.03516580968497786,0.8972554992105851,55441,2757,0.04972854024999549,35096,1426,0.040631410987007066,2806,944,0.33642195295794725,WinoGrande,0.5,discovery,validation
26,0.9901867528344732,0.019216200528380162,0.903375905452148,55431,2583,0.04659847377821075,35096,1369,0.039007294278550264,2798,920,0.3288062902072909,WinoGrande,0.5,discovery,validation
27,1.0921468034727748,0.041972305389221566,0.8995371546396442,55429,2691,0.04854859369644049,35101,1475,0.04202159482635822,2806,1018,0.36279401282965074,WinoGrande,0.5,discovery,validation
28,1.2255566996606206,0.07614146706586827,0.904298257060483,55407,2553,0.0460772104607721,35089,1578,0.04497135854541309,2795,994,0.3556350626118068,WinoGrande,0.5,discovery,validation
29,1.2833303801520173,0.045505567624551324,0.9159534349649907,55482,2247,0.0404996214988645,35128,1329,0.037833067638351175,2823,937,0.33191640099185266,WinoGrande,0.5,discovery,validation
30,1.8069695183479326,0.11256549401197605,0.8682527855987145,55418,3553,0.06411274315204446,35063,2403,0.06853378204945385,2819,1241,0.4402270308620078,WinoGrande,0.5,discovery,validation
31,0.5998943304155651,0.04424588323353293,0.9119309886951611,55457,2354,0.04244730151288385,35098,1292,0.03681121431420594,2801,927,0.33095323098893253,WinoGrande,0.5,discovery,validation
32,0.43006566393253765,0.023577844311377244,0.9096784152935926,55422,2406,0.0434123633214247,35069,1274,0.0363283811913656,2779,923,0.33213386110111554,WinoGrande,0.5,discovery,validation
33,1.0350227918012775,0.038696027149448184,0.9033423829495734,55440,2583,0.04659090909090909,35083,1516,0.04321181198871248,2799,934,0.33369060378706683,WinoGrande,0.5,discovery,validation
34,0.5797760256874144,0.027444398444735625,0.8926554844504255,55438,2886,0.052058155056098704,35120,1508,0.042938496583143505,2818,1000,0.35486160397445,WinoGrande,0.5,discovery,validation
35,0.6310137007365738,0.05098716501423382,0.881850073676791,55434,3179,0.05734747627809648,35075,1969,0.056136849607982896,2810,1115,0.39679715302491103,WinoGrande,0.5,discovery,validation
36,1.0106360013758566,0.04913584715814273,0.8895550544850416,55442,2974,0.053641643519353556,35110,1638,0.04665337510680718,2809,983,0.34994660021359913,WinoGrande,0.5,discovery,validation
37,0.9184360330606933,0.05210685187003043,0.8967010654809289,55437,2771,0.04998466727997547,35078,1600,0.045612634699811846,2794,964,0.345025053686471,WinoGrande,0.5,discovery,validation
38,0.980061369013779,0.058175768029159095,0.8931819592441692,55440,2870,0.05176767676767677,35092,1486,0.04234583380827539,2801,959,0.3423777222420564,WinoGrande,0.5,discovery,validation
39,0.9857671504844728,0.05641841317365269,0.9107485091294831,55447,2379,0.04290583800746659,35101,1357,0.038659867240249564,2797,956,0.34179478012155884,WinoGrande,0.5,discovery,validation
40,0.996652738246169,0.03265222272845613,0.8976861818502063,55433,2743,0.04948315985063049,35087,1465,0.041753355943796845,2798,997,0.35632594710507504,WinoGrande,0.5,discovery,validation
41,0.7128960129191645,0.027812057384060923,0.9138808478785597,55481,2302,0.041491681837025285,35108,1315,0.03745585051840036,2808,920,0.32763532763532766,WinoGrande,0.5,discovery,validation
42,0.8643929895197433,0.051032445977609975,0.889333769156231,55454,2981,0.05375626645507989,35102,1666,0.04746168309498034,2811,1014,0.3607257203842049,WinoGrande,0.5,discovery,validation
43,0.8210895117540615,0.04240269461077844,0.8926409275302944,55460,2886,0.05203750450775334,35090,1786,0.05089769165004275,2822,1151,0.40786676116229625,WinoGrande,0.5,discovery,validation
44,1.038752929330751,0.06241870766663393,0.8916680339350278,55469,2916,0.05256990391029224,35096,1786,0.0508889901983132,2811,1066,0.3792244752757026,WinoGrande,0.5,discovery,validation
45,1.081341688295463,0.05348268626681066,0.8855973699783821,55442,3079,0.055535514591825694,35088,2018,0.057512539899680803,2820,1084,0.3843971631205674,WinoGrande,0.5,discovery,validation
46,0.20438654204120313,0.03492349317757927,0.9008866486200419,55476,2664,0.048020765736534715,35094,1561,0.04448053798370092,2810,1052,0.37437722419928826,WinoGrande,0.5,discovery,validation
47,1.448169506706589,0.07032185628742514,0.883247788004773,55428,3139,0.05663202713430036,35089,1946,0.055458975747385224,2818,1120,0.397444996451384,WinoGrande,0.5,discovery,validation
48,1.1035674322879607,0.019314050470487586,0.9160768860365677,55436,2231,0.04024460639295765,35096,1153,0.03285274675176658,2795,842,0.3012522361359571,WinoGrande,0.5,discovery,validation
49,0.8510454641937127,0.051193594952951234,0.8980596433360176,55478,2745,0.04947907278560871,35124,1645,0.04683407356793076,2825,1050,0.37168141592920356,WinoGrande,0.5,discovery,validation
50,0.7936196620515337,0.005826973102974389,0.9171536734007396,55461,2210,0.03984782099132724,35107,1152,0.03281396872418606,2799,855,0.3054662379421222,WinoGrande,0.5,discovery,validation
51,0.586489489934729,0.029765197865139273,0.9003608836567297,55428,2665,0.048080392581366815,35086,1440,0.04104201105854187,2797,978,0.3496603503754022,WinoGrande,0.5,discovery,validation
52,1.5334190289986922,0.0847394884144754,0.91337298536283,55462,2314,0.041722260286322164,35093,1407,0.04009346593337703,2801,951,0.3395215994287754,WinoGrande,0.5,discovery,validation
53,0.5076075356475827,0.029722984536984475,0.8896387840668702,55454,2972,0.053593969776751904,35086,1655,0.04716981132075472,2798,1023,0.3656182987848463,WinoGrande,0.5,discovery,validation
54,0.5756081270647767,0.05296103489741828,0.8832156059655673,55424,3140,0.05665415704387991,35088,2008,0.05722754217966256,2823,1156,0.40949344668792065,WinoGrande,0.5,discovery,validation
55,1.6065777576853588,0.10645583832335331,0.9019295683500933,55422,2625,0.047363862725993286,35083,1590,0.04532109568736995,2790,1029,0.3688172043010753,WinoGrande,0.5,discovery,validation
56,0.8896875362434652,0.09083421272209681,0.8795162452710941,55419,3241,0.05848174813692055,35078,2101,0.05989509094019043,2815,1160,0.41207815275310833,WinoGrande,0.5,discovery,validation
57,1.3397628027947985,0.09800914475397035,0.901305898234034,55413,2632,0.04749787955894826,35087,1653,0.047111465785048594,2791,985,0.35292010032246507,WinoGrande,0.5,discovery,validation
58,1.4262641992946603,0.061015724698144695,0.8799520839602143,55431,3233,0.05832476412115964,35066,2063,0.058831916956596134,2810,1149,0.4088967971530249,WinoGrande,0.5,discovery,validation
59,0.754327164261831,0.06509128482166104,0.9119305960693038,55481,2358,0.0425010363908365,35114,1319,0.03756336503958535,2810,924,0.3288256227758007,WinoGrande,0.5,discovery,validation
60,0.9824613109807833,0.0499015555844832,0.9100619117569831,55421,2398,0.04326879702639794,35067,1370,0.039068069695154986,2790,959,0.34372759856630825,WinoGrande,0.5,discovery,validation
61,0.8945163141135856,0.045843135158254916,0.9129940041383631,55470,2327,0.04195060393005228,35113,1377,0.03921624469569675,2808,962,0.3425925925925926,WinoGrande,0.5,discovery,validation
62,1.469019058177541,0.04176585353882399,0.9081503442810672,55474,2462,0.044381151530446694,35113,1310,0.03730811949990032,2815,942,0.3346358792184725,WinoGrande,0.5,discovery,validation
63,0.7066255738720347,0.054049585255718055,0.8861562004362792,55393,3049,0.05504305598180276,35040,1962,0.055993150684931506,2801,1171,0.4180649767940021,WinoGrande,0.5,discovery,validation
64,1.323429924455963,0.04740964499572283,0.9081649572655713,55471,2462,0.04438355176578753,35106,1336,0.038056172734005585,2800,924,0.33,WinoGrande,0.5,discovery,validation
65,0.2383766703523057,0.01394354148845166,0.9038326749872271,55431,2573,0.04641806931139615,35104,1411,0.04019484958979034,2799,959,0.3426223651304037,WinoGrande,0.5,discovery,validation
66,2.0113972576932135,0.09646332335329341,0.9067829598246203,55446,2489,0.044890524113551926,35094,1565,0.04459451758135294,2798,1027,0.367047891350965,WinoGrande,0.5,discovery,validation
67,0.662994129745054,0.0232490376390077,0.9135691663725052,55441,2302,0.04152161757544056,35081,1218,0.03471964881274764,2792,894,0.3202005730659026,WinoGrande,0.5,discovery,validation
68,0.6550945664010775,0.039230913173652696,0.9120438593769903,55443,2347,0.04233176415417636,35095,1228,0.03499073942157002,2795,924,0.33059033989266545,WinoGrande,0.5,discovery,validation
69,0.6697110196833752,0.0121404512403764,0.9131458078719881,55413,2305,0.041596737227726346,35074,1216,0.03466955579631636,2785,927,0.33285457809694796,WinoGrande,0.5,discovery,validation
70,1.3874462821005158,0.10494093335068995,0.9197174393102097,55490,2146,0.03867363488916922,35118,1291,0.0367617745885301,2808,862,0.306980056980057,WinoGrande,0.5,discovery,validation
71,1.5986293461366763,0.07501748552076176,0.9063811091210618,55426,2495,0.04501497492151698,35074,1456,0.04151223128243143,2782,977,0.3511861969805895,WinoGrande,0.5,discovery,validation
72,0.578970778487485,0.04795173996269756,0.9123075372883851,55467,2342,0.04222330394649071,35103,1303,0.03711933452981227,2803,952,0.3396361041740992,WinoGrande,0.5,discovery,validation
73,1.448705982125151,0.09429143761657015,0.9037886762931873,55432,2573,0.04641723192379853,35089,1469,0.04186497192852461,2797,954,0.3410797282803003,WinoGrande,0.5,discovery,validation
74,1.9618059552442293,0.08171293282999219,0.9053837917592262,55455,2530,0.04562257686412406,35092,1500,0.04274478513621338,2803,1022,0.3646093471280771,WinoGrande,0.5,discovery,validation
75,1.0482551432086198,0.08326160179640718,0.8999597011103722,55414,2676,0.04829104558414841,35075,1503,0.04285103349964362,2787,992,0.3559382848941514,WinoGrande,0.5,discovery,validation
76,1.0386764489352738,0.05067097946963216,0.9177689461017338,55461,2193,0.03954129929139395,35113,1195,0.03403297923845869,2804,894,0.318830242510699,WinoGrande,0.5,discovery,validation
77,1.977834720852456,0.05633821642429426,0.9196379668224035,55496,2150,0.03874153092114747,35123,1204,0.03427953193064374,2816,904,0.3210227272727273,WinoGrande,0.5,discovery,validation
78,1.1761073071608688,0.058533747721947416,0.9054653852976096,55463,2535,0.04570614643996899,35115,1475,0.042004841235939054,2814,988,0.35110163468372424,WinoGrande,0.5,discovery,validation
79,1.4770421117056776,0.07454113512106222,0.9026801956671836,55444,2609,0.047056489430777,35104,1422,0.04050820419325433,2802,961,0.34296930763740185,WinoGrande,0.5,discovery,validation
80,1.1038930223463712,0.05778443113772455,0.9087245366571965,55489,2455,0.04424300311773505,35109,1381,0.03933464353869378,2801,997,0.355944305605141,WinoGrande,0.5,discovery,validation
81,1.1518903198713675,0.08599648529028897,0.8965852336537268,55418,2773,0.05003789382511097,35106,1549,0.044123511650430124,2812,1005,0.35739687055476527,WinoGrande,0.5,discovery,validation
82,1.9748821096380476,0.07555870402053037,0.9064498338394953,55438,2502,0.04513149825029763,35089,1350,0.03847359571375645,2788,919,0.32962697274031566,WinoGrande,0.5,discovery,validation
83,0.6476151092527433,0.04500374251497008,0.9021621759816351,55410,2612,0.047139505504421586,35072,1390,0.03963275547445255,2784,922,0.3311781609195402,WinoGrande,0.5,discovery,validation
84,0.40823304818322326,0.024794161676646696,0.9162241281227927,55427,2226,0.040160932397567975,35081,1191,0.03395000142527294,2784,914,0.32830459770114945,WinoGrande,0.5,discovery,validation
85,0.8782343824377357,0.015580519289290246,0.9168753986650419,55401,2198,0.0396743741087706,35090,1208,0.03442576232544885,2794,879,0.31460272011453116,WinoGrande,0.5,discovery,validation
86,0.5239773749543392,0.041448760088518596,0.9073274944498196,55432,2473,0.04461321980083706,35089,1382,0.039385562426971416,2789,995,0.3567586948727142,WinoGrande,0.5,discovery,validation
87,0.6894283255987459,0.056611674192598424,0.9062954386932776,55458,2511,0.04527750730282376,35093,1494,0.04257259282477987,2801,975,0.34808996786861834,WinoGrande,0.5,discovery,validation
88,1.5615198362417402,0.03396157994569867,0.9167252553731836,55453,2218,0.03999783600526572,35106,1346,0.03834102432632598,2800,932,0.33285714285714285,WinoGrande,0.5,discovery,validation
89,0.5916715692111241,0.025725722468107254,0.9119766407578038,55456,2353,0.0424300346220427,35111,1280,0.03645581156902395,2817,958,0.34007809726659566,WinoGrande,0.5,discovery,validation
90,0.33574986442733357,0.03007517573548555,0.8849768949792799,55433,3098,0.05588728735590713,35100,1647,0.04692307692307692,2801,1052,0.3755801499464477,WinoGrande,0.5,discovery,validation
91,0.5446655921468364,0.03174454662104363,0.9102982958431465,55452,2395,0.04319050710524418,35090,1257,0.035822171558848676,2789,908,0.32556471853711005,WinoGrande,0.5,discovery,validation
92,1.065629500279035,0.05343375748502994,0.9008624347871814,55457,2660,0.0479650900697838,35103,1499,0.04270290288579324,2800,966,0.345,WinoGrande,0.5,discovery,validation
93,1.8096797695534528,0.12344317512515951,0.9041087536704194,55471,2574,0.0464026247949379,35104,1579,0.0449806289881495,2797,976,0.34894529853414374,WinoGrande,0.5,discovery,validation
94,0.7764744219095077,0.014425554628448016,0.910542965800612,55450,2392,0.04313796212804328,35107,1362,0.03879568177286581,2804,955,0.3405848787446505,WinoGrande,0.5,discovery,validation
95,0.5816772778365304,0.04954691027780504,0.8982567526725245,55450,2732,0.04926961226330027,35092,1703,0.04852957939131426,2807,1021,0.36373352333452086,WinoGrande,0.5,discovery,validation
96,0.7639796774713826,0.016508500855432,0.9043814348230509,55441,2557,0.04612110171172959,35097,1436,0.04091517793543608,2812,979,0.3481507823613087,WinoGrande,0.5,discovery,validation
97,1.5561343168244863,0.07369093335068992,0.8986058304503368,55479,2724,0.04909965933055751,35112,1747,0.049755069491911594,2819,1140,0.4043987229514012,WinoGrande,0.5,discovery,validation
98,0.8413024101871055,0.07171594311377245,0.9143485375851542,55449,2283,0.041172969755991995,35095,1303,0.037127795982333664,2800,961,0.3432142857142857,WinoGrande,0.5,discovery,validation
99,1.5400811174179527,0.0956680389221557,0.9084700902347577,55481,2457,0.04428543104846704,35105,1473,0.04195983478137018,2795,992,0.3549194991055456,WinoGrande,0.5,discovery,validation
100,1.207287936504777,0.06393718710120742,0.9111695247246449,55435,2370,0.04275277351853522,35089,1355,0.03861609051269629,2791,915,0.32783948405589397,WinoGrande,0.5,discovery,validation
101,0.23259618554743255,0.0195147614606852,0.9075763226780734,55389,2456,0.04434093412049324,35084,1409,0.04016075704024626,2790,988,0.3541218637992832,WinoGrande,0.5,discovery,validation
102,0.7414028866197943,0.05903817365269461,0.9092770480674237,55425,2416,0.04359043752819125,35080,1362,0.03882554161915622,2803,945,0.3371387798787014,WinoGrande,0.5,discovery,validation
103,1.4385018671765637,0.05959955089820358,0.914280310165419,55444,2284,0.04119471899574345,35111,1253,0.03568682179373985,2813,915,0.3252755065766086,WinoGrande,0.5,discovery,validation
104,1.2166968018922708,0.07001524614705017,0.8782931394624311,55391,3263,0.05890848693831128,35058,2190,0.06246791032004107,2825,1172,0.41486725663716817,WinoGrande,0.5,discovery,validation
105,0.5219978411880251,0.0613678892215569,0.9089542284157219,55456,2437,0.04394474899019042,35102,1466,0.04176400205116518,2805,1013,0.3611408199643494,WinoGrande,0.5,discovery,validation
106,2.0348521527153607,0.06791037490236917,0.9078971319509169,55449,2458,0.04432902306624105,35101,1429,0.040711090852112476,2810,967,0.34412811387900355,WinoGrande,0.5,discovery,validation
107,0.7451599947900165,0.0446570997349563,0.9029123930739285,55451,2600,0.04688824367459559,35090,1461,0.04163579367341123,2804,1017,0.36269614835948644,WinoGrande,0.5,discovery,validation
108,0.48325369905987187,0.035586435824004156,0.9123900969412243,55432,2334,0.04210564294992062,35082,1418,0.040419588392908046,2795,973,0.3481216457960644,WinoGrande,0.5,discovery,validation
109,1.6031639488319327,0.08544161676646705,0.9087892629729848,55431,2431,0.043856325882628854,35099,1404,0.040001139633607796,2800,949,0.3389285714285714,WinoGrande,0.5,discovery,validation
110,0.7431205050731373,0.04154191616766468,0.8896288192609569,55464,2976,0.05365642578970143,35123,1616,0.046009737209236116,2818,973,0.3452803406671398,WinoGrande,0.5,discovery,validation
111,0.847169545010242,0.0547790288987243,0.904216964856978,55473,2570,0.04632884466316947,35113,1407,0.040070629111725,2816,979,0.34765625,WinoGrande,0.5,discovery,validation
112,0.5225720437136354,0.038922155688622756,0.897197451533151,55498,2776,0.0500198205340733,35122,1461,0.04159785889186265,2814,1000,0.35536602700781805,WinoGrande,0.5,discovery,validation
113,0.8215671925109613,0.033420658682634725,0.9136986967383153,55426,2294,0.04138851802403204,35078,1302,0.03711728148697189,2791,941,0.33715514152633463,WinoGrande,0.5,discovery,validation
114,0.5399107927987643,0.028647111514675583,0.8969132850243808,55423,2761,0.04981686303520199,35090,1510,0.043032202906811055,2798,970,0.34667619728377413,WinoGrande,0.5,discovery,validation
115,1.2582755005058444,0.0813460169824286,0.9063307009416953,55482,2516,0.04534804080602718,35109,1660,0.04728132387706856,2823,1078,0.38186326602904713,WinoGrande,0.5,discovery,validation
116,1.124806923146647,0.07682662339255913,0.8655931708497068,55395,3620,0.06534885820019858,35055,2518,0.07182998145770932,2824,1228,0.4348441926345609,WinoGrande,0.5,discovery,validation
117,0.6431167725958715,0.023686745361735543,0.9162959156436047,55429,2223,0.040105360010103015,35087,1136,0.032376663721606296,2792,866,0.31017191977077363,WinoGrande,0.5,discovery,validation
118,0.2563553395342253,0.025384548081314198,0.9122664392517698,55486,2352,0.04238907111703853,35108,1300,0.03702859747066196,2809,956,0.34033463866144537,WinoGrande,0.5,discovery,validation
119,0.584096735687979,0.02917825064157399,0.9138968431695484,55448,2297,0.04142620112537873,35082,1269,0.03617239610056439,2788,940,0.33715925394548063,WinoGrande,0.5,discovery,validation
120,0.6214488382946639,0.03179801112061591,0.9114484812849558,55435,2356,0.04250022548931181,35089,1292,0.03682065604605432,2787,914,0.32795120200932903,WinoGrande,0.5,discovery,validation
121,0.724462410672357,0.05360539167566506,0.9056974320355955,55430,2521,0.04548078657766552,35102,1399,0.039855278901487094,2800,927,0.33107142857142857,WinoGrande,0.5,discovery,validation
122,0.9778406082343344,0.023835810521813522,0.911983439059824,55450,2351,0.04239855725879171,35109,1304,0.037141473696203256,2804,985,0.351283880171184,WinoGrande,0.5,discovery,validation
123,0.864208581101545,0.0622571966722293,0.8901473111878554,55426,2946,0.05315195034821203,35077,1961,0.05590557915443168,2813,1078,0.3832207607536438,WinoGrande,0.5,discovery,validation
124,1.268288217367684,0.035005881094952944,0.9207485153557847,55446,2105,0.03796486671716625,35098,1165,0.0331927745170665,2795,891,0.318783542039356,WinoGrande,0.5,discovery,validation
125,1.3229449329514904,0.06800393777662068,0.8907873795641092,55433,2934,0.05292876084642722,35095,1584,0.045134634563328106,2805,979,0.34901960784313724,WinoGrande,0.5,discovery,validation
126,0.8526759554607926,0.03936846803287834,0.901736258376137,55453,2631,0.047445584549077595,35092,1537,0.043799156502906646,2804,988,0.35235378031383735,WinoGrande,0.5,discovery,validation
127,0.5748418607697245,0.032204341317365284,0.8993680577926543,55474,2708,0.048815661390921875,35107,1467,0.04178653829720569,2811,1001,0.3561010316613305,WinoGrande,0.5,discovery,validation
128,1.5379229924865585,0.127123877245509,0.8902009838516021,55452,2958,0.053343432157541656,35108,1760,0.05013102426797311,2805,1048,0.37361853832442066,WinoGrande,0.5,discovery,validation
129,1.2217833843097237,0.04479389435414884,0.906288033199655,55474,2512,0.0452824746728197,35110,1438,0.04095699230988322,2805,962,0.3429590017825312,WinoGrande,0.5,discovery,validation
130,0.9423520961571277,0.028841906351231954,0.9144899384216838,55421,2269,0.040941159488280615,35085,1209,0.03445917058572039,2787,903,0.3240043057050592,WinoGrande,0.5,discovery,validation
131,2.780704123736351,0.12351636013686912,0.9031430828358303,55410,2581,0.046580039704024544,35077,1582,0.045100778287766916,2791,1021,0.3658187029738445,WinoGrande,0.5,discovery,validation
132,0.7405082023717917,0.033720059880239524,0.9227473447848933,55454,2046,0.03689544487322826,35091,1208,0.03442478128295005,2794,892,0.3192555476020043,WinoGrande,0.5,discovery,validation
133,0.4798310201590926,0.032008506152342506,0.9042025354365268,55450,2563,0.04622182146077548,35110,1348,0.038393620051267445,2821,942,0.3339241403757533,WinoGrande,0.5,discovery,validation
134,0.7703250935646252,0.02676051585353882,0.9103895326419084,55470,2400,0.04326663061114116,35111,1305,0.03716783913873145,2805,940,0.33511586452762926,WinoGrande,0.5,discovery,validation
135,0.6035923857892838,0.027713323353293424,0.912503297341053,55463,2339,0.04217225898346646,35116,1224,0.03485590613965144,2811,924,0.3287086446104589,WinoGrande,0.5,discovery,validation
136,1.2756692176896542,0.05604009372559231,0.9128357090595524,55477,2334,0.042071489085566995,35122,1303,0.03709925402881385,2811,932,0.33155460690145855,WinoGrande,0.5,discovery,validation
137,0.7422753089626684,0.07405501497005987,0.8986716922593659,55458,2724,0.04911825164989722,35103,1580,0.04501039797168333,2801,1050,0.37486611924312746,WinoGrande,0.5,discovery,validation
138,2.0101617995264434,0.09630292985457657,0.8963480414211894,55385,2769,0.04999548614245734,35070,1610,0.04590818363273453,2786,1016,0.3646805455850682,WinoGrande,0.5,discovery,validation
139,1.8396003130132517,0.11344295105441292,0.9022938240294432,55423,2612,0.04712844847806867,35091,1573,0.0448263087401328,2790,1040,0.3727598566308244,WinoGrande,0.5,discovery,validation
140,0.6794040149218648,0.061414670658682634,0.9198547527005467,55433,2128,0.03838868544008082,35095,1197,0.03410742270978772,2786,875,0.314070351758794,WinoGrande,0.5,discovery,validation
141,1.4862005179445408,0.08048554530283694,0.8740120395055333,55433,3398,0.06129922609276063,35062,2309,0.06585477154754435,2824,1153,0.40828611898017,WinoGrande,0.5,discovery,validation
142,0.9193309852984272,0.0664337086696173,0.9156805559623534,55433,2244,0.04048130175166417,35093,1291,0.036787963411506565,2791,898,0.3217484772482981,WinoGrande,0.5,discovery,validation
143,0.3346191320760182,0.04013847305389222,0.9061241358178622,55454,2510,0.045262740289248746,35091,1396,0.03978228035678664,2800,925,0.33035714285714285,WinoGrande,0.5,discovery,validation
144,1.2977628551348916,0.06599403651712968,0.8845127911885713,55446,3110,0.056090610684269376,35084,1789,0.05099190514194504,2799,1068,0.3815648445873526,WinoGrande,0.5,discovery,validation
145,1.4622993853421253,0.05011135515853539,0.8971138408798973,55469,2770,0.04993780309722548,35114,1564,0.044540639061343056,2812,1016,0.3613086770981508,WinoGrande,0.5,discovery,validation
146,0.8318709735777172,0.04363691096068731,0.907907753448857,55492,2473,0.04456498233979673,35112,1375,0.039160401002506263,2806,952,0.33927298645759085,WinoGrande,0.5,discovery,validation
147,0.47000718679454484,0.01409425002454108,0.9265828037788999,55459,1946,0.03508898465533097,35103,1041,0.029655584992735663,2799,811,0.2897463379778492,WinoGrande,0.5,discovery,validation
148,0.45987676425795054,0.03310378530181262,0.9148422535721694,55462,2275,0.04101907612419314,35091,1280,0.036476589438887465,2797,911,0.32570611369324276,WinoGrande,0.5,discovery,validation
149,0.9720895164686605,0.06252806886227544,0.9021244506223672,55473,2632,0.04744650550718368,35133,1610,0.04582586172544331,2831,1062,0.3751324620275521,WinoGrande,0.5,discovery,validation
150,1.037235371104869,0.06835703592814371,0.8978582601255618,55429,2737,0.04937848418697793,35081,1479,0.042159573558336425,2789,940,0.33703836500537826,WinoGrande,0.5,discovery,validation
151,1.6649426747410565,0.08058436698032508,0.9114291137702832,55430,2357,0.04252209994587768,35089,1396,0.03978454786400296,2783,946,0.33992094861660077,WinoGrande,0.5,discovery,validation
152,1.5412731377210527,0.10250016271804217,0.8770041583635305,55459,3321,0.0598820750464307,35101,2136,0.060852967151932995,2821,1140,0.4041120170152428,WinoGrande,0.5,discovery,validation
153,0.6612873125819098,0.05650261976047905,0.9098513230530324,55458,2413,0.04351040426989794,35118,1378,0.03923913662509255,2811,991,0.3525435787975809,WinoGrande,0.5,discovery,validation
154,0.5538335004183836,0.03182073353293414,0.908442056205102,55457,2448,0.04414230845519952,35118,1385,0.039438464605045846,2807,938,0.3341645885286783,WinoGrande,0.5,discovery,validation
155,1.402677652640204,0.0441923529989202,0.9074074151600124,55433,2468,0.04452221600851478,35100,1483,0.04225071225071225,2822,998,0.35364989369241673,WinoGrande,0.5,discovery,validation
156,1.089754385564272,0.024465705591159608,0.9108465040556993,55435,2377,0.042879047533146926,35086,1320,0.03762184347033005,2792,954,0.34169054441260743,WinoGrande,0.5,discovery,validation
157,1.3327061336470005,0.041906811377245515,0.909247941465088,55473,2431,0.04382312115804085,35109,1339,0.038138369079153495,2811,940,0.3344005691924582,WinoGrande,0.5,discovery,validation
158,0.994775166472232,0.029283952586630017,0.9057841457973012,55440,2519,0.045436507936507935,35104,1415,0.0403087967183227,2809,976,0.34745461018155926,WinoGrande,0.5,discovery,validation
159,1.6397785773516231,0.06076240376390076,0.9094646689512678,55414,2408,0.04345472263326957,35074,1390,0.03963049552374979,2793,919,0.32903687790905833,WinoGrande,0.5,discovery,validation
160,0.305514008617942,0.026641097196707285,0.8972913894305535,55438,2753,0.049659078610339476,35094,1544,0.04399612469367983,2805,959,0.3418894830659537,WinoGrande,0.5,discovery,validation
161,1.3109682994814913,0.10996398596250122,0.892130387790085,55471,2905,0.05236970669358764,35116,1728,0.04920833807950792,2805,1020,0.36363636363636365,WinoGrande,0.5,discovery,validation
162,0.9795176200419299,0.04532452951240376,0.9050355619615362,55437,2535,0.045727582661399424,35102,1386,0.03948492963363911,2803,967,0.344987513378523,WinoGrande,0.5,discovery,validation
163,1.2039767689961365,0.05361152694610778,0.9089283437320995,55481,2442,0.04401506822155332,35104,1464,0.04170464904284412,2817,966,0.34291799787007454,WinoGrande,0.5,discovery,validation
164,0.35876186109142466,0.025776571856287425,0.9033147789686139,55468,2595,0.04678373116030864,35113,1424,0.04055478028080768,2804,958,0.34165477888730383,WinoGrande,0.5,discovery,validation
165,1.0700298722188346,0.0706680389221557,0.8843312642651211,55442,3110,0.05609465747988889,35069,2189,0.06241980096381419,2816,1160,0.4119318181818182,WinoGrande,0.5,discovery,validation
166,1.285884290653174,0.10267915256443633,0.9086466063925484,55508,2460,0.04431793615334727,35129,1518,0.043212160892709725,2819,1000,0.35473572188719404,WinoGrande,0.5,discovery,validation
167,1.143971820492651,0.04684826775021387,0.9116712859661986,55479,2361,0.04255664305412859,35120,1273,0.036247152619589974,2812,894,0.317923186344239,WinoGrande,0.5,discovery,validation
168,0.5487333767301303,0.041882730440757826,0.8932277854661027,55437,2859,0.05157205476486823,35074,1777,0.05066430974511034,2814,1096,0.3894811656005686,WinoGrande,0.5,discovery,validation
169,1.0649069579576766,0.06167420593595419,0.9133776890786197,55455,2310,0.04165539626724371,35114,1308,0.037250099675343165,2806,931,0.33178902352102635,WinoGrande,0.5,discovery,validation
170,1.6530118792801352,0.051323071070972795,0.9075215518305112,55501,2488,0.04482802111673664,35135,1469,0.0418101608083108,2828,1025,0.36244695898161244,WinoGrande,0.5,discovery,validation
171,1.1167969766378212,0.07149423978130695,0.9050628819329176,55430,2537,0.04576943893198629,35090,1433,0.0408378455400399,2797,1003,0.35859849839113334,WinoGrande,0.5,discovery,validation
172,1.6075894704809814,0.10935045891822912,0.896728914844842,55449,2775,0.050045988205377916,35099,1674,0.04769366648622468,2802,1023,0.36509635974304067,WinoGrande,0.5,discovery,validation
173,0.8118048041408439,0.01762189905902481,0.9026189794256378,55452,2609,0.047049700641996685,35111,1407,0.04007291162313805,2807,962,0.3427146419665123,WinoGrande,0.5,discovery,validation
174,0.8468494578018219,0.03263163622861191,0.9176695160456294,55451,2191,0.0395123622657842,35108,1216,0.034635980403326876,2804,917,0.32703281027104136,WinoGrande,0.5,discovery,validation
175,1.5980049268465926,0.02863243068897334,0.9093831942514765,55451,2419,0.04362410055724874,35095,1412,0.040233651517310155,2808,967,0.34437321937321935,WinoGrande,0.5,discovery,validation
176,1.0709789895397215,0.0746070359281437,0.9038546981215002,55415,2566,0.04630515203464766,35090,1406,0.04006839555428897,2796,935,0.3344062947067239,WinoGrande,0.5,discovery,validation
177,1.436644965264275,0.1035112152743693,0.8770656661427432,55473,3328,0.05999314982063346,35088,2141,0.06101801185590515,2813,1144,0.40668325630998936,WinoGrande,0.5,discovery,validation
178,1.5365148351143625,0.02476742942686056,0.9045305726175948,55483,2565,0.046230376872195084,35116,1395,0.03972548126210274,2815,954,0.338898756660746,WinoGrande,0.5,discovery,validation
179,1.1328807958598461,0.07914483532934131,0.8852757672802893,55429,3086,0.055674827256490284,35075,1819,0.051860299358517464,2802,1092,0.3897216274089936,WinoGrande,0.5,discovery,validation
180,1.2409654673327788,0.026476550005578907,0.9197378197790297,55435,2129,0.03840533958690358,35086,1136,0.03237758650173859,2793,851,0.3046902971715002,WinoGrande,0.5,discovery,validation
181,0.7458563535911594,0.032831212574850305,0.9189674841574013,55402,2140,0.0386267643767373,35076,1204,0.03432546470521154,2783,904,0.3248293208767517,WinoGrande,0.5,discovery,validation
182,0.7350172536262685,0.023752699518994794,0.9078640370005742,55422,2456,0.044314532135253146,35086,1320,0.03762184347033005,2799,949,0.33904966059306896,WinoGrande,0.5,discovery,validation
183,0.8332025806164162,0.044923545765611625,0.8916256948843421,55492,2924,0.05269227996828372,35115,1599,0.04553609568560444,2810,1053,0.3747330960854093,WinoGrande,0.5,discovery,validation
184,0.9936865272673515,0.02539909934229901,0.9134525904304661,55463,2312,0.04168544795629519,35111,1297,0.03693999031642505,2811,934,0.3322660974742085,WinoGrande,0.5,discovery,validation
185,1.2838696658070785,0.06669161676646705,0.8949926848433226,55469,2829,0.05100146027510862,35125,1679,0.04780071174377224,2823,1068,0.3783209351753454,WinoGrande,0.5,discovery,validation
186,0.41218756720184674,0.023738895160498673,0.909828492765212,55443,2410,0.043468066302328516,35103,1352,0.03851522661880751,2805,932,0.3322638146167558,WinoGrande,0.5,discovery,validation
187,0.9164384730895913,0.031153531446423938,0.9213065086126516,55460,2092,0.03772087991345113,35102,1182,0.03367329496894764,2804,839,0.2992154065620542,WinoGrande,0.5,discovery,validation
188,1.038972814441513,0.03479465249828211,0.8995857375419763,55446,2693,0.048569779605381815,35107,1472,0.04192896003645997,2809,963,0.34282662869348524,WinoGrande,0.5,discovery,validation
189,0.9218709972091205,0.04732732281338961,0.8807947920440373,55443,3209,0.05787926338762332,35091,1879,0.05354649340286683,2821,1075,0.38107054236086496,WinoGrande,0.5,discovery,validation
190,0.7140690612648289,0.044156388310335845,0.906610756650586,55417,2491,0.044950105563274806,35085,1389,0.03958956819153484,2803,975,0.34784159828754907,WinoGrande,0.5,discovery,validation
191,1.361095422474887,0.06818126042995976,0.860188772058331,55428,3782,0.06823266219239374,35078,2434,0.06938822053708878,2815,1188,0.42202486678507994,WinoGrande,0.5,discovery,validation
192,1.6128980580846688,0.11673118926082263,0.8974213496103984,55440,2751,0.04962121212121212,35081,1765,0.050312134773809185,2792,1063,0.38073065902578795,WinoGrande,0.5,discovery,validation
193,1.0179996888607747,0.0277881736526946,0.9116813961131458,55458,2357,0.04250063110822604,35106,1262,0.03594827095083462,2809,911,0.324314702741189,WinoGrande,0.5,discovery,validation
194,0.5300222966554162,0.022125585784951843,0.9133796058957317,55447,2310,0.041661406388082314,35088,1253,0.03571021431828545,2785,863,0.30987432675044885,WinoGrande,0.5,discovery,validation
195,0.8760977291119363,0.05870993668400902,0.9057333261179115,55430,2519,0.04544470503337543,35085,1485,0.042325780247969215,2796,993,0.3551502145922747,WinoGrande,0.5,discovery,validation
196,0.81039745741378,0.030920495964592544,0.9098969952547067,55472,2410,0.04344534179405826,35107,1292,0.03680177742330589,2801,933,0.3330953230988932,WinoGrande,0.5,discovery,validation
197,0.5733611840367395,0.012846182634730542,0.9171499560255587,55466,2210,0.039844228896981936,35102,1199,0.034157597857671924,2796,923,0.3301144492131617,WinoGrande,0.5,discovery,validation
198,0.779245817693888,0.02746947302828414,0.9146540546690626,55437,2266,0.0408752277359886,35106,1265,0.036033726428530734,2796,920,0.3290414878397711,WinoGrande,0.5,discovery,validation
199,1.2248255638649526,0.09917818052419752,0.8735839145884866,55450,3414,0.061568981064021644,35088,2091,0.059593023255813955,2813,1089,0.38713117667970137,WinoGrande,0.5,discovery,validation
200,1.2076759684921718,0.028965378668891727,0.9090257872377825,55425,2423,0.043716734325665314,35085,1431,0.04078666096622488,2803,1004,0.3581876560827685,WinoGrande,0.5,discovery,validation
201,1.4551734743831053,0.07162906330196747,0.8994315098765925,55451,2697,0.048637535842455504,35100,1508,0.04296296296296296,2803,1015,0.3621120228326793,WinoGrande,0.5,discovery,validation
202,2.3447970173452872,0.11005800898203592,0.8625886391742164,55428,3716,0.06704192826730172,35068,2621,0.0747405041633398,2825,1244,0.44035398230088496,WinoGrande,0.5,discovery,validation
203,0.6671119228682552,0.024672529940119772,0.9152338908768952,55460,2265,0.040840245221781465,35118,1259,0.03585056096588644,2801,887,0.3166726169225277,WinoGrande,0.5,discovery,validation
204,0.6449314637387248,0.038987649700598814,0.9060011940215154,55437,2514,0.04534877428432275,35091,1332,0.03795845088484227,2793,943,0.3376297887576083,WinoGrande,0.5,discovery,validation
205,1.664572483304821,0.04850566723695467,0.9139315390461983,55481,2305,0.041545754402408035,35113,1286,0.03662461196707772,2807,905,0.3224082650516566,WinoGrande,0.5,discovery,validation
206,0.7982454035138581,0.03573695001301744,0.9141336511457075,55440,2285,0.04121572871572871,35099,1231,0.03507222427989402,2803,925,0.3300035676061363,WinoGrande,0.5,discovery,validation
207,0.9097639738521396,0.02199663173652694,0.9081525996025122,55403,2441,0.04405898597548869,35086,1417,0.04038647893746793,2795,953,0.3409660107334526,WinoGrande,0.5,discovery,validation
208,1.2999812348429038,0.06787376334287948,0.9040485672404905,55468,2575,0.046423162904737865,35119,1544,0.04396480537600729,2818,1018,0.36124911284599004,WinoGrande,0.5,discovery,validation
209,1.14037248929923,0.04072658254918733,0.9168875560158797,55464,2217,0.03997187364777153,35103,1274,0.03629319431387631,2801,923,0.32952516958229205,WinoGrande,0.5,discovery,validation
210,0.5914655620273104,0.017299775449101794,0.8950099423416842,55409,2811,0.05073183056904113,35073,1536,0.04379437173894449,2795,1007,0.3602862254025045,WinoGrande,0.5,discovery,validation
211,0.7847170881080667,0.07093001497005988,0.8977881718993345,55455,2748,0.04955369218285096,35120,1568,0.04464692482915718,2813,1024,0.36402417348027016,WinoGrande,0.5,discovery,validation
212,1.7561296799597041,0.02676044916581663,0.9164210835287177,55460,2228,0.04017309772809232,35108,1259,0.03586077247351031,2808,915,0.32585470085470086,WinoGrande,0.5,discovery,validation
213,1.0833961682715771,0.03449157585450218,0.9062331363041403,55444,2509,0.045252867758458985,35098,1368,0.0389765798621004,2795,949,0.3395348837209302,WinoGrande,0.5,discovery,validation
214,0.9950352150760646,0.03754312028117676,0.9030034694356129,55476,2607,0.04699329439757733,35110,1463,0.04166904015949872,2810,955,0.3398576512455516,WinoGrande,0.5,discovery,validation
215,0.782080118905564,0.02384917664670658,0.9166982729528355,55442,2213,0.039915587460769814,35097,1233,0.03513120779553808,2793,891,0.31901181525241673,WinoGrande,0.5,discovery,validation
216,1.0021739564813499,0.046634190635123196,0.9161642337181357,55420,2226,0.04016600505232768,35081,1222,0.034833670647929076,2789,912,0.3269989243456436,WinoGrande,0.5,discovery,validation
217,0.5713882517829948,0.04813579807597919,0.898948483114398,55484,2720,0.049023141806646964,35111,1590,0.04528495343339694,2820,1090,0.38652482269503546,WinoGrande,0.5,discovery,validation
218,1.690597387286977,0.09197230538922156,0.9084746291109087,55451,2449,0.044165118753494076,35101,1469,0.04185065952536965,2802,1003,0.3579586009992862,WinoGrande,0.5,discovery,validation
219,0.8941461226773473,0.04347419291851082,0.9130157055263269,55457,2322,0.04187027787294661,35111,1295,0.036883028110848454,2814,926,0.3290689410092395,WinoGrande,0.5,discovery,validation
220,1.5324098997768105,0.04872184977870347,0.8956942746419588,55436,2798,0.05047261707193881,35103,1544,0.043984844600176626,2805,1060,0.3778966131907308,WinoGrande,0.5,discovery,validation
221,0.9571841746894284,0.031855543571242595,0.8853934540294757,55434,3086,0.05566980553450951,35085,1784,0.050847940715405444,2813,1061,0.37717739068610023,WinoGrande,0.5,discovery,validation
222,2.7937374220236,0.11770209580838323,0.8898221763960933,55467,2971,0.05356338002776426,35099,1781,0.05074218638707655,2806,1061,0.3781183178902352,WinoGrande,0.5,discovery,validation
223,0.4362081656916138,0.039549026946107804,0.9111351013385256,55447,2374,0.04281566180316338,35094,1344,0.03829714481107881,2795,953,0.3409660107334526,WinoGrande,0.5,discovery,validation
224,1.1706612850049556,0.07447451408658091,0.9095283065629968,55415,2406,0.04341784715329784,35078,1402,0.03996807115571013,2775,961,0.3463063063063063,WinoGrande,0.5,discovery,validation
225,1.1222018879584743,0.05767482891360136,0.899721904086555,55429,2688,0.048494470403579355,35077,1448,0.04128061122672977,2788,966,0.3464849354375897,WinoGrande,0.5,discovery,validation
226,1.0494343521394742,0.09780127245508981,0.9056204513259672,55468,2534,0.04568399798081777,35111,1508,0.04294950300475634,2809,998,0.3552865788536846,WinoGrande,0.5,discovery,validation
227,2.2051299356815535,0.11247477870346265,0.9047531154900307,55433,2545,0.04591128028430718,35091,1584,0.045139779430623236,2803,1015,0.3621120228326793,WinoGrande,0.5,discovery,validation
228,0.4730288331851305,0.02319423652694611,0.9116893917450051,55468,2360,0.042547054157351986,35109,1260,0.035888233786208666,2812,894,0.317923186344239,WinoGrande,0.5,discovery,validation
229,0.9141656339229878,0.03237275449101796,0.918354124270761,55484,2184,0.03936269915651359,35124,1213,0.03453479102607904,2817,900,0.3194888178913738,WinoGrande,0.5,discovery,validation
230,0.9289017463758651,0.03165232035928144,0.9118757732267493,55444,2348,0.04234903686602698,35102,1229,0.035012250014244205,2794,917,0.3282032927702219,WinoGrande,0.5,discovery,validation
231,1.2663981425845314,0.07352007940640456,0.9135387281783987,55429,2301,0.04151256562449259,35087,1364,0.03887479693333713,2791,938,0.33608025797205304,WinoGrande,0.5,discovery,validation
232,0.7607140815715763,0.03177303180524198,0.9053602805704557,55440,2530,0.04563492063492063,35076,1416,0.04036948340745809,2786,953,0.34206748025843503,WinoGrande,0.5,discovery,validation
233,0.5295164782466494,0.03403387896338471,0.9065896094381607,55475,2506,0.04517350157728706,35103,1476,0.042047688231775064,2808,1012,0.3603988603988604,WinoGrande,0.5,discovery,validation
234,0.6586048887577949,0.05154500781046604,0.9046203987953277,55458,2551,0.04599877384687511,35093,1500,0.04274356709315248,2794,973,0.34824624194702936,WinoGrande,0.5,discovery,validation
235,1.9701298693854015,0.07617858545204671,0.907874381866151,55454,2461,0.04437912504057417,35099,1452,0.041368699962961906,2801,1012,0.3612995358800428,WinoGrande,0.5,discovery,validation
236,0.37118707061449113,0.021822813999330525,0.9106586345019492,55468,2391,0.0431059349534867,35105,1251,0.03563594929497223,2804,878,0.3131241084165478,WinoGrande,0.5,discovery,validation
237,1.5923357038823458,0.04587475085466985,0.8999455894812083,55451,2683,0.04838506068420768,35096,1484,0.04228402097105083,2814,1014,0.3603411513859275,WinoGrande,0.5,discovery,validation
238,1.1072474337996174,0.079874625748503,0.9155927287318195,55458,2253,0.04062533809369252,35108,1289,0.036715278568987125,2805,932,0.3322638146167558,WinoGrande,0.5,discovery,validation
239,1.1227906261462475,0.038588002566295965,0.9140412543446625,55427,2285,0.04122539556533819,35078,1246,0.035520839272478476,2778,928,0.33405327573794097,WinoGrande,0.5,discovery,validation
240,0.3562133644282181,0.03490968881908313,0.9124331204072599,55462,2337,0.042136958638346975,35086,1355,0.038619392350225164,2795,1001,0.3581395348837209,WinoGrande,0.5,discovery,validation
241,1.0947114265700029,0.07082096053794053,0.8857391693149587,55447,3078,0.055512471369055134,35110,1719,0.04896041013956138,2811,1017,0.3617929562433298,WinoGrande,0.5,discovery,validation
242,0.7177306369713218,0.042580464071856276,0.9155306969101872,55459,2251,0.04058854288753854,35113,1232,0.035086720018226866,2811,869,0.30914265385983636,WinoGrande,0.5,discovery,validation
243,1.3385631719643691,0.10672850727117193,0.9153808487511339,55394,2241,0.04045564501570567,35069,1326,0.03781117226040093,2769,908,0.3279162152401589,WinoGrande,0.5,discovery,validation
244,1.080859707304514,0.025942590940713006,0.9152078329449178,55425,2251,0.04061344158773117,35076,1293,0.03686281217926787,2795,880,0.3148479427549195,WinoGrande,0.5,discovery,validation
245,0.961977598894327,0.03658831405511957,0.9138984005154551,55443,2294,0.041375827426365815,35096,1259,0.0358730339639845,2805,909,0.3240641711229946,WinoGrande,0.5,discovery,validation
246,1.3967739815636002,0.030818797188232227,0.911242622978982,55464,2376,0.04283859800951969,35106,1229,0.03500826069617729,2811,896,0.31874777659196013,WinoGrande,0.5,discovery,validation
247,0.4395168933173213,0.014781400314125837,0.9192054628995306,55477,2153,0.03880887575031094,35114,1143,0.03255111921171043,2808,846,0.30128205128205127,WinoGrande,0.5,discovery,validation
248,0.4784434404575237,0.05661489520958085,0.9069643615643673,55456,2492,0.04493652625504905,35098,1404,0.04000227933215568,2796,987,0.3530042918454936,WinoGrande,0.5,discovery,validation
249,0.6695662378250525,0.050028068862275454,0.9192146088264962,55466,2151,0.03878051418887246,35097,1219,0.03473231330313132,2795,895,0.32021466905187834,WinoGrande,0.5,discovery,validation
250,0.9737506618844421,0.043800791274593645,0.9167760739783598,55444,2215,0.03995022004184402,35097,1254,0.03572954953414822,2792,924,0.330945558739255,WinoGrande,0.5,discovery,validation
251,1.239764138916027,0.054018322051549085,0.890641739618311,55442,2938,0.05299231629450597,35098,1696,0.04832184170038179,2819,1021,0.3621851720468251,WinoGrande,0.5,discovery,validation
252,1.032655255612287,0.08154004491017966,0.9084634561390703,55472,2454,0.044238534756273436,35115,1479,0.04211875266979923,2812,1026,0.36486486486486486,WinoGrande,0.5,discovery,validation
253,0.6176866755135498,0.023761025957452768,0.9002811749613941,55466,2679,0.04829985937330977,35105,1471,0.04190286284005128,2808,940,0.33475783475783477,WinoGrande,0.5,discovery,validation
254,1.3262638572214804,0.09988987189555315,0.8999661755431082,55453,2684,0.04840134889005104,35077,1712,0.04880691051116116,2796,1052,0.37625178826895567,WinoGrande,0.5,discovery,validation
255,0.7144950304912079,0.02298839820359281,0.9059477296331147,55445,2515,0.04536026693119308,35099,1336,0.03806376250035613,2799,922,0.3294033583422651,WinoGrande,0.5,discovery,validation
256,0.7176763110307502,0.05015905688622754,0.9089636846888605,55402,2420,0.04368073354752536,35087,1383,0.0394163080343147,2794,958,0.3428775948460988,WinoGrande,0.5,discovery,validation
257,0.6772356599666645,0.03596824208725406,0.9080649371842233,55442,2460,0.044370693697918545,35093,1371,0.039067620323141365,2794,944,0.33786685755189694,WinoGrande,0.5,discovery,validation
258,1.3902740094569292,0.08576461208018747,0.9031196098114754,55453,2595,0.046796386128793756,35103,1505,0.042873828447711024,2799,1016,0.36298678099321185,WinoGrande,0.5,discovery,validation
259,0.876256290666071,0.05717611907332875,0.898703568545836,55435,2716,0.04899431766934247,35099,1602,0.04564232599219351,2810,1037,0.36903914590747333,WinoGrande,0.5,discovery,validation
260,0.5481464737793801,0.019847906645724944,0.9039745234435023,55488,2584,0.04656862745098039,35133,1367,0.03890928756439815,2824,918,0.32507082152974504,WinoGrande,0.5,discovery,validation
261,0.8554633476580968,0.015544803250641566,0.9025088457492444,55446,2611,0.04709086318219529,35110,1349,0.038422101965252066,2802,933,0.3329764453961456,WinoGrande,0.5,discovery,validation
262,1.2101112037234016,0.033931113183469135,0.9088842124965151,55471,2441,0.04400497557282183,35112,1388,0.03953064479380269,2805,1006,0.3586452762923351,WinoGrande,0.5,discovery,validation
263,1.3051786019329876,0.0698060400937256,0.8906335802116849,55456,2943,0.05306909982688979,35096,1721,0.0490369272851607,2817,1026,0.36421725239616615,WinoGrande,0.5,discovery,validation
264,1.1084410760288008,0.09941500196328654,0.8530747890342771,55379,3964,0.0715794795861247,35050,2936,0.0837660485021398,2829,1276,0.4510427712972782,WinoGrande,0.5,discovery,validation
265,0.6255789258846295,0.0314253286904452,0.9089575237341261,55467,2433,0.043863919087024715,35101,1391,0.039628500612518165,2803,969,0.3457010346057795,WinoGrande,0.5,discovery,validation
266,2.000246913227836,0.07543840889649273,0.8953580493774966,55425,2805,0.050608930987821384,35078,1441,0.041079879126518046,2795,926,0.3313059033989267,WinoGrande,0.5,discovery,validation
267,2.7284223886071732,0.14136123245312654,0.8942617524815974,55415,2832,0.051105296399891725,35069,1787,0.05095668539165645,2780,1061,0.3816546762589928,WinoGrande,0.5,discovery,validation
268,2.5117296651818757,0.2087225006508722,0.8776805469039716,55453,3305,0.05960002163994734,35099,2146,0.06114134305820679,2808,1055,0.37571225071225073,WinoGrande,0.5,discovery,validation
269,0.7043048179478859,0.04786758005727677,0.9087663760736038,55426,2428,0.043806155955688666,35080,1388,0.039566704675028506,2789,981,0.3517389745428469,WinoGrande,0.5,discovery,validation
270,0.7244170415658637,0.007621306300442584,0.9097633216374228,55487,2420,0.043613819453205256,35115,1360,0.038729887512459066,2812,967,0.3438833570412518,WinoGrande,0.5,discovery,validation
271,1.9955905293791223,0.10800683469127319,0.885975969186509,55436,3071,0.05539721480626308,35090,1889,0.05383300085494443,2805,1067,0.3803921568627451,WinoGrande,0.5,discovery,validation
272,0.4731716752173109,0.012245999803671352,0.9027403915742385,55489,2618,0.04718052226567428,35119,1375,0.03915259546114639,2816,997,0.35404829545454547,WinoGrande,0.5,discovery,validation
273,0.6317611791383216,0.04791912966654004,0.894611448824837,55437,2826,0.05097678445803344,35071,1790,0.0510393202360925,2804,1101,0.3926533523537803,WinoGrande,0.5,discovery,validation
274,0.7860471011958831,0.05854336409148915,0.8888251019770577,55393,2974,0.05368909428989223,35047,2011,0.05738008959397381,2809,1137,0.40477038091847634,WinoGrande,0.5,discovery,validation
275,0.5976475844855605,0.034871290028638376,0.9201117928570368,55438,2119,0.038222879613261665,35082,1241,0.035374266005358874,2789,881,0.31588382932950876,WinoGrande,0.5,discovery,validation
276,1.0381969768115629,0.069751122754491,0.9050701979501995,55449,2536,0.045735721113094915,35080,1550,0.04418472063854048,2799,1034,0.3694176491604144,WinoGrande,0.5,discovery,validation
277,0.5192748383754722,0.02082486081700767,0.9227762400587763,55443,2045,0.03688472845985968,35091,1119,0.0318885184235274,2788,821,0.29447632711621236,WinoGrande,0.5,discovery,validation
278,1.0724822111088887,0.06997889466967704,0.9177376116598719,55433,2184,0.03939891400429347,35086,1244,0.03545573733112922,2788,904,0.3242467718794835,WinoGrande,0.5,discovery,validation
279,1.4531235950565917,0.08129678143712575,0.8974373873009368,55459,2755,0.049676337474530735,35102,1514,0.04313144550168082,2799,935,0.3340478742408003,WinoGrande,0.5,discovery,validation
280,0.9106870284548402,0.04045926005132591,0.9123640803148689,55492,2348,0.042312405391768185,35119,1344,0.03826988239984054,2816,910,0.3231534090909091,WinoGrande,0.5,discovery,validation
281,1.3917859961664167,0.038267215568862256,0.9082888774843931,55466,2458,0.04431543648361158,35105,1394,0.03970944309927361,2810,965,0.34341637010676157,WinoGrande,0.5,discovery,validation
282,1.0473977950506006,0.06761788922155687,0.9039426550146896,55443,2569,0.04633587648576015,35086,1530,0.04360713674970074,2808,989,0.3522079772079772,WinoGrande,0.5,discovery,validation
283,0.7798740959727402,0.013931665357808962,0.9174587090668107,55436,2194,0.03957717006999062,35094,1183,0.033709466005585,2793,875,0.3132832080200501,WinoGrande,0.5,discovery,validation
284,0.9146757490688896,0.03636068027878669,0.9068990395983387,55457,2490,0.04489965198261716,35089,1552,0.04423038559092593,2801,1017,0.36308461263834346,WinoGrande,0.5,discovery,validation
285,1.8369995821918375,0.06978563365073133,0.9081501675063457,55467,2462,0.044386752483458636,35114,1383,0.03938599988608532,2810,933,0.3320284697508897,WinoGrande,0.5,discovery,validation
286,1.9263825713515037,0.13834574703052913,0.8932700683431749,55428,2865,0.05168867720285776,35080,1747,0.049800456100342075,2795,1032,0.36923076923076925,WinoGrande,0.5,discovery,validation
287,1.030360924176584,0.08655026013546677,0.8959311795429857,55483,2806,0.05057404970891985,35114,1669,0.04753089935638207,2811,1026,0.3649946638207044,WinoGrande,0.5,discovery,validation
288,0.8858239029434605,0.05847679640718563,0.902836428415675,55434,2599,0.04688458346862936,35111,1370,0.03901911081997095,2811,941,0.33475631447883314,WinoGrande,0.5,discovery,validation
289,0.9269289396926448,0.045508368508883866,0.9107434079800721,55472,2387,0.04303071820017306,35101,1340,0.03817555055411527,2798,929,0.3320228734810579,WinoGrande,0.5,discovery,validation
290,0.7584688933518506,0.03772070968540467,0.9021984940724663,55438,2622,0.04729607850211046,35098,1498,0.04268049461507778,2803,972,0.3467713164466643,WinoGrande,0.5,discovery,validation
291,2.132717465614131,0.1494199101796407,0.8875347382016574,55409,3015,0.05441354292623942,35079,1918,0.05467658713190228,2788,1074,0.38522238163558103,WinoGrande,0.5,discovery,validation
292,0.5577437982676076,0.04604229041916167,0.902582053122784,55466,2616,0.04716402841380305,35099,1554,0.044274765662839395,2818,1057,0.3750887154009936,WinoGrande,0.5,discovery,validation
293,0.8503462058261562,0.04067454230882498,0.8984315212955667,55464,2727,0.049167027260926005,35094,1713,0.048811762694477685,2803,1059,0.3778094898323225,WinoGrande,0.5,discovery,validation
294,1.2983581007368103,0.10486526946107783,0.9086155563098136,55504,2458,0.04428509656961661,35124,1375,0.03914702197927343,2816,888,0.3153409090909091,WinoGrande,0.5,discovery,validation
295,1.4927461211073678,0.08336452095808383,0.8979275196002785,55433,2733,0.04930276189273537,35094,1532,0.04365418590072377,2799,992,0.3544122901036084,WinoGrande,0.5,discovery,validation
296,0.8980460671575503,0.05926272455089821,0.9066049015123595,55441,2499,0.045074944535632475,35090,1400,0.039897406668566546,2794,971,0.34753042233357195,WinoGrande,0.5,discovery,validation
297,1.0770154563709238,0.05687702463924611,0.9004363674712997,55470,2676,0.04824229313142239,35104,1511,0.04304352780309936,2805,961,0.342602495543672,WinoGrande,0.5,discovery,validation
298,0.7957758096445688,0.03149694463531952,0.8974572414395267,55434,2750,0.04960854349316304,35112,1618,0.046081111870585556,2821,1014,0.35944700460829493,WinoGrande,0.5,discovery,validation
299,0.9460223508530551,0.05494134681456759,0.8929089180879476,55438,2876,0.051877773368447636,35076,1652,0.04709773064203444,2802,1056,0.37687366167023556,WinoGrande,0.5,discovery,validation
300,1.6140881837034549,0.09041854814960243,0.8975154298103972,55425,2746,0.04954442940911141,35073,1712,0.04881247683403188,2800,1057,0.3775,WinoGrande,0.5,discovery,validation
301,0.9007605070142033,0.03411302395209582,0.9027122092095029,55455,2608,0.04702912271210892,35100,1454,0.04142450142450142,2804,1020,0.3637660485021398,WinoGrande,0.5,discovery,validation
302,0.9966012638691075,0.02023683611038793,0.907411225639548,55458,2477,0.04466443074038011,35101,1361,0.03877382410757528,2803,918,0.3275062433107385,WinoGrande,0.5,discovery,validation
303,1.4771498162446668,0.10773995042701483,0.8976323465202537,55444,2747,0.04954548733857586,35111,1716,0.04887357238472274,2811,1018,0.36214870152970474,WinoGrande,0.5,discovery,validation
304,0.6503532072315552,0.01900930282292558,0.9066791891126595,55423,2492,0.044963282391786805,35098,1321,0.03763747222063935,2796,928,0.3319027181688126,WinoGrande,0.5,discovery,validation
305,1.0470528801657104,0.08135521988809268,0.9027825892854897,55488,2615,0.04712730680507497,35123,1534,0.04367508470233181,2816,994,0.35298295454545453,WinoGrande,0.5,discovery,validation
306,1.6642022918685737,0.08668983753803867,0.8905659228740863,55447,2947,0.05314985481631107,35098,1849,0.0526810644481167,2825,1110,0.3929203539823009,WinoGrande,0.5,discovery,validation
307,1.2955825789275968,0.043609655688622746,0.9063310754020308,55493,2519,0.045393112644838085,35129,1398,0.0397961797944718,2828,981,0.3468882602545969,WinoGrande,0.5,discovery,validation
308,0.8775833040489786,0.04926775547266124,0.8914066574959438,55482,2932,0.05284596806171371,35122,1594,0.04538465918797335,2817,1011,0.3588924387646432,WinoGrande,0.5,discovery,validation
309,1.1467689086416777,0.030528229255774177,0.897705314666674,55451,2747,0.049539232836197725,35104,1419,0.04042274384685506,2806,944,0.33642195295794725,WinoGrande,0.5,discovery,validation
310,0.43976958571385244,0.03438639026295237,0.9044954887465843,55440,2553,0.04604978354978355,35082,1394,0.039735476882731886,2785,936,0.33608617594254936,WinoGrande,0.5,discovery,validation
311,1.090427500784931,0.07590403209973497,0.8913699850640151,55407,2909,0.052502391394589135,35070,1722,0.04910179640718563,2808,1102,0.3924501424501424,WinoGrande,0.5,discovery,validation
312,2.0314455770419304,0.09549515100234315,0.8976854344969746,55472,2752,0.049610614364003464,35118,1540,0.04385215558972606,2810,1004,0.3572953736654804,WinoGrande,0.5,discovery,validation
313,1.58128565434147,0.13675149700598802,0.8820678510876659,55468,3190,0.05751063676353934,35106,2083,0.05933458668033954,2807,1148,0.4089775561097257,WinoGrande,0.5,discovery,validation
314,0.5197299663486907,0.047352170658682635,0.8835310626205143,55465,3145,0.05670242495267286,35112,1655,0.04713488266119845,2815,1019,0.36198934280639433,WinoGrande,0.5,discovery,validation
315,1.591446769492658,0.07123233042112495,0.8747209590445145,55442,3378,0.06092853793153205,35078,2312,0.06591025714122813,2827,1153,0.4078528475415635,WinoGrande,0.5,discovery,validation
316,1.6303806210224505,0.1373315868263473,0.8775911140169916,55431,3304,0.05960563583554329,35125,1977,0.056284697508896794,2823,1145,0.40559688274884875,WinoGrande,0.5,discovery,validation
317,1.4411736836294975,0.07777835721998627,0.8882888940076652,55430,3000,0.054122316435143425,35074,2018,0.05753549637908422,2814,1129,0.40120824449182657,WinoGrande,0.5,discovery,validation
318,0.8833818360400194,0.044537461961323244,0.9141097740027408,55464,2294,0.04136016154622819,35122,1264,0.03598883890439041,2810,934,0.3323843416370107,WinoGrande,0.5,discovery,validation
319,1.1472574065837646,0.0442859158731717,0.9027027185809794,55437,2602,0.04693616176921551,35092,1633,0.0465348227516243,2805,1018,0.36292335115864527,WinoGrande,0.5,discovery,validation
320,0.8060945943223639,0.04144835329341317,0.8995864463932431,55501,2704,0.04871984288571377,35119,1550,0.04413565306529229,2817,1035,0.36741214057507987,WinoGrande,0.5,discovery,validation
321,0.48210144074208006,0.015325598802395209,0.9122808296216498,55419,2332,0.042079431241992815,35102,1306,0.03720585721611304,2807,907,0.3231207695048094,WinoGrande,0.5,discovery,validation
322,1.6109928480798654,0.09392776946107784,0.8916207346755427,55437,2913,0.052546133448779696,35104,1641,0.046746809480401094,2807,1016,0.3619522622016388,WinoGrande,0.5,discovery,validation
323,0.2920375385785898,0.04065306886227546,0.8988167237792116,55440,2714,0.04895382395382395,35106,1530,0.04358229362502136,2804,1030,0.3673323823109843,WinoGrande,0.5,discovery,validation
324,1.0268793771792184,0.073250374251497,0.903001716073161,55399,2583,0.04662539035000632,35047,1660,0.04736496704425486,2772,1077,0.38852813852813856,WinoGrande,0.5,discovery,validation
325,1.7238425231747572,0.09223962788708298,0.900669555962243,55449,2666,0.04808021785785136,35100,1533,0.043675213675213674,2807,1004,0.3576772354827218,WinoGrande,0.5,discovery,validation
326,0.5604699807165373,0.019836205808523466,0.9146494275920005,55440,2274,0.041017316017316015,35085,1310,0.03733789368676072,2791,959,0.34360444285202435,WinoGrande,0.5,discovery,validation
327,0.9938352440925575,0.031169803250641573,0.906696312498597,55449,2496,0.0450143374993237,35088,1436,0.040925672594619246,2800,961,0.3432142857142857,WinoGrande,0.5,discovery,validation
328,1.6339695387637287,0.09701249674563914,0.8982556311184628,55424,2723,0.04913034064665127,35083,1681,0.047914944560043325,2799,1021,0.36477313326187927,WinoGrande,0.5,discovery,validation
329,0.6147276239618921,0.025995834418120273,0.9159908352916857,55486,2249,0.04053274699924305,35110,1228,0.034975790373113075,2802,916,0.3269093504639543,WinoGrande,0.5,discovery,validation
330,0.3091550324037222,0.016880276332580737,0.9128882349555879,55460,2327,0.041958168049044356,35104,1202,0.034241112123974474,2796,873,0.31223175965665234,WinoGrande,0.5,discovery,validation
331,1.2514387991228018,0.04221556886227545,0.901861078249261,55442,2628,0.04740088741387396,35103,1513,0.04310172919693474,2803,970,0.34605779521940777,WinoGrande,0.5,discovery,validation
332,0.9942864936851019,0.03321482035928146,0.8990813603824811,55491,2720,0.04901695770485304,35129,1430,0.04070710808733525,2821,920,0.32612548741581,WinoGrande,0.5,discovery,validation
333,0.41478228526159655,0.03094737111664056,0.8985178818576091,55437,2718,0.04902862709021051,35079,1597,0.045525813164571396,2802,1026,0.36616702355460384,WinoGrande,0.5,discovery,validation
334,1.1121586272592516,0.06757080102090901,0.9024814682999358,55475,2620,0.04722848129788193,35105,1448,0.04124768551488392,2807,999,0.35589597434983966,WinoGrande,0.5,discovery,validation
335,0.5869935427265714,0.04005827630453378,0.9131853725385434,55450,2312,0.04169522091974752,35091,1348,0.03841440825282836,2792,969,0.34706303724928367,WinoGrande,0.5,discovery,validation
336,1.5868167808855742,0.08281127961468365,0.9114730007141427,55435,2359,0.042554342924145394,35085,1405,0.04004560353427391,2786,978,0.35104091888011485,WinoGrande,0.5,discovery,validation
337,0.9743533622426772,0.03473652081083735,0.8976755390777772,55472,2754,0.0496466685895587,35117,1509,0.04297064100008543,2822,1020,0.3614457831325301,WinoGrande,0.5,discovery,validation
338,0.8637805350340996,0.04413713556493569,0.9150652442879483,55469,2267,0.04086967495357768,35103,1310,0.037318747685383014,2802,892,0.31834403997144894,WinoGrande,0.5,discovery,validation
339,1.690990391231236,0.06362888976146068,0.8849300340285474,55455,3105,0.05599134433324317,35097,1777,0.050631108071914975,2819,1082,0.38382405108194395,WinoGrande,0.5,discovery,validation
340,0.5753484300584061,0.03908121257485029,0.8961236222954495,55423,2784,0.05023185320173935,35093,1630,0.04644800957455903,2805,1000,0.35650623885918004,WinoGrande,0.5,discovery,validation
341,1.1133833035277165,0.06727170658682634,0.9076112932123781,55430,2464,0.044452462565397796,35084,1440,0.04104435070117433,2795,976,0.34919499105545615,WinoGrande,0.5,discovery,validation
342,0.6765219616248668,0.051886715699036697,0.9032500287021316,55480,2603,0.046917808219178084,35102,1545,0.044014586063472166,2805,1006,0.3586452762923351,WinoGrande,0.5,discovery,validation
343,0.5880507050574124,0.037613612061591105,0.9071552548427301,55394,2470,0.04458966675091165,35089,1393,0.03969905098463906,2807,1023,0.36444602778767365,WinoGrande,0.5,discovery,validation
344,0.7819263411114601,0.02456025449101796,0.9046911657530138,55432,2548,0.04596622889305816,35102,1386,0.03948492963363911,2809,948,0.3374866500533998,WinoGrande,0.5,discovery,validation
345,2.022927591274533,0.08982649455187984,0.9015049340812776,55436,2637,0.04756836712605527,35107,1518,0.04323924003759934,2806,1032,0.3677833214540271,WinoGrande,0.5,discovery,validation
346,2.0110912629942628,0.08067113723372926,0.9051338575463862,55445,2535,0.04572098475967175,35088,1490,0.04246466028271774,2793,1014,0.36305048335123524,WinoGrande,0.5,discovery,validation
347,0.7508153287008266,0.04754214397292372,0.9121088203752206,55454,2345,0.04228730118656905,35099,1213,0.03455938915638622,2793,898,0.32151808091657713,WinoGrande,0.5,discovery,validation
348,1.0280018037557717,0.008115155558448323,0.9233850102293943,55454,2035,0.03669708226638295,35094,1117,0.031828802644326665,2788,865,0.3102582496413199,WinoGrande,0.5,discovery,validation
349,1.1240617654153142,0.07259258656599843,0.9073478428292215,55467,2481,0.04472929850181189,35123,1360,0.03872106596816901,2814,958,0.3404406538734897,WinoGrande,0.5,discovery,validation
350,1.0446481201054485,0.021136273426063047,0.9078105550827142,55441,2460,0.04437149402067062,35085,1373,0.03913353284879578,2799,963,0.3440514469453376,WinoGrande,0.5,discovery,validation
351,0.5427648715266202,0.026551807100085544,0.9087081221419825,55472,2447,0.044112344966830114,35113,1379,0.0392732036567653,2806,961,0.34248039914469,WinoGrande,0.5,discovery,validation
352,0.7991952729862879,0.0524672990085403,0.8875221599827235,55481,3035,0.054703411978875655,35102,1803,0.051364594609993736,2821,1089,0.3860333215171925,WinoGrande,0.5,discovery,validation
353,0.7735618374911242,0.03600543478260869,0.9157398963851842,55455,2245,0.04048327472725633,35107,1347,0.03836841655510297,2808,949,0.33796296296296297,WinoGrande,0.5,discovery,validation
354,1.1012161353875352,0.08913627662707371,0.8899318231355307,55462,2968,0.053514117774331973,35103,1769,0.050394553172093556,2809,1027,0.3656105375578498,WinoGrande,0.5,discovery,validation
355,1.2501789484847405,0.05049838211775208,0.9027889329247787,55434,2600,0.04690262293899051,35096,1491,0.042483473900159566,2798,966,0.34524660471765545,WinoGrande,0.5,discovery,validation
356,1.242029338944292,0.0897375331304604,0.8597631111157545,55430,3791,0.06839256720187624,35067,2491,0.07103544643111757,2817,1150,0.40823571175008877,WinoGrande,0.5,discovery,validation
357,0.6859137306652606,0.05040365697177073,0.9088133888809078,55363,2410,0.04353087802322851,35072,1352,0.0385492700729927,2782,974,0.3501078360891445,WinoGrande,0.5,discovery,validation
358,1.0641710352229647,0.05817310052027093,0.9061894746419725,55401,2495,0.04503528817169365,35087,1392,0.0396728132926725,2792,949,0.3398997134670487,WinoGrande,0.5,discovery,validation
359,0.6264120020554852,0.04157852772715441,0.906859498363612,55440,2485,0.04482323232323232,35086,1457,0.04152653480020521,2800,988,0.35285714285714287,WinoGrande,0.5,discovery,validation
360,1.0449645184016216,0.08165831558550751,0.8829152809462908,55402,3142,0.05671275405220028,35059,2145,0.061182577940043927,2815,1132,0.40213143872113677,WinoGrande,0.5,discovery,validation
361,0.7919599058589863,0.030769915087857078,0.9212167983448166,55462,2097,0.03780967148678374,35097,1188,0.03384904692708778,2794,874,0.31281317108088763,WinoGrande,0.5,discovery,validation
362,0.7565196510102847,0.08731043348086436,0.8999778583180174,55453,2682,0.048365282311146375,35110,1580,0.04500142409569923,2804,968,0.34522111269614836,WinoGrande,0.5,discovery,validation
363,0.734898842213394,0.030780918562020643,0.9096474245735111,55453,2415,0.04355039402737453,35086,1409,0.040158467764920484,2797,957,0.34215230604218805,WinoGrande,0.5,discovery,validation
364,1.595026000819244,0.15472492514970057,0.8798834367645724,55465,3247,0.05854142251870549,35117,2033,0.057892188968305947,2816,1129,0.40092329545454547,WinoGrande,0.5,discovery,validation
365,1.4189996238280955,0.08801593242087254,0.8857006063548472,55431,3071,0.05540221175876315,35071,1840,0.0524649995722962,2805,1103,0.3932263814616756,WinoGrande,0.5,discovery,validation
366,0.9162542627231214,0.02462110703752865,0.9103929388641978,55438,2390,0.04311122334860565,35077,1274,0.03632009578926362,2781,944,0.3394462423588637,WinoGrande,0.5,discovery,validation
367,0.5681368113368823,0.04109281437125749,0.9107014333397945,55427,2381,0.042957403431540586,35093,1323,0.03769982617616049,2791,955,0.3421712647796489,WinoGrande,0.5,discovery,validation
368,0.7726073680048967,0.028638375423066915,0.9088155403518848,55452,2439,0.043983986150183944,35115,1379,0.03927096682329489,2811,944,0.335823550337958,WinoGrande,0.5,discovery,validation
369,1.1485706612522482,0.05766387307352508,0.9124072500434123,55460,2341,0.042210602235845655,35109,1298,0.036970577344840355,2809,893,0.31790672837308653,WinoGrande,0.5,discovery,validation
370,0.8791994252798428,0.019562776620671695,0.9117944341189131,55428,2345,0.04230713718698131,35076,1289,0.03674877409054624,2778,931,0.3351331893448524,WinoGrande,0.5,discovery,validation
371,0.3391488772584454,0.020465128189807127,0.9239385380322978,55428,2012,0.03629934329219889,35094,1069,0.03046104747250242,2800,808,0.2885714285714286,WinoGrande,0.5,discovery,validation
372,1.055181181501202,0.06613959580838322,0.8980289798064359,55443,2734,0.04931190592139675,35102,1563,0.044527377357415535,2805,1017,0.3625668449197861,WinoGrande,0.5,discovery,validation
373,1.9916423378431964,0.12124121322572247,0.9068082595008522,55471,2495,0.044978457211876474,35103,1581,0.0450388855653363,2811,1014,0.3607257203842049,WinoGrande,0.5,discovery,validation
374,0.992078903504989,0.06698334887601845,0.9012142364326471,55432,2644,0.04769808053110117,35079,1540,0.04390090937597993,2799,987,0.35262593783494106,WinoGrande,0.5,discovery,validation
375,1.126324393314224,0.08418664719740847,0.9066800536996303,55446,2497,0.045034808642643295,35094,1515,0.043169772610702685,2798,997,0.35632594710507504,WinoGrande,0.5,discovery,validation
376,0.6793396814875252,0.028303989846394165,0.9081764218717278,55473,2462,0.04438195158004795,35104,1381,0.03934024612579763,2811,943,0.3354678050515831,WinoGrande,0.5,discovery,validation
377,1.4887092503971404,0.06525400286383755,0.9083975212668141,55413,2437,0.04397884972840308,35070,1460,0.04163102366695181,2777,980,0.35289881166726683,WinoGrande,0.5,discovery,validation
378,0.35357947027297504,0.016508478943751834,0.9169594544336932,55487,2220,0.04000937156451061,35114,1184,0.033718744660249475,2805,900,0.32085561497326204,WinoGrande,0.5,discovery,validation
379,0.5763265163398125,0.04467017052850821,0.8950199414983784,55453,2826,0.05096207599228175,35106,1549,0.044123511650430124,2815,987,0.3506216696269982,WinoGrande,0.5,discovery,validation
380,2.0070352429383598,0.14148577844311377,0.8850072883305904,55446,3099,0.05589221945676875,35123,1858,0.052899809241807365,2817,1097,0.38942137025204115,WinoGrande,0.5,discovery,validation
381,0.4644065094403677,0.013124372373265886,0.9248146651487383,55482,2000,0.03604772719080062,35106,1129,0.03215974477297328,2806,850,0.3029223093371347,WinoGrande,0.5,discovery,validation
382,1.312903999280679,0.09695920658682636,0.893045568684714,55462,2877,0.051873354729364246,35123,1682,0.04788884776357372,2814,1033,0.36709310589907607,WinoGrande,0.5,discovery,validation
383,0.9184421017727478,0.03860158780799057,0.9021070004014491,55436,2623,0.04731582365250018,35078,1466,0.04179257654370261,2795,995,0.3559928443649374,WinoGrande,0.5,discovery,validation
384,1.7171268781330586,0.07960646774875053,0.8886954346237145,55390,2976,0.05372810976710598,35062,1852,0.05282071758599053,2803,1110,0.3960042811273635,WinoGrande,0.5,discovery,validation
385,1.0650631263601955,0.03195375553241345,0.9077341797089797,55456,2470,0.044539815349105595,35120,1441,0.041030751708428244,2812,999,0.35526315789473684,WinoGrande,0.5,discovery,validation
386,1.2255388203256583,0.05399651516638853,0.8985281619662198,55410,2712,0.04894423389279914,35076,1675,0.04775344965218383,2793,1035,0.37056928034371645,WinoGrande,0.5,discovery,validation
387,0.5554630389390078,0.04630955480343661,0.9160788225581835,55401,2221,0.040089529069872384,35094,1219,0.034735282384453184,2796,894,0.3197424892703863,WinoGrande,0.5,discovery,validation
388,1.431806008234353,0.043295727047076814,0.8888970401924181,55429,2984,0.053834635299211606,35088,1698,0.04839261285909713,2808,1049,0.3735754985754986,WinoGrande,0.5,discovery,validation
389,0.43858586514541625,0.038688248502994016,0.90993293374887,55426,2397,0.04324685165806661,35086,1324,0.03773584905660377,2794,948,0.33929849677881174,WinoGrande,0.5,discovery,validation
390,1.177638914661821,0.07170658682634731,0.9082115398317062,55423,2449,0.044187431210869134,35105,1348,0.0383990884489389,2798,901,0.3220157255182273,WinoGrande,0.5,discovery,validation
391,0.8434843095920723,0.04415232035928145,0.8893457160500754,55448,2977,0.05368994373106334,35113,1689,0.04810184262239057,2818,1051,0.3729595457771469,WinoGrande,0.5,discovery,validation
392,0.9751274552371177,0.03324155260906757,0.9136905154584084,55467,2307,0.041592298123208395,35120,1315,0.03744305239179954,2813,967,0.3437611091361536,WinoGrande,0.5,discovery,validation
393,0.27717593984707917,0.024384460891880837,0.9141363269494784,55459,2292,0.04132782776465497,35103,1231,0.03506822778679885,2802,898,0.3204853675945753,WinoGrande,0.5,discovery,validation
394,1.6623789875415833,0.09386227544910179,0.9011916802552926,55455,2649,0.0477684609142548,35090,1570,0.04474209176403534,2801,1027,0.3666547661549447,WinoGrande,0.5,discovery,validation
395,1.1442540903104088,0.06409810457488443,0.8910846136117507,55418,2921,0.05270850626150348,35072,1860,0.053033759124087594,2800,1077,0.3846428571428571,WinoGrande,0.5,discovery,validation
396,0.7953107685939015,0.03268043830372042,0.9022871897653211,55448,2616,0.04717933920069254,35083,1541,0.04392440783285352,2802,1006,0.3590292648108494,WinoGrande,0.5,discovery,validation
397,1.0437346838868515,0.04202844311377246,0.9145182245176169,55448,2276,0.041047467897850236,35095,1217,0.03467730445932469,2791,913,0.3271228950197062,WinoGrande,0.5,discovery,validation
398,0.5674505318749168,0.03065607914605572,0.8954322149891107,55422,2804,0.05059362707949912,35087,1529,0.0435773933365634,2798,988,0.3531093638313081,WinoGrande,0.5,discovery,validation
399,1.691377911399536,0.06777961933276302,0.9055192104933987,55461,2533,0.045671733290059684,35114,1424,0.040553625334624366,2807,978,0.34841467759173494,WinoGrande,0.5,discovery,validation
400,0.9729647080389237,0.0832816948071071,0.9063658603911835,55460,2508,0.04522178146411828,35101,1543,0.043958861570895416,2807,1045,0.37228357677235485,WinoGrande,0.5,discovery,validation
401,1.3715687034009143,0.08716838863257093,0.8802852453125383,55457,3233,0.058297419622410154,35100,2071,0.059002849002849,2821,1145,0.40588443814250263,WinoGrande,0.5,discovery,validation
402,0.858141477606148,0.04808196107784431,0.9063888849893023,55468,2509,0.045233287661354295,35098,1430,0.04074306228275115,2807,954,0.33986462415390095,WinoGrande,0.5,discovery,validation
403,1.0859473289372432,0.05707488711102385,0.8964120790413272,55436,2780,0.050147918320225124,35087,1680,0.04788098156012198,2803,1068,0.3810203353549768,WinoGrande,0.5,discovery,validation
404,1.495509568118757,0.05091215085357236,0.9149780873852421,55451,2263,0.040810805936773005,35093,1306,0.037215399082438094,2797,908,0.324633535931355,WinoGrande,0.5,discovery,validation
405,1.5298032782673774,0.02111299941101404,0.9125909066659349,55487,2342,0.04220808477661434,35116,1295,0.03687777651213122,2813,948,0.3370067543547814,WinoGrande,0.5,discovery,validation
406,0.8289573305521517,0.04948662457693308,0.8960326636157147,55477,2799,0.05045334102420823,35116,1556,0.0443102859095569,2821,1019,0.36121942573555477,WinoGrande,0.5,discovery,validation
407,0.8100279240306606,0.028538210464317273,0.9108021554939709,55466,2384,0.042981285832762416,35093,1468,0.04183170432849856,2801,1051,0.37522313459478757,WinoGrande,0.5,discovery,validation
408,0.9463465548671964,0.03357280005206979,0.907830561785341,55461,2467,0.044481707866789275,35103,1274,0.03629319431387631,2801,914,0.32631203141735093,WinoGrande,0.5,discovery,validation
409,1.1023205297191938,0.02299490692527988,0.923688646217329,55435,2017,0.03638495535311626,35100,1130,0.03219373219373219,2794,871,0.3117394416607015,WinoGrande,0.5,discovery,validation
410,0.37800465666716265,0.028898724290549342,0.9090521698829382,55466,2435,0.04390076803807738,35105,1265,0.03603475288420453,2799,910,0.3251161128974634,WinoGrande,0.5,discovery,validation
411,0.8834315336736877,0.09660366766467066,0.8950450334170384,55467,2829,0.05100329925901888,35115,1615,0.04599174142104514,2809,999,0.3556425774296903,WinoGrande,0.5,discovery,validation
412,0.5767230915733068,0.04049331842373699,0.9109573951583341,55441,2374,0.042820295449216284,35098,1294,0.0368681976180979,2816,895,0.31782670454545453,WinoGrande,0.5,discovery,validation
413,0.8695238223534116,0.06663547904191616,0.8898321881113204,55446,2966,0.053493489160624755,35099,1713,0.048804809253824896,2800,1034,0.3692857142857143,WinoGrande,0.5,discovery,validation
414,1.297663708465404,0.04768859021088257,0.9075875271497225,55463,2475,0.04462434415736617,35095,1342,0.03823906539393076,2805,965,0.34402852049910876,WinoGrande,0.5,discovery,validation
415,1.7316992386775891,0.047997754491017966,0.9002803279836608,55476,2683,0.048363256182853843,35124,1493,0.04250654822913108,2818,980,0.34776437189496096,WinoGrande,0.5,discovery,validation
416,1.2221891837312624,0.09288352642541006,0.8893257747516363,55450,2978,0.05370604147880974,35107,1713,0.04879368786851625,2814,1015,0.36069651741293535,WinoGrande,0.5,discovery,validation
417,1.8094164275050302,0.06252440770632649,0.9111241625892739,55418,2367,0.042711754303655855,35075,1321,0.03766215253029223,2790,927,0.33225806451612905,WinoGrande,0.5,discovery,validation
418,1.0175519860791764,0.039611913468145674,0.9149309853284044,55483,2275,0.0410035506371321,35123,1368,0.03894883694445235,2816,962,0.3416193181818182,WinoGrande,0.5,discovery,validation
419,1.176430764109882,0.0210109671960427,0.9094093351428587,55467,2426,0.043737717922368254,35101,1289,0.036722600495712375,2806,888,0.3164647184604419,WinoGrande,0.5,discovery,validation
420,0.5404289228408884,0.028779940119760483,0.9058328844852643,55434,2515,0.04536926795829274,35107,1349,0.03842538525080468,2814,930,0.3304904051172708,WinoGrande,0.5,discovery,validation
421,1.3923464221752104,0.059900579276230145,0.9090194947532311,55461,2433,0.043868664466922704,35095,1341,0.03821057130645391,2807,980,0.3491271820448878,WinoGrande,0.5,discovery,validation
422,0.6143973604547786,0.06909618263473055,0.9040161629045812,55474,2578,0.046472221220752064,35108,1494,0.04255440355474536,2804,999,0.35627674750356636,WinoGrande,0.5,discovery,validation
423,1.491778794789173,0.054766825045561046,0.9088317422923178,55444,2434,0.043900151504220476,35091,1432,0.04080818443475535,2798,970,0.34667619728377413,WinoGrande,0.5,discovery,validation
424,0.7747329145385445,0.022032632627017622,0.8952725662081366,55423,2806,0.05062880031755769,35073,1669,0.04758646252102757,2795,1031,0.36887298747763864,WinoGrande,0.5,discovery,validation
425,0.5620522913690229,0.03817365269461077,0.9174474985932466,55435,2194,0.03957788400829801,35086,1286,0.03665279598700336,2793,911,0.32617257429287505,WinoGrande,0.5,discovery,validation
426,0.6673748770786132,0.03429462795720035,0.9052957640868545,55415,2525,0.04556528015880177,35090,1487,0.04237674551154175,2794,1023,0.3661417322834646,WinoGrande,0.5,discovery,validation
427,0.7944514411901338,0.0541851747325022,0.9023976544465989,55444,2618,0.04721881538128562,35086,1558,0.04440517585361683,2793,1033,0.3698532044396706,WinoGrande,0.5,discovery,validation
428,2.570515670426509,0.1701160179640719,0.8995126111001287,55484,2708,0.04880686323985293,35123,1810,0.05153318338410728,2814,1009,0.35856432125088844,WinoGrande,0.5,discovery,validation
429,2.0948900674546556,0.13028426841968235,0.9073861253991938,55431,2472,0.044595984196568704,35080,1491,0.04250285062713797,2781,906,0.325782092772384,WinoGrande,0.5,discovery,validation
430,1.3122144231951296,0.07756362275449102,0.8966014358933694,55437,2773,0.05002074426826848,35099,1518,0.043249095415823814,2804,964,0.3437945791726106,WinoGrande,0.5,discovery,validation
431,1.111554763386815,0.049307634730538924,0.9021153761703593,55481,2633,0.047457688217588,35122,1457,0.04148397016115255,2814,1020,0.3624733475479744,WinoGrande,0.5,discovery,validation
432,1.2425141047397286,0.034839133208991846,0.9029485930961303,55483,2609,0.04702341257682533,35115,1437,0.04092268261426741,2807,970,0.3455646597791236,WinoGrande,0.5,discovery,validation
433,1.0700809371406304,0.030402872533621284,0.8983120311832608,55420,2723,0.04913388668350776,35064,1605,0.04577344284736482,2783,1027,0.36902623068630974,WinoGrande,0.5,discovery,validation
434,0.6719161016320321,0.031619430927372426,0.9066739198782626,55456,2500,0.04508078476630121,35104,1442,0.041077939835916136,2812,961,0.34174964438122335,WinoGrande,0.5,discovery,validation
435,0.6820126032789553,0.07182821856287426,0.8900055538273586,55471,2966,0.05346938039696418,35128,1674,0.047654292871783195,2830,1063,0.3756183745583039,WinoGrande,0.5,discovery,validation
436,1.4859360142893197,0.09891129625993915,0.9064660803952794,55482,2510,0.04523989762445478,35109,1524,0.04340767324617619,2808,1016,0.36182336182336183,WinoGrande,0.5,discovery,validation
437,1.3364492128877512,0.07774768086777266,0.909331065325748,55472,2431,0.043823911162388235,35105,1461,0.041618003133456774,2812,953,0.33890469416785207,WinoGrande,0.5,discovery,validation
438,0.4088796950451984,0.024986327111584793,0.9138461285610092,55451,2297,0.041423959892517716,35108,1216,0.034635980403326876,2803,863,0.30788440956118446,WinoGrande,0.5,discovery,validation
439,0.44818256909273907,0.014933448320749783,0.9193716885019504,55460,2144,0.03865849260728453,35087,1215,0.03462820987830251,2787,890,0.31933979189092215,WinoGrande,0.5,discovery,validation
440,0.9748562912578245,0.06267085394428534,0.8853744416527051,55454,3084,0.055613661773722366,35088,2126,0.06059051527587779,2823,1188,0.4208289054197662,WinoGrande,0.5,discovery,validation
441,1.3087890761591692,0.0795190868263473,0.8932880152233779,55425,2859,0.051583220568335586,35083,1702,0.0485135250691218,2797,1066,0.38112263139077585,WinoGrande,0.5,discovery,validation
442,2.048197854566679,0.07686858426005133,0.8889488390942418,55425,2979,0.05374830852503383,35077,1696,0.04835077116058956,2791,1071,0.3837334288785382,WinoGrande,0.5,discovery,validation
443,0.5539165346414142,0.017317848774500686,0.9173181321729338,55433,2196,0.03961539155376761,35098,1189,0.03387657416377002,2793,886,0.3172216254923022,WinoGrande,0.5,discovery,validation
444,1.032961988793048,0.0607499141062138,0.9005950845165374,55438,2662,0.04801760525271474,35084,1464,0.04172842321286056,2796,927,0.3315450643776824,WinoGrande,0.5,discovery,validation
445,1.0601109717962285,0.05539857784431137,0.9020056464365751,55434,2624,0.047335570227658115,35095,1429,0.04071805100441658,2804,940,0.33523537803138376,WinoGrande,0.5,discovery,validation
446,0.8627031208801897,0.038239606851870014,0.9096507837355529,55383,2398,0.04329848509470415,35069,1241,0.03538737916678548,2769,893,0.3224990971469845,WinoGrande,0.5,discovery,validation
447,0.5664576664199136,0.03542778573288208,0.9063763609779187,55431,2500,0.04510111670364958,35108,1433,0.04081690782727584,2806,968,0.3449750534568781,WinoGrande,0.5,discovery,validation
448,1.3204563505939448,0.0748502994011976,0.9221374892853758,55464,2071,0.03733953555459397,35107,1221,0.03477938872589512,2801,876,0.31274544805426635,WinoGrande,0.5,discovery,validation
449,0.7473833146649032,0.04291862703165099,0.9079363482041042,55453,2463,0.04441599192108633,35113,1395,0.0397288753453137,2807,1001,0.3566084788029925,WinoGrande,0.5,discovery,validation
450,1.8476065210174233,0.132848544713851,0.8898920118480461,55443,2962,0.053424237505185504,35087,1943,0.05537663522102203,2808,1083,0.3856837606837607,WinoGrande,0.5,discovery,validation
451,1.2590980605428272,0.06052704373860975,0.8928082111192451,55465,2884,0.05199675471017759,35101,1689,0.048118287228284096,2817,1029,0.3652822151224707,WinoGrande,0.5,discovery,validation
452,1.8750512842728384,0.09375813590210882,0.9147329975110622,55423,2264,0.040849466827851254,35076,1345,0.038345307332649105,2777,896,0.3226503420957868,WinoGrande,0.5,discovery,validation
453,1.1013317397429174,0.06399293803696954,0.9038419370455667,55445,2569,0.04633420506808549,35099,1446,0.041197754921792645,2805,954,0.34010695187165774,WinoGrande,0.5,discovery,validation
454,1.3440141438241475,0.04766464931861152,0.8845816979541129,55427,3106,0.0560376711710899,35070,1971,0.056201881950384946,2807,1090,0.38831492696829356,WinoGrande,0.5,discovery,validation
455,0.46953609928481294,0.03090629147976321,0.9101563682830556,55443,2397,0.04323359125588442,35090,1385,0.039469934454260475,2805,963,0.3433155080213904,WinoGrande,0.5,discovery,validation
456,0.9931968626320493,0.021071986461858892,0.910942354544401,55473,2385,0.042993888918933534,35098,1348,0.03840674682318081,2802,950,0.3390435403283369,WinoGrande,0.5,discovery,validation
457,0.5431177266012153,0.027355227433332102,0.9139171768859334,55426,2289,0.041298307653447844,35085,1275,0.036340316374519024,2783,901,0.3237513474667625,WinoGrande,0.5,discovery,validation
458,0.6028057484586349,0.03530127245508981,0.9055986840683834,55485,2537,0.04572406956835181,35122,1410,0.040145777575308926,2813,950,0.33771773906861,WinoGrande,0.5,discovery,validation
459,1.23855621725212,0.021173685238219202,0.9081666203977475,55468,2459,0.04433186702242735,35100,1335,0.03803418803418803,2796,970,0.3469241773962804,WinoGrande,0.5,discovery,validation
460,1.423974810569031,0.06829783056837145,0.9174444831505378,55452,2194,0.03956575055904205,35094,1339,0.03815467031401379,2795,966,0.3456171735241503,WinoGrande,0.5,discovery,validation
461,1.6263149727275328,0.08358907185628742,0.900122361521132,55460,2678,0.04828705373241976,35095,1548,0.04410884741416156,2804,984,0.3509272467902996,WinoGrande,0.5,discovery,validation
462,1.6823907337604502,0.06384997861420016,0.9142314080962652,55403,2275,0.041062758334386225,35083,1284,0.03659892255508366,2777,910,0.3276917536910335,WinoGrande,0.5,discovery,validation
463,1.5197700377779075,0.06755646316063524,0.8926479975522881,55428,2884,0.0520314642418994,35099,1672,0.047636684805834925,2803,1028,0.3667499108098466,WinoGrande,0.5,discovery,validation
464,1.0817697693319097,0.025969799531372028,0.9146017636238675,55445,2274,0.04101361709802507,35091,1253,0.03570716138041093,2789,940,0.33703836500537826,WinoGrande,0.5,discovery,validation
465,1.7602909185761633,0.12963059536664376,0.8893297520616498,55442,2974,0.053641643519353556,35100,1825,0.051994301994301995,2813,1067,0.3793103448275862,WinoGrande,0.5,discovery,validation
466,1.5576139190552867,0.1023858532934132,0.8999446172170574,55446,2684,0.04840745951015402,35100,1624,0.046267806267806265,2805,1103,0.3932263814616756,WinoGrande,0.5,discovery,validation
467,1.3611029242804134,0.06753902908468776,0.8995381560731643,55438,2689,0.048504635809372636,35094,1572,0.044793981877243975,2810,1031,0.36690391459074734,WinoGrande,0.5,discovery,validation
468,0.798814168041113,0.03980978260869565,0.8978822348261115,55460,2745,0.049495131626397404,35112,1492,0.042492595124174075,2817,1034,0.36705715299964503,WinoGrande,0.5,discovery,validation
469,0.6328177295115539,0.03935091772975788,0.9154590960280498,55427,2247,0.04053980911829975,35090,1248,0.035565688230265034,2795,901,0.3223613595706619,WinoGrande,0.5,discovery,validation
470,1.2028991609231898,0.04894674935842601,0.913672946207975,55457,2301,0.041491606109237786,35101,1399,0.0398564143471696,2809,988,0.35172659309362764,WinoGrande,0.5,discovery,validation
471,2.068215146869938,0.11890905688622755,0.9012360433998235,55403,2639,0.04763279966788802,35069,1590,0.04533918845704183,2772,1016,0.3665223665223665,WinoGrande,0.5,discovery,validation
472,1.9695904120643162,0.09067178143712573,0.898914222038919,55427,2704,0.04878488823136738,35092,1595,0.045451954861506896,2791,1014,0.3633106413471874,WinoGrande,0.5,discovery,validation
473,0.8477766069572422,0.03893610294938074,0.9111089898626765,55452,2372,0.04277573396811657,35094,1372,0.039095001994642956,2797,924,0.330353950661423,WinoGrande,0.5,discovery,validation
474,0.7182338600440157,0.03734785863056496,0.9060599349754437,55484,2521,0.045436522240645955,35112,1445,0.04115402141717931,2821,972,0.3445586671393123,WinoGrande,0.5,discovery,validation
475,0.8939432229665735,0.03871524369294198,0.9062707184449788,55445,2504,0.04516187212552981,35089,1610,0.04588332525862806,2805,1076,0.3836007130124777,WinoGrande,0.5,discovery,validation
476,1.9685174930171967,0.10070212835199166,0.8966324491612089,55449,2775,0.050045988205377916,35102,1637,0.04663551934362714,2803,1047,0.37352836246878346,WinoGrande,0.5,discovery,validation
477,0.7744462828141224,0.03409431137724552,0.9106163562629338,55449,2390,0.04310267092282999,35096,1313,0.03741167084568042,2793,914,0.3272466881489438,WinoGrande,0.5,discovery,validation
478,1.2890110411602989,0.1071762724550898,0.8955417887275953,55423,2799,0.05050249896252458,35084,1601,0.04563333713373618,2794,983,0.35182534001431637,WinoGrande,0.5,discovery,validation
479,1.0792191522753447,0.06956603098151525,0.9113971303090506,55494,2379,0.04286949940534112,35108,1395,0.03973453343967187,2808,1007,0.35861823361823364,WinoGrande,0.5,discovery,validation
480,1.3184644530586473,0.07810628742514972,0.8949613135763047,55419,2810,0.05070463198542016,35078,1626,0.04635384001368379,2797,1026,0.366821594565606,WinoGrande,0.5,discovery,validation
481,2.086080325731854,0.13888391694871127,0.8983181410339836,55486,2739,0.049363803481959415,35120,1568,0.04464692482915718,2814,963,0.3422174840085288,WinoGrande,0.5,discovery,validation
482,0.7092144060122455,0.0653697727495828,0.9016166901715528,55487,2648,0.047722890046317155,35116,1511,0.04302881877206971,2811,987,0.3511205976520811,WinoGrande,0.5,discovery,validation
483,1.8667475313532114,0.05413762638657112,0.8821028388540835,55482,3190,0.05749612486932699,35106,1908,0.05434968381473253,2819,1066,0.37814827953174884,WinoGrande,0.5,discovery,validation
484,1.476153962529139,0.057514435414884525,0.904874538844133,55451,2546,0.04591441092135399,35091,1548,0.04411387535265453,2807,991,0.35304595653722837,WinoGrande,0.5,discovery,validation
485,0.7119180792297989,0.0414524212444676,0.9110538210770296,55430,2372,0.042792711528053404,35087,1342,0.03824778407957363,2798,1004,0.3588277340957827,WinoGrande,0.5,discovery,validation
486,1.2746634359553797,0.040993905047048765,0.9241110019728228,55451,2011,0.0362662530883122,35093,1118,0.03185820534009631,2779,840,0.3022670025188917,WinoGrande,0.5,discovery,validation
487,0.8903216800962394,0.02293470791844678,0.8974677890742853,55427,2745,0.04952459992422466,35072,1537,0.043824133211678835,2788,980,0.351506456241033,WinoGrande,0.5,discovery,validation
488,1.6195033727329229,0.044019298359802124,0.9151150318199449,55420,2252,0.04063514976542764,35091,1239,0.0353081986834231,2792,899,0.3219914040114613,WinoGrande,0.5,discovery,validation
489,0.5310106148680169,0.03376765490757615,0.9101318621924348,55455,2399,0.04326030114507258,35095,1341,0.03821057130645391,2797,927,0.33142652842331066,WinoGrande,0.5,discovery,validation
490,0.973891834941335,0.06684530529105723,0.914112886614648,55469,2294,0.04135643332311742,35096,1334,0.03801002963300661,2794,946,0.33858267716535434,WinoGrande,0.5,discovery,validation
491,1.237604462632364,0.08567918510804479,0.9100388855456164,55469,2408,0.04341163532784078,35100,1362,0.0388034188034188,2794,916,0.3278453829634932,WinoGrande,0.5,discovery,validation
492,1.0481873383056703,0.045656688671836664,0.8950459096522008,55450,2818,0.05082055906221822,35093,1733,0.04938306784828883,2816,1072,0.3806818181818182,WinoGrande,0.5,discovery,validation
493,0.8313562444303828,0.056633607784431134,0.8925417539506155,55440,2885,0.052038239538239536,35092,1648,0.04696227060298644,2806,1025,0.36528866714183894,WinoGrande,0.5,discovery,validation
494,0.5027545849751052,0.041261227544910184,0.9050138865906787,55464,2549,0.04595773835280542,35107,1494,0.042555615689178795,2802,966,0.34475374732334046,WinoGrande,0.5,discovery,validation
495,1.8406754001387367,0.09355880630044258,0.9155430930725833,55437,2245,0.04049641935891192,35086,1340,0.038191871401698683,2790,945,0.3387096774193548,WinoGrande,0.5,discovery,validation
496,1.5090164516564815,0.04430527531892737,0.9075616961101913,55394,2460,0.04440914178430877,35071,1405,0.040061589347324,2782,975,0.35046728971962615,WinoGrande,0.5,discovery,validation
497,0.8267067062414507,0.028012724550898205,0.9059775751529009,55463,2517,0.04538160575518815,35094,1532,0.04365418590072377,2801,1054,0.37629418064976794,WinoGrande,0.5,discovery,validation
498,0.7325574955846975,0.020930189310819358,0.9197062840029514,55479,2140,0.038573153805944595,35116,1136,0.0323499259596765,2809,862,0.3068707725169099,WinoGrande,0.5,discovery,validation
499,1.616639382517111,0.08893819503849443,0.8984721017161988,55431,2721,0.049088055420252207,35090,1492,0.04251923624964377,2799,984,0.3515541264737406,WinoGrande,0.5,discovery,validation
500,0.9063887049762184,0.06418811966231472,0.8790201331679722,55466,3266,0.05888291926585656,35097,2154,0.061372766903154116,2828,1171,0.4140735502121641,WinoGrande,0.5,discovery,validation
501,1.8641416410139025,0.10917100225777954,0.8489565390723972,55459,4102,0.07396455038857534,35088,2921,0.08324783401732787,2824,1246,0.4412181303116147,WinoGrande,0.5,discovery,validation
502,1.6738509273332294,0.04391093081122146,0.8979806722737995,55445,2730,0.0492379835873388,35079,1694,0.04829100031357792,2806,1068,0.3806129722024234,WinoGrande,0.5,discovery,validation
503,1.0852208382972028,0.019629491017964074,0.9126083304738051,55447,2333,0.04207621692787707,35110,1233,0.03511819994303617,2808,907,0.323005698005698,WinoGrande,0.5,discovery,validation
504,0.9106037799671673,0.030865288057425527,0.9123368302545025,55468,2342,0.04222254272733828,35116,1256,0.03576717165964233,2807,940,0.33487709298183116,WinoGrande,0.5,discovery,validation
505,1.2838685022928757,0.03177127887082977,0.9211387242806848,55428,2088,0.03767049144836545,35091,1121,0.03194551309452566,2794,854,0.30565497494631355,WinoGrande,0.5,discovery,validation
506,1.087014179272293,0.10509411504859133,0.9013398612141957,55429,2641,0.04764653881542153,35088,1579,0.045001139990880075,2784,978,0.35129310344827586,WinoGrande,0.5,discovery,validation
507,0.2602175995060047,0.01648393786198097,0.9282659478939957,55438,1893,0.03414625347234749,35084,1033,0.029443621023828526,2777,840,0.30248469571480013,WinoGrande,0.5,discovery,validation
508,0.4501141806971932,0.02973962788708297,0.9111155506229407,55450,2374,0.04281334535617674,35098,1246,0.035500598324690866,2801,868,0.30988932524098534,WinoGrande,0.5,discovery,validation
509,1.6119455335109854,0.05603143099047807,0.8802651419145329,55457,3229,0.058225291667418,35080,2062,0.05877993158494869,2818,1149,0.407735982966643,WinoGrande,0.5,discovery,validation
510,1.3168760078887793,0.02899688861763287,0.9217643931630235,55507,2093,0.037706955879438626,35126,1217,0.034646700449809255,2820,921,0.32659574468085106,WinoGrande,0.5,discovery,validation
511,1.5687163655192036,0.0738455154907576,0.9036283073536149,55422,2571,0.04638952040705857,35072,1535,0.04376710766423358,2794,993,0.35540443808160344,WinoGrande,0.5,discovery,validation
512,0.5238442285559639,0.03814558383233533,0.8841146482851817,55415,3114,0.056194171253270774,35077,1743,0.04969068050289364,2804,1027,0.36626248216833096,WinoGrande,0.5,discovery,validation
513,0.8395098808108468,0.057026571856287414,0.9096653855243817,55457,2414,0.0435292208377662,35096,1393,0.039691132892637336,2810,1000,0.35587188612099646,WinoGrande,0.5,discovery,validation
514,1.4425461726154216,0.04308953813684107,0.9031889806685862,55448,2593,0.046764536141970854,35096,1575,0.04487690904946433,2804,1006,0.3587731811697575,WinoGrande,0.5,discovery,validation
515,0.8997042586460238,0.02407006638896119,0.8942850203449728,55425,2835,0.05115020297699594,35093,1464,0.041717721482916824,2816,1023,0.36328125,WinoGrande,0.5,discovery,validation
516,1.2091567342371534,0.028576775021385795,0.8893217995848884,55454,2982,0.05377429941933855,35121,1572,0.044759545571025884,2818,988,0.35060326472675657,WinoGrande,0.5,discovery,validation
517,1.26641598313569,0.11744011976047905,0.9062585779297448,55471,2514,0.045320978529321626,35114,1546,0.04402802301076494,2803,959,0.34213342846949696,WinoGrande,0.5,discovery,validation
518,1.460143425310113,0.08600868914345222,0.9025201423100542,55463,2612,0.04709445936930927,35116,1533,0.043655313817063446,2818,991,0.3516678495386799,WinoGrande,0.5,discovery,validation
519,0.7929803268908433,0.02363398203592814,0.9191393664939662,55453,2152,0.038807638901412006,35095,1201,0.034221399059695116,2793,894,0.3200859291084855,WinoGrande,0.5,discovery,validation
520,2.4032866825156933,0.10490838974225461,0.9095137024688191,55465,2419,0.043613089335617056,35110,1581,0.04502990600968385,2816,1029,0.3654119318181818,WinoGrande,0.5,discovery,validation
521,1.2267091604807474,0.06177956586826346,0.9078873276305757,55446,2458,0.04433142156332287,35088,1404,0.04001367989056088,2795,922,0.3298747763864043,WinoGrande,0.5,discovery,validation
522,0.9396594159235189,0.0366900128314799,0.9138781064876729,55465,2296,0.041395474623636526,35110,1339,0.03813728282540587,2812,949,0.33748221906116643,WinoGrande,0.5,discovery,validation
523,1.1599538516136467,0.05614992840406146,0.9041880569172998,55456,2568,0.0463069821119446,35093,1446,0.04120479867779899,2800,971,0.3467857142857143,WinoGrande,0.5,discovery,validation
524,0.9894949482695345,0.025791143123588885,0.8918296690310157,55456,2911,0.052492065781881134,35113,1528,0.043516646256372284,2814,998,0.35465529495380244,WinoGrande,0.5,discovery,validation
525,0.6552826977468302,0.0484208214006769,0.8917773995107071,55389,2895,0.0522666955532687,35056,1559,0.044471702418986764,2786,1043,0.3743718592964824,WinoGrande,0.5,discovery,validation
526,0.4456414540688267,0.012814859411611555,0.9127761149201906,55513,2345,0.0422423576459568,35134,1329,0.037826606705755106,2826,953,0.3372257607926398,WinoGrande,0.5,discovery,validation
527,0.7093270062120879,0.025056137724550887,0.9143930792455074,55441,2278,0.04108872495084865,35088,1277,0.036394208846329226,2791,911,0.32640630598351844,WinoGrande,0.5,discovery,validation
528,0.8121548883985495,0.025533308383233533,0.9077465429430588,55419,2455,0.044298886663418684,35073,1404,0.04003079291762895,2789,934,0.334887056292578,WinoGrande,0.5,discovery,validation
529,1.1690709963326413,0.030627803551841432,0.8816663679594786,55374,3173,0.057301260519377326,35070,1677,0.047818648417450815,2789,991,0.35532448906418074,WinoGrande,0.5,discovery,validation
530,0.9039867379858436,0.029980218135158256,0.8979169470528494,55449,2742,0.049450846724016666,35092,1566,0.04462555568220677,2796,1034,0.3698140200286123,WinoGrande,0.5,discovery,validation
531,0.660082997812035,0.05531713212918426,0.9041376971348096,55464,2569,0.04631833261214482,35098,1494,0.042566528007293866,2809,1046,0.37237451050195797,WinoGrande,0.5,discovery,validation
532,0.5191609303347923,0.04860591317365269,0.9070459396191598,55457,2490,0.04489965198261716,35105,1332,0.03794331291838769,2811,981,0.3489861259338314,WinoGrande,0.5,discovery,validation
533,1.207368218984919,0.04668787425149702,0.9142692615727201,55474,2293,0.04133467930922594,35120,1186,0.03376993166287016,2807,850,0.3028143925899537,WinoGrande,0.5,discovery,validation
534,0.9052741664537665,0.05201689013277791,0.9019136650069572,55401,2619,0.047273514918503276,35069,1476,0.04208845419031053,2792,985,0.3527936962750716,WinoGrande,0.5,discovery,validation
535,0.38018669721976456,0.023126301744337406,0.9018401754030002,55466,2637,0.04754263873363863,35111,1408,0.040101392725926346,2808,946,0.3368945868945869,WinoGrande,0.5,discovery,validation
536,0.6437200903160005,0.038748396065012826,0.9167289548825979,55436,2213,0.03991990764124396,35084,1179,0.033605062136586476,2794,860,0.30780243378668576,WinoGrande,0.5,discovery,validation
537,0.8075837685238513,0.041261227544910184,0.9208210686316538,55416,2093,0.037768875415042584,35065,1145,0.03265364323399401,2769,901,0.3253882267966775,WinoGrande,0.5,discovery,validation
538,1.2236718066483914,0.03459019461077843,0.9044189322428542,55472,2565,0.046239544274588984,35126,1349,0.03840460058076638,2824,972,0.34419263456090654,WinoGrande,0.5,discovery,validation
539,0.6388422121464277,0.030450881024835584,0.9121515281060855,55438,2341,0.04222735307911541,35076,1394,0.03974227391948911,2782,934,0.3357296908698778,WinoGrande,0.5,discovery,validation
540,0.7308135499203176,0.012720482947149196,0.9168335385557965,55415,2205,0.03979067039610214,35078,1174,0.033468270710986944,2783,877,0.31512756018684873,WinoGrande,0.5,discovery,validation
541,1.727108075204339,0.10523952095808382,0.8992468929254113,55464,2704,0.048752343862685704,35097,1642,0.046784625466564096,2809,991,0.3527945888216447,WinoGrande,0.5,discovery,validation
542,1.3544509584347497,0.09029752994011978,0.888209362349455,55450,3013,0.054337240757439134,35102,1651,0.04703435701669421,2807,1029,0.36658354114713215,WinoGrande,0.5,discovery,validation
543,1.6392567412306558,0.10284431137724549,0.9046572622838187,55407,2538,0.04580648654502139,35074,1561,0.044505901807606774,2788,1002,0.3593974175035868,WinoGrande,0.5,discovery,validation
544,0.7588618814011154,0.06753859085108473,0.9061214829162599,55471,2514,0.045320978529321626,35100,1542,0.043931623931623934,2806,1036,0.3692088382038489,WinoGrande,0.5,discovery,validation
545,1.0246556767779742,0.07039455924217139,0.9063039324577578,55412,2498,0.04508048798094275,35079,1570,0.04475612189629123,2785,1021,0.3666068222621185,WinoGrande,0.5,discovery,validation
546,0.48598865555034393,0.03880098409737901,0.9145516414105388,55468,2285,0.041194923198961564,35107,1305,0.03717207394536702,2807,900,0.32062700391877447,WinoGrande,0.5,discovery,validation
547,0.6744362988322464,0.03484281437125748,0.9148904453716306,55408,2254,0.04068004620271441,35080,1256,0.03580387685290764,2792,905,0.3241404011461318,WinoGrande,0.5,discovery,validation
548,0.5332724101866795,0.043026718302525385,0.8958595404615424,55443,2795,0.05041213498548058,35100,1531,0.043618233618233616,2803,1038,0.37031751694612913,WinoGrande,0.5,discovery,validation
549,0.8002095521890545,0.06007503435751449,0.8909145419744373,55467,2939,0.05298646041790614,35100,1775,0.05056980056980057,2806,1097,0.3909479686386315,WinoGrande,0.5,discovery,validation
550,0.5666792383083803,0.056961077844311384,0.9115977782496114,55489,2373,0.0427652327488331,35108,1334,0.03799703771220235,2807,942,0.33558959743498396,WinoGrande,0.5,discovery,validation
551,0.902323882267754,0.06075604937665653,0.8947064628787019,55455,2828,0.05099630330898927,35096,1656,0.04718486437200821,2803,1066,0.3803068141277203,WinoGrande,0.5,discovery,validation
552,1.0802023790006479,0.08589685383331698,0.897089058222535,55448,2760,0.049776367046602224,35079,1765,0.05031500327831466,2798,1059,0.3784846318799142,WinoGrande,0.5,discovery,validation
553,2.2261059509737846,0.06281663330502217,0.893504397956423,55400,2849,0.051425992779783394,35066,1826,0.052073233331432156,2799,1099,0.3926402286530904,WinoGrande,0.5,discovery,validation
554,0.9561241973535948,0.05160660821214713,0.9014527354901485,55454,2642,0.04764309157139251,35092,1570,0.04473954177590334,2796,1025,0.3665951359084406,WinoGrande,0.5,discovery,validation
555,2.1199003676580754,0.1177154619332763,0.8950064041303284,55476,2824,0.050904895810801064,35102,1837,0.05233320038744231,2817,1043,0.37025204117855876,WinoGrande,0.5,discovery,validation
556,0.740902149525529,0.04038255011715698,0.895718369393414,55436,2799,0.05049065589147846,35106,1513,0.04309804591807668,2811,1006,0.35787975809320527,WinoGrande,0.5,discovery,validation
557,1.4596692932715534,0.06405314371257485,0.8942391998741361,55428,2837,0.05118351735584903,35102,1571,0.04475528459916814,2809,1004,0.35742257030971875,WinoGrande,0.5,discovery,validation
558,0.8074440164802119,0.047745541525644364,0.9087029316600063,55446,2439,0.04398874580673087,35115,1367,0.03892923252171437,2812,965,0.343172119487909,WinoGrande,0.5,discovery,validation
559,0.9289423336297172,0.06407185628742515,0.9137501734605039,55446,2296,0.041409659849222666,35088,1338,0.038132694938440494,2799,923,0.32976062879599854,WinoGrande,0.5,discovery,validation
560,0.3782451070504406,0.015905688622754478,0.9193114985909142,55441,2141,0.038617629552136504,35089,1144,0.032602809997435096,2785,875,0.3141831238779174,WinoGrande,0.5,discovery,validation
561,0.7494924130496491,0.03729032617993827,0.8993935746459228,55500,2710,0.04882882882882883,35108,1608,0.04580152671755725,2810,1019,0.36263345195729535,WinoGrande,0.5,discovery,validation
562,0.8972321501872808,0.03655635158254918,0.901470015146428,55426,2634,0.0475228232237578,35092,1538,0.043827653026330786,2810,1044,0.3715302491103203,WinoGrande,0.5,discovery,validation
563,0.3264325784163515,0.041729041916167664,0.9080782274503838,55453,2460,0.04436189205272934,35102,1384,0.039427952823200954,2797,981,0.35073292813728996,WinoGrande,0.5,discovery,validation
564,0.8013565241468256,0.03154004491017965,0.9093163487242505,55464,2429,0.043794172796769074,35115,1434,0.04083724903887228,2817,1030,0.36563720269790556,WinoGrande,0.5,discovery,validation
565,1.2870887217744709,0.061840458427407485,0.9023548796281813,55481,2625,0.047313494709900684,35105,1433,0.040820395954992164,2814,954,0.3390191897654584,WinoGrande,0.5,discovery,validation
566,0.7942974758350001,0.06456651913564176,0.8771859971648186,55444,3315,0.05979005843734218,35097,1850,0.05271105792517879,2821,1052,0.3729174051754697,WinoGrande,0.5,discovery,validation
567,1.239024522182655,0.06562898792578777,0.9042679321190197,55453,2568,0.04630948731358087,35100,1477,0.04207977207977208,2806,999,0.35602280826799715,WinoGrande,0.5,discovery,validation
568,1.7235408570029884,0.12484948581098673,0.896718043312389,55485,2783,0.05015770027935478,35129,1696,0.04827919952176265,2815,1056,0.37513321492007107,WinoGrande,0.5,discovery,validation
569,1.1994751131447705,0.06378181137724552,0.89731675082719,55447,2753,0.049651018089346584,35073,1706,0.04864140506942662,2799,1040,0.3715612718828153,WinoGrande,0.5,discovery,validation
570,1.1092050464496714,0.08584623785216453,0.8817220680427232,55452,3192,0.0575632979874486,35087,1892,0.05392310542366119,2813,1091,0.38784216139353006,WinoGrande,0.5,discovery,validation
571,1.036620226866848,0.03332525522725041,0.9182667291879009,55472,2181,0.03931713296798385,35110,1207,0.034377670179436055,2802,884,0.31548893647394716,WinoGrande,0.5,discovery,validation
572,0.442816152289847,0.03438205556100913,0.9014456107181229,55453,2645,0.047698050601410205,35091,1517,0.04323045795218147,2800,1007,0.35964285714285715,WinoGrande,0.5,discovery,validation
573,0.4400665533228029,0.022922904191616772,0.9102640302551334,55446,2398,0.04324928759513761,35104,1308,0.03726071103008204,2794,916,0.3278453829634932,WinoGrande,0.5,discovery,validation
574,0.8835860518570212,0.08880190438794541,0.9068763855068152,55399,2478,0.044730049278867846,35071,1397,0.03983348065353141,2779,904,0.32529686937747393,WinoGrande,0.5,discovery,validation
575,1.105627504126074,0.030391062138019044,0.90349752600036,55449,2587,0.046655485220653214,35078,1461,0.041650037060265696,2795,998,0.3570661896243292,WinoGrande,0.5,discovery,validation
576,0.7373276781164873,0.03870281977029547,0.9028465897038264,55470,2609,0.04703443302686137,35117,1491,0.0424580687416351,2810,984,0.3501779359430605,WinoGrande,0.5,discovery,validation
577,0.9230041061812568,0.05900074850299401,0.9077166792919045,55485,2480,0.04469676489141209,35110,1395,0.039732270008544575,2811,990,0.35218783351120597,WinoGrande,0.5,discovery,validation
578,0.8166349966662116,0.04024540205303678,0.9185837418006809,55461,2168,0.03909053208560971,35100,1167,0.033247863247863246,2792,889,0.31840974212034384,WinoGrande,0.5,discovery,validation
579,0.8810530591795519,0.05230164670658682,0.9125478942118274,55446,2332,0.042058940230133825,35090,1270,0.03619264747791394,2786,915,0.3284278535534817,WinoGrande,0.5,discovery,validation
580,1.5207330397016554,0.06295154256703986,0.8971503221630556,55465,2766,0.049869286937708465,35103,1535,0.043728456257299944,2810,991,0.35266903914590747,WinoGrande,0.5,discovery,validation
581,1.435245578754609,0.09211061572507158,0.9034344771579926,55451,2586,0.046635768516347764,35090,1535,0.04374465659732117,2802,985,0.3515346181299072,WinoGrande,0.5,discovery,validation
582,1.1433621390491893,0.042446163573474166,0.913676449248177,55454,2305,0.041565982616222456,35104,1259,0.03586485870556062,2800,921,0.3289285714285714,WinoGrande,0.5,discovery,validation
583,1.7893314574588557,0.10544535928143713,0.9000749397286787,55481,2689,0.04846704277139922,35107,1517,0.043210755689748484,2804,994,0.3544935805991441,WinoGrande,0.5,discovery,validation
584,0.8626474661173863,0.07533682634730539,0.8889729780486486,55469,2995,0.05399412284339,35119,1646,0.046869216093852334,2822,1086,0.3848334514528703,WinoGrande,0.5,discovery,validation
585,0.914479890844383,0.06514649272882805,0.9058965477012482,55428,2515,0.04537417911524861,35089,1425,0.04061101769785403,2798,960,0.3431022158684775,WinoGrande,0.5,discovery,validation
586,1.714688126927197,0.035267287439173164,0.8871348484052167,55453,3040,0.05482119993508016,35115,1703,0.04849779296596896,2821,1052,0.3729174051754697,WinoGrande,0.5,discovery,validation
587,2.0262138354187678,0.10318113772455088,0.886115423434972,55432,3058,0.055166690720161636,35071,1874,0.05343446152091472,2804,1139,0.4062054208273894,WinoGrande,0.5,discovery,validation
588,0.6896800261471014,0.049850299401197604,0.9131155012925329,55448,2318,0.041804934352907226,35108,1273,0.03625954198473282,2803,928,0.33107384944702106,WinoGrande,0.5,discovery,validation
589,1.9834143532229416,0.11532007705899677,0.8927913036528428,55434,2876,0.051881516758667964,35073,1881,0.05363099820374647,2810,1127,0.40106761565836296,WinoGrande,0.5,discovery,validation
590,1.466734151524802,0.05372502944929812,0.9077907587954387,55430,2458,0.04434421793252751,35069,1421,0.04052011748267701,2777,944,0.33993518185091826,WinoGrande,0.5,discovery,validation
591,0.8322110980266673,0.06509169161676648,0.9055316078501484,55446,2530,0.04562998232514519,35103,1450,0.041307010796797994,2810,993,0.35338078291814945,WinoGrande,0.5,discovery,validation
592,1.2361167158021307,0.0730993370402053,0.8973705822958339,55445,2752,0.04963477319866534,35111,1661,0.04730711173136624,2813,1062,0.3775328830430146,WinoGrande,0.5,discovery,validation
593,1.092983525321462,0.08525449101796405,0.8910123356695124,55456,2938,0.05297893825735719,35108,1682,0.04790930841973339,2816,1075,0.3817471590909091,WinoGrande,0.5,discovery,validation
594,1.1859769594604865,0.050218855766727404,0.899298892739523,55461,2707,0.048809073042318026,35116,1496,0.04260166305957398,2812,982,0.3492176386913229,WinoGrande,0.5,discovery,validation
595,1.435808141051778,0.11402873600624838,0.8897065790989027,55445,2969,0.05354856163765894,35088,1664,0.04742362061103511,2792,1004,0.35959885386819485,WinoGrande,0.5,discovery,validation
596,1.4485002308508779,0.06967993361103877,0.9077987245629145,55423,2460,0.0443859047687783,35090,1417,0.040381875178113424,2792,987,0.3535100286532951,WinoGrande,0.5,discovery,validation
597,0.7339642882119621,0.059515344311377234,0.8898222484619502,55436,2959,0.053376867017822356,35077,1867,0.05322576046982353,2809,1078,0.38376646493414024,WinoGrande,0.5,discovery,validation
598,2.022388200712464,0.12656616115594896,0.8758525982532599,55435,3347,0.06037701812934067,35077,2038,0.0581007497790575,2804,1086,0.38730385164051356,WinoGrande,0.5,discovery,validation
599,1.0279457961238805,0.039015718562874245,0.9011272349662711,55422,2644,0.047706686875248094,35079,1408,0.04013797428661022,2788,935,0.3353658536585366,WinoGrande,0.5,discovery,validation
600,2.4129936876096503,0.11462387724550896,0.8898401436972254,55450,2961,0.05339945897204689,35084,1910,0.0544407707216965,2812,1071,0.3808677098150782,WinoGrande,0.5,discovery,validation
601,0.8354019785120887,0.04665980538922154,0.8985698881425052,55436,2717,0.04901147268922722,35095,1513,0.04311155435247186,2804,1001,0.3569900142653352,WinoGrande,0.5,discovery,validation
602,1.4190824272556948,0.08507306040093725,0.9068160722752234,55415,2485,0.04484345393846431,35083,1413,0.04027591711085141,2790,936,0.33548387096774196,WinoGrande,0.5,discovery,validation
603,1.3721224916565318,0.11353931481299695,0.8962380270166483,55416,2780,0.0501660170347914,35060,1708,0.04871648602395893,2787,1071,0.38428417653390745,WinoGrande,0.5,discovery,validation
604,0.5799678020752203,0.035956212574850294,0.9090569443323903,55452,2427,0.043767582774291276,35106,1381,0.03933800489944739,2805,949,0.33832442067736185,WinoGrande,0.5,discovery,validation
605,0.6074440056461865,0.018188622754491027,0.9227680861880166,55451,2048,0.03693350886368145,35085,1081,0.030810887843807894,2788,829,0.29734576757532283,WinoGrande,0.5,discovery,validation
606,0.7890380695952834,0.05064558383233534,0.9108675607750063,55445,2379,0.0429073856975381,35097,1321,0.03763854460495199,2802,948,0.33832976445396146,WinoGrande,0.5,discovery,validation
607,1.0618187585545453,0.08698540419161677,0.897573466258596,55478,2760,0.049749450232524604,35112,1664,0.04739120528594213,2813,1050,0.37326697476004267,WinoGrande,0.5,discovery,validation
608,0.9197883468374352,0.04295872540633019,0.9148658096051407,55446,2266,0.04086859286513004,35087,1326,0.03779177473138199,2793,956,0.3422842821339062,WinoGrande,0.5,discovery,validation
609,0.40829575079028013,0.018740850444513676,0.9116243719017253,55455,2360,0.04255702822108016,35084,1367,0.03896363014479535,2789,933,0.3345285048404446,WinoGrande,0.5,discovery,validation
610,1.4287772090924997,0.019367514970059882,0.928756339097575,55470,1887,0.03401838831800973,35115,1017,0.028961982058949166,2811,822,0.29242262540021347,WinoGrande,0.5,discovery,validation
611,0.8750455826081718,0.0608036644103098,0.9061190443301409,55445,2508,0.04523401569122554,35078,1596,0.045498603113062315,2799,1047,0.3740621650589496,WinoGrande,0.5,discovery,validation
612,0.7018026806498636,0.054863122116422906,0.8948054752032912,55428,2820,0.0508768131630223,35076,1613,0.04598585927699852,2794,987,0.35325697924123123,WinoGrande,0.5,discovery,validation
613,1.147659009088764,0.060507110778443125,0.9004911264257388,55478,2677,0.04825336169292332,35118,1572,0.04476336921236972,2815,1071,0.380461811722913,WinoGrande,0.5,discovery,validation
614,0.9770030719257167,0.03463569754900138,0.9077289713724952,55439,2462,0.04440917043958224,35107,1373,0.039109009599225225,2805,991,0.3532976827094474,WinoGrande,0.5,discovery,validation
615,0.23845079510837996,0.015345845194856194,0.9096067182245344,55476,2423,0.04367654481217103,35104,1352,0.03851412944393801,2806,985,0.3510334996436208,WinoGrande,0.5,discovery,validation
616,0.5269300370327699,0.04240545548247766,0.8959284142819739,55458,2798,0.05045259475639222,35090,1559,0.044428612140210884,2796,1021,0.36516452074391986,WinoGrande,0.5,discovery,validation
617,0.9341762980100634,0.07341311229999019,0.9033962163487679,55439,2585,0.04662782517722181,35100,1454,0.04142450142450142,2799,971,0.3469096105752054,WinoGrande,0.5,discovery,validation
618,1.0426151893025368,0.06502619760479043,0.9042725149817181,55479,2571,0.04634185908181474,35113,1424,0.04055478028080768,2810,984,0.3501779359430605,WinoGrande,0.5,discovery,validation
619,0.6644426273627703,0.014523747535983926,0.9016514793880014,55419,2631,0.04747469279488984,35093,1399,0.039865500242213546,2802,955,0.3408279800142755,WinoGrande,0.5,discovery,validation
620,0.5822566570466542,0.05614708083832337,0.8978431882473972,55469,2746,0.04950512899096793,35103,1632,0.046491752841637465,2804,1059,0.3776747503566334,WinoGrande,0.5,discovery,validation
621,2.2922030725710867,0.13118735355376204,0.8957217888496942,55411,2788,0.05031491942033171,35070,1721,0.049073282007413746,2782,1002,0.3601725377426312,WinoGrande,0.5,discovery,validation
622,0.6636788384628356,0.03521077721605968,0.8952740311749968,55468,2815,0.05074998197158722,35097,1582,0.0450750776419637,2808,1030,0.3668091168091168,WinoGrande,0.5,discovery,validation
623,0.3551353491253078,0.028219376464462365,0.9144763372904673,55476,2288,0.0412430600620088,35098,1252,0.03567154823636674,2791,917,0.3285560730920817,WinoGrande,0.5,discovery,validation
624,1.6108144425684237,0.0785179640718563,0.9058716288190545,55460,2524,0.04551027767760548,35104,1391,0.03962511394712853,2803,989,0.35283624687834464,WinoGrande,0.5,discovery,validation
625,0.7932723110985067,0.041201021869304855,0.9117110830197448,55437,2355,0.04248065371502787,35101,1346,0.03834648585510384,2807,931,0.3316708229426434,WinoGrande,0.5,discovery,validation
626,0.9339483922809015,0.03242183665455974,0.9138465319604083,55438,2292,0.041343482809625166,35084,1322,0.03768099418538365,2791,958,0.34324614833393047,WinoGrande,0.5,discovery,validation
627,0.9812165447003887,0.05923465568862276,0.9080229142603041,55463,2466,0.04446207381497575,35112,1390,0.03958760537707906,2807,955,0.3402208763804774,WinoGrande,0.5,discovery,validation
628,0.22485784648848617,0.032930063785472544,0.9113310350591177,55434,2362,0.04260922899303676,35104,1302,0.0370897903372835,2806,927,0.3303635067712046,WinoGrande,0.5,discovery,validation
629,2.4437184133041883,0.08256255346449956,0.9033285709385026,55454,2587,0.04665127853716594,35094,1450,0.04131760414885736,2804,977,0.3484308131241084,WinoGrande,0.5,discovery,validation
630,0.9146404558046648,0.03497217521478779,0.9049814453286477,55472,2550,0.045969137582924716,35105,1357,0.03865546218487395,2804,960,0.34236804564907275,WinoGrande,0.5,discovery,validation
631,1.9760229543901189,0.061508233532934116,0.9067613564422592,55430,2489,0.044903481869023994,35088,1437,0.040954172366621064,2789,1033,0.3703836500537827,WinoGrande,0.5,discovery,validation
632,1.2262167612691597,0.05701988879384089,0.9146838734054746,55465,2275,0.041016857477688635,35102,1273,0.03626573984388354,2797,935,0.33428673578834467,WinoGrande,0.5,discovery,validation
633,1.1282395570876804,0.036518577751329634,0.9137852813511971,55464,2299,0.04145031011106303,35098,1369,0.039005071514046384,2806,986,0.35138987883107625,WinoGrande,0.5,discovery,validation
634,0.8930318925179404,0.04389202960538551,0.9064650470588385,55452,2501,0.045102070258962706,35092,1491,0.0424883164253961,2811,1026,0.3649946638207044,WinoGrande,0.5,discovery,validation
635,1.0765137878294866,0.08415777141369435,0.9005591981602675,55421,2658,0.04796015950632432,35086,1530,0.04360713674970074,2800,1008,0.36,WinoGrande,0.5,discovery,validation
636,0.6783555423890538,0.045605799271023165,0.8943694472853969,55413,2830,0.05107104830996337,35076,1570,0.04475994982324096,2789,1047,0.37540337038365007,WinoGrande,0.5,discovery,validation
637,0.8908097456942577,0.024761618068211415,0.913583236744244,55465,2311,0.041665915442170735,35119,1240,0.035308522452233836,2812,933,0.3317923186344239,WinoGrande,0.5,discovery,validation
638,1.5668553245481578,0.08265669747461599,0.9092053023095548,55434,2421,0.04367355774434463,35075,1514,0.04316464718460442,2796,1013,0.3623032904148784,WinoGrande,0.5,discovery,validation
639,0.8878626341508069,0.04578512255602835,0.9026982716034228,55390,2588,0.046723235241018235,35075,1474,0.04202423378474697,2793,1031,0.3691371285356248,WinoGrande,0.5,discovery,validation
640,1.8806037171145187,0.09721796161774812,0.9000718705769853,55406,2668,0.04815362957080461,35074,1612,0.04595997034840623,2797,1000,0.3575259206292456,WinoGrande,0.5,discovery,validation
641,1.6473028297968726,0.10470621257485031,0.9009827201334657,55434,2653,0.04785871486813147,35095,1563,0.04453625872631429,2803,993,0.35426328933285767,WinoGrande,0.5,discovery,validation
642,0.8445962585006825,0.041123917524893194,0.9040804678347901,55425,2562,0.04622462787550744,35091,1394,0.03972528568578838,2800,941,0.3360714285714286,WinoGrande,0.5,discovery,validation
643,0.6693297554702788,0.05807813720385315,0.9042337787209309,55452,2561,0.046184087138426026,35094,1481,0.04220094603066051,2810,1041,0.3704626334519573,WinoGrande,0.5,discovery,validation
644,1.1699846601676753,0.07129030872680867,0.8983491774492814,55474,2735,0.0493023758878033,35126,1499,0.042674941638672206,2814,943,0.3351101634683724,WinoGrande,0.5,discovery,validation
645,0.7934007242829333,0.019729495926180424,0.9147653061122029,55432,2265,0.040860874585077214,35092,1254,0.03573464037387439,2792,911,0.3262893982808023,WinoGrande,0.5,discovery,validation
646,1.3915045465308151,0.061761620202218516,0.875018091176739,55425,3366,0.060730717185385655,35066,2150,0.06131295271773227,2813,1155,0.4105936722360469,WinoGrande,0.5,discovery,validation
647,0.9228981084476651,0.06087553376852853,0.8869470532876808,55440,3038,0.0547979797979798,35079,2021,0.057612816784971065,2813,1168,0.4152150728759332,WinoGrande,0.5,discovery,validation
648,1.0930299107544257,0.04502001431918772,0.9079135986364418,55458,2463,0.04441198744996213,35110,1490,0.04243805183708345,2810,1017,0.36192170818505337,WinoGrande,0.5,discovery,validation
649,1.0027518158112911,0.07153817365269462,0.8928854598689356,55419,2872,0.05182338187264296,35084,1659,0.04728651237031125,2799,1024,0.36584494462307965,WinoGrande,0.5,discovery,validation
650,1.1124316271113763,0.09767028443113773,0.9068342810885384,55418,2484,0.04482298170269587,35093,1403,0.03997948308779529,2790,935,0.33512544802867383,WinoGrande,0.5,discovery,validation
651,1.9728087305035769,0.06547385323030754,0.8716484015703396,55453,3469,0.06255748111012929,35087,2111,0.06016473337703423,2809,1114,0.3965824136703453,WinoGrande,0.5,discovery,validation
652,1.1670106987854942,0.02927644354910991,0.924894804518157,55469,1993,0.03592997890713732,35100,1151,0.03279202279202279,2801,875,0.3123884327026062,WinoGrande,0.5,discovery,validation
653,1.4040647554916692,0.0677528870829769,0.8972437458161647,55464,2762,0.04979806721476994,35106,1684,0.04796900814675554,2815,1017,0.36127886323268205,WinoGrande,0.5,discovery,validation
654,0.5677844604517739,0.030808917878528644,0.9163301374883415,55404,2216,0.039997112121868454,35078,1222,0.0348366497519813,2778,889,0.32001439884809213,WinoGrande,0.5,discovery,validation
655,0.7244755606081797,0.016975493062342886,0.9190826079822558,55450,2152,0.038809738503156,35107,1161,0.03307032785484376,2806,908,0.323592302209551,WinoGrande,0.5,discovery,validation
656,1.0789381635948103,0.053513896120801874,0.9082222806953647,55483,2461,0.04435592884306905,35116,1329,0.03784599612712154,2807,943,0.3359458496615604,WinoGrande,0.5,discovery,validation
657,1.3025320521765082,0.027208083832335334,0.9172882337425318,55422,2195,0.039605210927068674,35097,1311,0.03735361996751859,2797,919,0.3285663210582767,WinoGrande,0.5,discovery,validation
658,0.7081162965646941,0.010398406933206192,0.9084729738592024,55456,2450,0.04417916907097519,35102,1304,0.03714888040567489,2800,979,0.34964285714285714,WinoGrande,0.5,discovery,validation
659,0.5853314181786036,0.02708261755178169,0.9169071510086899,55483,2221,0.04003027954508588,35101,1259,0.0358679239907695,2806,934,0.3328581610833927,WinoGrande,0.5,discovery,validation
660,0.9389413337399442,0.03556769657406498,0.9089622168201833,55436,2432,0.04387040912042716,35093,1302,0.03710141623685635,2796,954,0.34120171673819744,WinoGrande,0.5,discovery,validation
661,0.47242270046000695,0.025102919161676646,0.922929566117546,55456,2044,0.03685804962492787,35092,1145,0.03262851932064288,2796,837,0.29935622317596566,WinoGrande,0.5,discovery,validation
662,0.5221973921395913,0.018490938205556105,0.9074176844571877,55463,2478,0.044678434271496315,35095,1389,0.03957828750534264,2802,990,0.3533190578158458,WinoGrande,0.5,discovery,validation
663,1.5003142364486304,0.08450874889565131,0.8834114102474672,55430,3133,0.05652173913043478,35080,2123,0.0605188141391106,2815,1130,0.40142095914742454,WinoGrande,0.5,discovery,validation
664,0.679006916424862,0.04162612275449103,0.8937981909724595,55433,2853,0.051467537387476774,35102,1493,0.04253318899208022,2797,975,0.3485877726135145,WinoGrande,0.5,discovery,validation
665,1.6550304937719411,0.14662529449298123,0.8874320923819591,55464,3037,0.05475623828068657,35100,1977,0.056324786324786325,2808,1066,0.37962962962962965,WinoGrande,0.5,discovery,validation
666,0.8383443597027088,0.03310498568081228,0.9045243078923777,55460,2558,0.04612333213126578,35095,1517,0.04322553070237926,2802,974,0.34760885082084225,WinoGrande,0.5,discovery,validation
667,1.1000856160292722,0.041019998047383495,0.9211259815371629,55467,2101,0.03787837813474679,35112,1197,0.03409090909090909,2801,878,0.31345947875758656,WinoGrande,0.5,discovery,validation
668,0.7115190908169651,0.07772634079666753,0.8980667098285154,55446,2739,0.04939941564765718,35104,1562,0.04449635369188697,2804,1017,0.36269614835948644,WinoGrande,0.5,discovery,validation
669,1.1017479154222642,0.08860557573377836,0.8949636613683158,55413,2815,0.05080035370761374,35096,1622,0.04621609300205152,2805,988,0.3522281639928699,WinoGrande,0.5,discovery,validation
670,1.1160995274394874,0.09603293413173655,0.9064389789817207,55452,2506,0.04519223833225132,35093,1467,0.04180320861710313,2794,978,0.3500357909806729,WinoGrande,0.5,discovery,validation
671,1.364298166990407,0.06048839820359281,0.898302957844615,55461,2728,0.049187717495176794,35098,1557,0.04436150207989059,2806,995,0.3545972915181753,WinoGrande,0.5,discovery,validation
672,0.43962463123580275,0.018247433704020537,0.9152502983577079,55454,2258,0.040718433296065205,35096,1190,0.03390699794848416,2800,900,0.32142857142857145,WinoGrande,0.5,discovery,validation
673,0.743024340624088,0.04668299271023173,0.9019240040843628,55428,2620,0.04726852854153136,35077,1605,0.045756478604213585,2800,1037,0.3703571428571429,WinoGrande,0.5,discovery,validation
674,1.8149772497291745,0.07305573279670166,0.8826573768879947,55486,3177,0.05725768662365281,35127,1854,0.05277991288752242,2819,1086,0.38524299396949274,WinoGrande,0.5,discovery,validation
675,0.7654773917399703,0.026691047253319458,0.9196204553274221,55474,2143,0.038630709882106935,35108,1227,0.03494929930500171,2811,917,0.32621842760583425,WinoGrande,0.5,discovery,validation
676,1.1097450887068392,0.04325411676646707,0.9136964200881179,55401,2289,0.041316943737477664,35077,1355,0.03862930125153234,2784,943,0.3387212643678161,WinoGrande,0.5,discovery,validation
677,0.795129967069727,0.03852248664263977,0.9027210559131621,55417,2596,0.04684483100853529,35064,1568,0.044718229523157654,2792,1068,0.3825214899713467,WinoGrande,0.5,discovery,validation
678,1.1149481903960448,0.0770490269461078,0.8898361249497345,55486,2977,0.0536531737735645,35132,1777,0.05058066719799613,2825,1054,0.37309734513274334,WinoGrande,0.5,discovery,validation
679,0.7334849785351818,0.03662376334287948,0.9066438642645205,55429,2486,0.04485016868426275,35082,1368,0.038994356080041044,2796,944,0.3376251788268956,WinoGrande,0.5,discovery,validation
680,1.578937837810827,0.062032185628742506,0.9038876639752766,55456,2578,0.04648730525100981,35106,1419,0.04042044095026491,2801,963,0.3438057836486969,WinoGrande,0.5,discovery,validation
681,1.7393333128761779,0.11329697163050949,0.903345410201484,55467,2592,0.04673048839850722,35098,1610,0.045871559633027525,2811,1007,0.3582355033795802,WinoGrande,0.5,discovery,validation
682,1.1347259548619901,0.060134195893926434,0.9025063770428619,55430,2608,0.04705033375428468,35104,1459,0.04156221513217867,2804,1021,0.36412268188302427,WinoGrande,0.5,discovery,validation
683,1.2764022316388528,0.035450973053892214,0.9052111517088838,55424,2526,0.045575923787528866,35079,1458,0.04156332848712905,2796,986,0.35264663805436336,WinoGrande,0.5,discovery,validation
684,0.650207495197679,0.032454113512106225,0.9189690822914813,55440,2154,0.038852813852813854,35093,1252,0.035676630667084604,2796,910,0.32546494992846925,WinoGrande,0.5,discovery,validation
685,1.7269751630983154,0.1111620508982036,0.8667522752754487,55399,3592,0.0648387155002798,35070,2248,0.06410037068719704,2817,1143,0.4057507987220447,WinoGrande,0.5,discovery,validation
686,2.31892946117487,0.05968391086679099,0.8829463980863737,55460,3162,0.0570140641904075,35109,1786,0.050870147255689425,2812,1004,0.35704125177809387,WinoGrande,0.5,discovery,validation
687,0.879996152758258,0.04594857416314911,0.9023797094975177,55440,2615,0.04716810966810967,35095,1514,0.04314004843994871,2799,972,0.34726688102893893,WinoGrande,0.5,discovery,validation
688,1.9834116771402586,0.0970995508982036,0.8835980117735255,55482,3138,0.05655888396236617,35097,1920,0.054705530387212584,2820,1101,0.3904255319148936,WinoGrande,0.5,discovery,validation
689,0.9415021204193168,0.03852756443634468,0.9105825753894868,55396,2370,0.04278287240956026,35059,1389,0.03961892809264383,2798,990,0.3538241601143674,WinoGrande,0.5,discovery,validation
690,0.5134332213898123,0.018691539637352934,0.921413327494435,55481,2093,0.03772462644869415,35110,1156,0.03292509256622045,2810,898,0.3195729537366548,WinoGrande,0.5,discovery,validation
691,1.1933657578708385,0.07356295961178143,0.8855991184977865,55443,3081,0.05557058600725069,35078,1941,0.05533382747020925,2815,1139,0.40461811722912966,WinoGrande,0.5,discovery,validation
692,1.1104761857187209,0.08749049033081378,0.9118707848856301,55452,2354,0.042451128904277574,35090,1369,0.039013964092334,2787,941,0.3376390383925368,WinoGrande,0.5,discovery,validation
693,1.4003258219855592,0.11478293413173653,0.9011505322221964,55430,2646,0.0477358830957965,35084,1613,0.04597537338957929,2780,1005,0.36151079136690645,WinoGrande,0.5,discovery,validation
694,1.3565780563206626,0.07829178599323092,0.8994327528861606,55396,2682,0.04841504801790743,35070,1717,0.0489592244083262,2792,1076,0.3853868194842407,WinoGrande,0.5,discovery,validation
695,1.657498485424952,0.1335516467065868,0.8922062424783067,55464,2901,0.05230419731717871,35113,1637,0.046620909634608264,2805,994,0.35436720142602496,WinoGrande,0.5,discovery,validation
696,0.5234558090484047,0.02834034799253951,0.9054077056511098,55444,2531,0.04564966452636895,35091,1408,0.04012424838277621,2793,985,0.3526673827425707,WinoGrande,0.5,discovery,validation
697,1.6740324355492366,0.10696383871601062,0.8932998751950821,55435,2863,0.051646071976188326,35088,1756,0.05004559963520292,2807,1086,0.3868899180619879,WinoGrande,0.5,discovery,validation
698,1.1655242235554875,0.049513166290370086,0.8928051119345006,55436,2878,0.05191572263511076,35087,1752,0.04993302362698435,2812,1040,0.36984352773826457,WinoGrande,0.5,discovery,validation
699,1.0245764179360133,0.033098250220869735,0.9062409202529579,55434,2506,0.045206912725042396,35102,1399,0.039855278901487094,2803,971,0.34641455583303604,WinoGrande,0.5,discovery,validation
700,0.8715040504134458,0.06772878423480908,0.9137860623933002,55448,2301,0.04149834078776511,35107,1367,0.03893810351212009,2806,930,0.33143264433357095,WinoGrande,0.5,discovery,validation
701,0.4003396406559308,0.031026262692007298,0.9174400438642257,55422,2190,0.03951499404568583,35100,1208,0.034415954415954415,2797,900,0.32177332856632107,WinoGrande,0.5,discovery,validation
702,0.40760462335245545,0.023603261860354226,0.9110664256324292,55464,2377,0.042856627722486655,35090,1384,0.03944143630664007,2802,1013,0.36152748037116345,WinoGrande,0.5,discovery,validation
703,1.1920521058272864,0.04871952523524379,0.9151878050289257,55434,2255,0.04067900566439369,35090,1339,0.03815901966372186,2795,923,0.3302325581395349,WinoGrande,0.5,discovery,validation
704,1.1546313558825114,0.07042216795916365,0.8962428065528989,55464,2792,0.05033895860377903,35095,1609,0.04584698675024932,2810,1023,0.36405693950177936,WinoGrande,0.5,discovery,validation
705,0.6783066747924446,0.06683196107784431,0.8946228671091386,55455,2832,0.051068433865296185,35112,1591,0.045312143996354526,2812,995,0.3538406827880512,WinoGrande,0.5,discovery,validation
706,0.5417075702734594,0.029460648375380385,0.9167703563328341,55483,2225,0.04010237370005227,35112,1378,0.03924584187742083,2817,986,0.3500177493787717,WinoGrande,0.5,discovery,validation
707,1.3295305155432673,0.0279660964955335,0.8938045235242968,55483,2866,0.05165546203341564,35130,1559,0.044378024480500995,2827,1028,0.36363636363636365,WinoGrande,0.5,discovery,validation
708,0.7964890788213025,0.031744546621043646,0.9087827608929914,55440,2437,0.04395743145743146,35088,1371,0.039073187414500686,2798,931,0.3327376697641172,WinoGrande,0.5,discovery,validation
709,2.007265036993856,0.10041737177818275,0.9011001048015157,55499,2669,0.0480909565938125,35115,1555,0.044283069913142535,2816,1055,0.37464488636363635,WinoGrande,0.5,discovery,validation
710,0.5369834991447971,0.023513023845395456,0.9157879837257711,55467,2250,0.04056466006814863,35112,1166,0.03320802005012531,2803,881,0.31430610060649306,WinoGrande,0.5,discovery,validation
711,0.6734786853144631,0.051286259448316496,0.9103930895096556,55418,2382,0.042982424483019956,35073,1458,0.04157043879907621,2795,988,0.35348837209302325,WinoGrande,0.5,discovery,validation
712,2.1386667776017507,0.14847814616668303,0.8779635788907668,55428,3287,0.05930215775420365,35082,2142,0.061056952283222166,2804,1159,0.41333808844507847,WinoGrande,0.5,discovery,validation
713,2.940496588173005,0.24537860753902035,0.8745798256971504,55463,3395,0.061211979157276025,35099,2246,0.06399042707769452,2797,986,0.35252055774043617,WinoGrande,0.5,discovery,validation
714,1.3956127943869479,0.07625374251497007,0.9052179939498485,55432,2533,0.04569562707461394,35110,1470,0.04186841355739106,2816,1031,0.3661221590909091,WinoGrande,0.5,discovery,validation
715,1.1597830820615562,0.10140374987729459,0.9056755683955251,55457,2528,0.045584867555042645,35098,1516,0.04319334435010542,2795,992,0.3549194991055456,WinoGrande,0.5,discovery,validation
716,0.583614401827968,0.03001450515118831,0.9209735361215672,55443,2097,0.037822628645636056,35094,1181,0.03365247620675899,2785,876,0.31454219030520647,WinoGrande,0.5,discovery,validation
717,0.6200585914116351,0.024756387845427164,0.9113046163654754,55455,2368,0.042701289333693986,35106,1323,0.037685865663989064,2806,936,0.33357091945830364,WinoGrande,0.5,discovery,validation
718,0.9548494899743206,0.06455838323353294,0.9029366754652878,55452,2602,0.04692346533939263,35108,1354,0.03856670844252022,2811,915,0.3255069370330843,WinoGrande,0.5,discovery,validation
719,0.9197651541209622,0.06070389957789339,0.9021401037008969,55437,2613,0.0471345852048271,35086,1477,0.04209656273157385,2801,990,0.35344519814352016,WinoGrande,0.5,discovery,validation
720,0.669252595086575,0.011117110042210653,0.9064430560313668,55478,2510,0.045243159450593026,35095,1401,0.03992021655506482,2801,1008,0.35987147447340234,WinoGrande,0.5,discovery,validation
721,1.2926292365430372,0.03270690761334474,0.9081736602355656,55498,2469,0.04448808966088868,35127,1337,0.038061889714464656,2816,962,0.3416193181818182,WinoGrande,0.5,discovery,validation
722,1.244587922576263,0.029103882399136145,0.9125959120646683,55481,2341,0.042194625187000956,35122,1322,0.037640225499686805,2815,934,0.33179396092362345,WinoGrande,0.5,discovery,validation
723,1.0140212459555602,0.06618576371846471,0.907468400025109,55464,2478,0.04467762873215059,35109,1444,0.04112905522800422,2817,991,0.35179268725594603,WinoGrande,0.5,discovery,validation
724,1.5792413465313282,0.07634730538922155,0.9094516328227656,55431,2412,0.043513557395681114,35096,1505,0.042882379758377026,2808,1038,0.3696581196581197,WinoGrande,0.5,discovery,validation
725,2.3655946398420955,0.15605213752822222,0.8852720146372334,55488,3103,0.05592200115340254,35112,1880,0.053542948279790385,2810,1055,0.37544483985765126,WinoGrande,0.5,discovery,validation
726,2.035043550802102,0.10433074069252798,0.8879240420187952,55443,3017,0.054416247317064376,35103,1767,0.05033757798478763,2814,1070,0.3802416488983653,WinoGrande,0.5,discovery,validation
727,1.1923435661356725,0.07590389872429054,0.8968032601103287,55460,2774,0.05001803101334295,35092,1671,0.047617690641741706,2794,1051,0.37616320687186827,WinoGrande,0.5,discovery,validation
728,0.7730082940185663,0.04538719691764015,0.9058383651222561,55443,2513,0.04532583013184712,35080,1486,0.04236031927023945,2798,979,0.3498927805575411,WinoGrande,0.5,discovery,validation
729,0.7389757959880014,0.07445457445764209,0.900440744405864,55411,2662,0.04804100268899677,35068,1600,0.045625641610585146,2795,1022,0.3656529516994633,WinoGrande,0.5,discovery,validation
730,2.4287507726509947,0.11585117807862534,0.9002944955368098,55437,2672,0.04819885635947111,35108,1592,0.04534579013330295,2805,1005,0.3582887700534759,WinoGrande,0.5,discovery,validation
731,1.3470295371206427,0.09812598164327084,0.9071964669742201,55480,2488,0.044844989185292,35123,1496,0.042593172564985904,2815,1016,0.36092362344582596,WinoGrande,0.5,discovery,validation
732,1.072386609025041,0.05809640963973693,0.9117565462598313,55450,2353,0.0424346257889991,35086,1360,0.03876189933306732,2793,981,0.35123523093447906,WinoGrande,0.5,discovery,validation
733,0.4944020073753714,0.028853976828950804,0.9138765461203803,55469,2304,0.04153671420072473,35105,1294,0.036860846033328586,2798,932,0.3330950679056469,WinoGrande,0.5,discovery,validation
734,1.1230580404943855,0.01897455089820359,0.8806534337372075,55473,3227,0.05817244425215871,35110,1736,0.049444602677299915,2819,1052,0.3731819794253281,WinoGrande,0.5,discovery,validation
735,0.659255642252707,0.041027320359281444,0.904990049213007,55483,2553,0.04601409440729593,35120,1423,0.040518223234624146,2810,979,0.34839857651245554,WinoGrande,0.5,discovery,validation
736,1.187266765820837,0.05963209450663891,0.9102330134064701,55451,2398,0.04324538781987701,35099,1378,0.03926037778854098,2793,968,0.34658073755818114,WinoGrande,0.5,discovery,validation
737,0.6775439912310068,0.06415739948674079,0.8857571123335414,55446,3076,0.05547740143563106,35094,1667,0.04750099732147946,2813,1047,0.3722004976892997,WinoGrande,0.5,discovery,validation
738,1.1970497871761938,0.05875341707888571,0.913512336989996,55483,2317,0.041760539264279146,35105,1335,0.03802877083036604,2802,932,0.3326195574589579,WinoGrande,0.5,discovery,validation
739,0.677649543586617,0.039003448021988824,0.9084137171883697,55407,2436,0.043965563917916506,35077,1281,0.03651965675513869,2785,911,0.32710951526032317,WinoGrande,0.5,discovery,validation
740,1.037383874301251,0.048795072897682895,0.879693435897295,55485,3257,0.05870054969811661,35114,1729,0.04923961952497579,2809,1020,0.3631185475258099,WinoGrande,0.5,discovery,validation
741,1.2958369911634364,0.08238414475397032,0.8893137755712818,55414,2970,0.05359656404518714,35085,1734,0.04942283026934587,2801,1073,0.38307747233131023,WinoGrande,0.5,discovery,validation
742,0.729281501809876,0.054126122754491024,0.8961823165239369,55474,2795,0.0503839636586509,35107,1589,0.04526162873501011,2816,1038,0.36860795454545453,WinoGrande,0.5,discovery,validation
743,0.44688195413048204,0.007877994011976058,0.9113550882452677,55468,2375,0.042817480349030074,35112,1298,0.03696741854636591,2807,955,0.3402208763804774,WinoGrande,0.5,discovery,validation
744,0.8442148801614403,0.04462949101796407,0.9061817243187837,55466,2511,0.04527097681462518,35107,1505,0.04286894351553821,2812,997,0.35455192034139404,WinoGrande,0.5,discovery,validation
745,0.9512376316112945,0.05033275839625098,0.9012822404729097,55460,2643,0.047655968265416515,35082,1552,0.044239210991391595,2801,1062,0.3791503034630489,WinoGrande,0.5,discovery,validation
746,2.098513253868287,0.04408858690317157,0.9100339897811266,55474,2410,0.04344377546237877,35117,1410,0.04015149357860865,2810,950,0.33807829181494664,WinoGrande,0.5,discovery,validation
747,2.0670419367131347,0.10804640718562876,0.8821850889581804,55400,3160,0.05703971119133574,35062,2113,0.06026467400604643,2802,1168,0.41684511063526053,WinoGrande,0.5,discovery,validation
748,0.44956172126382626,0.03262890203200157,0.9060878863084914,55437,2508,0.045240543319443695,35081,1446,0.04121889341808956,2794,998,0.35719398711524697,WinoGrande,0.5,discovery,validation
749,0.6926164053846803,0.02711986740804106,0.9096376250996914,55441,2411,0.043487671578795475,35078,1270,0.03620502879297566,2793,895,0.32044396706050843,WinoGrande,0.5,discovery,validation
750,0.9446690121665137,0.057557439468888326,0.9068052013744821,55482,2501,0.04507768285209617,35119,1398,0.039807511603405565,2815,1018,0.3616341030195382,WinoGrande,0.5,discovery,validation
751,2.6104691387010073,0.14292664670658684,0.8912781191741515,55415,2910,0.05251285752954976,35056,1846,0.05265860337745322,2790,1060,0.37992831541218636,WinoGrande,0.5,discovery,validation
752,0.5507814297208232,0.015490330813782276,0.8988793804735764,55429,2710,0.0488913745512277,35108,1435,0.040873874900307625,2809,937,0.3335706657173371,WinoGrande,0.5,discovery,validation
753,0.7884321180731741,0.03770737214096396,0.9036307161529017,55466,2588,0.046659214654022285,35107,1368,0.038966587859970946,2799,933,0.3333333333333333,WinoGrande,0.5,discovery,validation
754,0.7346458192007971,0.029615870717581233,0.8967135546667936,55464,2779,0.050104572335208424,35124,1481,0.04216490149185742,2815,979,0.3477797513321492,WinoGrande,0.5,discovery,validation
755,0.5430917996263549,0.0723989520958084,0.8907648599572173,55491,2954,0.05323385774269701,35132,1718,0.04890128657634066,2824,1075,0.3806657223796034,WinoGrande,0.5,discovery,validation
756,2.818494289441261,0.20217309945326742,0.8911980430159487,55437,2925,0.0527625953785378,35085,1919,0.054695738919766285,2787,1025,0.3677789738069609,WinoGrande,0.5,discovery,validation
757,1.217454723628763,0.058824315654405476,0.9195995995413819,55466,2138,0.038546136371831394,35101,1193,0.033987635679895156,2790,877,0.314336917562724,WinoGrande,0.5,discovery,validation
758,0.3993661671043513,0.011845059880239508,0.9216337268808784,55469,2087,0.037624619156646055,35105,1121,0.031932773109243695,2801,856,0.3056051410210639,WinoGrande,0.5,discovery,validation
759,1.4988882353462862,0.02007986369182012,0.9057699944950063,55442,2519,0.045434868871974315,35095,1301,0.037070807807379966,2802,956,0.34118486795146324,WinoGrande,0.5,discovery,validation
760,0.597223092858636,0.020446684271209138,0.9095871042197464,55462,2419,0.04361544841513108,35101,1397,0.03979943591350674,2802,1004,0.35831548893647397,WinoGrande,0.5,discovery,validation
761,0.9887057963494497,0.055706721802297035,0.9141305475233128,55437,2284,0.041199920630625754,35102,1230,0.03504073841946328,2798,919,0.3284488920657613,WinoGrande,0.5,discovery,validation
762,0.5103329796146739,0.042555462844802196,0.8942502667574165,55447,2838,0.05118401356250113,35076,1744,0.049720606682632,2821,1003,0.3555476781283233,WinoGrande,0.5,discovery,validation
763,2.2204662164187234,0.09149112489307099,0.911436776506826,55455,2368,0.042701289333693986,35107,1424,0.04056171133961888,2804,989,0.35271041369472184,WinoGrande,0.5,discovery,validation
764,1.141878677829624,0.10752245508982036,0.9083559828002117,55482,2459,0.044320680581089365,35111,1464,0.04169633448207115,2803,1002,0.35747413485551194,WinoGrande,0.5,discovery,validation
765,1.4419660368031713,0.0853334092684197,0.8988570227755319,55438,2709,0.04886539918467477,35084,1578,0.0449777676433702,2802,1003,0.3579586009992862,WinoGrande,0.5,discovery,validation
766,1.4469791045147737,0.11164965151663886,0.8910422016228726,55457,2931,0.05285175902050237,35080,1839,0.0524230330672748,2814,1098,0.39019189765458423,WinoGrande,0.5,discovery,validation
767,0.4491620347424746,0.036762073678729495,0.8983644271943616,55437,2726,0.049172935043382576,35101,1548,0.04410130765505256,2815,999,0.35488454706927175,WinoGrande,0.5,discovery,validation
768,0.41541284638074283,0.01806577063264775,0.9125982871066768,55449,2332,0.042056664682861726,35104,1251,0.0356369644484959,2800,945,0.3375,WinoGrande,0.5,discovery,validation
769,0.567286215693961,0.021059782608695652,0.9185331105718725,55455,2169,0.03911279415742494,35106,1213,0.03455249814846465,2799,863,0.30832440157199,WinoGrande,0.5,discovery,validation
770,0.9073155715184833,0.04447979041916167,0.8895590523265021,55461,2970,0.05355114404716828,35096,1818,0.051800775017095964,2820,1128,0.4,WinoGrande,0.5,discovery,validation
771,0.19455126840733605,0.019563997005988036,0.905455998541161,55470,2537,0.04573643410852713,35116,1354,0.03855792231461442,2803,934,0.3332144131287906,WinoGrande,0.5,discovery,validation
772,0.848098496658974,0.051216317365269465,0.9040336569770474,55407,2554,0.04609525872182215,35084,1490,0.04246950176718732,2790,1003,0.3594982078853047,WinoGrande,0.5,discovery,validation
773,1.7207211578945991,0.10819529419422025,0.9019632023898213,55457,2630,0.04742413040734263,35099,1513,0.043106641214849424,2796,989,0.35371959942775394,WinoGrande,0.5,discovery,validation
774,0.29047842064257023,0.007106710492059345,0.8912511253287065,55492,2938,0.05294456858646291,35126,1549,0.04409838865797415,2818,1052,0.37331440738112137,WinoGrande,0.5,discovery,validation
775,0.42036531026145124,0.033833148919552185,0.8984270484643222,55420,2719,0.04906171057380007,35058,1384,0.03947743738946888,2792,983,0.35207736389684813,WinoGrande,0.5,discovery,validation
776,0.6142069125713118,0.060235778443113785,0.9207198018607349,55449,2106,0.03798084726505437,35091,1163,0.033142401185489154,2788,885,0.31743185078909614,WinoGrande,0.5,discovery,validation
777,0.9365134175217082,0.09115830838323354,0.9070495918241147,55478,2497,0.04500883232993259,35120,1495,0.042568337129840546,2812,1017,0.3616642958748222,WinoGrande,0.5,discovery,validation
778,1.1470180946005863,0.03546567579127459,0.8791291051772061,55457,3265,0.058874443262347406,35125,1801,0.05127402135231317,2824,1035,0.3665014164305949,WinoGrande,0.5,discovery,validation
779,1.5291376845620572,0.07332481775579279,0.8930135552932251,55462,2880,0.05192744581875879,35116,1505,0.04285795648707142,2823,1002,0.35494155154091395,WinoGrande,0.5,discovery,validation
780,1.83463395435687,0.07648228133896141,0.9092657491050125,55454,2427,0.04376600425577957,35099,1443,0.04111228240120801,2797,993,0.3550232391848409,WinoGrande,0.5,discovery,validation
781,0.9544262009633108,0.047008661248930696,0.8955067939994158,55437,2806,0.05061601457510327,35073,1726,0.049211644284777464,2804,1093,0.3898002853067047,WinoGrande,0.5,discovery,validation
782,0.9502947972671224,0.046126497005988025,0.904228702022131,55417,2557,0.04614107584315282,35101,1353,0.03854591037292385,2799,965,0.3447659878528046,WinoGrande,0.5,discovery,validation
783,2.7971620321672135,0.12901506769070553,0.8865297639751678,55412,3049,0.055024182487547826,35085,1801,0.0513324782670657,2806,1049,0.37384176764076976,WinoGrande,0.5,discovery,validation
784,1.124345662881343,0.05533633819317887,0.9147265718181629,55494,2285,0.041175622589829534,35116,1222,0.03479895204465201,2801,847,0.30239200285612283,WinoGrande,0.5,discovery,validation
785,1.2036591296181485,0.018260698844648544,0.9113680722398777,55470,2369,0.04270776996574725,35107,1287,0.03665935568405161,2808,918,0.3269230769230769,WinoGrande,0.5,discovery,validation
786,1.411501121287402,0.028248538052700216,0.9141028531362205,55430,2284,0.041205123579289196,35086,1345,0.038334378384540846,2800,946,0.33785714285714286,WinoGrande,0.5,discovery,validation
787,0.9261249831669385,0.02690868263473053,0.9199740084505972,55439,2123,0.03829434152852685,35085,1145,0.03263502921476415,2789,860,0.3083542488347078,WinoGrande,0.5,discovery,validation
788,1.181262593820536,0.05918848777854127,0.9091513781309359,55419,2420,0.043667334307728393,35099,1386,0.039488304510100006,2801,968,0.3455908604069975,WinoGrande,0.5,discovery,validation
789,0.6765533946287163,0.021698450924238482,0.9150842079419382,55451,2264,0.04082883987664785,35106,1247,0.03552099356235401,2811,902,0.3208822483102099,WinoGrande,0.5,discovery,validation
790,1.9138825891920552,0.1435067365269461,0.9108807855335251,55434,2377,0.04287982104845402,35090,1475,0.042034767740096894,2781,914,0.32865875584322185,WinoGrande,0.5,discovery,validation
791,0.7756326575301341,0.032157559880239515,0.9031364644239155,55464,2595,0.046787105149286023,35106,1476,0.042044095026491195,2814,1004,0.35678749111584934,WinoGrande,0.5,discovery,validation
792,0.9591642272686332,0.046053640669480714,0.8822761667285033,55451,3173,0.05722169122288146,35083,1895,0.054014764985890605,2813,1105,0.3928190543903306,WinoGrande,0.5,discovery,validation
793,0.8500864687643814,0.06474090752920389,0.9047437722997594,55443,2546,0.045921036018974445,35087,1589,0.045287428392282045,2801,1049,0.37450910389146735,WinoGrande,0.5,discovery,validation
794,0.8001878904792422,0.054449524863316834,0.9025964921707923,55418,2605,0.047006387816232995,35076,1459,0.04159539286121565,2806,982,0.3499643620812545,WinoGrande,0.5,discovery,validation
795,1.656936727414924,0.05680080057276749,0.9015169614676414,55394,2624,0.04736975123659602,35072,1406,0.040088959854014596,2790,928,0.3326164874551971,WinoGrande,0.5,discovery,validation
796,1.7863495644702614,0.09739081619369958,0.8818434018510566,55445,3186,0.05746235007665254,35079,1933,0.055104193392057924,2810,1114,0.39644128113879,WinoGrande,0.5,discovery,validation
797,1.236428575757093,0.05251684131736528,0.889431438658094,55445,2974,0.05363874109477861,35096,1793,0.05108844312742193,2809,1014,0.3609825560697757,WinoGrande,0.5,discovery,validation
798,0.7269733712864407,0.029208702160895612,0.8917389240085443,55410,2903,0.05239126511460025,35093,1478,0.042116661442452914,2809,949,0.3378426486294055,WinoGrande,0.5,discovery,validation
799,0.6536416668212813,0.02819049401197605,0.9063222139346014,55475,2512,0.04528165840468679,35111,1377,0.03921847853948905,2809,954,0.33962264150943394,WinoGrande,0.5,discovery,validation
800,0.49948278779892336,0.028996355115855264,0.9041295933277911,55458,2570,0.046341375455299504,35094,1432,0.040804695959423265,2802,952,0.3397573162027123,WinoGrande,0.5,discovery,validation
801,1.2528465622989298,0.03809301771164931,0.9011702621544517,55438,2647,0.04774703272123814,35084,1501,0.042783035001710185,2798,988,0.3531093638313081,WinoGrande,0.5,discovery,validation
802,1.1456500021724598,0.03718357342691666,0.9048067082458677,55460,2552,0.04601514605120808,35116,1591,0.04530698257204693,2818,1032,0.36621717530163234,WinoGrande,0.5,discovery,validation
803,0.9236254033748676,0.08382297904191618,0.9034138832111058,55493,2601,0.04687077649433262,35109,1522,0.04335070779572189,2811,1010,0.3593027392387051,WinoGrande,0.5,discovery,validation
804,1.2969745202179412,0.08699313329862017,0.9089297877016824,55458,2434,0.0438890692055249,35096,1423,0.040545931160246185,2795,982,0.35134168157423973,WinoGrande,0.5,discovery,validation
805,0.8366737376862547,0.06256135270442723,0.8978405390553008,55401,2727,0.04922293821411166,35073,1652,0.047101759187979354,2809,1072,0.3816304734781061,WinoGrande,0.5,discovery,validation
806,1.0598487156944023,0.056483907185628734,0.8822721858717106,55477,3186,0.05742920489572255,35115,1709,0.04866866011675922,2816,1043,0.3703835227272727,WinoGrande,0.5,discovery,validation
807,0.38416136347234014,0.0188823246364414,0.9233477362642365,55453,2034,0.03667971074603719,35114,1178,0.0335478726433901,2802,908,0.3240542469664525,WinoGrande,0.5,discovery,validation
808,0.9848187652874121,0.023549368653996355,0.9108805628749564,55453,2382,0.04295529547544768,35109,1346,0.03833774815574354,2810,998,0.3551601423487544,WinoGrande,0.5,discovery,validation
809,1.018753452146657,0.06287885294983803,0.9061007426075998,55434,2506,0.045206912725042396,35088,1480,0.0421796625626995,2800,995,0.35535714285714287,WinoGrande,0.5,discovery,validation
810,1.6198091512598238,0.12095839059585747,0.8814155642929452,55456,3200,0.05770340450086555,35091,1825,0.05200763728591377,2815,1016,0.36092362344582596,WinoGrande,0.5,discovery,validation
811,1.5418564461758595,0.05215810614795254,0.9086164048341275,55440,2439,0.043993506493506494,35081,1427,0.04067728970097774,2797,920,0.328923846978906,WinoGrande,0.5,discovery,validation
812,3.1094987911242553,0.16239708083832333,0.873802625599198,55383,3389,0.06119206254626871,35048,2536,0.07235790915316138,2813,1214,0.4315677212939922,WinoGrande,0.5,discovery,validation
813,1.024160747717733,0.05276485962501226,0.9125978903633621,55406,2322,0.041908818539508355,35091,1195,0.034054315921461346,2790,855,0.3064516129032258,WinoGrande,0.5,discovery,validation
814,0.5480309562107187,0.02967814371257485,0.9006435379065806,55440,2660,0.047979797979797977,35092,1545,0.04402712869029978,2810,1032,0.36725978647686836,WinoGrande,0.5,discovery,validation
815,0.5879487433829496,0.043607968489251,0.8970921783835608,55470,2766,0.04986479177934018,35101,1695,0.04828922252927267,2813,1046,0.37184500533238535,WinoGrande,0.5,discovery,validation
816,0.8276008669080697,0.05776203740060862,0.915631291834418,55439,2246,0.04051299626616642,35087,1270,0.03619574201271126,2784,910,0.32686781609195403,WinoGrande,0.5,discovery,validation
817,1.508295654606436,0.08990471925002455,0.896030284438779,55486,2799,0.05044515733698591,35110,1745,0.04970093990316149,2816,1081,0.3838778409090909,WinoGrande,0.5,discovery,validation
818,1.9356774984978367,0.0890437874251497,0.900412087055404,55459,2674,0.04821579905876413,35095,1498,0.04268414304031913,2794,966,0.3457408732999284,WinoGrande,0.5,discovery,validation
819,0.8548338864731535,0.02257538494439692,0.9209157412579076,55449,2102,0.03790870890367725,35099,1097,0.03125445169378045,2797,876,0.31319270647121916,WinoGrande,0.5,discovery,validation
820,1.0386029517139215,0.0726084715814273,0.8789676324844184,55456,3263,0.058839440276976344,35083,2317,0.06604338283499131,2817,1217,0.43201987930422436,WinoGrande,0.5,discovery,validation
821,1.3034006091726078,0.0884936070481987,0.8983765641540066,55454,2727,0.04917589353337902,35090,1682,0.047933884297520664,2805,1054,0.37575757575757573,WinoGrande,0.5,discovery,validation
822,0.6372619659368957,0.02559612917023096,0.9232551874923756,55438,2035,0.036707673436992674,35098,1091,0.031084392273063994,2792,858,0.30730659025787965,WinoGrande,0.5,discovery,validation
823,0.7944085215035636,0.019424466284821654,0.9204927071766952,55470,2117,0.03816477375157743,35106,1135,0.03233065572836552,2798,847,0.30271622587562547,WinoGrande,0.5,discovery,validation
824,1.8562246039754517,0.11870674634337881,0.8688510439047534,55463,3551,0.06402466509204334,35089,2153,0.06135826042349454,2811,1156,0.4112415510494486,WinoGrande,0.5,discovery,validation
825,1.032243175439339,0.033715940484370835,0.9076409171258083,55443,2469,0.044532222282344026,35092,1426,0.04063604240282685,2801,967,0.3452338450553374,WinoGrande,0.5,discovery,validation
826,0.982237646038366,0.05403459385576671,0.9069478172796755,55451,2491,0.04492254422823754,35097,1300,0.037040202866341854,2793,910,0.3258145363408521,WinoGrande,0.5,discovery,validation
827,0.6915415131319199,0.03217627245508982,0.9059160270164055,55473,2525,0.04551763921186884,35109,1321,0.0376256800250648,2804,963,0.3434379457917261,WinoGrande,0.5,discovery,validation
828,0.9421612900003054,0.052185076568175136,0.9055589444418938,55474,2536,0.04571510978115874,35112,1464,0.041695146958304855,2814,978,0.34754797441364604,WinoGrande,0.5,discovery,validation
829,0.9246936063746323,0.02391199743370402,0.9076014860302221,55428,2466,0.04449014938298333,35097,1368,0.03897769040088896,2797,929,0.3321415802645692,WinoGrande,0.5,discovery,validation
830,1.239368464611295,0.037630374496907835,0.8945671344576327,55449,2833,0.05109199444534617,35113,1582,0.045054538205223135,2813,1043,0.37077852826164237,WinoGrande,0.5,discovery,validation
831,0.8329186891904872,0.02796440929616177,0.904676662979912,55437,2546,0.04592600609701102,35101,1446,0.04119540753824678,2808,1007,0.35861823361823364,WinoGrande,0.5,discovery,validation
832,1.764640134674762,0.1264003754785511,0.8915043322515331,55480,2926,0.05273972602739726,35104,1833,0.05221627164995442,2820,1047,0.37127659574468086,WinoGrande,0.5,discovery,validation
833,2.08486910744437,0.09795097305389222,0.8911220748897598,55447,2929,0.05282522048081952,35099,1682,0.0479215932077837,2798,1034,0.3695496783416726,WinoGrande,0.5,discovery,validation
834,3.103910917194837,0.13378270632647749,0.906798931404936,55437,2491,0.044933888918953044,35099,1535,0.04373343969913673,2800,976,0.3485714285714286,WinoGrande,0.5,discovery,validation
835,0.6938011934615199,0.03438639026295237,0.915912959366641,55416,2228,0.040204994947307636,35080,1233,0.03514823261117446,2785,899,0.3228007181328546,WinoGrande,0.5,discovery,validation
836,0.8495592951014587,0.07132712034946502,0.8903723186566961,55470,2950,0.05318190012619434,35105,1874,0.053382709015809715,2819,1118,0.39659453706988296,WinoGrande,0.5,discovery,validation
837,1.8423516744182016,0.08640328039573027,0.9148863359245157,55460,2270,0.04093040028849621,35105,1328,0.03782936903574989,2801,950,0.3391645840771153,WinoGrande,0.5,discovery,validation
838,1.2349446691595505,0.03742979878751814,0.9098823137777643,55469,2411,0.04346571959112297,35114,1424,0.040553625334624366,2815,1017,0.36127886323268205,WinoGrande,0.5,discovery,validation
839,0.6082914318255319,0.024397943243946896,0.9062940960363554,55468,2512,0.04528737289968991,35102,1435,0.040880861489373824,2801,964,0.344162799000357,WinoGrande,0.5,discovery,validation
840,1.266387477037661,0.061807634730538935,0.9143305944057205,55446,2282,0.04115716192331277,35101,1298,0.036979003447195236,2798,987,0.3527519656897784,WinoGrande,0.5,discovery,validation
841,1.0208693415124,0.07745134730538925,0.9178362556245998,55446,2187,0.039443783140352774,35076,1267,0.03612156460257726,2777,903,0.32517104789341017,WinoGrande,0.5,discovery,validation
842,1.4920842366599105,0.12267964071856288,0.9004453805289406,55484,2680,0.04830221325066686,35130,1644,0.04679760888129804,2819,1049,0.3721177722596665,WinoGrande,0.5,discovery,validation
843,0.3290315007043387,0.028564745508982047,0.9127985303160271,55461,2328,0.041975442202628874,35096,1258,0.03584454068839754,2801,924,0.32988218493395216,WinoGrande,0.5,discovery,validation
844,0.9130320277551788,0.057337770111949994,0.9146078659093416,55419,2271,0.040978725707789744,35092,1381,0.03935369884874045,2785,946,0.33967684021543987,WinoGrande,0.5,discovery,validation
845,0.6451762668095692,0.036510841022872276,0.9084497176369325,55413,2435,0.04394275711475647,35086,1461,0.041640540386478936,2807,968,0.3448521553259708,WinoGrande,0.5,discovery,validation
846,1.1176079460387658,0.07210890718562873,0.914894535998334,55463,2275,0.04101833654869012,35111,1390,0.03958873287573695,2810,977,0.3476868327402135,WinoGrande,0.5,discovery,validation
847,1.1502021869661185,0.053639595808383234,0.9130481286215465,55462,2322,0.04186650319137428,35098,1429,0.04071457063080518,2803,992,0.3539065287192294,WinoGrande,0.5,discovery,validation
848,1.1480104752580091,0.07964641369435041,0.9056555147840104,55440,2523,0.045508658008658005,35083,1528,0.04355385799390018,2790,1015,0.36379928315412186,WinoGrande,0.5,discovery,validation
849,0.5688803163058423,0.024981287425149705,0.9084078293340849,55458,2451,0.044195607486746724,35103,1477,0.042076175825428025,2803,988,0.35247948626471637,WinoGrande,0.5,discovery,validation
850,0.4817579077687234,0.06485674410267135,0.8824301527005719,55425,3161,0.05703202525935949,35087,2004,0.05711517086100265,2817,1162,0.41249556265530707,WinoGrande,0.5,discovery,validation
851,0.7825548327012405,0.06128368263473055,0.8880384497215495,55484,3025,0.05452022204599524,35122,1714,0.048801321109276236,2820,1066,0.3780141843971631,WinoGrande,0.5,discovery,validation
852,1.005305844253373,0.10295443948169236,0.9012150716668865,55444,2648,0.04775990188298103,35097,1609,0.04584437416303388,2805,974,0.34723707664884135,WinoGrande,0.5,discovery,validation
853,0.8653774868915748,0.03158682634730539,0.9239991943810191,55460,2020,0.03642264695275874,35115,1121,0.031923679339313685,2803,844,0.3011059579022476,WinoGrande,0.5,discovery,validation
854,0.7056383991459471,0.03515049818395993,0.9137177988907712,55434,2296,0.04141862394920085,35078,1442,0.04110838702320543,2798,1003,0.35847033595425304,WinoGrande,0.5,discovery,validation
855,1.0523415799418927,0.02740385230963589,0.9048900238149142,55468,2552,0.04600850941083147,35100,1446,0.0411965811965812,2806,981,0.349607982893799,WinoGrande,0.5,discovery,validation
856,2.7891159436010162,0.13976956800684345,0.8914595586220967,55420,2911,0.05252616383976904,35090,1702,0.048503847249928754,2803,1001,0.3571173742418837,WinoGrande,0.5,discovery,validation
857,1.2374741490413832,0.05305014970059879,0.8923050561931843,55418,2887,0.05209498718827818,35093,1479,0.042145157153848346,2796,981,0.35085836909871243,WinoGrande,0.5,discovery,validation
858,0.7500021394037937,0.042374625748502995,0.9082611363373913,55464,2454,0.04424491562094331,35098,1440,0.04102797880221095,2795,953,0.3409660107334526,WinoGrande,0.5,discovery,validation
859,1.1076074250946604,0.06388473053892216,0.9046171681176473,55424,2546,0.045936778290993074,35082,1461,0.04164528818197366,2784,965,0.34662356321839083,WinoGrande,0.5,discovery,validation
860,1.022586592473279,0.0261447214267118,0.9155752109395277,55483,2258,0.04069715047852495,35107,1255,0.035747856552824225,2809,951,0.33855464578141686,WinoGrande,0.5,discovery,validation
861,1.2627319093243254,0.08206384362422695,0.8868777510184107,55462,3051,0.055010637914247595,35130,1651,0.04699686877312838,2822,987,0.34975194897236,WinoGrande,0.5,discovery,validation
862,1.220468594183996,0.01906491466715281,0.9099622639478171,55437,2399,0.04327434745747425,35093,1278,0.03641751916336591,2793,928,0.3322592194772646,WinoGrande,0.5,discovery,validation
863,1.2270259853988024,0.07305113134386963,0.9109279457496126,55451,2378,0.04288470902238012,35093,1469,0.041860200039894,2802,983,0.3508208422555318,WinoGrande,0.5,discovery,validation
864,1.1471421741714596,0.030699359477765767,0.914900702719903,55466,2271,0.04094400173079003,35101,1274,0.036295262243240936,2798,948,0.3388134381701215,WinoGrande,0.5,discovery,validation
865,2.0433926775967173,0.08399338617846275,0.9088989596160874,55476,2441,0.04400100944552599,35119,1471,0.04188615848970643,2811,986,0.35076485236570615,WinoGrande,0.5,discovery,validation
866,0.6752399616183046,0.03223281697474616,0.9124864383688617,55420,2328,0.04200649584987369,35081,1297,0.03697158005758103,2793,952,0.3408521303258145,WinoGrande,0.5,discovery,validation
867,0.9286061708512717,0.06927794002159617,0.8959243296922034,55425,2788,0.050302210193955796,35087,1652,0.047082965200786614,2803,1038,0.37031751694612913,WinoGrande,0.5,discovery,validation
868,0.9158669936958698,0.07603814110908619,0.9058630373562204,55490,2531,0.045611821949900884,35115,1458,0.04152071764203332,2811,1013,0.36036997509783,WinoGrande,0.5,discovery,validation
869,0.878663820907424,0.047195786997433695,0.9198106075010735,55427,2125,0.038338715788334206,35090,1239,0.03530920490168139,2790,929,0.33297491039426524,WinoGrande,0.5,discovery,validation
870,1.2877900601620873,0.008440598311573552,0.9137599253055577,55447,2298,0.04144498349775461,35091,1237,0.03525120401242484,2787,912,0.32723358449946177,WinoGrande,0.5,discovery,validation
871,0.6194689758197026,0.051031645724943564,0.9048979307508193,55429,2540,0.04582438795576323,35084,1538,0.0438376467905598,2792,1008,0.36103151862464183,WinoGrande,0.5,discovery,validation
872,0.7441115476892135,0.02594632164242941,0.8857518697355936,55467,3087,0.05565471361349992,35120,1638,0.04664009111617312,2818,1061,0.3765081618168914,WinoGrande,0.5,discovery,validation
873,1.4006538468404743,0.09580071414547954,0.8990598939174946,55440,2707,0.04882756132756133,35086,1639,0.04671378897565981,2799,1034,0.3694176491604144,WinoGrande,0.5,discovery,validation
874,0.9689518683476104,0.035061536762540486,0.9096523204007371,55415,2404,0.04338175584228097,35073,1379,0.039317993898440394,2788,960,0.34433285509325684,WinoGrande,0.5,discovery,validation
875,0.8934735192757923,0.02027641146278871,0.916032780351548,55438,2235,0.04031530719001407,35105,1199,0.034154678820680816,2796,871,0.311516452074392,WinoGrande,0.5,discovery,validation
876,0.8964659760832442,0.04428778312939337,0.9160143839151895,55393,2223,0.040131424548228115,35056,1192,0.034002738475581926,2765,911,0.3294755877034358,WinoGrande,0.5,discovery,validation
877,1.3428254551136374,0.10248509129282421,0.8738030776179508,55474,3417,0.061596423549771066,35098,2317,0.06601515755883526,2823,1129,0.39992915338292595,WinoGrande,0.5,discovery,validation
878,1.3081940937785141,0.0630988023952096,0.9095185794191227,55455,2419,0.043620953926607156,35100,1383,0.0394017094017094,2790,928,0.3326164874551971,WinoGrande,0.5,discovery,validation
879,0.8881346326177542,0.07713323353293412,0.8731620855031637,55387,3413,0.06162095798653114,35089,1864,0.053122061044771865,2802,1064,0.37972876516773735,WinoGrande,0.5,discovery,validation
880,0.5840256061862418,0.020196214713430274,0.9192605853063145,55444,2147,0.038723757304667775,35083,1275,0.036342388051192887,2782,970,0.3486700215672178,WinoGrande,0.5,discovery,validation
881,2.085988602028699,0.06062414106213802,0.9041662201849636,55413,2557,0.04614440654720012,35065,1537,0.04383288179095965,2782,1048,0.3767074047447879,WinoGrande,0.5,discovery,validation
882,1.3204583091762017,0.048513222003198575,0.9101595874510434,55461,2402,0.04330971313175024,35095,1340,0.03818207721897706,2788,894,0.3206599713055954,WinoGrande,0.5,discovery,validation
883,0.4823639015715412,0.04075680161416298,0.904531218119395,55466,2563,0.046208488082789455,35091,1362,0.03881337094981619,2799,969,0.3461950696677385,WinoGrande,0.5,discovery,validation
884,0.5131854246541423,0.034963065671934815,0.8995269102903277,55478,2702,0.04870399077111648,35102,1615,0.04600877442880748,2814,1056,0.3752665245202559,WinoGrande,0.5,discovery,validation
885,0.6226003295196326,0.06900465373600626,0.9112503155744274,55500,2384,0.04295495495495495,35131,1402,0.039907773761065725,2820,985,0.34929078014184395,WinoGrande,0.5,discovery,validation
886,0.9695380251869196,0.05310061229999019,0.893662303131601,55439,2853,0.051461967207200705,35072,1837,0.052377965328467155,2807,1101,0.39223370146063413,WinoGrande,0.5,discovery,validation
887,1.0201644642613519,0.07850385294983803,0.9149596418818579,55471,2274,0.04099439346685656,35112,1490,0.0424356345408977,2812,1001,0.3559743954480797,WinoGrande,0.5,discovery,validation
888,1.4498480698664413,0.051178892215568844,0.9208712639498078,55444,2101,0.03789409133540149,35095,1189,0.033879470009972934,2796,888,0.31759656652360513,WinoGrande,0.5,discovery,validation
889,1.4618636810623191,0.08829662104362702,0.8770682555311687,55444,3321,0.059898275737681264,35077,1930,0.055021809162699206,2804,1129,0.40263908701854495,WinoGrande,0.5,discovery,validation
890,0.9462188382017823,0.06304327819770296,0.889367618948008,55421,2965,0.05349957597300662,35062,1928,0.054988306428612174,2818,1118,0.39673527324343505,WinoGrande,0.5,discovery,validation
891,1.1533425731603473,0.0361821000855432,0.9072959679815642,55480,2487,0.04482696467195386,35122,1287,0.03664369910597346,2819,915,0.32458318552678256,WinoGrande,0.5,discovery,validation
892,0.5369090596676894,0.01749625748502994,0.9082490916460484,55421,2445,0.04411685101315386,35098,1313,0.03740953900507151,2801,927,0.33095323098893253,WinoGrande,0.5,discovery,validation
893,0.5117754743256278,0.02342733012236397,0.9224852258618234,55468,2063,0.037192615562125914,35111,1172,0.03337985246788756,2802,906,0.3233404710920771,WinoGrande,0.5,discovery,validation
894,1.3585535095218693,0.07714335672916463,0.9023441443859197,55418,2606,0.047024432494857264,35067,1567,0.044685887016283114,2783,980,0.3521379805964786,WinoGrande,0.5,discovery,validation
895,0.717918935532509,0.02492514970059881,0.9117695087656318,55456,2358,0.0425201961915753,35102,1301,0.037063415190017664,2800,916,0.3271428571428571,WinoGrande,0.5,discovery,validation
896,0.5941881836776997,0.021486045765611625,0.911978233988101,55461,2355,0.04246227078487586,35106,1274,0.0362900928616191,2797,923,0.3299964247407937,WinoGrande,0.5,discovery,validation
897,1.0046384321597281,0.036021706586826345,0.9122555366810244,55456,2340,0.042195614541257934,35099,1260,0.03589845864554546,2796,919,0.32868383404864093,WinoGrande,0.5,discovery,validation
898,0.9515199777250599,0.03579105376204113,0.9202856800252404,55472,2126,0.038325641765214885,35114,1157,0.0329498205843823,2804,918,0.3273894436519258,WinoGrande,0.5,discovery,validation
899,0.9924745142297121,0.028740074199427243,0.916457617128491,55455,2227,0.040158687223875215,35105,1239,0.03529411764705882,2800,909,0.3246428571428571,WinoGrande,0.5,discovery,validation
900,0.39359021110367115,0.024468685579660344,0.9031607484874422,55458,2596,0.04681019870893289,35098,1494,0.042566528007293866,2804,952,0.33951497860199714,WinoGrande,0.5,discovery,validation
901,0.877443345370298,0.06400467507607736,0.9049728471703169,55459,2548,0.04594385041201608,35091,1456,0.04149212048673449,2798,986,0.35239456754824877,WinoGrande,0.5,discovery,validation
902,0.5056493113578333,0.03216108766074408,0.9112020592319657,55438,2367,0.04269634546700819,35081,1341,0.03822582024457684,2791,967,0.34647079899677535,WinoGrande,0.5,discovery,validation
903,0.36467335378098387,0.03968937125748504,0.9093391121576879,55444,2421,0.043665680686819135,35114,1338,0.03810445975964003,2815,948,0.33676731793960923,WinoGrande,0.5,discovery,validation
904,0.713581904543053,0.02426823371889761,0.9081382296330758,55431,2451,0.04421713481625805,35073,1362,0.038833290565392184,2783,943,0.33884297520661155,WinoGrande,0.5,discovery,validation
905,0.4274461518937326,0.021330010785881655,0.9061611447394623,55483,2522,0.045455364706306435,35120,1324,0.037699316628701594,2818,939,0.33321504613200853,WinoGrande,0.5,discovery,validation
906,1.099080899260168,0.0597582009893257,0.9007619628891823,55468,2669,0.04811783370592053,35104,1456,0.0414767547857794,2801,1004,0.35844341306676186,WinoGrande,0.5,discovery,validation
907,0.657990527825518,0.028910007853146166,0.8939436694623553,55442,2853,0.05145918256917139,35108,1546,0.044035547453571834,2807,1017,0.36230851442821516,WinoGrande,0.5,discovery,validation
908,1.3798797553058257,0.07815306886227545,0.9068889389298762,55445,2489,0.0448913337541708,35104,1509,0.04298655423883318,2807,1011,0.36017100106875666,WinoGrande,0.5,discovery,validation
909,1.7755485349444668,0.11285553892215569,0.8938525779615679,55469,2857,0.05150624673240909,35116,1571,0.04473744162205263,2817,984,0.34930777422790205,WinoGrande,0.5,discovery,validation
910,1.5690720130278915,0.11424026946107785,0.9072360900665936,55436,2480,0.044736272458330326,35108,1531,0.04360829440583343,2808,987,0.35149572649572647,WinoGrande,0.5,discovery,validation
911,0.5023686845075864,0.014087314501431934,0.920097157038232,55444,2120,0.03823677945314191,35086,1119,0.031893062760075246,2787,871,0.31252242554718335,WinoGrande,0.5,discovery,validation
912,0.543958404398196,0.03215449224501816,0.90450636632126,55457,2556,0.04608976323998774,35098,1525,0.043449769217619234,2812,1049,0.37304409672830724,WinoGrande,0.5,discovery,validation
913,1.2839278221254273,0.10381030970845197,0.896137043454388,55467,2796,0.0504083509113527,35103,1711,0.04874227274022163,2802,1065,0.38008565310492504,WinoGrande,0.5,discovery,validation
914,0.8044696418279528,0.012965360263080386,0.9057251004012018,55469,2528,0.04557500585912852,35115,1348,0.038388153210878545,2808,992,0.35327635327635326,WinoGrande,0.5,discovery,validation
915,0.7258633691977908,0.018021918691890224,0.9204974547107077,55495,2124,0.038273718353004776,35109,1220,0.03474892477712267,2808,933,0.33226495726495725,WinoGrande,0.5,discovery,validation
916,1.522032255903655,0.10568923628153529,0.8997696242601412,55442,2689,0.04850113632264348,35080,1602,0.045667046750285066,2783,1018,0.3657923104563421,WinoGrande,0.5,discovery,validation
917,0.7970625228373704,0.03827028320408364,0.9049775214270501,55453,2542,0.045840621787820314,35089,1503,0.04283393656131551,2797,987,0.35287808366106543,WinoGrande,0.5,discovery,validation
918,0.5670828613861061,0.049567983598021365,0.9072918408373748,55442,2479,0.04471339417769922,35100,1368,0.038974358974358976,2804,965,0.344151212553495,WinoGrande,0.5,discovery,validation
919,1.877432266680509,0.07911409324208725,0.9078910560680641,55474,2468,0.044489310307531456,35122,1391,0.039604806104435966,2819,991,0.3515431003902093,WinoGrande,0.5,discovery,validation
920,1.1410544443667368,0.05431324850299401,0.9005071952166918,55459,2666,0.048071548351034096,35095,1636,0.04661632711212423,2807,1073,0.3822586391164945,WinoGrande,0.5,discovery,validation
921,0.8718092408252285,0.010712949101796414,0.9013128760438386,55440,2647,0.047745310245310243,35115,1381,0.03932792254022498,2811,909,0.3233724653148346,WinoGrande,0.5,discovery,validation
922,1.080036191342053,0.06146145209580839,0.9104449331172142,55480,2399,0.04324080749819755,35102,1377,0.039228533986667424,2804,960,0.34236804564907275,WinoGrande,0.5,discovery,validation
923,0.8232308823988004,0.059725323942279376,0.900287354175931,55446,2673,0.048209068282653394,35089,1576,0.04491436062583716,2804,1070,0.38159771754636235,WinoGrande,0.5,discovery,validation
924,1.3935423208589894,0.04141360899014515,0.9114869444472719,55485,2374,0.04278633865008561,35108,1364,0.03885154380767916,2805,981,0.3497326203208556,WinoGrande,0.5,discovery,validation
925,1.0345456365331775,0.044227630803965835,0.8981612595112024,55454,2734,0.04930212428318967,35106,1683,0.0479405229875235,2811,1021,0.3632159373888296,WinoGrande,0.5,discovery,validation
926,1.9296714381711904,0.10889498177557924,0.8998818868641159,55459,2690,0.0485043004742242,35094,1742,0.049638114777454834,2803,1110,0.3960042811273635,WinoGrande,0.5,discovery,validation
927,1.3186620371625748,0.06312820786997433,0.9012184985594368,55485,2656,0.04786879336757682,35132,1429,0.04067516793806217,2824,951,0.33675637393767704,WinoGrande,0.5,discovery,validation
928,1.5702957724725826,0.12309131736526947,0.8972944732821987,55455,2761,0.04978811649084844,35091,1690,0.0481604969935311,2799,1021,0.36477313326187927,WinoGrande,0.5,discovery,validation
929,1.2720295125533314,0.09466691616766468,0.8942392333948677,55473,2851,0.051394372036846755,35103,1593,0.04538073668917186,2805,991,0.3532976827094474,WinoGrande,0.5,discovery,validation
930,1.1396365665645318,0.059759067929714346,0.9089050214053354,55421,2427,0.043792064379928185,35080,1356,0.03865450399087799,2796,951,0.34012875536480686,WinoGrande,0.5,discovery,validation
931,1.0919175523905529,0.04211665953806671,0.9147114678857236,55431,2265,0.04086161173350652,35084,1238,0.03528674039448181,2786,891,0.31981335247666903,WinoGrande,0.5,discovery,validation
932,0.8094111308450357,0.03476796407185628,0.9029359327124038,55491,2615,0.04712475896992305,35135,1583,0.045054788672264125,2827,1033,0.3654050229925716,WinoGrande,0.5,discovery,validation
933,1.6383419669707264,0.11954528443113772,0.8866086250394648,55459,3061,0.055193927045204566,35111,1868,0.05320270000854433,2813,1116,0.3967294703163882,WinoGrande,0.5,discovery,validation
934,2.027574177443537,0.09566135585970914,0.912007536150185,55466,2353,0.04242238488443371,35096,1386,0.039491679963528606,2793,952,0.3408521303258145,WinoGrande,0.5,discovery,validation
935,1.2548577506454301,0.025908980328722447,0.9133446094092621,55474,2316,0.04174928795471752,35121,1204,0.03428148401241422,2809,895,0.3186187255250979,WinoGrande,0.5,discovery,validation
936,0.7414620796102237,0.041426879846863635,0.8896168831580785,55427,2966,0.053511826366211414,35076,1760,0.05017675903751853,2805,1045,0.37254901960784315,WinoGrande,0.5,discovery,validation
937,1.6209893548999408,0.054986087607393916,0.9025215089485142,55434,2605,0.04699282029079626,35079,1528,0.04355882436785541,2796,1017,0.36373390557939916,WinoGrande,0.5,discovery,validation
938,1.9931843820029973,0.10271866980325065,0.8971348446742264,55457,2764,0.049840416899579854,35098,1543,0.04396261895264687,2809,979,0.34852260590957634,WinoGrande,0.5,discovery,validation
939,1.4069700504617648,0.07507403670919031,0.9068410768003272,55484,2505,0.045148150818253914,35110,1432,0.04078610082597551,2812,1002,0.3563300142247511,WinoGrande,0.5,discovery,validation
940,1.0228202935204689,0.08891694070874645,0.8911556389661718,55481,2937,0.052937041509706025,35104,1686,0.04802871467639015,2815,1009,0.358436944937833,WinoGrande,0.5,discovery,validation
941,1.1884516047616662,0.04503441886718367,0.9134533074774241,55439,2306,0.04159526686989304,35101,1353,0.03854591037292385,2801,974,0.34773295251695824,WinoGrande,0.5,discovery,validation
942,0.22897143156863511,0.013659017368988734,0.9086203758738111,55494,2452,0.044184956932280965,35120,1279,0.036417995444191345,2816,911,0.3235085227272727,WinoGrande,0.5,discovery,validation
943,1.8257177075319997,0.1323072604790419,0.8919732028864537,55457,2907,0.05241899129054944,35112,1789,0.05095124174071543,2810,1026,0.36512455516014236,WinoGrande,0.5,discovery,validation
944,1.4444334625940813,0.12459767964071858,0.8987064823380277,55443,2718,0.04902332124885017,35092,1682,0.04793115239940727,2790,1024,0.36702508960573477,WinoGrande,0.5,discovery,validation
945,0.4155486787166767,0.02978060272896831,0.9200942651514565,55446,2122,0.03827147134148541,35108,1188,0.03383844138088185,2802,867,0.3094218415417559,WinoGrande,0.5,discovery,validation
946,0.659380526110723,0.065250748502994,0.9045838435922844,55481,2563,0.04619599502532398,35118,1390,0.039580841733583914,2812,958,0.3406827880512091,WinoGrande,0.5,discovery,validation
947,1.3199246948581431,0.02891092814371258,0.914710011697015,55468,2279,0.04108675272229033,35125,1279,0.036412811387900354,2817,931,0.33049343272985443,WinoGrande,0.5,discovery,validation
948,0.9264152195600912,0.06309880239520958,0.9012435949354438,55488,2657,0.047884227220299884,35110,1485,0.04229564226716035,2817,1017,0.3610223642172524,WinoGrande,0.5,discovery,validation
949,1.1129470289352268,0.06422247717679397,0.8944351225789813,55416,2830,0.051068283528222895,35077,1665,0.04746700116885708,2802,1019,0.3636688079942898,WinoGrande,0.5,discovery,validation
950,1.1828718042220778,0.10655875748502995,0.9003510571480404,55448,2674,0.04822536430529505,35097,1591,0.04533150981565376,2790,989,0.35448028673835125,WinoGrande,0.5,discovery,validation
951,0.9117747203175639,0.03094577061130768,0.9036422046110548,55406,2570,0.046384868064830526,35071,1450,0.04134470074990733,2778,954,0.3434125269978402,WinoGrande,0.5,discovery,validation
952,1.4777060904787018,0.04382752352437981,0.898430822167778,55475,2734,0.04928346101847679,35106,1430,0.04073377770181735,2810,948,0.3373665480427046,WinoGrande,0.5,discovery,validation
953,0.7366118260018129,0.049373128742514975,0.9102183594788736,55448,2395,0.043193622853845044,35095,1393,0.039692263855250036,2796,968,0.34620886981402005,WinoGrande,0.5,discovery,validation
954,0.9209704953901042,0.05703172110112327,0.8835291117472462,55430,3131,0.05648565758614469,35080,2025,0.05772519954389966,2818,1141,0.4048970901348474,WinoGrande,0.5,discovery,validation
955,0.876884146455743,0.01900662959794696,0.915116021370669,55433,2256,0.04069777930113831,35087,1288,0.036708752529426854,2792,896,0.3209169054441261,WinoGrande,0.5,discovery,validation
956,0.8589363326532549,0.022491701379848995,0.9215500013968314,55480,2090,0.03767123287671233,35110,1097,0.031244659641127884,2812,842,0.29943100995732574,WinoGrande,0.5,discovery,validation
957,1.0800646265483653,0.03179297143418081,0.9063032199052692,55443,2506,0.045199574337607996,35105,1379,0.03928215353938185,2811,992,0.3528993240839559,WinoGrande,0.5,discovery,validation
958,1.1325608488453494,0.07517980343660505,0.9121083894606157,55478,2354,0.042431234002667725,35106,1365,0.03888224235173474,2809,978,0.3481666073335707,WinoGrande,0.5,discovery,validation
959,0.9067058706831358,0.038354643172671045,0.8896388101328073,55431,2966,0.053507964857209864,35082,1680,0.04788780571233111,2795,1046,0.37423971377459747,WinoGrande,0.5,discovery,validation
960,1.4727357421766334,0.058176168155492286,0.8626727976438353,55443,3723,0.06715004599318218,35073,2216,0.06318250506087304,2818,1117,0.3963804116394606,WinoGrande,0.5,discovery,validation
961,1.371465026655642,0.040248307732361356,0.9118448736277492,55434,2345,0.04230255799689721,35090,1365,0.03889997150185238,2802,967,0.3451106352605282,WinoGrande,0.5,discovery,validation
962,0.9594782209687877,0.0731568113772455,0.9047482258066084,55477,2560,0.046145249382627034,35120,1425,0.0405751708428246,2818,953,0.3381831085876508,WinoGrande,0.5,discovery,validation
963,0.9301019621424175,0.060118134632374594,0.8841559786193854,55408,3112,0.05616517470401386,35078,1985,0.056588174924454074,2808,1133,0.40349002849002846,WinoGrande,0.5,discovery,validation
964,0.6450522752970177,0.0329870151002343,0.9163469316775247,55444,2225,0.040130582209075824,35099,1253,0.03569902276418131,2791,931,0.3335721963453959,WinoGrande,0.5,discovery,validation
965,0.27218258448215277,0.0206128214881712,0.9003815118776873,55397,2654,0.047908731519757386,35065,1498,0.04272066162840439,2788,953,0.3418220946915351,WinoGrande,0.5,discovery,validation
966,0.9222292832882873,0.06651384730538923,0.9110418252623201,55477,2381,0.04291868702345116,35108,1396,0.03976301697618776,2807,953,0.3395083719273245,WinoGrande,0.5,discovery,validation
967,1.3722808440324423,0.07404631222231232,0.8788792436006576,55456,3270,0.058965666474321984,35096,2020,0.057556416685662186,2822,1079,0.38235294117647056,WinoGrande,0.5,discovery,validation
968,0.6319960945637266,0.015084000617032904,0.9106929759021031,55454,2387,0.04304468568543297,35091,1359,0.0387278789433188,2796,978,0.3497854077253219,WinoGrande,0.5,discovery,validation
969,0.7584999521873159,0.026317899914456787,0.897799388327526,55443,2742,0.04945619825767004,35082,1428,0.040704634855481446,2800,964,0.3442857142857143,WinoGrande,0.5,discovery,validation
970,1.4736132353433038,0.08687923066909657,0.8970834760642776,55416,2751,0.04964270246860113,35095,1644,0.046844279811939026,2801,1045,0.3730810424848269,WinoGrande,0.5,discovery,validation
971,1.2705090515820308,0.10361152694610778,0.89491038104192,55441,2824,0.05093703216031457,35086,1693,0.04825286439035513,2790,1037,0.37168458781362007,WinoGrande,0.5,discovery,validation
972,1.34445055384206,0.06220303957302786,0.9135106432661164,55435,2305,0.0415802290971408,35099,1299,0.037009601413145674,2798,983,0.35132237312365977,WinoGrande,0.5,discovery,validation
973,1.4032672828555193,0.05587574850299401,0.910012846740699,55447,2400,0.043284578065540064,35093,1380,0.03932408172570028,2796,966,0.34549356223175964,WinoGrande,0.5,discovery,validation
974,0.6715610454174523,0.037841707888570705,0.9002100798253604,55403,2659,0.04799379094994856,35074,1588,0.04527570279979472,2801,954,0.3405926454837558,WinoGrande,0.5,discovery,validation
975,0.8530330185784297,0.04004491017964073,0.9130330362772477,55474,2327,0.04194757904603959,35109,1292,0.036799680993477454,2804,911,0.32489300998573467,WinoGrande,0.5,discovery,validation
976,0.559926143686367,0.02442926646706587,0.9050981713299093,55486,2551,0.045975561402876404,35107,1411,0.04019141481755775,2809,999,0.3556425774296903,WinoGrande,0.5,discovery,validation
977,1.2120039838360095,0.05339766894781864,0.901338786953772,55458,2649,0.04776587687980093,35108,1520,0.043294975504158596,2805,981,0.3497326203208556,WinoGrande,0.5,discovery,validation
978,1.446083131817848,0.08565884535277271,0.9032902965846409,55442,2588,0.04667941271959886,35096,1514,0.04313881923865968,2796,981,0.35085836909871243,WinoGrande,0.5,discovery,validation
979,0.7506991711993648,0.04069171439729238,0.9093194909664425,55436,2420,0.04365394328595137,35111,1400,0.03987354390361995,2809,959,0.34140263438946244,WinoGrande,0.5,discovery,validation
980,1.1114238553227396,0.05815949622494142,0.9199430456971992,55427,2125,0.038338715788334206,35095,1270,0.036187491095597664,2793,933,0.33404940923737914,WinoGrande,0.5,discovery,validation
981,1.4934994383794638,0.1142122005988024,0.9039525057380774,55470,2580,0.046511627906976744,35100,1553,0.044245014245014244,2798,995,0.3556111508220157,WinoGrande,0.5,discovery,validation
982,1.1716496744271614,0.08376638117208207,0.9003233196586234,55467,2679,0.04829898858780897,35088,1595,0.04545713634290926,2799,1045,0.37334762415148265,WinoGrande,0.5,discovery,validation
983,0.5532355421752829,0.0292370177677432,0.9016609327319096,55451,2636,0.04753746551008999,35101,1511,0.04304720663228968,2808,994,0.353988603988604,WinoGrande,0.5,discovery,validation
984,1.274134348534125,0.07119321140328039,0.8994395725859399,55449,2701,0.04871142851990117,35088,1613,0.045970132238942085,2799,1086,0.3879957127545552,WinoGrande,0.5,discovery,validation
985,0.7967277931523717,0.05801833832335329,0.9164545936496024,55445,2225,0.04012985841825232,35113,1337,0.038077065474325746,2806,965,0.34390591589451175,WinoGrande,0.5,discovery,validation
986,0.47495516669497295,0.030314371257485026,0.8947747120253926,55486,2836,0.05111199221425224,35126,1569,0.044667767465694924,2819,1035,0.36715147215324584,WinoGrande,0.5,discovery,validation
987,0.8523479414144896,0.06509169161676648,0.9009413689525365,55465,2661,0.04797620120796899,35110,1522,0.043349473084591285,2798,966,0.34524660471765545,WinoGrande,0.5,discovery,validation
988,1.4822797789858684,0.046394915087857064,0.9165464924436127,55444,2222,0.040076473558906284,35102,1358,0.03868725428750498,2798,939,0.33559685489635455,WinoGrande,0.5,discovery,validation
989,0.3899226690489348,0.031091556640816725,0.9101171753138743,55470,2411,0.043464936001442224,35113,1346,0.038333380799134224,2815,947,0.3364120781527531,WinoGrande,0.5,discovery,validation
990,1.4377294876634295,0.06877684847695911,0.901810791527479,55444,2634,0.04750739484885651,35098,1462,0.04165479514502251,2805,950,0.33868092691622104,WinoGrande,0.5,discovery,validation
991,1.5050440590251122,0.128312125748503,0.8989455619285844,55470,2721,0.04905354245538129,35110,1655,0.047137567644545714,2803,976,0.3481983589011773,WinoGrande,0.5,discovery,validation
992,1.545651829512828,0.07162034626399374,0.9014376771550934,55430,2636,0.04755547537434602,35071,1624,0.04630606483989621,2796,1051,0.3758941344778255,WinoGrande,0.5,discovery,validation
993,1.0256859686065722,0.050022393737115936,0.9040277405848112,55450,2573,0.046402164111812444,35117,1375,0.03915482529828858,2808,946,0.3368945868945869,WinoGrande,0.5,discovery,validation
994,0.6828515551965332,0.03990456586826347,0.9057089580319357,55432,2521,0.045479145619858566,35082,1417,0.0403910837466507,2789,946,0.33918967371817854,WinoGrande,0.5,discovery,validation
995,0.5020324304918167,0.03394246343378816,0.9025176537422719,55452,2610,0.047067734256654406,35100,1586,0.04518518518518518,2805,1018,0.36292335115864527,WinoGrande,0.5,discovery,validation
996,1.6113438415317225,0.08014657161087659,0.9158786311728145,55483,2248,0.04051691509110899,35113,1334,0.03799162703272292,2802,941,0.3358315488936474,WinoGrande,0.5,discovery,validation
997,1.0637765689384286,0.06371631736526945,0.889812234533225,55448,2962,0.053419419997114415,35087,1873,0.05338159432268361,2808,1045,0.37215099715099714,WinoGrande,0.5,discovery,validation
998,0.7049263856744437,0.05534167321095515,0.9118215481904305,55463,2357,0.0424967996682473,35093,1367,0.03895363747755963,2798,999,0.3570407433881344,WinoGrande,0.5,discovery,validation
999,1.3540532304956445,0.029458939264328493,0.8997500374369164,55456,2690,0.048506924408540104,35099,1433,0.04082737399925924,2804,947,0.3377318116975749,WinoGrande,0.5,discovery,validation
0,0.445340883483404,0.014232674534571072,0.9052180085328659,56429,2577,0.04566800758475252,35831,1406,0.03923976444977813,2770,958,0.3458483754512635,WinoGrande,0.5,validation,discovery
1,1.4902727676859908,0.0401584689308382,0.8965384714107133,56479,2832,0.05014253085217515,35850,1465,0.04086471408647141,2787,960,0.3444564047362756,WinoGrande,0.5,validation,discovery
2,1.1221210615590953,0.023607830494274736,0.9170658559954656,56449,2249,0.03984127265319137,35835,1122,0.03131017161992466,2765,845,0.30560578661844484,WinoGrande,0.5,validation,discovery
3,1.232179987035801,0.08003063608791902,0.9021858623568062,56457,2672,0.04732805497989621,35829,1482,0.04136314158921544,2763,967,0.34998190372783206,WinoGrande,0.5,validation,discovery
4,1.8675822541946603,0.13550135501355012,0.879589726483553,56470,3314,0.05868602797945812,35840,2028,0.05658482142857143,2775,1069,0.38522522522522523,WinoGrande,0.5,validation,discovery
5,1.3257545627746268,0.019013139281649098,0.9104435879128792,56462,2436,0.04314406149268535,35839,1198,0.0334272719662937,2770,847,0.30577617328519857,WinoGrande,0.5,validation,discovery
6,0.5106589255830405,0.018845494590559748,0.9139470058773471,56471,2342,0.04147261426218767,35836,1118,0.03119767831231164,2768,872,0.315028901734104,WinoGrande,0.5,validation,discovery
7,1.2486504433993324,0.012542672425268223,0.9092131711432714,56457,2471,0.04376782329914802,35814,1323,0.036940861115764785,2775,959,0.3455855855855856,WinoGrande,0.5,validation,discovery
8,1.3195833935046541,0.03926505410184935,0.9106935438124585,56457,2430,0.043041606886657105,35820,1231,0.034366275823562255,2757,870,0.31556039173014144,WinoGrande,0.5,validation,discovery
9,0.6158161798416344,0.02412852561220513,0.9111964975946162,56469,2419,0.04283766314260922,35835,1177,0.032844983954234686,2766,831,0.3004338394793926,WinoGrande,0.5,validation,discovery
10,1.4742786792823763,0.1126879685775312,0.8924863640029376,56463,2946,0.05217576111790022,35837,1644,0.04587437564528281,2774,981,0.35364095169430426,WinoGrande,0.5,validation,discovery
11,0.7003409189702007,0.05232914134991286,0.8923967514680525,56445,2942,0.052121534236867745,35816,1675,0.046766808130444495,2781,1023,0.36785329018338725,WinoGrande,0.5,validation,discovery
12,1.0799258857284393,0.09738204948815067,0.9000567412749667,56434,2725,0.04828649395754332,35808,1654,0.046190795352993745,2758,1053,0.38179840464104425,WinoGrande,0.5,validation,discovery
13,0.8841046119791532,0.019064678777351577,0.9085819820482582,56461,2489,0.04408352668213457,35828,1257,0.03508429161549626,2769,893,0.3224990971469845,WinoGrande,0.5,validation,discovery
14,1.2297338156118707,0.03627978416282679,0.898592316621125,56453,2773,0.04912050732467717,35823,1459,0.04072802389526282,2776,1002,0.36095100864553314,WinoGrande,0.5,validation,discovery
15,0.6548144642826332,0.015425556968583668,0.904158074458434,56447,2609,0.04622034829131752,35837,1376,0.038396071099701425,2776,998,0.3595100864553314,WinoGrande,0.5,validation,discovery
16,0.8503718525897859,0.023232537327492815,0.9069231848551834,56438,2533,0.04488110847301464,35824,1252,0.034948637784725324,2768,881,0.31828034682080925,WinoGrande,0.5,validation,discovery
17,1.131026067834841,0.029235021203799425,0.9114113737113799,56449,2404,0.0425871140321352,35828,1249,0.03486100256782405,2765,870,0.31464737793851716,WinoGrande,0.5,validation,discovery
18,0.49496514825063903,0.019772480132433688,0.9050914507215468,56471,2590,0.04586424890651839,35831,1368,0.038179230275459795,2767,887,0.3205637874954825,WinoGrande,0.5,validation,discovery
19,1.5931345464879372,0.079961334412373,0.896529259177744,56472,2836,0.05021957784388724,35845,1488,0.04151206583902915,2773,949,0.3422286332491886,WinoGrande,0.5,validation,discovery
20,0.6236679184424774,0.04739071046644262,0.8972814841826217,56464,2807,0.049713091527344856,35843,1408,0.03928242613620512,2777,922,0.33201296362981636,WinoGrande,0.5,validation,discovery
21,0.3825150339652742,0.045708587649674726,0.8899761604996597,56455,3013,0.05336994066070321,35822,1560,0.0435486572497348,2762,964,0.3490224475018103,WinoGrande,0.5,validation,discovery
22,0.9301708489695342,0.05390702274975271,0.8896510930238228,56445,3022,0.05353884312162282,35816,1737,0.04849787804333259,2779,1068,0.38431090320259087,WinoGrande,0.5,validation,discovery
23,0.7886049812058676,0.04996553067769684,0.90664879635635,56474,2547,0.045100400184155544,35834,1369,0.03820394039180666,2770,936,0.3379061371841155,WinoGrande,0.5,validation,discovery
24,0.9061522279229853,0.08967269130473879,0.8965019062780225,56470,2835,0.0502036479546662,35830,1544,0.0430923806865755,2764,954,0.3451519536903039,WinoGrande,0.5,validation,discovery
25,0.7213644845647149,0.030617750202319938,0.9104099725031046,56453,2434,0.043115512018847536,35833,1255,0.035023581614712695,2769,911,0.3289996388587938,WinoGrande,0.5,validation,discovery
26,1.571763869357602,0.0415441232912464,0.8968787561681419,56485,2827,0.05004868549172346,35858,1431,0.03990741257181103,2790,968,0.34695340501792116,WinoGrande,0.5,validation,discovery
27,0.4317532313995691,0.015803434942900818,0.9078961225522273,56450,2507,0.04441098317094774,35834,1199,0.03345984260757939,2772,863,0.31132756132756134,WinoGrande,0.5,validation,discovery
28,0.6005288097941843,0.009936156820429816,0.9097114951469878,56476,2460,0.04355832566045754,35838,1173,0.032730621128411186,2772,856,0.3088023088023088,WinoGrande,0.5,validation,discovery
29,0.7655340850469501,0.057511680458050864,0.8940465616977138,56470,2900,0.051354701611475116,35843,1604,0.04475071841084731,2784,1009,0.3624281609195402,WinoGrande,0.5,validation,discovery
30,0.47031657384029035,0.02511764529568683,0.9041024137661958,56485,2623,0.046437107196600866,35846,1359,0.03791217988060035,2783,918,0.3298598634567014,WinoGrande,0.5,validation,discovery
31,0.9174881993891947,0.04534872500060312,0.8979524117395591,56447,2788,0.04939146455967545,35808,1486,0.04149910634495085,2759,929,0.3367162015222907,WinoGrande,0.5,validation,discovery
32,0.556628298415389,0.05287592179606114,0.8941514290471952,56446,2892,0.05123480848952982,35832,1530,0.0426992632283992,2774,1022,0.3684210526315789,WinoGrande,0.5,validation,discovery
33,1.1540677000397004,0.0255844249837157,0.89823215272448,56422,2772,0.049129772074722626,35817,1392,0.038864226484630206,2772,918,0.33116883116883117,WinoGrande,0.5,validation,discovery
34,0.48621448719356336,0.025298216294814695,0.9091347677174464,56468,2476,0.0438478430261387,35848,1244,0.03470207542959161,2780,895,0.32194244604316546,WinoGrande,0.5,validation,discovery
35,1.408011977432428,0.045499505440158246,0.909514238582276,56417,2449,0.04340890157222114,35810,1257,0.03510192683607931,2754,878,0.3188090050835149,WinoGrande,0.5,validation,discovery
36,1.5012503018657382,0.05382459610946257,0.9065161725245701,56491,2555,0.04522844346887115,35845,1340,0.037383177570093455,2777,920,0.33129276197335256,WinoGrande,0.5,validation,discovery
37,1.1633148282223207,0.01914143972839783,0.9113806180692633,56474,2412,0.04270991960902362,35846,1187,0.033113876025218994,2777,869,0.3129276197335254,WinoGrande,0.5,validation,discovery
38,1.0359175490603352,0.041777757199213436,0.8911831682525575,56403,2966,0.052585855362303424,35780,1705,0.04765231973169368,2764,1047,0.3787988422575977,WinoGrande,0.5,validation,discovery
39,0.5696288028393066,0.03009493910667953,0.8986653187557043,56451,2766,0.048998246266673755,35814,1350,0.03769475624057631,2763,926,0.33514296055012666,WinoGrande,0.5,validation,discovery
40,0.7153498761303461,0.017804154302670613,0.9066877136688773,56490,2548,0.04510532837670384,35848,1267,0.035343673287212676,2784,914,0.32830459770114945,WinoGrande,0.5,validation,discovery
41,1.2407298257512718,0.034114211522476706,0.9086686086853821,56468,2489,0.04407806191117093,35837,1258,0.03510338476993052,2773,887,0.31987017670393075,WinoGrande,0.5,validation,discovery
42,0.7769758251809973,0.05806828816763019,0.905570595978732,56474,2573,0.04556078903566243,35839,1329,0.0370825078824744,2775,894,0.32216216216216215,WinoGrande,0.5,validation,discovery
43,1.0379261428285758,0.028765361561129854,0.8987476953298477,56419,2757,0.04886651659901806,35816,1353,0.03777641277641278,2768,907,0.3276734104046243,WinoGrande,0.5,validation,discovery
44,0.9808412388466791,0.07241319579460054,0.876111967493918,56420,3399,0.06024459411556186,35803,2270,0.06340250816970645,2784,1233,0.44288793103448276,WinoGrande,0.5,validation,discovery
45,1.2423010092677271,0.035701486546538805,0.9016441009624901,56426,2676,0.04742494594690391,35814,1412,0.03942592282347685,2769,953,0.3441675695196822,WinoGrande,0.5,validation,discovery
46,0.9189760975708748,0.0414424065172513,0.8817613061638289,56394,3230,0.05727559669468383,35786,1754,0.049013580729894375,2757,1015,0.3681537903518317,WinoGrande,0.5,validation,discovery
47,0.5862779322547106,0.020715221989015146,0.905941112806426,56439,2559,0.04534098761494711,35834,1286,0.03588770441480159,2775,890,0.3207207207207207,WinoGrande,0.5,validation,discovery
48,0.5941318948808944,0.0400593471810089,0.9047027409712513,56441,2590,0.045888627061887635,35825,1299,0.0362595952547104,2762,880,0.31860970311368575,WinoGrande,0.5,validation,discovery
49,1.5695922272805731,0.069830350987621,0.8698239597358276,56459,3588,0.0635505411006217,35815,2177,0.06078458746335334,2769,1093,0.39472733838931023,WinoGrande,0.5,validation,discovery
50,0.7741588201760167,0.024268870331219477,0.9155050891913749,56387,2270,0.04025750616276801,35801,1217,0.03399346386972431,2756,878,0.318577648766328,WinoGrande,0.5,validation,discovery
51,1.2372739384118896,0.05718053789270405,0.8980454819417318,56436,2780,0.04925933801119853,35817,1381,0.038557109752352235,2765,907,0.32802893309222425,WinoGrande,0.5,validation,discovery
52,2.1678849510064038,0.14075052471592964,0.8602637462259521,56406,3839,0.0680601354465837,35815,2127,0.05938852436130113,2770,1009,0.36425992779783395,WinoGrande,0.5,validation,discovery
53,2.328984837751693,0.0750826276808762,0.8924903959949158,56457,2944,0.052145880935933545,35818,1714,0.04785303478697862,2780,1057,0.3802158273381295,WinoGrande,0.5,validation,discovery
54,1.2360503376845986,0.07444130821130171,0.8856232545030713,56403,3125,0.05540485435171888,35787,1868,0.05219772543102244,2762,1102,0.39898624185372916,WinoGrande,0.5,validation,discovery
55,0.7884453172835063,0.06177502023199352,0.8945995552385944,56453,2884,0.051086744725701023,35830,1520,0.042422550934970694,2777,968,0.34857760172848395,WinoGrande,0.5,validation,discovery
56,1.1659394858020238,0.03886790756226959,0.8984436922666689,56430,2769,0.04906964380648591,35815,1457,0.04068127879380148,2766,1004,0.36297903109182933,WinoGrande,0.5,validation,discovery
57,1.0693574139812967,0.04489211313035775,0.8925084536163747,56440,2942,0.05212615166548547,35816,1680,0.04690641054277418,2772,1029,0.3712121212121212,WinoGrande,0.5,validation,discovery
58,0.6470213827737268,0.027156250191987523,0.8918816008438397,56452,2960,0.05243392616736342,35835,1429,0.039877215013255196,2778,914,0.32901367890568756,WinoGrande,0.5,validation,discovery
59,1.6783199212807958,0.04799313976414651,0.9065197668616509,56457,2547,0.045113980551570225,35837,1421,0.03965175656444457,2782,987,0.35478073328540616,WinoGrande,0.5,validation,discovery
60,2.132929654554056,0.050195813530835603,0.9131110580105215,56458,2359,0.041783272521166176,35834,1265,0.03530166880616174,2774,921,0.3320115356885364,WinoGrande,0.5,validation,discovery
61,1.6615083818316552,0.04067380031771723,0.9079235849500512,56462,2504,0.04434841132088838,35839,1349,0.03764055916738748,2774,955,0.34426820475847153,WinoGrande,0.5,validation,discovery
62,1.3762035675351958,0.11591643065001342,0.8865297310546996,56455,3113,0.055141262952794264,35856,1792,0.0499776885319054,2792,1051,0.376432664756447,WinoGrande,0.5,validation,discovery
63,0.49251274237038084,0.01815852835076161,0.9006737095486169,56462,2716,0.048103149020580216,35851,1411,0.0393573401020892,2783,904,0.3248293208767517,WinoGrande,0.5,validation,discovery
64,1.1274413785078883,0.03228257285798248,0.9082033999134662,56431,2492,0.04416012475412451,35824,1233,0.03441826708351943,2765,859,0.3106690777576854,WinoGrande,0.5,validation,discovery
65,0.662563939759631,0.025949145073034675,0.9023070510584421,56488,2674,0.04733748760798754,35846,1531,0.0427104837359817,2781,1079,0.38798993167925205,WinoGrande,0.5,validation,discovery
66,1.039013515410467,0.06334861972844168,0.8888894194629924,56457,3044,0.053917140478594326,35844,1607,0.04483316594130119,2788,993,0.3561692969870875,WinoGrande,0.5,validation,discovery
67,1.4174828106893036,0.06804242360944722,0.8818907230903865,56426,3239,0.05740261581540425,35811,1978,0.05523442517662171,2775,1095,0.3945945945945946,WinoGrande,0.5,validation,discovery
68,1.9123008285221468,0.1218446055666115,0.8300381838510562,56409,4696,0.08324912691237214,35792,3229,0.09021569065713009,2800,1309,0.4675,WinoGrande,0.5,validation,discovery
69,0.39018242651060214,0.017096291647805066,0.897594454741494,56441,2797,0.0495561737035134,35841,1348,0.037610557741134455,2775,923,0.3326126126126126,WinoGrande,0.5,validation,discovery
70,0.8737266328377392,0.04199970101144143,0.9068948542179446,56451,2535,0.04490620183876282,35840,1314,0.03666294642857143,2776,976,0.3515850144092219,WinoGrande,0.5,validation,discovery
71,1.6140584494515424,0.07004016425381411,0.9087180882381254,56450,2481,0.04395039858281665,35831,1347,0.03759314560017862,2766,929,0.3358640636297903,WinoGrande,0.5,validation,discovery
72,0.6455727511182521,0.023979572814341574,0.9096264828545998,56443,2455,0.04349520755452403,35816,1204,0.03361626088898816,2753,845,0.30693788594260807,WinoGrande,0.5,validation,discovery
73,1.8263808309066283,0.10226130451215491,0.9006544338322935,56353,2683,0.0476105974837187,35786,1471,0.04110546023584642,2740,908,0.33138686131386863,WinoGrande,0.5,validation,discovery
74,1.5634388590039765,0.038022231642409685,0.9042638218794735,56447,2608,0.046202632557974736,35822,1230,0.034336441293060134,2755,882,0.3201451905626134,WinoGrande,0.5,validation,discovery
75,0.254363958887041,0.045362797841628257,0.9097434294785932,56426,2449,0.04340197781164711,35822,1364,0.03807715928758863,2768,965,0.3486271676300578,WinoGrande,0.5,validation,discovery
76,1.2370137186557961,0.07640200221802596,0.9141141444741344,56415,2320,0.04112381458831871,35820,1350,0.03768844221105527,2755,942,0.34192377495462795,WinoGrande,0.5,validation,discovery
77,0.9324829386866844,0.042427239756616615,0.9035089568183664,56473,2633,0.0466240504311795,35826,1381,0.038547423658795286,2778,938,0.33765298776097913,WinoGrande,0.5,validation,discovery
78,0.6742652097776664,0.0289467374037107,0.885826493955214,56448,3130,0.05544926303854875,35824,1592,0.044439481911567665,2786,1037,0.37221823402727927,WinoGrande,0.5,validation,discovery
79,1.1303733559535738,0.07467451529114696,0.9018327828464268,56418,2667,0.04727214718706796,35810,1441,0.04024015638089919,2768,927,0.33489884393063585,WinoGrande,0.5,validation,discovery
80,1.8815041693764603,0.09231783712495878,0.8932462944970384,56457,2924,0.051791629027401385,35833,1575,0.043953897245555776,2774,982,0.35400144196106703,WinoGrande,0.5,validation,discovery
81,0.8358699839101303,0.041946781135430274,0.8928021379957485,56442,2930,0.05191169696325432,35814,1587,0.04431228011392193,2774,1000,0.3604902667627974,WinoGrande,0.5,validation,discovery
82,1.2778037060454481,0.059556994275095164,0.904123408873248,56424,2605,0.0461682971785056,35833,1348,0.037618954594926465,2778,905,0.3257739380849532,WinoGrande,0.5,validation,discovery
83,0.7654432867947732,0.032243803015316375,0.9119916114773444,56444,2390,0.042342853093331446,35823,1149,0.032074365631019175,2760,838,0.3036231884057971,WinoGrande,0.5,validation,discovery
84,0.8190236772003592,0.05097713035398495,0.9020975449967653,56470,2674,0.04735257658933947,35828,1384,0.03862900524729262,2765,962,0.34792043399638334,WinoGrande,0.5,validation,discovery
85,0.7092265981255311,0.07238667342163035,0.908570875785229,56468,2492,0.044131189346178365,35831,1357,0.037872233540788704,2765,873,0.31573236889692585,WinoGrande,0.5,validation,discovery
86,0.8515611511945822,0.03175514725086613,0.8885443375261141,56417,3046,0.053990818370349365,35814,1572,0.04389344948902664,2766,958,0.34634851771511205,WinoGrande,0.5,validation,discovery
87,1.0663998470582237,0.08692994941818855,0.8903915154277988,56419,2993,0.053049504599514345,35798,1790,0.05000279345214816,2752,1072,0.38953488372093026,WinoGrande,0.5,validation,discovery
88,1.2504767462047384,0.017107274525672143,0.894164136733787,56419,2888,0.051188429429802014,35823,1386,0.03869022694916674,2770,898,0.32418772563176895,WinoGrande,0.5,validation,discovery
89,1.0625973523056145,0.045618484914279944,0.8951309394037523,56361,2839,0.05037171093486631,35818,1652,0.04612206153330727,2779,1052,0.3785534364879453,WinoGrande,0.5,validation,discovery
90,1.1387969794152009,0.0219192428207158,0.912361087731954,56472,2386,0.04225102705765689,35840,1227,0.03423549107142857,2774,896,0.32299927901946646,WinoGrande,0.5,validation,discovery
91,0.44433920104254904,0.05831041096042307,0.8877723356157797,56402,3065,0.05434204460834722,35784,1904,0.053208137715179966,2765,1105,0.3996383363471971,WinoGrande,0.5,validation,discovery
92,1.1098866365967999,0.024836404159607143,0.9091873315659627,56423,2460,0.04359924144409195,35809,1229,0.03432098075902706,2764,848,0.3068017366136035,WinoGrande,0.5,validation,discovery
93,0.7792428366294704,0.006069598057728619,0.897632104318642,56461,2802,0.049627176280972705,35830,1404,0.03918504046888083,2773,989,0.35665344392354853,WinoGrande,0.5,validation,discovery
94,0.852298271698239,0.026177282433752874,0.9121953229651084,56425,2376,0.04210899424014178,35807,1269,0.03543999776579998,2747,913,0.33236257735711683,WinoGrande,0.5,validation,discovery
95,0.29247006633038064,0.007650318545686891,0.9102064856580251,56465,2444,0.04328344992473213,35831,1248,0.034830174988138764,2770,893,0.3223826714801444,WinoGrande,0.5,validation,discovery
96,0.5974833015684967,0.029745638183259135,0.906914135120017,56457,2536,0.044919142001877535,35825,1432,0.03997208653175157,2771,977,0.3525802959220498,WinoGrande,0.5,validation,discovery
97,0.7978657084683618,0.030707121881038062,0.8970948933940107,56362,2784,0.04939498243497392,35802,1392,0.038880509468744766,2754,933,0.33877995642701525,WinoGrande,0.5,validation,discovery
98,1.2403965051600252,0.019410468585398008,0.9006586889186687,56427,2706,0.047955765856770693,35819,1402,0.03914123789050504,2767,968,0.34983736899168777,WinoGrande,0.5,validation,discovery
99,0.8158111713870129,0.023563779788783018,0.9005626621430888,56449,2714,0.04807879679002285,35827,1601,0.04468696792921539,2777,1031,0.371263953907094,WinoGrande,0.5,validation,discovery
100,1.5570417885350387,0.11613350453500113,0.889488522044517,56399,3013,0.053422933030727496,35811,1624,0.04534919438161459,2760,917,0.3322463768115942,WinoGrande,0.5,validation,discovery
101,1.2697696562251264,0.09565109004205768,0.8896804699969149,56452,3024,0.0535676326790902,35845,1686,0.047035848793416095,2787,982,0.3523501973448152,WinoGrande,0.5,validation,discovery
102,0.7887590015540288,0.027539201290975257,0.9134465620903511,56443,2349,0.04161720673954255,35814,1200,0.03350644999162339,2756,846,0.306966618287373,WinoGrande,0.5,validation,discovery
103,1.2351576332500784,0.08326095872234685,0.8779011611282864,56430,3350,0.059365585681375156,35808,2080,0.0580875781948168,2774,1116,0.4023071377072819,WinoGrande,0.5,validation,discovery
104,0.9918492604046248,0.03296506194322684,0.9024892317825054,56434,2655,0.047046106956799096,35842,1383,0.038586016405334524,2778,927,0.33369330453563717,WinoGrande,0.5,validation,discovery
105,0.8285054639445112,0.007630351844001695,0.9045577068668335,56463,2605,0.04613640791314666,35831,1307,0.03647679383773827,2765,934,0.3377938517179023,WinoGrande,0.5,validation,discovery
106,1.5677364495463757,0.11600845978786198,0.8752767722362182,56415,3423,0.060675352299920236,35803,2277,0.06359802251208,2779,1186,0.42677222022310185,WinoGrande,0.5,validation,discovery
107,1.1974139891944524,0.040947946571453855,0.9059902723595908,56435,2557,0.04530876229290334,35809,1494,0.0417213549666285,2774,1034,0.3727469358327325,WinoGrande,0.5,validation,discovery
108,1.1925013633424764,0.04378604027115156,0.8820909073470516,56431,3230,0.057238042919671814,35813,1937,0.05408650490045514,2782,1109,0.3986340762041697,WinoGrande,0.5,validation,discovery
109,0.525265471365589,0.022616241791737626,0.8902229266696452,56447,3009,0.053306641628430206,35815,1568,0.04378053888035739,2772,1010,0.3643578643578644,WinoGrande,0.5,validation,discovery
110,0.7786495932520159,0.03706201480682192,0.9055525313592818,56462,2578,0.04565902731040346,35840,1343,0.037472098214285716,2780,928,0.3338129496402878,WinoGrande,0.5,validation,discovery
111,1.267627436333226,0.07656686912078034,0.8621817563293881,56439,3798,0.06729389252112901,35814,2435,0.06799017144133579,2787,1245,0.44671689989235736,WinoGrande,0.5,validation,discovery
112,0.4676841014047294,0.019274909790217017,0.9090044129363544,56382,2454,0.04352452910503352,35782,1308,0.03655469230339277,2735,915,0.33455210237659966,WinoGrande,0.5,validation,discovery
113,1.2819798366739683,0.027320079539148046,0.8990146761082066,56411,2745,0.04866072219957101,35827,1401,0.03910458592681497,2771,920,0.3320101046553591,WinoGrande,0.5,validation,discovery
114,0.7065215064275899,0.01517827704771325,0.9082466543979608,56425,2488,0.04409392999556934,35819,1250,0.03489768000223345,2760,871,0.3155797101449275,WinoGrande,0.5,validation,discovery
115,1.298267593884412,0.09806875917700326,0.8928759621462956,56464,2935,0.05198002266931142,35831,1552,0.04331444838268538,2766,944,0.34128705712219815,WinoGrande,0.5,validation,discovery
116,2.4283249910916247,0.1266032986739363,0.8935304586439579,56450,2915,0.051638618246235606,35847,1850,0.05160822384020978,2780,1010,0.36330935251798563,WinoGrande,0.5,validation,discovery
117,0.6693061167399965,0.013317790024021475,0.9198158613738626,56425,2161,0.03829862649534781,35819,1061,0.029621150785895754,2754,794,0.28830791575889614,WinoGrande,0.5,validation,discovery
118,0.6906447948887151,0.04946317668200918,0.8923511295005963,56466,2951,0.05226153791662239,35823,1712,0.04779052563995199,2776,985,0.35482708933717577,WinoGrande,0.5,validation,discovery
119,0.9319909719733019,0.03963314113853306,0.9111309654595124,56454,2417,0.04281361816700322,35822,1159,0.03235441907207861,2760,846,0.3065217391304348,WinoGrande,0.5,validation,discovery
120,1.296167580023589,0.029596516243400525,0.9132328716793345,56459,2357,0.041747108521227795,35834,1278,0.03566445275436736,2764,921,0.33321273516642547,WinoGrande,0.5,validation,discovery
121,1.3462055307041836,0.03909654553788592,0.899133745272084,56422,2745,0.04865123533373507,35813,1442,0.040264708346131294,2764,961,0.347684515195369,WinoGrande,0.5,validation,discovery
122,0.6922112570810515,0.01751794561376959,0.9208750089297841,56475,2146,0.03799911465250111,35844,1016,0.028345050775583084,2774,793,0.28586878154289835,WinoGrande,0.5,validation,discovery
123,0.7114045430727932,0.026144092006561367,0.8936393635885157,56413,2894,0.05130023221597858,35812,1543,0.043086116385569084,2769,941,0.3398338750451427,WinoGrande,0.5,validation,discovery
124,0.9280535768402123,0.05295610077762498,0.8973665396785562,56451,2805,0.04968911091034703,35824,1522,0.042485484591335415,2769,983,0.35500180570603107,WinoGrande,0.5,validation,discovery
125,0.6935812566941447,0.010136466349826708,0.901115256764694,56424,2692,0.04771019424358429,35805,1279,0.0357212679793325,2755,862,0.31288566243194194,WinoGrande,0.5,validation,discovery
126,1.8917539725749153,0.04228486646884273,0.8990598739834071,56481,2766,0.048972220746799806,35841,1453,0.040540163499902346,2771,946,0.34139299891735836,WinoGrande,0.5,validation,discovery
127,0.8133383158631469,0.04763650443515512,0.8948504327714708,56446,2872,0.05088048754561882,35817,1612,0.045006561130189575,2774,997,0.359408795962509,WinoGrande,0.5,validation,discovery
128,0.38332604645932694,0.021821650159929082,0.9187275654554574,56467,2205,0.03904935626117909,35828,1136,0.03170704476945406,2768,856,0.3092485549132948,WinoGrande,0.5,validation,discovery
129,0.9561068523733309,0.026309084914426156,0.9010579506976129,56433,2692,0.04770258536671806,35826,1271,0.03547702785686373,2763,905,0.3275425262395946,WinoGrande,0.5,validation,discovery
130,0.8892705393739853,0.026931396910408273,0.8955536338571465,56486,2868,0.05077364302659066,35845,1536,0.04285116473706235,2781,1001,0.35994246673858327,WinoGrande,0.5,validation,discovery
131,1.309532135114344,0.06266032986739363,0.885779633508027,56395,3118,0.05528858941395514,35798,2009,0.05612045365662886,2765,1121,0.4054249547920434,WinoGrande,0.5,validation,discovery
132,1.2341453779937723,0.05137176360244351,0.9156549081387559,56438,2281,0.040416031751656686,35821,1181,0.03296948717232908,2757,845,0.3064925643815742,WinoGrande,0.5,validation,discovery
133,1.360056575955801,0.0399166083648967,0.8730028757047814,56427,3490,0.06184982366597551,35825,1803,0.05032798325191905,2773,1000,0.36062026685899745,WinoGrande,0.5,validation,discovery
134,0.7521106725911513,0.0475345356509392,0.8858597170171131,56445,3125,0.055363628310744976,35814,1861,0.05196291952867594,2780,1139,0.4097122302158273,WinoGrande,0.5,validation,discovery
135,1.9673251495157016,0.04482400907095125,0.9072963902262834,56432,2519,0.044637794159342215,35820,1287,0.03592964824120603,2762,941,0.3406951484431571,WinoGrande,0.5,validation,discovery
136,0.554042574847365,0.02658703061955514,0.9007979803744491,56411,2699,0.047845278403148325,35804,1416,0.03954865378170037,2765,918,0.33200723327305603,WinoGrande,0.5,validation,discovery
137,1.8152793226974218,0.028010629545915322,0.9142837424892846,56465,2331,0.04128221021871956,35839,1279,0.03568737967019169,2775,930,0.33513513513513515,WinoGrande,0.5,validation,discovery
138,0.2852347316995174,0.026501398227627107,0.88365815366296,56438,3186,0.05645132712002551,35829,1686,0.047056853386921206,2782,1061,0.3813803019410496,WinoGrande,0.5,validation,discovery
139,1.167633797537981,0.027065911338908365,0.8848801157170616,56435,3155,0.05590502347833791,35820,1511,0.042183137911781125,2763,982,0.3554107853782121,WinoGrande,0.5,validation,discovery
140,0.6566045145958637,0.01744447441776819,0.9209338467969436,56447,2136,0.03784080642018176,35835,1142,0.03186828519603739,2768,871,0.31466763005780346,WinoGrande,0.5,validation,discovery
141,0.8076893251181192,0.06122558686743954,0.9181005690125631,56452,2217,0.039272302132785375,35839,1189,0.03317614888808282,2767,832,0.3006866642573184,WinoGrande,0.5,validation,discovery
142,0.5222595560654331,0.0648375994145698,0.8939173297324607,56421,2893,0.05127523439853955,35811,1586,0.044288067912094047,2762,987,0.3573497465604634,WinoGrande,0.5,validation,discovery
143,0.9967447445592782,0.08066570752030691,0.9036827170186597,56431,2621,0.046446102319647,35830,1499,0.0418364499023165,2759,947,0.343240304458137,WinoGrande,0.5,validation,discovery
144,1.623323642345948,0.0396472139795582,0.9189127304729727,56452,2194,0.03886487635513357,35820,1081,0.030178671133445002,2751,790,0.28716830243547803,WinoGrande,0.5,validation,discovery
145,1.0171922100024529,0.05149821937978305,0.9053931676265731,56485,2588,0.04581747366557493,35846,1273,0.03551302795290967,2778,920,0.33117350611951046,WinoGrande,0.5,validation,discovery
146,0.7146178729106631,0.038618672859416,0.8950715452692272,56414,2861,0.050714361683270114,35827,1386,0.03868590727663494,2772,946,0.3412698412698413,WinoGrande,0.5,validation,discovery
147,2.3439907235477477,0.12964303233536784,0.8765162819833823,56427,3386,0.06000673436475446,35814,1978,0.055229798402859215,2769,1072,0.38714337305886604,WinoGrande,0.5,validation,discovery
148,1.294070324122386,0.05424477093435623,0.9103765179311245,56418,2424,0.04296501116664894,35809,1297,0.036219944706637995,2757,859,0.31157054769677184,WinoGrande,0.5,validation,discovery
149,0.6953088493125851,0.052811925957326554,0.9139864595114418,56445,2330,0.04127912126849145,35834,1169,0.03262264888095105,2770,835,0.30144404332129965,WinoGrande,0.5,validation,discovery
150,0.7513661645319182,0.015426580902003424,0.9040193478006743,56433,2609,0.04623181471833856,35826,1231,0.03436052029252498,2757,853,0.3093942691331157,WinoGrande,0.5,validation,discovery
151,0.624968418314561,0.053413661659332555,0.8968442920595177,56382,2800,0.04966123940264623,35787,1650,0.04610612792354766,2772,1074,0.3874458874458874,WinoGrande,0.5,validation,discovery
152,1.2194820433158713,0.024768949423832662,0.9166025069242583,56450,2259,0.0400177147918512,35842,1192,0.03325707270799621,2776,877,0.3159221902017291,WinoGrande,0.5,validation,discovery
153,1.3233404316099853,0.03226372430975456,0.8970650998885294,56449,2811,0.04979716204007157,35844,1520,0.042405981475281775,2784,1011,0.36314655172413796,WinoGrande,0.5,validation,discovery
154,0.7931831471265862,0.03777699958837877,0.9128337540977516,56465,2370,0.041972903568582305,35845,1265,0.03529083554191659,2775,864,0.31135135135135134,WinoGrande,0.5,validation,discovery
155,1.6297918816259673,0.0409680506300612,0.8971258709593031,56448,2811,0.049798044217687076,35821,1386,0.03869238714720415,2773,913,0.3292463036422647,WinoGrande,0.5,validation,discovery
156,1.0668649584457934,0.06736765148582978,0.8944207126111496,56466,2893,0.05123437112598732,35844,1500,0.041848008034817544,2772,965,0.3481240981240981,WinoGrande,0.5,validation,discovery
157,0.6682899832940948,0.02472012528150052,0.9112048666187464,56434,2410,0.04270475245419428,35806,1352,0.0377590347986371,2771,950,0.3428365211115121,WinoGrande,0.5,validation,discovery
158,0.9653304392916062,0.04623129317346585,0.8945827017790846,56435,2879,0.05101444139275273,35832,1545,0.0431178834561286,2775,997,0.3592792792792793,WinoGrande,0.5,validation,discovery
159,1.155251558401025,0.03936996073494589,0.9124494205033502,56458,2379,0.04213751815508874,35835,1271,0.03546811776196456,2773,908,0.3274432023079697,WinoGrande,0.5,validation,discovery
160,0.8914087946989706,0.043545840475268924,0.8934325381910537,56398,2903,0.05147345650554984,35795,1681,0.04696186618242772,2754,1061,0.3852578068264343,WinoGrande,0.5,validation,discovery
161,1.237444414789478,0.03552434606492147,0.9080736414536753,56431,2494,0.044195566266768266,35821,1394,0.0389157198291505,2781,970,0.34879539733908665,WinoGrande,0.5,validation,discovery
162,0.995819145647119,0.09132268622389488,0.9028165616248099,56417,2643,0.04684758140276867,35810,1502,0.04194359117564926,2757,966,0.35038084874863984,WinoGrande,0.5,validation,discovery
163,1.1161387586312461,0.0770389353475407,0.9052252040408387,56448,2580,0.04570578231292517,35825,1435,0.04005582693649686,2774,970,0.34967555875991346,WinoGrande,0.5,validation,discovery
164,0.7370591149688765,0.036024025573761095,0.900442718952612,56412,2706,0.04796851733673686,35807,1403,0.039182282793867124,2766,941,0.34020245842371655,WinoGrande,0.5,validation,discovery
165,1.0122371908410868,0.022616129408801325,0.9023326115713841,56419,2657,0.04709406405643489,35812,1367,0.0381715626047135,2765,938,0.3392405063291139,WinoGrande,0.5,validation,discovery
166,1.0432621678402245,0.0639917430009031,0.8925191581997846,56403,2930,0.05194759144017162,35791,1945,0.054343270654633846,2775,1183,0.4263063063063063,WinoGrande,0.5,validation,discovery
167,1.1659888011466413,0.08096708563524803,0.9034825705110178,56431,2628,0.04657014761390016,35818,1474,0.04115249315986375,2763,971,0.35142960550126673,WinoGrande,0.5,validation,discovery
168,0.29637120018064744,0.02083146000059946,0.8894787978338876,56461,3034,0.05373620729353005,35842,1487,0.04148764019864963,2779,966,0.34760705289672544,WinoGrande,0.5,validation,discovery
169,0.7989010406152762,0.021334426994121577,0.9074757286916137,56423,2514,0.044556297963596406,35822,1314,0.03668136899112277,2763,942,0.34093376764386535,WinoGrande,0.5,validation,discovery
170,0.8806821270620275,0.030944454209272915,0.911326678283477,56438,2403,0.042577695878663314,35817,1264,0.035290504509032025,2774,863,0.31110310021629417,WinoGrande,0.5,validation,discovery
171,0.7977994543749254,0.06234525806193978,0.886983503376137,56429,3091,0.05477679916355065,35833,1536,0.04286551502804677,2775,965,0.34774774774774775,WinoGrande,0.5,validation,discovery
172,1.4983965872566243,0.04344319739343512,0.8926794883396261,56415,2922,0.05179473544270141,35822,1716,0.047903522974708276,2791,1067,0.38230025080616264,WinoGrande,0.5,validation,discovery
173,0.8703347128855239,0.021282156441742445,0.9036457503978469,56430,2621,0.04644692539429381,35817,1411,0.03939470084038306,2761,974,0.3527707352408548,WinoGrande,0.5,validation,discovery
174,0.4411472243705239,0.03539849533914816,0.8982111736125017,56471,2786,0.049335056931876536,35831,1454,0.04057938656470654,2770,985,0.3555956678700361,WinoGrande,0.5,validation,discovery
175,0.820128055033947,0.02825493075138282,0.8993297027582803,56440,2745,0.04863571934798015,35817,1454,0.04059524806656057,2763,932,0.33731451321027867,WinoGrande,0.5,validation,discovery
176,0.8343618852796532,0.04978166992352416,0.8794823533704292,56460,3314,0.05869642224583776,35834,1640,0.04576659038901602,2772,1010,0.3643578643578644,WinoGrande,0.5,validation,discovery
177,1.2210487065457305,0.025848153679810335,0.9137247830874607,56457,2338,0.04141204810740918,35829,1194,0.033324960227748474,2771,891,0.3215445687477445,WinoGrande,0.5,validation,discovery
178,1.9550825668636171,0.09222791715373319,0.9020706544435433,56430,2663,0.04719121034910509,35818,1545,0.043134736724551904,2765,1006,0.3638336347197107,WinoGrande,0.5,validation,discovery
179,1.9131122197770203,0.0630985983450339,0.8960820190249138,56418,2831,0.050179020879861036,35830,1361,0.03798492883058889,2767,900,0.32526201662450305,WinoGrande,0.5,validation,discovery
180,1.3166808821971414,0.048563363971918655,0.8988005867161812,56466,2770,0.04905606913895087,35837,1612,0.04498144375924324,2786,1020,0.36611629576453697,WinoGrande,0.5,validation,discovery
181,0.7544396754496545,0.04893528905615466,0.9050260424641803,56476,2596,0.045966428217295845,35840,1394,0.038895089285714286,2772,933,0.3365800865800866,WinoGrande,0.5,validation,discovery
182,1.4525221702546878,0.06966587004646609,0.9080625518261765,56444,2500,0.04429168733612076,35820,1367,0.03816303740926857,2754,915,0.332244008714597,WinoGrande,0.5,validation,discovery
183,0.6382624765029186,0.06382069957737616,0.9047850884325136,56399,2583,0.04579868437383641,35802,1413,0.03946706887883358,2756,955,0.3465166908563135,WinoGrande,0.5,validation,discovery
184,1.3771543114254368,0.019794680870671065,0.8936875053760875,56440,2904,0.051452870304748405,35815,1477,0.04123970403462236,2762,959,0.34721216509775527,WinoGrande,0.5,validation,discovery
185,0.8733928444329448,0.027470185681085293,0.91329965844397,56474,2361,0.04180684916952934,35847,1277,0.03562362261835021,2782,897,0.32242990654205606,WinoGrande,0.5,validation,discovery
186,1.0367984037471472,0.07330725654167788,0.8759554705370606,56437,3408,0.06038591704023956,35825,1674,0.0467271458478716,2776,984,0.35446685878962536,WinoGrande,0.5,validation,discovery
187,1.4506671397226647,0.09078188704735712,0.869699728297255,56447,3587,0.06354633550055805,35809,2326,0.06495573738445642,2779,1222,0.43972652033105436,WinoGrande,0.5,validation,discovery
188,1.1332214181978586,0.04984917460727034,0.9022978135167254,56449,2663,0.04717532640082198,35827,1333,0.03720657604599883,2767,890,0.3216479942175641,WinoGrande,0.5,validation,discovery
189,0.4917018345992859,0.048249557893474807,0.9166180078801338,56463,2262,0.040061633281972264,35828,1206,0.03366082393658591,2763,864,0.3127035830618892,WinoGrande,0.5,validation,discovery
190,0.72405427180365,0.022977294110680526,0.9036992308120391,56439,2621,0.04643951877248002,35842,1277,0.035628592154455664,2779,913,0.32853544440446203,WinoGrande,0.5,validation,discovery
191,1.484702559952573,0.07105073999668245,0.8806088675207976,56459,3283,0.05814839086770931,35838,2087,0.058234276466320664,2788,1182,0.42395982783357244,WinoGrande,0.5,validation,discovery
192,1.1451159364880108,0.06157672110845736,0.9045454664872595,56409,2587,0.04586147600560194,35802,1478,0.04128260991006089,2744,982,0.35787172011661805,WinoGrande,0.5,validation,discovery
193,1.1226882231847555,0.01832685982646177,0.9081190683919841,56466,2505,0.04436297949208373,35835,1214,0.03387749407004326,2773,873,0.3148214929679048,WinoGrande,0.5,validation,discovery
194,1.3122337457291415,0.05125708305943116,0.8906908232162778,56469,2997,0.05307336768846624,35850,1565,0.04365411436541144,2786,1001,0.3592964824120603,WinoGrande,0.5,validation,discovery
195,1.6466432249753662,0.03550233149639678,0.9019437793412413,56427,2668,0.047282329381324546,35810,1429,0.03990505445406311,2760,943,0.3416666666666667,WinoGrande,0.5,validation,discovery
196,0.7084051152457783,0.03551674375659323,0.903201840582516,56455,2643,0.046816048179966346,35832,1305,0.03641995981245814,2772,908,0.32756132756132755,WinoGrande,0.5,validation,discovery
197,0.7107660016613196,0.02831053533087259,0.8899878961493595,56465,3019,0.05346674931373417,35836,1554,0.04336421475611117,2778,994,0.3578113750899928,WinoGrande,0.5,validation,discovery
198,0.927256215405305,0.06194864619269338,0.9096024031171339,56429,2456,0.043523720073012105,35816,1333,0.037218003127094036,2754,870,0.3159041394335512,WinoGrande,0.5,validation,discovery
199,0.9437651555482066,0.05711416839013279,0.901554891513111,56459,2688,0.04760976992153598,35843,1418,0.03956142064001339,2779,951,0.34220942785174524,WinoGrande,0.5,validation,discovery
200,1.646381203143421,0.01719500132686788,0.9206504269675441,56400,2129,0.03774822695035461,35827,1069,0.029837831802830266,2763,825,0.2985884907709012,WinoGrande,0.5,validation,discovery
201,0.8007309299912153,0.014548046027855083,0.9169856518963234,56395,2233,0.03959570883943612,35801,1084,0.030278483841233484,2744,805,0.29336734693877553,WinoGrande,0.5,validation,discovery
202,1.0381768350878828,0.09834624513375641,0.8953550272650243,56424,2853,0.05056358996171842,35817,1543,0.04308010162771868,2757,915,0.33188248095756256,WinoGrande,0.5,validation,discovery
203,1.2883256666538112,0.03263131527226483,0.9072033068659203,56424,2520,0.04466184602296895,35817,1327,0.037049445793896754,2756,930,0.3374455732946299,WinoGrande,0.5,validation,discovery
204,1.3652500882974032,0.032512283579809086,0.8849708811646292,56402,3141,0.05568951455622141,35818,1456,0.040649952537830145,2765,886,0.32043399638336345,WinoGrande,0.5,validation,discovery
205,1.039366722281601,0.023048741278647103,0.9182656868536047,56474,2220,0.03931012501328045,35847,1085,0.030267525873852764,2774,798,0.2876712328767123,WinoGrande,0.5,validation,discovery
206,0.8763789258146912,0.039211949191306696,0.9030864237609526,56451,2645,0.04685479442348231,35821,1468,0.040981547137154184,2771,1040,0.3753157704799711,WinoGrande,0.5,validation,discovery
207,1.415847403329043,0.02354185262920879,0.90236094270426,56413,2656,0.04708134649814759,35840,1306,0.036439732142857145,2784,908,0.3261494252873563,WinoGrande,0.5,validation,discovery
208,1.0721167525583304,0.04474267901567606,0.9027046083577823,56474,2661,0.04711902822537805,35837,1391,0.038814632921282476,2771,929,0.33525802959220496,WinoGrande,0.5,validation,discovery
209,1.0354740346825975,0.025547937990392303,0.9028020182129455,56438,2646,0.04688330557425848,35822,1417,0.039556697001842445,2768,938,0.3388728323699422,WinoGrande,0.5,validation,discovery
210,1.4351707112926986,0.04030461669601859,0.9108983922707516,56493,2434,0.04308498398031615,35847,1266,0.03531676290903005,2782,919,0.33033788641265277,WinoGrande,0.5,validation,discovery
211,1.382941506675216,0.07748707309031548,0.8847686091250461,56438,3160,0.05599064460115525,35801,1914,0.053462193793469455,2777,1134,0.4083543392149802,WinoGrande,0.5,validation,discovery
212,1.2494011882080966,0.045266298360312984,0.8820186593881139,56461,3241,0.05740245479180319,35847,1630,0.045471029653806457,2782,1004,0.36089144500359455,WinoGrande,0.5,validation,discovery
213,1.4701908033609534,0.03817815558786826,0.897959819717844,56427,2781,0.049284916795151255,35819,1513,0.04224015187470337,2769,949,0.3427230046948357,WinoGrande,0.5,validation,discovery
214,0.8491864470804108,0.05847427776856237,0.9000439820651708,56492,2740,0.048502442823762655,35853,1440,0.04016400301230023,2786,928,0.3330940416367552,WinoGrande,0.5,validation,discovery
215,1.1633487275053693,0.07916592431493735,0.8868753756228581,56493,3109,0.05503336696581877,35853,1723,0.04805734527096756,2788,1051,0.37697274031563843,WinoGrande,0.5,validation,discovery
216,0.8835999692003669,0.04146827956658945,0.9135745603635503,56449,2347,0.041577353008910696,35832,1242,0.03466175485599464,2767,893,0.32273220093964583,WinoGrande,0.5,validation,discovery
217,0.6494913167561224,0.040598135951685925,0.8945729524514278,56434,2879,0.05101534535918063,35808,1661,0.04638628239499553,2768,1011,0.3652456647398844,WinoGrande,0.5,validation,discovery
218,0.734487658185208,0.048744117735215656,0.908206360531313,56413,2486,0.04406785669969688,35802,1256,0.03508183900340763,2748,888,0.3231441048034934,WinoGrande,0.5,validation,discovery
219,1.0554586093237515,0.05712686879711748,0.8846460342284271,56454,3165,0.05606334360718461,35813,1952,0.054505347220283135,2774,1139,0.41059841384282625,WinoGrande,0.5,validation,discovery
220,1.8168832845025427,0.03806904537888108,0.8822166920665583,56465,3239,0.05736296821039582,35835,1603,0.044732803125436024,2777,999,0.359740727403673,WinoGrande,0.5,validation,discovery
221,1.1328378749177421,0.019559238619092437,0.9195867431104241,56459,2178,0.03857666625338741,35833,1104,0.03080958892640862,2773,833,0.3003966822935449,WinoGrande,0.5,validation,discovery
222,1.5381552510193641,0.03476156220963342,0.9096169017538955,56459,2460,0.04357144122283427,35832,1342,0.03745255637419067,2776,963,0.3469020172910663,WinoGrande,0.5,validation,discovery
223,0.6460878723089574,0.013495123486438533,0.9022365775901671,56488,2679,0.047426001982721996,35842,1323,0.036912002678421964,2783,885,0.31800215594681996,WinoGrande,0.5,validation,discovery
224,0.5769944510611269,0.01844108743218536,0.9023611111740213,56456,2665,0.047204902933257756,35830,1418,0.03957577449065029,2771,976,0.35221941537351137,WinoGrande,0.5,validation,discovery
225,0.7081790558157495,0.0626631893887732,0.8972559140054647,56434,2804,0.049686359286954675,35820,1410,0.03936348408710218,2762,954,0.3454018826937002,WinoGrande,0.5,validation,discovery
226,1.6326129830570764,0.12406817688354925,0.898185823994682,56443,2780,0.049253228921212554,35822,1649,0.04603316397744403,2765,962,0.34792043399638334,WinoGrande,0.5,validation,discovery
227,0.8453209943324236,0.04133394449671499,0.9071786120970532,56395,2511,0.04452522386736413,35786,1324,0.036997708601128936,2745,907,0.3304189435336976,WinoGrande,0.5,validation,discovery
228,1.0734461395346684,0.03242082884363502,0.8945714756581763,56423,2878,0.05100756783581164,35805,1542,0.04306661080854629,2758,985,0.35714285714285715,WinoGrande,0.5,validation,discovery
229,1.6490578396237816,0.05040489574035206,0.8937762747899355,56474,2911,0.051545844105251974,35847,1523,0.042486121572237565,2787,994,0.3566559024040187,WinoGrande,0.5,validation,discovery
230,1.2629445092254727,0.08300362677217275,0.8930456392366771,56420,2920,0.05175469691598724,35811,1541,0.04303147077713552,2772,970,0.3499278499278499,WinoGrande,0.5,validation,discovery
231,1.4846823767028026,0.06979288433294367,0.9096248749920044,56444,2456,0.043512153639005034,35826,1312,0.03662144811031095,2759,930,0.33707865168539325,WinoGrande,0.5,validation,discovery
232,1.1814396941960081,0.035068788777987595,0.9026513323803392,56443,2654,0.04702088832981947,35816,1352,0.03774849229394684,2763,962,0.3481722765110387,WinoGrande,0.5,validation,discovery
233,0.7840435667556409,0.011944395620302122,0.9204340677746252,56466,2155,0.03816455920376864,35833,1118,0.031200290235258003,2770,854,0.3083032490974729,WinoGrande,0.5,validation,discovery
234,0.9981298200754083,0.014601290565682257,0.908597839561862,56445,2485,0.0440251572327044,35827,1303,0.03636921874563876,2766,863,0.31200289226319594,WinoGrande,0.5,validation,discovery
235,1.857159205575178,0.06457026538306374,0.8931356795121641,56420,2916,0.051683800070896846,35806,1677,0.046835725856001785,2776,1062,0.38256484149855907,WinoGrande,0.5,validation,discovery
236,1.230966312440546,0.0468101402174425,0.9112397603757949,56465,2414,0.04275214734791464,35832,1263,0.035247823174815805,2760,920,0.3333333333333333,WinoGrande,0.5,validation,discovery
237,1.0189405840146386,0.031351242977752214,0.8884724232443234,56467,3060,0.05419094338286078,35824,1598,0.044606967396159,2774,992,0.357606344628695,WinoGrande,0.5,validation,discovery
238,1.5663185135684348,0.058114365171519085,0.9024986236794581,56455,2658,0.04708174652378,35808,1513,0.04225312779267203,2768,986,0.35621387283236994,WinoGrande,0.5,validation,discovery
239,1.2868980357752389,0.05658890416797345,0.8909848797005151,56437,2985,0.0528908340273225,35834,1483,0.041385276552994364,2779,1015,0.36523929471032746,WinoGrande,0.5,validation,discovery
240,0.7774951834476578,0.06126500830410003,0.9097194609738024,56460,2459,0.04355295784626284,35839,1269,0.03540835402773515,2770,844,0.3046931407942238,WinoGrande,0.5,validation,discovery
241,1.8482143904305668,0.07272794293823838,0.8829987136675124,56418,3207,0.05684356056577688,35805,1993,0.05566261695293953,2766,1102,0.39840925524222703,WinoGrande,0.5,validation,discovery
242,1.1106263316037537,0.07011089398727816,0.8957725751924972,56412,2840,0.050343898461320286,35800,1672,0.04670391061452514,2761,1031,0.3734154291923216,WinoGrande,0.5,validation,discovery
243,1.7333284807034302,0.07351278790447931,0.9018756092336111,56467,2682,0.04749676802380151,35844,1361,0.03797009262359112,2773,929,0.33501622791200864,WinoGrande,0.5,validation,discovery
244,1.3582290864174875,0.035391002008212685,0.9116036684935167,56447,2401,0.04253547575601892,35824,1214,0.033887896382313536,2767,907,0.3277918323093603,WinoGrande,0.5,validation,discovery
245,0.8968174748998547,0.0198003125044797,0.8970937057053594,56460,2816,0.04987601842012044,35822,1492,0.041650382446541234,2785,1067,0.3831238779174147,WinoGrande,0.5,validation,discovery
246,1.1899845841779781,0.041977639900488556,0.8889676674599981,56448,3041,0.053872590702947844,35842,1552,0.04330115506947157,2792,985,0.3527936962750716,WinoGrande,0.5,validation,discovery
247,1.6857857546017578,0.07051224410274856,0.8921672432540335,56460,2954,0.05232022670917464,35835,1429,0.039877215013255196,2769,929,0.3355001805706031,WinoGrande,0.5,validation,discovery
248,1.3921854262837214,0.06786709828252854,0.9094597683963475,56426,2453,0.04347286711799525,35834,1372,0.038287659764469496,2776,937,0.33753602305475505,WinoGrande,0.5,validation,discovery
249,0.35442019984889733,0.032615351219402317,0.9101744509902333,56455,2443,0.04327340359578425,35836,1272,0.03549503292778212,2771,927,0.33453626849512813,WinoGrande,0.5,validation,discovery
250,0.6527971303508376,0.035825432438300636,0.8973185396716226,56413,2798,0.04959849680038289,35800,1511,0.042206703910614526,2758,983,0.35641769398114576,WinoGrande,0.5,validation,discovery
251,0.8181517205259164,0.028706585285437416,0.9055491639886422,56417,2563,0.045429569101511955,35823,1318,0.03679200513636491,2760,923,0.33442028985507244,WinoGrande,0.5,validation,discovery
252,1.624746561455432,0.09738016395221916,0.9052629185672388,56430,2573,0.04559631401736665,35834,1416,0.039515543896857734,2768,878,0.3171965317919075,WinoGrande,0.5,validation,discovery
253,1.287929209961727,0.09219118155573246,0.9045549535534677,56441,2598,0.04603036799489733,35818,1538,0.04293930426042772,2768,984,0.3554913294797688,WinoGrande,0.5,validation,discovery
254,1.5477788196659736,0.07575008242664029,0.8927173633529878,56465,2943,0.05212078278579651,35829,1499,0.041837617572357585,2771,930,0.3356189101407434,WinoGrande,0.5,validation,discovery
255,0.6981169849702101,0.044754081910577836,0.9070132548265022,56447,2530,0.044820805357237765,35821,1370,0.03824572178331147,2761,906,0.32814197754436797,WinoGrande,0.5,validation,discovery
256,0.5629504820257453,0.017661827557324913,0.9084051742011635,56415,2481,0.043977665514490824,35810,1244,0.03473889974867356,2754,905,0.3286129266521423,WinoGrande,0.5,validation,discovery
257,0.3218463006077939,0.05062173237247421,0.9158998887626726,56409,2268,0.04020635005052385,35808,1222,0.03412645218945487,2758,859,0.31145757795503987,WinoGrande,0.5,validation,discovery
258,0.8285395627362743,0.061332075943093874,0.8980695613375783,56481,2795,0.04948566774667587,35857,1507,0.042028055888668876,2787,955,0.34266236096160746,WinoGrande,0.5,validation,discovery
259,1.4805969124672183,0.09584706090900413,0.8521071175179716,56439,4085,0.0723790286858378,35810,2751,0.07682211672717118,2795,1279,0.457602862254025,WinoGrande,0.5,validation,discovery
260,1.9124973514890877,0.04752487071841616,0.8931712255530301,56414,2913,0.05163611869394122,35809,1829,0.05107654500265296,2778,1126,0.40532757379409645,WinoGrande,0.5,validation,discovery
261,0.859009609675834,0.06453702500790053,0.863015355160045,56441,3778,0.06693715561382683,35813,2162,0.06036913969787507,2768,1106,0.3995664739884393,WinoGrande,0.5,validation,discovery
262,1.2055184782048862,0.03407966909450588,0.8896471818142042,56449,3022,0.053535049336569294,35832,1504,0.04197365483366823,2779,936,0.33681180280676504,WinoGrande,0.5,validation,discovery
263,1.0873619888105952,0.07917667561584475,0.9089901159219932,56407,2461,0.04362933678444165,35821,1301,0.03631947740152425,2766,856,0.309472161966739,WinoGrande,0.5,validation,discovery
264,0.9916414380588755,0.05999855250778026,0.9185911468056465,56452,2203,0.039024303833345146,35830,1252,0.034942785375383756,2767,894,0.3230936031803397,WinoGrande,0.5,validation,discovery
265,2.0992951302763125,0.048415393105771365,0.894019512658644,56462,2904,0.05143282207502391,35823,1781,0.04971666247941267,2779,1094,0.3936667866138899,WinoGrande,0.5,validation,discovery
266,1.1346096319631882,0.030983461304804567,0.8943989786482036,56470,2891,0.05119532495130157,35833,1504,0.04197248346496246,2778,979,0.35241180705543557,WinoGrande,0.5,validation,discovery
267,0.9381906297122946,0.03536870818511898,0.9059364826062863,56445,2562,0.04538931703428116,35814,1371,0.038281119115429724,2758,971,0.35206671501087744,WinoGrande,0.5,validation,discovery
268,0.8445529495952601,0.07079845279164958,0.9074588106752207,56457,2521,0.04465345307047842,35821,1430,0.03992071689790905,2764,946,0.3422575976845152,WinoGrande,0.5,validation,discovery
269,1.17161229758222,0.03102458324286507,0.9119469663763944,56426,2385,0.04226774891007692,35822,1182,0.03299648260845291,2755,791,0.2871143375680581,WinoGrande,0.5,validation,discovery
270,0.9547271830848226,0.03602044180679196,0.8938033480587771,56431,2901,0.051407914089773354,35815,1480,0.041323467820745495,2760,961,0.3481884057971015,WinoGrande,0.5,validation,discovery
271,1.5835093928553996,0.11145412880672846,0.8919267967128012,56440,2951,0.05228561304039688,35823,1727,0.04820925103983474,2764,987,0.35709117221418235,WinoGrande,0.5,validation,discovery
272,0.48578269414414255,0.014514582022000419,0.9023083704171587,56388,2646,0.04692487763353905,35795,1390,0.03883223913954463,2748,976,0.3551673944687045,WinoGrande,0.5,validation,discovery
273,0.9565397109980709,0.04582496642372472,0.8937432586949077,56412,2895,0.05131886832588811,35804,1798,0.05021785275388225,2760,1124,0.4072463768115942,WinoGrande,0.5,validation,discovery
274,0.5452521542253272,0.013741124058124842,0.9263819198596106,56421,1976,0.03502242072987009,35808,1076,0.030049151027703308,2746,817,0.29752367079388203,WinoGrande,0.5,validation,discovery
275,0.8826336961171626,0.0541619821712713,0.9180389368631269,56438,2215,0.039246606896062936,35825,1186,0.03310537334263782,2755,891,0.3234119782214156,WinoGrande,0.5,validation,discovery
276,1.3133524304781377,0.025257094356754193,0.9088911936717651,56462,2482,0.04395876872941093,35829,1264,0.03527868486421614,2765,912,0.3298372513562387,WinoGrande,0.5,validation,discovery
277,1.0754172061717016,0.038740520936366644,0.8909948863934976,56417,2973,0.05269688214545261,35805,1601,0.04471442535958665,2767,974,0.3520057824358511,WinoGrande,0.5,validation,discovery
278,1.0186677183869697,0.024565697504830456,0.9133923988977843,56483,2360,0.04178248322504116,35835,1278,0.035663457513604016,2774,904,0.32588320115356884,WinoGrande,0.5,validation,discovery
279,1.8771926808733088,0.033555135929023164,0.9062917596856739,56479,2558,0.04529117016944351,35838,1299,0.03624644232379039,2771,935,0.3374233128834356,WinoGrande,0.5,validation,discovery
280,1.6848967510157558,0.05387540568366961,0.873648669167178,56440,3471,0.06149893692416726,35850,1800,0.0502092050209205,2789,1037,0.37181785586231625,WinoGrande,0.5,validation,discovery
281,1.423865199304037,0.037354254713305154,0.899538139821406,56475,2747,0.04864099158919876,35842,1346,0.037553707940405114,2780,957,0.34424460431654674,WinoGrande,0.5,validation,discovery
282,0.9139292665613256,0.04364792164242117,0.903424715972434,56457,2633,0.046637263758258496,35836,1487,0.04149458644938051,2778,994,0.3578113750899928,WinoGrande,0.5,validation,discovery
283,0.7952818745001626,0.0761816703630663,0.8971355478059636,56422,2804,0.04969692673070788,35826,1534,0.042818065092391,2769,965,0.34850126399422177,WinoGrande,0.5,validation,discovery
284,1.8310673094224386,0.056180154941605075,0.8995537151361543,56453,2741,0.04855366410996759,35830,1364,0.03806865754953949,2773,923,0.33285250631085467,WinoGrande,0.5,validation,discovery
285,1.2742759623160844,0.039932579228846264,0.890232678706193,56459,3009,0.05329531164207655,35833,1729,0.048251611642899005,2785,1073,0.38527827648114904,WinoGrande,0.5,validation,discovery
286,1.1200535882581493,0.014539255184836716,0.9152071697495503,56451,2297,0.04069015606455156,35820,1156,0.03227247347850363,2762,809,0.29290369297610425,WinoGrande,0.5,validation,discovery
287,0.5060131476101265,0.032805802835476426,0.8968455858239051,56424,2810,0.049801502906564585,35826,1488,0.04153408139340144,2767,986,0.35634260932417783,WinoGrande,0.5,validation,discovery
288,0.5625556244609902,0.030972662326287814,0.9029150385760534,56482,2657,0.04704153535639673,35854,1451,0.040469682601662296,2790,1002,0.35913978494623655,WinoGrande,0.5,validation,discovery
289,0.9605806859361004,0.048421904504990565,0.9005750448416648,56466,2721,0.04818829029858676,35837,1553,0.04333510059435779,2787,1009,0.36203803372802296,WinoGrande,0.5,validation,discovery
290,0.8881883972074511,0.0321239097203489,0.8946606927166165,56446,2881,0.05103993197037877,35828,1497,0.04178296304566261,2761,986,0.35711698659905833,WinoGrande,0.5,validation,discovery
291,1.9798531809861222,0.0469831849653808,0.9072644307916254,56435,2519,0.04463542128111987,35817,1348,0.03763575955551833,2755,971,0.3524500907441016,WinoGrande,0.5,validation,discovery
292,1.3547218160281644,0.02757070597412206,0.902272245449895,56448,2665,0.04721159297052154,35832,1247,0.034801294931904446,2770,880,0.3176895306859206,WinoGrande,0.5,validation,discovery
293,0.7904063274580813,0.03914059170265293,0.8859096863543903,56417,3117,0.0552493042877147,35814,1647,0.0459876026135031,2764,1027,0.3715629522431259,WinoGrande,0.5,validation,discovery
294,0.9510728709482534,0.036139604045082804,0.9125020582337667,56472,2380,0.04214477971384049,35832,1272,0.03549899531145345,2763,933,0.33767643865363733,WinoGrande,0.5,validation,discovery
295,1.233585924207784,0.06723429040140337,0.8622270426970102,56440,3798,0.06729270021261517,35822,2387,0.0666350287532801,2780,1230,0.44244604316546765,WinoGrande,0.5,validation,discovery
296,0.5423165818007112,0.042899319605551045,0.9107592703557957,56450,2425,0.04295837023914969,35831,1272,0.03549998604560297,2775,900,0.32432432432432434,WinoGrande,0.5,validation,discovery
297,0.9978977127029498,0.03974462728171927,0.8863255086273383,56433,3113,0.0551627593783779,35827,1588,0.04432411309905937,2767,1028,0.3715215034333213,WinoGrande,0.5,validation,discovery
298,0.6294568209823753,0.026253652882474963,0.9083076871093745,56441,2491,0.0441345830158927,35839,1211,0.03379000530148721,2769,855,0.3087757313109426,WinoGrande,0.5,validation,discovery
299,1.1950654352459795,0.07331772858801629,0.8855374341380748,56415,3127,0.05542852078347957,35807,2106,0.05881531544111487,2772,1203,0.43398268398268397,WinoGrande,0.5,validation,discovery
300,0.3122730781008434,0.011981836165812429,0.896391165201176,56457,2835,0.05021520803443329,35836,1400,0.039066860140640695,2773,940,0.3389830508474576,WinoGrande,0.5,validation,discovery
301,0.4693970844048781,0.0576611815484219,0.8861021429522652,56429,3115,0.05520211238901983,35817,1756,0.04902699835273753,2771,1048,0.3782028148682786,WinoGrande,0.5,validation,discovery
302,1.4547751079301126,0.11425739628316164,0.8692322051187524,56437,3599,0.06377022166309336,35809,2346,0.06551425619257728,2788,1162,0.4167862266857963,WinoGrande,0.5,validation,discovery
303,0.5175075328205136,0.03912347203535438,0.885261549006721,56473,3150,0.055778867777522,35848,1701,0.04745034590493193,2781,1061,0.38151743976986696,WinoGrande,0.5,validation,discovery
304,0.9703898508164135,0.033814227410018355,0.8780796011606719,56435,3348,0.059324887038185524,35817,1710,0.04774269201775693,2767,960,0.34694615106613663,WinoGrande,0.5,validation,discovery
305,0.4059547602096585,0.033504949569281156,0.8895747030223201,56432,3022,0.05355117663736887,35818,1651,0.046094142609860965,2776,1054,0.3796829971181556,WinoGrande,0.5,validation,discovery
306,1.1089308155536526,0.05785121428264247,0.8870502096559212,56439,3096,0.05485568489874023,35816,1814,0.050647755193209736,2779,1088,0.3915077365958978,WinoGrande,0.5,validation,discovery
307,1.1172866809624564,0.04323456471566393,0.8885585505506959,56463,3058,0.05415936099746737,35846,1572,0.043854265468950514,2788,952,0.34146341463414637,WinoGrande,0.5,validation,discovery
308,0.22134031386947636,0.028543168009043385,0.8988433673510984,56447,2761,0.04891313975942034,35830,1340,0.03739882779793469,2768,906,0.3273121387283237,WinoGrande,0.5,validation,discovery
309,1.136819144005393,0.021414660464381827,0.9127764892731584,56450,2371,0.04200177147918512,35833,1241,0.03463288030586331,2780,904,0.3251798561151079,WinoGrande,0.5,validation,discovery
310,0.8772699974881998,0.03123969666996374,0.9142308743636226,56458,2328,0.04123419178858621,35830,1204,0.03360312587217416,2771,874,0.3154095994225911,WinoGrande,0.5,validation,discovery
311,0.6115146247323255,0.010614047286734679,0.9176173739023032,56466,2235,0.039581340983954945,35837,1173,0.03273153444763792,2778,873,0.3142548596112311,WinoGrande,0.5,validation,discovery
312,0.8838045283173085,0.07394335190748558,0.8828008608480826,56476,3221,0.057033075996883634,35860,1690,0.04712771890686001,2792,1026,0.3674785100286533,WinoGrande,0.5,validation,discovery
313,1.778386504591134,0.1377840647289751,0.8921548660259239,56495,2967,0.05251792193999469,35852,1799,0.05017851165904273,2791,971,0.3479039770691508,WinoGrande,0.5,validation,discovery
314,0.9677590749693732,0.027566934902259053,0.9056209137828145,56448,2567,0.04547548185941043,35819,1422,0.03969960077054077,2774,989,0.35652487382840664,WinoGrande,0.5,validation,discovery
315,0.7953477249897343,0.028853344913271094,0.9014931632493495,56465,2689,0.0476224209687417,35830,1376,0.03840357242534189,2777,924,0.33273316528628016,WinoGrande,0.5,validation,discovery
316,0.3392350164851759,0.028802223164240956,0.9046458188585407,56463,2603,0.04610098648672582,35850,1286,0.03587168758716876,2781,917,0.32973750449478606,WinoGrande,0.5,validation,discovery
317,0.23697405856996823,0.012124757746093773,0.9129131270464463,56430,2358,0.04178628389154705,35825,1270,0.03545010467550593,2763,927,0.3355048859934853,WinoGrande,0.5,validation,discovery
318,1.9941615051882036,0.039498992238371264,0.9034917746010155,56457,2631,0.04660183856740528,35835,1427,0.039821403655643926,2772,978,0.3528138528138528,WinoGrande,0.5,validation,discovery
319,0.9866603279729116,0.025874471720169052,0.9100350679387167,56448,2446,0.04333191609977324,35837,1234,0.034433685855400846,2773,890,0.32095203750450774,WinoGrande,0.5,validation,discovery
320,0.4126186667094361,0.05922253584553648,0.9066873651381383,56481,2547,0.04509481064428746,35833,1457,0.04066084335668239,2770,1002,0.36173285198555954,WinoGrande,0.5,validation,discovery
321,0.9161607379395296,0.053723738667616885,0.8942620344577149,56421,2884,0.05111571932436504,35821,1504,0.04198654420591273,2766,937,0.33875632682574114,WinoGrande,0.5,validation,discovery
322,1.1688772298905006,0.0681417451511633,0.8994576784376151,56456,2745,0.048621935666713904,35840,1391,0.038811383928571426,2771,923,0.33309274630097435,WinoGrande,0.5,validation,discovery
323,0.8390151704369523,0.05223436507362106,0.8855726941446105,56416,3126,0.05540981281905842,35798,1722,0.04810324599139617,2767,1062,0.38380917961691363,WinoGrande,0.5,validation,discovery
324,0.7103984767909518,0.018902462522640565,0.9083829344677452,56429,2486,0.04405536160484857,35817,1245,0.03476003015327917,2759,879,0.31859369336716203,WinoGrande,0.5,validation,discovery
325,0.7072470221741299,0.035258947517318576,0.9001712651945449,56426,2719,0.048187005990146387,35808,1494,0.041722520107238606,2771,940,0.33922771562612775,WinoGrande,0.5,validation,discovery
326,1.3713303538278554,0.04391091928183914,0.9083356161338249,56483,2502,0.044296513995361435,35861,1293,0.03605588243495719,2791,902,0.3231816553206736,WinoGrande,0.5,validation,discovery
327,0.9000442719583883,0.022113890066412324,0.8924865735709806,56453,2945,0.05216728960374117,35841,1332,0.03716414162551268,2781,911,0.3275800071916577,WinoGrande,0.5,validation,discovery
328,2.0507190938689694,0.1369810137270512,0.8840623998349382,56453,3185,0.05641861371406302,35826,2052,0.057276838050577795,2777,1101,0.39647101188332734,WinoGrande,0.5,validation,discovery
329,1.2010759499296093,0.08193892332052317,0.8696444076400334,56419,3581,0.0634715255499034,35812,2401,0.06704456606724003,2792,1234,0.44197707736389685,WinoGrande,0.5,validation,discovery
330,1.9056040508589709,0.11380098420480307,0.88489436877131,56489,3166,0.05604630990104268,35853,1818,0.050707053803029034,2780,1035,0.3723021582733813,WinoGrande,0.5,validation,discovery
331,1.5326674377111122,0.046070460704607054,0.8990311198414347,56453,2759,0.048872513418241725,35842,1416,0.03950672395513643,2783,964,0.3463887890765361,WinoGrande,0.5,validation,discovery
332,1.2871081578220436,0.04527836079547739,0.8893338810141866,56458,3035,0.05375677494774877,35831,1688,0.047110044374982556,2774,1009,0.3637346791636626,WinoGrande,0.5,validation,discovery
333,1.0493617559046784,0.03935385705479887,0.9108553314612231,56458,2423,0.04291685854971838,35846,1184,0.0330301846789042,2783,855,0.3072224218469278,WinoGrande,0.5,validation,discovery
334,0.5671720249662786,0.0574393058470644,0.8982864293633905,56407,2767,0.04905419540127998,35810,1662,0.046411616866796984,2771,1048,0.3782028148682786,WinoGrande,0.5,validation,discovery
335,1.9514223046279686,0.055491222568012026,0.9052555919828305,56486,2591,0.04586977304110753,35849,1333,0.03718374292169935,2786,948,0.3402727925340991,WinoGrande,0.5,validation,discovery
336,0.955423144787031,0.028893213611314514,0.9048423982030698,56487,2603,0.04608139926000673,35841,1367,0.03814067687843531,2772,991,0.3575036075036075,WinoGrande,0.5,validation,discovery
337,1.1210710402961581,0.039939546970897764,0.9105814344240964,56447,2431,0.04306694775630237,35828,1245,0.03474935804398794,2765,897,0.3244122965641953,WinoGrande,0.5,validation,discovery
338,0.9234010300944928,0.04017174714504091,0.9125681086285102,56450,2374,0.04205491585473871,35828,1172,0.03271184548397901,2770,845,0.30505415162454874,WinoGrande,0.5,validation,discovery
339,0.9347796448292909,0.03665681642716864,0.8814603948656784,56460,3258,0.05770456960680127,35831,1714,0.04783567302056878,2783,1035,0.371900826446281,WinoGrande,0.5,validation,discovery
340,1.2373856357755681,0.07856465063166951,0.8972656904491255,56466,2812,0.049799879573548686,35840,1598,0.04458705357142857,2771,992,0.3579935041501263,WinoGrande,0.5,validation,discovery
341,0.9530331064022118,0.058547039476329464,0.9069893008519263,56449,2529,0.04480150224096087,35825,1392,0.038855547801814376,2774,910,0.3280461427541456,WinoGrande,0.5,validation,discovery
342,1.4095828162039368,0.01035998692870662,0.9058294621851293,56456,2566,0.04545132492560578,35827,1340,0.03740195941608284,2774,961,0.3464311463590483,WinoGrande,0.5,validation,discovery
343,0.42448801747166415,0.022890115601992278,0.9147513807429495,56431,2306,0.04086406407825486,35822,1244,0.03472726257607057,2767,929,0.33574268160462595,WinoGrande,0.5,validation,discovery
344,0.7650663892188478,0.027311363618087215,0.8915990667592933,56484,2975,0.05266978259330076,35846,1486,0.04145511354125983,2790,973,0.3487455197132617,WinoGrande,0.5,validation,discovery
345,1.4082912376584655,0.06679573472292585,0.8937520278169255,56439,2904,0.051453781959283476,35810,1616,0.045127059480592015,2759,976,0.3537513591881116,WinoGrande,0.5,validation,discovery
346,0.6023016606977928,0.03796894964360373,0.9056137857513001,56434,2565,0.045451323670127934,35818,1439,0.04017533083924284,2775,944,0.3401801801801802,WinoGrande,0.5,validation,discovery
347,0.7127044914294054,0.021033779935857096,0.9138224800990699,56461,2339,0.04142682559642939,35822,1174,0.03277315616101837,2757,888,0.3220892274211099,WinoGrande,0.5,validation,discovery
348,1.4537742525713757,0.0795296454448224,0.8990250013033484,56452,2759,0.04887337915397152,35823,1705,0.04759512045334003,2770,1044,0.3768953068592058,WinoGrande,0.5,validation,discovery
349,0.40380952207952775,0.02523004525971886,0.9072397332309132,56401,2508,0.044467296679136896,35810,1232,0.03440379782183747,2757,866,0.3141095393543707,WinoGrande,0.5,validation,discovery
350,0.6942533342980959,0.06620668580573046,0.917029128183882,56448,2246,0.03978883219954649,35827,1236,0.03449912077483462,2763,864,0.3127035830618892,WinoGrande,0.5,validation,discovery
351,1.4512768830826162,0.05910794271147459,0.9013559882536994,56412,2679,0.047489895766858116,35800,1558,0.0435195530726257,2758,997,0.36149383611312547,WinoGrande,0.5,validation,discovery
352,0.9169443592625091,0.034749865302807326,0.892383377867017,56428,2936,0.052030906642092575,35813,1644,0.045905118253148296,2768,1001,0.3616329479768786,WinoGrande,0.5,validation,discovery
353,0.31819109526840933,0.04735785151215418,0.9161583185473153,56460,2276,0.040311725115125756,35847,1204,0.033587190001952746,2775,844,0.30414414414414415,WinoGrande,0.5,validation,discovery
354,0.5338848002670707,0.0262448620394566,0.9000426663282745,56439,2725,0.0482822161980191,35812,1391,0.038841729029375625,2773,915,0.3299675441759827,WinoGrande,0.5,validation,discovery
355,0.7018070879006286,0.007736328952946158,0.905847780221583,56387,2547,0.045169985989678474,35800,1303,0.03639664804469274,2756,922,0.33454281567489114,WinoGrande,0.5,validation,discovery
356,1.2883408040911613,0.018510668362300406,0.9082033999134662,56434,2495,0.04421093666938371,35817,1198,0.033447804115364216,2758,866,0.3139956490210297,WinoGrande,0.5,validation,discovery
357,1.5919361660322553,0.06013356187527263,0.9131061319380418,56410,2351,0.04167700762276192,35814,1384,0.03864410565700564,2765,988,0.3573236889692586,WinoGrande,0.5,validation,discovery
358,0.9068384584154889,0.023691771466252173,0.9121447395779128,56470,2388,0.0422879404993802,35834,1246,0.034771446112630465,2774,900,0.32444124008651765,WinoGrande,0.5,validation,discovery
359,1.4645794524963422,0.051910352581233755,0.891985796840537,56427,2950,0.052279936909635456,35806,1487,0.04152935262246551,2760,978,0.35434782608695653,WinoGrande,0.5,validation,discovery
360,1.3550176113991692,0.031870951623241654,0.909354042325889,56438,2463,0.043640809383748536,35823,1267,0.035368338776763535,2767,883,0.3191181785327069,WinoGrande,0.5,validation,discovery
361,0.9451275249083256,0.0338473758355064,0.9066438620417383,56421,2534,0.044912355328689674,35814,1256,0.03507008432456581,2767,863,0.31189013371882907,WinoGrande,0.5,validation,discovery
362,0.51158512990097,0.018178820849443996,0.9042024311139994,56441,2608,0.04620754416115944,35814,1299,0.03627073211593232,2760,902,0.32681159420289857,WinoGrande,0.5,validation,discovery
363,1.283093985466147,0.031245727887545947,0.9176188436912119,56444,2230,0.03950818510381972,35827,1109,0.03095430820331035,2760,823,0.29818840579710143,WinoGrande,0.5,validation,discovery
364,1.0345419410354786,0.04979318406618109,0.8971671571198979,56414,2800,0.04963306980536746,35809,1443,0.0402971320059203,2756,971,0.352322206095791,WinoGrande,0.5,validation,discovery
365,0.6193787080306512,0.023310356267394066,0.8931996603620018,56447,2922,0.0517653728276082,35816,1431,0.039954210408755866,2765,965,0.34900542495479203,WinoGrande,0.5,validation,discovery
366,1.0247379874604894,0.018663746408553533,0.8952497851419033,56450,2865,0.050752878653675816,35830,1536,0.04286910410270723,2776,989,0.3562680115273775,WinoGrande,0.5,validation,discovery
367,1.2692222207373085,0.04410574588616132,0.9124527733129973,56449,2376,0.042091091073358254,35828,1216,0.033939935246176174,2768,863,0.31177745664739887,WinoGrande,0.5,validation,discovery
368,1.6588136718488602,0.04631573021961674,0.9114132394838974,56430,2401,0.04254828991671097,35832,1195,0.03335007814244251,2768,898,0.32442196531791906,WinoGrande,0.5,validation,discovery
369,0.6671093862505888,0.016208074813416063,0.9067998068605689,56374,2516,0.044630503423564054,35786,1249,0.03490191695076287,2738,897,0.32761139517896276,WinoGrande,0.5,validation,discovery
370,1.3750584971849142,0.05709657535228428,0.9017874941396966,56461,2681,0.047484104071837195,35840,1651,0.046065848214285714,2781,1072,0.38547285149226895,WinoGrande,0.5,validation,discovery
371,1.0359002491319405,0.046753311912646194,0.9017082592043507,56448,2680,0.04747732426303855,35829,1501,0.04189343827625666,2775,996,0.3589189189189189,WinoGrande,0.5,validation,discovery
372,1.3697917502379338,0.02439828552588197,0.8991141813497333,56461,2761,0.04890101131754662,35835,1389,0.038760987861029716,2772,949,0.34235209235209235,WinoGrande,0.5,validation,discovery
373,1.083798054505546,0.04128076012349009,0.8953457893718038,56446,2857,0.050614746837685576,35833,1462,0.04080037953841431,2775,972,0.35027027027027025,WinoGrande,0.5,validation,discovery
374,0.5948667187410802,0.04846993629086262,0.9105895150746088,56440,2424,0.04294826364280652,35823,1322,0.03690366524300031,2763,905,0.3275425262395946,WinoGrande,0.5,validation,discovery
375,1.1374861337548199,0.05367561379688847,0.9050316164265947,56425,2582,0.04575985821887461,35829,1392,0.03885120991375701,2774,972,0.35039653929343906,WinoGrande,0.5,validation,discovery
376,1.4701151161742823,0.05637982195845698,0.8940648448149119,56457,2904,0.051437377118869226,35832,1430,0.03990846171020317,2763,953,0.3449149475208107,WinoGrande,0.5,validation,discovery
377,1.1063701272721502,0.021714406188793445,0.9051882684716379,56447,2579,0.04568887629103407,35830,1287,0.035919620429807425,2772,884,0.3189033189033189,WinoGrande,0.5,validation,discovery
378,1.1546423073154402,0.10760295288412824,0.8905012506504275,56417,2990,0.052998209759469665,35808,1745,0.04873212689901698,2757,971,0.3521944142183533,WinoGrande,0.5,validation,discovery
379,0.44250261398313256,0.014743037233447595,0.9179823578503197,56450,2223,0.03937998228520815,35818,1134,0.031660059188117706,2761,810,0.2933719666787396,WinoGrande,0.5,validation,discovery
380,0.8731526145331273,0.018680691257951153,0.9170827959692862,56454,2244,0.03974917632054416,35847,1084,0.03023962953664184,2777,809,0.29132157003961107,WinoGrande,0.5,validation,discovery
381,0.474780516433509,0.04607448151632851,0.90659990841207,56450,2542,0.045031000885739594,35824,1328,0.03707012058954891,2763,936,0.33876221498371334,WinoGrande,0.5,validation,discovery
382,1.9431834159198702,0.05355392237493996,0.8993953848145662,56472,2751,0.0487144071398215,35849,1555,0.04337638427850149,2793,1016,0.36376655925528106,WinoGrande,0.5,validation,discovery
383,0.967959553712606,0.019116949329730695,0.9095062513697254,56430,2456,0.04352294878610668,35826,1269,0.035421202478646795,2771,903,0.3258751353302057,WinoGrande,0.5,validation,discovery
384,1.028216119257545,0.04957834421774558,0.891796461843205,56396,2950,0.05230867437406908,35791,1624,0.045374535497750834,2760,991,0.35905797101449277,WinoGrande,0.5,validation,discovery
385,0.9524753090736774,0.04886107885720838,0.893947795574019,56443,2902,0.05141470155732332,35824,1456,0.04064314426083073,2773,944,0.3404255319148936,WinoGrande,0.5,validation,discovery
386,1.9726614565913954,0.05150257734031345,0.8929247797945246,56473,2937,0.05200715386113718,35846,1475,0.041148245271438934,2786,973,0.3492462311557789,WinoGrande,0.5,validation,discovery
387,0.6102409175051665,0.02877867269558665,0.9126591609504903,56403,2356,0.041770827792847895,35821,1131,0.03157365791016443,2757,831,0.3014145810663765,WinoGrande,0.5,validation,discovery
388,0.3383646138384185,0.011996279075900586,0.8805037800440624,56448,3284,0.058177437641723354,35820,1579,0.04408151870463428,2771,949,0.34247564056297364,WinoGrande,0.5,validation,discovery
389,0.7570816283713372,0.029697047888249013,0.8843095711725029,56459,3175,0.056235498326219026,35819,1623,0.04531114771489991,2776,1010,0.3638328530259366,WinoGrande,0.5,validation,discovery
390,0.6568256600726339,0.020042597628180593,0.9055890245996017,56456,2575,0.0456107411081196,35830,1255,0.035026514094334354,2773,896,0.32311575910566176,WinoGrande,0.5,validation,discovery
391,0.8298150896205491,0.027747804454035907,0.9044088481650809,56432,2599,0.0460554295435214,35825,1270,0.03545010467550593,2768,863,0.31177745664739887,WinoGrande,0.5,validation,discovery
392,0.9578124864201506,0.06127717063520784,0.9049490070447235,56435,2586,0.045822627801895985,35822,1384,0.03863547540617498,2764,901,0.3259768451519537,WinoGrande,0.5,validation,discovery
393,0.20319414632702865,0.03964721397955819,0.9043860183725534,56486,2616,0.0463123605849237,35844,1356,0.03783059926347506,2777,952,0.34281598847677347,WinoGrande,0.5,validation,discovery
394,1.44616264449819,0.034314568729482936,0.9045707673910621,56466,2604,0.04611624694506428,35827,1371,0.03826722862645491,2777,938,0.33777457688152684,WinoGrande,0.5,validation,discovery
395,1.7087265408826344,0.04122538258023531,0.9132279268508289,56466,2358,0.04175964297099139,35847,1210,0.03375456802521829,2786,897,0.32196697774587224,WinoGrande,0.5,validation,discovery
396,1.0484429697183786,0.11271541498797777,0.8742005404489829,56434,3455,0.06122195839387603,35819,2141,0.059772746307825454,2774,1118,0.4030281182408075,WinoGrande,0.5,validation,discovery
397,1.0252247252873274,0.031416325184871176,0.9054569030226343,56477,2584,0.04575313844573897,35857,1323,0.03689656134088184,2790,971,0.3480286738351254,WinoGrande,0.5,validation,discovery
398,1.352238449987535,0.044158152660281426,0.903374640464181,56447,2632,0.0466278101582015,35824,1609,0.04491402411790978,2782,1083,0.3892882818116463,WinoGrande,0.5,validation,discovery
399,0.9213089782367734,0.0323655114649825,0.9036935932705706,56450,2622,0.04644818423383525,35840,1307,0.03646763392857143,2782,880,0.3163191948238677,WinoGrande,0.5,validation,discovery
400,1.4896765400861798,0.06948002613078087,0.8858885920528923,56430,3123,0.05534290271132376,35811,1766,0.04931445645192818,2784,1067,0.38326149425287354,WinoGrande,0.5,validation,discovery
401,0.5253920474167997,0.0252959005252179,0.915089846487739,56456,2302,0.04077511690520051,35819,1308,0.03651693235433708,2778,985,0.3545716342692585,WinoGrande,0.5,validation,discovery
402,1.0715166085488748,0.06339319148209266,0.8884274962237446,56472,3063,0.05423926901827454,35834,2038,0.05687336049561868,2786,1181,0.4239052404881551,WinoGrande,0.5,validation,discovery
403,0.29898123896923645,0.016804982589885234,0.890473626862936,56445,2999,0.053131366817255735,35836,1680,0.04688023216876883,2783,1035,0.371900826446281,WinoGrande,0.5,validation,discovery
404,0.5080140583817326,0.014319755417678263,0.9069840511986097,56435,2529,0.044812616284220785,35823,1271,0.035479998883398936,2761,889,0.3219847881202463,WinoGrande,0.5,validation,discovery
405,0.6669728829207413,0.015472657905892322,0.9057963645281684,56428,2555,0.0452789395335649,35825,1203,0.033579902302861134,2766,842,0.30441070137382503,WinoGrande,0.5,validation,discovery
406,0.635694518383624,0.04672841171357492,0.9172017317595802,56450,2241,0.039698848538529674,35835,1164,0.03248221012976141,2776,837,0.3015129682997118,WinoGrande,0.5,validation,discovery
407,0.7172680056897779,0.020209513532955678,0.9052344016278886,56442,2578,0.045675206406576664,35822,1307,0.036485958349617556,2766,893,0.3228488792480116,WinoGrande,0.5,validation,discovery
408,0.8679729034555111,0.02700779233311621,0.8967678757666854,56446,2821,0.049976969138645785,35813,1514,0.04227515148130567,2765,980,0.35443037974683544,WinoGrande,0.5,validation,discovery
409,0.5457710890136961,0.021505859784791533,0.9142622652727003,56480,2336,0.041359773371104816,35844,1236,0.034482758620689655,2772,916,0.33044733044733043,WinoGrande,0.5,validation,discovery
410,0.8287134235002782,0.0472379582171867,0.9148607391769704,56455,2310,0.04091754494730316,35823,1248,0.03483795327024537,2768,936,0.33815028901734107,WinoGrande,0.5,validation,discovery
411,0.9786630756628713,0.05097713035398495,0.8950200778563326,56422,2866,0.05079578887667931,35812,1526,0.042611415168100075,2762,1004,0.36350470673425056,WinoGrande,0.5,validation,discovery
412,1.8681424976070997,0.061234952112132396,0.8786011032728456,56417,3324,0.05891841111721644,35797,1885,0.052658043970165096,2772,1072,0.38672438672438675,WinoGrande,0.5,validation,discovery
413,0.9736413751077758,0.06316220708698783,0.8696620364010079,56420,3583,0.06350584898971996,35802,2164,0.06044355063962907,2775,1156,0.4165765765765766,WinoGrande,0.5,validation,discovery
414,0.5961631007838084,0.025081823518531915,0.9027623917075179,56495,2660,0.04708381272678998,35842,1331,0.037135204508676974,2772,943,0.3401875901875902,WinoGrande,0.5,validation,discovery
415,1.1976707190767841,0.025853819369054225,0.9029153673418021,56459,2647,0.04688357923448874,35839,1346,0.03755685147465052,2773,965,0.34799855751893255,WinoGrande,0.5,validation,discovery
416,0.5398012034014471,0.045477025447351854,0.9026257585451959,56438,2650,0.046954179807930825,35823,1357,0.03788069117606007,2772,921,0.33225108225108224,WinoGrande,0.5,validation,discovery
417,0.9276703412315888,0.03273515142951345,0.9170922505598357,56436,2240,0.03969097739031824,35831,1222,0.03410454634255254,2774,872,0.3143475126171593,WinoGrande,0.5,validation,discovery
418,1.1072717278080446,0.022062193915707712,0.907019585663412,56448,2530,0.04482001133786848,35820,1161,0.03241206030150754,2760,839,0.3039855072463768,WinoGrande,0.5,validation,discovery
419,1.154290146527364,0.03853070767017355,0.8922498057717262,56444,2945,0.05217560768195025,35816,1618,0.04517534062988608,2769,1023,0.3694474539544962,WinoGrande,0.5,validation,discovery
420,1.2837664146946608,0.0940188232473099,0.9049625288099161,56450,2586,0.045810451727192204,35832,1474,0.041136414378209425,2778,939,0.33801295896328293,WinoGrande,0.5,validation,discovery
421,1.1709615108454259,0.037998681173755364,0.9145500417738601,56451,2318,0.04106216010345255,35834,1136,0.03170173578165988,2775,831,0.29945945945945945,WinoGrande,0.5,validation,discovery
422,1.8892657101622796,0.11340881770503757,0.8756756807925193,56453,3420,0.060581368572086514,35837,1879,0.05243184418338589,2782,1074,0.3860531991373113,WinoGrande,0.5,validation,discovery
423,1.4063468593255992,0.06668315199472469,0.8915196218320242,56432,2966,0.052558831868443436,35827,1634,0.045608060959611466,2767,1026,0.3707986989519335,WinoGrande,0.5,validation,discovery
424,1.6399196798925035,0.02902221900557283,0.8941577772264537,56430,2889,0.05119617224880383,35809,1490,0.04160965120500433,2764,975,0.35274963820549926,WinoGrande,0.5,validation,discovery
425,1.780393305074127,0.07278272337619518,0.8716444598034973,56466,3538,0.06265717422873941,35826,2037,0.056858147713950764,2777,1081,0.38926899531868925,WinoGrande,0.5,validation,discovery
426,0.9994026012305066,0.06471105622827981,0.8844988919822735,56450,3165,0.056067316209034546,35842,1841,0.05136432118743374,2788,1060,0.3802008608321377,WinoGrande,0.5,validation,discovery
427,0.9206841677643756,0.03112108272418036,0.9042467575863254,56461,2611,0.046244310231841446,35854,1371,0.03823841133485804,2787,925,0.33189809831359884,WinoGrande,0.5,validation,discovery
428,0.6364586161350876,0.026286787685788925,0.9038931198609748,56439,2613,0.04629777281666932,35829,1330,0.03712076809288565,2774,946,0.3410237923576063,WinoGrande,0.5,validation,discovery
429,0.708614024187857,0.0426538945707204,0.900159072472629,56448,2724,0.04825680272108843,35810,1543,0.04308852275900586,2769,981,0.3542795232936078,WinoGrande,0.5,validation,discovery
430,1.3307031334473043,0.05809159116678839,0.8758012478301875,56426,3406,0.06036224435543898,35793,2037,0.056910569105691054,2772,1082,0.3903318903318903,WinoGrande,0.5,validation,discovery
431,1.3416763265925284,0.05453878966974052,0.8961633387275887,56400,2821,0.0500177304964539,35795,1476,0.041234809330912135,2751,978,0.3555070883315158,WinoGrande,0.5,validation,discovery
432,1.326544768649709,0.029228376988382786,0.9046651391155044,56463,2602,0.0460832757735154,35854,1305,0.03639761253974452,2786,925,0.33201722900215364,WinoGrande,0.5,validation,discovery
433,0.5316147736379856,0.0316001212337169,0.9071688469810605,56455,2530,0.04481445398990346,35848,1229,0.03428364204418657,2776,823,0.2964697406340058,WinoGrande,0.5,validation,discovery
434,0.8751146356283385,0.040969512743414455,0.8941000920934916,56457,2898,0.05133110154630958,35835,1458,0.04068647969861867,2777,996,0.3586604249189773,WinoGrande,0.5,validation,discovery
435,1.0399622512187092,0.06268630281267518,0.8906441416483313,56426,2987,0.05293658951547159,35798,1923,0.05371808480920722,2771,1140,0.41140382533381453,WinoGrande,0.5,validation,discovery
436,1.2945853310350852,0.04489437327607698,0.9018949783758331,56462,2676,0.04739470794516666,35845,1439,0.04014506904728693,2783,976,0.350700682716493,WinoGrande,0.5,validation,discovery
437,0.48291471045749657,0.012967744421750345,0.8985660914307391,56463,2771,0.049076386306076546,35828,1305,0.03642402590152953,2779,908,0.3267362360561353,WinoGrande,0.5,validation,discovery
438,2.21400705349546,0.09302332725116882,0.8732583465504355,56368,3466,0.06148878796480273,35788,2070,0.05784061696658098,2773,1165,0.42012261089073205,WinoGrande,0.5,validation,discovery
439,1.394816457058579,0.01766178101489673,0.9136457950327382,56421,2332,0.04133212810832846,35823,1114,0.03109733969795941,2763,826,0.2989504162142599,WinoGrande,0.5,validation,discovery
440,1.3795027767033885,0.09569118577633606,0.9013240288041575,56452,2691,0.04766881598526181,35836,1422,0.03968076794285076,2766,870,0.31453362255965295,WinoGrande,0.5,validation,discovery
441,0.7952766265035809,0.040844750656387874,0.9083813062255183,56432,2487,0.044070740005670545,35819,1356,0.03785700326642285,2760,972,0.3521739130434783,WinoGrande,0.5,validation,discovery
442,1.4275425153308756,0.04076176550695968,0.8843185397201049,56445,3175,0.05624944636371689,35838,1646,0.045928902282493446,2776,995,0.3584293948126801,WinoGrande,0.5,validation,discovery
443,0.9216983760658078,0.029494676869838535,0.9064366395964077,56454,2547,0.045116377936018706,35836,1258,0.03510436432637571,2774,864,0.31146359048305694,WinoGrande,0.5,validation,discovery
444,1.0407455212993388,0.028543742410717884,0.913320987548852,56468,2360,0.0417935822058511,35844,1172,0.03269724361120411,2772,841,0.3033910533910534,WinoGrande,0.5,validation,discovery
445,1.2844991826977583,0.04102491639583629,0.9162614339006142,56418,2260,0.040058137473855865,35808,1125,0.03141756032171582,2753,852,0.30948056665455864,WinoGrande,0.5,validation,discovery
446,1.395805436297783,0.08101040074333841,0.9056238509914001,56439,2567,0.045482733570757806,35828,1384,0.03862900524729262,2764,909,0.3288712011577424,WinoGrande,0.5,validation,discovery
447,1.1348763831454902,0.02365012734485123,0.9014235911458817,56459,2693,0.04769832976141979,35827,1444,0.040304798057331066,2771,993,0.35835438469866476,WinoGrande,0.5,validation,discovery
448,0.8915390222948152,0.04715902679973406,0.8864796333628703,56411,3099,0.054936094024215135,35788,1775,0.04959763049066726,2779,1045,0.37603454480028786,WinoGrande,0.5,validation,discovery
449,0.6995134840803581,0.028782768429265655,0.9084667776193774,56467,2493,0.04414968034427188,35833,1273,0.035525911868947616,2773,896,0.32311575910566176,WinoGrande,0.5,validation,discovery
450,1.5801376148753008,0.03069803589091423,0.9132560863840331,56439,2352,0.041673311008345294,35826,1214,0.03388600457768101,2767,899,0.3249006143838092,WinoGrande,0.5,validation,discovery
451,0.6464659229841074,0.02801072263077166,0.9179610371963034,56454,2223,0.03937719205016474,35830,1200,0.03349148758024002,2770,890,0.3212996389891697,WinoGrande,0.5,validation,discovery
452,0.8452775774897935,0.022007912957467853,0.9097594546933573,56431,2447,0.04336269071963991,35834,1268,0.03538538817882458,2770,921,0.3324909747292419,WinoGrande,0.5,validation,discovery
453,1.1719328297410612,0.005456607034373557,0.9037805237811175,56431,2620,0.04642838156332512,35818,1291,0.036043330169188675,2766,896,0.32393347794649313,WinoGrande,0.5,validation,discovery
454,0.8835847702287297,0.07646779731892273,0.9019962652699275,56468,2679,0.04744279946164199,35828,1599,0.04462989840348331,2761,1032,0.37377761680550525,WinoGrande,0.5,validation,discovery
455,1.3531547220582263,0.04870665108053832,0.9043092894477291,56463,2608,0.04618954005277792,35840,1417,0.03953683035714286,2775,952,0.34306306306306306,WinoGrande,0.5,validation,discovery
456,0.24155243546543334,0.020144028336519626,0.8969356653617376,56455,2821,0.04996900185988841,35828,1480,0.04130847381935916,2767,1012,0.365739067582219,WinoGrande,0.5,validation,discovery
457,0.7407202211034635,0.03928422958225565,0.900649884860596,56435,2707,0.04796668733941703,35820,1559,0.04352317141261865,2775,1047,0.3772972972972973,WinoGrande,0.5,validation,discovery
458,2.0401383855871256,0.09384574557911751,0.8961804341844114,56409,2825,0.05008066088744704,35810,1684,0.0470259703993298,2761,1035,0.37486417964505614,WinoGrande,0.5,validation,discovery
459,0.7514804161422837,0.02947876390012889,0.9132268221763443,56394,2339,0.041476043550732346,35813,1182,0.03300477480244604,2762,858,0.3106444605358436,WinoGrande,0.5,validation,discovery
460,1.5057047081715371,0.03743346992605154,0.9097979170493403,56428,2445,0.043329552704331184,35831,1310,0.036560520219921296,2764,952,0.34442836468885674,WinoGrande,0.5,validation,discovery
461,0.5845375041932148,0.03125966337164891,0.9082702503470441,56499,2504,0.04431936848439796,35847,1269,0.035400451920662816,2777,856,0.3082463089665106,WinoGrande,0.5,validation,discovery
462,1.0791630450347878,0.04120125770990647,0.8992245636829285,56479,2760,0.04886772074576391,35830,1642,0.045827518838961766,2785,1043,0.37450628366247757,WinoGrande,0.5,validation,discovery
463,1.4451768776551068,0.04598177808086207,0.8938304011244959,56441,2904,0.05145195868251803,35844,1481,0.04131793326637652,2780,983,0.3535971223021583,WinoGrande,0.5,validation,discovery
464,1.0742804223128428,0.04130547415284869,0.8987174855874402,56451,2763,0.04894510283254504,35824,1529,0.04268088432335864,2774,996,0.3590483056957462,WinoGrande,0.5,validation,discovery
465,0.19670595235319227,0.011047545733078042,0.9064924981464154,56450,2547,0.04511957484499557,35827,1315,0.03670416166578279,2777,925,0.33309326611451207,WinoGrande,0.5,validation,discovery
466,0.44725020637640023,0.029632121200951034,0.9062024589431319,56398,2541,0.04505478917692117,35814,1285,0.03587982353269671,2774,883,0.3183129055515501,WinoGrande,0.5,validation,discovery
467,0.48211981039450924,0.010800449711557955,0.9142828417918483,56403,2312,0.040990727443575695,35794,1112,0.031066659216628486,2737,828,0.3025210084033613,WinoGrande,0.5,validation,discovery
468,1.6277783739044724,0.07718880196625001,0.9030986367075281,56418,2635,0.0467049523201815,35815,1410,0.0393689794778724,2762,943,0.34141926140477913,WinoGrande,0.5,validation,discovery
469,0.9692432822397515,0.04423697055961656,0.8987041895995291,56400,2754,0.048829787234042556,35804,1488,0.041559602279074966,2753,1014,0.3683254631311297,WinoGrande,0.5,validation,discovery
470,0.47495223381649515,0.035686714433909916,0.9029872854286346,56432,2642,0.04681740856251772,35800,1432,0.04,2764,995,0.35998552821997104,WinoGrande,0.5,validation,discovery
471,1.0272939391298364,0.05495243379733501,0.883963979046421,56445,3181,0.056355744530073526,35820,1851,0.0516750418760469,2785,1087,0.39030520646319566,WinoGrande,0.5,validation,discovery
472,2.0979141160238592,0.0706898908751699,0.900750353197015,56432,2703,0.04789835554295435,35831,1474,0.041137562445926715,2770,969,0.3498194945848375,WinoGrande,0.5,validation,discovery
473,0.8168209182607168,0.05670952851961754,0.8848600699554726,56423,3155,0.05591691331549191,35816,1770,0.04941925396470851,2766,1050,0.3796095444685466,WinoGrande,0.5,validation,discovery
474,0.8127339947832322,0.0545064892245901,0.911290934855017,56476,2416,0.04277923365677456,35841,1351,0.037694260762813535,2777,930,0.3348937702556716,WinoGrande,0.5,validation,discovery
475,0.48553884060034463,0.02074489108420214,0.9020475840650963,56443,2666,0.04723349219566642,35824,1254,0.0350044662795891,2773,839,0.3025604038946989,WinoGrande,0.5,validation,discovery
476,1.0016561221440734,0.027036851836012295,0.8918580460774336,56450,2960,0.05243578387953941,35822,1496,0.0417620456702585,2779,986,0.3548038862900324,WinoGrande,0.5,validation,discovery
477,1.6182093510178372,0.057548781584389884,0.9101840625940291,56459,2445,0.04330576170318284,35828,1294,0.03611700346098024,2773,902,0.3252794807068157,WinoGrande,0.5,validation,discovery
478,0.5621888746934491,0.017701623603773115,0.8944739748094507,56413,2877,0.05099888323613352,35816,1397,0.03900491400491401,2755,952,0.3455535390199637,WinoGrande,0.5,validation,discovery
479,1.1857266393048034,0.036826789374847686,0.9089246122427665,56438,2473,0.04381799496792941,35808,1325,0.03700290437890974,2753,942,0.34217217580820924,WinoGrande,0.5,validation,discovery
480,1.5886917086301646,0.057545570156846124,0.9170650723987779,56432,2243,0.039746952083924016,35818,1189,0.03319559997766486,2757,864,0.3133841131664853,WinoGrande,0.5,validation,discovery
481,0.3767418326086123,0.02686249481863581,0.8865239434343936,56456,3110,0.05508714751310755,35836,1667,0.04651746846746289,2783,1037,0.3726194753862738,WinoGrande,0.5,validation,discovery
482,0.3903327899633358,0.040404040404040414,0.9095288354436084,56463,2464,0.043639197350477305,35842,1266,0.03532168963785503,2775,880,0.3171171171171171,WinoGrande,0.5,validation,discovery
483,1.114607723759992,0.03609537511614663,0.9154861580455081,56441,2287,0.04052018922414557,35840,1119,0.031222098214285714,2777,835,0.3006841915736406,WinoGrande,0.5,validation,discovery
484,1.0205520480355064,0.026856749666709676,0.8970723156754716,56399,2799,0.049628539513111934,35805,1509,0.04214495182237118,2763,990,0.3583061889250814,WinoGrande,0.5,validation,discovery
485,0.8364760455316105,0.02038112908779479,0.911332728889462,56462,2411,0.042701285820551875,35832,1245,0.03474547890154052,2769,919,0.3318887685084868,WinoGrande,0.5,validation,discovery
486,1.4291222150413085,0.045736858201654254,0.9031178463277066,56465,2645,0.04684317718940937,35843,1561,0.04355104204447172,2790,999,0.3580645161290323,WinoGrande,0.5,validation,discovery
487,1.8075887837010065,0.06185744687228366,0.8918800298639744,56425,2954,0.05235268054940186,35806,1588,0.04435010892029269,2767,1009,0.3646548608601373,WinoGrande,0.5,validation,discovery
488,1.0952490951092309,0.06063784908450112,0.9051281863017092,56432,2578,0.04568330025517437,35835,1324,0.03694711873866332,2765,894,0.3233273056057866,WinoGrande,0.5,validation,discovery
489,0.5222956659968051,0.047980695908107315,0.8934797737384647,56445,2912,0.05159004340508459,35806,1759,0.049125844830475336,2776,1075,0.3872478386167147,WinoGrande,0.5,validation,discovery
490,0.5206295136551321,0.053914516080688195,0.9019906963277378,56413,2664,0.047223157782780564,35813,1434,0.040041325775556365,2764,955,0.3455137481910275,WinoGrande,0.5,validation,discovery
491,0.7055531851313298,0.06100978665573006,0.8994604967553422,56467,2752,0.048736430127331004,35837,1462,0.040795825543432765,2778,964,0.34701223902087835,WinoGrande,0.5,validation,discovery
492,1.0322701474929872,0.037122144218474824,0.8915950838806482,56488,2976,0.05268375584194873,35855,1529,0.04264398270812997,2788,990,0.3550932568149211,WinoGrande,0.5,validation,discovery
493,0.4766231361473373,0.00888364634977975,0.9132947605190382,56426,2349,0.04162974515294368,35822,1166,0.03254982971358383,2771,854,0.30819198845182244,WinoGrande,0.5,validation,discovery
494,0.867621683263133,0.011256612050058054,0.9169432902929894,56460,2249,0.03983351044987602,35841,1139,0.031779247230825036,2775,821,0.29585585585585583,WinoGrande,0.5,validation,discovery
495,1.7985344336837523,0.09658610358520048,0.9073544613411472,56446,2519,0.04462672288558977,35822,1475,0.04117581374574284,2760,947,0.3431159420289855,WinoGrande,0.5,validation,discovery
496,1.431522711963615,0.025349938554686324,0.9167991864894818,56434,2250,0.03986958216677889,35820,1143,0.031909547738693464,2758,887,0.3216098622189993,WinoGrande,0.5,validation,discovery
497,0.8759094302039361,0.04481761232503071,0.8985172931355054,56488,2782,0.049249398102251804,35844,1374,0.03833277535989287,2785,948,0.340394973070018,WinoGrande,0.5,validation,discovery
498,1.5220837845735724,0.041935055849074816,0.9035167274325719,56442,2628,0.04656107154246837,35824,1322,0.036902635104957573,2765,923,0.33381555153707054,WinoGrande,0.5,validation,discovery
499,0.49229469118971697,0.019323159530874663,0.906638480495755,56460,2546,0.0450938717676231,35840,1278,0.03565848214285714,2777,907,0.3266114512063378,WinoGrande,0.5,validation,discovery
500,0.5740942841721732,0.0492972245460516,0.8879942178482488,56441,3068,0.0543576478092167,35811,1818,0.0507665242523247,2768,1081,0.39053468208092484,WinoGrande,0.5,validation,discovery
501,0.580530672382206,0.03346419202437781,0.9020061342546745,56450,2674,0.04736935341009743,35830,1435,0.04005023723137036,2769,1008,0.3640303358613218,WinoGrande,0.5,validation,discovery
502,0.8767324953942116,0.03775048743203914,0.9033813306277255,56431,2630,0.046605589126543924,35813,1465,0.04090693323653422,2771,980,0.3536629375676651,WinoGrande,0.5,validation,discovery
503,1.271620423309356,0.10847345862182659,0.9038573431626729,56456,2624,0.04647867365736148,35827,1499,0.04183995310799118,2762,928,0.33598841419261405,WinoGrande,0.5,validation,discovery
504,1.263392505287551,0.09561892354828591,0.9017435083446972,56448,2681,0.04749503968253968,35835,1542,0.04303055671829217,2779,976,0.3512054695933789,WinoGrande,0.5,validation,discovery
505,1.3502815010766294,0.09221297135838452,0.852902598567779,56434,4059,0.07192472622886913,35810,2672,0.07461602904216699,2782,1249,0.44895758447160317,WinoGrande,0.5,validation,discovery
506,0.6783590250965585,0.01935503882380918,0.9086282127909427,56441,2482,0.0439751244662568,35828,1230,0.03433069107960254,2773,869,0.3133790119004688,WinoGrande,0.5,validation,discovery
507,0.6424184070648381,0.052375243327787604,0.8792430174109801,56434,3313,0.05870574476379488,35804,1926,0.053792872304770416,2775,1128,0.4064864864864865,WinoGrande,0.5,validation,discovery
508,1.601692965224873,0.03410854583323282,0.9114289981263957,56454,2407,0.04263648280015588,35842,1236,0.03448468277439875,2768,914,0.3302023121387283,WinoGrande,0.5,validation,discovery
509,1.3284629421621987,0.035961565635156144,0.8939739788341852,56425,2892,0.05125387682764732,35828,1469,0.04100145137880987,2775,961,0.3463063063063063,WinoGrande,0.5,validation,discovery
510,0.8263834647580376,0.06480097506432422,0.8809699230190251,56393,3254,0.057702197081198024,35766,1971,0.05510820332159034,2766,1106,0.39985538684020244,WinoGrande,0.5,validation,discovery
511,0.9030313929257884,0.02279398164901531,0.90711404497353,56444,2526,0.04475232088441641,35835,1339,0.037365703920747874,2769,916,0.3308053448898519,WinoGrande,0.5,validation,discovery
512,0.5814633041677727,0.012436183349613878,0.9025914351307429,56498,2667,0.04720521080392226,35848,1256,0.035036822137915646,2783,869,0.31225296442687744,WinoGrande,0.5,validation,discovery
513,2.1431255800792233,0.13235305943563885,0.8695172527843877,56433,3586,0.06354438006131165,35809,2119,0.05917506772040548,2767,1097,0.39645825804119983,WinoGrande,0.5,validation,discovery
514,1.1865227964255904,0.05324760962743158,0.9138600133099034,56438,2334,0.0413551153478153,35818,1282,0.03579205985817187,2763,880,0.3184943901556279,WinoGrande,0.5,validation,discovery
515,0.9066231586970178,0.03278082884962878,0.9006825025170314,56442,2708,0.047978455759895115,35818,1433,0.040007817298564965,2770,887,0.32021660649819494,WinoGrande,0.5,validation,discovery
516,1.2783119090229116,0.041175853490393544,0.914799359524833,56475,2315,0.04099158919876052,35840,1236,0.034486607142857145,2779,893,0.3213386110111551,WinoGrande,0.5,validation,discovery
517,1.4984675363023614,0.10641480302043377,0.883750624896589,56409,3175,0.056285344537219235,35792,1953,0.05456526598122485,2763,1064,0.3850886717336229,WinoGrande,0.5,validation,discovery
518,1.0553691560355396,0.019299609062220346,0.899621868937004,56394,2727,0.04835620810724545,35811,1283,0.0358269805367066,2749,890,0.32375409239723535,WinoGrande,0.5,validation,discovery
519,0.5553191294690828,0.037389528197952604,0.9060837883041575,56446,2554,0.045246784537434005,35842,1362,0.038000111600915126,2777,959,0.34533669427439684,WinoGrande,0.5,validation,discovery
520,0.7450695077180779,0.05058747714534065,0.8802055288074594,56436,3287,0.058242965483025017,35808,1729,0.04828529937444147,2766,1069,0.38647866955892984,WinoGrande,0.5,validation,discovery
521,0.3767893374689433,0.04033276237806889,0.9090800172764036,56433,2467,0.04371555650062906,35825,1319,0.036817864619678994,2770,946,0.34151624548736464,WinoGrande,0.5,validation,discovery
522,1.1676356057290684,0.06320587410124243,0.8817694214164625,56427,3241,0.05743704255055204,35805,1901,0.05309314341572406,2772,1116,0.4025974025974026,WinoGrande,0.5,validation,discovery
523,0.5224913557664159,0.029814318914702504,0.9045322375378329,56431,2594,0.045967641898956246,35829,1342,0.037455692316280105,2768,913,0.32984104046242774,WinoGrande,0.5,validation,discovery
524,0.7441484206841122,0.060328807361448314,0.8896628395302288,56441,3020,0.05350720221115855,35842,1625,0.045337871770548516,2784,1026,0.36853448275862066,WinoGrande,0.5,validation,discovery
525,0.7295358174040987,0.015243846247556238,0.9146568630938922,56468,2319,0.04106750726074945,35827,1140,0.031819577413682416,2762,845,0.3059377262853005,WinoGrande,0.5,validation,discovery
526,0.9941403845073484,0.01889617929483752,0.9145339403989915,56458,2320,0.041092493535017184,35832,1141,0.031843045322616656,2771,852,0.3074702273547456,WinoGrande,0.5,validation,discovery
527,0.7880037999039514,0.06524571180429906,0.9045974387773783,56486,2610,0.04620613957440782,35848,1438,0.04011381388083017,2790,963,0.34516129032258064,WinoGrande,0.5,validation,discovery
528,0.5839093452613006,0.06033227988066231,0.8897372616403894,56453,3016,0.05342497298637805,35822,1924,0.05371001060800625,2775,1088,0.39207207207207206,WinoGrande,0.5,validation,discovery
529,1.4646640873814867,0.10408474262784172,0.8745502084384732,56470,3456,0.0612006375066407,35838,2068,0.057704112952731736,2775,1096,0.394954954954955,WinoGrande,0.5,validation,discovery
530,0.8224180359746444,0.05162332656188681,0.8860706496771055,56433,3121,0.05530452040472773,35816,1824,0.05092696001786911,2775,1101,0.39675675675675676,WinoGrande,0.5,validation,discovery
531,1.020003777439358,0.03516551983626255,0.9037066892368852,56455,2624,0.04647949694446905,35825,1466,0.04092114445219819,2775,982,0.35387387387387387,WinoGrande,0.5,validation,discovery
532,0.9649266600180234,0.039098547997478424,0.8995624102759802,56448,2743,0.048593395691609975,35802,1562,0.043628847550416176,2756,990,0.35921625544267055,WinoGrande,0.5,validation,discovery
533,1.4093578116475922,0.06940323112429936,0.8862136855862695,56487,3129,0.05539327632906686,35854,1711,0.04772131421877615,2788,1031,0.3697991391678623,WinoGrande,0.5,validation,discovery
534,1.479691347364427,0.055013894776506055,0.9097498602767544,56441,2451,0.043425878350844244,35826,1239,0.03458382180539273,2765,866,0.3132007233273056,WinoGrande,0.5,validation,discovery
535,1.389208036526032,0.049146244314609684,0.9005026559000815,56404,2703,0.04792213318204383,35785,1480,0.04135811094033813,2749,1006,0.36595125500181885,WinoGrande,0.5,validation,discovery
536,1.0300589533859117,0.04874947011445528,0.9076407419935568,56423,2507,0.04443223508143842,35818,1350,0.03769054665252108,2768,903,0.32622832369942195,WinoGrande,0.5,validation,discovery
537,1.1185153362928024,0.02897885167914841,0.9083512525080651,56460,2493,0.04415515409139214,35820,1352,0.03774427694025684,2771,919,0.33164922410682063,WinoGrande,0.5,validation,discovery
538,1.1504856039438842,0.011304146626575515,0.9217583006015312,56454,2115,0.037464130088213414,35833,1022,0.02852119554600508,2765,802,0.2900542495479204,WinoGrande,0.5,validation,discovery
539,0.8299672608821698,0.039330356534116234,0.8893533415994087,56407,3021,0.053557182619178474,35795,1734,0.048442519905014664,2765,1037,0.37504520795660035,WinoGrande,0.5,validation,discovery
540,1.4474673474303736,0.04814176562983168,0.8934851109234165,56398,2900,0.051420263129898225,35806,1646,0.04596994917053008,2779,1007,0.36236056135300465,WinoGrande,0.5,validation,discovery
541,0.9583190807152596,0.05024278392230914,0.904984112231456,56397,2577,0.04569391988935582,35805,1342,0.03748079877112135,2757,879,0.3188248095756257,WinoGrande,0.5,validation,discovery
542,0.7799463670503554,0.025427913014408533,0.8897862295240494,56428,3015,0.05343092081945133,35821,1508,0.0420982105468859,2768,942,0.3403179190751445,WinoGrande,0.5,validation,discovery
543,1.0506934899749683,0.07019003087252346,0.9003978090274662,56437,2717,0.0481421762319046,35839,1404,0.039175200200898465,2774,945,0.34066330209084356,WinoGrande,0.5,validation,discovery
544,0.7480945529231406,0.031421444851969946,0.8908435231661457,56470,2997,0.053072427837789975,35843,1536,0.042853555784951036,2784,1004,0.36063218390804597,WinoGrande,0.5,validation,discovery
545,1.3435308193682858,0.04626233583787448,0.9067425633859425,56453,2540,0.044993180167573026,35815,1383,0.03861510540276421,2764,946,0.3422575976845152,WinoGrande,0.5,validation,discovery
546,1.1792772558918556,0.04155531390726849,0.9018507241454635,56489,2689,0.0476021880366089,35843,1527,0.042602460731523586,2777,1006,0.3622614332012964,WinoGrande,0.5,validation,discovery
547,0.8295835008943008,0.02595876005758602,0.9142922023080586,56451,2324,0.04116844697170998,35814,1150,0.03211034790863908,2752,809,0.29396802325581395,WinoGrande,0.5,validation,discovery
548,1.2495244501978369,0.0464415241863313,0.9215101635154257,56446,2120,0.037558020054565426,35806,1065,0.02974361838797967,2743,802,0.2923806051768137,WinoGrande,0.5,validation,discovery
549,0.865774388471459,0.048032251296346244,0.9081506824360435,56439,2497,0.044242456457414196,35821,1368,0.03818988861282488,2774,990,0.3568853640951694,WinoGrande,0.5,validation,discovery
550,0.5181056358787172,0.04299701216228117,0.9036695922551321,56392,2609,0.04626542772024401,35810,1290,0.03602345713487853,2760,888,0.3217391304347826,WinoGrande,0.5,validation,discovery
551,0.8036058211894762,0.03600866657246478,0.9020528093379971,56450,2671,0.047316209034543845,35829,1329,0.03709285774093611,2771,896,0.3233489714904367,WinoGrande,0.5,validation,discovery
552,1.7086494384071067,0.10017048241699034,0.8708637664167358,56438,3552,0.06293631950104539,35810,2228,0.062217257749232056,2776,1109,0.3994956772334294,WinoGrande,0.5,validation,discovery
553,1.1984261813876784,0.13487865365042503,0.8890088328273693,56454,3039,0.05383143798490807,35837,1817,0.050701788654184225,2780,968,0.34820143884892085,WinoGrande,0.5,validation,discovery
554,0.8291962388022658,0.0492227770942398,0.9057774566616129,56443,2566,0.04546179331360842,35833,1304,0.03639103619568554,2777,912,0.3284119553474973,WinoGrande,0.5,validation,discovery
555,1.2747911626223025,0.05933834021791201,0.8712929239040874,56367,3521,0.06246562705128887,35792,2021,0.05646513187304426,2777,1098,0.39539070939863163,WinoGrande,0.5,validation,discovery
556,1.7868580632709943,0.04383356576621962,0.8844497017495823,56443,3170,0.05616285456123877,35812,1739,0.048559142186976434,2771,1044,0.3767592926741249,WinoGrande,0.5,validation,discovery
557,0.9700848340913167,0.03948839191656012,0.8895433999016938,56456,3026,0.0535992631429786,35814,1637,0.04570838219690624,2771,990,0.35727174305304943,WinoGrande,0.5,validation,discovery
558,1.1711478454907018,0.030026847534265932,0.9129545750753167,56445,2359,0.041792895739215165,35821,1245,0.03475614862789984,2766,897,0.324295010845987,WinoGrande,0.5,validation,discovery
559,1.2456745277893921,0.0897224156457426,0.867208129142823,56435,3652,0.06471161513245327,35797,2497,0.06975444869681817,2792,1249,0.4473495702005731,WinoGrande,0.5,validation,discovery
560,1.0856519598389707,0.05982967841547852,0.8959970510746407,56427,2836,0.050259627483297,35808,1531,0.04275580875781948,2761,984,0.35639261137269107,WinoGrande,0.5,validation,discovery
561,1.7075432978642942,0.07122583261146027,0.8924311878237164,56481,2955,0.05231847878047485,35841,1674,0.0467062860969281,2782,1073,0.3856937455068296,WinoGrande,0.5,validation,discovery
562,1.3623122421613776,0.04592494977606575,0.8836851521848842,56429,3187,0.05647805206542735,35820,1771,0.04944165270798437,2774,1033,0.3723864455659697,WinoGrande,0.5,validation,discovery
563,1.4807012306837528,0.06932080448400925,0.9058290441189014,56488,2575,0.04558490298824529,35844,1470,0.041011047874121194,2780,1006,0.3618705035971223,WinoGrande,0.5,validation,discovery
564,1.3650158887588142,0.06422533944789137,0.897466816330126,56445,2801,0.049623527327486934,35826,1578,0.044046223413163624,2778,961,0.3459323254139669,WinoGrande,0.5,validation,discovery
565,0.8866929906948061,0.03246403383915145,0.9017345041215885,56477,2684,0.04752377073853073,35841,1289,0.03596439831477916,2779,894,0.3216984526808204,WinoGrande,0.5,validation,discovery
566,1.5047553394390913,0.0755263529744242,0.8954612781220929,56450,2861,0.05068201948627104,35836,1449,0.04043420024556312,2771,941,0.3395885961746662,WinoGrande,0.5,validation,discovery
567,0.9445858209008571,0.0342595090369571,0.8973975374447908,56457,2806,0.04970154276706166,35837,1377,0.03842397522114016,2769,936,0.3380281690140845,WinoGrande,0.5,validation,discovery
568,0.9300246874303031,0.018204512269794165,0.9140187951824956,56388,2314,0.041037100092218205,35811,1191,0.03325793750523582,2763,887,0.3210278682591386,WinoGrande,0.5,validation,discovery
569,1.19990644472997,0.056954798034627226,0.8958666396674559,56448,2845,0.05040036848072563,35816,1691,0.047213535849899485,2770,1046,0.3776173285198556,WinoGrande,0.5,validation,discovery
570,1.9088548462937713,0.07076967027296018,0.8663904754438333,56458,3683,0.06523433348683977,35848,1939,0.054089488953358626,2795,1111,0.3974955277280859,WinoGrande,0.5,validation,discovery
571,1.1297209261363497,0.08688177459948844,0.896183374166735,56465,2841,0.05031435402461702,35847,1533,0.042765084944346804,2780,1009,0.36294964028776977,WinoGrande,0.5,validation,discovery
572,1.0155396750863015,0.0689836045919132,0.9087324626289802,56447,2481,0.043952734423441456,35825,1396,0.0389672016748081,2759,932,0.3378035520115984,WinoGrande,0.5,validation,discovery
573,1.2553285761702053,0.07681413541947665,0.906473551894312,56456,2547,0.04511477965140995,35832,1419,0.03960147354320161,2771,990,0.35727174305304943,WinoGrande,0.5,validation,discovery
574,0.6511444356748308,0.040351587087492126,0.9147782493367855,56471,2318,0.04104761736112341,35837,1193,0.033289616876412645,2772,850,0.30663780663780665,WinoGrande,0.5,validation,discovery
575,1.2795206887749555,0.08669242183879161,0.8617411032800528,56438,3809,0.06748998901449378,35807,2508,0.07004217052531628,2792,1206,0.43194842406876793,WinoGrande,0.5,validation,discovery
576,0.9151220214062238,0.06800709790646572,0.9076794870133038,56439,2506,0.04440192065770124,35816,1375,0.03839066339066339,2757,896,0.32499093217265146,WinoGrande,0.5,validation,discovery
577,0.833505327849975,0.046892168409140275,0.8952452011461344,56462,2867,0.05077751408026637,35838,1474,0.04112952731737262,2775,978,0.35243243243243244,WinoGrande,0.5,validation,discovery
578,0.71068502252502,0.028879530137432344,0.9003317706071268,56448,2719,0.048168225623582764,35826,1435,0.0400547088706526,2777,952,0.34281598847677347,WinoGrande,0.5,validation,discovery
579,0.8504956244351227,0.05578491664158031,0.9075058519151411,56483,2526,0.04472142060442965,35837,1349,0.03764265982085554,2770,921,0.3324909747292419,WinoGrande,0.5,validation,discovery
580,2.0880372194625614,0.025735205423270846,0.8983182413330653,56452,2775,0.04915680578190321,35829,1435,0.04005135504758715,2774,946,0.3410237923576063,WinoGrande,0.5,validation,discovery
581,1.4859405684962321,0.053287817744646304,0.9051341788881692,56458,2585,0.045786248184491125,35841,1267,0.03535057615579922,2774,898,0.32372025955299205,WinoGrande,0.5,validation,discovery
582,1.2000585575149085,0.05366723615981776,0.9038044736409623,56455,2622,0.04644407049862723,35838,1356,0.03783693286455717,2773,913,0.3292463036422647,WinoGrande,0.5,validation,discovery
583,1.3160033895749645,0.04807721128195905,0.9053185881180411,56497,2591,0.04586084216861072,35866,1319,0.03677577650142196,2791,938,0.33608025797205304,WinoGrande,0.5,validation,discovery
584,1.0348331916590432,0.03949155112576984,0.8974565904467259,56397,2788,0.0494352536482437,35809,1527,0.04264291100002793,2753,961,0.3490737377406466,WinoGrande,0.5,validation,discovery
585,1.758725593096204,0.07172323948758776,0.8845300401481481,56444,3167,0.05610870951739778,35824,1956,0.05460026797677535,2790,1110,0.3978494623655914,WinoGrande,0.5,validation,discovery
586,0.46507541637071825,0.041786285815380415,0.9068083135207701,56398,2522,0.04471789779779425,35804,1320,0.036867389118534245,2752,870,0.31613372093023256,WinoGrande,0.5,validation,discovery
587,2.0518971943780926,0.06486398443061783,0.8603314752955369,56415,3846,0.06817335814942835,35802,2280,0.0636835930953578,2779,1128,0.4059014033825117,WinoGrande,0.5,validation,discovery
588,1.0578641168960492,0.040158588124861574,0.8994954821884872,56448,2743,0.048593395691609975,35840,1408,0.039285714285714285,2782,949,0.3411214953271028,WinoGrande,0.5,validation,discovery
589,2.0985602437352235,0.06245691334712106,0.8901230965781998,56432,3002,0.053196767791324075,35830,1511,0.04217136477811889,2778,975,0.3509719222462203,WinoGrande,0.5,validation,discovery
590,0.9073228564102069,0.010465885710150022,0.903715443641232,56494,2633,0.04660671929762453,35847,1280,0.03570731162998298,2787,909,0.3261571582346609,WinoGrande,0.5,validation,discovery
591,1.277794570304279,0.056725436948602485,0.8840951404008911,56445,3180,0.056338028169014086,35806,1921,0.05365022621906943,2772,1112,0.40115440115440115,WinoGrande,0.5,validation,discovery
592,1.1036429887142587,0.0515789727630214,0.8923598019617552,56431,2942,0.05213446509897043,35827,1422,0.03969073603706701,2765,952,0.34430379746835443,WinoGrande,0.5,validation,discovery
593,0.8867917433060618,0.03744524516037869,0.8935962323584601,56413,2902,0.05144204350061156,35817,1465,0.04090236479883854,2769,935,0.3376670278078729,WinoGrande,0.5,validation,discovery
594,1.4499201572966973,0.026531874436629452,0.9128894668604538,56479,2370,0.0419624993360364,35845,1172,0.03269633142697726,2773,878,0.3166245943021998,WinoGrande,0.5,validation,discovery
595,0.8599396642826999,0.03364030857257538,0.9099165213828052,56464,2450,0.04339047888920374,35846,1186,0.03308597890978073,2783,874,0.3140495867768595,WinoGrande,0.5,validation,discovery
596,1.1973810156012905,0.017329698519537126,0.9112353865749269,56431,2406,0.04263613971044284,35846,1169,0.03261172794733025,2780,866,0.31151079136690646,WinoGrande,0.5,validation,discovery
597,0.9610518739311523,0.05345649204506126,0.9131571456299766,56475,2363,0.041841522797698094,35847,1209,0.033726671688007366,2778,848,0.3052555795536357,WinoGrande,0.5,validation,discovery
598,1.0749535452354528,0.018696774504837047,0.9048794872490759,56458,2593,0.04592794643806015,35843,1239,0.03456741902184527,2780,858,0.30863309352517987,WinoGrande,0.5,validation,discovery
599,1.0714162812711243,0.05921979438299912,0.8952321607268876,56456,2865,0.05074748476689812,35821,1493,0.04167946176823651,2769,961,0.3470566991693752,WinoGrande,0.5,validation,discovery
600,0.8372927463173443,0.01763930102209034,0.8994714879638298,56429,2738,0.04852115047227489,35821,1323,0.03693364227687669,2773,931,0.33573746844572666,WinoGrande,0.5,validation,discovery
601,0.6845625438261109,0.05017570947222824,0.8813180708291389,56439,3258,0.057726040503906874,35810,1843,0.05146607092990785,2771,1080,0.38975099242150846,WinoGrande,0.5,validation,discovery
602,0.6231120172111593,0.04214458759033652,0.8992860736888237,56467,2756,0.048807267961818404,35828,1387,0.0387127386401697,2774,963,0.3471521268925739,WinoGrande,0.5,validation,discovery
603,1.2648205756968216,0.04335179260523275,0.8972935968097018,56431,2799,0.04960039694494161,35818,1689,0.047155061700820816,2774,1083,0.3904109589041096,WinoGrande,0.5,validation,discovery
604,0.6323265325979839,0.06599538091147356,0.8873069839172562,56446,3091,0.054760301881444214,35809,2024,0.05652210338183138,2775,1151,0.41477477477477476,WinoGrande,0.5,validation,discovery
605,1.1121065276787399,0.08429429484777179,0.9015230651148187,56483,2695,0.04771347130995167,35842,1462,0.04079013447910273,2779,969,0.3486865779057215,WinoGrande,0.5,validation,discovery
606,0.42333645582622803,0.025918152356597737,0.9091152713829042,56435,2468,0.04373172676530522,35827,1310,0.03656460211572278,2772,890,0.32106782106782106,WinoGrande,0.5,validation,discovery
607,1.5752129332695035,0.07646837172059724,0.8929936077670303,56460,2933,0.05194828196953596,35834,1814,0.0506223140034604,2783,1116,0.40100610851598995,WinoGrande,0.5,validation,discovery
608,0.6822889130452843,0.02241090795046069,0.9065970038599551,56407,2528,0.04481713262538337,35822,1228,0.034280609681201495,2759,821,0.2975715839072128,WinoGrande,0.5,validation,discovery
609,1.6133805085080464,0.08571365387244377,0.9098123478868966,56413,2443,0.04330562104479464,35804,1468,0.04100100547424869,2752,932,0.3386627906976744,WinoGrande,0.5,validation,discovery
610,0.5643667378497889,0.02030864549941554,0.9020499170278298,56473,2679,0.047438598976502044,35849,1380,0.03849479762336467,2781,926,0.3329737504494786,WinoGrande,0.5,validation,discovery
611,2.1044141070017064,0.12232917581401334,0.8871434010551041,56397,3082,0.05464829689522492,35801,1801,0.05030585737828552,2761,1039,0.37631293009779065,WinoGrande,0.5,validation,discovery
612,1.260331138794173,0.04398254807879372,0.9109690040265533,56473,2427,0.04297628955430029,35859,1308,0.036476198443905296,2789,927,0.3323771961276443,WinoGrande,0.5,validation,discovery
613,0.17839578023606673,0.027811954677410274,0.8948301429823509,56462,2880,0.05100775742977578,35831,1519,0.0423934581786721,2776,989,0.3562680115273775,WinoGrande,0.5,validation,discovery
614,0.9408530185183475,0.04178829622124115,0.9079731737324941,56462,2509,0.04443696645531508,35830,1408,0.03929667876081496,2765,976,0.35298372513562387,WinoGrande,0.5,validation,discovery
615,1.061396176816876,0.05712367212692897,0.8835294996781188,56480,3201,0.05667492917847026,35825,1870,0.05219818562456385,2782,1123,0.403666427030913,WinoGrande,0.5,validation,discovery
616,1.0116495207129201,0.06437721647246145,0.8887874003211675,56437,3045,0.05395396636958024,35810,1899,0.05302987992180955,2777,1173,0.4223982715160245,WinoGrande,0.5,validation,discovery
617,1.6004271871315483,0.04476515900848245,0.897581671599658,56455,2801,0.049614737401470196,35818,1628,0.04545200737059579,2778,1058,0.380849532037437,WinoGrande,0.5,validation,discovery
618,1.2190724710276672,0.07954179528893728,0.869711462004298,56478,3595,0.06365310386345126,35837,2359,0.0658258224739794,2781,1215,0.4368932038834951,WinoGrande,0.5,validation,discovery
619,0.7162440034977249,0.04567185205167401,0.8945125824409916,56425,2877,0.05098803721754541,35816,1506,0.04204824659370114,2759,975,0.3533889090250091,WinoGrande,0.5,validation,discovery
620,0.991282037244658,0.020083430095041495,0.9217773199084339,56456,2117,0.03749822870908318,35839,1076,0.030023159128323894,2767,847,0.3061076978677268,WinoGrande,0.5,validation,discovery
621,1.1665051618139206,0.027534518668628827,0.9133111957314815,56411,2339,0.04146354434418819,35822,1184,0.03305231422031154,2758,844,0.3060188542422045,WinoGrande,0.5,validation,discovery
622,0.9961286631666167,0.0520936366633696,0.9152862470612965,56436,2293,0.0406300942660713,35816,1241,0.03464931874022783,2763,872,0.31559898660875857,WinoGrande,0.5,validation,discovery
623,0.795589466875183,0.05614431727191371,0.9066005831405043,56473,2544,0.045048076071751104,35829,1402,0.03913031343325239,2777,924,0.33273316528628016,WinoGrande,0.5,validation,discovery
624,0.81929177525761,0.04140065341845757,0.9046275718723434,56485,2608,0.04617154996901832,35843,1359,0.037915353067544566,2773,925,0.33357374684457264,WinoGrande,0.5,validation,discovery
625,1.2787393438388102,0.07564517579354375,0.8888304793265669,56438,3044,0.053935291824657144,35828,1619,0.04518812102266384,2773,981,0.35376848178867654,WinoGrande,0.5,validation,discovery
626,0.3065799600022684,0.04488505230344993,0.9150349803061499,56465,2310,0.04091029841494731,35835,1241,0.03463094739779545,2773,896,0.32311575910566176,WinoGrande,0.5,validation,discovery
627,1.0238454427858192,0.03859307452392215,0.9134385190280667,56444,2347,0.041581036071150164,35824,1239,0.034585752568110764,2764,896,0.32416787264833574,WinoGrande,0.5,validation,discovery
628,1.1198995503287643,0.06394296880654265,0.8999028196342544,56469,2739,0.04850448918875844,35830,1551,0.04328774769746023,2770,1024,0.36967509025270756,WinoGrande,0.5,validation,discovery
629,1.63292582342865,0.04489896848947293,0.9172267348177999,56458,2243,0.039728647844415314,35840,1231,0.034347098214285714,2771,919,0.33164922410682063,WinoGrande,0.5,validation,discovery
630,0.800642689807713,0.042419563661511984,0.9025756346270523,56436,2652,0.046991282160323194,35835,1525,0.04255616017859634,2779,1014,0.3648794530406621,WinoGrande,0.5,validation,discovery
631,0.6022535687773006,0.03852321433923809,0.9146342370736841,56469,2320,0.04108448883458181,35837,1221,0.03407093227669727,2766,917,0.33152566883586404,WinoGrande,0.5,validation,discovery
632,1.2380758621754442,0.04748235250751055,0.9083567937018249,56388,2477,0.043927786053770304,35806,1187,0.03315086856951349,2745,862,0.3140255009107468,WinoGrande,0.5,validation,discovery
633,1.2215231008217036,0.059017474447741504,0.9108523286582022,56440,2422,0.042912827781715096,35820,1337,0.037325516471245115,2767,880,0.3180339718106252,WinoGrande,0.5,validation,discovery
634,0.6014373373339266,0.03214826276209386,0.8963196510283733,56475,2841,0.050305444887118196,35830,1568,0.04376221043818029,2782,1025,0.3684399712437096,WinoGrande,0.5,validation,discovery
635,1.0226362498749233,0.0755402691604472,0.9065610093712116,56437,2541,0.04502365469461524,35825,1350,0.03768318213538032,2759,929,0.3367162015222907,WinoGrande,0.5,validation,discovery
636,1.151211119690444,0.057926473388994364,0.9075540274243369,56415,2504,0.044385358503943984,35809,1274,0.035577648077299004,2758,879,0.31870920957215376,WinoGrande,0.5,validation,discovery
637,0.9721785297938527,0.030093729003547093,0.9060249935528033,56455,2559,0.04532813745460987,35826,1488,0.04153408139340144,2766,1001,0.3618944323933478,WinoGrande,0.5,validation,discovery
638,1.4011246544198122,0.05920003428428777,0.8792919487955346,56451,3319,0.05879435262439992,35810,2039,0.05693940240156381,2783,1150,0.4132231404958678,WinoGrande,0.5,validation,discovery
639,0.7774925978605284,0.05328959089764147,0.9079580817820433,56502,2517,0.04454709567802909,35856,1409,0.03929607318161535,2792,944,0.33810888252148996,WinoGrande,0.5,validation,discovery
640,1.6269313982440872,0.0720055579106024,0.8838820374567209,56447,3183,0.05638917923007423,35836,1688,0.0471034713695725,2783,1056,0.3794466403162055,WinoGrande,0.5,validation,discovery
641,1.5245770927986444,0.05007341602619631,0.8914984595248283,56409,2961,0.05249162367707281,35810,1599,0.04465233175090757,2767,1027,0.3711601011926274,WinoGrande,0.5,validation,discovery
642,1.2085506510691013,0.0312514719042909,0.9048186533703552,56465,2601,0.046063933410077036,35828,1271,0.03547504744892263,2770,935,0.33754512635379064,WinoGrande,0.5,validation,discovery
643,0.6786188844374614,0.013360609057938434,0.9150122765926244,56435,2301,0.04077257021351998,35837,1155,0.03222926026174066,2766,837,0.30260303687635576,WinoGrande,0.5,validation,discovery
644,0.9615064201472823,0.01737982698503922,0.9026250565676479,56433,2652,0.046993780234968904,35828,1301,0.03631238137769342,2761,904,0.3274176023180007,WinoGrande,0.5,validation,discovery
645,1.0919884190242835,0.0732531583476072,0.9090273145720202,56456,2474,0.04382173728213122,35828,1321,0.03687060399687395,2770,917,0.3310469314079422,WinoGrande,0.5,validation,discovery
646,1.2463214405408138,0.039325731806009734,0.9079335804107694,56394,2494,0.04422456289676207,35804,1301,0.03633672215394928,2759,948,0.34360275462123957,WinoGrande,0.5,validation,discovery
647,0.8650858987911445,0.03419755198361264,0.9008147117109985,56414,2694,0.04775410359130712,35819,1414,0.03947625561852648,2759,988,0.3581007611453425,WinoGrande,0.5,validation,discovery
648,0.9296146534437478,0.06055687093539015,0.8835001365640491,56413,3184,0.05644089128392392,35809,1902,0.053115138652294114,2785,1115,0.400359066427289,WinoGrande,0.5,validation,discovery
649,0.7255755051402581,0.01670245189098775,0.9003105220346939,56421,2711,0.04804948512078836,35807,1373,0.038344457787583434,2760,947,0.3431159420289855,WinoGrande,0.5,validation,discovery
650,1.4873894550795108,0.07270230714176577,0.9052583143071793,56436,2577,0.04566234318520094,35813,1413,0.03945494652779717,2754,940,0.34132171387073346,WinoGrande,0.5,validation,discovery
651,0.6035910993020376,0.03828214840011901,0.913478391069874,56447,2347,0.04157882615550871,35835,1166,0.03253802148737268,2769,798,0.28819068255687974,WinoGrande,0.5,validation,discovery
652,0.7126665851551808,0.05028025057698647,0.9069818572903179,56416,2525,0.044756806579693706,35818,1292,0.03607124909263499,2759,905,0.32801739760782894,WinoGrande,0.5,validation,discovery
653,0.7820821873752606,0.026776961187469993,0.9019375772744903,56430,2669,0.047297536771220984,35837,1375,0.03836816697826269,2774,934,0.33669790915645276,WinoGrande,0.5,validation,discovery
654,1.1022323764644075,0.07865109808368112,0.8899546921333216,56428,3010,0.05334231232721344,35825,1612,0.044996510816468945,2769,973,0.3513903936439148,WinoGrande,0.5,validation,discovery
655,0.46860712466698173,0.02226268620927374,0.9158109153490134,56452,2280,0.04038829448026642,35837,1130,0.031531657225772246,2770,829,0.29927797833935016,WinoGrande,0.5,validation,discovery
656,1.4587037919469188,0.10913389567756747,0.8886934198932965,56445,3051,0.05405261759234653,35831,1686,0.04705422678686054,2768,972,0.3511560693641618,WinoGrande,0.5,validation,discovery
657,1.9487104265760085,0.04174808810402643,0.8937649327138625,56464,2911,0.05155497308019269,35858,1457,0.04063249484076078,2788,974,0.34935437589670015,WinoGrande,0.5,validation,discovery
658,1.138234371327602,0.06277912657734616,0.8992878311866582,56404,2737,0.04852492731011985,35814,1466,0.040933713073099905,2760,984,0.3565217391304348,WinoGrande,0.5,validation,discovery
659,0.5872192499313228,0.022285166202080146,0.9010852701580864,56429,2693,0.04772368817452019,35817,1327,0.037049445793896754,2764,892,0.3227206946454414,WinoGrande,0.5,validation,discovery
660,1.2791999104789158,0.10507989352890562,0.8946859543938632,56407,2870,0.05088020990302622,35817,1755,0.048999078649803164,2762,1043,0.3776249094858798,WinoGrande,0.5,validation,discovery
661,1.5293252023093247,0.02508767197194496,0.9118022522628271,56451,2396,0.0424438893907991,35817,1293,0.036100175894128485,2772,852,0.30735930735930733,WinoGrande,0.5,validation,discovery
662,1.1534095582343757,0.0382413533942369,0.9040625640842226,56433,2611,0.046267254974926016,35819,1366,0.038136184706440715,2767,973,0.3516443801951572,WinoGrande,0.5,validation,discovery
663,0.6652500043646266,0.02121129275689978,0.918597783979849,56445,2201,0.0389937106918239,35833,1170,0.032651466525270005,2766,915,0.33080260303687636,WinoGrande,0.5,validation,discovery
664,0.5443196634717763,0.014080757778659862,0.9128008763253329,56435,2356,0.041747142730575,35813,1132,0.03160863373635272,2759,839,0.3040956868430591,WinoGrande,0.5,validation,discovery
665,1.6739936909179494,0.044773536645553155,0.8879060864623689,56434,3063,0.05427579118970833,35806,1686,0.04708708037759035,2770,1033,0.3729241877256318,WinoGrande,0.5,validation,discovery
666,0.9360362806840596,0.037002068159338194,0.8983919164599818,56434,2768,0.04904844597228621,35825,1398,0.03902302861130495,2773,920,0.3317706455102777,WinoGrande,0.5,validation,discovery
667,1.1279636200959349,0.038022231642409685,0.907502568854192,56403,2507,0.04444799035512295,35801,1249,0.03488729365101533,2744,911,0.33199708454810495,WinoGrande,0.5,validation,discovery
668,0.4063514775625577,0.01685245473143809,0.9025532282938139,56458,2662,0.04715009387509299,35836,1261,0.03518807902667708,2771,891,0.3215445687477445,WinoGrande,0.5,validation,discovery
669,1.8013491355478466,0.11595216842376138,0.8695549927857754,56456,3592,0.06362476973218081,35826,2284,0.06375258192374253,2788,1203,0.43149210903873747,WinoGrande,0.5,validation,discovery
670,0.6044443602514562,0.04031412043281478,0.8988315147606819,56424,2757,0.04886218630370055,35825,1401,0.039106769016050244,2773,950,0.3425892535160476,WinoGrande,0.5,validation,discovery
671,0.7880975323102021,0.028466373002561884,0.8908401953861391,56412,2978,0.052790186485145,35799,1560,0.0435766362188888,2765,986,0.3566003616636528,WinoGrande,0.5,validation,discovery
672,1.0551096571098009,0.02699651657850599,0.9064622425514863,56456,2547,0.04511477965140995,35826,1372,0.03829620945681907,2774,942,0.33958183129055514,WinoGrande,0.5,validation,discovery
673,1.876206163006031,0.04821209123879747,0.907065055115387,56469,2536,0.04490959641573253,35841,1410,0.03934042018916883,2781,951,0.3419633225458468,WinoGrande,0.5,validation,discovery
674,0.5012834368545717,0.04007543042789477,0.9074896192392353,56470,2523,0.044678590401983354,35833,1409,0.039321296012055924,2775,1010,0.36396396396396397,WinoGrande,0.5,validation,discovery
675,1.0079287878434682,0.024034277195159666,0.9118296511073622,56446,2394,0.04241221698614605,35822,1257,0.035090168053151696,2774,918,0.330930064888248,WinoGrande,0.5,validation,discovery
676,1.0711351574348953,0.031499588453687215,0.8901465138657504,56462,3012,0.0533456129786405,35839,1522,0.042467702781885656,2780,1002,0.360431654676259,WinoGrande,0.5,validation,discovery
677,1.869387301295388,0.04554446542577107,0.9095254398331775,56402,2448,0.04340271621573703,35800,1315,0.036731843575419,2745,890,0.3242258652094718,WinoGrande,0.5,validation,discovery
678,1.0986402728278386,0.05869416122695794,0.8906522662949025,56400,2979,0.052819148936170214,35798,1823,0.05092463266104252,2757,1071,0.38846572361262244,WinoGrande,0.5,validation,discovery
679,1.6564594926718221,0.08021610766417889,0.9023732818412042,56475,2669,0.04725984949092519,35825,1649,0.046029309141660854,2778,1009,0.36321094312455005,WinoGrande,0.5,validation,discovery
680,1.3904616132471004,0.09696187466325702,0.8867291473409694,56442,3101,0.05494135572800397,35824,1767,0.04932447521214828,2773,1054,0.3800937612693833,WinoGrande,0.5,validation,discovery
681,1.2202237777452865,0.07219568486486051,0.8996652125742094,56409,2729,0.048378804800652375,35803,1507,0.04209144485099014,2761,946,0.3426294820717131,WinoGrande,0.5,validation,discovery
682,0.8315635645336716,0.058190236140524224,0.889457183952551,56430,3022,0.053553074605706186,35811,1911,0.05336349166457234,2779,1151,0.4141777617848147,WinoGrande,0.5,validation,discovery
683,0.853484037622799,0.03273100915340625,0.9020088497080726,56439,2669,0.04728999450734421,35807,1450,0.04049487530371156,2768,950,0.3432080924855491,WinoGrande,0.5,validation,discovery
684,0.8129132453402235,0.032530814277308036,0.9110099054473976,56388,2399,0.042544513016953965,35790,1366,0.03816708577815032,2758,959,0.3477157360406091,WinoGrande,0.5,validation,discovery
685,0.5101685729028369,0.024412620593758518,0.9190858929888926,56413,2178,0.038608122241327356,35800,1149,0.0320949720670391,2738,859,0.3137326515704894,WinoGrande,0.5,validation,discovery
686,0.742678356747264,0.018730564307688886,0.8998724029489391,56419,2727,0.04833478083624311,35808,1442,0.04027033065236819,2760,937,0.3394927536231884,WinoGrande,0.5,validation,discovery
687,0.4674805547372096,0.03398332626819273,0.904360008369749,56418,2598,0.04604913325534404,35806,1340,0.03742389543651902,2761,917,0.3321260412893879,WinoGrande,0.5,validation,discovery
688,1.7312737537928062,0.05711563050348605,0.9077832255430042,56412,2498,0.044281358576189464,35804,1244,0.03474472126019439,2755,892,0.3237749546279492,WinoGrande,0.5,validation,discovery
689,1.7238345648229292,0.034345590960630404,0.8979031672102404,56449,2790,0.04942514482098886,35827,1478,0.041253802997739134,2774,950,0.3424657534246575,WinoGrande,0.5,validation,discovery
690,1.3779052496277244,0.04978386309355406,0.8955429210021403,56458,2857,0.05060398880583797,35848,1471,0.04103436732872127,2782,928,0.3335729690869878,WinoGrande,0.5,validation,discovery
691,0.8891309004703517,0.019644836955585214,0.9081702985268315,56463,2501,0.04429449373926288,35833,1283,0.03580498423241146,2775,909,0.32756756756756755,WinoGrande,0.5,validation,discovery
692,0.35918889277338223,0.025597218475556755,0.9076926221430488,56452,2512,0.04449798058527599,35822,1283,0.03581597900731394,2766,896,0.32393347794649313,WinoGrande,0.5,validation,discovery
693,0.30625090094782614,0.01899069334427793,0.8977177768561572,56469,2794,0.04947847491544033,35825,1463,0.0408374040474529,2769,959,0.346334416756952,WinoGrande,0.5,validation,discovery
694,0.6811435147668856,0.04860794253665669,0.8872987935684173,56428,3080,0.05458283121854399,35799,1793,0.05008519791055616,2759,1051,0.38093512142080466,WinoGrande,0.5,validation,discovery
695,0.8685483106771289,0.016435616204017456,0.9221610932129157,56460,2105,0.03728303223521077,35831,1055,0.029443777734364098,2765,828,0.29945750452079567,WinoGrande,0.5,validation,discovery
696,0.7717547366832096,0.02660479734012339,0.8969482932951004,56410,2807,0.049760680730366956,35808,1441,0.04024240393208221,2760,970,0.35144927536231885,WinoGrande,0.5,validation,discovery
697,1.051775043170356,0.05024808408321472,0.8912453005629875,56443,2978,0.0527611927076874,35822,1567,0.04374406789124002,2771,969,0.3496932515337423,WinoGrande,0.5,validation,discovery
698,1.7138465021567868,0.1165753942405893,0.8664296517249801,56437,3675,0.0651168559632865,35813,2290,0.06394326082707397,2785,1214,0.43590664272890484,WinoGrande,0.5,validation,discovery
699,1.272776635189588,0.018017257323908555,0.9111089648892202,56411,2403,0.04259807484355888,35812,1181,0.03297777281358204,2751,877,0.3187931661214104,WinoGrande,0.5,validation,discovery
700,1.659090883861848,0.047560171447411814,0.8941664795691483,56459,2898,0.05132928319665598,35822,1532,0.04276701468371392,2766,987,0.35683297180043383,WinoGrande,0.5,validation,discovery
701,1.2078225497354402,0.04027846893283612,0.89047570284422,56424,2993,0.05304480362966114,35810,1532,0.04278134599273946,2761,971,0.3516841724013039,WinoGrande,0.5,validation,discovery
702,1.4360659737958774,0.044144491890022765,0.900066442281354,56443,2725,0.048278794536080645,35812,1407,0.039288506645817046,2759,970,0.3515766582094962,WinoGrande,0.5,validation,discovery
703,0.9659270846366925,0.049377578345516385,0.9029260812710276,56448,2642,0.04680413832199547,35817,1418,0.039590138760923585,2763,958,0.34672457473760404,WinoGrande,0.5,validation,discovery
704,0.6347628451571693,0.011949977306139068,0.9053464295534143,56400,2559,0.04537234042553191,35820,1304,0.036404243439419316,2765,916,0.3312839059674503,WinoGrande,0.5,validation,discovery
705,0.8775206897474921,0.030704516640241687,0.9006693162620476,56458,2711,0.048017995678203265,35827,1489,0.04156083400787116,2772,955,0.3445165945165945,WinoGrande,0.5,validation,discovery
706,0.6234836522668961,0.05587027545484519,0.9099149689905248,56484,2458,0.04351674810565824,35836,1324,0.036946087733005915,2771,947,0.3417538794658968,WinoGrande,0.5,validation,discovery
707,0.9801419909836191,0.029720691441759692,0.905007702155164,56423,2580,0.04572603370965741,35824,1425,0.03977780259044216,2767,982,0.35489700036140226,WinoGrande,0.5,validation,discovery
708,0.862568756536063,0.06609183044481715,0.9031420276312447,56495,2653,0.046959907956456326,35848,1351,0.03768690024548092,2775,927,0.33405405405405403,WinoGrande,0.5,validation,discovery
709,1.4986036853322149,0.0656479553073541,0.8828333349867451,56432,3213,0.056935781117096684,35808,1957,0.05465259159964254,2776,1125,0.4052593659942363,WinoGrande,0.5,validation,discovery
710,1.0948713800062015,0.0327072929483004,0.9078297553946598,56413,2497,0.04426284721606722,35812,1356,0.03786440299341003,2760,937,0.3394927536231884,WinoGrande,0.5,validation,discovery
711,0.8788885956656531,0.06781903130604006,0.8994367501908406,56469,2753,0.04875241282827746,35830,1460,0.040747976555958694,2774,933,0.33633741888969,WinoGrande,0.5,validation,discovery
712,0.5259817573496239,0.04302977803171327,0.9015262783972964,56398,2674,0.047413028830809605,35824,1301,0.0363164359088879,2760,875,0.3170289855072464,WinoGrande,0.5,validation,discovery
713,1.025169968552628,0.02198579849299976,0.9032678277174602,56457,2637,0.04670811413996493,35835,1332,0.03717036416910841,2775,930,0.33513513513513515,WinoGrande,0.5,validation,discovery
714,0.6217669156745524,0.034265357490370144,0.9035480792756314,56456,2632,0.0466203769307071,35836,1455,0.040601629646165864,2774,954,0.3439077144917087,WinoGrande,0.5,validation,discovery
715,1.3304729775911506,0.03498934085310037,0.9016954311519471,56403,2667,0.04728471889793096,35798,1326,0.03704117548466395,2750,901,0.3276363636363636,WinoGrande,0.5,validation,discovery
716,0.9860774311481437,0.02495172153925863,0.9032657127123811,56479,2645,0.04683156571469042,35834,1378,0.038455098509795164,2774,949,0.34210526315789475,WinoGrande,0.5,validation,discovery
717,1.1536242838875257,0.05936966100170848,0.8951923344164103,56463,2868,0.05079432548748738,35823,1524,0.0425425006280881,2778,1014,0.3650107991360691,WinoGrande,0.5,validation,discovery
718,1.0660370408365747,0.07261585968975415,0.8848973680322804,56423,3152,0.05586374350885277,35799,1916,0.05352104807396855,2779,1133,0.40770061173083844,WinoGrande,0.5,validation,discovery
719,0.4142763391661842,0.009517809637227747,0.9110348250160986,56454,2419,0.042849045240372696,35827,1225,0.0341920897647026,2771,915,0.3302057019126669,WinoGrande,0.5,validation,discovery
720,1.412020734770098,0.036125348439888495,0.9013794976130595,56462,2695,0.0477312174559881,35846,1373,0.03830273949673604,2779,934,0.33609211946743434,WinoGrande,0.5,validation,discovery
721,0.43896894690873756,0.023988712157980645,0.8962201606183138,56432,2832,0.050184292599943295,35818,1380,0.038528114355910435,2756,921,0.3341799709724238,WinoGrande,0.5,validation,discovery
722,1.2556277207651492,0.058940279857486455,0.8743343575327757,56389,3440,0.06100480590186029,35784,2042,0.05706460988151129,2760,1057,0.3829710144927536,WinoGrande,0.5,validation,discovery
723,0.9708012767775874,0.038615875773001046,0.9063954393389055,56467,2553,0.04521224786158287,35830,1352,0.037733742673737095,2773,930,0.33537684817886765,WinoGrande,0.5,validation,discovery
724,1.5927598641467449,0.020294825803792396,0.8992134865831298,56446,2749,0.048701413740566205,35821,1419,0.039613634460232826,2763,959,0.3470865001809627,WinoGrande,0.5,validation,discovery
725,0.6486615531179784,0.012438929352875943,0.9168702652726856,56369,2225,0.03947205024038035,35776,1069,0.02988036672629696,2730,811,0.29706959706959707,WinoGrande,0.5,validation,discovery
726,0.4110425271976729,0.012446709884648653,0.9018725025890058,56414,2666,0.04725777289325345,35817,1239,0.034592511935673004,2761,858,0.3107569721115538,WinoGrande,0.5,validation,discovery
727,0.25912517520323,0.033285376015346355,0.904384336484256,56456,2606,0.04615984129233385,35827,1382,0.03857425963658693,2757,894,0.32426550598476606,WinoGrande,0.5,validation,discovery
728,1.506196121076234,0.08522914606000659,0.8829992312309488,56424,3205,0.05680207004111725,35800,1985,0.05544692737430167,2779,1152,0.41453760345448004,WinoGrande,0.5,validation,discovery
729,1.1901479049957753,0.044558635497334215,0.8937510909416415,56463,2909,0.05152046472911464,35846,1411,0.03936282988339006,2780,990,0.35611510791366907,WinoGrande,0.5,validation,discovery
730,0.4148323630839045,0.02112534478460511,0.9115476455710088,56452,2403,0.04256713668249132,35829,1250,0.0348879399369226,2758,895,0.3245105148658448,WinoGrande,0.5,validation,discovery
731,0.9694263555672396,0.03825400271806871,0.8931245726272248,56467,2930,0.0518887137620203,35826,1580,0.04410204879138056,2784,1014,0.3642241379310345,WinoGrande,0.5,validation,discovery
732,1.3960602498262575,0.09097287560412695,0.8984287277948507,56470,2780,0.049229679475827876,35828,1627,0.04541141007033605,2771,1026,0.37026344280043305,WinoGrande,0.5,validation,discovery
733,0.876159426475929,0.07191623845021833,0.8823367676161146,56444,3227,0.057171710013464674,35819,1773,0.04949886931516793,2770,1051,0.37942238267148015,WinoGrande,0.5,validation,discovery
734,0.9161309175013809,0.04540511739582827,0.8944806878490061,56437,2884,0.051101227917855305,35813,1633,0.04559796721860777,2774,1028,0.3705839942321557,WinoGrande,0.5,validation,discovery
735,1.00713082864681,0.02740097027930856,0.8920287183387675,56435,2950,0.052272525914769205,35815,1435,0.04006701102889851,2764,930,0.33646888567293776,WinoGrande,0.5,validation,discovery
736,0.938536252194549,0.006693677530800036,0.903138919020352,56482,2650,0.04691760206791544,35850,1349,0.037629009762900976,2782,947,0.3404025880661395,WinoGrande,0.5,validation,discovery
737,1.6197832840854747,0.04412180302388018,0.900812929302025,56435,2703,0.047895809338176665,35808,1522,0.04250446827524575,2772,997,0.3596681096681097,WinoGrande,0.5,validation,discovery
738,0.4977306452260859,0.026284836309349274,0.918067058482898,56409,2207,0.039124962328706415,35818,1147,0.032023005192919764,2770,864,0.311913357400722,WinoGrande,0.5,validation,discovery
739,1.0156976775826212,0.019310313820699577,0.9163464909661984,56472,2274,0.04026774330641734,35833,1160,0.03237239416180616,2770,864,0.311913357400722,WinoGrande,0.5,validation,discovery
740,0.8959921241499467,0.06741000509546503,0.8966142186883346,56457,2830,0.050126645057300245,35832,1515,0.04228064300066979,2776,981,0.3533861671469741,WinoGrande,0.5,validation,discovery
741,1.5617622076115665,0.014724395288193505,0.9113951974233176,56464,2411,0.042699773306885805,35843,1229,0.03428842451803699,2779,931,0.3350125944584383,WinoGrande,0.5,validation,discovery
742,1.745805693634216,0.09247519707460361,0.9030494510900644,56453,2645,0.04685313446583884,35836,1556,0.04342002455631209,2778,999,0.3596112311015119,WinoGrande,0.5,validation,discovery
743,0.9495411691369418,0.0257920450798789,0.9181975719608876,56441,2208,0.03912049751067486,35828,1179,0.032907223400692194,2765,884,0.3197106690777577,WinoGrande,0.5,validation,discovery
744,1.0734032501289015,0.06968048436891167,0.895282200943404,56432,2859,0.050662744542103774,35814,1461,0.04079410286480147,2757,938,0.3402248821182445,WinoGrande,0.5,validation,discovery
745,1.1106575646553354,0.025428812077899054,0.9012737359340154,56483,2702,0.04783740240426323,35846,1486,0.04145511354125983,2781,976,0.350952894642215,WinoGrande,0.5,validation,discovery
746,2.500671665324151,0.06327754944062516,0.8967890374543281,56417,2812,0.049843132389173476,35801,1558,0.0435183374766068,2748,1036,0.37700145560407566,WinoGrande,0.5,validation,discovery
747,0.771447188261253,0.040246314926057264,0.9058559396588816,56435,2559,0.045344201293523526,35807,1440,0.040215600301617,2761,978,0.3542194856935893,WinoGrande,0.5,validation,discovery
748,1.6973143547928993,0.04936145650247056,0.8829214702529964,56431,3210,0.056883627793234214,35817,1772,0.0494737135996873,2772,1051,0.3791486291486291,WinoGrande,0.5,validation,discovery
749,1.3105569273150497,0.08295939784323661,0.8917853175018441,56470,2972,0.052629714892863465,35829,1624,0.04532641156604985,2773,971,0.3501622791200866,WinoGrande,0.5,validation,discovery
750,1.1070868172422286,0.06590384557743609,0.9065134500246718,56452,2547,0.04511797633387657,35839,1331,0.03713831301096571,2777,908,0.3269715520345697,WinoGrande,0.5,validation,discovery
751,1.3562420823972452,0.08840558731996814,0.8826522888761824,56391,3205,0.05683531059920909,35789,1997,0.05579926793148733,2775,1139,0.4104504504504505,WinoGrande,0.5,validation,discovery
752,1.0387108281980681,0.052869653325613365,0.8816586211100071,56438,3248,0.05754987774194691,35817,1723,0.048105648155903624,2774,1041,0.3752703677000721,WinoGrande,0.5,validation,discovery
753,1.5079385262614855,0.04728876665621255,0.8932436048707333,56484,2929,0.05185539267757241,35838,1637,0.045677772197109216,2785,1007,0.3615798922800718,WinoGrande,0.5,validation,discovery
754,1.4470074576675522,0.0753026235222081,0.9002423229868756,56506,2738,0.048455031324107174,35858,1476,0.041162362652685594,2790,938,0.33620071684587816,WinoGrande,0.5,validation,discovery
755,0.6375121272717741,0.02725105144226516,0.899498821395117,56429,2739,0.04853887185666944,35822,1373,0.03832840154095249,2761,981,0.3553060485331402,WinoGrande,0.5,validation,discovery
756,0.328848211567278,0.01669038945582334,0.8880978679147035,56428,3058,0.05419295385269724,35820,1458,0.0407035175879397,2767,960,0.34694615106613663,WinoGrande,0.5,validation,discovery
757,1.0719576863977194,0.07012898764002476,0.9030778051977763,56445,2642,0.04680662591903623,35829,1381,0.038544196042312094,2768,860,0.3106936416184971,WinoGrande,0.5,validation,discovery
758,0.37573137789936956,0.02301630120621219,0.9022037293386783,56429,2661,0.04715660387389463,35824,1365,0.038102947744528805,2761,944,0.34190510684534586,WinoGrande,0.5,validation,discovery
759,1.0790866194365358,0.026793409962694182,0.9088559482546572,56464,2480,0.043921790875602156,35834,1275,0.035580733381704525,2771,900,0.3247924936845904,WinoGrande,0.5,validation,discovery
760,1.8610152875286228,0.049538922781085085,0.9023644062370588,56413,2653,0.04702816726641022,35804,1536,0.042900234610658027,2754,1015,0.3685548293391431,WinoGrande,0.5,validation,discovery
761,0.5002394012353852,0.02093529615784809,0.907017380906273,56421,2525,0.04475284025451516,35812,1378,0.038478722216016975,2767,947,0.342247921937116,WinoGrande,0.5,validation,discovery
762,0.7482838939584211,0.05135179690075833,0.8934800751499108,56434,2911,0.051582379416663715,35824,1523,0.042513398838767306,2773,923,0.33285250631085467,WinoGrande,0.5,validation,discovery
763,0.5248372981381412,0.03654497497227467,0.8951513647390924,56419,2863,0.050745316294156226,35818,1531,0.04274387179630353,2763,988,0.3575823380383641,WinoGrande,0.5,validation,discovery
764,0.5979759264313304,0.03713652923432307,0.9021051647771642,56423,2661,0.04716161848891409,35825,1264,0.035282623866015356,2760,892,0.32318840579710145,WinoGrande,0.5,validation,discovery
765,1.5313611876308635,0.08867607829032163,0.8990747285931252,56420,2747,0.04868840836582772,35805,1608,0.04490992878089652,2771,1051,0.3792854565138939,WinoGrande,0.5,validation,discovery
766,0.7048563883207565,0.019579654852522877,0.8994019942856146,56438,2742,0.04858428718239484,35824,1319,0.0368188923626619,2768,899,0.3247832369942196,WinoGrande,0.5,validation,discovery
767,0.4486004783228352,0.029831975522696782,0.8958132907722941,56458,2852,0.05051542739735733,35824,1548,0.043211255024564535,2773,1018,0.3671114316624594,WinoGrande,0.5,validation,discovery
768,1.0390221497044287,0.07294611567860337,0.8722740025116603,56479,3521,0.06234175534269375,35825,2250,0.0628053035589672,2790,1196,0.42867383512544804,WinoGrande,0.5,validation,discovery
769,0.47823984701818917,0.028841830770614155,0.9157582985366227,56364,2263,0.0401497409694131,35794,1107,0.03092697100072638,2745,844,0.30746812386156647,WinoGrande,0.5,validation,discovery
770,1.2842500918590083,0.06765742464361997,0.8819295610966101,56419,3234,0.05732111522713979,35807,1897,0.05297846789733851,2761,1071,0.3879029337196668,WinoGrande,0.5,validation,discovery
771,1.2997172211724703,0.05446152923897731,0.9109817841088377,56476,2425,0.042938593384800626,35837,1308,0.036498590841867344,2776,896,0.3227665706051873,WinoGrande,0.5,validation,discovery
772,0.6816539406230979,0.02057668674879358,0.9029862286978341,56444,2643,0.046825171851746866,35831,1325,0.036979152130836426,2784,905,0.3250718390804598,WinoGrande,0.5,validation,discovery
773,0.3128986178120095,0.04735035818121873,0.8911057307805315,56486,2992,0.05296887724391885,35834,1637,0.04568287101635318,2781,1053,0.3786407766990291,WinoGrande,0.5,validation,discovery
774,1.3986080246957713,0.0645625393399874,0.9023678706461382,56419,2648,0.046934543327602406,35807,1400,0.039098500293238754,2757,927,0.33623503808487487,WinoGrande,0.5,validation,discovery
775,0.6557155813347436,0.027476653943419832,0.9043769295393624,56468,2610,0.04622086845647092,35842,1432,0.03995312761564645,2780,1009,0.36294964028776977,WinoGrande,0.5,validation,discovery
776,1.0179429234707795,0.050272757246051014,0.8878244072961095,56468,3079,0.0545264574626337,35818,1741,0.04860684572002904,2783,1066,0.3830398850161696,WinoGrande,0.5,validation,discovery
777,1.42522216243656,0.11342307785095654,0.9007627299561914,56464,2713,0.04804831396996316,35833,1684,0.0469957860073117,2776,987,0.35554755043227665,WinoGrande,0.5,validation,discovery
778,0.8477078570123731,0.02937404003120149,0.897694228620877,56415,2787,0.049401754852432866,35807,1458,0.04071829530538722,2753,948,0.3443516164184526,WinoGrande,0.5,validation,discovery
779,1.4967333767130446,0.1208414754770693,0.8864519764146573,56471,3121,0.05526730534256521,35831,1799,0.05020792051575451,2787,1022,0.36670254754216003,WinoGrande,0.5,validation,discovery
780,1.5843447412088552,0.043521266073194856,0.9048588482891622,56492,2605,0.04611272392551158,35845,1376,0.03838750174361836,2784,943,0.3387212643678161,WinoGrande,0.5,validation,discovery
781,2.1459209601737097,0.06175254023918712,0.8877635612474278,56461,3076,0.0544800835975275,35844,1582,0.0441356991407209,2779,1019,0.36667866138898886,WinoGrande,0.5,validation,discovery
782,1.3220255667279974,0.0479273446632497,0.9049420145018354,56458,2593,0.04592794643806015,35825,1310,0.036566643405443126,2767,926,0.3346584748825443,WinoGrande,0.5,validation,discovery
783,0.9348647028105037,0.025708408336456323,0.9047651298852892,56479,2602,0.04607022079002815,35839,1353,0.0377521694243701,2776,954,0.34365994236311237,WinoGrande,0.5,validation,discovery
784,1.4520424576572277,0.059295472371204534,0.888477772457828,56416,3043,0.05393859897901305,35789,1797,0.05021095867445304,2760,1087,0.3938405797101449,WinoGrande,0.5,validation,discovery
785,0.8217065920901311,0.020890894681373326,0.915461010553003,56439,2288,0.04053934336185971,35805,1205,0.03365451752548527,2745,892,0.3249544626593807,WinoGrande,0.5,validation,discovery
786,1.2641179896936412,0.040977536203958595,0.9085140848664646,56417,2481,0.04397610649272382,35818,1407,0.03928192528896086,2760,954,0.3456521739130435,WinoGrande,0.5,validation,discovery
787,0.8932664536245952,0.03374246920240985,0.9178692312004477,56460,2224,0.0393907190931633,35830,1175,0.03279374825565169,2765,891,0.32224231464737796,WinoGrande,0.5,validation,discovery
788,0.8391169642184438,0.03674385076784767,0.9129134278469606,56431,2360,0.04182098491963637,35821,1290,0.036012394963848025,2758,920,0.3335750543872371,WinoGrande,0.5,validation,discovery
789,0.6803096440009824,0.057360900018495725,0.8871630316884125,56400,3078,0.05457446808510638,35798,1872,0.05229342421364322,2783,1123,0.4035213798059648,WinoGrande,0.5,validation,discovery
790,0.6863147944990668,0.025582231813685817,0.9193037081615628,56434,2180,0.03862919516603466,35808,1092,0.03049597855227882,2750,797,0.2898181818181818,WinoGrande,0.5,validation,discovery
791,1.0424707901380685,0.0415356094324347,0.896885190153007,56443,2815,0.04987332352993285,35812,1665,0.046492795710934884,2767,1064,0.3845319840983014,WinoGrande,0.5,validation,discovery
792,0.8471463741233581,0.024925925682240373,0.908315398360066,56412,2485,0.04405091115365525,35817,1220,0.03406203757992015,2764,834,0.3017366136034732,WinoGrande,0.5,validation,discovery
793,0.5869892966414926,0.046093386823615176,0.9021491093646926,56433,2664,0.04720642177449365,35819,1436,0.04009045478656579,2759,977,0.3541138093512142,WinoGrande,0.5,validation,discovery
794,0.7678215874166804,0.025390477009622922,0.8924549450645344,56463,2945,0.0521580504046898,35843,1495,0.04170967831933711,2782,955,0.3432782171099928,WinoGrande,0.5,validation,discovery
795,1.5545860777661025,0.06081678769309948,0.8974200193112395,56442,2801,0.049626164912653696,35828,1463,0.04083398459305571,2774,973,0.3507570295602019,WinoGrande,0.5,validation,discovery
796,1.347562546580388,0.07782573509576478,0.875486244082771,56457,3427,0.06070106452698514,35840,1787,0.04986049107142857,2790,1064,0.3813620071684588,WinoGrande,0.5,validation,discovery
797,1.085601501714514,0.010984757727113558,0.911275821680841,56407,2397,0.042494725831900296,35813,1182,0.03300477480244604,2748,878,0.3195050946142649,WinoGrande,0.5,validation,discovery
798,1.1768785877994774,0.049527262200056585,0.9002754640698601,56468,2729,0.04832825671176596,35844,1482,0.04134583193839973,2777,947,0.34101548433561396,WinoGrande,0.5,validation,discovery
799,1.6566789855131725,0.1074742869090412,0.8643069275974451,56393,3722,0.06600109942723388,35788,2028,0.05666703923102716,2754,1069,0.38816267247639796,WinoGrande,0.5,validation,discovery
800,1.5604351589385463,0.03743375712688879,0.8932750438262854,56476,2928,0.051845031517812876,35852,1363,0.038017404886756666,2791,921,0.3299892511644572,WinoGrande,0.5,validation,discovery
801,1.5678633156878432,0.06340015922414417,0.8691341012699597,56439,3599,0.06376796187033788,35805,2114,0.059042033235581624,2779,1116,0.40158330334652753,WinoGrande,0.5,validation,discovery
802,0.824319241691091,0.046615280692866266,0.9073822415358256,56470,2527,0.044749424473171595,35832,1359,0.03792699263228399,2770,973,0.3512635379061372,WinoGrande,0.5,validation,discovery
803,0.5339959312094503,0.03227173414812461,0.8842185189093202,56441,3173,0.0562179975549689,35841,1543,0.043051254150274824,2783,970,0.3485447358965146,WinoGrande,0.5,validation,discovery
804,0.8478983232462545,0.049630889483969015,0.9055885996786195,56441,2571,0.04555199234598962,35809,1424,0.03976653913820548,2764,976,0.35311143270622286,WinoGrande,0.5,validation,discovery
805,1.5963118084364798,0.05786125382495323,0.8900368407080053,56471,3016,0.05340794390040906,35824,1968,0.05493523894595802,2781,1179,0.42394822006472493,WinoGrande,0.5,validation,discovery
806,0.9301511931566013,0.015996911816806025,0.8947129174164176,56411,2867,0.050823420963996384,35827,1347,0.03759734278616686,2769,910,0.3286384976525822,WinoGrande,0.5,validation,discovery
807,0.9607226895149087,0.017451967748703653,0.9214626025222675,56453,2127,0.03767735992772749,35840,1022,0.028515625,2774,774,0.2790194664744052,WinoGrande,0.5,validation,discovery
808,1.0712435808681653,0.03399395269917091,0.9176188439993187,56465,2234,0.039564331887009654,35848,1120,0.03124302611024325,2782,849,0.30517613227893603,WinoGrande,0.5,validation,discovery
809,0.529335639932779,0.025732098432395177,0.9123734112204652,56421,2373,0.042058807890679,35810,1168,0.032616587545378384,2754,859,0.31190994916485115,WinoGrande,0.5,validation,discovery
810,0.7380636008512009,0.03288167380448155,0.9012995959782459,56409,2681,0.04752787675725505,35810,1395,0.03895559899469422,2769,947,0.3420007222824124,WinoGrande,0.5,validation,discovery
811,1.382946183281866,0.03143936368681562,0.9018382238780426,56413,2670,0.047329516246255296,35826,1249,0.034862948696477415,2764,867,0.3136758321273517,WinoGrande,0.5,validation,discovery
812,0.5523101030559493,0.021758235533956047,0.8982100213267682,56459,2783,0.049292406879328364,35820,1365,0.038107202680067,2772,941,0.33946608946608947,WinoGrande,0.5,validation,discovery
813,1.5141953336931977,0.016297994784641664,0.9059364826062863,56447,2559,0.045334561624178434,35817,1340,0.03741240193204344,2759,917,0.3323667995650598,WinoGrande,0.5,validation,discovery
814,0.5908556532939316,0.047586306723601354,0.8945175036385307,56493,2897,0.051280689642964616,35846,1453,0.040534508731797134,2786,955,0.3427853553481694,WinoGrande,0.5,validation,discovery
815,1.5243918393988924,0.09736070921724385,0.9028546045396233,56409,2638,0.046765587051711605,35818,1492,0.04165503378189737,2758,922,0.3343002175489485,WinoGrande,0.5,validation,discovery
816,1.088437810907859,0.05113408617913151,0.8871693969634249,56424,3089,0.054746207287679004,35810,1816,0.05071209159452667,2777,1084,0.39034929780338495,WinoGrande,0.5,validation,discovery
817,1.0385848911862763,0.0870351897945505,0.8597718377151247,56449,3866,0.06848659852256019,35806,2450,0.06842428643244149,2778,1166,0.4197264218862491,WinoGrande,0.5,validation,discovery
818,0.9521835749663362,0.04510129523581761,0.8847915198134764,56467,3162,0.055997308162289476,35837,1844,0.05145519993303011,2778,1042,0.375089992800576,WinoGrande,0.5,validation,discovery
819,2.0264589059848612,0.09190058425640932,0.861368352626481,56371,3802,0.06744602721257384,35784,2388,0.06673373574782025,2781,1194,0.42934196332254587,WinoGrande,0.5,validation,discovery
820,1.0685489324196762,0.03641019831692317,0.9024653914097212,56440,2659,0.0471119773210489,35828,1558,0.04348554203416322,2779,994,0.35768261964735515,WinoGrande,0.5,validation,discovery
821,1.4037561598878405,0.0460467978530164,0.910096120968612,56394,2430,0.043089690392594956,35798,1318,0.03681769931281077,2747,965,0.3512923188933382,WinoGrande,0.5,validation,discovery
822,1.5147319127727104,0.05138926355543566,0.8999946945287188,56497,2744,0.04856895056374675,35857,1455,0.04057785090777254,2785,981,0.35224416517055657,WinoGrande,0.5,validation,discovery
823,1.6320871109454265,0.07295762868607913,0.8996729925401322,56388,2722,0.048272682130949846,35794,1548,0.04324747164329217,2748,1001,0.36426491994177584,WinoGrande,0.5,validation,discovery
824,1.186638973180415,0.04462899970245995,0.8982271757650132,56436,2776,0.04918846126585867,35817,1474,0.04115364212524779,2764,969,0.3505788712011577,WinoGrande,0.5,validation,discovery
825,1.3277493025351834,0.04964321414598483,0.8887110457048771,56439,3047,0.05398749091939971,35822,1843,0.051448830327731565,2781,1112,0.3998561668464581,WinoGrande,0.5,validation,discovery
826,1.3035654618982182,0.08878936256048887,0.8873733004859545,56434,3082,0.05461246766133891,35824,1667,0.04653305046895936,2770,1020,0.36823104693140796,WinoGrande,0.5,validation,discovery
827,0.8934517949304835,0.034884562495476584,0.9072564414606509,56434,2520,0.04465393202679236,35825,1352,0.03773900907187718,2768,947,0.3421242774566474,WinoGrande,0.5,validation,discovery
828,1.3263984370311954,0.05954070442523546,0.8952502218012757,56444,2865,0.050758273687194384,35831,1597,0.044570344115430774,2774,1019,0.36733958183129056,WinoGrande,0.5,validation,discovery
829,0.8337309825295591,0.043120954648499486,0.9117881230309595,56438,2393,0.04240051029448244,35820,1255,0.03503629257398102,2760,907,0.32862318840579713,WinoGrande,0.5,validation,discovery
830,0.5128109645908084,0.023371699187722927,0.9145763737405245,56474,2324,0.041151680419308,35828,1141,0.031846600424249194,2765,850,0.3074141048824593,WinoGrande,0.5,validation,discovery
831,1.1935359742768457,0.07373182224735603,0.8802296883467481,56471,3297,0.05838394928370314,35838,2130,0.059434120207600874,2794,1154,0.41302791696492486,WinoGrande,0.5,validation,discovery
832,1.4798649180381465,0.044769440911874146,0.9113554834150562,56435,2402,0.0425622397448392,35818,1388,0.03875146574348093,2761,949,0.343716044911264,WinoGrande,0.5,validation,discovery
833,0.7704804229036638,0.0437697072844072,0.9007441842444884,56433,2703,0.04789750677794907,35823,1591,0.04441280741423108,2777,1041,0.374864962189413,WinoGrande,0.5,validation,discovery
834,1.0332663350356985,0.08190795557807211,0.8952785827004552,56461,2865,0.05074299073696888,35817,1636,0.04567663400061423,2763,1041,0.3767643865363735,WinoGrande,0.5,validation,discovery
835,0.7158994309205455,0.044317374307053056,0.9053099002351904,56406,2569,0.045544800198560435,35792,1449,0.040483907018328116,2754,1023,0.37145969498910675,WinoGrande,0.5,validation,discovery
836,1.1504182063062263,0.03450348444542742,0.9042757948925023,56432,2604,0.04614403175503261,35809,1377,0.03845401993912145,2764,958,0.3465991316931983,WinoGrande,0.5,validation,discovery
837,1.357649002589213,0.062127206785960495,0.8903932851531176,56448,3002,0.05318168934240363,35822,1575,0.04396739433867456,2764,946,0.3422575976845152,WinoGrande,0.5,validation,discovery
838,0.7448502185896376,0.011686152119644565,0.9021332198838434,56433,2666,0.047241862031081105,35825,1323,0.03692951849267272,2770,955,0.3447653429602888,WinoGrande,0.5,validation,discovery
839,0.9535136388199503,0.04068458340369753,0.8954700764019549,56434,2856,0.05060778963036467,35814,1638,0.04573630423856592,2771,1014,0.3659328762179718,WinoGrande,0.5,validation,discovery
840,0.7870891453062481,0.030123946391241566,0.9098492470281258,56467,2455,0.04347672091664158,35850,1267,0.035341701534170156,2779,918,0.3303346527527888,WinoGrande,0.5,validation,discovery
841,1.9645164340597625,0.08303360009591464,0.9134058578357623,56409,2337,0.041429559112907514,35811,1328,0.03708357767166513,2749,911,0.33139323390323755,WinoGrande,0.5,validation,discovery
842,1.126702166984694,0.015496208374546646,0.9248779893856652,56434,2024,0.035864904135804655,35829,978,0.027296324206648247,2762,780,0.2824040550325851,WinoGrande,0.5,validation,discovery
843,0.4663592152227735,0.032632907931453195,0.9119385382748786,56451,2393,0.04239074595667039,35828,1266,0.035335491794127497,2768,845,0.30527456647398843,WinoGrande,0.5,validation,discovery
844,0.7102226098559552,0.018784058585374543,0.9131898937736517,56451,2357,0.041753024747125826,35833,1136,0.031702620489492926,2764,844,0.3053545586107091,WinoGrande,0.5,validation,discovery
845,1.3314758196286671,0.1249447138388298,0.8820443028592538,56439,3239,0.05738939385885646,35810,1982,0.05534766824909243,2769,1068,0.3856988082340195,WinoGrande,0.5,validation,discovery
846,0.9192435883113619,0.07428888289422414,0.9027602222360052,56466,2655,0.04701944532993306,35835,1506,0.04202595228128924,2766,1001,0.3618944323933478,WinoGrande,0.5,validation,discovery
847,1.050094365676725,0.02297893898820294,0.8979723777294805,56467,2793,0.04946251793082686,35842,1392,0.038837118464371406,2781,929,0.3340524991010428,WinoGrande,0.5,validation,discovery
848,0.5638374324300818,0.030453752848345512,0.904902688441417,56407,2578,0.045703547432056305,35804,1411,0.039409004580493796,2763,1006,0.3640969960188201,WinoGrande,0.5,validation,discovery
849,1.707765313611875,0.03038545694332044,0.9201307582304261,56428,2152,0.038137095059190475,35820,1110,0.03098827470686767,2755,793,0.28784029038112524,WinoGrande,0.5,validation,discovery
850,0.7122593160078289,0.06020121640293387,0.884362372966827,56422,3167,0.0561305873595406,35810,1946,0.0543423624685842,2775,1126,0.4057657657657658,WinoGrande,0.5,validation,discovery
851,1.1809673569237207,0.0595944609297725,0.9100191406382867,56503,2461,0.04355520945790489,35848,1297,0.036180540058022764,2779,879,0.3163008276358402,WinoGrande,0.5,validation,discovery
852,1.536618924198476,0.08268890687288313,0.9014087470489843,56430,2685,0.04758107389686337,35818,1430,0.03992406052822603,2763,955,0.34563879840752804,WinoGrande,0.5,validation,discovery
853,0.5318585461552576,0.040486467044330544,0.9154394215764476,56416,2280,0.04041406693136699,35815,1089,0.030406254362697192,2757,836,0.3032281465360899,WinoGrande,0.5,validation,discovery
854,0.9399036673671334,0.02956502858797133,0.898311010708411,56443,2775,0.04916464397710965,35827,1452,0.04052809333742708,2764,963,0.3484081041968162,WinoGrande,0.5,validation,discovery
855,1.2859193679262773,0.03410708371987956,0.899457432019486,56439,2741,0.0485657081096405,35821,1421,0.03966946763071941,2770,950,0.34296028880866425,WinoGrande,0.5,validation,discovery
856,1.5753880637039424,0.03764542414394046,0.9178621108334601,56407,2214,0.03925044763947737,35806,1166,0.03256437468580685,2744,850,0.3097667638483965,WinoGrande,0.5,validation,discovery
857,0.6856718489899561,0.038664491041997026,0.901106368431056,56457,2700,0.04782400765184122,35839,1444,0.04029130277072463,2777,944,0.33993518185091826,WinoGrande,0.5,validation,discovery
858,1.029595031788836,0.043931388868784824,0.9051013633346434,56438,2583,0.04576703639391899,35823,1335,0.037266560589565366,2764,888,0.32127351664254705,WinoGrande,0.5,validation,discovery
859,0.5561271107301086,0.042122759191524514,0.8880492173200739,56449,3068,0.054349944197417135,35816,1681,0.04693433102524012,2773,1016,0.36639019112874144,WinoGrande,0.5,validation,discovery
860,0.6179429897871757,0.036213075241084206,0.8915109710488002,56486,2982,0.05279184222639238,35854,1584,0.04417917108272438,2786,990,0.35534816941852115,WinoGrande,0.5,validation,discovery
861,1.2265032913329965,0.012611275964391688,0.9151080212997796,56476,2307,0.04084921028401445,35828,1182,0.032990956793569275,2767,865,0.31261293820021685,WinoGrande,0.5,validation,discovery
862,1.0426666836206018,0.06959805772862152,0.9052017685774868,56465,2587,0.0458159922075622,35837,1417,0.039540140078689626,2768,960,0.3468208092485549,WinoGrande,0.5,validation,discovery
863,1.8400942678864187,0.06704301464379629,0.8962562743903058,56384,2820,0.050014188422247446,35824,1399,0.03905203215721304,2761,895,0.32415791379934805,WinoGrande,0.5,validation,discovery
864,0.3225860980445095,0.03266342954770254,0.9026613492080223,56419,2642,0.04682819617504742,35836,1292,0.036053130929791274,2773,901,0.3249188604399567,WinoGrande,0.5,validation,discovery
865,1.1528012714409395,0.051151617917196544,0.8987966070967089,56446,2761,0.048914006306912804,35834,1442,0.04024111179326896,2774,943,0.33994232155731796,WinoGrande,0.5,validation,discovery
866,0.8654609942911926,0.03868020876054457,0.9147428520540991,56439,2307,0.04087599000691011,35820,1175,0.03280290340591848,2769,869,0.3138317081979054,WinoGrande,0.5,validation,discovery
867,1.0826777786553867,0.038306323218419536,0.8997789220141627,56419,2730,0.048387954412520605,35812,1540,0.04300234558248632,2757,1003,0.3638012332245194,WinoGrande,0.5,validation,discovery
868,0.6923945062208192,0.04416825123201327,0.904485516533269,56463,2605,0.04613640791314666,35836,1276,0.03560665252818395,2778,906,0.326133909287257,WinoGrande,0.5,validation,discovery
869,0.6603088537345629,0.04578952833780693,0.8969823721907855,56428,2810,0.0497979726376976,35817,1612,0.045006561130189575,2766,1006,0.36370209689081706,WinoGrande,0.5,validation,discovery
870,0.4963598139444664,0.020400200131532983,0.8996798740304038,56469,2745,0.04861074217712373,35828,1460,0.04075025120017863,2772,962,0.34704184704184704,WinoGrande,0.5,validation,discovery
871,1.0221400021325198,0.018051434223541045,0.9155446400533139,56434,2287,0.040525215295743704,35828,1090,0.03042313274533884,2766,795,0.2874186550976139,WinoGrande,0.5,validation,discovery
872,1.484444863102719,0.0585591019114939,0.9014995787212102,56424,2681,0.047515241741103074,35809,1406,0.0392638722108967,2758,892,0.32342277012327775,WinoGrande,0.5,validation,discovery
873,0.647935469803519,0.04772400079457234,0.9073817228073274,56453,2522,0.04467433085929889,35845,1343,0.037466871251220536,2785,897,0.3220825852782765,WinoGrande,0.5,validation,discovery
874,1.4215996295162712,0.08056080088721038,0.8818653279649161,56428,3240,0.05741830297015666,35816,1974,0.05511503238775966,2771,1053,0.3800072176109708,WinoGrande,0.5,validation,discovery
875,0.5779497309082087,0.03358296830106919,0.8946818046958087,56403,2861,0.05072425225608567,35806,1441,0.0402446517343462,2764,922,0.33357452966714907,WinoGrande,0.5,validation,discovery
876,0.7623072879884031,0.019133266423938596,0.9058059593976622,56476,2573,0.04555917557900701,35843,1338,0.03732946460954719,2776,949,0.3418587896253602,WinoGrande,0.5,validation,discovery
877,1.1670615549374086,0.044164595948630106,0.896956954219086,56459,2819,0.049930037726491794,35830,1458,0.04069215740999163,2784,933,0.33512931034482757,WinoGrande,0.5,validation,discovery
878,1.7201628747890705,0.03605041513053383,0.8886618923115802,56416,3045,0.053974049914917756,35810,1612,0.04501535883831332,2766,1011,0.36550976138828634,WinoGrande,0.5,validation,discovery
879,0.5801173231875671,0.026938524713005414,0.9005635204325269,56443,2711,0.048030756692592526,35849,1334,0.03721163770258585,2782,920,0.33069734004313445,WinoGrande,0.5,validation,discovery
880,1.941182795238516,0.05225848994394989,0.8817446535087491,56436,3246,0.057516478843291516,35827,1550,0.04326346051860329,2772,957,0.34523809523809523,WinoGrande,0.5,validation,discovery
881,0.7198384867153056,0.06326345162561417,0.9032001183386028,56452,2640,0.04676539360872954,35834,1532,0.04275269297315399,2776,1003,0.36131123919308356,WinoGrande,0.5,validation,discovery
882,1.1370132847159167,0.029992545764704198,0.9047780486408876,56412,2581,0.045752676735446356,35815,1321,0.03688398715621946,2755,926,0.33611615245009074,WinoGrande,0.5,validation,discovery
883,1.819232716748035,0.10538620627641399,0.8852380641556694,56422,3137,0.05559887986955443,35826,1817,0.050717356110087645,2772,1027,0.3704906204906205,WinoGrande,0.5,validation,discovery
884,1.3750368722744453,0.06951432790034262,0.8973780890014094,56453,2805,0.04968735053938675,35830,1438,0.04013396595032096,2772,950,0.3427128427128427,WinoGrande,0.5,validation,discovery
885,1.5432541675635558,0.042142493181068844,0.9035588390725431,56453,2628,0.046551999008024376,35834,1338,0.03733884020762404,2771,897,0.3237098520389751,WinoGrande,0.5,validation,discovery
886,1.0269781401433409,0.04260886647423711,0.9027150169638402,56378,2631,0.0466671396644081,35783,1544,0.04314898135986362,2760,1029,0.37282608695652175,WinoGrande,0.5,validation,discovery
887,0.7032172201065127,0.016204863385872285,0.9232646707118847,56478,2079,0.03681079358334219,35831,1154,0.032206748346403954,2761,879,0.31836291198841,WinoGrande,0.5,validation,discovery
888,0.5739844871099067,0.029673590504451036,0.8929371821628667,56443,2928,0.0518753432666584,35835,1536,0.04286312264545835,2777,973,0.3503781058696435,WinoGrande,0.5,validation,discovery
889,1.4418794354003315,0.02343416480223375,0.8946096880437698,56450,2883,0.05107174490699734,35827,1411,0.039383705026934994,2765,916,0.3312839059674503,WinoGrande,0.5,validation,discovery
890,2.0245814249890572,0.09623684920420825,0.8788530851641537,56468,3337,0.05909541687327336,35859,1795,0.05005716835383028,2788,1011,0.36262553802008607,WinoGrande,0.5,validation,discovery
891,0.7239533203922769,0.01876053309070606,0.9204349514100866,56401,2136,0.037871668942040033,35801,1057,0.029524314963269183,2752,777,0.28234011627906974,WinoGrande,0.5,validation,discovery
892,0.8722836692173022,0.054476841697845446,0.8916994277386718,56452,2967,0.05255792531708354,35815,1702,0.047521987993857324,2779,1031,0.370996761424973,WinoGrande,0.5,validation,discovery
893,1.5004617134636282,0.0679416660635449,0.9066288376241108,56457,2546,0.04509626795614361,35820,1389,0.03877721943048576,2757,908,0.3293434892999637,WinoGrande,0.5,validation,discovery
894,0.3001771844248254,0.016261598605812253,0.919713418450601,56447,2168,0.03840770988715078,35838,1074,0.029968190189184663,2764,822,0.29739507959479017,WinoGrande,0.5,validation,discovery
895,0.9634888759802535,0.018022810630216133,0.9014421380786585,56450,2691,0.04767050487156776,35823,1329,0.03709907042961226,2774,858,0.30930064888248016,WinoGrande,0.5,validation,discovery
896,1.051272316745418,0.03705819832771194,0.8990193134965354,56367,2737,0.04855677967605159,35778,1394,0.03896249091620549,2743,932,0.33977397010572363,WinoGrande,0.5,validation,discovery
897,1.389899321621591,0.0775187525913632,0.8694319940542333,56411,3589,0.06362234316002198,35784,2353,0.06575564498099709,2769,1224,0.4420368364030336,WinoGrande,0.5,validation,discovery
898,1.9786083069729374,0.07289512334022719,0.9085414566177233,56420,2478,0.04392059553349876,35807,1359,0.03795347278465105,2752,881,0.32013081395348836,WinoGrande,0.5,validation,discovery
899,1.2093850121984027,0.03321044270599167,0.8920890792305511,56453,2952,0.05229128655695889,35826,1371,0.038268296767710604,2760,926,0.3355072463768116,WinoGrande,0.5,validation,discovery
900,1.0395094466907782,0.062296446406600564,0.8853279552041445,56475,3153,0.05583001328021248,35842,1886,0.05261983148261816,2793,1060,0.3795202291442893,WinoGrande,0.5,validation,discovery
901,0.6706515465869248,0.033986398068451995,0.8829354762987451,56437,3207,0.056824423693676136,35819,1623,0.04531114771489991,2768,994,0.3591040462427746,WinoGrande,0.5,validation,discovery
902,0.899802934823401,0.03569636687944003,0.9067422509518197,56444,2539,0.044982637658564244,35828,1235,0.03447024673439768,2771,884,0.31901840490797545,WinoGrande,0.5,validation,discovery
903,1.1308669676583705,0.08052110019598085,0.866082381401295,56435,3689,0.06536723664392664,35809,2418,0.06752492390181239,2786,1177,0.4224694903086863,WinoGrande,0.5,validation,discovery
904,0.8123021470790976,0.06551510618963755,0.9069510386430859,56456,2532,0.04484908601388692,35815,1424,0.03975987714644702,2769,942,0.3401950162513543,WinoGrande,0.5,validation,discovery
905,0.9219971250831401,0.028879297425291488,0.9130548035062451,56467,2365,0.041882869640675086,35838,1191,0.033232881299179645,2772,877,0.31637806637806637,WinoGrande,0.5,validation,discovery
906,0.9268873172881461,0.04637202158371732,0.8844235238686692,56467,3172,0.056174402748507976,35845,1681,0.04689635932487097,2789,1038,0.3721764073144496,WinoGrande,0.5,validation,discovery
907,0.37106364097263467,0.014989298896804136,0.9065932620928681,56444,2541,0.045018071008433136,35831,1308,0.03650470263179928,2768,942,0.3403179190751445,WinoGrande,0.5,validation,discovery
908,0.9098333942387493,0.04582921200131882,0.8996889902812577,56411,2729,0.04837708957472833,35811,1412,0.03942922565692106,2762,914,0.33091962346125997,WinoGrande,0.5,validation,discovery
909,0.8425462809714669,0.06155460664398929,0.9085464570354311,56439,2486,0.04404755576817449,35809,1407,0.039291798151302744,2752,974,0.3539244186046512,WinoGrande,0.5,validation,discovery
910,1.085565820612238,0.04324685191670097,0.914265421254704,56435,2323,0.04116239922034198,35813,1200,0.033507385586239634,2762,877,0.3175235336712527,WinoGrande,0.5,validation,discovery
911,0.8273932227155825,0.04339387944729191,0.9033716586752907,56426,2628,0.04657427427072626,35827,1299,0.036257571105590754,2770,920,0.33212996389891697,WinoGrande,0.5,validation,discovery
912,1.1323032928364172,0.05056899980135693,0.9005980694527744,56491,2723,0.048202368518879116,35862,1511,0.04213373487256706,2793,1005,0.359828141783029,WinoGrande,0.5,validation,discovery
913,1.2204324581314048,0.0729378492892878,0.8948065165841516,56466,2881,0.051021853858959375,35837,1540,0.042972347015654215,2768,981,0.35440751445086704,WinoGrande,0.5,validation,discovery
914,0.6127677882945546,0.01790193994425706,0.9093254535922762,56476,2473,0.04378851193427297,35837,1184,0.03303847978346402,2767,830,0.2999638597759306,WinoGrande,0.5,validation,discovery
915,0.6839384713831095,0.019149115823502448,0.9032461075945993,56447,2640,0.046769536024943756,35828,1360,0.03795913810427599,2768,933,0.3370664739884393,WinoGrande,0.5,validation,discovery
916,0.48327782435062944,0.05272490410364043,0.8819980983463891,56476,3248,0.05751115518096182,35835,1915,0.053439374912794754,2789,1064,0.38149874506991754,WinoGrande,0.5,validation,discovery
917,0.6053773868502567,0.026720054555172613,0.9159307161971444,56461,2283,0.04043499052443279,35834,1185,0.0330691522018195,2761,879,0.31836291198841,WinoGrande,0.5,validation,discovery
918,0.786433251222705,0.055607826107934674,0.9007398077167131,56460,2711,0.048016294721927026,35833,1587,0.044288784081712385,2778,1007,0.3624910007199424,WinoGrande,0.5,validation,discovery
919,0.7243825572840543,0.03195339075052472,0.8867298334549801,56394,3090,0.05479306309181828,35805,1598,0.044630638179025274,2761,965,0.3495110467222021,WinoGrande,0.5,validation,discovery
920,0.9036397737405881,0.06773660466574992,0.8996556843482064,56435,2730,0.048374235846549124,35827,1553,0.043347196248639294,2777,1027,0.3698235505941664,WinoGrande,0.5,validation,discovery
921,0.6739982678772619,0.04181229622164073,0.8858467783274586,56467,3134,0.05550144332087768,35835,1780,0.04967210827403377,2777,1024,0.3687432481094707,WinoGrande,0.5,validation,discovery
922,0.6243044670599748,0.0432814794832599,0.9126080276723963,56457,2372,0.04201427635191385,35839,1286,0.03588269761991127,2773,892,0.32167327803822576,WinoGrande,0.5,validation,discovery
923,1.3066549407752126,0.025614718428548906,0.8999816250311029,56400,2714,0.048120567375886526,35800,1357,0.0379050279329609,2749,926,0.33684976355038193,WinoGrande,0.5,validation,discovery
924,0.9345243302358249,0.04571260846139618,0.8950387120623086,56440,2868,0.05081502480510276,35807,1701,0.04750467785628509,2774,1060,0.3821196827685652,WinoGrande,0.5,validation,discovery
925,0.27564768805415657,0.029418817252645144,0.904291666739175,56461,2612,0.04626202157241282,35844,1349,0.037635308559312575,2777,937,0.33741447605329494,WinoGrande,0.5,validation,discovery
926,1.6515154843278042,0.06457752600185833,0.914136640140058,56453,2329,0.041255557720581724,35843,1273,0.03551600033479341,2777,908,0.3269715520345697,WinoGrande,0.5,validation,discovery
927,0.9778005757781254,0.03283723827257155,0.9030010775305906,56443,2645,0.046861435430434244,35818,1378,0.038472276509017814,2758,937,0.3397389412617839,WinoGrande,0.5,validation,discovery
928,0.7538443792727354,0.059829678415478524,0.8911608138136088,56460,2979,0.05276301806588735,35833,1497,0.04177713281053777,2777,959,0.34533669427439684,WinoGrande,0.5,validation,discovery
929,2.069499968204162,0.0537539447034996,0.9072660790835417,56434,2515,0.04456533295531063,35827,1285,0.03586680436542273,2769,896,0.32358252076561933,WinoGrande,0.5,validation,discovery
930,0.5948266813162421,0.025923946321314402,0.8994709615327328,56460,2749,0.048689337584130354,35826,1433,0.03999888349243566,2761,960,0.347700108656284,WinoGrande,0.5,validation,discovery
931,0.788905207046346,0.027118364655456643,0.9210143077690519,56417,2121,0.03759505113706861,35814,1061,0.029625286200927012,2750,821,0.29854545454545456,WinoGrande,0.5,validation,discovery
932,1.8759379174193476,0.11622924230974807,0.8971896570845728,56434,2805,0.04970407910125102,35832,1571,0.04384349185085957,2764,904,0.32706222865412443,WinoGrande,0.5,validation,discovery
933,0.7593846813372628,0.0229499317036409,0.9139791797462209,56469,2339,0.04142095663107192,35831,1199,0.03346264407914934,2767,884,0.3194795807734008,WinoGrande,0.5,validation,discovery
934,0.509312001331739,0.020704073374696527,0.9101904684793509,56487,2451,0.04339051463168517,35857,1196,0.03335471456061578,2785,862,0.3095152603231598,WinoGrande,0.5,validation,discovery
935,0.5255648276996829,0.04708095811997432,0.8902446450105761,56413,2992,0.05303742045273253,35798,1794,0.050114531538074755,2769,1130,0.4080895630191405,WinoGrande,0.5,validation,discovery
936,1.4253570544086152,0.054427056057058165,0.8793474587047112,56435,3310,0.05865154602640205,35818,1911,0.05335306270590206,2778,1117,0.40208783297336215,WinoGrande,0.5,validation,discovery
937,0.7927379090241012,0.046454323354078224,0.9099614276924859,56485,2456,0.04348057006284854,35843,1259,0.03512540802946182,2776,893,0.32168587896253603,WinoGrande,0.5,validation,discovery
938,0.9898968562411493,0.0381097779497986,0.9041671788700526,56438,2608,0.046210000354371165,35817,1450,0.04048356925482313,2772,1014,0.3658008658008658,WinoGrande,0.5,validation,discovery
939,0.7725829126600279,0.04451345755693581,0.9069301014965244,56453,2534,0.04488689706481498,35846,1520,0.042403615466160796,2786,1064,0.38190954773869346,WinoGrande,0.5,validation,discovery
940,0.3786633710152576,0.04081617360549111,0.9148084827068557,56475,2317,0.04102700309871624,35830,1167,0.032570471671783424,2760,881,0.31920289855072465,WinoGrande,0.5,validation,discovery
941,1.0673644938778306,0.031322123310253885,0.9063830781291117,56432,2545,0.04509852565920045,35812,1237,0.034541494471127,2770,867,0.31299638989169676,WinoGrande,0.5,validation,discovery
942,1.534735034080642,0.054588915864880246,0.8981555371400209,56424,2773,0.049145753580036866,35826,1409,0.03932897895383241,2767,907,0.3277918323093603,WinoGrande,0.5,validation,discovery
943,0.7889405277334431,0.00498770455754763,0.9200249306583943,56469,2168,0.03839274646266093,35842,1054,0.029406841136097317,2771,791,0.28545651389390114,WinoGrande,0.5,validation,discovery
944,1.5932801542184885,0.06967664632135936,0.9033030737550258,56459,2641,0.046777307426628174,35829,1433,0.03999553434368808,2766,961,0.34743311641359365,WinoGrande,0.5,validation,discovery
945,0.8210499156419347,0.023072816201004227,0.9073605563760538,56433,2519,0.044637003171902966,35818,1363,0.038053492657323135,2767,949,0.3429707264185038,WinoGrande,0.5,validation,discovery
946,0.9695274285183954,0.09798582057000327,0.8840264873046161,56484,3192,0.05651157850010623,35846,1684,0.046978742398036046,2784,961,0.3451867816091954,WinoGrande,0.5,validation,discovery
947,0.8455494975531327,0.047513857190657344,0.8972042397257082,56420,2799,0.04961006735200284,35818,1720,0.04802054832765649,2775,1091,0.39315315315315313,WinoGrande,0.5,validation,discovery
948,1.0406105150492826,0.060555422444210985,0.8969613419826893,56479,2821,0.04994776819702899,35838,1600,0.04464534851275183,2780,1049,0.3773381294964029,WinoGrande,0.5,validation,discovery
949,0.6582438903450374,0.026201107616251537,0.9043405802415311,56446,2606,0.0461680189916026,35833,1234,0.03443752965143862,2772,857,0.30916305916305914,WinoGrande,0.5,validation,discovery
950,1.2729096283890322,0.05722200719620408,0.8808753201193431,56466,3275,0.05799950412637694,35827,1883,0.0525581265526,2784,1094,0.39295977011494254,WinoGrande,0.5,validation,discovery
951,0.7242708725329977,0.018051434223541038,0.8991495855494739,56416,2746,0.04867413499716392,35804,1433,0.04002346106580271,2762,976,0.35336712527154235,WinoGrande,0.5,validation,discovery
952,1.2255356293327853,0.0339148158139256,0.9046795272472649,56428,2592,0.04593464237612533,35817,1305,0.03643521232934081,2768,891,0.32189306358381503,WinoGrande,0.5,validation,discovery
953,0.8086051400768712,0.05075470636011997,0.898233959102694,56428,2775,0.049177713192032325,35810,1535,0.04286512147444848,2765,999,0.36130198915009043,WinoGrande,0.5,validation,discovery
954,1.4995207573487819,0.10911879890312257,0.881292685709429,56443,3259,0.057739666566270394,35827,1897,0.05294889329276802,2769,1022,0.3690863127482846,WinoGrande,0.5,validation,discovery
955,0.9710262385274624,0.10400030558169082,0.9004201102588951,56486,2730,0.04833055978472542,35847,1592,0.044410968839791336,2782,905,0.3253055355859094,WinoGrande,0.5,validation,discovery
956,0.7493626165761016,0.031236438699991778,0.8894963611153487,56434,3024,0.05358471843215083,35824,1625,0.04536065207682001,2767,981,0.35453559812070834,WinoGrande,0.5,validation,discovery
957,0.8564013163974298,0.01527247892233054,0.9172391206768609,56423,2234,0.039593782677277,35816,1080,0.030154121063211973,2749,793,0.28846853401236816,WinoGrande,0.5,validation,discovery
958,0.29130705930550405,0.02313940592872344,0.9088159533615827,56464,2484,0.04399263247378861,35841,1204,0.03359281270053849,2775,878,0.3163963963963964,WinoGrande,0.5,validation,discovery
959,0.9502869648300262,0.015687745223823983,0.916718460306433,56440,2255,0.03995393338058115,35822,1103,0.03079113394003685,2760,828,0.3,WinoGrande,0.5,validation,discovery
960,1.1481742614289439,0.05002733902230741,0.8757450855785562,56459,3419,0.06055721851254893,35836,1779,0.04964281727871414,2779,1084,0.3900683699172364,WinoGrande,0.5,validation,discovery
961,0.7864432266586115,0.045499205752328076,0.8847125320900289,56404,3151,0.055864832281398484,35795,1847,0.05159938538902081,2771,1063,0.3836160230963551,WinoGrande,0.5,validation,discovery
962,1.308111738911098,0.05909990108803166,0.9109016322672553,56487,2432,0.04305415405314497,35842,1201,0.03350817476703309,2770,850,0.30685920577617326,WinoGrande,0.5,validation,discovery
963,0.6118943528859656,0.04601819015222792,0.8864104009982087,56465,3120,0.055255467989019744,35823,1800,0.050247047985930826,2773,1087,0.39199423007573025,WinoGrande,0.5,validation,discovery
964,0.5598709189613577,0.026464121148205972,0.915898695227846,56426,2269,0.04021195902598093,35819,1123,0.031352075714006535,2769,815,0.29433008306247743,WinoGrande,0.5,validation,discovery
965,1.031306036900843,0.05921979438299912,0.9009345591516519,56430,2699,0.04782916888180046,35818,1441,0.040231168686135466,2766,927,0.3351409978308026,WinoGrande,0.5,validation,discovery
966,0.585602408730071,0.043185528294452075,0.9115073774168796,56462,2406,0.04261273068612518,35831,1436,0.04007702827160838,2780,1013,0.3643884892086331,WinoGrande,0.5,validation,discovery
967,1.3724604927469228,0.01595687851749226,0.9115138239963761,56459,2405,0.04259728298411237,35833,1222,0.034102642815282004,2775,895,0.3225225225225225,WinoGrande,0.5,validation,discovery
968,1.0543672645309505,0.037363330486798435,0.908652214698487,56435,2478,0.043908921768406134,35801,1360,0.03798776570486858,2757,943,0.34203844758795793,WinoGrande,0.5,validation,discovery
969,0.32010814358230655,0.03092972863907222,0.8987818690784651,56456,2765,0.04897619385007794,35844,1387,0.038695458096194624,2777,963,0.34677709758732445,WinoGrande,0.5,validation,discovery
970,0.6282238326437255,0.032331347052342925,0.9114416213865351,56465,2406,0.042610466660763305,35835,1247,0.034798381470629275,2767,891,0.32200939645825805,WinoGrande,0.5,validation,discovery
971,1.1646993499297664,0.02992690164290368,0.9143344029496508,56437,2317,0.041054627283519676,35830,1202,0.033547306726207086,2768,930,0.33598265895953755,WinoGrande,0.5,validation,discovery
972,0.6018121228692799,0.04276616171855497,0.9024502262547424,56455,2663,0.04717031263838455,35834,1453,0.04054808282636602,2771,987,0.35618910140743415,WinoGrande,0.5,validation,discovery
973,0.5527822908877983,0.069656542262752,0.8880278972225496,56460,3074,0.05444562522139568,35830,1719,0.04797655595869383,2780,983,0.3535971223021583,WinoGrande,0.5,validation,discovery
974,1.053588344657656,0.020945557060487938,0.8985685867124493,56453,2772,0.04910279347421749,35813,1489,0.041577080948259015,2763,970,0.35106768005790806,WinoGrande,0.5,validation,discovery
975,1.1845650211969503,0.03697337418478044,0.8902799050171116,56411,2992,0.053039300845579763,35832,1539,0.042950435365036836,2781,1008,0.36245954692556637,WinoGrande,0.5,validation,discovery
976,0.8615400376062862,0.01609286187043267,0.902943025947145,56442,2644,0.04684454838595372,35828,1327,0.037038070782628114,2772,872,0.31457431457431456,WinoGrande,0.5,validation,discovery
977,0.454372149348254,0.010475676647783469,0.9144638789756666,56447,2322,0.04113593282193916,35841,1111,0.03099801902848693,2776,832,0.29971181556195964,WinoGrande,0.5,validation,discovery
978,1.0696522423847694,0.0798955393114762,0.8869518422490064,56420,3090,0.05476781283232896,35811,1664,0.04646616961268884,2774,986,0.3554434030281182,WinoGrande,0.5,validation,discovery
979,0.6215691532310585,0.024608098792075053,0.9194265962266898,56422,2173,0.038513345857998656,35817,1101,0.030739592930731217,2759,821,0.2975715839072128,WinoGrande,0.5,validation,discovery
980,1.7471211123248822,0.036949249314451614,0.9147847785084595,56468,2315,0.04099667068073953,35840,1197,0.0333984375,2776,872,0.31412103746397696,WinoGrande,0.5,validation,discovery
981,0.5853024848280769,0.040549486627254716,0.9013091663038858,56429,2688,0.04763508125254745,35812,1523,0.04252764436501731,2766,1021,0.3691250903832249,WinoGrande,0.5,validation,discovery
982,0.9280640915611706,0.08409360389750017,0.9005063263132124,56467,2718,0.04813430853418811,35838,1494,0.04168759417378202,2768,959,0.34645953757225434,WinoGrande,0.5,validation,discovery
983,0.36585816460532494,0.017339195445246272,0.9009160363533771,56458,2706,0.047929434269722626,35831,1369,0.03820713906952081,2778,950,0.3419726421886249,WinoGrande,0.5,validation,discovery
984,0.5368794899531243,0.011028512150318612,0.9040352705023302,56431,2610,0.046251174000106324,35825,1258,0.03511514305652477,2770,893,0.3223826714801444,WinoGrande,0.5,validation,discovery
985,0.7350646958746179,0.03183460198684041,0.9095511929314516,56450,2458,0.04354295837023915,35834,1197,0.03340402969247084,2777,861,0.3100468131076701,WinoGrande,0.5,validation,discovery
986,1.1739756629509108,0.026836907834953724,0.9205795493348107,56435,2142,0.03795516966421547,35819,1120,0.031268321282001174,2761,848,0.3071350959797175,WinoGrande,0.5,validation,discovery
987,1.537977478432122,0.034244522375086184,0.9112128907196868,56441,2410,0.04269945606916958,35813,1274,0.03557367436405774,2762,915,0.331281679942071,WinoGrande,0.5,validation,discovery
988,1.2257317051250018,0.07812509599375812,0.9013742308087033,56460,2695,0.04773290825363089,35828,1393,0.03888020542592386,2760,882,0.31956521739130433,WinoGrande,0.5,validation,discovery
989,1.2240232745163087,0.02559577566028347,0.8909890897110742,56406,2976,0.05276034464418679,35817,1490,0.04160035737219756,2762,941,0.3406951484431571,WinoGrande,0.5,validation,discovery
990,0.6988662881182909,0.022663667390862306,0.8953179124577018,56417,2850,0.050516688232270415,35818,1483,0.04140376347088056,2765,953,0.3446654611211573,WinoGrande,0.5,validation,discovery
991,1.1187447009936886,0.044697719030063254,0.9034406209171281,56457,2635,0.04667268894911172,35836,1358,0.03789485433642147,2775,921,0.3318918918918919,WinoGrande,0.5,validation,discovery
992,1.266282674572974,0.07120455477551807,0.9029167692046853,56483,2656,0.047022998070215816,35846,1520,0.042403615466160796,2786,997,0.3578607322325915,WinoGrande,0.5,validation,discovery
993,1.7288870845063586,0.03428198902976351,0.9072566987018941,56445,2519,0.044627513508725306,35820,1210,0.03378001116694584,2758,868,0.3147208121827411,WinoGrande,0.5,validation,discovery
994,0.847771193386359,0.06831962236536311,0.8912494187015727,56423,2967,0.052584938766106024,35814,1584,0.04422851398894287,2774,983,0.35436193222782986,WinoGrande,0.5,validation,discovery
995,1.101314161668038,0.036368242020699125,0.8885109060860191,56400,3042,0.053936170212765956,35802,1694,0.04731579241383163,2764,994,0.35962373371924744,WinoGrande,0.5,validation,discovery
996,0.718304999262733,0.0185152896848634,0.8902228193346943,56481,3015,0.05338078291814947,35853,1482,0.04133545310015898,2791,941,0.33715514152633463,WinoGrande,0.5,validation,discovery
997,0.5289180945576563,0.025821178369551348,0.9089915678649743,56385,2460,0.04362862463421122,35782,1393,0.03893018836286401,2748,1005,0.36572052401746724,WinoGrande,0.5,validation,discovery
998,1.3537712957252752,0.04289931960555106,0.9044669737096263,56412,2592,0.04594767070835992,35820,1224,0.034170854271356785,2765,811,0.2933092224231465,WinoGrande,0.5,validation,discovery
999,0.8339823329383097,0.026698738123070467,0.9023554402966434,56426,2655,0.047052777088576185,35830,1364,0.03806865754953949,2771,918,0.3312883435582822,WinoGrande,0.5,validation,discovery
