replicate,family_score_shift_range_points,family_percentile_shift_range,kendall_tau_b,all_eligible_pairs,all_flips,all_flip_rate,cross_family_eligible_pairs,cross_family_flips,cross_family_flip_rate,close_cross_family_eligible_pairs,close_cross_family_flips,close_cross_family_flip_rate,benchmark,anchor_fraction,audit_half,target_half
0,0.9172719370984982,0.035616778737606755,0.8922272060560537,55429,2893,0.05219289541575709,35077,1512,0.043105168629016165,2784,972,0.34913793103448276,WinoGrande,0.5,discovery,validation
1,1.470241371176979,0.08618076347305388,0.879252514948276,55459,3259,0.05876413206152293,35099,2035,0.057978859796575404,2824,1131,0.4004957507082153,WinoGrande,0.5,discovery,validation
2,1.7669341968491001,0.07747412783129394,0.9064965257333186,55470,2504,0.04514151793762394,35113,1469,0.041836356904850054,2812,991,0.35241820768136556,WinoGrande,0.5,discovery,validation
3,0.5705881030641494,0.0314772241231822,0.9088382443023384,55439,2435,0.04392214866790527,35098,1225,0.03490227363382529,2796,888,0.31759656652360513,WinoGrande,0.5,discovery,validation
4,1.4648467089541168,0.08642755472661233,0.8976582379931531,55466,2749,0.04956189377276169,35091,1707,0.04864495169701633,2806,1055,0.3759800427655025,WinoGrande,0.5,discovery,validation
5,0.647371159107741,0.04750079758515756,0.9073715230090261,55434,2471,0.044575531262402136,35089,1352,0.03853059363333238,2790,974,0.34910394265232975,WinoGrande,0.5,discovery,validation
6,1.368911694732589,0.08510560400937256,0.8957975849475742,55477,2808,0.05061557041656903,35118,1646,0.046870550714733186,2819,1044,0.3703440936502306,WinoGrande,0.5,discovery,validation
7,2.1385168146083178,0.07503895896731128,0.9023935380141772,55472,2621,0.04724906259013557,35125,1647,0.046889679715302494,2826,1057,0.3740268931351734,WinoGrande,0.5,discovery,validation
8,1.0623675882050838,0.055826693014541115,0.9061742188727384,55441,2506,0.04520120488447178,35087,1586,0.04520192663949611,2804,1054,0.37589158345221113,WinoGrande,0.5,discovery,validation
9,0.7438476016306931,0.0529199752668576,0.90542950183375,55456,2533,0.04567585112521639,35122,1482,0.042195774728090656,2816,1016,0.36079545454545453,WinoGrande,0.5,discovery,validation
10,2.8715660507156917,0.1297850727117194,0.8946342932878956,55461,2833,0.05108093975947062,35097,1645,0.04687010285779411,2801,1016,0.3627275972866833,WinoGrande,0.5,discovery,validation
11,1.450942742814397,0.06871582921114293,0.8998880095283837,55437,2682,0.048379241300936196,35080,1523,0.043415051311288484,2805,1006,0.3586452762923351,WinoGrande,0.5,discovery,validation
12,0.8385491890668142,0.03242030283694906,0.9054778667039003,55401,2511,0.04532409162289489,35058,1526,0.04352786810428433,2796,1001,0.35801144492131615,WinoGrande,0.5,discovery,validation
13,2.1521491160761443,0.1592440119760479,0.8758773699703305,55407,3342,0.06031728842925984,35081,2322,0.06618967532282433,2809,1188,0.4229263082947668,WinoGrande,0.5,discovery,validation
14,0.9192563328282697,0.02302448674080411,0.9019109567344085,55472,2630,0.047411306605134124,35095,1480,0.04217124946573586,2808,1003,0.3571937321937322,WinoGrande,0.5,discovery,validation
15,0.6672625979578105,0.025781326690880534,0.9038008357461416,55440,2570,0.04635642135642136,35082,1486,0.04235790433840716,2800,1014,0.36214285714285716,WinoGrande,0.5,discovery,validation
16,0.5723887849873383,0.04808562223379328,0.8925190028682076,55478,2901,0.05229099823353402,35113,1677,0.047760088855979266,2807,1069,0.3808336302101888,WinoGrande,0.5,discovery,validation
17,0.6430963252642599,0.05371582654363406,0.8979206347501439,55455,2743,0.049463528987467316,35089,1652,0.04708028156972271,2811,1064,0.3785129847029527,WinoGrande,0.5,discovery,validation
18,0.9698290372562172,0.06348851210622233,0.9197179097413519,55453,2135,0.03850107298072241,35093,1232,0.03510671643917591,2787,868,0.3114459992823825,WinoGrande,0.5,discovery,validation
19,1.6834615546672056,0.08412522780525904,0.9079513427681173,55470,2467,0.044474490715702183,35108,1395,0.03973453343967187,2810,968,0.34448398576512457,WinoGrande,0.5,discovery,validation
20,1.5486399279105216,0.06933008982035926,0.9047506584757707,55451,2554,0.046058682440352744,35106,1508,0.042955620121916484,2801,968,0.3455908604069975,WinoGrande,0.5,discovery,validation
21,0.9315994001558578,0.038547103938950326,0.9011620219635451,55471,2658,0.04791692956680067,35124,1537,0.04375925293246783,2822,1022,0.3621545003543586,WinoGrande,0.5,discovery,validation
22,0.7962457708344082,0.05098996589856637,0.8921945528638016,55454,2895,0.05220543152883471,35077,1795,0.05117313339225133,2806,1079,0.38453314326443333,WinoGrande,0.5,discovery,validation
23,0.8151470654539519,0.06533602876214784,0.9038604625264115,55427,2566,0.04629512692370145,35080,1549,0.04415621436716077,2784,1005,0.3609913793103448,WinoGrande,0.5,discovery,validation
24,1.0847144298659384,0.056105514381073904,0.9007260816765115,55465,2663,0.04801225998377355,35084,1674,0.04771405769011515,2805,1097,0.3910873440285205,WinoGrande,0.5,discovery,validation
25,1.2744454010229507,0.04742717433984489,0.9135567477544003,55470,2310,0.04164413196322336,35101,1324,0.0377197230848124,2792,914,0.32736389684813755,WinoGrande,0.5,discovery,validation
26,1.8106063146987614,0.11811644568006845,0.8717841272670905,55455,3472,0.06260932287440267,35114,1926,0.05484991741185852,2816,1056,0.375,WinoGrande,0.5,discovery,validation
27,1.1020810428909833,0.06632387399114814,0.8981366485355311,55449,2739,0.049396742952983824,35086,1503,0.042837599042353076,2802,968,0.3454675231977159,WinoGrande,0.5,discovery,validation
28,0.9284353790461661,0.03527727154386879,0.9205236370825445,55488,2120,0.03820645905420992,35107,1205,0.03432363916028142,2802,931,0.33226266952177014,WinoGrande,0.5,discovery,validation
29,1.2955261389516424,0.06800149700598802,0.9185425805294238,55469,2173,0.03917503470406894,35106,1217,0.03466643878539281,2794,886,0.31710808876163205,WinoGrande,0.5,discovery,validation
30,0.7286437898468688,0.03986714071856287,0.9177181789824734,55433,2182,0.039362834412714445,35080,1297,0.036972633979475485,2789,930,0.33345285048404444,WinoGrande,0.5,discovery,validation
31,1.3240125208146571,0.09593722391283008,0.8948046156238022,55449,2824,0.050929683132247654,35088,1780,0.0507295941632467,2806,1109,0.39522451888809695,WinoGrande,0.5,discovery,validation
32,0.7400920066647345,0.02033815476673169,0.9160583146281978,55444,2234,0.040292908159584445,35099,1270,0.03618336704749423,2797,917,0.32785126921701824,WinoGrande,0.5,discovery,validation
33,1.2882082163587907,0.04766493798118049,0.8896308189370127,55435,2964,0.05346802561558582,35104,1693,0.04822812215132179,2816,1037,0.3682528409090909,WinoGrande,0.5,discovery,validation
34,1.1450819487876298,0.08464633233532935,0.8947064628787019,55467,2839,0.051183586637099536,35133,1617,0.04602510460251046,2833,1062,0.3748676314860572,WinoGrande,0.5,discovery,validation
35,1.4748338348614458,0.08844299106704624,0.8941949032548371,55435,2838,0.05119509335257509,35080,1771,0.05048460661345496,2805,1085,0.3868092691622103,WinoGrande,0.5,discovery,validation
36,0.7354504061223056,0.053182058015117314,0.915175958240196,55475,2268,0.040883280757097795,35111,1341,0.03819315883911025,2807,1007,0.358745992162451,WinoGrande,0.5,discovery,validation
37,0.690562939509735,0.027343366545597336,0.9052684125274157,55429,2528,0.045607894784318675,35078,1377,0.03925537373852557,2802,931,0.33226266952177014,WinoGrande,0.5,discovery,validation
38,1.2197229945715673,0.06792511288897617,0.9088902966643382,55418,2426,0.043776390342488,35079,1481,0.04221899141936771,2782,954,0.34291876347951117,WinoGrande,0.5,discovery,validation
39,1.1188014350401196,0.036542404321791205,0.9098594957988974,55477,2416,0.04354957910485426,35108,1343,0.03825338954084539,2806,935,0.3332145402708482,WinoGrande,0.5,discovery,validation
40,0.4952335321939393,0.01668946942181211,0.921671029340213,55464,2083,0.03755589211019761,35097,1174,0.033450152434681024,2796,924,0.33047210300429186,WinoGrande,0.5,discovery,validation
41,1.4855514728445391,0.06395690761334473,0.904696829902563,55460,2552,0.04601514605120808,35096,1446,0.041201276498746296,2804,973,0.3470042796005706,WinoGrande,0.5,discovery,validation
42,1.1217190295633794,0.036149013448512804,0.9013809666325798,55453,2645,0.047698050601410205,35116,1506,0.04288643353457114,2815,1002,0.3559502664298401,WinoGrande,0.5,discovery,validation
43,0.9481775698600304,0.06564585991950525,0.9097224901302594,55413,2403,0.04336527529641059,35070,1387,0.03954947248360422,2789,988,0.35424883470778057,WinoGrande,0.5,discovery,validation
44,1.1996447922996816,0.0571396608956001,0.8877602466992605,55420,3008,0.05427643450018044,35079,1991,0.05675760426465977,2823,1118,0.39603258944385406,WinoGrande,0.5,discovery,validation
45,0.7966671537166774,0.04433659854204636,0.910700987340846,55478,2392,0.043116190201521326,35119,1334,0.037985136251032205,2816,972,0.34517045454545453,WinoGrande,0.5,discovery,validation
46,0.8674789588539811,0.0180454308773757,0.9153304079036886,55421,2248,0.04056224174951733,35080,1231,0.03509122006841505,2788,934,0.3350071736011478,WinoGrande,0.5,discovery,validation
47,1.7163684512533786,0.10369207237698513,0.8958354449373792,55444,2798,0.05046533439145805,35098,1553,0.04424753547210667,2799,1029,0.36763129689174706,WinoGrande,0.5,discovery,validation
48,2.025210304416895,0.10188997005988024,0.8949251457515658,55464,2828,0.05098802827058993,35100,1601,0.045612535612535615,2802,1023,0.36509635974304067,WinoGrande,0.5,discovery,validation
49,0.5165844330346556,0.02279150937255922,0.9060270688975879,55475,2523,0.0454799459215863,35107,1376,0.039194462642777796,2808,977,0.34793447293447294,WinoGrande,0.5,discovery,validation
50,1.2093684938224847,0.03728277141369433,0.8938288783682435,55465,2858,0.051527990624718294,35113,1626,0.04630763534873124,2816,1064,0.3778409090909091,WinoGrande,0.5,discovery,validation
51,1.2118774182867078,0.10450159463681333,0.9023980906229816,55472,2624,0.04730314392846842,35118,1531,0.043595876758357535,2812,977,0.34743954480796585,WinoGrande,0.5,discovery,validation
52,0.9791674992257212,0.06405314371257485,0.8878879052333472,55420,3007,0.05425839047275352,35070,1933,0.055118334759053325,2811,1108,0.3941657773034507,WinoGrande,0.5,discovery,validation
53,0.9673682778294899,0.03998631834691273,0.8894852693232574,55428,2965,0.05349281951360323,35065,1741,0.04965064879509482,2799,994,0.3551268310110754,WinoGrande,0.5,discovery,validation
54,1.296715929185857,0.07392402694610778,0.8983798205553544,55445,2723,0.04911173234737127,35083,1697,0.04837100590029359,2808,1080,0.38461538461538464,WinoGrande,0.5,discovery,validation
55,2.0796534223172465,0.1526946107784431,0.8991055228492272,55487,2719,0.049002469046803755,35115,1643,0.04678912145806635,2816,985,0.3497869318181818,WinoGrande,0.5,discovery,validation
56,0.5415239003370885,0.03196782664179836,0.9172702818712404,55446,2200,0.03967824550012625,35090,1244,0.03545169563978341,2796,907,0.32439198855507867,WinoGrande,0.5,discovery,validation
57,1.3397317280643277,0.06511976047904192,0.9112817186969137,55460,2368,0.0426974395961053,35096,1399,0.039862092546159106,2804,1001,0.3569900142653352,WinoGrande,0.5,discovery,validation
58,0.996661731638754,0.0766556027289683,0.9010427759604578,55457,2657,0.04791099410353968,35103,1657,0.04720394268296157,2811,1107,0.39381003201707576,WinoGrande,0.5,discovery,validation
59,1.831005045742243,0.09516279940119762,0.9092805315811029,55471,2432,0.043842728632979396,35107,1421,0.04047625829606631,2799,970,0.34655234012147196,WinoGrande,0.5,discovery,validation
60,0.3845411539007868,0.024784805389221568,0.9253461781350935,55458,1981,0.03572072559414331,35088,1112,0.03169174646602827,2783,870,0.31261228889687387,WinoGrande,0.5,discovery,validation
61,0.38134242923147915,0.029895372298880514,0.9188505086885277,55476,2167,0.03906193669334487,35110,1208,0.034406152093420676,2804,904,0.3223965763195435,WinoGrande,0.5,discovery,validation
62,0.7465138166846402,0.031009190635123193,0.8964824538785984,55495,2796,0.05038291737994414,35142,1538,0.04376529508849809,2828,1040,0.36775106082036774,WinoGrande,0.5,discovery,validation
63,0.35786594243750885,0.0373315868263473,0.9048654697915509,55425,2535,0.04573748308525034,35069,1574,0.04488294505118481,2799,1077,0.38478027867095393,WinoGrande,0.5,discovery,validation
64,0.5061025389245115,0.036070521999479306,0.9058746401881301,55451,2519,0.04542749454473319,35110,1430,0.04072913699800627,2812,949,0.33748221906116643,WinoGrande,0.5,discovery,validation
65,1.6600756948212052,0.07215324785212185,0.8949285334098673,55481,2832,0.05104450172131,35121,1584,0.04510122149141539,2820,1052,0.3730496453900709,WinoGrande,0.5,discovery,validation
66,1.32707742513748,0.05142154216157849,0.8876108672306647,55426,3014,0.05437881138815718,35069,1923,0.05483475434144116,2806,1043,0.37170349251603707,WinoGrande,0.5,discovery,validation
67,0.8965491133058896,0.022427481103367036,0.9113765372999364,55448,2365,0.042652575385947196,35091,1288,0.03670456812288051,2792,867,0.3105300859598854,WinoGrande,0.5,discovery,validation
68,2.6896548709699983,0.15403296667534497,0.9007099271710183,55450,2660,0.04797114517583408,35085,1721,0.049052301553370384,2783,979,0.35177865612648224,WinoGrande,0.5,discovery,validation
69,0.6094925469313559,0.021538173652694614,0.9131136023943218,55455,2321,0.04185375529708773,35110,1246,0.03548846482483623,2802,900,0.32119914346895073,WinoGrande,0.5,discovery,validation
70,0.6692748957755054,0.04766418250455612,0.9217553109522434,55470,2081,0.03751577429241031,35098,1214,0.03458886546241951,2794,839,0.30028632784538295,WinoGrande,0.5,discovery,validation
71,1.6674671127280203,0.08174327574359479,0.8968928753959211,55435,2766,0.04989627491656896,35091,1526,0.04348693397167365,2800,998,0.35642857142857143,WinoGrande,0.5,discovery,validation
72,0.7981337601931837,0.06107214917990108,0.9185316369999785,55440,2161,0.03897907647907648,35093,1255,0.03576211780127091,2793,919,0.32903687790905833,WinoGrande,0.5,discovery,validation
73,1.6426999676015595,0.1085997647562019,0.8924241460512411,55442,2890,0.05212654666137585,35091,1650,0.04702060357356587,2798,978,0.34953538241601145,WinoGrande,0.5,discovery,validation
74,0.7530754010011907,0.04730620281176776,0.9062176048883357,55469,2514,0.045322612630478286,35101,1442,0.04108145067092105,2799,974,0.34798142193640585,WinoGrande,0.5,discovery,validation
75,0.5848126815831742,0.009783422285863066,0.9057520509938575,55451,2519,0.04542749454473319,35108,1369,0.03899396149025863,2812,953,0.33890469416785207,WinoGrande,0.5,discovery,validation
76,1.8775704355818652,0.08362893777662068,0.8983956407260149,55467,2733,0.04927254042944453,35099,1512,0.043078150374654546,2797,976,0.34894529853414374,WinoGrande,0.5,discovery,validation
77,1.2849776142613625,0.034698460222412304,0.9214227089035797,55469,2092,0.03771475959544971,35095,1142,0.032540247898561046,2797,874,0.3124776546299607,WinoGrande,0.5,discovery,validation
78,1.2311542069154338,0.021082323058800423,0.9185719457671309,55447,2164,0.039028261222428626,35093,1173,0.03342546946684524,2795,868,0.3105545617173524,WinoGrande,0.5,discovery,validation
79,1.4447352896232752,0.08112207961126926,0.8857933076456327,55464,3085,0.05562166450310111,35119,1723,0.04906176143967653,2821,1070,0.3792981212336051,WinoGrande,0.5,discovery,validation
80,0.46450863197226666,0.04943340777461471,0.9066285411608673,55466,2505,0.0451628024375293,35105,1381,0.03933912548070075,2800,968,0.3457142857142857,WinoGrande,0.5,discovery,validation
81,0.5206232686851421,0.016199743370402035,0.9045360430811089,55435,2553,0.04605393704338415,35080,1365,0.03891106043329533,2789,944,0.3384725708139118,WinoGrande,0.5,discovery,validation
82,0.4648725509225096,0.043010853293413184,0.9148253015452822,55437,2268,0.040911304724281616,35101,1280,0.03646619754422951,2790,954,0.3419354838709677,WinoGrande,0.5,discovery,validation
83,0.7737090220380761,0.0690306886227545,0.901146864128579,55441,2647,0.04774444905394924,35110,1489,0.042409569923098835,2804,994,0.3544935805991441,WinoGrande,0.5,discovery,validation
84,0.987037412349373,0.035540526090675796,0.8753154301129709,55458,3373,0.06082080132713044,35103,1920,0.05469617981369114,2807,1082,0.3854649091556822,WinoGrande,0.5,discovery,validation
85,0.9794345591152924,0.037510576672741464,0.8962797558953657,55450,2787,0.050261496844003606,35100,1405,0.04002849002849003,2813,970,0.3448275862068966,WinoGrande,0.5,discovery,validation
86,1.6970748453937805,0.1200879491017964,0.8877631388021949,55470,3029,0.05460609338381107,35108,1782,0.050757662071322776,2815,1035,0.36767317939609234,WinoGrande,0.5,discovery,validation
87,1.2248140479354248,0.0559318862275449,0.9086605497046548,55446,2437,0.04395267467445803,35096,1387,0.039520173239115566,2790,938,0.33620071684587816,WinoGrande,0.5,discovery,validation
88,1.2037593094628085,0.05618247201249674,0.8992627458344034,55446,2702,0.0487320997006096,35093,1509,0.0430000284957114,2798,998,0.3566833452466047,WinoGrande,0.5,discovery,validation
89,0.7552336381513033,0.03504133038271284,0.9275682853075399,55459,1919,0.0346021385167421,35097,1154,0.03288030315981423,2795,890,0.3184257602862254,WinoGrande,0.5,discovery,validation
90,1.7593054220444528,0.10458028614901345,0.8904821315161489,55446,2945,0.05311474227175991,35082,1790,0.051023316800638506,2803,1058,0.37745272921869427,WinoGrande,0.5,discovery,validation
91,0.8212567230508397,0.0646626828310592,0.9066566249613415,55475,2502,0.045101397025687245,35109,1535,0.04372098322367484,2817,1061,0.3766418175363862,WinoGrande,0.5,discovery,validation
92,0.9769544300381396,0.041896228035731814,0.9096115220476086,55420,2404,0.04337784193431974,35094,1389,0.03957941528466404,2806,963,0.34319315751960083,WinoGrande,0.5,discovery,validation
93,0.785325547861607,0.05590381736526946,0.9024286739827856,55467,2617,0.04718120684370887,35096,1546,0.04405060405744245,2805,967,0.3447415329768271,WinoGrande,0.5,discovery,validation
94,0.8311600568614033,0.03037986526946107,0.8964605075364138,55465,2788,0.05026593347155864,35098,1524,0.04342127756567326,2805,1028,0.3664884135472371,WinoGrande,0.5,discovery,validation
95,0.7003597895175278,0.027703967065868265,0.913491260989007,55480,2317,0.04176279740447008,35114,1223,0.034829412769835394,2811,927,0.3297758804695838,WinoGrande,0.5,discovery,validation
96,1.7728988475144327,0.11915462108569747,0.8804782868657309,55458,3229,0.058224241768545563,35105,2036,0.05799743626264065,2818,1073,0.3807665010645848,WinoGrande,0.5,discovery,validation
97,0.403174155178537,0.020227073027857333,0.9003395585007327,55484,2680,0.04830221325066686,35113,1502,0.04277617976248113,2812,1023,0.3637980085348506,WinoGrande,0.5,discovery,validation
98,2.203482011729089,0.14091789247591774,0.908719448177678,55467,2446,0.04409829267852958,35112,1523,0.04337548416495785,2809,943,0.3357066571733713,WinoGrande,0.5,discovery,validation
99,1.7307902479733657,0.05964633233532934,0.8935376900316944,55418,2852,0.051463423436428596,35069,1911,0.05449257178704839,2813,1140,0.40526128688233204,WinoGrande,0.5,discovery,validation
100,0.7027932772521553,0.05034618263473053,0.900703646812906,55453,2666,0.04807674967990911,35096,1413,0.040260998404376566,2800,968,0.3457142857142857,WinoGrande,0.5,discovery,validation
101,0.7609922771822188,0.02549404265240012,0.9087471850417469,55477,2447,0.044108369234097014,35094,1386,0.03949393058642503,2800,975,0.3482142857142857,WinoGrande,0.5,discovery,validation
102,0.8510366609053559,0.0768313915646967,0.8989283652601435,55465,2717,0.04898584693049671,35103,1634,0.046548728028943394,2809,1023,0.364186543253827,WinoGrande,0.5,discovery,validation
103,0.5885442687369079,0.015550149700598807,0.9077615280488457,55434,2461,0.044395136558790634,35095,1345,0.038324547656361306,2799,953,0.34047874240800285,WinoGrande,0.5,discovery,validation
104,0.7411633966125812,0.05048714047315205,0.9126156914101063,55471,2338,0.042148149483513905,35107,1398,0.03982111829549662,2805,955,0.3404634581105169,WinoGrande,0.5,discovery,validation
105,1.2466977139831357,0.03462233142410829,0.9131778625977387,55438,2316,0.04177639885998773,35088,1278,0.03642270861833105,2790,971,0.3480286738351254,WinoGrande,0.5,discovery,validation
106,0.9403999157832413,0.06691616766467065,0.9048951895944454,55471,2551,0.04598799372645166,35112,1441,0.041040100250626564,2808,993,0.35363247863247865,WinoGrande,0.5,discovery,validation
107,1.1556886024568547,0.02913873340275968,0.9134494560063386,55458,2311,0.041671174582566986,35101,1247,0.03552605338879234,2796,912,0.3261802575107296,WinoGrande,0.5,discovery,validation
108,1.1796746417136386,0.09246926229508197,0.9064355954548695,55454,2506,0.045190608432214084,35087,1431,0.040784336078889614,2784,962,0.34554597701149425,WinoGrande,0.5,discovery,validation
109,1.05277092304157,0.035604741603749025,0.9040740902253719,55425,2561,0.04620658547586829,35082,1462,0.041673792828231,2802,982,0.35046395431834404,WinoGrande,0.5,discovery,validation
110,0.7801123175587209,0.025997008122031064,0.8970172867915913,55459,2769,0.049928776213058294,35115,1399,0.03984052399259576,2805,917,0.3269162210338681,WinoGrande,0.5,discovery,validation
111,0.9071183364688238,0.055482784431137744,0.8979830250362641,55392,2720,0.049104563835932986,35069,1520,0.04334312355641735,2786,982,0.35247666905958364,WinoGrande,0.5,discovery,validation
112,0.61975712996749,0.03361714071856287,0.9096670207132797,55461,2419,0.043616234831683524,35106,1344,0.038284054007861903,2806,971,0.3460441910192445,WinoGrande,0.5,discovery,validation
113,1.1818929991686482,0.04746705359772259,0.8768426871179744,55466,3330,0.0600367792882126,35111,1845,0.052547634644413435,2808,1028,0.3660968660968661,WinoGrande,0.5,discovery,validation
114,0.879268346011982,0.0421875,0.9044011064670646,55439,2556,0.04610472771875394,35091,1374,0.03915533897580576,2798,918,0.3280914939242316,WinoGrande,0.5,discovery,validation
115,1.015554175920743,0.06966415529596545,0.8757942555282492,55448,3348,0.06038089741740009,35081,2263,0.06450785325389811,2821,1173,0.41580999645515776,WinoGrande,0.5,discovery,validation
116,1.9758767203643501,0.07986526946107783,0.8974810250570434,55386,2735,0.04938070992669628,35066,1632,0.046540808760622825,2784,1055,0.37895114942528735,WinoGrande,0.5,discovery,validation
117,0.4321543464577933,0.025921797708929967,0.8995284886993792,55462,2702,0.04871804118134939,35107,1424,0.04056171133961888,2801,961,0.34309175294537664,WinoGrande,0.5,discovery,validation
118,1.8369023365646973,0.14354538873073527,0.890633502219769,55462,2942,0.053045328332912624,35089,1986,0.05659893413890393,2806,1127,0.4016393442622951,WinoGrande,0.5,discovery,validation
119,0.9495677948079758,0.03674347733105218,0.9086508692494192,55461,2446,0.04410306341393051,35104,1349,0.03842866909753874,2809,946,0.3367746529013884,WinoGrande,0.5,discovery,validation
120,1.0403001838724757,0.08371070359281439,0.8986054227690314,55463,2725,0.04913185366821124,35107,1512,0.043068333950494204,2803,1026,0.3660363895825901,WinoGrande,0.5,discovery,validation
121,0.6120776427922053,0.04244011976047906,0.9071440516570037,55473,2492,0.04492275521424837,35116,1342,0.03821619774461784,2808,961,0.3422364672364672,WinoGrande,0.5,discovery,validation
122,0.9881465974348776,0.03395718808285069,0.9066650839633055,55490,2509,0.045215354117859076,35126,1468,0.04179240448670501,2825,977,0.34584070796460176,WinoGrande,0.5,discovery,validation
123,1.130121703443433,0.05058975287130657,0.8950604886623721,55393,2803,0.050602061632336215,35069,1714,0.048875074852433774,2801,1060,0.3784362727597287,WinoGrande,0.5,discovery,validation
124,0.7256543340159464,0.030355184143473574,0.9104807723070631,55493,2402,0.04328473861568126,35119,1306,0.03718784703436886,2815,924,0.3282415630550622,WinoGrande,0.5,discovery,validation
125,0.9218417504039736,0.026621814918173003,0.9029863344446899,55443,2601,0.04691304583085331,35096,1389,0.039577159790289494,2800,914,0.3264285714285714,WinoGrande,0.5,discovery,validation
126,0.767492174900292,0.06040327132620006,0.8799946273166341,55461,3237,0.05836533780494402,35095,2020,0.05755805670323408,2822,1124,0.3982990786676116,WinoGrande,0.5,discovery,validation
127,2.0089699731423694,0.06957068006843456,0.9016311924653367,55469,2642,0.04763020786385188,35098,1572,0.04478887685908029,2810,1033,0.3676156583629893,WinoGrande,0.5,discovery,validation
128,1.575005531740727,0.0709340248075278,0.8991070201508071,55477,2718,0.04899327649296105,35111,1511,0.04303494631312124,2800,984,0.3514285714285714,WinoGrande,0.5,discovery,validation
129,0.7217861515661422,0.016262506043812994,0.917000415756568,55461,2210,0.03984782099132724,35107,1220,0.03475090437804426,2800,878,0.31357142857142856,WinoGrande,0.5,discovery,validation
130,1.5438265364031156,0.06308008982035929,0.90598664426284,55436,2507,0.04522332058590086,35067,1482,0.042261955684831896,2790,977,0.35017921146953407,WinoGrande,0.5,discovery,validation
131,1.6324613191698933,0.10987195690586041,0.890075644411812,55410,2949,0.05322144017325393,35080,1817,0.05179589509692132,2809,1064,0.3787824848700605,WinoGrande,0.5,discovery,validation
132,0.9262444372919936,0.021485183588631704,0.9032838074952303,55415,2578,0.04652169990074889,35076,1487,0.04239365948226708,2793,1014,0.36305048335123524,WinoGrande,0.5,discovery,validation
133,0.9154954642182787,0.09665980538922157,0.8880979172646107,55464,3017,0.05439564402134718,35106,1796,0.05115934598074403,2813,1101,0.3913970849626733,WinoGrande,0.5,discovery,validation
134,0.9205194292259022,0.03704936438598212,0.9256101192429816,55440,1967,0.03547979797979798,35091,1077,0.030691630332563904,2781,822,0.29557713052858686,WinoGrande,0.5,discovery,validation
135,0.6256681286403643,0.03788222734858153,0.9115245701762593,55472,2366,0.042652148831843095,35090,1368,0.038985465944713596,2795,960,0.3434704830053667,WinoGrande,0.5,discovery,validation
136,0.9489555860590613,0.06293100274860117,0.9062588663284511,55433,2506,0.045207728248516224,35079,1438,0.04099318680692152,2786,967,0.34709260588657576,WinoGrande,0.5,discovery,validation
137,0.6057348808465269,0.06646706586826348,0.882390585922565,55432,3172,0.05722326454033771,35097,1743,0.049662364304641424,2806,1054,0.37562366357804705,WinoGrande,0.5,discovery,validation
138,1.034331821406092,0.10005532413434004,0.9048416054658645,55443,2546,0.045921036018974445,35102,1555,0.044299470115662924,2798,950,0.33952823445318087,WinoGrande,0.5,discovery,validation
139,1.278535961555755,0.07387724550898205,0.8950714345314758,55456,2824,0.050923254472013846,35106,1542,0.043924115535805844,2803,1004,0.3581876560827685,WinoGrande,0.5,discovery,validation
140,0.4607143927575951,0.030788320899185245,0.9109424506014698,55463,2382,0.04294755061933181,35101,1372,0.039087205492721,2800,980,0.35,WinoGrande,0.5,discovery,validation
141,0.9970339776630674,0.051141467065868265,0.9004488204243689,55428,2663,0.04804430973515191,35082,1611,0.04592098512057465,2799,984,0.3515541264737406,WinoGrande,0.5,discovery,validation
142,1.0148143748053415,0.0554421049205936,0.9096963848442255,55465,2419,0.043613089335617056,35107,1421,0.04047625829606631,2805,1001,0.3568627450980392,WinoGrande,0.5,discovery,validation
143,0.8048673983780584,0.019621471343028225,0.9153061992807734,55447,2255,0.04066946814074702,35096,1208,0.03441987690904946,2795,885,0.31663685152057247,WinoGrande,0.5,discovery,validation
144,0.8413737723916764,0.06845581378227153,0.8902369220061144,55445,2954,0.053278023266299934,35101,1644,0.04683627247086978,2804,1031,0.36768901569186874,WinoGrande,0.5,discovery,validation
145,0.7259240753924938,0.04977138115074199,0.9093847908164986,55450,2421,0.0436609558160505,35096,1307,0.03724071119215865,2792,900,0.3223495702005731,WinoGrande,0.5,discovery,validation
146,0.8165924425647162,0.05211452095808384,0.8942540867002605,55453,2842,0.05125060862351902,35088,1587,0.04522913816689467,2804,1001,0.3569900142653352,WinoGrande,0.5,discovery,validation
147,0.452784267773826,0.022745134730538935,0.9208924082486091,55452,2101,0.037888624395873906,35104,1204,0.03429808568824066,2794,907,0.32462419470293485,WinoGrande,0.5,discovery,validation
148,0.7115308229185399,0.01757354855506378,0.9159105195833313,55464,2245,0.040476705610846674,35105,1234,0.03515168779376157,2799,923,0.32976062879599854,WinoGrande,0.5,discovery,validation
149,0.3365370205708682,0.056096311475409825,0.9114319699878813,55446,2362,0.04260000721422645,35090,1383,0.03941293815901967,2804,941,0.3355920114122682,WinoGrande,0.5,discovery,validation
150,0.5335657937903922,0.02833618477331052,0.9110760911899095,55475,2382,0.042938260477692655,35111,1347,0.03836404545584005,2815,926,0.3289520426287744,WinoGrande,0.5,discovery,validation
151,0.4099600415092201,0.005219181202811774,0.9107795580114855,55440,2379,0.042911255411255414,35097,1282,0.036527338518961734,2794,932,0.33357193987115247,WinoGrande,0.5,discovery,validation
152,1.8645784420488913,0.12838046732621713,0.8855869566675638,55482,3094,0.05576583396416856,35104,1854,0.052814494074749314,2805,1088,0.3878787878787879,WinoGrande,0.5,discovery,validation
153,1.2177696481402744,0.06143012887268939,0.8938062057699235,55435,2853,0.05146568052674303,35098,1505,0.04287993617869964,2800,1010,0.3607142857142857,WinoGrande,0.5,discovery,validation
154,0.8812144284269975,0.07693675149700598,0.9008525652940415,55473,2665,0.04804138950480414,35116,1600,0.045563275999544364,2816,1062,0.3771306818181818,WinoGrande,0.5,discovery,validation
155,1.1729864791317848,0.09449390154117995,0.8903567442537025,55423,2945,0.053136784367500856,35063,1694,0.04831303653423837,2800,1021,0.36464285714285716,WinoGrande,0.5,discovery,validation
156,0.39478909614059593,0.015993773576967844,0.9219572661919886,55420,2066,0.03727896066402021,35080,1152,0.03283922462941847,2785,874,0.31382405745062836,WinoGrande,0.5,discovery,validation
157,0.42836893246657587,0.04213990497266337,0.9106717216808742,55465,2390,0.04309023708645091,35108,1313,0.037398883445368576,2814,929,0.330135039090263,WinoGrande,0.5,discovery,validation
158,0.7454763498517814,0.043768712574850314,0.9099100409221658,55466,2414,0.043522157718241805,35117,1321,0.037617108522937606,2818,946,0.3356990773598297,WinoGrande,0.5,discovery,validation
159,1.07034619294739,0.030689156256268637,0.9117075099542987,55455,2357,0.04250293030384997,35100,1383,0.0394017094017094,2804,975,0.34771754636233954,WinoGrande,0.5,discovery,validation
160,0.9669090425875412,0.04495619416903897,0.9159792402084305,55458,2241,0.04040895813047712,35098,1306,0.03721009744144965,2804,935,0.3334522111269615,WinoGrande,0.5,discovery,validation
161,1.3550567614975206,0.05322040345538431,0.9110500952041998,55464,2378,0.04287465743545363,35089,1446,0.04120949585340135,2802,967,0.3451106352605282,WinoGrande,0.5,discovery,validation
162,1.0003086651865654,0.025621118012422367,0.9137084555824112,55472,2305,0.041552494952408425,35110,1223,0.03483338080318998,2806,932,0.3321454027084818,WinoGrande,0.5,discovery,validation
163,1.3053797468354416,0.07749853553762043,0.9014266081091558,55477,2651,0.047785568794275105,35110,1477,0.0420677869552834,2816,986,0.35014204545454547,WinoGrande,0.5,discovery,validation
164,0.9686259635681649,0.04797102224123181,0.9056517132397429,55423,2513,0.04534218645688613,35097,1428,0.04068723822548936,2797,943,0.3371469431533786,WinoGrande,0.5,discovery,validation
165,1.4411176060596202,0.05856088962488422,0.8824756613122496,55452,3169,0.057148524850321,35091,1995,0.05685218432076601,2829,1127,0.3983739837398374,WinoGrande,0.5,discovery,validation
166,0.848257316347971,0.034541379198125485,0.9082317336167162,55462,2456,0.04428257185099708,35108,1373,0.03910789563632221,2817,983,0.34895278665246715,WinoGrande,0.5,discovery,validation
167,0.9377707303636191,0.032078699743370395,0.9117856666561872,55463,2358,0.04251482970629068,35108,1275,0.03631650905776461,2798,930,0.33238027162258754,WinoGrande,0.5,discovery,validation
168,1.0433816018316062,0.0735680278786689,0.9041533473449807,55441,2564,0.04624736206056889,35087,1510,0.043035882235585826,2790,968,0.34695340501792116,WinoGrande,0.5,discovery,validation
169,1.6069586534522882,0.11026384730538923,0.8989521438065361,55484,2723,0.04907721144834547,35128,1695,0.04825210658164427,2818,1096,0.38892831795599714,WinoGrande,0.5,discovery,validation
170,0.7194628870926428,0.018516246196132326,0.9152477702062419,55439,2255,0.04067533685672541,35101,1212,0.03452893079969232,2798,923,0.3298784846318799,WinoGrande,0.5,discovery,validation
171,0.688427619456761,0.03031437125748503,0.907481928232841,55409,2463,0.04445126243029111,35074,1401,0.039944118150196724,2777,976,0.3514584083543392,WinoGrande,0.5,discovery,validation
172,1.0835904751438288,0.05562502934259776,0.90345130687378,55462,2591,0.0467166708737514,35094,1577,0.044936456374309,2802,1031,0.36795146324054245,WinoGrande,0.5,discovery,validation
173,0.2758590760592631,0.021706586826347324,0.9098317496112801,55454,2408,0.043423377934864935,35109,1282,0.03651485374120596,2812,929,0.33036984352773824,WinoGrande,0.5,discovery,validation
174,1.8676638878017366,0.14285423717781828,0.9019028754932802,55480,2639,0.04756669069935112,35113,1555,0.04428559223079771,2816,977,0.3469460227272727,WinoGrande,0.5,discovery,validation
175,1.431081594117468,0.060348053892215564,0.9044732986945484,55484,2564,0.04621152043832456,35106,1472,0.04193015438956304,2807,1018,0.3626647666547916,WinoGrande,0.5,discovery,validation
176,1.184969407022904,0.02855701640197865,0.9196830208042474,55481,2142,0.03860781168327896,35110,1156,0.03292509256622045,2800,865,0.30892857142857144,WinoGrande,0.5,discovery,validation
177,1.6826137406497692,0.07755426646706587,0.8883072590643555,55471,3013,0.05431666997169692,35119,1675,0.04769497992539651,2816,1033,0.36683238636363635,WinoGrande,0.5,discovery,validation
178,0.31710197016774194,0.018627147878156718,0.9121281328328498,55469,2350,0.042366006237718364,35108,1217,0.03466446393984277,2806,919,0.32751247327156097,WinoGrande,0.5,discovery,validation
179,0.8885524505687987,0.03220393452225982,0.8998539247464418,55432,2685,0.04843772550151537,35091,1409,0.04015274571827534,2799,980,0.35012504465880673,WinoGrande,0.5,discovery,validation
180,0.895169630518744,0.04696702905664083,0.9084453696233195,55462,2451,0.04419242003533951,35093,1426,0.040634884449890295,2806,980,0.34925160370634356,WinoGrande,0.5,discovery,validation
181,0.8829730315092676,0.04487275449101796,0.9152815829157095,55453,2254,0.040647034425549566,35085,1381,0.039361550520165316,2798,957,0.3420300214438885,WinoGrande,0.5,discovery,validation
182,1.5483697986959108,0.07395476903336184,0.898811201717793,55475,2719,0.049013068949977465,35106,1525,0.04343986782886116,2801,964,0.344162799000357,WinoGrande,0.5,discovery,validation
183,1.1158564499301347,0.04056886227544911,0.8990312978350242,55446,2708,0.04884031309742813,35089,1427,0.04066801561742996,2794,945,0.3382247673586256,WinoGrande,0.5,discovery,validation
184,0.8002245411767047,0.06947043413173652,0.9153471463756774,55475,2264,0.04081117620549797,35109,1307,0.0372269218718847,2810,949,0.3377224199288256,WinoGrande,0.5,discovery,validation
185,1.4460269747729484,0.0831119011976048,0.8803800277659043,55474,3236,0.05833363377438079,35127,1957,0.05571213027016255,2828,1125,0.3978076379066478,WinoGrande,0.5,discovery,validation
186,1.6901020926416659,0.06147080838323355,0.8923236218482056,55474,2905,0.05236687457187151,35117,1570,0.04470769143150041,2820,1046,0.3709219858156028,WinoGrande,0.5,discovery,validation
187,1.9320279422745505,0.09903706930401492,0.9030075856954349,55413,2588,0.04670384205872268,35068,1634,0.046595186494810086,2781,955,0.3434016540812657,WinoGrande,0.5,discovery,validation
188,0.8287930811302062,0.03136390262952356,0.9153656164462208,55467,2260,0.040744947446229286,35105,1255,0.03574989317761003,2800,894,0.3192857142857143,WinoGrande,0.5,discovery,validation
189,1.1115144282277116,0.047918138877524455,0.8913253371021697,55460,2923,0.05270465200144248,35082,1665,0.04746023601847101,2808,987,0.35149572649572647,WinoGrande,0.5,discovery,validation
190,0.5548657683137302,0.03990913397723441,0.903443694049098,55453,2587,0.04665211981317512,35089,1461,0.04163698025022087,2795,962,0.34418604651162793,WinoGrande,0.5,discovery,validation
191,1.026139440320501,0.04757003849443968,0.8918540211053375,55442,2906,0.05241513653908589,35089,1555,0.044315882470289836,2801,1027,0.3666547661549447,WinoGrande,0.5,discovery,validation
192,1.0562052291369008,0.025701314761780805,0.9205960231341185,55470,2112,0.03807463493780422,35105,1209,0.03443953852727532,2804,895,0.31918687589158345,WinoGrande,0.5,discovery,validation
193,2.4205747583318984,0.10688622754491017,0.888809316196522,55433,2984,0.0538307506359028,35074,1887,0.05380053600957974,2808,1104,0.39316239316239315,WinoGrande,0.5,discovery,validation
194,0.9295074842691384,0.061049008540296434,0.909047150453848,55448,2430,0.04382484489972587,35098,1398,0.0398313294204798,2800,990,0.3535714285714286,WinoGrande,0.5,discovery,validation
195,1.1632799763199118,0.07407372754491019,0.908442056205102,55457,2452,0.04421443641019168,35098,1452,0.04136987862556271,2803,983,0.3506956831965751,WinoGrande,0.5,discovery,validation
196,1.4962120064405693,0.045912639007698874,0.9086948970449605,55459,2440,0.043996465857660615,35098,1363,0.03883412160237051,2806,985,0.3510334996436208,WinoGrande,0.5,discovery,validation
197,1.3332382134614826,0.10698304478000521,0.9037021519702964,55513,2598,0.04679984868409202,35129,1548,0.04406615616726921,2816,983,0.34907670454545453,WinoGrande,0.5,discovery,validation
198,0.5321615446814796,0.05228293413173654,0.9009449535997484,55486,2665,0.04803013372742674,35119,1577,0.0449044676670748,2818,1065,0.3779276082327892,WinoGrande,0.5,discovery,validation
199,0.964041965562192,0.0673299916560322,0.8944113703156963,55456,2838,0.05117570686670513,35102,1813,0.05164947866218449,2819,1075,0.3813409010287336,WinoGrande,0.5,discovery,validation
200,0.840772099804327,0.042150074850299396,0.9143047204889322,55487,2289,0.04125290608611026,35105,1422,0.04050705027773822,2810,1035,0.3683274021352313,WinoGrande,0.5,discovery,validation
201,0.31521095217513306,0.011938315990968881,0.8973161512384445,55485,2768,0.049887356943318015,35115,1489,0.042403531254449664,2811,1015,0.36108146567057986,WinoGrande,0.5,discovery,validation
202,0.9475839108972882,0.03850112275449101,0.9041562070198932,55470,2571,0.04634937804218497,35104,1404,0.039995442114858705,2806,953,0.3396293656450463,WinoGrande,0.5,discovery,validation
203,1.0460061544937136,0.047570619630304595,0.9077867616273335,55474,2474,0.04459746908461622,35118,1482,0.042200580898684434,2810,998,0.3551601423487544,WinoGrande,0.5,discovery,validation
204,1.0211769981928212,0.05943689954374929,0.9033226923202817,55438,2585,0.04662866625780151,35085,1500,0.04275331338178709,2794,1017,0.3639942734430923,WinoGrande,0.5,discovery,validation
205,0.8047304050711114,0.049522829341317375,0.9104955018902665,55477,2397,0.04320709483209258,35099,1370,0.039032451066981964,2814,975,0.3464818763326226,WinoGrande,0.5,discovery,validation
206,1.6612322279410587,0.092301809424629,0.8922364884223052,55450,2901,0.052317403065825066,35104,1590,0.04529398359161349,2813,1000,0.35549235691432635,WinoGrande,0.5,discovery,validation
207,0.940482494137598,0.026288494439692042,0.899656908095663,55473,2699,0.04865430029023128,35110,1519,0.04326402734263742,2817,1002,0.3556975505857295,WinoGrande,0.5,discovery,validation
208,1.2155320551886721,0.0936377245508982,0.9010858142426258,55453,2653,0.04784231691702884,35107,1526,0.04346711482040619,2806,1018,0.36279401282965074,WinoGrande,0.5,discovery,validation
209,1.169014740738722,0.02589541414066278,0.9090702010725483,55476,2436,0.04391088038070517,35100,1410,0.040170940170940174,2805,979,0.34901960784313724,WinoGrande,0.5,discovery,validation
210,0.559139375380895,0.03657372754491018,0.9098040490887402,55423,2400,0.04330332172563737,35089,1283,0.03656416540796261,2787,901,0.32328668819519196,WinoGrande,0.5,discovery,validation
211,0.7841466218618066,0.03246631736526947,0.9046656077070917,55448,2555,0.046079209349300244,35096,1346,0.038351948940050146,2803,939,0.3349982161969319,WinoGrande,0.5,discovery,validation
212,1.2799315898509458,0.054964354078727795,0.9076544998504827,55469,2475,0.04461951720780977,35106,1350,0.038454964963254144,2800,965,0.34464285714285714,WinoGrande,0.5,discovery,validation
213,0.9712396043108461,0.030285895600104144,0.9121942609347709,55424,2336,0.04214780600461894,35068,1349,0.03846811908292461,2780,939,0.33776978417266185,WinoGrande,0.5,discovery,validation
214,0.4890192610003128,0.03970808383233534,0.8995381560731643,55438,2689,0.048504635809372636,35097,1552,0.044220303729663506,2807,1024,0.3648022800142501,WinoGrande,0.5,discovery,validation
215,1.3323397284004095,0.07826331033585006,0.9209207451739664,55481,2108,0.03799498927560786,35098,1248,0.03555758162858282,2801,917,0.3273830774723313,WinoGrande,0.5,discovery,validation
216,1.3636650467758233,0.014234923011120615,0.9061231829333841,55471,2517,0.04537506084260244,35101,1338,0.03811857212045241,2800,986,0.35214285714285715,WinoGrande,0.5,discovery,validation
217,1.3774823342862583,0.033420658682634725,0.9083944493121356,55434,2443,0.04407042609228993,35081,1420,0.04047775148941022,2799,951,0.3397642015005359,WinoGrande,0.5,discovery,validation
218,0.8582095495451518,0.05325138657112006,0.8978741866541301,55454,2741,0.049428355033000325,35090,1748,0.04981476204046737,2803,1085,0.38708526578665714,WinoGrande,0.5,discovery,validation
219,0.858696728202026,0.03213722012496746,0.8937966287894625,55422,2842,0.051279275378008735,35067,1709,0.04873527818176633,2805,1049,0.37397504456327985,WinoGrande,0.5,discovery,validation
220,0.7933291681593266,0.02235339104399897,0.909866003368298,55451,2409,0.0434437611585003,35099,1301,0.03706658309353543,2807,952,0.33915211970074816,WinoGrande,0.5,discovery,validation
221,1.4775249701007878,0.06218676776881022,0.8970568600660047,55425,2759,0.04977898060442039,35093,1519,0.043284985609665746,2803,986,0.3517659650374599,WinoGrande,0.5,discovery,validation
222,1.0465104409421013,0.07718937125748501,0.8824745219666446,55438,3168,0.05714491864785887,35079,1812,0.05165483622680236,2801,1049,0.37450910389146735,WinoGrande,0.5,discovery,validation
223,1.9715754022672005,0.08908522241231821,0.9036560981379952,55418,2569,0.04635677938575914,35074,1525,0.043479500484689515,2795,1026,0.3670840787119857,WinoGrande,0.5,discovery,validation
224,1.8209953330359325,0.10521755402239,0.889973721700469,55451,2960,0.053380462029539597,35082,1803,0.05139387720198392,2803,1069,0.3813770959686051,WinoGrande,0.5,discovery,validation
225,0.7189834969871469,0.02862503787862622,0.9138297444901436,55457,2302,0.04150963809798583,35111,1341,0.03819315883911025,2809,942,0.3353506585973656,WinoGrande,0.5,discovery,validation
226,1.0236074200993106,0.09632297904191618,0.8975388447473176,55466,2759,0.04974218440125482,35112,1607,0.045767828662565506,2812,1078,0.3833570412517781,WinoGrande,0.5,discovery,validation
227,1.7136562996413391,0.08959313515825491,0.9096262317405249,55460,2417,0.043580959249909845,35089,1402,0.03995554162273077,2795,962,0.34418604651162793,WinoGrande,0.5,discovery,validation
228,0.46836374237176837,0.014062500000000007,0.9164064616909008,55410,2212,0.03992059195091139,35073,1193,0.034014769195677586,2776,851,0.3065561959654179,WinoGrande,0.5,discovery,validation
229,0.8517079116421699,0.02598486428781781,0.905517961624016,55424,2523,0.04552179561200924,35105,1311,0.03734510753453924,2803,923,0.32929004637887976,WinoGrande,0.5,discovery,validation
230,0.8444646478774758,0.03798652694610779,0.903472741317613,55474,2594,0.04676064462631142,35107,1359,0.03871022872931324,2802,960,0.3426124197002141,WinoGrande,0.5,discovery,validation
231,0.7243486771588133,0.055750106928999135,0.9070271910141466,55429,2480,0.04474192209854048,35090,1361,0.03878597891137076,2796,957,0.34227467811158796,WinoGrande,0.5,discovery,validation
232,1.135834977818458,0.06581224578640295,0.8953471785436523,55442,2811,0.050701634140182535,35090,1655,0.04716443431176973,2810,1032,0.36725978647686836,WinoGrande,0.5,discovery,validation
233,2.583566033588765,0.10879491017964071,0.8941353374752813,55429,2836,0.05116455285139548,35080,1859,0.052993158494868874,2805,1137,0.4053475935828877,WinoGrande,0.5,discovery,validation
234,0.9535105566109238,0.0888643907836501,0.8927355310340177,55435,2880,0.05195273744024533,35086,1795,0.05116000684033518,2807,1047,0.37299608122550765,WinoGrande,0.5,discovery,validation
235,0.7972630096867008,0.03612863558597092,0.9138664465743326,55433,2292,0.04134721194956073,35081,1276,0.03637296542287848,2794,924,0.33070866141732286,WinoGrande,0.5,discovery,validation
236,0.4030804922850338,0.04184131736526948,0.9255257892599382,55453,1977,0.03565181324725443,35107,1052,0.029965533939100463,2794,823,0.2945597709377237,WinoGrande,0.5,discovery,validation
237,1.293355215364,0.09667499018356729,0.8881578038466238,55476,3017,0.05438387771288485,35107,1797,0.05118637308798815,2826,1113,0.39384288747346075,WinoGrande,0.5,discovery,validation
238,1.0778288691516904,0.07456961077844312,0.8996808947536938,55450,2693,0.04856627592425609,35100,1508,0.04296296296296296,2810,1013,0.3604982206405694,WinoGrande,0.5,discovery,validation
239,1.7988716921834125,0.08344471770744225,0.9036173143561987,55424,2573,0.046423931870669746,35096,1458,0.041543195805789836,2793,990,0.3544575725026853,WinoGrande,0.5,discovery,validation
240,0.567256612840743,0.023603414289433564,0.9150503793060719,55444,2263,0.04081595844455667,35086,1269,0.03616827224534002,2792,906,0.32449856733524357,WinoGrande,0.5,discovery,validation
241,0.7404408542912208,0.029558952746680564,0.8992195791044698,55432,2697,0.04865420695627075,35097,1465,0.041741459383992936,2794,954,0.34144595561918395,WinoGrande,0.5,discovery,validation
242,0.9152381142680143,0.058151627073721415,0.8996405718365418,55454,2691,0.04852670682006708,35098,1582,0.04507379337854009,2811,1007,0.3582355033795802,WinoGrande,0.5,discovery,validation
243,0.7486312186188617,0.05538922155688622,0.9166009594575721,55508,2238,0.040318512646825684,35123,1343,0.038237052643566895,2812,959,0.3410384068278805,WinoGrande,0.5,discovery,validation
244,1.5258812022210655,0.08388115074199426,0.9019291209211365,55388,2611,0.047140174767097566,35053,1646,0.04695746441103472,2783,1037,0.3726194753862738,WinoGrande,0.5,discovery,validation
245,0.8931786606158127,0.034793766504258555,0.9091141379798557,55465,2433,0.04386550076624898,35102,1273,0.03626573984388354,2802,890,0.3176302640970735,WinoGrande,0.5,discovery,validation
246,0.8632034319883716,0.03845434131736526,0.9054611342808099,55478,2537,0.04572983885504164,35110,1342,0.038222728567359726,2803,902,0.3217980734926864,WinoGrande,0.5,discovery,validation
247,1.0235793212312554,0.043303338974225475,0.9097991298009437,55457,2412,0.04349315686027012,35099,1368,0.03897546938659221,2795,976,0.34919499105545615,WinoGrande,0.5,discovery,validation
248,1.3602974233962388,0.12363398203592814,0.8829775710072247,55481,3169,0.0571186532326382,35117,1877,0.05344989606173648,2816,1080,0.3835227272727273,WinoGrande,0.5,discovery,validation
249,1.1084071936050293,0.06278989152841857,0.9087293692588975,55477,2445,0.044072318258016836,35112,1334,0.03799270904534063,2817,905,0.3212637557685481,WinoGrande,0.5,discovery,validation
250,1.1430262712819983,0.05971263993751624,0.8950956737281515,55485,2831,0.05102279895467243,35112,1664,0.04739120528594213,2806,1050,0.3741981468282252,WinoGrande,0.5,discovery,validation
251,0.28803898849479903,0.039236588298812214,0.9087796549580979,55451,2437,0.04394871147499594,35103,1301,0.03706235934250634,2800,968,0.3457142857142857,WinoGrande,0.5,discovery,validation
252,0.9314493770793153,0.051356661676646695,0.8919538953927753,55426,2896,0.05224984664237001,35064,1679,0.04788386949577915,2794,1082,0.38725841088045815,WinoGrande,0.5,discovery,validation
253,0.829211854053016,0.029650481645404847,0.9052689519396907,55478,2540,0.04578391434442482,35107,1524,0.04341014612470447,2813,1002,0.356203341628155,WinoGrande,0.5,discovery,validation
254,1.4467880275070881,0.03521625227805259,0.9098301353515874,55438,2406,0.04339983404884736,35083,1347,0.03839466408231907,2784,917,0.32938218390804597,WinoGrande,0.5,discovery,validation
255,0.9857896705244448,0.06628929640718564,0.906617364333771,55475,2506,0.04517350157728706,35107,1436,0.04090352351382915,2798,947,0.33845604002859186,WinoGrande,0.5,discovery,validation
256,1.5402550627916063,0.06593509409751923,0.9155537872978534,55452,2247,0.04052153213590132,35099,1268,0.036126385367104476,2795,950,0.33989266547406083,WinoGrande,0.5,discovery,validation
257,1.8452245661534763,0.12659992514970062,0.8985398767727342,55454,2726,0.04915786056912035,35094,1564,0.04456602268193993,2794,994,0.35576234788833216,WinoGrande,0.5,discovery,validation
258,1.0064770198498016,0.05634925800572768,0.8981605749705451,55466,2738,0.04936357408141925,35103,1528,0.0435290431017292,2811,981,0.3489861259338314,WinoGrande,0.5,discovery,validation
259,0.9057915424369647,0.05260841022872287,0.9014313720207944,55434,2639,0.04760616228307537,35074,1439,0.04102754176883161,2789,960,0.3442093940480459,WinoGrande,0.5,discovery,validation
260,0.9778311062016629,0.06319968758135903,0.9134736662493649,55470,2315,0.041734270776996575,35099,1325,0.03775036325821248,2811,903,0.32123799359658484,WinoGrande,0.5,discovery,validation
261,1.0982137155923244,0.0642040713654658,0.8799950195514918,55404,3226,0.05822684282723269,35087,1747,0.04979052070567447,2796,1017,0.36373390557939916,WinoGrande,0.5,discovery,validation
262,1.1821726081629311,0.06850949739864533,0.8975889649804587,55465,2755,0.04967096367078338,35100,1602,0.045641025641025644,2807,1043,0.371571072319202,WinoGrande,0.5,discovery,validation
263,1.1837495227798775,0.08344121183861784,0.899691589783788,55443,2688,0.04848222498782533,35102,1603,0.045666913566178566,2810,1031,0.36690391459074734,WinoGrande,0.5,discovery,validation
264,0.9946791638343049,0.06533296112692648,0.9202353447018652,55452,2120,0.03823126307437063,35103,1298,0.03697689656154744,2797,923,0.3299964247407937,WinoGrande,0.5,discovery,validation
265,1.0779214460986044,0.10667794845092426,0.8997653526846858,55464,2692,0.04853598730708207,35108,1576,0.04489005354904865,2802,1006,0.3590292648108494,WinoGrande,0.5,discovery,validation
266,0.7951043029982117,0.03806381801614163,0.9144781689043125,55440,2276,0.04105339105339105,35095,1271,0.03621598518307451,2805,919,0.32762923351158646,WinoGrande,0.5,discovery,validation
267,0.7950948009655363,0.029880300873662516,0.9055854412493428,55441,2526,0.04556194873829837,35102,1396,0.039769813685829866,2805,951,0.3390374331550802,WinoGrande,0.5,discovery,validation
268,1.0882353796215423,0.07277971231450142,0.9034281254498894,55461,2590,0.046699482519247756,35104,1402,0.03993846855059253,2811,998,0.3550337958022056,WinoGrande,0.5,discovery,validation
269,0.7624543103485177,0.05048367938036969,0.9127997389197002,55420,2317,0.04180801154817755,35075,1376,0.03923022095509622,2783,941,0.33812432626661876,WinoGrande,0.5,discovery,validation
270,0.7260476240702709,0.04198058800431924,0.8970574950135993,55448,2763,0.049830471793392006,35101,1646,0.046893250904532634,2812,1048,0.37268847795163584,WinoGrande,0.5,discovery,validation
271,1.1821926803724685,0.0607877994011976,0.8966528293805802,55449,2776,0.050064022795722196,35097,1568,0.044676183149556944,2806,1017,0.3624376336421953,WinoGrande,0.5,discovery,validation
272,0.551098192966255,0.03173652694610778,0.9041950676467391,55432,2563,0.046236830711502384,35089,1345,0.03833110091481661,2791,943,0.3378717305625224,WinoGrande,0.5,discovery,validation
273,1.0688592217933004,0.0695904386878417,0.9038112573885775,55426,2569,0.04635008840616317,35099,1459,0.04156813584432605,2804,968,0.34522111269614836,WinoGrande,0.5,discovery,validation
274,0.4904719860529719,0.036436056458511536,0.9055884453889738,55433,2517,0.045406166002200855,35089,1506,0.042919433440679416,2801,1013,0.361656551231703,WinoGrande,0.5,discovery,validation
275,2.2151776565185672,0.12255516141629784,0.8919513570161688,55459,2908,0.05243513225986765,35100,1744,0.049686609686609685,2812,1070,0.38051209103840683,WinoGrande,0.5,discovery,validation
276,0.34302774115012286,0.035989162978391054,0.9190954735647966,55485,2161,0.03894746327836352,35108,1104,0.03144582431354677,2804,846,0.3017118402282454,WinoGrande,0.5,discovery,validation
277,1.1347769555679688,0.030679553224271332,0.910040547768443,55446,2400,0.043285358727410454,35092,1383,0.03941069189558874,2799,954,0.3408360128617363,WinoGrande,0.5,discovery,validation
278,1.610481760159769,0.055355477569451264,0.9085513631895228,55460,2450,0.04417598269022719,35095,1419,0.0404331101296481,2801,951,0.3395215994287754,WinoGrande,0.5,discovery,validation
279,1.3399236602231572,0.05149252457309188,0.8991257190047119,55456,2705,0.04877740911713791,35107,1532,0.04363802090751132,2806,994,0.35424091233071986,WinoGrande,0.5,discovery,validation
280,0.5863141362638218,0.017950048380989774,0.9078288932843525,55463,2464,0.04442601373888899,35102,1340,0.03817446299356162,2806,922,0.3285816108339273,WinoGrande,0.5,discovery,validation
281,1.6975842900884788,0.07707546862796147,0.9064464556638295,55431,2495,0.04501091447024228,35079,1441,0.04107870805895265,2788,956,0.3428981348637016,WinoGrande,0.5,discovery,validation
282,0.7259052652461793,0.04203580543830372,0.9111592329480712,55478,2380,0.04289988824398861,35113,1320,0.03759291430524307,2812,943,0.335348506401138,WinoGrande,0.5,discovery,validation
283,1.0967077403728813,0.05884184499852754,0.9073459149563012,55456,2482,0.04475620311598384,35089,1418,0.040411524979338254,2797,1019,0.3643189131212013,WinoGrande,0.5,discovery,validation
284,1.720181481222462,0.1357316616766467,0.8850308975304856,55487,3114,0.05612125362697569,35121,2011,0.05725918965860881,2823,1102,0.39036486007793125,WinoGrande,0.5,discovery,validation
285,0.5657545859399953,0.027734709153122324,0.9180282590352445,55478,2190,0.03947510724972061,35104,1279,0.036434594348222424,2799,919,0.32833154698106465,WinoGrande,0.5,discovery,validation
286,1.611305788895017,0.13080549965642485,0.8858609511833744,55454,3076,0.05546939805965304,35092,1964,0.055967172005015386,2803,1124,0.4009989297181591,WinoGrande,0.5,discovery,validation
287,1.2307591207258017,0.03215933472633188,0.9034268732689217,55438,2584,0.046610628089036404,35088,1481,0.04220816233470132,2793,971,0.3476548514142499,WinoGrande,0.5,discovery,validation
288,1.0878632871429557,0.045967440119760485,0.9079430101346467,55463,2468,0.04449813389106251,35113,1371,0.0390453678124911,2805,974,0.34723707664884135,WinoGrande,0.5,discovery,validation
289,1.642579543881334,0.10357410179640719,0.8837687008668489,55433,3129,0.056446521025381995,35092,1770,0.05043884646073179,2800,1020,0.36428571428571427,WinoGrande,0.5,discovery,validation
290,0.925869474175903,0.06436358839697655,0.8967870635017345,55434,2768,0.04993325395966374,35084,1690,0.048170106031239314,2811,1059,0.3767342582710779,WinoGrande,0.5,discovery,validation
291,0.5007978449607114,0.028622103618849253,0.9072155435600133,55460,2481,0.044734944103858636,35091,1309,0.03730301216836226,2795,942,0.3370304114490161,WinoGrande,0.5,discovery,validation
292,0.7860636037057,0.04279811279081182,0.8938948858621212,55460,2856,0.05149657410746484,35096,1629,0.04641554593116025,2802,1034,0.36902212705210563,WinoGrande,0.5,discovery,validation
293,1.174231223159186,0.08041038823991362,0.901712009136719,55458,2636,0.04753146525298424,35077,1617,0.04609858311714229,2801,1053,0.37593716529810783,WinoGrande,0.5,discovery,validation
294,0.981810788917126,0.08974060076568174,0.9038986614079162,55446,2574,0.04642354723514771,35086,1651,0.04705580573448099,2806,1050,0.3741981468282252,WinoGrande,0.5,discovery,validation
295,1.462479180076816,0.043877920388730715,0.9111511832017262,55467,2377,0.042854309769773016,35096,1345,0.038323455664463185,2804,945,0.33701854493580596,WinoGrande,0.5,discovery,validation
296,1.187892135314157,0.09179453592814371,0.9037215551615382,55455,2582,0.04656027409611397,35103,1535,0.043728456257299944,2805,998,0.35579322638146166,WinoGrande,0.5,discovery,validation
297,2.1370098634357055,0.09102447279354334,0.9040943182121304,55435,2562,0.04621628934788491,35088,1523,0.04340515275877793,2797,1018,0.36396138720057203,WinoGrande,0.5,discovery,validation
298,0.5390708976717226,0.01350327009914597,0.9039710427327167,55480,2580,0.04650324441240086,35104,1359,0.03871353691886965,2804,942,0.3359486447931526,WinoGrande,0.5,discovery,validation
299,0.43521791814357746,0.02117194183062447,0.9114401408580567,55447,2362,0.04259923891283568,35089,1312,0.03739063524181367,2796,963,0.3444206008583691,WinoGrande,0.5,discovery,validation
300,1.575454908901933,0.1027489079218612,0.8850497065564203,55417,3089,0.055741018099139256,35073,1932,0.055085108202891114,2809,1084,0.38590245639017445,WinoGrande,0.5,discovery,validation
301,0.7440174387819373,0.052413922155688616,0.9031883401426973,55432,2590,0.04672391398470198,35096,1396,0.039776612719398224,2799,969,0.3461950696677385,WinoGrande,0.5,discovery,validation
302,1.2483643241008937,0.05292811116896642,0.905303909710242,55459,2539,0.04578156836581979,35109,1466,0.04175567518300151,2810,1011,0.3597864768683274,WinoGrande,0.5,discovery,validation
303,0.9130985642368975,0.06278222244036519,0.90646403307149,55473,2510,0.04524723739476862,35103,1460,0.041591886733327636,2813,949,0.3373622467116957,WinoGrande,0.5,discovery,validation
304,0.9943361369578435,0.09454325045561052,0.8919195632929638,55451,2910,0.05247876503579737,35102,1556,0.044327958520882,2800,937,0.33464285714285713,WinoGrande,0.5,discovery,validation
305,1.1347973170665542,0.09099599713616248,0.9058576292797618,55433,2516,0.04538812620641134,35082,1436,0.040932672025540164,2792,954,0.34169054441260743,WinoGrande,0.5,discovery,validation
306,1.2568429188723296,0.08941389761460686,0.8959894303439916,55444,2791,0.050339080874395786,35084,1688,0.04811309998859879,2793,1025,0.3669889008234873,WinoGrande,0.5,discovery,validation
307,0.9333132686601459,0.0880800898203593,0.8958339483759995,55471,2805,0.05056696291756053,35129,1696,0.04827919952176265,2829,1077,0.3806998939554613,WinoGrande,0.5,discovery,validation
308,1.1688709418273813,0.02694457396682046,0.9087899334135863,55497,2452,0.04418256842712219,35113,1418,0.040383903397602026,2800,975,0.3482142857142857,WinoGrande,0.5,discovery,validation
309,0.851014670486878,0.04879303892215568,0.8948130660033816,55435,2818,0.05083431045368449,35093,1576,0.04490924115920554,2813,1038,0.36900106647707076,WinoGrande,0.5,discovery,validation
310,1.7778287621083764,0.03325026964704133,0.9082201120761217,55447,2453,0.04424044583115407,35104,1373,0.03911235186873291,2802,907,0.32369735902926483,WinoGrande,0.5,discovery,validation
311,1.0149295786066521,0.03922190747310998,0.8914339628128909,55403,2907,0.05247008284749923,35063,1696,0.04837007671904857,2804,1045,0.3726818830242511,WinoGrande,0.5,discovery,validation
312,1.1163278864941348,0.09828983337672481,0.9064731728184185,55453,2502,0.04511929020972716,35104,1484,0.04227438468550593,2806,989,0.3524590163934426,WinoGrande,0.5,discovery,validation
313,1.0793047945504373,0.040475299401197616,0.8904838645521569,55481,2958,0.05331554946738523,35120,1641,0.0467255125284738,2823,1098,0.3889479277364506,WinoGrande,0.5,discovery,validation
314,1.3444202833987349,0.06806162265632668,0.8857777469161998,55468,3085,0.05561765342179274,35104,1597,0.045493391066545125,2808,977,0.34793447293447294,WinoGrande,0.5,discovery,validation
315,1.212086075167484,0.07342244858109867,0.8876027627176606,55420,3014,0.05438469866474197,35070,1895,0.0540347875677217,2805,1089,0.38823529411764707,WinoGrande,0.5,discovery,validation
316,1.7391995087425849,0.09280670216943164,0.9006238804310369,55398,2651,0.04785371313043792,35050,1713,0.048873038516405135,2775,1035,0.372972972972973,WinoGrande,0.5,discovery,validation
317,1.1533465914170549,0.04209847284354008,0.9055739104339723,55439,2524,0.04552751673009975,35093,1591,0.04533667683013706,2802,1040,0.371163454675232,WinoGrande,0.5,discovery,validation
318,1.424569172408787,0.09427476568601925,0.8988057061233787,55475,2724,0.04910319963947724,35103,1482,0.04221861379369285,2797,960,0.3432248838040758,WinoGrande,0.5,discovery,validation
319,0.9016350818583426,0.035086077844311364,0.9041962615786162,55427,2557,0.04613275118624497,35085,1475,0.0420407581587573,2792,944,0.33810888252148996,WinoGrande,0.5,discovery,validation
320,0.64154932186358,0.03874335637857773,0.9090652578096674,55477,2439,0.0439641653297763,35087,1363,0.03884629634907515,2785,961,0.3450628366247756,WinoGrande,0.5,discovery,validation
321,0.8916831570242149,0.023025823353293402,0.9117778769951483,55441,2352,0.042423477210007034,35093,1289,0.0367309719887157,2792,908,0.32521489971346706,WinoGrande,0.5,discovery,validation
322,0.8461014453279757,0.0644741766467066,0.9079125453868119,55491,2476,0.0446198482636824,35130,1415,0.040278963848562485,2818,994,0.35273243435060325,WinoGrande,0.5,discovery,validation
323,0.7384112395037832,0.04668787425149701,0.9066901744864959,55458,2499,0.045061127339608355,35110,1429,0.040700655084021646,2805,944,0.33654188948306596,WinoGrande,0.5,discovery,validation
324,0.625204274310607,0.03267951801315403,0.89626271303433,55404,2772,0.050032488628979854,35055,1541,0.04395949222650121,2781,991,0.35634663790003596,WinoGrande,0.5,discovery,validation
325,0.7481715160638345,0.021680511926965736,0.91098488492833,55461,2379,0.042895007302428734,35104,1261,0.0359218322698268,2799,946,0.3379778492318685,WinoGrande,0.5,discovery,validation
326,1.3160698050812711,0.09673994402499349,0.8998619939911254,55432,2678,0.04831144465290807,35072,1671,0.04764484489051095,2802,1072,0.38258386866523914,WinoGrande,0.5,discovery,validation
327,0.7588924443125037,0.028750534644995718,0.8981313948305417,55478,2743,0.04944302245935326,35108,1481,0.04218411758003874,2810,967,0.34412811387900355,WinoGrande,0.5,discovery,validation
328,0.5284080370472835,0.03196595938557667,0.9082118179489097,55438,2453,0.04424762798080739,35087,1368,0.038988799270385045,2795,921,0.3295169946332737,WinoGrande,0.5,discovery,validation
329,0.8366460263383653,0.062432512025130074,0.9072318067120858,55456,2481,0.04473817080207732,35096,1459,0.041571689081376796,2806,1016,0.3620812544547398,WinoGrande,0.5,discovery,validation
330,1.2705906721035145,0.07241359671960426,0.8968334544788076,55425,2759,0.04977898060442039,35083,1646,0.046917310378245876,2808,1064,0.3789173789173789,WinoGrande,0.5,discovery,validation
331,0.8166039804293479,0.04200973053892216,0.9028994455861045,55437,2597,0.04684596929848296,35068,1667,0.047536215353028405,2805,1088,0.3878787878787879,WinoGrande,0.5,discovery,validation
332,0.9918948679835482,0.07381297188232233,0.9010086781288115,55450,2655,0.0478809738503156,35091,1515,0.04317346328118321,2796,969,0.3465665236051502,WinoGrande,0.5,discovery,validation
333,1.0018200637809627,0.047519203396485715,0.904417201681687,55467,2565,0.046243712477689436,35098,1515,0.04316485269815944,2807,997,0.35518346989668687,WinoGrande,0.5,discovery,validation
334,1.412090288640263,0.07256736526946107,0.9056179204632279,55436,2517,0.045403708781297354,35081,1478,0.042131068099541064,2791,992,0.3554281619491222,WinoGrande,0.5,discovery,validation
335,1.8558865255312558,0.10269461077844311,0.8961533523759729,55426,2782,0.05019305019305019,35067,1765,0.05033222117660478,2807,1118,0.3982899893124332,WinoGrande,0.5,discovery,validation
336,0.7736242794201384,0.04200973053892215,0.9030228865034562,55441,2595,0.04680651503400011,35105,1403,0.03996581683520866,2804,973,0.3470042796005706,WinoGrande,0.5,discovery,validation
337,1.1023547866292318,0.01674775449101796,0.9141515960947887,55441,2285,0.04121498529968796,35080,1302,0.037115165336374004,2789,930,0.33345285048404444,WinoGrande,0.5,discovery,validation
338,1.4702155799454346,0.06833750976308253,0.8998170657107086,55423,2675,0.048265160673366655,35061,1828,0.05213770286072845,2814,1111,0.39481165600568585,WinoGrande,0.5,discovery,validation
339,1.3890015540816365,0.05499056235355375,0.910252516391538,55473,2401,0.04328231752384043,35114,1289,0.03670900495528849,2806,926,0.3300071275837491,WinoGrande,0.5,discovery,validation
340,1.6067958584230948,0.08323434652434264,0.9031530914140098,55449,2596,0.04681779653375174,35091,1436,0.04092217377675187,2794,994,0.35576234788833216,WinoGrande,0.5,discovery,validation
341,1.694192258342599,0.06494600085543199,0.9077485829588832,55448,2469,0.04452820660799307,35095,1372,0.03909388801823622,2795,935,0.334525939177102,WinoGrande,0.5,discovery,validation
342,0.499748180620597,0.023619257386865614,0.9023308823830808,55467,2625,0.0473254367461734,35102,1615,0.04600877442880748,2804,1005,0.35841654778887305,WinoGrande,0.5,discovery,validation
343,0.5485269235325437,0.022483158682634723,0.9100193816344451,55434,2398,0.04325864992603817,35106,1319,0.0375719250270609,2796,955,0.3415593705293276,WinoGrande,0.5,discovery,validation
344,0.6316264461007784,0.029678143712574837,0.9118157813226371,55424,2344,0.04229214780600462,35070,1337,0.03812375249500998,2786,939,0.3370423546302943,WinoGrande,0.5,discovery,validation
345,1.1000869734625083,0.03833163590851083,0.8919891930841493,55456,2910,0.052474033467974614,35105,1603,0.045663010967098704,2809,1066,0.3794944820220719,WinoGrande,0.5,discovery,validation
346,2.0989373325430267,0.08885098655148718,0.9006937941157713,55467,2667,0.048082643734112175,35104,1534,0.043698723792160436,2802,1001,0.3572448251249108,WinoGrande,0.5,discovery,validation
347,1.330404410081296,0.03959543493198918,0.9061305614044957,55449,2511,0.04528485635448791,35082,1519,0.04329855766489938,2806,1038,0.3699215965787598,WinoGrande,0.5,discovery,validation
348,1.4096207297399725,0.060885023431398066,0.9086118055043568,55465,2448,0.0441359415847832,35111,1366,0.03890518640881775,2804,950,0.3388017118402282,WinoGrande,0.5,discovery,validation
349,2.3896035615449085,0.14832016295278297,0.9002579361577454,55486,2685,0.048390585012435566,35108,1672,0.04762447305457446,2805,991,0.3532976827094474,WinoGrande,0.5,discovery,validation
350,0.8077928100636854,0.05313891105885164,0.9006883956131321,55445,2663,0.04802957886193525,35089,1659,0.04727977428823848,2804,1036,0.369472182596291,WinoGrande,0.5,discovery,validation
351,1.0853433092937812,0.05991551732600371,0.8945327591311172,55460,2835,0.05111792282726289,35087,1727,0.04922050902043492,2811,1107,0.39381003201707576,WinoGrande,0.5,discovery,validation
352,0.8452201952184472,0.05702657185628743,0.903647438878342,55441,2578,0.046499882758247506,35082,1412,0.040248560515364004,2796,961,0.3437052932761087,WinoGrande,0.5,discovery,validation
353,0.8144355097585327,0.06431023821921376,0.9008758872468279,55464,2663,0.04801312563103995,35120,1516,0.04316628701594533,2814,1018,0.3617626154939588,WinoGrande,0.5,discovery,validation
354,0.9758655428712154,0.05741953592814371,0.9158779627927781,55438,2242,0.04044157437136982,35096,1224,0.03487576931844085,2797,913,0.32642116553450123,WinoGrande,0.5,discovery,validation
355,1.701658528996603,0.0846209366980325,0.9118524512471902,55471,2359,0.0425267256764796,35112,1356,0.03861927546138073,2810,902,0.3209964412811388,WinoGrande,0.5,discovery,validation
356,0.26279716772067097,0.022586077844311377,0.9055529655297251,55449,2528,0.04559144439034067,35100,1401,0.039914529914529914,2794,966,0.3457408732999284,WinoGrande,0.5,discovery,validation
357,0.8255625839397911,0.05988944242662217,0.9023913250445822,55392,2603,0.0469923454650491,35083,1367,0.0389647407576319,2789,914,0.32771602724991034,WinoGrande,0.5,discovery,validation
358,0.7371505155942698,0.05518989195521999,0.913312202239383,55467,2317,0.04177258550128905,35100,1272,0.03623931623931624,2796,908,0.32474964234620884,WinoGrande,0.5,discovery,validation
359,0.5567574205169533,0.0672623502994012,0.9035132272867634,55471,2593,0.04674514611238305,35111,1516,0.04317735182706274,2814,1051,0.3734896943852168,WinoGrande,0.5,discovery,validation
360,0.6748933532798126,0.05793382497300481,0.9015799793029967,55482,2648,0.047727190800620024,35112,1488,0.04237867395762133,2812,971,0.3453058321479374,WinoGrande,0.5,discovery,validation
361,1.0364437160397326,0.03960623834298614,0.915135500715588,55434,2259,0.04075116354583829,35098,1241,0.03535814006496096,2796,900,0.3218884120171674,WinoGrande,0.5,discovery,validation
362,2.548017571918982,0.1307317430356678,0.8984087761536639,55448,2721,0.049073005338335016,35092,1730,0.0492989855237661,2808,1035,0.3685897435897436,WinoGrande,0.5,discovery,validation
363,1.0715909204439866,0.09254288554039464,0.9009808270972738,55484,2664,0.04801384182827482,35092,1508,0.04297275732360652,2797,1017,0.3636038612799428,WinoGrande,0.5,discovery,validation
364,0.37667469253594293,0.023840740649847845,0.9072547835911626,55462,2487,0.044841513108073994,35104,1347,0.03837169553327256,2801,950,0.3391645840771153,WinoGrande,0.5,discovery,validation
365,1.3531790434895559,0.07577372429054934,0.8927767062763623,55453,2882,0.05197194020161218,35091,1720,0.04901541705850503,2801,1081,0.3859335951445912,WinoGrande,0.5,discovery,validation
366,0.6868348848614281,0.025729790419161673,0.9116584815597617,55461,2360,0.042552424226032705,35094,1249,0.03559012936684333,2792,932,0.333810888252149,WinoGrande,0.5,discovery,validation
367,1.4357406540488755,0.08440591642801355,0.8959602240964378,55427,2792,0.05037256210871958,35092,1515,0.04317223298757552,2795,911,0.3259391771019678,WinoGrande,0.5,discovery,validation
368,0.5689413051136852,0.016613778857111156,0.9195977115284932,55489,2149,0.038728396619149744,35112,1222,0.03480291638186375,2799,869,0.31046802429439085,WinoGrande,0.5,discovery,validation
369,1.412935969548324,0.06597118263473054,0.9031923191097823,55415,2585,0.04664801948930795,35067,1603,0.04571249322725069,2797,1037,0.3707543796925277,WinoGrande,0.5,discovery,validation
370,2.081792058385703,0.11630800898203593,0.8899119151281691,55451,2957,0.05332636020991506,35081,1874,0.05341922978250335,2814,1108,0.3937455579246624,WinoGrande,0.5,discovery,validation
371,0.8403060154056742,0.07012460734269167,0.9002720783292518,55442,2673,0.048212546444933446,35089,1591,0.045341845022656674,2807,1032,0.36765229782686143,WinoGrande,0.5,discovery,validation
372,1.9643561844627344,0.07547850727117195,0.9055316078501484,55444,2528,0.04559555587619941,35085,1445,0.04118569189112156,2788,960,0.34433285509325684,WinoGrande,0.5,discovery,validation
373,0.7939328381127251,0.06664117417339235,0.9148007844273787,55482,2281,0.041112432861108106,35109,1257,0.035802785610527216,2802,909,0.32441113490364026,WinoGrande,0.5,discovery,validation
374,1.6764173662755928,0.04644553106900951,0.9169953292167304,55493,2224,0.040077126844827275,35120,1233,0.035108200455580864,2808,892,0.3176638176638177,WinoGrande,0.5,discovery,validation
375,0.9043281785410289,0.026831938404018756,0.9138149212063363,55454,2298,0.0414397518664118,35094,1288,0.036701430443950536,2801,943,0.33666547661549445,WinoGrande,0.5,discovery,validation
376,0.7589326459535892,0.04210736136422808,0.9090277309162685,55468,2437,0.04393524194129949,35114,1411,0.04018340263142906,2810,1028,0.36583629893238434,WinoGrande,0.5,discovery,validation
377,0.9991645269899001,0.0390740036320801,0.8975315283087314,55431,2743,0.049484945247244325,35072,1679,0.047872947080291973,2793,991,0.3548156104547082,WinoGrande,0.5,discovery,validation
378,1.8458173572490681,0.07850860778443114,0.8972437447745459,55431,2747,0.04955710703397016,35086,1749,0.04984894259818731,2806,1074,0.3827512473271561,WinoGrande,0.5,discovery,validation
379,1.3563038548063315,0.053391857589169485,0.9008821689555105,55461,2659,0.047943600007212275,35097,1633,0.04652819329287403,2809,1040,0.3702385190459238,WinoGrande,0.5,discovery,validation
380,0.7925688116263091,0.013140215470697937,0.9137337887599375,55444,2297,0.04142918981314479,35104,1155,0.03290223336371923,2794,847,0.3031496062992126,WinoGrande,0.5,discovery,validation
381,1.6837376953718775,0.12824663173652695,0.9064288311700562,55441,2502,0.04512905611370646,35078,1497,0.04267632134101146,2786,949,0.34063173007896624,WinoGrande,0.5,discovery,validation
382,0.5922169636336573,0.058083832335329356,0.9011288107983445,55488,2663,0.04799235870818916,35123,1541,0.043874384306579736,2821,1032,0.3658277206664303,WinoGrande,0.5,discovery,validation
383,0.737458630686575,0.025656167173849026,0.8903506592721159,55430,2945,0.05313007396716579,35089,1605,0.04574083045968822,2803,965,0.3442739921512665,WinoGrande,0.5,discovery,validation
384,0.4464014227637878,0.010993637724550894,0.9164779340390173,55463,2229,0.04018895479869462,35107,1190,0.033896373942518584,2801,888,0.3170296322741878,WinoGrande,0.5,discovery,validation
385,1.3910366930183533,0.022334794696321634,0.9033180861628196,55446,2591,0.04673015185946687,35099,1477,0.04208097096783384,2818,1013,0.3594748048261178,WinoGrande,0.5,discovery,validation
386,0.7447515409030288,0.010198353293413167,0.909159893655088,55480,2434,0.04387166546503245,35107,1253,0.03569088785712251,2808,934,0.33262108262108264,WinoGrande,0.5,discovery,validation
387,1.2097090760475142,0.041134994355551194,0.898991001142542,55448,2713,0.048928726013562254,35115,1586,0.04516588352555888,2820,1070,0.37943262411347517,WinoGrande,0.5,discovery,validation
388,0.683565177242309,0.052797936735225204,0.89999150107137,55474,2686,0.04841907920827775,35097,1479,0.042140353876399694,2795,995,0.3559928443649374,WinoGrande,0.5,discovery,validation
389,1.1665812285257897,0.0414419607988991,0.9163517213021274,55473,2232,0.04023579038451138,35108,1322,0.03765523527401162,2807,976,0.3477021731385821,WinoGrande,0.5,discovery,validation
390,1.2383080008883725,0.03412075305909919,0.8976367005851684,55428,2744,0.04950566500685574,35107,1483,0.04224228786281938,2809,969,0.3449626201495194,WinoGrande,0.5,discovery,validation
391,0.8463691267121549,0.02599053941297732,0.8991598431285766,55390,2690,0.04856472287416501,35070,1562,0.04453949244368406,2791,1000,0.35829451809387314,WinoGrande,0.5,discovery,validation
392,0.7089174485761037,0.06354790419161677,0.9155649371727995,55488,2260,0.04072952710495963,35115,1343,0.038245763918553326,2805,972,0.34652406417112297,WinoGrande,0.5,discovery,validation
393,1.1931537598604733,0.04794161676646707,0.9067779061262218,55441,2491,0.04493064699410184,35096,1360,0.038750854798267606,2794,959,0.3432355046528275,WinoGrande,0.5,discovery,validation
394,1.229135770447665,0.0680694918075467,0.8866201862223545,55441,3048,0.05497736332317238,35082,1734,0.04942705661022747,2812,1071,0.3808677098150782,WinoGrande,0.5,discovery,validation
395,1.192676525117355,0.043824850299401204,0.9040255456691298,55403,2554,0.04609858671913073,35051,1598,0.045590710678725284,2795,1036,0.3706618962432916,WinoGrande,0.5,discovery,validation
396,1.1677904917279343,0.04960168947818647,0.9216594319809813,55440,2078,0.037481962481962484,35091,1170,0.03334188253398307,2785,856,0.3073608617594255,WinoGrande,0.5,discovery,validation
397,0.412420020809222,0.03793284332973399,0.9112916325231857,55453,2367,0.042684796133662745,35088,1350,0.03847469220246238,2788,986,0.35365853658536583,WinoGrande,0.5,discovery,validation
398,1.762029790555655,0.08115969148659202,0.9201914366861158,55415,2111,0.038094378778309124,35076,1315,0.037490021667236854,2784,934,0.33548850574712646,WinoGrande,0.5,discovery,validation
399,0.7847161379047913,0.028579448246364415,0.9135442232596509,55451,2306,0.041586265351391316,35094,1298,0.036986379438080585,2794,931,0.33321403006442374,WinoGrande,0.5,discovery,validation
400,0.4695034232917479,0.04154958525571808,0.8929100798746781,55403,2866,0.05173005071927513,35080,1666,0.04749144811858609,2803,1061,0.37852301105957903,WinoGrande,0.5,discovery,validation
401,0.9886305735665785,0.08261601796407185,0.9020099457291746,55446,2622,0.04728925440969592,35096,1565,0.04459197629359471,2796,993,0.3551502145922747,WinoGrande,0.5,discovery,validation
402,2.127206073351783,0.10915980538922156,0.8878487804403761,55471,3023,0.054496944349299636,35090,1836,0.05232259903106298,2806,1063,0.3788310762651461,WinoGrande,0.5,discovery,validation
403,2.0728073435183516,0.12127085115483319,0.9039542448866744,55471,2577,0.04645670710821871,35100,1585,0.045156695156695154,2789,965,0.3460021513087128,WinoGrande,0.5,discovery,validation
404,0.7354142790062395,0.049711028762147835,0.9047808937166097,55431,2545,0.045912936804315276,35068,1510,0.04305919926998973,2795,1046,0.37423971377459747,WinoGrande,0.5,discovery,validation
405,0.9409577896903711,0.040293055193959926,0.9104060278864795,55438,2389,0.043093185179840544,35079,1358,0.038712620086091394,2785,957,0.3436265709156194,WinoGrande,0.5,discovery,validation
406,1.777120375876521,0.07206375292892475,0.8784127376632178,55454,3282,0.059184188696938006,35084,2077,0.05920077528217991,2815,1190,0.4227353463587922,WinoGrande,0.5,discovery,validation
407,1.7100435880345564,0.07446268177929855,0.9173944527686781,55488,2209,0.039810409457900806,35118,1233,0.03511019989748847,2810,937,0.3334519572953737,WinoGrande,0.5,discovery,validation
408,1.815053847747678,0.08672358152547363,0.9080865414171246,55463,2463,0.04440798370084561,35106,1456,0.041474391841850394,2806,977,0.3481824661439772,WinoGrande,0.5,discovery,validation
409,0.6781255931983257,0.03525970599784038,0.9022510332150229,55466,2619,0.04721811560235099,35089,1602,0.045655333580324316,2801,1028,0.3670117815066048,WinoGrande,0.5,discovery,validation
410,1.3833113465346805,0.04182667274147357,0.9031972951137822,55469,2597,0.04681894391461898,35103,1344,0.0382873258695838,2805,907,0.3233511586452763,WinoGrande,0.5,discovery,validation
411,1.289151632460072,0.07885202954746247,0.9070459396191598,55457,2485,0.04480949203887697,35099,1453,0.041397190803156785,2799,938,0.3351196856020007,WinoGrande,0.5,discovery,validation
412,0.6240384966571254,0.0440681137724551,0.9056366853016671,55466,2529,0.04559549994591281,35105,1364,0.038854863979490104,2806,916,0.3264433357091946,WinoGrande,0.5,discovery,validation
413,1.1481019080826276,0.05819610778443114,0.9271507341127632,55436,1924,0.034706688794285304,35084,1112,0.03169535970812906,2784,856,0.3074712643678161,WinoGrande,0.5,discovery,validation
414,1.110818812041101,0.020883233532934146,0.9083962335652167,55447,2449,0.044168304867711505,35100,1323,0.03769230769230769,2801,953,0.3402356301320957,WinoGrande,0.5,discovery,validation
415,1.5581089943495403,0.07796594311377245,0.9097942586268971,55473,2419,0.04360679970436068,35109,1400,0.03987581531800963,2805,986,0.3515151515151515,WinoGrande,0.5,discovery,validation
416,1.1911556181322807,0.057858467846914875,0.8887299360936084,55477,3004,0.054148566072426414,35106,1607,0.045775650885888454,2814,979,0.34790334044065385,WinoGrande,0.5,discovery,validation
417,1.120436255152272,0.04875439338713877,0.9204729235587885,55454,2114,0.03812168644281747,35101,1198,0.03413008176405231,2800,872,0.31142857142857144,WinoGrande,0.5,discovery,validation
418,1.1514322735756393,0.016064745508982032,0.9180859847924058,55443,2176,0.039247515466334794,35121,1188,0.03382591611856155,2816,907,0.3220880681818182,WinoGrande,0.5,discovery,validation
419,0.917423581783228,0.04534056886227545,0.9085142615775917,55490,2456,0.04426022706794017,35115,1370,0.0390146660971095,2806,952,0.33927298645759085,WinoGrande,0.5,discovery,validation
420,0.7860172475195274,0.01474581574555807,0.9074588362033716,55469,2478,0.044673601471091964,35113,1314,0.037422037422037424,2816,917,0.32563920454545453,WinoGrande,0.5,discovery,validation
421,1.2032405728673763,0.05141510012761364,0.9083099793981853,55456,2455,0.04426933064050779,35101,1425,0.04059713398478676,2813,1017,0.36153572698186986,WinoGrande,0.5,discovery,validation
422,1.0184427938538902,0.05065575370997137,0.8910359799572728,55480,2941,0.05301009372746936,35115,1572,0.04476719350704827,2812,1028,0.3655761024182077,WinoGrande,0.5,discovery,validation
423,2.2152787837053913,0.050056137724550885,0.9123107147681301,55465,2344,0.042260885242946,35098,1388,0.03954641290102,2793,945,0.3383458646616541,WinoGrande,0.5,discovery,validation
424,1.2235530894156579,0.0688997005988024,0.8932951075390207,55451,2868,0.0517213395610539,35084,1755,0.05002280241705621,2804,1058,0.3773181169757489,WinoGrande,0.5,discovery,validation
425,0.6526680187425701,0.023728158437223913,0.9131327977838477,55467,2318,0.04179061423909712,35111,1332,0.03793682891401555,2805,980,0.3493761140819964,WinoGrande,0.5,discovery,validation
426,1.3190616655082186,0.036190119760479034,0.9178080515067412,55408,2172,0.039200115506786024,35084,1244,0.035457758522403376,2787,908,0.3257983494797273,WinoGrande,0.5,discovery,validation
427,0.9151890527523703,0.030997520283737572,0.8977351529210477,55421,2738,0.049403655653993975,35100,1541,0.043903133903133905,2800,1006,0.35928571428571426,WinoGrande,0.5,discovery,validation
428,2.1221139340413417,0.17180950598802394,0.8865273772987348,55472,3064,0.055235073550620135,35121,1972,0.0561487429173429,2823,1102,0.39036486007793125,WinoGrande,0.5,discovery,validation
429,1.8239917000140702,0.10097874902369172,0.9046973391414284,55461,2558,0.046122500495843925,35106,1543,0.04395260069503788,2801,999,0.3566583363084613,WinoGrande,0.5,discovery,validation
430,0.8137182420349092,0.07334393712574852,0.9063248938841941,55461,2513,0.045311119525432285,35103,1388,0.03954077999031422,2799,950,0.3394069310468024,WinoGrande,0.5,discovery,validation
431,1.9096793553423874,0.06123021813515825,0.905139206129151,55493,2551,0.045969761951957906,35129,1415,0.04028011045005551,2814,990,0.35181236673773986,WinoGrande,0.5,discovery,validation
432,0.954118104945007,0.0875935628742515,0.90678525560762,55473,2504,0.04513907666792854,35113,1460,0.04158004158004158,2809,953,0.3392666429334283,WinoGrande,0.5,discovery,validation
433,0.979512965985111,0.07603407315803176,0.918524272778834,55430,2159,0.038950027061158216,35076,1239,0.03532329798152583,2780,919,0.33057553956834534,WinoGrande,0.5,discovery,validation
434,1.044843152425621,0.05142414965151665,0.8763032970367448,55465,3348,0.06036239069683584,35128,1911,0.05440104759735823,2827,1100,0.38910505836575876,WinoGrande,0.5,discovery,validation
435,0.46961039348160405,0.018785891332089924,0.9054982829617353,55467,2535,0.045702850343447454,35114,1314,0.03742097169220254,2809,961,0.3421146315414738,WinoGrande,0.5,discovery,validation
436,0.8929998672662954,0.033511548331907615,0.9053333913338676,55464,2539,0.04577744122313573,35108,1574,0.04483308647601686,2809,1038,0.36952652189391244,WinoGrande,0.5,discovery,validation
437,1.916797808366088,0.13834881466575047,0.8973668593112958,55471,2763,0.04980981053162914,35096,1717,0.04892295418281285,2801,1054,0.37629418064976794,WinoGrande,0.5,discovery,validation
438,1.768364349726187,0.058717386655260884,0.9120761177535625,55460,2349,0.042354850342589255,35100,1312,0.03737891737891738,2796,894,0.3197424892703863,WinoGrande,0.5,discovery,validation
439,2.0721402397877697,0.04961505560307955,0.883989830800661,55389,3105,0.056058062070086116,35041,1957,0.05584886276076596,2799,1153,0.4119328331546981,WinoGrande,0.5,discovery,validation
440,1.2094156161477854,0.05817170007810468,0.9120827020148036,55455,2347,0.04232260391308268,35095,1337,0.03809659495654652,2795,955,0.3416815742397138,WinoGrande,0.5,discovery,validation
441,0.4163674366689939,0.030960108471581427,0.9053077243273142,55431,2529,0.045624289657411915,35074,1413,0.040286251924502484,2792,999,0.3578080229226361,WinoGrande,0.5,discovery,validation
442,1.4128435496440293,0.034150449101796404,0.8924103195148481,55439,2891,0.05214740525622757,35077,1688,0.04812270148530376,2796,1064,0.3805436337625179,WinoGrande,0.5,discovery,validation
443,1.0144302211986305,0.0719783259567821,0.8970649339543246,55457,2767,0.04989451286582397,35115,1498,0.042659831980635055,2811,974,0.3464959089292067,WinoGrande,0.5,discovery,validation
444,1.2708636910296367,0.06905553646804749,0.9042375077074268,55400,2550,0.046028880866425995,35073,1437,0.04097168762295783,2787,950,0.3408683171869394,WinoGrande,0.5,discovery,validation
445,0.6884311875669908,0.03072203806672369,0.8977801252917448,55460,2749,0.049567255679769204,35109,1507,0.04292346691731465,2814,1035,0.3678038379530917,WinoGrande,0.5,discovery,validation
446,1.7331544706900848,0.14084466935693832,0.8902331606360688,55413,2945,0.05314637359464386,35104,1793,0.05107680036463081,2812,1033,0.36735419630156474,WinoGrande,0.5,discovery,validation
447,0.9963169191176782,0.0599395982624914,0.8875167882625695,55405,3017,0.05445356917245736,35077,1990,0.056732331727342704,2819,1155,0.4097197587797091,WinoGrande,0.5,discovery,validation
448,1.5971842614939544,0.069089499572284,0.9071760426699411,55447,2483,0.04478150305697333,35098,1412,0.040230212547723514,2795,965,0.34525939177101966,WinoGrande,0.5,discovery,validation
449,0.9082884884270719,0.0426201899479729,0.8987910610197505,55460,2721,0.049062387306166605,35092,1490,0.04245981990197196,2799,990,0.3536977491961415,WinoGrande,0.5,discovery,validation
450,0.9405672367555282,0.06028122326775022,0.9011586138186258,55435,2646,0.0477315775232254,35081,1511,0.04307174823978792,2799,1005,0.3590568060021436,WinoGrande,0.5,discovery,validation
451,1.661388332763572,0.10057073353293414,0.8788227900354366,55465,3270,0.058956098440457946,35103,2252,0.06415406090647523,2824,1199,0.42457507082152973,WinoGrande,0.5,discovery,validation
452,1.5381632581699025,0.06870321856287424,0.8965563805280912,55455,2777,0.0500766387160761,35087,1785,0.050873542907629604,2815,1081,0.38401420959147425,WinoGrande,0.5,discovery,validation
453,2.230015371418865,0.12298171514114627,0.8979229931878406,55472,2746,0.04950245168733776,35099,1664,0.04740875808427591,2809,974,0.3467426130295479,WinoGrande,0.5,discovery,validation
454,1.6324682176011118,0.07644900416558187,0.8983468952207445,55459,2732,0.049261616689806886,35084,1605,0.045747349219017214,2812,1045,0.3716216216216216,WinoGrande,0.5,discovery,validation
455,1.5456229769037524,0.07308014050302815,0.896480123062212,55431,2774,0.05004419909436958,35077,1687,0.04809419277589304,2798,1011,0.36132952108649036,WinoGrande,0.5,discovery,validation
456,1.0882513191303493,0.07674189664149962,0.9129480784497478,55483,2332,0.042030892345403095,35111,1345,0.03830708325026345,2805,965,0.34402852049910876,WinoGrande,0.5,discovery,validation
457,1.4034292828166695,0.09971361624576935,0.8881573284485899,55434,3007,0.054244687375978644,35099,1689,0.04812102908914784,2802,1041,0.3715203426124197,WinoGrande,0.5,discovery,validation
458,0.6931800707950295,0.03529761129914086,0.8999824511931063,55471,2689,0.04847578013736908,35109,1526,0.043464638696630496,2805,996,0.35508021390374334,WinoGrande,0.5,discovery,validation
459,1.4527520655790147,0.07829341317365268,0.8958921906385209,55428,2788,0.05029948762358375,35070,1707,0.048674080410607355,2807,1094,0.3897399358745992,WinoGrande,0.5,discovery,validation
460,1.26813313618335,0.06692999869825565,0.8989195667499316,55472,2718,0.048997692529564464,35096,1613,0.04595965352176886,2808,1066,0.37962962962962965,WinoGrande,0.5,discovery,validation
461,0.7336213036162085,0.05207464170020615,0.9005313797421536,55434,2659,0.047966951690298375,35082,1477,0.0421013625220911,2795,988,0.35348837209302325,WinoGrande,0.5,discovery,validation
462,1.5383587285563554,0.07988235485550636,0.9078741930974704,55441,2460,0.04437149402067062,35091,1456,0.04149212048673449,2804,1015,0.3619828815977175,WinoGrande,0.5,discovery,validation
463,0.5765276685539573,0.023991961728716486,0.9072995108755275,55419,2469,0.0445515076056948,35095,1360,0.038751958968514036,2802,941,0.3358315488936474,WinoGrande,0.5,discovery,validation
464,0.4522981127551411,0.029708246550377487,0.9049654987701158,55446,2545,0.045900515817191505,35088,1366,0.03893068855449156,2794,929,0.33249821045096634,WinoGrande,0.5,discovery,validation
465,1.2835349297640721,0.03599716550505547,0.907604516119864,55492,2484,0.04476320911122324,35118,1392,0.039637792584999144,2809,968,0.3446066215735137,WinoGrande,0.5,discovery,validation
466,0.5583394399730001,0.016888098802395207,0.9198207040019347,55471,2133,0.038452524742658326,35109,1166,0.03321085761485659,2799,876,0.3129689174705252,WinoGrande,0.5,discovery,validation
467,0.31542827056083894,0.036115269461077855,0.9103992460785539,55492,2406,0.043357601095653425,35121,1294,0.03684405341533555,2815,910,0.32326820603907636,WinoGrande,0.5,discovery,validation
468,0.814659350499688,0.07098615269461078,0.8824570245538532,55499,3187,0.057424458098344115,35128,1851,0.05269300842632658,2825,1134,0.4014159292035398,WinoGrande,0.5,discovery,validation
469,0.6275146256838279,0.019233853721129155,0.9062856200899037,55453,2506,0.045191423367536475,35109,1390,0.03959098806573813,2816,1024,0.36363636363636365,WinoGrande,0.5,discovery,validation
470,1.2297573795012309,0.037880226716915405,0.8943758712654587,55448,2837,0.051165055547540035,35096,1628,0.04638705265557329,2797,1035,0.3700393278512692,WinoGrande,0.5,discovery,validation
471,0.4362817579650928,0.011816991017964068,0.9121138169188695,55448,2347,0.04232794690520848,35093,1304,0.03715840765964722,2790,963,0.34516129032258064,WinoGrande,0.5,discovery,validation
472,0.8585484249647832,0.05759463216424294,0.9115318175464884,55429,2357,0.04252286709123383,35083,1305,0.03719750306416213,2787,916,0.32866881951919624,WinoGrande,0.5,discovery,validation
473,0.5754276084716623,0.034964029785861536,0.903771312024845,55445,2577,0.04647849219947696,35083,1543,0.0439814155003848,2796,972,0.34763948497854075,WinoGrande,0.5,discovery,validation
474,0.7438894328274717,0.04732410179640718,0.9110893136525209,55459,2376,0.04284246019582034,35096,1350,0.038465922042397994,2799,955,0.34119328331546983,WinoGrande,0.5,discovery,validation
475,0.9157331895622786,0.0743092619109607,0.9045821154675643,55475,2556,0.04607480847228481,35110,1610,0.045855881515237826,2810,1059,0.3768683274021352,WinoGrande,0.5,discovery,validation
476,1.1645950516020112,0.06972305389221556,0.9120886704068693,55411,2334,0.04212160040425186,35094,1307,0.03724283353279763,2799,913,0.32618792425866383,WinoGrande,0.5,discovery,validation
477,0.585758815729939,0.051861901197604796,0.9060027147496916,55475,2521,0.04544389364578639,35119,1433,0.040804123124234745,2814,960,0.3411513859275053,WinoGrande,0.5,discovery,validation
478,2.823209236838316,0.12412986526946108,0.9032261698674507,55463,2599,0.04686006887474532,35103,1598,0.04552317465743669,2803,998,0.3560470924009989,WinoGrande,0.5,discovery,validation
479,0.6234723735614411,0.04434880239520957,0.9113236657585786,55505,2383,0.04293306909287452,35121,1325,0.037726716209675125,2810,948,0.3373665480427046,WinoGrande,0.5,discovery,validation
480,1.3503394711770489,0.08787241091587318,0.8965098431998464,55433,2771,0.04998827413273682,35081,1825,0.05202246230153074,2807,1087,0.3872461702885643,WinoGrande,0.5,discovery,validation
481,0.8200459053174238,0.05322791916167664,0.9128687161264841,55460,2328,0.04197619906238731,35109,1311,0.0373408527727933,2810,953,0.3391459074733096,WinoGrande,0.5,discovery,validation
482,0.9590727362683155,0.08344872754491017,0.9019340656209511,55503,2646,0.04767309875141884,35119,1547,0.04405022922064979,2811,958,0.3408039843472074,WinoGrande,0.5,discovery,validation
483,0.8604049864061158,0.0498649440249935,0.896357496267999,55414,2770,0.049987367813188,35069,1703,0.04856140751090707,2802,1039,0.37080656673804424,WinoGrande,0.5,discovery,validation
484,0.835213876095232,0.03956773952095808,0.9058529074540181,55441,2517,0.045399614004076404,35088,1460,0.04160966712266302,2799,994,0.3551268310110754,WinoGrande,0.5,discovery,validation
485,1.1294759848496145,0.04775716424294268,0.9088972031496025,55467,2438,0.04395406277606505,35097,1479,0.042140353876399694,2803,1003,0.3578308954691402,WinoGrande,0.5,discovery,validation
486,1.650107817762269,0.07436407921861195,0.9141401681920275,55484,2298,0.04141734554105688,35114,1314,0.03742097169220254,2817,947,0.3361732339368122,WinoGrande,0.5,discovery,validation
487,0.756174436345626,0.03988830740159026,0.8949675739762737,55457,2818,0.050814144291973964,35093,1700,0.048442709372239476,2817,1094,0.3883564075257366,WinoGrande,0.5,discovery,validation
488,0.9305652808105873,0.06868851582549187,0.9029718928171975,55436,2595,0.04681073670539,35079,1450,0.04133527181504604,2793,927,0.3319011815252417,WinoGrande,0.5,discovery,validation
489,0.5000759130074615,0.03127300726416021,0.9146628410771072,55463,2280,0.04110848673890702,35111,1317,0.037509612372191053,2804,931,0.33202567760342366,WinoGrande,0.5,discovery,validation
490,1.3824705523862804,0.09076819187711534,0.898323879586911,55469,2737,0.04934287620112135,35098,1607,0.04578608467718959,2803,1026,0.3660363895825901,WinoGrande,0.5,discovery,validation
491,0.5754031947010583,0.038587630067733386,0.8975001426114542,55394,2731,0.04930136837924685,35070,1713,0.048845166809238665,2791,1061,0.3801504836975994,WinoGrande,0.5,discovery,validation
492,1.0527171089200857,0.027007460488858354,0.8985886009331461,55475,2730,0.04921135646687697,35093,1472,0.0419456871740803,2801,966,0.3448768297036773,WinoGrande,0.5,discovery,validation
493,0.7009228699917723,0.01964413564175997,0.923484494024476,55482,2037,0.03671461014383043,35102,1135,0.032334339923651076,2796,878,0.31402002861230327,WinoGrande,0.5,discovery,validation
494,0.47859159459963185,0.05854229041916168,0.8995331513642071,55473,2704,0.04874443422926469,35127,1503,0.042787599282603124,2819,1008,0.35757360766229157,WinoGrande,0.5,discovery,validation
495,0.8323213743770989,0.045626139026295226,0.9008812858978553,55448,2657,0.04791877074015294,35083,1506,0.042926773651056065,2793,963,0.3447905477980666,WinoGrande,0.5,discovery,validation
496,1.3655737663972467,0.1211545658682635,0.9013782377306251,55468,2653,0.047829379101463905,35102,1663,0.04737621787932311,2802,1044,0.37259100642398285,WinoGrande,0.5,discovery,validation
497,1.5306254313922847,0.06790630695131475,0.901453692206773,55446,2637,0.047559787901742236,35088,1690,0.048164614683082536,2812,1088,0.3869132290184922,WinoGrande,0.5,discovery,validation
498,0.6808654364484498,0.02479009372559229,0.9118347001326631,55459,2354,0.04244577074956274,35097,1286,0.036641308373935096,2802,926,0.3304782298358315,WinoGrande,0.5,discovery,validation
499,1.4022004178970728,0.06628261334473909,0.9115362599785338,55465,2368,0.04269359055260074,35097,1412,0.04023135880559592,2808,993,0.35363247863247865,WinoGrande,0.5,discovery,validation
500,0.7704465282070309,0.025070782348346768,0.9082823985636655,55472,2458,0.044310643207383905,35103,1332,0.03794547474574823,2792,926,0.3316618911174785,WinoGrande,0.5,discovery,validation
501,1.14938445360569,0.033044373210101535,0.9041527468033256,55494,2577,0.04643745269758893,35117,1384,0.03941111142751374,2817,1018,0.36137735179268726,WinoGrande,0.5,discovery,validation
502,0.929152192808517,0.035939940770632645,0.9128173695952212,55431,2321,0.04187187674766827,35097,1294,0.03686924808388181,2795,938,0.33559928443649373,WinoGrande,0.5,discovery,validation
503,1.4966403259020675,0.024784805389221558,0.9179738702490856,55442,2182,0.039356444572706616,35090,1214,0.03459675121117128,2789,929,0.33309429903191107,WinoGrande,0.5,discovery,validation
504,0.9669239749889754,0.02047690333618478,0.9128860084050375,55429,2314,0.04174709989355752,35089,1335,0.03804611131693693,2800,949,0.3389285714285714,WinoGrande,0.5,discovery,validation
505,0.9412762524295034,0.0288255011715699,0.9085597820136687,55476,2446,0.044091138510346815,35097,1300,0.037040202866341854,2805,941,0.3354723707664884,WinoGrande,0.5,discovery,validation
506,0.5784568720655028,0.0418440782369687,0.9059989186373099,55469,2523,0.045484865420324865,35102,1437,0.04093783829981198,2806,988,0.35210263720598717,WinoGrande,0.5,discovery,validation
507,0.8646427572357736,0.048456212574850284,0.9038569922186958,55451,2576,0.04645542911759932,35111,1408,0.040101392725926346,2812,948,0.33712660028449504,WinoGrande,0.5,discovery,validation
508,1.490941878385653,0.05500561377245508,0.8927277542478572,55495,2898,0.052220920803676005,35122,1624,0.046238824668299074,2819,1003,0.3557999290528556,WinoGrande,0.5,discovery,validation
509,0.5605545771004363,0.050564631606352516,0.903481951128128,55458,2589,0.046683977063723896,35096,1455,0.04145771597902895,2795,998,0.3570661896243292,WinoGrande,0.5,discovery,validation
510,1.3875517899501004,0.06921351968194758,0.9008938283355349,55467,2665,0.04804658625849604,35116,1507,0.04291491058207085,2815,1022,0.3630550621669627,WinoGrande,0.5,discovery,validation
511,0.9026730140968889,0.06295845808383234,0.8995404650836241,55399,2680,0.04837632448239138,35075,1657,0.047241625089094796,2803,1048,0.3738851230824117,WinoGrande,0.5,discovery,validation
512,0.5600717918223445,0.04008965764123925,0.8788731113658567,55476,3282,0.05916071814838849,35106,1746,0.049735088019142025,2812,1068,0.37980085348506404,WinoGrande,0.5,discovery,validation
513,0.7137895918286683,0.033607784431137724,0.9068211352125584,55475,2501,0.04508337088778729,35118,1360,0.038726578962355485,2806,947,0.3374910905203136,WinoGrande,0.5,discovery,validation
514,2.383412890297738,0.12559880239520957,0.8749182564497232,55423,3371,0.06082312397380149,35064,2110,0.06017567875884098,2797,1151,0.41151233464426173,WinoGrande,0.5,discovery,validation
515,0.950776104309949,0.05634519005467326,0.9039849154546646,55442,2570,0.04635474910717507,35081,1418,0.040420740571819505,2783,971,0.34890406036651095,WinoGrande,0.5,discovery,validation
516,1.0307855146704192,0.015598267750213862,0.9049234647246751,55484,2556,0.04606733472712854,35118,1339,0.03812859502249558,2811,942,0.33511205976520814,WinoGrande,0.5,discovery,validation
517,1.433121529530231,0.0860872005988024,0.8983645871877447,55481,2740,0.04938627638290586,35119,1637,0.046612944559924825,2820,1071,0.3797872340425532,WinoGrande,0.5,discovery,validation
518,1.2063125043709348,0.09934343269981775,0.913323201522002,55478,2318,0.041782328130069574,35118,1393,0.03966626801070676,2807,964,0.3434271464196651,WinoGrande,0.5,discovery,validation
519,1.1087609718613844,0.05780151653215308,0.9040086331650837,55454,2571,0.0463627511090273,35099,1451,0.04134020912276703,2806,990,0.3528153955808981,WinoGrande,0.5,discovery,validation
520,0.8535008139151876,0.07498680916854815,0.9026548638544222,55456,2609,0.04704630698211194,35096,1455,0.04145771597902895,2797,952,0.34036467643904184,WinoGrande,0.5,discovery,validation
521,1.4642275540889849,0.04560521813515825,0.9027305143102582,55441,2603,0.04695081257553074,35096,1460,0.04160018235696376,2807,942,0.33558959743498396,WinoGrande,0.5,discovery,validation
522,1.398220147066505,0.020518097294871612,0.9113429357403161,55408,2354,0.042484839734334395,35085,1312,0.03739489810460311,2785,913,0.3278276481149013,WinoGrande,0.5,discovery,validation
523,1.9609602743361698,0.08254279484509243,0.9024176967641543,55417,2604,0.046989191042459896,35091,1585,0.04516827676612237,2801,1011,0.3609425205283827,WinoGrande,0.5,discovery,validation
524,0.7919425739479261,0.04837200598802395,0.911692947028959,55457,2360,0.04255549344537209,35097,1368,0.03897769040088896,2797,936,0.3346442617089739,WinoGrande,0.5,discovery,validation
525,1.8638648200031087,0.10851956800684347,0.8969393373277734,55458,2772,0.049983771502758845,35100,1646,0.04689458689458689,2807,1024,0.3648022800142501,WinoGrande,0.5,discovery,validation
526,0.5466360956441662,0.02743832986201509,0.9073959345127054,55432,2472,0.044595179679607445,35097,1321,0.03763854460495199,2799,893,0.3190425151839943,WinoGrande,0.5,discovery,validation
527,0.89144643592649,0.035638098802395206,0.9232551874923756,55434,2028,0.0365840458924126,35080,1146,0.03266818700114025,2780,837,0.3010791366906475,WinoGrande,0.5,discovery,validation
528,1.5341134530600806,0.09041916167664671,0.9022948704620182,55412,2606,0.047029524290767344,35078,1575,0.04489993728262729,2783,1025,0.36830758174631695,WinoGrande,0.5,discovery,validation
529,1.6516944569419316,0.08851047904191615,0.9109885963001317,55421,2364,0.04265531116363833,35086,1364,0.03887590491934105,2789,938,0.3363212621011115,WinoGrande,0.5,discovery,validation
530,0.3976394166539853,0.04180923866552609,0.8914355719799184,55425,2912,0.052539467749210644,35074,1800,0.051320066145863034,2807,1117,0.3979337370858568,WinoGrande,0.5,discovery,validation
531,0.8124718601864231,0.04748519265816194,0.903764402528662,55463,2580,0.0465174981519211,35104,1394,0.039710574293527805,2805,998,0.35579322638146166,WinoGrande,0.5,discovery,validation
532,1.851889350047313,0.11459824915386618,0.8931013239839544,55464,2878,0.05188951391893841,35103,1713,0.04879924792752756,2812,1040,0.36984352773826457,WinoGrande,0.5,discovery,validation
533,0.6759884267818301,0.01568195131476177,0.9084336487420167,55439,2446,0.044120564945255146,35081,1365,0.03890995125566546,2799,933,0.3333333333333333,WinoGrande,0.5,discovery,validation
534,3.2135961769839785,0.1429640718562874,0.9011145493216144,55451,2651,0.04780797460821266,35077,1682,0.04795164922883941,2797,1003,0.35859849839113334,WinoGrande,0.5,discovery,validation
535,0.40935878314564134,0.007835687321010152,0.9203475949158525,55423,2110,0.038070837017122855,35092,1164,0.03316995326570159,2790,876,0.3139784946236559,WinoGrande,0.5,discovery,validation
536,1.6062168161870365,0.09073564826868002,0.9018216433837439,55437,2630,0.04744123960531775,35092,1501,0.04277328165963752,2792,983,0.35207736389684813,WinoGrande,0.5,discovery,validation
537,1.0422847735212817,0.06050450328850496,0.896260746837675,55467,2792,0.050336235960120435,35108,1581,0.04503247123162812,2814,1031,0.3663823738450604,WinoGrande,0.5,discovery,validation
538,1.856386265690941,0.09548781535290077,0.8755509313576131,55400,3351,0.06048736462093863,35092,2096,0.059728713097002166,2819,1155,0.4097197587797091,WinoGrande,0.5,discovery,validation
539,0.9125928647227629,0.03107507810466024,0.8811636995763776,55453,3212,0.057922925720880744,35113,1720,0.04898470651895309,2812,1034,0.36770981507823614,WinoGrande,0.5,discovery,validation
540,0.5490440931986011,0.013321005885591593,0.9141234710312555,55446,2288,0.041265375320131296,35087,1196,0.03408669877732493,2795,843,0.30161001788908764,WinoGrande,0.5,discovery,validation
541,0.7961970367558173,0.04907372754491018,0.90405088702407,55448,2565,0.046259558505266196,35099,1473,0.04196700760705433,2803,982,0.35033892258294685,WinoGrande,0.5,discovery,validation
542,1.4796266645932306,0.09157934131736528,0.9139545462961066,55474,2301,0.04147889101200562,35112,1344,0.03827751196172249,2807,994,0.3541147132169576,WinoGrande,0.5,discovery,validation
543,0.8055106087404276,0.04933984490036321,0.895705718199601,55418,2791,0.0503626980403479,35087,1721,0.049049505514863055,2812,1102,0.3918918918918919,WinoGrande,0.5,discovery,validation
544,1.0015582829397212,0.03976115392166488,0.9142357870413956,55452,2288,0.04126091033686792,35096,1300,0.03704125826304992,2800,919,0.32821428571428574,WinoGrande,0.5,discovery,validation
545,0.6128634386414071,0.029058021252576813,0.9105137024083165,55434,2386,0.04304217628170437,35073,1424,0.04060103213297978,2802,930,0.33190578158458245,WinoGrande,0.5,discovery,validation
546,1.8366044578541925,0.11397294696321643,0.8992890115981536,55466,2708,0.04882270219593986,35111,1570,0.044715331377630944,2811,968,0.34436143721095697,WinoGrande,0.5,discovery,validation
547,0.6105902052787258,0.02872380239520958,0.9126357541703821,55455,2335,0.04210621224416193,35113,1316,0.03747899638310597,2807,926,0.3298895618097613,WinoGrande,0.5,discovery,validation
548,0.9004845602285528,0.07021356876411111,0.9018474642067756,55455,2633,0.04747993868902714,35101,1492,0.04250591151249252,2802,989,0.3529621698786581,WinoGrande,0.5,discovery,validation
549,1.1118735662790094,0.05470987373079928,0.9054854756153917,55473,2535,0.045697907089935645,35098,1361,0.03877713829847854,2809,954,0.33962264150943394,WinoGrande,0.5,discovery,validation
550,1.0078249510563857,0.07728293413173654,0.9080145952450397,55448,2459,0.04434785745202712,35092,1438,0.04097800068391656,2796,978,0.3497854077253219,WinoGrande,0.5,discovery,validation
551,1.7285832840563655,0.0970247005988024,0.900186907242883,55455,2680,0.0483274727256334,35098,1584,0.045130776682432046,2794,953,0.3410880458124553,WinoGrande,0.5,discovery,validation
552,1.0024293478493607,0.03760007159593856,0.9017011773273519,55462,2638,0.04756409794093253,35101,1448,0.04125238597190963,2808,975,0.3472222222222222,WinoGrande,0.5,discovery,validation
553,1.2931953815738253,0.08872521350741142,0.9024986739118832,55462,2615,0.04714939958890772,35083,1641,0.04677479120941767,2804,1018,0.3630527817403709,WinoGrande,0.5,discovery,validation
554,1.114387726557159,0.044569692137464215,0.9023748511990489,55462,2614,0.04713136922577621,35098,1687,0.04806541683286797,2811,1134,0.4034151547491996,WinoGrande,0.5,discovery,validation
555,1.4156111366678465,0.08586832482575832,0.8538127772194677,55431,3955,0.07134996662517364,35074,2778,0.07920396875178194,2824,1234,0.4369688385269122,WinoGrande,0.5,discovery,validation
556,1.0575967921261786,0.0253309978403848,0.9097550836501137,55453,2414,0.0435323607379222,35109,1270,0.03617306103848016,2801,941,0.33595144591217424,WinoGrande,0.5,discovery,validation
557,2.2056719393820834,0.1573804235790714,0.8891224293877888,55454,2984,0.05381036534785588,35097,1807,0.05148588198421517,2808,973,0.34650997150997154,WinoGrande,0.5,discovery,validation
558,0.3102068969301139,0.028823500539903794,0.9043390706682048,55474,2567,0.046273930129430006,35125,1388,0.03951601423487545,2814,960,0.3411513859275053,WinoGrande,0.5,discovery,validation
559,0.5069609034090122,0.018886334473909316,0.9112688753278587,55450,2369,0.04272317403065825,35090,1277,0.036392134511256766,2796,944,0.3376251788268956,WinoGrande,0.5,discovery,validation
560,1.0250195578981058,0.08234753319448061,0.8880821367582661,55475,3015,0.05434880576836413,35105,1757,0.05004985044865404,2815,1036,0.3680284191829485,WinoGrande,0.5,discovery,validation
561,1.5135361613699276,0.12100934001562094,0.9131422443198493,55479,2327,0.041943798554407975,35125,1491,0.042448398576512454,2814,1010,0.35891968727789625,WinoGrande,0.5,discovery,validation
562,0.5064961716750956,0.04000196328654167,0.9069175701259128,55426,2485,0.044834554180348575,35101,1491,0.042477422295661094,2808,1020,0.36324786324786323,WinoGrande,0.5,discovery,validation
563,0.4092024774102945,0.021544935787726045,0.917970245773333,55424,2175,0.039242927251732104,35073,1294,0.03689447723319933,2789,940,0.33703836500537826,WinoGrande,0.5,discovery,validation
564,1.8295574401520853,0.08839250846133818,0.9009953072522143,55424,2645,0.04772300808314088,35094,1598,0.045534849261982105,2800,1023,0.3653571428571429,WinoGrande,0.5,discovery,validation
565,1.1080111257400154,0.052140149049726636,0.9091498808828871,55443,2422,0.04368450480673845,35081,1469,0.04187451897038283,2791,1025,0.36725188104622,WinoGrande,0.5,discovery,validation
566,0.444754462366395,0.01817392001710864,0.9191836909820065,55487,2160,0.038928037197902214,35120,1212,0.034510250569476084,2805,894,0.31871657754010696,WinoGrande,0.5,discovery,validation
567,0.920971621392103,0.06073567151411462,0.8982790828932269,55425,2722,0.04911141181777176,35070,1693,0.04827487881380097,2794,1064,0.38081603435934147,WinoGrande,0.5,discovery,validation
568,2.027566808520249,0.13946970190054675,0.8922628709569249,55431,2892,0.05217297180278184,35099,1771,0.05045727798512778,2800,1059,0.3782142857142857,WinoGrande,0.5,discovery,validation
569,0.8552322978973816,0.0434131736526946,0.91955453389544,55480,2148,0.03871665465032444,35122,1280,0.036444393827230796,2813,911,0.3238535371489513,WinoGrande,0.5,discovery,validation
570,0.8901567853371761,0.06427616079316777,0.9080732418576438,55444,2455,0.04427891205540726,35093,1459,0.04157524292593964,2801,967,0.3452338450553374,WinoGrande,0.5,discovery,validation
571,0.7966894067206054,0.010450973053892221,0.9222683401417995,55451,2064,0.03722205190167896,35106,1138,0.032416111206061644,2796,860,0.30758226037195996,WinoGrande,0.5,discovery,validation
572,0.6569061580183815,0.026967427849219593,0.903004280037409,55436,2594,0.04679269788585035,35087,1509,0.04300738165132385,2807,995,0.354470965443534,WinoGrande,0.5,discovery,validation
573,1.7907060573011404,0.07729367085501129,0.9061868206489396,55469,2515,0.04534064071823902,35119,1443,0.04108886927304308,2812,963,0.34246088193456614,WinoGrande,0.5,discovery,validation
574,1.3912463194942988,0.07900367742775319,0.9079265442950276,55456,2464,0.044431621465666475,35093,1404,0.04000797879919072,2796,953,0.34084406294706726,WinoGrande,0.5,discovery,validation
575,1.7075451351981825,0.061629458474355636,0.9076672077507019,55452,2470,0.04454302820457332,35098,1387,0.03951792124907402,2793,983,0.3519513068385249,WinoGrande,0.5,discovery,validation
576,0.549429655420458,0.020724176646706574,0.9106099825147671,55436,2384,0.04300454578252399,35097,1327,0.03780949938741203,2796,919,0.32868383404864093,WinoGrande,0.5,discovery,validation
577,0.9557798747165117,0.06136788922155689,0.9067612021949383,55484,2503,0.045112104390454905,35114,1437,0.04092384803781967,2809,985,0.35065859736561056,WinoGrande,0.5,discovery,validation
578,1.042002834319586,0.057004331500932565,0.8952928810265093,55453,2817,0.05079977638721079,35096,1514,0.04313881923865968,2804,988,0.35235378031383735,WinoGrande,0.5,discovery,validation
579,1.2501240693980695,0.07693541488451668,0.9062419696155992,55466,2512,0.04528900587747449,35099,1471,0.041910025926664575,2796,991,0.3544349070100143,WinoGrande,0.5,discovery,validation
580,0.47135538948777594,0.029766360136869105,0.9127847909241604,55491,2335,0.04207889567677641,35112,1325,0.03773638642059695,2813,941,0.3345183078563811,WinoGrande,0.5,discovery,validation
581,2.1138555429165162,0.07616017964071856,0.9104253710150197,55476,2401,0.0432799769269594,35116,1397,0.03978243535710218,2805,970,0.34581105169340465,WinoGrande,0.5,discovery,validation
582,1.704021817087156,0.07130104545008342,0.9072682203973489,55478,2488,0.04484660586178305,35114,1402,0.03992709460614,2808,940,0.33475783475783477,WinoGrande,0.5,discovery,validation
583,0.809172198116619,0.03476106189260823,0.889411539348626,55395,2959,0.0534163733188916,35056,1741,0.049663395709721586,2798,1077,0.38491779842744817,WinoGrande,0.5,discovery,validation
584,0.6760855261749481,0.016747754491017956,0.9136807490532941,55420,2294,0.041392998917358356,35102,1201,0.03421457466811008,2804,860,0.3067047075606277,WinoGrande,0.5,discovery,validation
585,0.447693276400487,0.03571294910179641,0.9058315611305515,55440,2514,0.04534632034632034,35084,1542,0.04395165887584084,2797,1004,0.3589560243117626,WinoGrande,0.5,discovery,validation
586,1.0973950476057255,0.09510666167664669,0.8965534057008365,55474,2787,0.05023975195587122,35105,1611,0.045890898732374306,2808,1013,0.36075498575498577,WinoGrande,0.5,discovery,validation
587,0.13276938161795176,0.01097358853721128,0.8991974840027369,55460,2708,0.04882798413270826,35117,1429,0.04069254207363955,2813,922,0.3277639530750089,WinoGrande,0.5,discovery,validation
588,0.9947070945332311,0.0595329298637223,0.8905919424229333,55429,2937,0.05298670371105378,35075,1848,0.05268709907341411,2805,1126,0.4014260249554367,WinoGrande,0.5,discovery,validation
589,1.247658764000533,0.03363788726894039,0.9167956653854273,55469,2218,0.03998629865330185,35103,1263,0.035979830783693705,2810,968,0.34448398576512457,WinoGrande,0.5,discovery,validation
590,1.4218919262228984,0.06173813088109496,0.91945456655933,55437,2139,0.038584338979382,35102,1213,0.03455643553073899,2795,915,0.32737030411449014,WinoGrande,0.5,discovery,validation
591,1.0158480014055298,0.06144473348385197,0.9096099037408696,55448,2414,0.04353628625018035,35094,1388,0.03955092038525104,2795,955,0.3416815742397138,WinoGrande,0.5,discovery,validation
592,1.5521746840655586,0.08921423457432959,0.8981304352042039,55438,2729,0.04922616255997691,35096,1592,0.04536129473444267,2799,1037,0.37048946052161486,WinoGrande,0.5,discovery,validation
593,0.6649536040178268,0.018118987434966136,0.9057003338459294,55460,2528,0.04558240173097728,35098,1362,0.038805629950424525,2807,934,0.33273957962237266,WinoGrande,0.5,discovery,validation
594,0.6565925305391006,0.05184196823743816,0.90867178898071,55433,2438,0.043981022134829434,35087,1376,0.03921680394448086,2795,951,0.3402504472271914,WinoGrande,0.5,discovery,validation
595,1.0675330095185378,0.047973346784691506,0.8976223567804823,55464,2752,0.049617770085100245,35110,1521,0.043320991170606664,2810,992,0.3530249110320285,WinoGrande,0.5,discovery,validation
596,2.3817148207904353,0.10298664965151663,0.9095740419095173,55459,2419,0.04361780774986927,35103,1441,0.04105062245392132,2802,961,0.34296930763740185,WinoGrande,0.5,discovery,validation
597,2.065432272986127,0.10688622754491017,0.9033695481740542,55434,2582,0.04657791247248981,35084,1560,0.04446471325960552,2802,982,0.35046395431834404,WinoGrande,0.5,discovery,validation
598,2.1606509207306774,0.1350844506638896,0.8915465211191647,55464,2923,0.05270085100245204,35101,1728,0.049229366684709834,2805,1004,0.35793226381461674,WinoGrande,0.5,discovery,validation
599,0.9579398612706301,0.06252847565738091,0.9174257935010666,55466,2204,0.03973605451988606,35115,1280,0.03645165883525559,2806,917,0.32679971489665005,WinoGrande,0.5,discovery,validation
600,1.8270820636807743,0.08366514920977716,0.9119979810793327,55448,2350,0.04238205165199827,35102,1341,0.038202951398780695,2799,921,0.3290460878885316,WinoGrande,0.5,discovery,validation
601,0.9012466620328828,0.018207335329341323,0.914302904434147,55452,2287,0.0412428767222102,35098,1269,0.0361559063194484,2801,935,0.3338093538022135,WinoGrande,0.5,discovery,validation
602,0.46877521917039544,0.019848695466210434,0.9177151180110532,55450,2191,0.03951307484220018,35100,1246,0.0354985754985755,2793,918,0.32867883995703545,WinoGrande,0.5,discovery,validation
603,1.5456434941733697,0.10671689408069107,0.8892160709486665,55425,2972,0.05362201172755977,35079,1832,0.05222497790700989,2801,1120,0.39985719385933594,WinoGrande,0.5,discovery,validation
604,0.9909753484294697,0.07355882497300481,0.8951691724447922,55449,2817,0.05080344099983769,35082,1727,0.04922752408642609,2794,1040,0.37222619899785253,WinoGrande,0.5,discovery,validation
605,0.6873830551872461,0.01811458604530071,0.9168748213815989,55453,2213,0.03990766955800407,35099,1231,0.03507222427989402,2803,928,0.33107384944702106,WinoGrande,0.5,discovery,validation
606,0.30741917189145135,0.017668680496150554,0.8898004001504713,55412,2956,0.05334584566519887,35095,1631,0.046473856674739994,2804,1037,0.3698288159771755,WinoGrande,0.5,discovery,validation
607,0.7322575250918276,0.027487145274668067,0.9024177968831686,55470,2618,0.047196682891653144,35120,1447,0.041201594533029615,2816,1038,0.36860795454545453,WinoGrande,0.5,discovery,validation
608,1.0411433438330886,0.03660981608212147,0.9171222344326458,55445,2205,0.03976914058977365,35080,1282,0.036545039908779935,2792,896,0.3209169054441261,WinoGrande,0.5,discovery,validation
609,1.405184250075999,0.0806110992301112,0.9052650550793747,55462,2536,0.045725000901518154,35109,1412,0.04021760802073542,2803,978,0.3489118801284338,WinoGrande,0.5,discovery,validation
610,0.7521171294302879,0.017228934987168508,0.916632911799229,55490,2230,0.04018742115696522,35111,1229,0.035003275326820654,2807,905,0.3224082650516566,WinoGrande,0.5,discovery,validation
611,1.0258272306754719,0.051919259307472,0.9045087732654535,55444,2555,0.04608253372772527,35083,1497,0.04267023914716529,2803,1008,0.3596146985372815,WinoGrande,0.5,discovery,validation
612,0.5720166925087505,0.03864315426524001,0.9030795625116848,55438,2592,0.04675493343915726,35084,1582,0.045091779728651235,2800,1026,0.36642857142857144,WinoGrande,0.5,discovery,validation
613,0.33691559121679554,0.027349282699238524,0.9037574399119814,55455,2578,0.04648814353980705,35093,1454,0.04143276436896247,2812,1023,0.3637980085348506,WinoGrande,0.5,discovery,validation
614,1.389395362313052,0.057709580838323345,0.9166489584930639,55444,2218,0.04000432869201356,35095,1334,0.03801111269411597,2798,987,0.3527519656897784,WinoGrande,0.5,discovery,validation
615,1.8857640965330829,0.08034377673224978,0.895912860851333,55451,2796,0.0504228958900651,35092,1678,0.0478171663057107,2799,1056,0.37727759914255093,WinoGrande,0.5,discovery,validation
616,0.8524069897603924,0.04684245639156471,0.9181487071848571,55458,2182,0.03934508997800137,35095,1201,0.034221399059695116,2794,896,0.3206871868289191,WinoGrande,0.5,discovery,validation
617,0.9909588430585657,0.055185824004165565,0.897683582873519,55477,2756,0.04967824503848442,35123,1506,0.04287788628534009,2815,956,0.33960923623445827,WinoGrande,0.5,discovery,validation
618,1.2649652684829782,0.02771785621303975,0.9157544670660444,55429,2241,0.04043009976726984,35102,1253,0.03569597173950202,2802,961,0.34296930763740185,WinoGrande,0.5,discovery,validation
619,0.6936388832299017,0.034578165098374684,0.9181480483391866,55442,2175,0.03923018650120847,35089,1220,0.034768730941320644,2788,896,0.321377331420373,WinoGrande,0.5,discovery,validation
620,0.6479554371577292,0.03388422218794262,0.9027804593551672,55460,2610,0.04706094482509917,35093,1471,0.04191719146268487,2797,999,0.3571683947086164,WinoGrande,0.5,discovery,validation
621,1.347334069479318,0.11414670658682635,0.8977571904918185,55474,2752,0.04960882575621012,35108,1664,0.04739660476244731,2799,992,0.3544122901036084,WinoGrande,0.5,discovery,validation
622,0.9877095551137496,0.03339887847256307,0.9232247989386504,55430,2032,0.03665884899873715,35085,1173,0.0334330910645575,2786,880,0.31586503948312994,WinoGrande,0.5,discovery,validation
623,1.0622528835068645,0.09238950377932659,0.900404887651487,55453,2673,0.04820298270607541,35095,1625,0.0463028921498789,2805,1058,0.3771836007130125,WinoGrande,0.5,discovery,validation
624,1.2047028622611173,0.056400207425491136,0.9010903154976441,55452,2653,0.04784317968693645,35091,1629,0.04642215952808412,2807,1086,0.3868899180619879,WinoGrande,0.5,discovery,validation
625,0.6221294941046451,0.032779416221014844,0.9037846940587133,55476,2585,0.04659672651236571,35099,1513,0.043106641214849424,2808,1036,0.36894586894586895,WinoGrande,0.5,discovery,validation
626,0.7647577194203145,0.032737649700598795,0.9127859252077337,55395,2314,0.04177272316996119,35047,1264,0.03606585442405912,2770,894,0.3227436823104693,WinoGrande,0.5,discovery,validation
627,1.1711072987835622,0.025561377245508988,0.9159874503722362,55456,2241,0.040410415464512406,35094,1216,0.034649797686214165,2804,930,0.33166904422253923,WinoGrande,0.5,discovery,validation
628,0.941940994162669,0.06023415126269201,0.9028994455861045,55429,2596,0.04683468942250447,35083,1425,0.04061796311603911,2798,951,0.3398856325947105,WinoGrande,0.5,discovery,validation
629,1.1175901054876112,0.05083137296834901,0.914847021024552,55502,2283,0.041133652841339054,35124,1311,0.03732490604714725,2820,956,0.33900709219858155,WinoGrande,0.5,discovery,validation
630,1.2893261023688252,0.04112291720906014,0.9006211176765828,55456,2668,0.04811021350259665,35102,1481,0.04219132812945131,2811,991,0.3525435787975809,WinoGrande,0.5,discovery,validation
631,1.8745677932566196,0.06510348867482425,0.90879605248857,55465,2441,0.04400973586946723,35105,1359,0.03871243412619285,2800,937,0.33464285714285713,WinoGrande,0.5,discovery,validation
632,0.9432365195450234,0.0368499680965937,0.9121785535961769,55475,2352,0.042397476340694004,35110,1289,0.03671318712617488,2809,929,0.33072267710929154,WinoGrande,0.5,discovery,validation
633,0.7779390167144594,0.05847679640718562,0.9096066542342228,55455,2412,0.04349472545307006,35090,1397,0.03981191222570533,2794,952,0.34073013600572655,WinoGrande,0.5,discovery,validation
634,0.8782724922964493,0.06490822702421245,0.9088333896674091,55444,2433,0.043882115287497296,35096,1429,0.04071689081376795,2797,1006,0.3596710761530211,WinoGrande,0.5,discovery,validation
635,0.8096347802103548,0.02780077763219107,0.9102118686191861,55437,2394,0.043184154986741705,35092,1349,0.0384418100991679,2797,933,0.33357168394708614,WinoGrande,0.5,discovery,validation
636,1.6796919625617732,0.08801012106222336,0.9031460963563683,55438,2589,0.04670081893286194,35082,1580,0.04503734108659711,2791,1070,0.3833751343604443,WinoGrande,0.5,discovery,validation
637,0.26343357820084623,0.018540558634284224,0.9047759977310708,55473,2557,0.04609449642168262,35114,1330,0.037876630403827535,2810,950,0.33807829181494664,WinoGrande,0.5,discovery,validation
638,1.0016903030181923,0.057391467065868264,0.9002388581969729,55429,2668,0.04813364845117177,35073,1599,0.04559062526729963,2797,1016,0.36324633535931355,WinoGrande,0.5,discovery,validation
639,1.2300569399030288,0.09142964071856287,0.8985805156055537,55427,2718,0.04903747271185523,35083,1576,0.04492204201465097,2801,1026,0.3662977508032845,WinoGrande,0.5,discovery,validation
640,0.8796069655220639,0.0341116873396065,0.9154671354825961,55457,2255,0.040662134626827995,35099,1252,0.03567053192398644,2796,910,0.32546494992846925,WinoGrande,0.5,discovery,validation
641,1.2966898629707644,0.015550149700598792,0.909745305087591,55465,2418,0.04359505994771477,35093,1347,0.038383723249650926,2792,949,0.3398997134670487,WinoGrande,0.5,discovery,validation
642,0.9642786866599177,0.026545124037639013,0.9089083800420257,55431,2429,0.043820244989265934,35095,1283,0.036557914232796695,2801,938,0.33488039985719387,WinoGrande,0.5,discovery,validation
643,2.2489709570099747,0.09830203722988806,0.9002774816026111,55445,2674,0.04822797366759852,35090,1542,0.043944143630664005,2807,1023,0.36444602778767365,WinoGrande,0.5,discovery,validation
644,1.0164453308423136,0.05849306821140327,0.9028968950430982,55462,2603,0.04693303523132956,35100,1400,0.039886039886039885,2804,932,0.33238231098430815,WinoGrande,0.5,discovery,validation
645,1.1301097122533135,0.09413652203789144,0.9030533339455555,55416,2590,0.0467374043597517,35068,1616,0.046081898026691,2771,991,0.3576326236015879,WinoGrande,0.5,discovery,validation
646,1.0758606176583645,0.058717386655260904,0.9049612978131011,55458,2547,0.04592664719246998,35095,1322,0.03766918364439379,2794,957,0.3425196850393701,WinoGrande,0.5,discovery,validation
647,1.1726210403013668,0.06344329783056837,0.9002109912401224,55410,2665,0.048096011550261684,35075,1429,0.04074126870990734,2792,937,0.33560171919770776,WinoGrande,0.5,discovery,validation
648,0.814324200232916,0.05397241231822068,0.9042402667322046,55425,2556,0.04611637347767253,35079,1540,0.04390090937597993,2799,1040,0.3715612718828153,WinoGrande,0.5,discovery,validation
649,1.4016923277745161,0.03041253558456857,0.8977324988358965,55459,2749,0.04956814944373321,35097,1413,0.04025985126933926,2804,985,0.351283880171184,WinoGrande,0.5,discovery,validation
650,1.2271846111687574,0.03524712869343281,0.8970073496687081,55419,2756,0.04973023692235515,35070,1546,0.044083262047333906,2786,1034,0.3711414213926777,WinoGrande,0.5,discovery,validation
651,0.795765372985739,0.037172529940119756,0.8971595858997583,55439,2757,0.04973033424123812,35096,1609,0.04584568041942102,2812,1065,0.3787339971550498,WinoGrande,0.5,discovery,validation
652,1.8710790563136883,0.14608692451163247,0.8676756066673347,55395,3565,0.06435598880765413,35063,2481,0.07075834925705159,2825,1198,0.424070796460177,WinoGrande,0.5,discovery,validation
653,1.0341409275088442,0.04155528229255775,0.9076136021494063,55464,2473,0.044587480167315736,35110,1366,0.0389062945029906,2810,930,0.3309608540925267,WinoGrande,0.5,discovery,validation
654,0.7231845811966265,0.029689907426771536,0.9105576001209676,55456,2389,0.04307919792267744,35104,1322,0.037659525979945305,2796,922,0.32975679542203146,WinoGrande,0.5,discovery,validation
655,2.2183253502813813,0.13982971556886228,0.8940290469877055,55498,2860,0.05153338859057984,35121,1826,0.05199168588593719,2818,1061,0.3765081618168914,WinoGrande,0.5,discovery,validation
656,0.2886680141566758,0.03497380239520957,0.9133156777399878,55460,2316,0.04175982690227191,35093,1274,0.03630353631778417,2797,937,0.33500178762960314,WinoGrande,0.5,discovery,validation
657,0.8679658895488048,0.031162132257224674,0.9003384600947089,55433,2669,0.04814821496220663,35090,1512,0.04308919920205187,2793,958,0.34300035803795204,WinoGrande,0.5,discovery,validation
658,1.239708484153219,0.04854041916167665,0.8866470290485725,55408,3042,0.054901819231879874,35084,1664,0.04742902747691255,2799,1031,0.368345837799214,WinoGrande,0.5,discovery,validation
659,0.674942955225553,0.04404777401718303,0.9123059489027149,55462,2338,0.04215498900147849,35101,1334,0.03800461525312669,2800,943,0.3367857142857143,WinoGrande,0.5,discovery,validation
660,1.8535797422682625,0.03989846394168186,0.9044449763962751,55471,2568,0.04629446016837627,35106,1408,0.04010710419871247,2806,956,0.3406985032074127,WinoGrande,0.5,discovery,validation
661,0.9953732159526391,0.042908747721947416,0.9149145175303813,55450,2263,0.040811541929666365,35084,1289,0.03674039448181507,2786,865,0.31048097631012206,WinoGrande,0.5,discovery,validation
662,1.014663505796751,0.044930119269657405,0.9164156825214019,55446,2225,0.04012913465353678,35093,1270,0.036189553472202436,2798,923,0.3298784846318799,WinoGrande,0.5,discovery,validation
663,0.41233748123867053,0.031363902629523564,0.9099426919694229,55438,2401,0.04330964320502183,35091,1329,0.037872958878344874,2791,947,0.3393049086348979,WinoGrande,0.5,discovery,validation
664,1.0629266567806188,0.06866579341317366,0.8992323192891271,55452,2706,0.048798961263795716,35108,1514,0.043124074285063235,2811,1028,0.3657061543934543,WinoGrande,0.5,discovery,validation
665,1.2735316577128932,0.044080384313340534,0.904579338826763,55454,2555,0.04607422368088866,35084,1446,0.041215368829095884,2791,968,0.34682909351486924,WinoGrande,0.5,discovery,validation
666,1.2559839306679286,0.05126083237252203,0.9125273317967806,55483,2341,0.042193104194077465,35104,1393,0.039682087511394716,2800,945,0.3375,WinoGrande,0.5,discovery,validation
667,2.134343864553795,0.12094832074980474,0.887692501142766,55425,3016,0.05441587731168245,35090,1690,0.0481618694784839,2806,976,0.34782608695652173,WinoGrande,0.5,discovery,validation
668,0.6283804773504413,0.027778817365269454,0.9122816556684432,55455,2344,0.042268505995852496,35101,1304,0.037149938748183814,2801,944,0.3370224919671546,WinoGrande,0.5,discovery,validation
669,0.5889604189842604,0.017112649700598795,0.9118004133512406,55456,2354,0.04244806693594922,35098,1263,0.03598495640777252,2804,894,0.318830242510699,WinoGrande,0.5,discovery,validation
670,0.9247533722209776,0.03482410179640719,0.9130223158920274,55452,2321,0.04185601962057275,35090,1332,0.037959532630379024,2795,960,0.3434704830053667,WinoGrande,0.5,discovery,validation
671,0.966868475361396,0.06220710752408228,0.9114398320928129,55470,2369,0.04270776996574725,35104,1271,0.0362067000911577,2804,908,0.3238231098430813,WinoGrande,0.5,discovery,validation
672,1.3637398740910074,0.06959043868784169,0.909503955358187,55471,2423,0.04368048169313696,35101,1402,0.03994188199766389,2802,1012,0.36117059243397576,WinoGrande,0.5,discovery,validation
673,1.3085594372388945,0.07172611299140849,0.9025042772859075,55446,2612,0.04710889874833171,35090,1456,0.04149330293530921,2795,1002,0.3584973166368515,WinoGrande,0.5,discovery,validation
674,1.4645122272311586,0.09369711663629263,0.8957920323641846,55435,2797,0.050455488409849376,35083,1594,0.045435111022432514,2806,1011,0.3602993585174626,WinoGrande,0.5,discovery,validation
675,0.9504706818311136,0.028998355747521357,0.910040547768443,55450,2400,0.04328223624887286,35093,1455,0.04146126008035791,2805,1012,0.3607843137254902,WinoGrande,0.5,discovery,validation
676,1.3259656097469108,0.05267415479599806,0.9228879114691098,55424,2038,0.036771073903002306,35072,1152,0.032846715328467155,2786,867,0.3111988513998564,WinoGrande,0.5,discovery,validation
677,1.1095278580615568,0.03522178735899548,0.879355870343582,55392,3242,0.05852830733679954,35065,1778,0.05070583202623699,2801,1079,0.385219564441271,WinoGrande,0.5,discovery,validation
678,1.1874366675057795,0.08304855453028372,0.8935581611576047,55452,2859,0.05155810430642718,35086,1788,0.05096049706435615,2811,1078,0.38349341871220205,WinoGrande,0.5,discovery,validation
679,1.4536173091028197,0.057528963811507426,0.9062457341177623,55481,2520,0.04542095492150466,35126,1416,0.040312019586630984,2814,929,0.330135039090263,WinoGrande,0.5,discovery,validation
680,0.8604497817030144,0.03344262561832856,0.8908907861552938,55451,2938,0.052983715352293015,35106,1562,0.044493818720446644,2809,1002,0.3567105731577074,WinoGrande,0.5,discovery,validation
681,0.295445751755214,0.024419910179640722,0.9096115185864861,55432,2410,0.043476692163371335,35077,1342,0.03825868802919292,2796,976,0.3490701001430615,WinoGrande,0.5,discovery,validation
682,1.4930464784846131,0.046525289584764894,0.9033165294167301,55478,2600,0.0468654241320884,35117,1523,0.04336930831221346,2816,1040,0.3693181818181818,WinoGrande,0.5,discovery,validation
683,1.3408436915963242,0.08518976391479338,0.8759918598982823,55395,3328,0.0600776243343262,35055,2076,0.05922122379118528,2808,1071,0.3814102564102564,WinoGrande,0.5,discovery,validation
684,0.9952281645150739,0.027734928269923853,0.9141234710312555,55449,2290,0.04129921188840195,35108,1261,0.0359177395465421,2803,941,0.33571173742418836,WinoGrande,0.5,discovery,validation
685,1.0078712350792434,0.06067122926278591,0.8828983716770626,55460,3158,0.0569419401370357,35092,2044,0.05824689387894677,2822,1129,0.40007087172218286,WinoGrande,0.5,discovery,validation
686,1.2557540237579041,0.08818300898203593,0.8732051355898954,55410,3410,0.06154123804367443,35054,2189,0.06244651109716438,2810,1161,0.4131672597864769,WinoGrande,0.5,discovery,validation
687,1.1515594844620618,0.0585662913303827,0.9056067969983692,55446,2526,0.0455578400605995,35092,1379,0.03929670580189217,2797,933,0.33357168394708614,WinoGrande,0.5,discovery,validation
688,0.9521278363296042,0.07363474894473349,0.8646623018593435,55435,3657,0.06596915306214485,35061,2424,0.06913664755711474,2816,1194,0.4240056818181818,WinoGrande,0.5,discovery,validation
689,0.2818178274532548,0.013316604495926181,0.9199981881606896,55460,2130,0.03840605842048323,35095,1192,0.033964952272403474,2793,926,0.33154314357321873,WinoGrande,0.5,discovery,validation
690,0.808542551913837,0.050413210464317265,0.8906175386141607,55465,2939,0.05298837104480303,35088,1845,0.05258207934336525,2810,1116,0.39715302491103205,WinoGrande,0.5,discovery,validation
691,1.2427172238015365,0.03823699936193187,0.883201371145065,55417,3144,0.05673349333237093,35075,1790,0.05103349964362081,2795,1025,0.3667262969588551,WinoGrande,0.5,discovery,validation
692,1.1527472385464148,0.05409053818592323,0.8917344478097515,55434,2906,0.05242270086950247,35075,1767,0.05037776193870278,2797,1032,0.36896675008938146,WinoGrande,0.5,discovery,validation
693,0.8580056261962096,0.02483097329930303,0.9256926671339363,55456,1966,0.035451529140219276,35081,1036,0.029531655311992245,2782,802,0.2882818116462976,WinoGrande,0.5,discovery,validation
694,1.4403822905140122,0.06443314369123478,0.8815257751636969,55408,3186,0.05750072191741265,35071,2078,0.05925123321262581,2808,1132,0.4031339031339031,WinoGrande,0.5,discovery,validation
695,0.5649589631642554,0.04314184131736527,0.9125030474322576,55475,2341,0.0421991888237945,35100,1284,0.03658119658119658,2795,941,0.3366726296958855,WinoGrande,0.5,discovery,validation
696,1.9405122878580046,0.12493450598802396,0.9061552931473131,55462,2519,0.04541848472828243,35108,1613,0.04594394440013672,2807,1008,0.35910224438902744,WinoGrande,0.5,discovery,validation
697,0.9346769460923054,0.05110566909658945,0.917185837559802,55467,2211,0.039861539293634056,35115,1198,0.03411647444112203,2804,870,0.3102710413694722,WinoGrande,0.5,discovery,validation
698,0.18528903950707667,0.017187960145283194,0.9031740984377981,55461,2597,0.046825697336867346,35105,1414,0.040279162512462614,2810,968,0.34448398576512457,WinoGrande,0.5,discovery,validation
699,1.14493462531836,0.0843375748502994,0.8931938232690709,55442,2871,0.05178384618159518,35119,1679,0.047808878384919845,2817,1070,0.3798367057153,WinoGrande,0.5,discovery,validation
700,0.8018346509175012,0.05315751693334643,0.9085200718405877,55432,2438,0.04398181555780055,35085,1386,0.03950406156477127,2800,968,0.3457142857142857,WinoGrande,0.5,discovery,validation
701,0.951941316101328,0.060151571856287424,0.8889130779249856,55445,2984,0.05381910000901795,35085,1838,0.05238705999714978,2798,1132,0.4045746962115797,WinoGrande,0.5,discovery,validation
702,0.6283686908879654,0.036620508982035935,0.9052185727041514,55484,2547,0.04590512580203302,35113,1488,0.04237746703500128,2813,1017,0.36153572698186986,WinoGrande,0.5,discovery,validation
703,0.6433595210786528,0.0322475149487198,0.9103144478075107,55496,2404,0.04331843736485513,35109,1433,0.04081574525050557,2813,957,0.3402061855670103,WinoGrande,0.5,discovery,validation
704,0.5077173720243454,0.019797904191616762,0.8971157020767272,55470,2770,0.04993690283035875,35111,1562,0.044487482555324545,2814,1010,0.35891968727789625,WinoGrande,0.5,discovery,validation
705,0.31501532379235064,0.014189013277792251,0.9082339340463902,55496,2467,0.04445365431742828,35114,1373,0.0391012131913197,2814,940,0.334044065387349,WinoGrande,0.5,discovery,validation
706,0.6396896319677957,0.021628975655246883,0.9069298742610928,55452,2490,0.044903700497727767,35085,1429,0.0407296565483825,2798,960,0.3431022158684775,WinoGrande,0.5,discovery,validation
707,1.3792439424777578,0.08813215959385576,0.8868164479361497,55477,3058,0.0551219424265912,35120,1633,0.04649772209567198,2817,1035,0.36741214057507987,WinoGrande,0.5,discovery,validation
708,0.7458715568434398,0.06125520697734965,0.9018241983403952,55453,2635,0.04751771770688691,35106,1469,0.041844698911866915,2798,1011,0.36132952108649036,WinoGrande,0.5,discovery,validation
709,1.4084406624789758,0.07819248797486993,0.913970926143705,55470,2300,0.041463854335676946,35107,1329,0.037855698293787564,2807,923,0.3288208051300321,WinoGrande,0.5,discovery,validation
710,0.6808233560180303,0.03766515881280917,0.9090485598159156,55411,2422,0.043709732724549276,35093,1320,0.037614339041974185,2802,933,0.3329764453961456,WinoGrande,0.5,discovery,validation
711,1.1247501779866482,0.07224681072637335,0.9132641049734023,55448,2314,0.041732794690520846,35093,1286,0.03664548485452939,2795,952,0.340608228980322,WinoGrande,0.5,discovery,validation
712,1.9069363706039055,0.06402548164540486,0.9023844394536361,55484,2619,0.0472027972027972,35097,1522,0.04336552981736331,2808,974,0.3468660968660969,WinoGrande,0.5,discovery,validation
713,0.8894622023257479,0.044321193678217324,0.9048291075340629,55420,2541,0.04584987369180801,35082,1466,0.041787811413260365,2790,964,0.34551971326164876,WinoGrande,0.5,discovery,validation
714,0.8382739766303092,0.029640718562874254,0.9059707728018129,55453,2517,0.04538978955151209,35101,1348,0.0384034642887667,2803,946,0.33749554049232966,WinoGrande,0.5,discovery,validation
715,1.1069330522613967,0.05982410179640719,0.9032821981953115,55444,2584,0.046605584012697494,35082,1523,0.04341257624992874,2795,1010,0.3613595706618962,WinoGrande,0.5,discovery,validation
716,1.1140799770499192,0.0674388927063905,0.8885224405465301,55461,3003,0.054146156758803486,35080,1787,0.05094070695553022,2812,1094,0.3890469416785206,WinoGrande,0.5,discovery,validation
717,0.5259053752141662,0.02893393540787277,0.9109001175437831,55454,2383,0.04297255382839831,35089,1358,0.03870158739206019,2792,935,0.33488538681948427,WinoGrande,0.5,discovery,validation
718,1.8104100686361695,0.09253368263473054,0.892650868270646,55464,2892,0.05214192990047598,35124,1561,0.04444254640701514,2816,959,0.3405539772727273,WinoGrande,0.5,discovery,validation
719,0.9036518398138176,0.04221022241231821,0.8976557479235928,55474,2751,0.04959079929336266,35106,1588,0.04523443286047969,2817,997,0.3539226127085552,WinoGrande,0.5,discovery,validation
720,0.6509348091988698,0.026104623052032573,0.9104647180169279,55438,2389,0.043093185179840544,35088,1358,0.03870269037847697,2788,1001,0.35903873744619796,WinoGrande,0.5,discovery,validation
721,0.7349348507527316,0.07564941837636203,0.9005017981273646,55458,2671,0.04816257347902918,35087,1589,0.045287428392282045,2808,1025,0.36502849002849,WinoGrande,0.5,discovery,validation
722,0.7640842386146083,0.05924063757730442,0.9179131825458516,55472,2192,0.03951543120853764,35086,1337,0.03810636721199339,2795,971,0.34740608228980324,WinoGrande,0.5,discovery,validation
723,0.7202990659680295,0.049516433988758046,0.8997768651112757,55448,2686,0.04844178329245419,35080,1636,0.046636259977194984,2795,1061,0.37960644007155636,WinoGrande,0.5,discovery,validation
724,0.5648524046549743,0.0369817430356678,0.9044977320760242,55460,2561,0.046177425171294625,35100,1443,0.04111111111111111,2798,962,0.3438170121515368,WinoGrande,0.5,discovery,validation
725,1.4288631215826437,0.0866407553744969,0.8925274546911596,55460,2892,0.05214569058781104,35089,1839,0.052409587050072676,2805,1106,0.3942959001782531,WinoGrande,0.5,discovery,validation
726,0.840869776821841,0.04484499239226465,0.8791168607787755,55458,3265,0.05887338165819179,35094,1928,0.05493816606827378,2812,1066,0.3790896159317212,WinoGrande,0.5,discovery,validation
727,1.4142160290929449,0.11192926646706586,0.9016487074356281,55421,2630,0.04745493585463994,35092,1575,0.04488202439302405,2794,964,0.345025053686471,WinoGrande,0.5,discovery,validation
728,1.9032968981704173,0.07597305389221556,0.909296898919214,55484,2434,0.04386850263138923,35104,1391,0.03962511394712853,2803,940,0.3353549768105601,WinoGrande,0.5,discovery,validation
729,0.9552597349102373,0.045967440119760485,0.9106357720588644,55475,2394,0.043154574132492116,35125,1406,0.04002846975088968,2829,1008,0.3563096500530223,WinoGrande,0.5,discovery,validation
730,0.8964975073181931,0.04937272194740952,0.9047991096479523,55475,2556,0.04607480847228481,35113,1518,0.043231851451029535,2806,1037,0.3695652173913043,WinoGrande,0.5,discovery,validation
731,1.0483526717668123,0.027012938408896486,0.9071076249781939,55447,2485,0.04481757353869461,35092,1344,0.03829932748204719,2796,982,0.3512160228898426,WinoGrande,0.5,discovery,validation
732,1.1496859150498246,0.042299775449101795,0.913310631861527,55464,2315,0.04173878551853454,35103,1254,0.03572344244081702,2807,898,0.31991449946562167,WinoGrande,0.5,discovery,validation
733,0.7183279371612981,0.017843776732249784,0.9024585372794984,55445,2609,0.047055640725042834,35080,1495,0.042616875712656786,2804,1010,0.3601997146932953,WinoGrande,0.5,discovery,validation
734,0.7375559208197243,0.03938536860704821,0.8934367242869244,55448,2866,0.05168806809984129,35095,1683,0.04795554922353611,2806,1055,0.3759800427655025,WinoGrande,0.5,discovery,validation
735,0.8254450690050782,0.03622510413954699,0.9144987344901905,55449,2280,0.04111886598495915,35102,1267,0.03609480941256908,2797,951,0.34000715051841257,WinoGrande,0.5,discovery,validation
736,1.7738860003054273,0.0807040809684978,0.8893855659890793,55426,2971,0.053603002201133045,35087,1782,0.05078804115484367,2815,1100,0.3907637655417407,WinoGrande,0.5,discovery,validation
737,1.032486216390188,0.0350922131147541,0.8865540754369753,55430,3048,0.05498827349810572,35081,1733,0.049399960092357684,2808,1049,0.3735754985754986,WinoGrande,0.5,discovery,validation
738,1.0174849889602682,0.050355538922155677,0.9045301676254888,55446,2557,0.046116942610828555,35075,1535,0.04376336421952958,2807,987,0.3516209476309227,WinoGrande,0.5,discovery,validation
739,0.9018866552466854,0.05270197310297437,0.9023142564971227,55434,2611,0.04710105711296316,35076,1505,0.042906830881514424,2797,976,0.34894529853414374,WinoGrande,0.5,discovery,validation
740,0.6343118756699107,0.008001659724030193,0.8888771912444072,55445,2991,0.05394535124898548,35098,1600,0.04558664311356773,2801,988,0.35273116744019994,WinoGrande,0.5,discovery,validation
741,0.3838483781511773,0.023443601926581625,0.9089981795229425,55445,2431,0.04384525205158265,35091,1282,0.036533584109885726,2789,906,0.3248476156328433,WinoGrande,0.5,discovery,validation
742,0.9899448404288365,0.08034244011976048,0.8987094076576362,55461,2724,0.049115594742251314,35104,1527,0.04349931631722881,2808,999,0.3557692307692308,WinoGrande,0.5,discovery,validation
743,1.5304962813155207,0.068902373823781,0.8975431846291327,55456,2752,0.04962492787074437,35082,1624,0.04629154552192007,2794,1046,0.3743736578382248,WinoGrande,0.5,discovery,validation
744,2.2814746959240915,0.1351983532934132,0.9042523631318692,55434,2559,0.046163004654183354,35078,1594,0.04544158731968755,2784,967,0.3473419540229885,WinoGrande,0.5,discovery,validation
745,2.4086349694783835,0.0884436484174508,0.9067311211398389,55459,2495,0.0449881894733046,35110,1481,0.042181714611221874,2811,977,0.34756314478833156,WinoGrande,0.5,discovery,validation
746,0.49343081221349444,0.008625160393498718,0.91621223627874,55440,2230,0.040223665223665224,35090,1159,0.03302935309204902,2785,881,0.3163375224416517,WinoGrande,0.5,discovery,validation
747,1.235525068828846,0.04789082549187339,0.9068841749407133,55452,2488,0.04486763326841232,35082,1491,0.04250042756969386,2792,1031,0.36926934097421205,WinoGrande,0.5,discovery,validation
748,0.4767373407948021,0.04494760479041916,0.9174108455684596,55466,2204,0.03973605451988606,35107,1208,0.034409092203833994,2806,925,0.32965074839629366,WinoGrande,0.5,discovery,validation
749,0.4313007345791389,0.02760104790419161,0.902748187718621,55414,2597,0.04686541307250875,35071,1366,0.03894955946508511,2780,938,0.33741007194244604,WinoGrande,0.5,discovery,validation
750,0.422593149085637,0.02483756871502895,0.8877611096069912,55469,3029,0.054607077827254866,35116,1601,0.04559175304704408,2814,995,0.35358919687277895,WinoGrande,0.5,discovery,validation
751,1.2296412696847692,0.03534003421727972,0.9112735514434915,55470,2376,0.04283396430502975,35105,1388,0.039538527275316905,2806,1005,0.35816108339272984,WinoGrande,0.5,discovery,validation
752,0.9734652130661315,0.03227152252871306,0.9092738489274425,55447,2423,0.04369938860533482,35090,1416,0.04035337703049302,2800,917,0.3275,WinoGrande,0.5,discovery,validation
753,1.6621905758079738,0.09799287294975269,0.9110877046187302,55458,2375,0.042825201053049156,35105,1403,0.03996581683520866,2805,942,0.3358288770053476,WinoGrande,0.5,discovery,validation
754,0.8651741834477417,0.03603507271171942,0.9036886461201683,55475,2584,0.04657954033348355,35109,1522,0.04335070779572189,2807,964,0.3434271464196651,WinoGrande,0.5,discovery,validation
755,0.7549728752260393,0.06669161676646707,0.9001528274571411,55453,2681,0.048347249021694044,35112,1531,0.04360332649806334,2810,1031,0.36690391459074734,WinoGrande,0.5,discovery,validation
756,1.3872085373645973,0.09369711663629265,0.8995658003740254,55427,2686,0.048460136756454435,35072,1676,0.047787408759124086,2799,996,0.3558413719185423,WinoGrande,0.5,discovery,validation
757,1.558903849396646,0.023389784934763402,0.9201072863246497,55457,2125,0.03831797608958292,35102,1134,0.032305851518431995,2806,890,0.3171774768353528,WinoGrande,0.5,discovery,validation
758,2.182800352814742,0.0647470427996466,0.9027421548990383,55494,2620,0.04721231124085487,35130,1516,0.04315399943068602,2821,1002,0.3551931939028713,WinoGrande,0.5,discovery,validation
759,1.1464415733119768,0.057587949101796404,0.9065527541931367,55440,2492,0.04494949494949495,35082,1484,0.04230089504589248,2792,982,0.3517191977077364,WinoGrande,0.5,discovery,validation
760,0.772234946499752,0.04583645209580839,0.9074557345868343,55476,2478,0.04466796452520009,35096,1399,0.039862092546159106,2813,957,0.3402061855670103,WinoGrande,0.5,discovery,validation
761,0.7631613779309484,0.04487275449101796,0.9050642725912741,55463,2544,0.04586841678235941,35106,1395,0.03973679712869595,2814,962,0.34186211798152094,WinoGrande,0.5,discovery,validation
762,1.281946182907038,0.08095861847733105,0.8888772504327134,55461,2990,0.05391175781179568,35095,1699,0.04841145462316569,2811,1043,0.37104233368907863,WinoGrande,0.5,discovery,validation
763,1.3125170640484665,0.06892910607356714,0.9185637108141674,55450,2168,0.03909828674481515,35090,1233,0.03513821601595896,2791,883,0.31637405947689,WinoGrande,0.5,discovery,validation
764,0.3981727833278997,0.03297132443188159,0.9177330607079467,55449,2187,0.03944164908294108,35095,1282,0.036529420145319846,2796,891,0.3186695278969957,WinoGrande,0.5,discovery,validation
765,0.8500937877773685,0.07597305389221556,0.9021019739320696,55478,2631,0.047424204189047914,35109,1474,0.04198353698481871,2815,993,0.352753108348135,WinoGrande,0.5,discovery,validation
766,1.532292693205155,0.10553432070285661,0.8675653649950125,55420,3571,0.06443522194153735,35070,2566,0.07316794981465641,2826,1212,0.4288747346072187,WinoGrande,0.5,discovery,validation
767,1.2877146034047795,0.06775152474808045,0.8943293350962507,55416,2831,0.05108632885809153,35081,1820,0.051879935007553946,2813,1129,0.4013508709562744,WinoGrande,0.5,discovery,validation
768,0.6584359127978198,0.06297717065868264,0.8870871405860318,55459,3043,0.05486936295281199,35105,1839,0.05238570004272895,2820,1083,0.3840425531914894,WinoGrande,0.5,discovery,validation
769,1.0883362079823131,0.02409918891724747,0.9026517389855537,55485,2619,0.04720194647201947,35123,1415,0.04028699143011702,2820,990,0.35106382978723405,WinoGrande,0.5,discovery,validation
770,1.302711195216078,0.06332979532737804,0.8822022686568397,55449,3173,0.05722375516240149,35084,2110,0.06014137498574849,2821,1149,0.40730237504431055,WinoGrande,0.5,discovery,validation
771,1.2065545347174997,0.03721768419682373,0.9129678836850346,55475,2329,0.04198287516899504,35097,1297,0.03695472547511183,2798,955,0.3413152251608292,WinoGrande,0.5,discovery,validation
772,1.100972582617605,0.0507100041719839,0.8895131810062931,55445,2968,0.05353052574623501,35083,1862,0.053074138471624434,2821,1100,0.38993264799716415,WinoGrande,0.5,discovery,validation
773,0.8288853865904718,0.05411155148718957,0.9007763139592851,55462,2666,0.04806894810861491,35090,1522,0.043374180678255915,2795,982,0.35134168157423973,WinoGrande,0.5,discovery,validation
774,1.3475102083633659,0.05941242514970059,0.8905118752468972,55467,2954,0.05325689148502713,35106,1661,0.047313849484418614,2812,1091,0.3879800853485064,WinoGrande,0.5,discovery,validation
775,2.135968906060223,0.10370508982035928,0.8912321168622934,55426,2916,0.05261068812470682,35080,1843,0.052537058152793616,2807,1137,0.4050587816173851,WinoGrande,0.5,discovery,validation
776,1.1139612986009946,0.04409252147878155,0.8990193114459902,55425,2700,0.04871447902571042,35103,1418,0.040395407799903145,2794,996,0.35647816750178957,WinoGrande,0.5,discovery,validation
777,0.8601986565537506,0.05840624079709433,0.9047098662562665,55418,2547,0.04595979645602512,35099,1507,0.04293569617368016,2798,986,0.35239456754824877,WinoGrande,0.5,discovery,validation
778,2.118485165938535,0.10330677929854576,0.897478245233122,55445,2752,0.04963477319866534,35099,1648,0.04695290464115787,2797,1029,0.3678941723274937,WinoGrande,0.5,discovery,validation
779,1.4402140578043623,0.07749853553762043,0.9007144486334057,55484,2673,0.04817605075337034,35123,1623,0.04620903681348404,2819,1050,0.37247250798155374,WinoGrande,0.5,discovery,validation
780,1.014948515912987,0.04041302640620398,0.9169847859508014,55472,2218,0.039984136140755695,35109,1223,0.03483437295280412,2811,891,0.31696905016008536,WinoGrande,0.5,discovery,validation
781,0.71796615418153,0.0340972256307058,0.8892499580024031,55414,2969,0.05357851806402714,35074,1732,0.04938130809146376,2787,1031,0.36993182633656263,WinoGrande,0.5,discovery,validation
782,1.1893492623288913,0.0567757926769412,0.9051252553256431,55403,2524,0.045557099796039925,35079,1434,0.040879158470880014,2795,966,0.3456171735241503,WinoGrande,0.5,discovery,validation
783,1.2162349729037707,0.02579641145364296,0.8972957115550766,55460,2763,0.0498196898665705,35100,1518,0.04324786324786325,2805,979,0.34901960784313724,WinoGrande,0.5,discovery,validation
784,0.9117815074837572,0.047367222077583954,0.9035056263202139,55446,2584,0.04660390289651192,35069,1497,0.042687273660497876,2794,1042,0.37294201861130993,WinoGrande,0.5,discovery,validation
785,0.7209935885784466,0.04915118533424954,0.9176829897975112,55453,2194,0.03956503705840982,35081,1247,0.035546307117813064,2792,882,0.3159025787965616,WinoGrande,0.5,discovery,validation
786,0.9849752773398963,0.07010300052069775,0.8974504034752441,55446,2749,0.04957977130902139,35094,1625,0.04630421154613324,2804,1037,0.3698288159771755,WinoGrande,0.5,discovery,validation
787,0.6159013964838778,0.03595575242956709,0.9136464475705692,55467,2305,0.04155624064759226,35095,1363,0.038837441230944576,2802,994,0.3547466095645967,WinoGrande,0.5,discovery,validation
788,1.336269769114724,0.08970808383233533,0.8953967617788865,55447,2808,0.05064295633668188,35081,1830,0.05216498959550754,2801,1075,0.3837915030346305,WinoGrande,0.5,discovery,validation
789,0.35246025544070114,0.03354025644363447,0.9077237825402029,55429,2464,0.044453264536614405,35083,1348,0.038423167916084716,2792,935,0.33488538681948427,WinoGrande,0.5,discovery,validation
790,0.9747934420988456,0.07069610778443114,0.9117384174075915,55465,2362,0.04258541422518705,35105,1342,0.038228172624982196,2801,967,0.3452338450553374,WinoGrande,0.5,discovery,validation
791,0.6838992997382015,0.037640344311377236,0.8882825304563642,55389,2988,0.0539457292964307,35074,1750,0.049894508752922395,2797,1065,0.3807651054701466,WinoGrande,0.5,discovery,validation
792,0.950505975095335,0.08562223379328301,0.9040491525901805,55449,2569,0.046330862594456165,35098,1450,0.04131289532167075,2803,993,0.35426328933285767,WinoGrande,0.5,discovery,validation
793,0.7808764634604106,0.027464671512285474,0.9110192731612308,55449,2376,0.04285018665801006,35105,1252,0.03566443526563168,2803,926,0.3303603282197645,WinoGrande,0.5,discovery,validation
794,0.8024505959457717,0.07820920658682637,0.8993904164898396,55468,2705,0.04876685656594793,35107,1529,0.04355256786395875,2802,990,0.3533190578158458,WinoGrande,0.5,discovery,validation
795,0.7741998311135903,0.05004718823223118,0.8838856762412567,55464,3136,0.056541179864416556,35118,1734,0.049376388177003246,2826,1043,0.36907289455060155,WinoGrande,0.5,discovery,validation
796,1.5330213010595797,0.08169666102577453,0.9087061287750401,55438,2436,0.04394097911180057,35086,1475,0.042039559938436985,2797,999,0.3571683947086164,WinoGrande,0.5,discovery,validation
797,0.8320873001152381,0.052073261264356525,0.8910023801379634,55456,2931,0.05285271206001154,35094,1868,0.05322847210349348,2820,1114,0.3950354609929078,WinoGrande,0.5,discovery,validation
798,1.058322010530209,0.10390157185628743,0.9082744309616201,55483,2464,0.04440999945929384,35117,1512,0.04305606970982715,2811,985,0.3504091070793312,WinoGrande,0.5,discovery,validation
799,1.3796544213881066,0.10251883528025915,0.9117318443548222,55462,2357,0.042497565900977245,35102,1431,0.04076690786849752,2799,994,0.3551268310110754,WinoGrande,0.5,discovery,validation
800,0.5732668618185089,0.04443300898203592,0.8965279797940212,55468,2783,0.05017307276267397,35091,1628,0.04639366219258499,2815,1074,0.38152753108348136,WinoGrande,0.5,discovery,validation
801,1.6437891917425462,0.05994895454991657,0.8704885943547048,55394,3484,0.0628948983644438,35048,2193,0.06257133074640493,2816,1143,0.40589488636363635,WinoGrande,0.5,discovery,validation
802,1.2130634270997578,0.041834875331304595,0.9042350859953545,55422,2561,0.04620908664429288,35091,1459,0.041577612493231886,2794,998,0.35719398711524697,WinoGrande,0.5,discovery,validation
803,1.6152573215605184,0.05330410607356715,0.9111041680897134,55441,2372,0.04278422106383362,35091,1317,0.037530990852355305,2791,963,0.3450376209243999,WinoGrande,0.5,discovery,validation
804,0.88704156188609,0.022532380890393132,0.9188070057601148,55488,2169,0.03908953287197232,35107,1229,0.035007263508701966,2804,901,0.32132667617689015,WinoGrande,0.5,discovery,validation
805,1.229878534391589,0.05260906757912745,0.9080281004829701,55473,2468,0.044490112306888034,35104,1294,0.03686189608021878,2800,918,0.32785714285714285,WinoGrande,0.5,discovery,validation
806,0.907811092826528,0.07389595808383236,0.8967989553809539,55465,2776,0.05004958081673127,35102,1605,0.04572389037661672,2816,1045,0.37109375,WinoGrande,0.5,discovery,validation
807,1.2770132705155617,0.053477865697177086,0.9122603024786616,55463,2345,0.042280439211726736,35103,1418,0.040395407799903145,2793,974,0.34872896527031866,WinoGrande,0.5,discovery,validation
808,1.9269049892295858,0.07307667274147356,0.9141628961876614,55445,2288,0.04126611957796014,35103,1317,0.03751816084095377,2800,903,0.3225,WinoGrande,0.5,discovery,validation
809,0.49656265325421456,0.02798963726147135,0.9143111010418796,55444,2283,0.04117668277902027,35112,1272,0.036226930963773066,2818,947,0.33605393896380414,WinoGrande,0.5,discovery,validation
810,1.3216336524423573,0.09628433350689927,0.9078226389818094,55480,2475,0.044610670511896176,35112,1400,0.03987240829346093,2802,951,0.33940042826552463,WinoGrande,0.5,discovery,validation
811,0.408204386314172,0.021104530070294177,0.9118753704917953,55462,2357,0.042497565900977245,35101,1297,0.03695051423036381,2794,917,0.3282032927702219,WinoGrande,0.5,discovery,validation
812,1.5588055801313199,0.06190671934818888,0.8913176290261704,55437,2915,0.052582210437072716,35091,1995,0.05685218432076601,2816,1133,0.40234375,WinoGrande,0.5,discovery,validation
813,0.6763132840805848,0.04108591219200941,0.9003958702825421,55423,2661,0.04801255796330044,35073,1618,0.04613235252188293,2802,1026,0.36616702355460384,WinoGrande,0.5,discovery,validation
814,0.8623145834317072,0.0484187874251497,0.9046995829929741,55477,2561,0.046163274870667126,35120,1396,0.039749430523917995,2806,938,0.33428367783321455,WinoGrande,0.5,discovery,validation
815,1.8525628308530155,0.04917397348160821,0.9091550417673382,55484,2436,0.04390454905918823,35114,1407,0.04006948795352281,2806,999,0.35602280826799715,WinoGrande,0.5,discovery,validation
816,2.066533481005524,0.13953292186119565,0.8951309477060858,55464,2820,0.050843790566854175,35125,1771,0.050419928825622774,2818,1088,0.3860894251242016,WinoGrande,0.5,discovery,validation
817,0.8080881519317465,0.032393094246290055,0.9099753041355735,55441,2402,0.04332533684457351,35096,1314,0.03744016412126738,2800,956,0.3414285714285714,WinoGrande,0.5,discovery,validation
818,1.4702749159908945,0.03916296505349956,0.8988119288996782,55469,2722,0.049072454884710376,35120,1605,0.04570045558086561,2814,1017,0.36140724946695096,WinoGrande,0.5,discovery,validation
819,0.6728257666022747,0.018055947531167175,0.9168726273783968,55467,2217,0.03996971172048245,35101,1219,0.034728355317512324,2803,930,0.33178737067427755,WinoGrande,0.5,discovery,validation
820,1.2859070777291863,0.11279940119760479,0.8805514813502371,55453,3227,0.05819342506266568,35094,1799,0.051262324043996124,2798,998,0.3566833452466047,WinoGrande,0.5,discovery,validation
821,0.9472792981099017,0.058735551438107395,0.8743786362807336,55417,3382,0.06102820434162802,35063,2094,0.05972107349627813,2814,1147,0.4076048329779673,WinoGrande,0.5,discovery,validation
822,0.6050785812672455,0.04530477089299661,0.9136323730550485,55452,2305,0.041567481786049194,35097,1295,0.03689774054762515,2801,911,0.32524098536237056,WinoGrande,0.5,discovery,validation
823,2.4767699734898696,0.1340755988023952,0.8898382423395751,55423,2954,0.053299171823971994,35095,1814,0.05168827468300328,2810,1082,0.3850533807829182,WinoGrande,0.5,discovery,validation
824,0.3648575574715497,0.023158845352772704,0.9108659488212921,55448,2375,0.04283292454191314,35088,1254,0.035738714090287275,2781,930,0.3344120819848975,WinoGrande,0.5,discovery,validation
825,0.9601740024634239,0.04305228828058169,0.8942540867002605,55456,2845,0.05130193306405078,35103,1618,0.046092926530495966,2798,1035,0.3699070764832023,WinoGrande,0.5,discovery,validation
826,0.7685556237047357,0.044088053401393934,0.9061749324351942,55458,2513,0.04531357063002633,35095,1434,0.04086052144180083,2798,1015,0.362759113652609,WinoGrande,0.5,discovery,validation
827,1.369984842667749,0.11184017833897424,0.9070655628507582,55465,2492,0.044929234652483545,35104,1439,0.04099247948951686,2801,935,0.3338093538022135,WinoGrande,0.5,discovery,validation
828,1.7780958585564597,0.14283369735937962,0.8874224842728347,55481,3040,0.05479353292118022,35112,1921,0.05471064023695603,2813,1081,0.3842872378243868,WinoGrande,0.5,discovery,validation
829,0.7062130988672335,0.03275920984118719,0.9132306842923049,55466,2319,0.041809396747557064,35098,1210,0.03447489885463559,2794,923,0.33035075161059413,WinoGrande,0.5,discovery,validation
830,1.2195847303002,0.030267589820359295,0.9141999022909525,55453,2290,0.041296232845833405,35098,1279,0.0364408228389082,2800,962,0.3435714285714286,WinoGrande,0.5,discovery,validation
831,0.838663792672812,0.06599495680769607,0.8684624150384381,55449,3556,0.06413100326426086,35078,2263,0.06451337020354639,2822,1146,0.406094968107725,WinoGrande,0.5,discovery,validation
832,0.5570219286227721,0.04438162609207813,0.884895471492269,55440,3095,0.05582611832611833,35081,1879,0.05356175707648014,2820,1078,0.3822695035460993,WinoGrande,0.5,discovery,validation
833,1.0879725605187165,0.09709019461077846,0.8882252865009931,55449,3012,0.054320186116972355,35099,1645,0.04686743212057323,2809,989,0.35208259166963335,WinoGrande,0.5,discovery,validation
834,1.0843888398075514,0.05858907185628742,0.9052953476089887,55450,2531,0.04564472497745717,35090,1436,0.04092333998290111,2799,942,0.3365487674169346,WinoGrande,0.5,discovery,validation
835,0.7020794031116326,0.05104871778182764,0.9032855512440597,55420,2583,0.04660772284373872,35086,1521,0.04335062418058485,2803,968,0.3453442739921513,WinoGrande,0.5,discovery,validation
836,2.029214776978722,0.159555376951016,0.8871163236268574,55434,3038,0.054803910957174296,35084,1936,0.05518184927602326,2801,1080,0.3855765797929311,WinoGrande,0.5,discovery,validation
837,1.3583868027324797,0.05682927623014839,0.9022267762206719,55468,2626,0.047342611956443355,35106,1516,0.0431835013957728,2812,1041,0.37019914651493596,WinoGrande,0.5,discovery,validation
838,0.5780841615892083,0.019058757485029942,0.9138211632070214,55469,2306,0.04157277037624619,35092,1266,0.03607659865496409,2790,934,0.3347670250896057,WinoGrande,0.5,discovery,validation
839,1.2546307477524188,0.059750065087216864,0.9076427994554385,55460,2474,0.04460872701045799,35106,1422,0.040505896427961034,2805,998,0.35579322638146166,WinoGrande,0.5,discovery,validation
840,0.8481879709013471,0.05543600299401198,0.9107292780996664,55410,2375,0.042862299223966796,35075,1353,0.03857448325017819,2794,953,0.3410880458124553,WinoGrande,0.5,discovery,validation
841,0.8432421822859991,0.02262245694945513,0.9106765746259519,55467,2388,0.04305262588566174,35100,1288,0.036695156695156696,2801,961,0.34309175294537664,WinoGrande,0.5,discovery,validation
842,1.0360097252412426,0.053125,0.9088907073199545,55467,2440,0.043990120251681177,35102,1309,0.03729132243177027,2794,932,0.33357193987115247,WinoGrande,0.5,discovery,validation
843,1.463088434898403,0.05338697604790419,0.9037423788651813,55445,2573,0.04640634863378122,35075,1705,0.048610121168923735,2813,1104,0.39246356203341626,WinoGrande,0.5,discovery,validation
844,0.8956790062291273,0.0579434880239521,0.9124819358818657,55472,2343,0.04223752523795789,35122,1343,0.03823814133591481,2816,970,0.3444602272727273,WinoGrande,0.5,discovery,validation
845,1.0080179004953944,0.05625801967493584,0.9021795268280332,55446,2619,0.04723514771128666,35103,1362,0.03880010255533715,2811,934,0.3322660974742085,WinoGrande,0.5,discovery,validation
846,0.9762017635074803,0.07130411308530482,0.8810036689528221,55441,3203,0.057773128190328454,35079,2093,0.059665326833718176,2813,1181,0.41983647351581943,WinoGrande,0.5,discovery,validation
847,0.7561378244319739,0.029203353805574865,0.9066624167246667,55451,2494,0.04497664604786208,35094,1402,0.03994984897703311,2799,995,0.35548410146480885,WinoGrande,0.5,discovery,validation
848,1.8929582987821325,0.11780501497005988,0.8915892847220273,55417,2905,0.05242073731887327,35082,1757,0.050082663474146284,2804,1064,0.37945791726105566,WinoGrande,0.5,discovery,validation
849,1.4882035731360048,0.06333439678021006,0.917659089262634,55440,2190,0.039502164502164504,35097,1246,0.0355016098242015,2801,941,0.33595144591217424,WinoGrande,0.5,discovery,validation
850,1.3807580146116323,0.03602170658682634,0.907913060706514,55423,2453,0.0442596034137452,35073,1427,0.040686568015282414,2792,978,0.3502865329512894,WinoGrande,0.5,discovery,validation
851,1.3334270324250626,0.07760023431398075,0.9090077863472936,55409,2420,0.04367521521774441,35091,1396,0.03978228035678664,2794,1001,0.35826771653543305,WinoGrande,0.5,discovery,validation
852,1.4443347578056775,0.07666867352252016,0.908573807941364,55419,2437,0.04397408830906368,35091,1366,0.038927360291812714,2799,1006,0.3594140764558771,WinoGrande,0.5,discovery,validation
853,1.3345381535219119,0.03421146836761261,0.9039235873101288,55482,2581,0.0465195919397282,35103,1437,0.04093667207930946,2803,962,0.3432037103103817,WinoGrande,0.5,discovery,validation
854,0.8446738283396448,0.042992140718562874,0.913973287352031,55449,2292,0.04133528106909051,35089,1321,0.03764712587990538,2793,959,0.3433583959899749,WinoGrande,0.5,discovery,validation
855,1.248138338488062,0.07652106501283149,0.9091286523009732,55442,2427,0.04377547707514159,35098,1432,0.040800045586643116,2801,972,0.34701892181363797,WinoGrande,0.5,discovery,validation
856,1.7940763860101911,0.09857517108639863,0.9095561359532647,55469,2418,0.04359191620544809,35094,1484,0.042286430728899524,2799,1005,0.3590568060021436,WinoGrande,0.5,discovery,validation
857,1.8729233598467665,0.0644781864841745,0.9082074888626933,55473,2461,0.04436392479224127,35108,1414,0.04027572063347385,2809,984,0.35030259878960485,WinoGrande,0.5,discovery,validation
858,0.9618242534442973,0.05869065440547475,0.9084681413174771,55454,2447,0.04412666354095286,35105,1418,0.040393106395100416,2815,954,0.338898756660746,WinoGrande,0.5,discovery,validation
859,0.7641821677268743,0.037126055266516154,0.9125270708009778,55435,2331,0.04204924686569857,35077,1291,0.036804743849245945,2781,918,0.3300970873786408,WinoGrande,0.5,discovery,validation
860,0.7385072367374024,0.02138847305389221,0.9241206164227045,55473,2017,0.03636003100607503,35105,1094,0.031163651901438542,2802,867,0.3094218415417559,WinoGrande,0.5,discovery,validation
861,0.7224500031791518,0.04206586826347305,0.9116078599117972,55464,2364,0.042622241453916056,35102,1328,0.03783260213093271,2798,954,0.3409578270192995,WinoGrande,0.5,discovery,validation
862,2.0119289061173116,0.10793413173652694,0.8954071528822114,55438,2802,0.05054294887982972,35090,1716,0.04890282131661442,2812,1066,0.3790896159317212,WinoGrande,0.5,discovery,validation
863,1.5989497448871375,0.03457378276234417,0.9135984265559456,55444,2303,0.041537407113483873,35095,1356,0.03863798261860664,2802,964,0.34403997144896503,WinoGrande,0.5,discovery,validation
864,1.6284340341000458,0.058392589820359275,0.9032933384698534,55465,2590,0.04669611466690706,35103,1504,0.042845340854058056,2803,1018,0.36318230467356405,WinoGrande,0.5,discovery,validation
865,1.7489329186151956,0.050597575341121026,0.9050219974513275,55467,2548,0.045937223934952316,35101,1345,0.038317996638272414,2806,946,0.33713471133285816,WinoGrande,0.5,discovery,validation
866,0.3198056252649899,0.01823555757337784,0.9187387351191912,55443,2158,0.03892285770971989,35095,1207,0.034392363584556204,2794,920,0.329277022190408,WinoGrande,0.5,discovery,validation
867,0.9379995354320482,0.08685441616766468,0.9078549707538682,55465,2467,0.04447849995492653,35101,1483,0.04224950856100966,2802,1016,0.3625981441827266,WinoGrande,0.5,discovery,validation
868,2.105653349527798,0.13331329144988713,0.8580530916418978,55452,3847,0.0693753155882565,35072,2629,0.07496008211678833,2810,1209,0.4302491103202847,WinoGrande,0.5,discovery,validation
869,0.8587169212135828,0.029996257485029938,0.9014195861065302,55446,2644,0.04768603686469718,35096,1534,0.04370868475039891,2805,1057,0.3768270944741533,WinoGrande,0.5,discovery,validation
870,1.0254252365176173,0.04082148203592813,0.9000224937701561,55399,2664,0.048087510604884566,35069,1574,0.04488294505118481,2793,1014,0.36305048335123524,WinoGrande,0.5,discovery,validation
871,0.733705154206588,0.0613906116338751,0.8893257404796845,55422,2969,0.05357078416513298,35069,1816,0.051783626564772305,2802,1072,0.38258386866523914,WinoGrande,0.5,discovery,validation
872,0.3879460036948276,0.021332335329341312,0.9117892415262344,55447,2356,0.04249102746767183,35096,1224,0.03487576931844085,2798,933,0.33345246604717654,WinoGrande,0.5,discovery,validation
873,1.1765240995663249,0.03149497258410579,0.9021883662802264,55450,2622,0.0472858431018936,35086,1536,0.04377814512911132,2797,1043,0.3728995352163032,WinoGrande,0.5,discovery,validation
874,0.8220479953643091,0.02550738686561304,0.9008455112447941,55409,2642,0.04768178454763666,35057,1480,0.04221696094931112,2786,998,0.3582196697774587,WinoGrande,0.5,discovery,validation
875,1.1162989321570238,0.0800606778246785,0.8970971000777892,55452,2762,0.049808843684628144,35104,1649,0.04697470373746582,2811,1059,0.3767342582710779,WinoGrande,0.5,discovery,validation
876,0.9632346265798906,0.044910179640718556,0.8967444134171128,55443,2767,0.04990711180852407,35094,1655,0.047159058528523395,2809,1071,0.38127447490210037,WinoGrande,0.5,discovery,validation
877,1.5186412350799483,0.0597332121471343,0.8896408195750383,55422,2961,0.05342643715492043,35064,1866,0.05321697467488022,2795,1089,0.38962432915921286,WinoGrande,0.5,discovery,validation
878,1.2064538907387592,0.0641319819377638,0.9121924235096392,55434,2340,0.04221236064509146,35083,1353,0.03856568708491292,2787,977,0.35055615357014713,WinoGrande,0.5,discovery,validation
879,0.5490668135156065,0.024314143452225972,0.9022214688998562,55463,2626,0.04734687990191659,35110,1385,0.03944745086869838,2806,931,0.33178902352102635,WinoGrande,0.5,discovery,validation
880,0.7818576937733605,0.02556707237698517,0.9126877227508727,55458,2331,0.042031807854592665,35102,1325,0.03774713691527548,2797,943,0.3371469431533786,WinoGrande,0.5,discovery,validation
881,1.8791184912317231,0.07852839403160891,0.9053269555936907,55421,2524,0.04554230345897765,35073,1546,0.044079491346619905,2794,1028,0.3679312813171081,WinoGrande,0.5,discovery,validation
882,1.0559401068481706,0.05643808605170271,0.8871631916377376,55473,3044,0.054873542083536134,35096,1874,0.053396398449965805,2818,1113,0.39496096522356283,WinoGrande,0.5,discovery,validation
883,1.5727717942810102,0.055504991442631484,0.9038952077529246,55469,2580,0.04651246642268655,35104,1481,0.042188924339106655,2803,1016,0.3624687834463075,WinoGrande,0.5,discovery,validation
884,1.5998966070250313,0.06338274537880761,0.9072270326491216,55464,2487,0.04483989614885331,35110,1415,0.040301908288236966,2808,945,0.33653846153846156,WinoGrande,0.5,discovery,validation
885,1.2280054704404375,0.060128384535277274,0.901719118416059,55465,2639,0.04757955467411881,35102,1502,0.04278958463905191,2803,1016,0.3624687834463075,WinoGrande,0.5,discovery,validation
886,0.7903360939899666,0.04563997005988024,0.890258654153963,55484,2962,0.05338475957032658,35112,1596,0.045454545454545456,2809,980,0.34887860448558206,WinoGrande,0.5,discovery,validation
887,0.5101016923826048,0.024525676907055476,0.9157858025895367,55418,2235,0.040329856725251724,35076,1261,0.03595050746949481,2778,931,0.3351331893448524,WinoGrande,0.5,discovery,validation
888,1.725560853406332,0.10030875748502993,0.891445201727596,55437,2915,0.052582210437072716,35095,1646,0.04690126798689272,2803,1001,0.3571173742418837,WinoGrande,0.5,discovery,validation
889,1.8329962063852068,0.09052876390076987,0.9004281888629064,55432,2665,0.04807692307692308,35070,1652,0.047105788423153695,2797,1056,0.37754737218448337,WinoGrande,0.5,discovery,validation
890,0.9099706915425816,0.04531116338751068,0.9112557471293988,55452,2368,0.042703599509485685,35100,1315,0.03746438746438747,2795,961,0.3438282647584973,WinoGrande,0.5,discovery,validation
891,1.0526910792634985,0.06232624037639006,0.9132313527102669,55440,2310,0.041666666666666664,35089,1252,0.03568069765453561,2796,875,0.31294706723891275,WinoGrande,0.5,discovery,validation
892,0.8230283336497064,0.04162612275449101,0.9122700673684716,55464,2340,0.04218952834270878,35100,1359,0.038717948717948716,2803,944,0.3367820192650731,WinoGrande,0.5,discovery,validation
893,1.2664850342068559,0.02515414866987337,0.9167014368475177,55465,2223,0.04007932930677004,35103,1247,0.03552402928524628,2805,910,0.3244206773618538,WinoGrande,0.5,discovery,validation
894,0.8220836446765933,0.044072715225287135,0.9133920231499955,55426,2303,0.041550896691083604,35083,1278,0.03642789955248981,2784,876,0.3146551724137931,WinoGrande,0.5,discovery,validation
895,1.0364491457726883,0.03773390718562876,0.907781749754132,55474,2474,0.04459746908461622,35118,1346,0.03832792300244889,2809,947,0.33713065147739407,WinoGrande,0.5,discovery,validation
896,0.9509481200302677,0.0324939260822617,0.9000362725297668,55461,2685,0.04841239790122789,35113,1471,0.04189331586591861,2820,995,0.3528368794326241,WinoGrande,0.5,discovery,validation
897,1.2664115229978952,0.09160725679787965,0.906543254531472,55450,2499,0.04506762849413887,35098,1470,0.04188272836059035,2801,990,0.35344519814352016,WinoGrande,0.5,discovery,validation
898,1.0063999354442137,0.031137297749476097,0.8986010373871897,55419,2715,0.04899041844854653,35087,1447,0.04124034542708126,2794,975,0.34896206156048676,WinoGrande,0.5,discovery,validation
899,0.7432677261785877,0.06093703985471679,0.877003333740736,55432,3314,0.059784961754942995,35076,2098,0.05981297753449652,2804,1113,0.39693295292439373,WinoGrande,0.5,discovery,validation
900,0.9964037017002731,0.03985011534308433,0.9032566344381152,55424,2586,0.04665848729792148,35067,1542,0.04397296603644452,2792,985,0.3527936962750716,WinoGrande,0.5,discovery,validation
901,1.091993374732926,0.05379865269461077,0.9122399207177301,55427,2333,0.04209139949843939,35075,1297,0.036977904490377765,2782,963,0.34615384615384615,WinoGrande,0.5,discovery,validation
902,1.5712797812320272,0.07347126399375163,0.9128771968715866,55445,2322,0.041879339886373886,35088,1327,0.03781919744642043,2794,933,0.3339298496778812,WinoGrande,0.5,discovery,validation
903,0.49422243834972635,0.018269301560812804,0.9086280916427778,55465,2446,0.044099882808978634,35114,1301,0.03705074898900723,2819,923,0.3274210713018801,WinoGrande,0.5,discovery,validation
904,0.5784510262013691,0.028752944929812507,0.9038957670664343,55446,2572,0.04638747610287487,35089,1469,0.04186497192852461,2789,965,0.3460021513087128,WinoGrande,0.5,discovery,validation
905,0.7167615367708007,0.07063997005988025,0.901330624633434,55477,2655,0.04785767074643546,35113,1457,0.04149460313843875,2815,1021,0.36269982238010656,WinoGrande,0.5,discovery,validation
906,0.6871313482808833,0.048699476047904186,0.9084336487420167,55435,2441,0.044033552809596824,35082,1499,0.04272846473975258,2809,1007,0.3584905660377358,WinoGrande,0.5,discovery,validation
907,0.7463808657948088,0.06935815868263473,0.9127518900664547,55445,2329,0.04200559112634142,35098,1391,0.03963188785685794,2801,996,0.3555872902534809,WinoGrande,0.5,discovery,validation
908,1.0266089183022522,0.05653191567684303,0.9032189944069093,55428,2588,0.046691203002092806,35079,1489,0.04244704809145072,2800,982,0.3507142857142857,WinoGrande,0.5,discovery,validation
909,0.7004940323531914,0.030684554803436598,0.9123565970708425,55463,2342,0.042226349097596594,35106,1270,0.036176152224690936,2804,921,0.3284593437945792,WinoGrande,0.5,discovery,validation
910,0.9696384148456215,0.03407025235243798,0.9089866083993109,55422,2424,0.04373714409440294,35089,1329,0.037875117558209125,2801,956,0.34130667618707605,WinoGrande,0.5,discovery,validation
911,1.1352960768224725,0.07333295365790157,0.8954288732679866,55439,2804,0.05057811288082397,35092,1639,0.046705801892169156,2806,1030,0.3670705630791162,WinoGrande,0.5,discovery,validation
912,0.6604993187717149,0.03139878030823598,0.9033476218399056,55444,2585,0.046623620229420674,35094,1436,0.04091867555707528,2807,978,0.34841467759173494,WinoGrande,0.5,discovery,validation
913,0.504472950811484,0.035875260348867476,0.902769551613117,55461,2608,0.047024034907412415,35099,1515,0.04316362289523918,2802,1018,0.36331192005710206,WinoGrande,0.5,discovery,validation
914,1.254364690837527,0.06918038922155689,0.903994747350789,55465,2576,0.04644370323627513,35090,1477,0.0420917640353377,2805,1018,0.36292335115864527,WinoGrande,0.5,discovery,validation
915,0.6538606595865825,0.0359375,0.8982468616803502,55430,2720,0.049070900234530035,35083,1628,0.046404241370464325,2808,1087,0.3871082621082621,WinoGrande,0.5,discovery,validation
916,0.8996142516031514,0.04947604790419162,0.9078714479626765,55466,2467,0.0444776980492554,35112,1335,0.03802118933697881,2806,973,0.34675694939415536,WinoGrande,0.5,discovery,validation
917,1.486149131307884,0.07863959580838324,0.9103651005264615,55464,2398,0.04323525169479302,35099,1388,0.039545286190489755,2797,943,0.3371469431533786,WinoGrande,0.5,discovery,validation
918,1.3347617453473182,0.06679052609067579,0.9166744415912311,55458,2224,0.04010241984925529,35096,1265,0.03604399361750627,2796,918,0.3283261802575107,WinoGrande,0.5,discovery,validation
919,1.2689223866524644,0.029619332763045347,0.9150267898641965,55456,2265,0.0408431909982689,35091,1232,0.035108717334929186,2795,910,0.32558139534883723,WinoGrande,0.5,discovery,validation
920,0.2926622503366923,0.014146866637359631,0.9174923981474656,55420,2187,0.039462287982677736,35087,1207,0.03440020520420669,2799,877,0.31332618792425865,WinoGrande,0.5,discovery,validation
921,1.1282163837630994,0.08318675149700597,0.8923026488549428,55435,2888,0.05209705059980157,35098,1602,0.045643626417459685,2806,1012,0.36065573770491804,WinoGrande,0.5,discovery,validation
922,1.6505056547410883,0.13558196107784432,0.8913510028424568,55476,2932,0.05285168361093085,35103,1821,0.05187590804204769,2802,1102,0.3932905067808708,WinoGrande,0.5,discovery,validation
923,0.8896272083498358,0.05289830175714144,0.8804258432942286,55422,3214,0.057991411352892354,35066,1910,0.05446871613528774,2805,1077,0.3839572192513369,WinoGrande,0.5,discovery,validation
924,1.0493022519501825,0.026237703165098384,0.9140563341806506,55496,2304,0.04151650569410408,35119,1208,0.03439733477604715,2815,874,0.31047957371225576,WinoGrande,0.5,discovery,validation
925,0.5292329686186854,0.042579243686539966,0.9034541653134717,55459,2586,0.04662904127373375,35093,1386,0.039495055994072895,2793,917,0.3283208020050125,WinoGrande,0.5,discovery,validation
926,0.5124172020021395,0.037219311377245504,0.91122481884427,55452,2373,0.04279376758277429,35104,1306,0.03720373746581586,2805,948,0.33796791443850266,WinoGrande,0.5,discovery,validation
927,0.6628126021371558,0.04363731775579277,0.9028293574114183,55483,2617,0.04716760088675811,35116,1506,0.04288643353457114,2815,987,0.3506216696269982,WinoGrande,0.5,discovery,validation
928,1.8085496062432427,0.10729514331991753,0.8665257012332684,55436,3606,0.06504798325997546,35077,2464,0.07024545998802634,2819,1191,0.4224902447676481,WinoGrande,0.5,discovery,validation
929,0.8111674892350136,0.04511601796407185,0.9085655639140217,55413,2429,0.04383447927381661,35061,1356,0.03867545135620775,2786,903,0.3241206030150754,WinoGrande,0.5,discovery,validation
930,1.2628344924934116,0.04957896706586826,0.909808918417137,55437,2408,0.04343669390479283,35080,1366,0.03893956670467503,2792,963,0.3449140401146132,WinoGrande,0.5,discovery,validation
931,0.8831336037812672,0.022417897125004645,0.9012697440750032,55453,2646,0.04771608389086253,35100,1381,0.039344729344729344,2801,934,0.3334523384505534,WinoGrande,0.5,discovery,validation
932,0.8768377171525544,0.06863987189555315,0.9031441531393065,55477,2603,0.046920345368350845,35110,1558,0.0443748219880376,2802,1051,0.37508922198429695,WinoGrande,0.5,discovery,validation
933,1.3321211816488927,0.07648154777401722,0.9097289870924932,55431,2409,0.043459436055636735,35084,1373,0.039134648272716906,2782,952,0.3421998562185478,WinoGrande,0.5,discovery,validation
934,2.1145647048245153,0.11601796407185629,0.9088270908509992,55469,2444,0.0440606464872271,35107,1434,0.04084655481812744,2804,923,0.32917261055634806,WinoGrande,0.5,discovery,validation
935,1.4787374790625065,0.05947344441551678,0.9136539238461965,55487,2312,0.04166741759331014,35113,1319,0.037564434824708795,2804,958,0.34165477888730383,WinoGrande,0.5,discovery,validation
936,0.872634505237997,0.05136110974771768,0.8876508122715683,55437,3020,0.05447625232245612,35074,1818,0.051833266807321664,2805,1015,0.36185383244206776,WinoGrande,0.5,discovery,validation
937,1.4119509371506977,0.0534704157259252,0.880485505187789,55469,3230,0.058230723467161835,35101,1824,0.05196433150052705,2808,1078,0.3839031339031339,WinoGrande,0.5,discovery,validation
938,1.2230225269381456,0.05339941235541341,0.9117922411561104,55460,2355,0.042463036422646955,35091,1307,0.037246017497363997,2796,917,0.3279685264663805,WinoGrande,0.5,discovery,validation
939,0.39651516946382637,0.01827149272882806,0.9111561310759644,55461,2376,0.042840915237734624,35094,1385,0.039465435687012024,2791,940,0.33679684700824075,WinoGrande,0.5,discovery,validation
940,1.0377910019092047,0.08674505497202316,0.9131290332324884,55485,2328,0.04195728575290619,35113,1466,0.04175091846324723,2802,963,0.3436830835117773,WinoGrande,0.5,discovery,validation
941,0.8676885853299301,0.02262884944396919,0.9078286920227433,55451,2467,0.04448972967124128,35090,1383,0.03941293815901967,2793,964,0.3451485857500895,WinoGrande,0.5,discovery,validation
942,0.9161684551399988,0.030061751497005997,0.9159345548669062,55469,2242,0.04041897275955939,35120,1202,0.034225512528473806,2809,886,0.31541473834104666,WinoGrande,0.5,discovery,validation
943,0.8943744817319903,0.08181137724550898,0.8900972991394557,55459,2963,0.05342685587551164,35108,1610,0.04585849379058904,2812,1009,0.3588193456614509,WinoGrande,0.5,discovery,validation
944,2.498475524904696,0.167561751497006,0.8894254515385535,55440,2976,0.05367965367965368,35094,1900,0.05414030888470964,2801,1052,0.3755801499464477,WinoGrande,0.5,discovery,validation
945,1.2636766828588597,0.050096817235095015,0.9099312498649291,55480,2416,0.043547224224945925,35109,1351,0.03848016178187929,2800,946,0.33785714285714286,WinoGrande,0.5,discovery,validation
946,1.3780048062073473,0.06608606557377049,0.9002049605607901,55472,2684,0.04838477069512547,35128,1587,0.04517763607378729,2828,1052,0.371994342291372,WinoGrande,0.5,discovery,validation
947,1.3395223940564303,0.05138473053892216,0.9101367221580146,55490,2413,0.04348531266894936,35120,1380,0.03929384965831435,2815,947,0.3364120781527531,WinoGrande,0.5,discovery,validation
948,2.322411585796638,0.11825010692899915,0.8842144493872864,55460,3123,0.056310854670032454,35111,1689,0.04810458260943864,2807,997,0.35518346989668687,WinoGrande,0.5,discovery,validation
949,0.7203488255921988,0.06468001497005987,0.8996232639350316,55426,2686,0.04846101107783351,35074,1483,0.04228203227461937,2780,954,0.3431654676258993,WinoGrande,0.5,discovery,validation
950,2.2102284549282203,0.1680633298620151,0.8902068049043972,55494,2968,0.05348325945147223,35111,1774,0.05052547634644414,2805,957,0.3411764705882353,WinoGrande,0.5,discovery,validation
951,0.9511195349194849,0.02018197212133111,0.9019602428726188,55481,2636,0.047511760782970744,35124,1310,0.037296435485707775,2816,926,0.3288352272727273,WinoGrande,0.5,discovery,validation
952,0.42532998659073074,0.022621542374979185,0.9077523344135089,55466,2469,0.044513756174954025,35095,1353,0.03855250035617609,2805,984,0.3508021390374332,WinoGrande,0.5,discovery,validation
953,1.9173649484240516,0.14821172871648008,0.9016652951499378,55461,2637,0.04754692486612214,35112,1611,0.04588174982911825,2809,998,0.3552865788536846,WinoGrande,0.5,discovery,validation
954,0.8131992282306242,0.00855490106743037,0.9129820295892841,55432,2315,0.04176288064655795,35087,1233,0.035141220395018095,2783,951,0.34171757096658284,WinoGrande,0.5,discovery,validation
955,0.767201681008092,0.035155233012236414,0.9188028568073526,55462,2165,0.03903573617972666,35114,1212,0.03451614740559321,2812,902,0.3207681365576102,WinoGrande,0.5,discovery,validation
956,0.6265363518413947,0.04892524733142413,0.9180417385628484,55470,2186,0.03940868938164774,35104,1247,0.03552301731996354,2801,901,0.3216708318457694,WinoGrande,0.5,discovery,validation
957,0.857025711989486,0.04672797262617621,0.9155465529718377,55471,2255,0.040651872149411405,35098,1209,0.03444640720268961,2793,909,0.32545649838882923,WinoGrande,0.5,discovery,validation
958,0.7618689075681349,0.03168527076282217,0.9111644266466031,55458,2377,0.04286126438025172,35101,1397,0.03979943591350674,2807,1010,0.3598147488421803,WinoGrande,0.5,discovery,validation
959,2.3402432166656473,0.09386797058057798,0.9159851082944505,55496,2247,0.040489404641775986,35117,1346,0.038329014437451944,2810,913,0.32491103202846977,WinoGrande,0.5,discovery,validation
960,1.137931185355931,0.0353393111318347,0.8750956225480874,55458,3380,0.06094702297233943,35095,1894,0.05396780168115116,2813,1091,0.38784216139353006,WinoGrande,0.5,discovery,validation
961,1.0857551933223852,0.031644591252278045,0.9182772624730563,55459,2174,0.039200129825636955,35087,1225,0.03491321572092228,2784,926,0.33261494252873564,WinoGrande,0.5,discovery,validation
962,0.8354771046533258,0.074812874251497,0.9068722046389913,55490,2503,0.045107226527302216,35123,1363,0.038806480084275265,2816,922,0.3274147727272727,WinoGrande,0.5,discovery,validation
963,0.44258839279470286,0.030260906757912744,0.9140334987747725,55416,2285,0.04123357874981955,35077,1303,0.03714684836217465,2777,897,0.3230104429240187,WinoGrande,0.5,discovery,validation
964,0.612811335458025,0.042508067880632175,0.8963957015812243,55477,2784,0.0501829587036069,35101,1711,0.04874504999857554,2816,1061,0.3767755681818182,WinoGrande,0.5,discovery,validation
965,0.9539744109406806,0.051882647747982284,0.9004264027527874,55393,2657,0.04796634953875038,35078,1400,0.039911055362335364,2792,972,0.34813753581661894,WinoGrande,0.5,discovery,validation
966,0.6067883653916202,0.04123361882791794,0.903841949441619,55418,2567,0.046320690028510594,35066,1599,0.0455997262305367,2785,1051,0.37737881508078996,WinoGrande,0.5,discovery,validation
967,1.2915968243210592,0.04981732899134021,0.8936888850702083,55481,2868,0.051693372505902925,35107,1655,0.0471415956931666,2815,1004,0.3566607460035524,WinoGrande,0.5,discovery,validation
968,1.3040597654017807,0.12724957693309036,0.9047772125991744,55461,2552,0.046014316366455706,35112,1593,0.04536910457963089,2813,1000,0.35549235691432635,WinoGrande,0.5,discovery,validation
969,0.8653171300690371,0.06556084260051326,0.9042199317294081,55440,2565,0.04626623376623377,35083,1387,0.03953481743294473,2788,902,0.3235294117647059,WinoGrande,0.5,discovery,validation
970,1.5016391898391632,0.05886040419161676,0.8854417442805779,55445,3086,0.05565876093425918,35086,1921,0.05475118280795759,2803,1112,0.39671780235462006,WinoGrande,0.5,discovery,validation
971,0.8704766174600479,0.05977732035928145,0.9089216412351135,55458,2435,0.043907100869126185,35099,1444,0.04114077324140289,2799,968,0.345837799214005,WinoGrande,0.5,discovery,validation
972,0.3282567747708934,0.026562500000000003,0.9160929713001811,55466,2240,0.040385100782461325,35097,1229,0.03501723794056472,2795,877,0.3137745974955277,WinoGrande,0.5,discovery,validation
973,1.4347425337059498,0.10729514331991755,0.8542570544327167,55453,3950,0.07123149333669955,35082,2762,0.07872983296277293,2828,1211,0.4282178217821782,WinoGrande,0.5,discovery,validation
974,1.296570974707807,0.05488072767508463,0.9151949365767458,55458,2261,0.040769591402502796,35085,1261,0.03594128544962234,2788,904,0.3242467718794835,WinoGrande,0.5,discovery,validation
975,1.329552743115181,0.033226871783365336,0.9008095125366986,55448,2659,0.04795484057134613,35096,1480,0.04217004786870299,2795,962,0.34418604651162793,WinoGrande,0.5,discovery,validation
976,0.8771421382462161,0.06151148789377764,0.8938327182248655,55471,2862,0.05159452686989598,35102,1615,0.04600877442880748,2806,1055,0.3759800427655025,WinoGrande,0.5,discovery,validation
977,1.3741773721867212,0.06127432634730538,0.9109324908834248,55489,2391,0.04308962136639694,35123,1389,0.03954673575719614,2813,963,0.3423391397084963,WinoGrande,0.5,discovery,validation
978,0.34318437114353517,0.030211452095808382,0.9041156973217603,55474,2576,0.046436168295057145,35119,1378,0.039238019305788886,2815,977,0.34706927175843694,WinoGrande,0.5,discovery,validation
979,1.257185437108706,0.07116880369695394,0.9141210784344737,55470,2296,0.041391743284658375,35111,1366,0.03890518640881775,2819,964,0.34196523589925504,WinoGrande,0.5,discovery,validation
980,0.7444692361162661,0.03713385773001396,0.9016761243862758,55461,2640,0.047601016930816246,35096,1519,0.043281285616594486,2803,1038,0.37031751694612913,WinoGrande,0.5,discovery,validation
981,1.661169251939959,0.11915615490330814,0.8812412284244685,55453,3204,0.05777865940526211,35083,2092,0.05963002023772197,2815,1147,0.4074600355239787,WinoGrande,0.5,discovery,validation
982,1.7245211952883797,0.07745318788652204,0.8990375343070716,55441,2704,0.048772569037355024,35087,1611,0.045914441246045545,2797,1006,0.3596710761530211,WinoGrande,0.5,discovery,validation
983,1.118180588946692,0.034847289117417336,0.9016661119582097,55475,2646,0.047697160883280756,35119,1475,0.042000056949229765,2810,994,0.35373665480427047,WinoGrande,0.5,discovery,validation
984,0.7423055574708965,0.04198613642280655,0.9006069007600255,55499,2680,0.04828915836321375,35125,1444,0.04111032028469751,2817,998,0.3542776002839901,WinoGrande,0.5,discovery,validation
985,1.7492450770783188,0.1348428143712575,0.9017790835279896,55477,2642,0.04762333940191431,35107,1688,0.04808157917224485,2814,1028,0.36531627576403697,WinoGrande,0.5,discovery,validation
986,0.8723538894542369,0.018038922155688624,0.9138262323768629,55456,2297,0.04142022504327755,35114,1208,0.034402232727686964,2807,879,0.31314570716066975,WinoGrande,0.5,discovery,validation
987,1.7427922466888384,0.1253376399375163,0.8972555034689689,55463,2763,0.04981699511385969,35117,1614,0.045960645841045644,2819,975,0.3458673288400142,WinoGrande,0.5,discovery,validation
988,1.551834969707681,0.05567926646706586,0.9129486636110639,55462,2324,0.0419025639176373,35102,1305,0.037177368810893965,2795,933,0.33381037567084076,WinoGrande,0.5,discovery,validation
989,0.9535827231026414,0.036880044259307465,0.8937795603551448,55458,2859,0.05155252623607054,35105,1635,0.04657456202820111,2809,1082,0.38519045923816303,WinoGrande,0.5,discovery,validation
990,0.9625863520696266,0.04512184647099245,0.9026365981412096,55475,2618,0.04719242902208202,35118,1391,0.03960931715929153,2822,977,0.3462083628632176,WinoGrande,0.5,discovery,validation
991,1.1345012662813732,0.07987201825856485,0.8840858793886116,55441,3122,0.05631211558233076,35071,2012,0.05736933648883693,2811,1050,0.37353255069370334,WinoGrande,0.5,discovery,validation
992,0.5927268889932354,0.05751415913717823,0.8911777454734522,55465,2934,0.05289822410529162,35090,1664,0.047420917640353374,2801,1034,0.3691538736165655,WinoGrande,0.5,discovery,validation
993,0.7743084257727271,0.026039621576519095,0.917120084757541,55470,2207,0.03978727239949522,35108,1289,0.036715278568987125,2803,925,0.3300035676061363,WinoGrande,0.5,discovery,validation
994,0.8124565056137105,0.056525780406400314,0.9134931740943785,55468,2315,0.04173577558231773,35101,1321,0.03763425543431811,2804,947,0.3377318116975749,WinoGrande,0.5,discovery,validation
995,1.2962453846494149,0.053531330196749355,0.9151170231254796,55448,2263,0.0408130139950945,35087,1216,0.03465671046256448,2782,889,0.31955427749820275,WinoGrande,0.5,discovery,validation
996,0.5590629518895291,0.023711505560307943,0.9110994914241363,55425,2365,0.042670275146594494,35098,1288,0.03669724770642202,2801,947,0.33809353802213493,WinoGrande,0.5,discovery,validation
997,0.9035608154907726,0.04941653578089723,0.8889966330324669,55360,2959,0.05345014450867052,35034,1814,0.05177827253525147,2784,1068,0.38362068965517243,WinoGrande,0.5,discovery,validation
998,1.0254643509405108,0.04878635585970916,0.9141761869190435,55433,2283,0.04118485378745513,35074,1322,0.03769173746935051,2775,952,0.34306306306306306,WinoGrande,0.5,discovery,validation
999,1.9422203743960753,0.12790858500390523,0.887323897218386,55434,3028,0.05462351625356279,35070,1759,0.05015682919874537,2794,1009,0.3611309949892627,WinoGrande,0.5,discovery,validation
0,1.150422170873155,0.046335547077386845,0.8896275948962032,56415,3016,0.05346095896481432,35803,1727,0.04823618132558724,2770,1065,0.3844765342960289,WinoGrande,0.5,validation,discovery
1,1.088058082754235,0.01776319696588049,0.9069854273602307,56429,2525,0.044746495596235975,35826,1203,0.03357896499748786,2771,872,0.3146878383255143,WinoGrande,0.5,validation,discovery
2,1.9340750475794908,0.034780021390718355,0.9056158773711759,56447,2572,0.045564866157634595,35840,1431,0.03992745535714286,2785,981,0.35224416517055657,WinoGrande,0.5,validation,discovery
3,1.0635975135880462,0.03587770299067975,0.8924500719046498,56426,2937,0.052050473186119876,35807,1408,0.0393219202949144,2760,959,0.34746376811594204,WinoGrande,0.5,validation,discovery
4,1.0931460725652098,0.08809159847735516,0.9130300239818401,56434,2358,0.04178332211078428,35821,1374,0.03835738812428464,2759,945,0.3425154041319319,WinoGrande,0.5,validation,discovery
5,0.8482864903893307,0.03288420866404509,0.9026644711758699,56445,2652,0.046983789529630615,35835,1370,0.038230779963722615,2776,941,0.33897694524495675,WinoGrande,0.5,validation,discovery
6,0.7526448911996989,0.027202801701607528,0.9154075598927035,56479,2302,0.040758512013314686,35840,1116,0.031138392857142858,2779,822,0.29578985246491546,WinoGrande,0.5,validation,discovery
7,0.8694521264477532,0.01882544047992408,0.9131082620621472,56449,2359,0.041789934276957964,35820,1222,0.03411501954215522,2764,911,0.3295947901591896,WinoGrande,0.5,validation,discovery
8,0.7951209271481394,0.03973628370008381,0.9013628727506179,56435,2685,0.04757685833259502,35812,1560,0.043560817603038086,2772,1037,0.3740981240981241,WinoGrande,0.5,validation,discovery
9,0.7509524079114316,0.052505769864820306,0.9129817882513481,56438,2359,0.041798079308267476,35829,1281,0.03575316084735829,2764,870,0.3147612156295224,WinoGrande,0.5,validation,discovery
10,0.6847534232188455,0.06501049431859304,0.8982884202091671,56457,2780,0.04924101528596985,35843,1492,0.04162597996819463,2782,929,0.3339324227174694,WinoGrande,0.5,validation,discovery
11,1.0866517515334102,0.04702814495099362,0.9059541074867868,56447,2558,0.04531684589083565,35831,1315,0.03670006419022634,2765,914,0.33056057866184446,WinoGrande,0.5,validation,discovery
12,1.2810595385020682,0.08403012002547545,0.8983415317410501,56434,2773,0.04913704504376794,35820,1565,0.04369067560022334,2756,994,0.3606676342525399,WinoGrande,0.5,validation,discovery
13,1.130202158745611,0.05872998640965636,0.9053565452302156,56449,2576,0.045634112207479316,35831,1330,0.03711869610114147,2769,916,0.3308053448898519,WinoGrande,0.5,validation,discovery
14,1.4635369942190706,0.03933342833437549,0.8922128407252944,56437,2947,0.052217516877225936,35816,1613,0.0450357382175564,2763,1034,0.37423090843286283,WinoGrande,0.5,validation,discovery
15,1.312044026697448,0.04991307736114859,0.8996564828292738,56419,2731,0.048405678937946436,35819,1418,0.03958792819453363,2767,950,0.3433321286591977,WinoGrande,0.5,validation,discovery
16,1.2436354244752967,0.033211904819344946,0.9180256080883209,56467,2222,0.039350417057750546,35842,1207,0.03367557613972435,2770,910,0.3285198555956679,WinoGrande,0.5,validation,discovery
17,0.6868774377491249,0.016244079354740128,0.9119933832402921,56428,2382,0.042213085702133696,35821,1153,0.03218782278551688,2768,828,0.2991329479768786,WinoGrande,0.5,validation,discovery
18,0.4127545344396574,0.04669167611557422,0.9054102290886457,56429,2572,0.045579400662779775,35811,1365,0.038116779760408816,2762,935,0.3385228095582911,WinoGrande,0.5,validation,discovery
19,1.194285101994833,0.040998206717972226,0.8948293033379265,56397,2863,0.05076511161941238,35807,1410,0.03937777529533332,2765,952,0.34430379746835443,WinoGrande,0.5,validation,discovery
20,1.7933995986906779,0.13011224358147336,0.8972322760817905,56467,2812,0.049798997644642004,35843,1643,0.04583879697569958,2780,950,0.34172661870503596,WinoGrande,0.5,validation,discovery
21,0.7646143055212664,0.020434313461019683,0.9093700581424815,56433,2457,0.043538355217691775,35817,1305,0.03643521232934081,2764,956,0.3458755426917511,WinoGrande,0.5,validation,discovery
22,0.6898682156119545,0.031965453185689136,0.9056998532104075,56417,2560,0.04537639364021483,35817,1475,0.041181561828182146,2773,1020,0.36783267219617743,WinoGrande,0.5,validation,discovery
23,0.8063293062917334,0.06786709828252854,0.9095031528328469,56458,2465,0.04366077438095575,35841,1283,0.035796992271420996,2778,901,0.32433405327573794,WinoGrande,0.5,validation,discovery
24,1.707868752766998,0.10129484758564877,0.8986185533931226,56442,2768,0.04904149392296517,35825,1543,0.043070481507327285,2763,1007,0.3644589214621788,WinoGrande,0.5,validation,discovery
25,0.7209230375100746,0.04874229009352408,0.8798399262903511,56384,3283,0.05822573779795687,35775,1800,0.050314465408805034,2757,1060,0.38447587957925283,WinoGrande,0.5,validation,discovery
26,0.8244897180686883,0.01849889312797324,0.8926094725341868,56399,2927,0.05189808329934928,35800,1567,0.04377094972067039,2762,968,0.35047067342505434,WinoGrande,0.5,validation,discovery
27,0.7443178853766992,0.023127304897399073,0.9078692953268234,56474,2512,0.04448064596097319,35861,1163,0.032430774378851675,2788,808,0.2898134863701578,WinoGrande,0.5,validation,discovery
28,0.5690620421420804,0.033278085881841175,0.898784380203361,56453,2764,0.0489610826705401,35820,1546,0.04316024567280849,2767,959,0.3465847488254427,WinoGrande,0.5,validation,discovery
29,0.781347872224087,0.06516726851475162,0.8783242290345368,56427,3336,0.05912063373916742,35806,2118,0.059152097413841254,2776,1173,0.42255043227665706,WinoGrande,0.5,validation,discovery
30,0.6192965861145192,0.03051512414820376,0.9061457832061198,56476,2561,0.045346695941638926,35841,1376,0.03839178594347256,2774,967,0.3485940879596251,WinoGrande,0.5,validation,discovery
31,0.2879016786300404,0.021514609761287613,0.9103909013749493,56423,2431,0.04308526664658029,35811,1230,0.034346988355533216,2759,865,0.313519391083726,WinoGrande,0.5,validation,discovery
32,1.0395291728286162,0.07775043625807176,0.884049601661014,56436,3176,0.05627613579984407,35814,1730,0.04830513207125705,2778,1032,0.3714902807775378,WinoGrande,0.5,validation,discovery
33,1.3953531152536078,0.04366256888512082,0.9015005284669865,56414,2675,0.047417307760484986,35809,1484,0.04144209556256807,2752,959,0.3484738372093023,WinoGrande,0.5,validation,discovery
34,0.9901830258898194,0.024197244939808432,0.9141914474743238,56445,2325,0.04119053946319426,35821,1219,0.03403031741157422,2757,877,0.3180993833877403,WinoGrande,0.5,validation,discovery
35,1.5413458747012196,0.04499009856383098,0.9129387938372766,56433,2358,0.04178406251661262,35829,1335,0.03726031985263334,2773,939,0.33862243058059865,WinoGrande,0.5,validation,discovery
36,1.0972220077751926,0.06379514778431047,0.9087662095777244,56456,2481,0.04394572764630863,35839,1337,0.037305728396439634,2775,931,0.3354954954954955,WinoGrande,0.5,validation,discovery
37,0.6581068920654097,0.02790730535537657,0.9131286808741879,56462,2362,0.04183344550317027,35829,1201,0.03352033269139524,2768,876,0.31647398843930635,WinoGrande,0.5,validation,discovery
38,0.6091206943987002,0.021763844464141202,0.9110851683433764,56398,2403,0.0426078938969467,35796,1332,0.0372108615487764,2755,946,0.34337568058076223,WinoGrande,0.5,validation,discovery
39,0.4339438348310078,0.0056736525398318905,0.902181632792561,56433,2663,0.04718870164619992,35821,1284,0.03584489545238826,2762,856,0.3099203475742216,WinoGrande,0.5,validation,discovery
40,0.8592683407605526,0.06316092092671668,0.8967421372131866,56391,2807,0.04977744675568797,35785,1579,0.0441246332262121,2762,1005,0.36386676321506156,WinoGrande,0.5,validation,discovery
41,0.6140152555388858,0.045282198843029725,0.9133185528414274,56433,2348,0.04160686123367533,35838,1264,0.035269825325073945,2771,891,0.3215445687477445,WinoGrande,0.5,validation,discovery
42,0.547493513133293,0.038114897616897354,0.9225268554697239,56444,2088,0.036992417263128054,35827,1024,0.028581795852290173,2757,794,0.2879941965904969,WinoGrande,0.5,validation,discovery
43,0.9934397374078446,0.01685036032217042,0.9135275076226336,56461,2346,0.04155080498042897,35841,1165,0.03250467341871042,2772,839,0.30266955266955264,WinoGrande,0.5,validation,discovery
44,1.0899484691358299,0.04052978215242093,0.9120659067635999,56411,2377,0.04213717182818954,35797,1381,0.03857865184233315,2753,945,0.3432618961133309,WinoGrande,0.5,validation,discovery
45,2.037296186682378,0.05473329955851487,0.8856580424310453,56446,3131,0.0554689437692662,35819,1711,0.04776794438705715,2780,1041,0.37446043165467624,WinoGrande,0.5,validation,discovery
46,1.7957175165849166,0.1311186702371475,0.8799477498242659,56468,3296,0.05836934192817171,35833,2020,0.05637261741969693,2786,1102,0.3955491744436468,WinoGrande,0.5,validation,discovery
47,1.2583120929858478,0.08274885352036687,0.9021734596114321,56455,2668,0.047258878752989106,35826,1391,0.038826550549879976,2766,921,0.3329718004338395,WinoGrande,0.5,validation,discovery
48,1.0738296212804914,0.04129574678536104,0.9070232080289756,56400,2518,0.044645390070921984,35840,1278,0.03565848214285714,2772,876,0.31601731601731603,WinoGrande,0.5,validation,discovery
49,1.2947990836054943,0.027816799630664718,0.9004409414129521,56396,2706,0.047982126391942694,35787,1506,0.04208232039567441,2758,993,0.3600435097897027,WinoGrande,0.5,validation,discovery
50,1.0531065311034593,0.02016455354734286,0.9091539159909481,56455,2470,0.04375166061464884,35837,1333,0.03719619387783576,2774,913,0.32912761355443404,WinoGrande,0.5,validation,discovery
51,0.804303584967563,0.046443665138027154,0.9026243629255853,56420,2646,0.04689826302729529,35814,1396,0.03897917015692187,2770,947,0.3418772563176895,WinoGrande,0.5,validation,discovery
52,1.1850289282703972,0.045660337909017065,0.8854324367375261,56380,3123,0.05539198297268535,35792,1874,0.05235806884219937,2778,1145,0.41216702663786897,WinoGrande,0.5,validation,discovery
53,1.0272430766371408,0.049946523204104434,0.910866525473074,56463,2424,0.04293076882206046,35830,1325,0.03698018420318169,2767,917,0.33140585471629924,WinoGrande,0.5,validation,discovery
54,0.8977791768637718,0.028457294958706268,0.9087529098912118,56408,2465,0.04369947525173734,35807,1258,0.03513279526349596,2746,887,0.32301529497450837,WinoGrande,0.5,validation,discovery
55,1.2718600994004854,0.049887010195829515,0.8928039862626274,56380,2914,0.051684994678964175,35789,1751,0.04892564754533516,2759,1050,0.38057267125770206,WinoGrande,0.5,validation,discovery
56,1.2065564739078327,0.04573929203009321,0.8985865187961892,56425,2762,0.048949933540097475,35807,1505,0.042030887815231656,2760,983,0.3561594202898551,WinoGrande,0.5,validation,discovery
57,0.8784658550376421,0.03704591112667489,0.8973993619233662,56429,2799,0.049602154920342374,35818,1430,0.03992406052822603,2765,980,0.35443037974683544,WinoGrande,0.5,validation,discovery
58,1.2541950589799418,0.06170478770788408,0.897088906673472,56472,2816,0.04986542003116589,35858,1539,0.04291929276590998,2793,947,0.33906194056569994,WinoGrande,0.5,validation,discovery
59,1.2493029179340205,0.03660144910054442,0.9116691318470556,56469,2406,0.042607448334484405,35846,1212,0.03381130391117559,2774,876,0.3157894736842105,WinoGrande,0.5,validation,discovery
60,1.3345210905077793,0.043862747868682585,0.9155153947178036,56435,2286,0.04050677770886861,35823,1161,0.032409345950925386,2762,842,0.30485155684286747,WinoGrande,0.5,validation,discovery
61,1.6122430382168838,0.10825615202469802,0.8904342527603651,56481,3008,0.05325684743542076,35858,1822,0.05081153438563222,2801,1073,0.38307747233131023,WinoGrande,0.5,validation,discovery
62,2.194538444326138,0.11045169798878997,0.8879535770135317,56466,3072,0.05440442035915418,35848,1856,0.051774157554117385,2784,1040,0.3735632183908046,WinoGrande,0.5,validation,discovery
63,1.2467373596523517,0.029996129531673337,0.8955006964088554,56443,2853,0.050546569105114895,35833,1383,0.038595707867049925,2775,905,0.3261261261261261,WinoGrande,0.5,validation,discovery
64,0.582829792121671,0.02700163624560478,0.9050586167143793,56453,2587,0.045825731139177726,35835,1343,0.03747732663597042,2774,918,0.330930064888248,WinoGrande,0.5,validation,discovery
65,1.1876877209509167,0.07087155164822562,0.8658018336489576,56416,3686,0.06533607487237664,35801,1958,0.05469120974274461,2784,1133,0.4069683908045977,WinoGrande,0.5,validation,discovery
66,1.2012172835107506,0.07129904385097263,0.8992921949151621,56469,2755,0.048787830491065894,35825,1576,0.04399162595952547,2766,1038,0.3752711496746204,WinoGrande,0.5,validation,discovery
67,0.64240372597503,0.03942565726411083,0.8661949513425272,56411,3675,0.06514686851855135,35796,1834,0.05123477483517711,2776,1004,0.361671469740634,WinoGrande,0.5,validation,discovery
68,2.3238943338250966,0.08114877138228964,0.8859819482381055,56412,3116,0.05523647450896972,35820,1857,0.051842546063651594,2774,1089,0.3925739005046864,WinoGrande,0.5,validation,discovery
69,0.7001504473855156,0.023571971256141036,0.8967708363746882,56426,2814,0.04987062701591465,35818,1533,0.04279970964319616,2766,970,0.35068691250903833,WinoGrande,0.5,validation,discovery
70,0.8029438325350083,0.03625492255991547,0.9071353516697632,56396,2512,0.04454216611107171,35815,1165,0.03252827027781656,2756,866,0.31422351233671986,WinoGrande,0.5,validation,discovery
71,1.587233468833581,0.05506848904475019,0.8937905012884987,56410,2894,0.051302960468002125,35814,1736,0.048472664321215164,2765,1059,0.383001808318264,WinoGrande,0.5,validation,discovery
72,0.8862432540911579,0.03177828564875398,0.8995142889546194,56387,2724,0.04830900739532162,35817,1441,0.040232291928413884,2770,962,0.34729241877256317,WinoGrande,0.5,validation,discovery
73,1.2641140564671633,0.07310639871977354,0.8822643331021973,56384,3215,0.05701972190692395,35778,1878,0.05249035720275029,2763,1064,0.3850886717336229,WinoGrande,0.5,validation,discovery
74,1.0384936556966124,0.05319538902302416,0.9008112004879408,56474,2714,0.04805751319191132,35844,1410,0.03933712755272849,2778,944,0.33981281497480204,WinoGrande,0.5,validation,discovery
75,1.0477317650914515,0.053572421287366,0.8961804341844114,56418,2830,0.050161296040270836,35805,1777,0.049629939952520595,2775,1129,0.40684684684684685,WinoGrande,0.5,validation,discovery
76,1.0201702892500482,0.044536521032866115,0.9193351750478487,56444,2182,0.038657784706966195,35828,1189,0.03318633471028246,2771,918,0.3312883435582822,WinoGrande,0.5,validation,discovery
77,1.3648262400520372,0.036343492800724124,0.9126564878911406,56442,2371,0.042007724743984974,35816,1265,0.03531941031941032,2755,885,0.32123411978221417,WinoGrande,0.5,validation,discovery
78,1.0817919133185923,0.062298456812461295,0.9014898901189539,56423,2679,0.047480637328748916,35820,1378,0.03847012841987717,2767,889,0.32128659197687026,WinoGrande,0.5,validation,discovery
79,1.221796269152227,0.1032946531245728,0.8916895043770958,56460,2968,0.05256818986893376,35836,1651,0.04607099006585556,2770,950,0.34296028880866425,WinoGrande,0.5,validation,discovery
80,1.1219389200366872,0.040898600245781264,0.8954348216745376,56432,2854,0.05057414233059257,35828,1460,0.04075025120017863,2777,965,0.34749729924378825,WinoGrande,0.5,validation,discovery
81,0.9474396039238566,0.0504261486023084,0.8974097061750934,56424,2796,0.04955338153977031,35805,1681,0.046948750174556624,2776,1070,0.3854466858789625,WinoGrande,0.5,validation,discovery
82,1.4457239049526756,0.10794874269217468,0.8954793573518233,56443,2858,0.0506351540492178,35828,1760,0.049123590487886566,2772,1059,0.38203463203463206,WinoGrande,0.5,validation,discovery
83,1.0875237995537843,0.06557576800126147,0.8871497672878523,56422,3086,0.05469497713657793,35826,1495,0.041729470217160725,2774,927,0.3341744772891132,WinoGrande,0.5,validation,discovery
84,1.5860487841545443,0.08332155809900618,0.9048005245142716,56449,2596,0.04598841432089142,35824,1516,0.04231799910674408,2760,992,0.35942028985507246,WinoGrande,0.5,validation,discovery
85,0.8743204223798586,0.023114784984221183,0.9142094897722335,56434,2322,0.041145408796115814,35815,1194,0.03333798687700684,2763,862,0.31197973217517194,WinoGrande,0.5,validation,discovery
86,0.6398762746229186,0.005238117578460768,0.9170923467642009,56457,2244,0.03974706413730804,35825,1143,0.031905094207955335,2762,862,0.3120926864590876,WinoGrande,0.5,validation,discovery
87,0.6796557988949044,0.018326859826461775,0.9207448955323698,56431,2139,0.03790469777250093,35821,1028,0.028698249630105244,2759,760,0.2754621239579558,WinoGrande,0.5,validation,discovery
88,0.6692440626490671,0.023677948365085508,0.9079311745444559,56443,2502,0.0443279060290913,35834,1269,0.03541329463637886,2770,847,0.30577617328519857,WinoGrande,0.5,validation,discovery
89,1.2062344737164452,0.05181419024872741,0.8785159813788741,56428,3334,0.059084142624229105,35822,1720,0.04801518619842555,2780,1026,0.36906474820143886,WinoGrande,0.5,validation,discovery
90,0.7378295243812011,0.027867297030048647,0.9061656060527928,56454,2557,0.04529351330286605,35833,1377,0.03842826444897162,2776,926,0.3335734870317003,WinoGrande,0.5,validation,discovery
91,1.0868043126396558,0.04567185205167401,0.906099743713939,56442,2553,0.04523227383863081,35816,1402,0.03914451641724369,2763,968,0.3503438291711907,WinoGrande,0.5,validation,discovery
92,1.6160359064827463,0.060207285081494866,0.9051363495140518,56468,2589,0.04584897641141886,35834,1346,0.03756209186805827,2772,928,0.3347763347763348,WinoGrande,0.5,validation,discovery
93,0.6099814185794226,0.05176393010220902,0.886557963876378,56416,3105,0.05503757799205899,35811,1700,0.04747144732065566,2769,1048,0.37847598410978694,WinoGrande,0.5,validation,discovery
94,0.7149192789866177,0.028893053550768842,0.8988754284346518,56415,2752,0.048781352477178054,35827,1442,0.040248974237307056,2780,982,0.3532374100719424,WinoGrande,0.5,validation,discovery
95,1.0636307421090203,0.06041526843563401,0.89485625053189,56410,2865,0.05078886722212374,35795,1802,0.05034222656795642,2776,1081,0.38940922190201727,WinoGrande,0.5,validation,discovery
96,1.5804883340026887,0.05249078320294938,0.9048333964915205,56467,2597,0.04599146404094427,35831,1426,0.039797940330998295,2772,985,0.35533910533910534,WinoGrande,0.5,validation,discovery
97,1.8525145352196193,0.06756834243610144,0.8892319553165946,56432,3028,0.053657499291182305,35829,1596,0.04454492171146278,2774,1003,0.3615717375630858,WinoGrande,0.5,validation,discovery
98,2.2059535137372737,0.044577825735095764,0.9034507470992853,56431,2625,0.04651698534493452,35818,1308,0.036517951867775976,2762,915,0.331281679942071,WinoGrande,0.5,validation,discovery
99,0.6127515696116853,0.01886769532879713,0.9051832095816419,56449,2582,0.04574040284150295,35822,1273,0.03553682094802077,2762,885,0.32041998551774076,WinoGrande,0.5,validation,discovery
100,1.01154614958951,0.07653185559262195,0.9102465302047631,56468,2444,0.04328115038605936,35837,1375,0.03836816697826269,2773,937,0.33790119004688063,WinoGrande,0.5,validation,discovery
101,1.252585772738126,0.07423423640764598,0.8865612059112723,56455,3109,0.05507041006111062,35830,1851,0.05166061959252023,2777,1102,0.39683111271155924,WinoGrande,0.5,validation,discovery
102,0.6717064818030918,0.02638211906567523,0.9083235374942858,56422,2488,0.0440962745028535,35817,1397,0.03900382499930201,2761,979,0.3545816733067729,WinoGrande,0.5,validation,discovery
103,1.5338109295728715,0.07475143516755772,0.878067887809793,56410,3340,0.05920936004254565,35808,2129,0.05945598748882931,2779,1154,0.41525728679381074,WinoGrande,0.5,validation,discovery
104,0.6083379723937465,0.03322309316500467,0.8965782148329468,56440,2826,0.05007087172218285,35816,1612,0.04500781773509046,2773,1028,0.37071763433104943,WinoGrande,0.5,validation,discovery
105,0.7906449708431759,0.057320304804500385,0.8961276710720146,56475,2845,0.05037627268702966,35867,1582,0.04410739677140547,2796,1032,0.36909871244635195,WinoGrande,0.5,validation,discovery
106,2.3089170702682815,0.16871728064461652,0.858523428680056,56384,3884,0.06888479001135074,35788,2684,0.07499720576729631,2775,1221,0.44,WinoGrande,0.5,validation,discovery
107,1.5165474822384135,0.07435419894866513,0.8618077031400524,56409,3803,0.06741831977166764,35807,2330,0.06507107548803306,2774,1200,0.43258832011535686,WinoGrande,0.5,validation,discovery
108,1.2037585533258994,0.02483704099624625,0.9102754671632999,56429,2433,0.04311612823193748,35806,1345,0.03756353683740155,2755,969,0.35172413793103446,WinoGrande,0.5,validation,discovery
109,1.7174028153816985,0.0744338160155474,0.8854821788431876,56342,3108,0.055163111000674454,35766,1997,0.05583515070178382,2754,1164,0.4226579520697168,WinoGrande,0.5,validation,discovery
110,0.8546824180784615,0.05560051554116836,0.9059256982687859,56417,2555,0.04528776787138628,35819,1423,0.03972751891454256,2767,977,0.35308998915793277,WinoGrande,0.5,validation,discovery
111,1.8483567857649923,0.041813857095756204,0.9048700505690463,56425,2583,0.04577758085954807,35828,1290,0.036005358937144134,2769,878,0.31708197905381,WinoGrande,0.5,validation,discovery
112,0.7027976968432372,0.022465498813161275,0.9120155002298108,56447,2389,0.04232288695590554,35825,1271,0.03547801814375436,2760,900,0.32608695652173914,WinoGrande,0.5,validation,discovery
113,0.7490709791655243,0.0579609147858406,0.8953244061611089,56407,2848,0.05049018738809013,35802,1708,0.04770683202055751,2753,1035,0.37595350526698146,WinoGrande,0.5,validation,discovery
114,1.0026912345256263,0.04125078679974823,0.8999870558093956,56422,2722,0.048243592924745664,35823,1398,0.039025207269072944,2770,929,0.33537906137184115,WinoGrande,0.5,validation,discovery
115,1.4149204770341757,0.10511608083439883,0.89408623493157,56458,2901,0.051383329200467606,35822,1635,0.04564234269443359,2756,972,0.35268505079825835,WinoGrande,0.5,validation,discovery
116,0.7820851146497337,0.034484448592305636,0.9088026517887745,56420,2473,0.043831974477135764,35807,1367,0.038176892786326695,2758,953,0.345540246555475,WinoGrande,0.5,validation,discovery
117,0.6530326331935211,0.052693103138206986,0.9067286980659645,56418,2530,0.04484384416321032,35811,1308,0.03652509005612801,2750,911,0.3312727272727273,WinoGrande,0.5,validation,discovery
118,1.4167338312651465,0.08274111271993526,0.8747139290524832,56436,3442,0.06098943936494436,35810,2317,0.06470259703993297,2787,1189,0.42662360961607465,WinoGrande,0.5,validation,discovery
119,1.6568361892102141,0.05828489662833618,0.8943783152377582,56453,2890,0.051193027828459074,35825,1740,0.04856943475226797,2786,1032,0.3704235463029433,WinoGrande,0.5,validation,discovery
120,1.2176021089743563,0.04072913926481207,0.9121163503120113,56453,2388,0.04230067489770251,35830,1299,0.03625453530560983,2766,920,0.33261026753434564,WinoGrande,0.5,validation,discovery
121,1.1273026186656498,0.03720519520841116,0.9049301735104681,56447,2589,0.045866033624461885,35818,1453,0.04056619576749121,2766,957,0.34598698481561824,WinoGrande,0.5,validation,discovery
122,1.1066258901869341,0.030592920384481505,0.9054941796174805,56447,2571,0.04554715042429181,35835,1309,0.036528533556578764,2768,892,0.3222543352601156,WinoGrande,0.5,validation,discovery
123,0.4375221509628,0.0168852160601455,0.9052356358965747,56432,2575,0.04563013892826765,35832,1203,0.033573342263898194,2769,878,0.31708197905381,WinoGrande,0.5,validation,discovery
124,0.5078332706138842,0.04989809069927764,0.8991010375599553,56413,2745,0.048658997039689435,35800,1563,0.04365921787709497,2768,1021,0.3688583815028902,WinoGrande,0.5,validation,discovery
125,0.43643538493328693,0.02161523449099246,0.8973331170383692,56452,2806,0.04970594487352087,35826,1360,0.037961257187517444,2778,885,0.3185745140388769,WinoGrande,0.5,validation,discovery
126,1.3938067407609038,0.04341270415671516,0.9086656511269179,56488,2494,0.04415097011754709,35846,1302,0.03632204430061932,2773,943,0.3400649116480346,WinoGrande,0.5,validation,discovery
127,0.5144634681665231,0.019917627802999,0.913026331317277,56456,2364,0.04187331727362902,35831,1202,0.03354637046133237,2770,844,0.3046931407942238,WinoGrande,0.5,validation,discovery
128,1.0638413098017503,0.08007411579727976,0.8710162144951967,56449,3553,0.06294177044766072,35816,2282,0.06371454098726825,2780,1223,0.4399280575539568,WinoGrande,0.5,validation,discovery
129,1.6341932453668038,0.07631957557773582,0.9007115882365906,56445,2705,0.04792275666578085,35843,1554,0.04335574589180593,2776,998,0.3595100864553314,WinoGrande,0.5,validation,discovery
130,2.276864408192026,0.13139857867052784,0.8204529381844234,56421,4971,0.08810549263572075,35802,3607,0.10074856153287526,2797,1364,0.487665355738291,WinoGrande,0.5,validation,discovery
131,1.2192463669541187,0.09266764774472669,0.8632092476235723,56438,3771,0.06681668379460647,35818,2443,0.06820592997934,2789,1198,0.4295446396557906,WinoGrande,0.5,validation,discovery
132,1.184080807805137,0.0472271751312064,0.9020984975874157,56388,2650,0.04699581471235015,35794,1355,0.03785550650947086,2752,928,0.3372093023255814,WinoGrande,0.5,validation,discovery
133,1.0219966975428323,0.03293479347237949,0.8838623508164911,56447,3182,0.056371463496731444,35844,1501,0.04187590670684076,2783,956,0.34351419331656485,WinoGrande,0.5,validation,discovery
134,1.0367144270114519,0.014066052641720292,0.9147619952209876,56441,2310,0.040927694406548434,35817,1161,0.032414775106792866,2758,864,0.3132704858593183,WinoGrande,0.5,validation,discovery
135,1.3479000385090758,0.031354889179685985,0.9037601727384997,56469,2625,0.04648568240981778,35852,1355,0.037794265312953254,2787,930,0.333692142088267,WinoGrande,0.5,validation,discovery
136,0.7898277907778833,0.051510494093827165,0.893008348577397,56364,2903,0.05150450642253921,35761,1727,0.048292832974469395,2750,1056,0.384,WinoGrande,0.5,validation,discovery
137,1.3611745838275187,0.05982151192210633,0.88299250818622,56441,3208,0.0568381141368863,35813,1934,0.05400273643648954,2778,1098,0.3952483801295896,WinoGrande,0.5,validation,discovery
138,1.8231024944781145,0.0830635734196565,0.8918575779946221,56478,2965,0.052498317929105136,35854,1598,0.04456964355441513,2791,1012,0.3625940523109996,WinoGrande,0.5,validation,discovery
139,1.6499655320551865,0.062467106138890435,0.9045705795436692,56398,2587,0.045870420936912654,35796,1410,0.03938987596379484,2759,940,0.340703153316419,WinoGrande,0.5,validation,discovery
140,0.5769709927343303,0.009740259740259745,0.9161457703908044,56453,2274,0.04028129594529963,35841,1178,0.032867386512653106,2771,883,0.318657524359437,WinoGrande,0.5,validation,discovery
141,1.7174078611941412,0.08984145414928538,0.9050438928888535,56441,2585,0.04580003897875658,35816,1401,0.03911659593477775,2754,885,0.3213507625272331,WinoGrande,0.5,validation,discovery
142,0.45739053852971134,0.023617348988426205,0.8719627156495586,56389,3507,0.06219298090053024,35805,1813,0.05063538611925709,2764,1016,0.3675832127351664,WinoGrande,0.5,validation,discovery
143,0.7492101082135555,0.021239450925942992,0.9086299692659909,56455,2485,0.04401735895846249,35834,1201,0.03351565552268795,2766,832,0.3007953723788865,WinoGrande,0.5,validation,discovery
144,0.24572489199950998,0.01680754128825345,0.9164481255350184,56431,2260,0.040048909287448385,35823,1156,0.03226977081763113,2759,838,0.3037332366799565,WinoGrande,0.5,validation,discovery
145,1.1616379306927085,0.06650623627897999,0.8902856338811251,56433,2999,0.05314266475289281,35823,1573,0.043910336934371776,2764,966,0.34949348769898697,WinoGrande,0.5,validation,discovery
146,1.3951826388760018,0.037586547972304644,0.8986567041332343,56454,2768,0.049031069543345025,35833,1363,0.03803756314012224,2770,942,0.340072202166065,WinoGrande,0.5,validation,discovery
147,1.6583213974639937,0.10994433897930221,0.9080465610087832,56442,2497,0.04424010488643209,35829,1458,0.04069329314242653,2760,903,0.32717391304347826,WinoGrande,0.5,validation,discovery
148,1.0651800175043524,0.0344425604069521,0.9091104979050623,56437,2468,0.04373017701153498,35814,1267,0.03537722678282236,2751,846,0.3075245365321701,WinoGrande,0.5,validation,discovery
149,0.3937875043290476,0.045979078620028174,0.9121100925430404,56450,2387,0.04228520814880425,35822,1267,0.035369326112444865,2764,877,0.31729377713458756,WinoGrande,0.5,validation,discovery
150,0.8085585995086702,0.05501082297624679,0.893199121393866,56459,2919,0.05170123452416798,35845,1402,0.039112846980053004,2778,917,0.330093592512599,WinoGrande,0.5,validation,discovery
151,1.6830492628305531,0.09157800776820824,0.8826938505414633,56423,3212,0.0569271396416355,35802,1884,0.052622758505111444,2768,1104,0.3988439306358382,WinoGrande,0.5,validation,discovery
152,0.6839908726154489,0.024301523817715283,0.905771560906328,56449,2566,0.045456961150773266,35834,1378,0.038455098509795164,2778,948,0.3412526997840173,WinoGrande,0.5,validation,discovery
153,1.3418239194730506,0.037019613519577346,0.902244939340721,56446,2664,0.04719554972894448,35824,1327,0.037042206342117016,2767,937,0.3386338995301771,WinoGrande,0.5,validation,discovery
154,0.7859912503593833,0.05558217782446914,0.9071187285841775,56440,2527,0.044773210489014885,35828,1300,0.036284470246734396,2768,891,0.32189306358381503,WinoGrande,0.5,validation,discovery
155,1.2534895342362666,0.05679553892687682,0.9032822827904972,56482,2649,0.046899897312418115,35851,1446,0.04033360296783911,2782,1001,0.3598130841121495,WinoGrande,0.5,validation,discovery
156,0.9980043799244134,0.05768687296877208,0.8870341787964761,56421,3088,0.05473139433898726,35828,1439,0.040164117450039075,2760,911,0.33007246376811594,WinoGrande,0.5,validation,discovery
157,0.8252498806826778,0.02207856436343083,0.906820738637634,56436,2532,0.04486497980012758,35811,1241,0.034654156544078635,2759,917,0.3323667995650598,WinoGrande,0.5,validation,discovery
158,0.82793240381683,0.04052174052897799,0.8944705602661801,56444,2886,0.051130323860817804,35815,1673,0.04671227139466704,2768,1039,0.37536127167630057,WinoGrande,0.5,validation,discovery
159,0.9902533068488734,0.02925612535702185,0.9069135442273767,56436,2529,0.044811822241122685,35822,1347,0.03760259058679024,2772,919,0.3315295815295815,WinoGrande,0.5,validation,discovery
160,0.8386581484393179,0.06629313325774207,0.8911199826711829,56433,2977,0.05275282193043078,35812,1695,0.047330503741762536,2775,1067,0.3845045045045045,WinoGrande,0.5,validation,discovery
161,0.2647926510807176,0.04926846813652923,0.8921091916465266,56432,2948,0.052239863907003116,35836,1458,0.04068534434646724,2773,915,0.3299675441759827,WinoGrande,0.5,validation,discovery
162,0.9274137302136488,0.039260167146891435,0.8985930162447646,56447,2770,0.049072581359505374,35825,1472,0.041088625261688765,2786,952,0.3417085427135678,WinoGrande,0.5,validation,discovery
163,0.5057780735965233,0.021323180754221918,0.9113318632391787,56406,2397,0.042495479204339964,35811,1324,0.036971880148557706,2763,928,0.335866811436844,WinoGrande,0.5,validation,discovery
164,0.827550223081892,0.03016065701525642,0.9189853295983827,56408,2181,0.03866472840731811,35815,1110,0.030992600865559123,2749,834,0.30338304838122954,WinoGrande,0.5,validation,discovery
165,1.1623836296890317,0.06697539190120792,0.9117366396329359,56452,2401,0.04253170835399986,35826,1301,0.03631440853011779,2771,920,0.3320101046553591,WinoGrande,0.5,validation,discovery
166,1.2854190589201897,0.08704052174052895,0.8816945096003068,56446,3246,0.05750628919675442,35812,2162,0.060370825421646374,2778,1168,0.42044636429085674,WinoGrande,0.5,validation,discovery
167,0.6728258701834187,0.03509696624511078,0.9098940704481092,56428,2445,0.043329552704331184,35818,1313,0.03665754648500754,2773,879,0.31698521456905876,WinoGrande,0.5,validation,discovery
168,0.6576074070838401,0.04588915864880257,0.9003090673441663,56479,2730,0.04833654986809256,35863,1387,0.0386749574770655,2790,912,0.32688172043010755,WinoGrande,0.5,validation,discovery
169,1.3239947028697416,0.10694165422587562,0.8969793817811355,56443,2814,0.04985560654111227,35832,1588,0.04431792810895289,2765,942,0.3406871609403255,WinoGrande,0.5,validation,discovery
170,1.182773036948654,0.08531157270029673,0.8947664466549585,56439,2873,0.05090451638051702,35822,1483,0.04139914019317738,2773,956,0.3447529751172016,WinoGrande,0.5,validation,discovery
171,0.40775363935694625,0.032602040084945515,0.9010148212597178,56413,2692,0.04771949727899598,35806,1337,0.0373401105959895,2755,925,0.33575317604355714,WinoGrande,0.5,validation,discovery
172,1.108676002025185,0.05834307466354943,0.8940119738970422,56452,2897,0.05131793381988238,35815,1700,0.047466145469775234,2773,1063,0.38333934367111433,WinoGrande,0.5,validation,discovery
173,0.6442657396943823,0.01946292644267098,0.9018715246323733,56428,2669,0.04729921315658893,35825,1300,0.03628750872295883,2772,870,0.31385281385281383,WinoGrande,0.5,validation,discovery
174,1.0812382372592264,0.0717976994263925,0.8971829630298401,56420,2801,0.04964551577454803,35818,1455,0.04062203361438383,2756,918,0.3330914368650218,WinoGrande,0.5,validation,discovery
175,0.7143745926677842,0.008557383928303816,0.913666870878787,56417,2333,0.041352783735398906,35808,1161,0.032422922252010725,2747,865,0.31488896978522024,WinoGrande,0.5,validation,discovery
176,0.5463600364563032,0.041415035028762294,0.8967640852224623,56413,2812,0.0498466665484906,35821,1437,0.0401161329946121,2772,947,0.3416305916305916,WinoGrande,0.5,validation,discovery
177,0.9174959351295345,0.02647072676746267,0.9200655071857208,56424,2150,0.038104352757691765,35831,1075,0.03000195361558427,2764,800,0.2894356005788712,WinoGrande,0.5,validation,discovery
178,1.752867934959891,0.12712594176276282,0.890622226347632,56476,3001,0.05313761597846873,35855,1771,0.04939339004322967,2791,1003,0.3593694016481548,WinoGrande,0.5,validation,discovery
179,1.3827432695385482,0.049749320665583255,0.8885935112722319,56437,3046,0.0539716852419512,35833,1650,0.04604693997153462,2777,1012,0.3644220381706878,WinoGrande,0.5,validation,discovery
180,1.2037365855814675,0.023997927558758424,0.899193323848267,56456,2759,0.04886991639506873,35829,1500,0.041865527924307123,2777,964,0.34713719841555635,WinoGrande,0.5,validation,discovery
181,1.7548971664144615,0.028690893676056876,0.9068772305786548,56460,2540,0.044987601842012045,35829,1272,0.035501967679812445,2768,880,0.3179190751445087,WinoGrande,0.5,validation,discovery
182,1.3645030794995971,0.04162545334652159,0.9128275386795541,56457,2367,0.04192571337478081,35826,1269,0.035421202478646795,2765,944,0.3414104882459313,WinoGrande,0.5,validation,discovery
183,1.026590725171045,0.04757515810928275,0.9037060067775518,56414,2613,0.04631828978622328,35811,1298,0.03624584624835944,2766,928,0.33550253073029646,WinoGrande,0.5,validation,discovery
184,0.8907650228721636,0.03887521812903588,0.9076052801681119,56411,2504,0.04438850578787825,35809,1260,0.0351866849116144,2758,861,0.31218274111675126,WinoGrande,0.5,validation,discovery
185,0.8721564269904326,0.022062507225711975,0.8950067761740227,56454,2875,0.050926417968611616,35833,1481,0.04133061702899562,2785,987,0.35439856373429085,WinoGrande,0.5,validation,discovery
186,1.7605273437166842,0.12291219351362653,0.8640165398256661,56456,3749,0.06640569647158849,35822,2117,0.05909776115236447,2777,1040,0.3745048613611811,WinoGrande,0.5,validation,discovery
187,1.3197777803523763,0.01615160068514632,0.9037988437290496,56469,2629,0.04655651773539464,35823,1357,0.03788069117606007,2767,961,0.3473075533068305,WinoGrande,0.5,validation,discovery
188,1.182404332225,0.0585369874470258,0.8890908628130846,56419,3033,0.05375848561654762,35799,1601,0.044721919606692924,2757,1012,0.3670656510700036,WinoGrande,0.5,validation,discovery
189,1.205845462674414,0.0159347765400171,0.9093734673974679,56470,2469,0.04372233044094209,35847,1210,0.03375456802521829,2774,893,0.3219178082191781,WinoGrande,0.5,validation,discovery
190,0.8132631457938945,0.02947894666429804,0.9079248180289216,56442,2505,0.04438184330817476,35834,1195,0.03334821677736228,2775,872,0.31423423423423424,WinoGrande,0.5,validation,discovery
191,1.3605006074509467,0.017085865008713667,0.912203128665936,56437,2380,0.0421709162428903,35820,1161,0.03241206030150754,2762,859,0.3110065170166546,WinoGrande,0.5,validation,discovery
192,1.0073964546305292,0.036931730063379485,0.9066774643195148,56417,2531,0.04486236418100927,35815,1456,0.040653357531760435,2762,1000,0.3620564808110065,WinoGrande,0.5,validation,discovery
193,0.8988109312307844,0.01778167430986422,0.8986969680300015,56446,2768,0.04903801863728165,35840,1281,0.0357421875,2771,891,0.3215445687477445,WinoGrande,0.5,validation,discovery
194,0.5952281838207878,0.011382917983482498,0.9029348038019658,56412,2639,0.04678082677444515,35820,1311,0.03659966499162479,2765,887,0.3207956600361664,WinoGrande,0.5,validation,discovery
195,0.4581194035001995,0.03249217952120173,0.9016096428039746,56439,2684,0.04755576817448927,35820,1483,0.04140145170295924,2767,988,0.3570654138055656,WinoGrande,0.5,validation,discovery
196,0.7161791914471919,0.029568683871354494,0.9035018103187579,56401,2617,0.04639988652683463,35805,1301,0.03633570730344924,2759,916,0.3320043494019572,WinoGrande,0.5,validation,discovery
197,0.4256353244599009,0.028390089962790258,0.903774274248071,56434,2617,0.04637275401353794,35823,1373,0.03832733160260168,2765,933,0.33743218806509945,WinoGrande,0.5,validation,discovery
198,0.8188229102778624,0.036567454965081084,0.9034126897206554,56444,2631,0.046612571752533485,35814,1373,0.038336963198749095,2769,952,0.3438064283134706,WinoGrande,0.5,validation,discovery
199,1.2628465554134887,0.11349399034858974,0.8842459845827746,56443,3175,0.05625143950534167,35829,1781,0.04970833682212733,2769,1040,0.3755868544600939,WinoGrande,0.5,validation,discovery
200,1.4322014968060504,0.04624134520276954,0.9088973626656432,56434,2475,0.04385654038345678,35817,1342,0.03746824133791216,2762,952,0.3446777697320782,WinoGrande,0.5,validation,discovery
201,1.5412911003852918,0.03236570671614458,0.9100046252312867,56451,2446,0.043329613292944325,35845,1289,0.03596038499093319,2777,918,0.33057256031688875,WinoGrande,0.5,validation,discovery
202,0.7029144713598169,0.05391451608068818,0.8997373234898797,56479,2747,0.048637546698772995,35840,1445,0.040318080357142856,2778,995,0.35817134629229663,WinoGrande,0.5,validation,discovery
203,0.5514514358789138,0.029561190540419023,0.9096986211064719,56457,2456,0.043502134367748906,35818,1232,0.034396113685856274,2767,860,0.31080592699674736,WinoGrande,0.5,validation,discovery
204,1.6390905755503953,0.05576621112618041,0.8777375504546852,56398,3347,0.059346076101989435,35786,1964,0.05488179735091935,2777,1156,0.4162765574360821,WinoGrande,0.5,validation,discovery
205,1.9351952179422636,0.06331389907702642,0.8959158131911422,56448,2846,0.05041808390022676,35820,1536,0.04288107202680067,2763,1017,0.36807817589576547,WinoGrande,0.5,validation,discovery
206,0.630796533490378,0.053456891628834824,0.8905108883347985,56435,2994,0.05305218392841322,35810,1828,0.05104719352136275,2778,1106,0.39812814974802013,WinoGrande,0.5,validation,discovery
207,1.0411832675054682,0.06025233815196402,0.8980762922355401,56464,2790,0.049412014735052426,35843,1455,0.04059370030410401,2772,967,0.34884559884559885,WinoGrande,0.5,validation,discovery
208,1.4269398835776506,0.028507842306061897,0.90968900521551,56457,2454,0.04346670917689569,35822,1219,0.034029367427837645,2764,850,0.30752532561505064,WinoGrande,0.5,validation,discovery
209,0.6799657735263255,0.03645066866098927,0.9034417034223473,56445,2630,0.04659402958632297,35821,1423,0.039725300801205995,2763,929,0.33622873688020266,WinoGrande,0.5,validation,discovery
210,1.8864955591300105,0.048523155854703945,0.9119429498120571,56394,2379,0.042185338865836794,35831,1218,0.0339929111663085,2776,869,0.31304034582132567,WinoGrande,0.5,validation,discovery
211,1.326562367458965,0.08389021575675697,0.8956653551308653,56444,2854,0.05056339026291545,35819,1502,0.04193305229068372,2768,948,0.342485549132948,WinoGrande,0.5,validation,discovery
212,1.159772267721938,0.05677130280879286,0.9008005895731311,56442,2706,0.04794302115445945,35837,1624,0.045316293216508076,2788,1037,0.3719512195121951,WinoGrande,0.5,validation,discovery
213,0.97381821665433,0.06947932685917713,0.8697043514303833,56451,3587,0.06354183273989832,35818,2271,0.06340387514657435,2793,1230,0.44038668098818473,WinoGrande,0.5,validation,discovery
214,0.8769344509606074,0.039647213979558185,0.905787622942533,56410,2556,0.04531111505052296,35811,1266,0.03535226606350004,2757,898,0.3257163583605368,WinoGrande,0.5,validation,discovery
215,0.8359487581311266,0.057248317290294566,0.9073136879097493,56479,2530,0.04479541068361692,35842,1411,0.03936722281122705,2778,983,0.3538516918646508,WinoGrande,0.5,validation,discovery
216,1.385631997163274,0.026147443061389643,0.9084454433593937,56433,2486,0.04405223893820991,35819,1298,0.03623775091431922,2767,926,0.3346584748825443,WinoGrande,0.5,validation,discovery
217,1.3611083377602968,0.05039265054101849,0.9029409381196909,56456,2647,0.046886070568230125,35832,1518,0.04236436704621567,2776,996,0.35878962536023057,WinoGrande,0.5,validation,discovery
218,0.7520947203021094,0.043067151601534265,0.913069616977957,56454,2360,0.04180394657597336,35835,1165,0.032510115808567046,2768,868,0.31358381502890176,WinoGrande,0.5,validation,discovery
219,0.6629145453734242,0.02804918256897702,0.9023105017260438,56420,2658,0.04711095356256646,35809,1369,0.038230612415873104,2758,886,0.32124728063814356,WinoGrande,0.5,validation,discovery
220,1.171911785011113,0.059083530640308524,0.8733987070903091,56440,3479,0.06164068036853296,35805,1991,0.05560675883256529,2781,1091,0.39230492628550884,WinoGrande,0.5,validation,discovery
221,1.3519825552135494,0.022090339597758,0.9089982693885605,56429,2469,0.04375409807014124,35821,1295,0.03615197789006449,2769,983,0.35500180570603107,WinoGrande,0.5,validation,discovery
222,1.181393728075312,0.059991607469352275,0.9014482307670832,56465,2692,0.047675551226423446,35841,1401,0.03908931112413158,2775,934,0.3365765765765766,WinoGrande,0.5,validation,discovery
223,1.803751803751803,0.0404040404040404,0.8859030729322002,56451,3130,0.05544631627429098,35827,1667,0.04652915399000754,2777,1009,0.3633417356859921,WinoGrande,0.5,validation,discovery
224,1.19339014716314,0.058100542070352416,0.8924326726422477,56421,2939,0.0520905336665426,35797,1789,0.04997625499343521,2767,1088,0.3932056378749548,WinoGrande,0.5,validation,discovery
225,0.9099576935209297,0.029306417288613135,0.8968761761552796,56465,2824,0.05001328256442044,35849,1399,0.03902479846020809,2788,966,0.3464849354375897,WinoGrande,0.5,validation,discovery
226,1.140838010549179,0.08124251123816877,0.8919186036212734,56459,2964,0.052498273083122264,35832,1737,0.04847622237106497,2785,1053,0.378096947935368,WinoGrande,0.5,validation,discovery
227,0.8693541990076227,0.021805593022210235,0.916609736761594,56437,2256,0.03997377606889098,35825,1213,0.03385903698534543,2752,885,0.3215843023255814,WinoGrande,0.5,validation,discovery
228,0.8961438589384575,0.04146465833864155,0.8817203638703135,56398,3235,0.057360190077662326,35779,1875,0.05240504206378043,2761,1069,0.3871785584932995,WinoGrande,0.5,validation,discovery
229,0.7860981969695033,0.02940419611911253,0.9048459349509829,56463,2597,0.04599472220746329,35842,1264,0.03526588918029128,2785,906,0.32531418312387794,WinoGrande,0.5,validation,discovery
230,0.6624181126459202,0.03704358854599107,0.8971945418780375,56449,2811,0.04979716204007157,35823,1520,0.0424308405214527,2772,1002,0.36147186147186144,WinoGrande,0.5,validation,discovery
231,0.9811733673542183,0.02961148020164795,0.9048669690702967,56391,2575,0.045663315068007304,35790,1376,0.03844649343392009,2757,979,0.3550961189698948,WinoGrande,0.5,validation,discovery
232,0.9362948302234771,0.015685186525455763,0.912651306940519,56459,2377,0.04210134788076303,35836,1180,0.032927782118540014,2765,904,0.32694394213381556,WinoGrande,0.5,validation,discovery
233,0.7173310343922619,0.010364254074743045,0.9142512700338916,56431,2321,0.04112987542308306,35826,1204,0.03360687768659633,2765,882,0.3189873417721519,WinoGrande,0.5,validation,discovery
234,0.7401571822757688,0.0070231593260879814,0.910873224114501,56424,2414,0.04278321281724089,35831,1153,0.03217883955234294,2769,868,0.31347056699169373,WinoGrande,0.5,validation,discovery
235,1.4230604392297497,0.0578399510150252,0.8943419251245981,56428,2888,0.051180265116608774,35815,1552,0.04333379868770068,2771,961,0.34680620714543486,WinoGrande,0.5,validation,discovery
236,0.3571378411038381,0.04986811737553577,0.9036128126845931,56442,2625,0.04650791963431487,35827,1443,0.04027688614731906,2767,973,0.3516443801951572,WinoGrande,0.5,validation,discovery
237,1.6744629514753302,0.05764838805658085,0.9025452017771828,56414,2646,0.04690325096607225,35806,1484,0.04144556778193599,2761,933,0.33792104310032595,WinoGrande,0.5,validation,discovery
238,1.4633184068109575,0.0195351137487636,0.8898234282922446,56440,3013,0.05338412473423104,35825,1503,0.04195394277739009,2767,952,0.3440549331405855,WinoGrande,0.5,validation,discovery
239,2.124698633445501,0.07576544142793659,0.8920390778530141,56412,2945,0.05220520456640431,35808,1464,0.04088471849865952,2764,971,0.3513024602026049,WinoGrande,0.5,validation,discovery
240,1.324730122198477,0.08175186816652434,0.9032265673516886,56411,2630,0.046622112708514296,35809,1387,0.03873327934318188,2749,878,0.3193888686795198,WinoGrande,0.5,validation,discovery
241,0.9465300689033128,0.05880497080216392,0.8771083399530716,56395,3366,0.05968614238850962,35782,2105,0.05882846123749371,2771,1158,0.4178996752075063,WinoGrande,0.5,validation,discovery
242,1.6596055567312271,0.05266312981446512,0.8949543154926872,56447,2873,0.05089730189381189,35823,1695,0.04731597018675153,2782,1074,0.3860531991373113,WinoGrande,0.5,validation,discovery
243,1.8300123742062695,0.09397814516508878,0.8962817353028987,56449,2835,0.0502223245761661,35839,1502,0.04190965149697257,2777,940,0.33849477853799065,WinoGrande,0.5,validation,discovery
244,0.536932418240119,0.014481501707382882,0.9130946724513529,56419,2347,0.04159946117442705,35817,1182,0.03300108886841444,2755,843,0.305989110707804,WinoGrande,0.5,validation,discovery
245,0.5883377665120686,0.0160704023108874,0.9134511829413957,56444,2346,0.04156331939621572,35820,1227,0.03425460636515913,2752,861,0.31286337209302323,WinoGrande,0.5,validation,discovery
246,1.1392731318139715,0.041665661463736306,0.8989304250818146,56433,2753,0.04878351319263551,35833,1442,0.040242234811486616,2775,973,0.35063063063063066,WinoGrande,0.5,validation,discovery
247,0.8734960901945619,0.04191206161919619,0.9042053806365128,56401,2598,0.0460630130671442,35803,1411,0.03941010529843868,2753,967,0.3512531783508899,WinoGrande,0.5,validation,discovery
248,1.169765486274302,0.026872946431713046,0.8920097611490317,56408,2944,0.05219117855623316,35797,1517,0.042377852892700504,2761,950,0.3440782325244477,WinoGrande,0.5,validation,discovery
249,1.02846236117294,0.03483256665694179,0.906013286920069,56450,2560,0.04534986713906112,35820,1507,0.042071468453378,2772,1017,0.36688311688311687,WinoGrande,0.5,validation,discovery
250,0.5923156775851566,0.06114046303667783,0.8894866270292335,56455,3031,0.053688778673279605,35828,1742,0.04862119013062409,2765,1019,0.3685352622061483,WinoGrande,0.5,validation,discovery
251,0.6512950892178232,0.03186480802272312,0.8872913608026237,56452,3088,0.054701339190816975,35843,1394,0.03889183383087353,2784,928,0.3333333333333333,WinoGrande,0.5,validation,discovery
252,1.348273883066525,0.07404216148249178,0.908033843385846,56446,2501,0.044307834036069874,35827,1307,0.036480866385686775,2766,912,0.3297180043383948,WinoGrande,0.5,validation,discovery
253,1.3330404698079104,0.10011356670324355,0.8496871668982011,56404,4140,0.07339904971278632,35781,2811,0.07856124758950281,2782,1222,0.4392523364485981,WinoGrande,0.5,validation,discovery
254,1.1556494040101362,0.03322999847209154,0.9034006742317232,56429,2628,0.04657179818887452,35845,1275,0.03556981447900683,2778,866,0.3117350611951044,WinoGrande,0.5,validation,discovery
255,1.1063308683899593,0.03764542414394047,0.9149569114652363,56456,2306,0.04084596854187332,35833,1132,0.03159099154410739,2770,832,0.3003610108303249,WinoGrande,0.5,validation,discovery
256,0.6389335695580899,0.028654497497227475,0.9072823118336603,56442,2518,0.04461216824350661,35832,1204,0.033601250279080154,2766,847,0.3062183658712943,WinoGrande,0.5,validation,discovery
257,1.1186382378673552,0.022438244248333267,0.9116696236502501,56431,2391,0.04237032836561464,35827,1230,0.03433164931476261,2764,861,0.3115050651230101,WinoGrande,0.5,validation,discovery
258,0.644037514333505,0.02018849565350253,0.9178215735845864,56435,2223,0.03939044918933286,35823,1135,0.03168355525779527,2753,861,0.3127497275699237,WinoGrande,0.5,validation,discovery
259,1.5339973081712304,0.0651878720530759,0.8792473004954094,56431,3312,0.05869114493806596,35802,2063,0.05762247919110664,2772,1177,0.4246031746031746,WinoGrande,0.5,validation,discovery
260,1.0728474899296054,0.05387600505932995,0.8891967392356152,56439,3028,0.053650844274349296,35811,1881,0.05252576024126665,2783,1139,0.4092705713259073,WinoGrande,0.5,validation,discovery
261,1.236052162310309,0.07362439664723242,0.8789330917057656,56404,3315,0.05877242748741224,35783,2106,0.05885476343515077,2770,1186,0.42815884476534294,WinoGrande,0.5,validation,discovery
262,0.5805075534495469,0.021607554990344308,0.9090991893137508,56422,2465,0.043688632093864095,35825,1204,0.03360781577110956,2761,856,0.31003259688518653,WinoGrande,0.5,validation,discovery
263,0.9767426165907298,0.02626509096799319,0.9095367467100528,56439,2452,0.04344513545597902,35824,1227,0.034250781598928096,2773,856,0.30869094843130185,WinoGrande,0.5,validation,discovery
264,0.9757084448048641,0.04390984880599124,0.8991810812585196,56464,2757,0.048827571550014166,35818,1591,0.04441900720308225,2766,985,0.35610990600144615,WinoGrande,0.5,validation,discovery
265,1.7355010633761436,0.03334746361452592,0.912646897831317,56441,2369,0.04197303378749491,35823,1221,0.03408424755045641,2772,883,0.3185425685425685,WinoGrande,0.5,validation,discovery
266,1.357659094214098,0.043648652699097804,0.9085623337013717,56425,2482,0.04398759415152858,35807,1361,0.038009327785069956,2760,993,0.35978260869565215,WinoGrande,0.5,validation,discovery
267,0.9468223537617282,0.04087644604997205,0.9084613137391911,56421,2483,0.044008436575034116,35807,1279,0.03571927276789454,2763,874,0.3163228374954759,WinoGrande,0.5,validation,discovery
268,1.047890541161798,0.05395198273536553,0.9054631121111962,56428,2570,0.045544765010278584,35813,1371,0.03828218803227878,2762,945,0.34214337436640113,WinoGrande,0.5,validation,discovery
269,0.5246113178236306,0.017238943054966798,0.9045168305982337,56444,2602,0.04609878817943448,35815,1426,0.03981571967052911,2759,950,0.3443276549474447,WinoGrande,0.5,validation,discovery
270,1.0434437387371163,0.02734926164161102,0.9113440336077285,56455,2407,0.04263572757063148,35832,1231,0.03435476668899308,2774,911,0.32840663302090844,WinoGrande,0.5,validation,discovery
271,1.0366041399680095,0.04663849174234931,0.9063351918727821,56440,2544,0.04507441530829199,35828,1293,0.036089092330021215,2771,898,0.3240707325875135,WinoGrande,0.5,validation,discovery
272,0.6203568660240064,0.04625366986478535,0.8881233176388366,56427,3062,0.05426480231095043,35810,1795,0.05012566322256353,2774,1063,0.38320115356885365,WinoGrande,0.5,validation,discovery
273,1.1278332289182436,0.06914388876826454,0.8886618267729338,56406,3037,0.05384178988050917,35796,1878,0.052463962453905465,2760,1150,0.4166666666666667,WinoGrande,0.5,validation,discovery
274,1.3210992997291688,0.041171488718776086,0.8914977128090831,56449,2967,0.052560718524686,35812,1709,0.047721434156148775,2776,1055,0.38004322766570603,WinoGrande,0.5,validation,discovery
275,0.8891767611036729,0.04579216422849503,0.907207125098408,56446,2522,0.04467987102717642,35822,1436,0.04008709731449947,2775,978,0.35243243243243244,WinoGrande,0.5,validation,discovery
276,1.5297742796169251,0.039637486612070526,0.9076999864943681,56422,2508,0.04445074616284428,35803,1399,0.039074937854369746,2766,985,0.35610990600144615,WinoGrande,0.5,validation,discovery
277,1.3375453781912379,0.04776291026452297,0.8892339211906999,56432,3029,0.05367521973348455,35809,1644,0.045910246027534976,2772,1015,0.3661616161616162,WinoGrande,0.5,validation,discovery
278,1.0625832261710915,0.020075912925301368,0.9111646319011588,56449,2413,0.04274654998317065,35841,1259,0.03512736809798834,2774,907,0.32696467195385726,WinoGrande,0.5,validation,discovery
279,1.6895574994043423,0.1172700706309273,0.8961805326842454,56474,2846,0.050394871976484755,35846,1620,0.04519332700998717,2779,924,0.33249370277078083,WinoGrande,0.5,validation,discovery
280,1.2623896632500335,0.061080150860855796,0.8701947772196955,56453,3571,0.06325615999149735,35864,1794,0.05002230649118894,2796,1031,0.3687410586552217,WinoGrande,0.5,validation,discovery
281,0.980202048458566,0.03961724065581633,0.8978825593439687,56440,2786,0.04936215450035436,35827,1422,0.03969073603706701,2766,939,0.33947939262472887,WinoGrande,0.5,validation,discovery
282,0.49478881120888635,0.028775950531129232,0.909297993631005,56441,2466,0.04369164260023742,35818,1309,0.03654587079122229,2771,903,0.3258751353302057,WinoGrande,0.5,validation,discovery
283,0.5672191602386295,0.029352839387579203,0.8877515935294918,56451,3077,0.05450744893801704,35830,1573,0.04390175830309796,2776,1031,0.37139769452449567,WinoGrande,0.5,validation,discovery
284,0.8962184648796069,0.01907964954668606,0.9127151539667134,56404,2357,0.04178781646691724,35816,1130,0.031550145186508824,2757,841,0.30504171200580343,WinoGrande,0.5,validation,discovery
285,0.9155965471591934,0.021697579398238007,0.9028179169532405,56438,2647,0.046901024132676564,35842,1321,0.03685620222085821,2779,908,0.3267362360561353,WinoGrande,0.5,validation,discovery
286,1.2080893108549584,0.06671732889435719,0.8876322164741056,56450,3078,0.054526129317980516,35818,1832,0.05114746775364342,2776,1096,0.39481268011527376,WinoGrande,0.5,validation,discovery
287,1.9031341256671737,0.03997692054071876,0.8994142585403986,56440,2743,0.04860028348688873,35823,1376,0.03841107668257823,2768,941,0.3399566473988439,WinoGrande,0.5,validation,discovery
288,0.4129127391200954,0.043298111022653255,0.8890106323510423,56432,3036,0.05379926282960023,35811,1634,0.04562843818938315,2771,1030,0.3717069649945868,WinoGrande,0.5,validation,discovery
289,0.7437239211688993,0.04726043820999312,0.8959868108739152,56437,2838,0.05028615978879104,35821,1554,0.043382373468077384,2772,1011,0.3647186147186147,WinoGrande,0.5,validation,discovery
290,1.5934427014622436,0.09555705049834838,0.8928216674005468,56442,2930,0.05191169696325432,35824,1611,0.04496985261277356,2780,956,0.34388489208633094,WinoGrande,0.5,validation,discovery
291,0.7246725068967463,0.04377566698557539,0.9003466042619906,56396,2704,0.047946662883892474,35801,1560,0.04357420183793749,2758,1009,0.3658448150833938,WinoGrande,0.5,validation,discovery
292,0.7689797859756857,0.05881442345580726,0.9003036131235295,56451,2722,0.04821880923278596,35827,1539,0.04295642950847126,2768,962,0.3475433526011561,WinoGrande,0.5,validation,discovery
293,0.7543468087277918,0.053565528467272056,0.8658928617004324,56409,3686,0.06534418266588665,35806,2093,0.05845389040942859,2774,1078,0.3886085075702956,WinoGrande,0.5,validation,discovery
294,1.166559039487215,0.04124329346881277,0.9044230793343679,56428,2595,0.045987807471468065,35809,1278,0.035689351838923175,2760,922,0.33405797101449275,WinoGrande,0.5,validation,discovery
295,1.1440620385642943,0.0649401301134673,0.8745125308381579,56455,3452,0.06114604552298291,35815,2140,0.059751500767834705,2787,1201,0.43092931467527806,WinoGrande,0.5,validation,discovery
296,1.1030114622127734,0.03274549065965439,0.9168255691583357,56422,2247,0.03982489099996455,35828,1133,0.03162331137657698,2762,820,0.2968863142650253,WinoGrande,0.5,validation,discovery
297,1.5358519607068453,0.08693762551329316,0.9067375850926878,56450,2540,0.0449955713020372,35830,1395,0.038933854312029025,2771,926,0.3341753879465897,WinoGrande,0.5,validation,discovery
298,0.5833640371020582,0.02446144360090948,0.9079533400349957,56426,2496,0.044234927161237725,35831,1296,0.036169797103067176,2771,943,0.3403103572717431,WinoGrande,0.5,validation,discovery
299,0.41596129768885404,0.019152953871054767,0.9016320789228681,56394,2669,0.04732772990034401,35798,1299,0.03628694340465948,2751,897,0.3260632497273719,WinoGrande,0.5,validation,discovery
300,0.9961273182026661,0.04263705302280971,0.9079285070376921,56470,2513,0.04450150522401275,35842,1345,0.037525807711623234,2772,921,0.33225108225108224,WinoGrande,0.5,validation,discovery
301,0.6389917810041029,0.02660076631177134,0.9125668038062678,56445,2373,0.0420409247940473,35823,1253,0.034977528403539626,2762,950,0.3439536567704562,WinoGrande,0.5,validation,discovery
302,1.6167951609880893,0.08328766840021093,0.8700714128305965,56454,3576,0.06334360718461048,35815,2305,0.064358509004607,2786,1220,0.4379038047379756,WinoGrande,0.5,validation,discovery
303,0.7168989053884866,0.03965525560300114,0.8926101651104172,56444,2940,0.05208702430727801,35815,1476,0.04121178277258132,2771,985,0.35546734031035726,WinoGrande,0.5,validation,discovery
304,0.8024332763483935,0.03556581536842148,0.8996406350178484,56425,2736,0.04848914488258751,35814,1560,0.0435583849891104,2763,1036,0.37495475931958017,WinoGrande,0.5,validation,discovery
305,1.7401137508025104,0.10613856576297301,0.8420191687417605,56409,4360,0.07729263060859083,35789,3002,0.08388052194808461,2790,1300,0.4659498207885305,WinoGrande,0.5,validation,discovery
306,0.4531344855495588,0.04097564272175888,0.8966529447349602,56432,2820,0.049971647292316415,35818,1560,0.04355352057624658,2771,1008,0.36376759292674127,WinoGrande,0.5,validation,discovery
307,0.8737227913394005,0.03925709534663219,0.9111118709275764,56441,2410,0.04269945606916958,35819,1264,0.03528853401825847,2765,909,0.32875226039783,WinoGrande,0.5,validation,discovery
308,0.8399621569130002,0.01821842845581717,0.9114898956505103,56454,2406,0.04261876926347114,35838,1277,0.03563256878174005,2781,943,0.339086659475009,WinoGrande,0.5,validation,discovery
309,1.9186878425286717,0.09317957018253756,0.9009539258632305,56451,2702,0.04786451967192787,35830,1434,0.04002232765838683,2765,917,0.33164556962025316,WinoGrande,0.5,validation,discovery
310,1.3308052803821757,0.04493001228906273,0.8971647283642568,56423,2801,0.0496428761320738,35838,1423,0.03970645683352866,2777,967,0.34821750090025205,WinoGrande,0.5,validation,discovery
311,0.4020506960272998,0.009820545428854036,0.9144264742120649,56416,2311,0.04096355643788996,35800,1067,0.029804469273743018,2742,811,0.29576951130561635,WinoGrande,0.5,validation,discovery
312,1.6744503369442159,0.13853304705153877,0.8887443997342396,56454,3049,0.054008573351755414,35830,1862,0.0519676248953391,2769,1009,0.3643914770675334,WinoGrande,0.5,validation,discovery
313,0.7081952431581643,0.07850013487995681,0.9045619011991286,56420,2591,0.04592343140730237,35808,1487,0.04152703306523682,2751,909,0.33042529989094876,WinoGrande,0.5,validation,discovery
314,0.7811718841314951,0.05204656070004679,0.8888187747236073,56440,3044,0.05393338058114812,35796,1786,0.049893842887473464,2772,1104,0.39826839826839827,WinoGrande,0.5,validation,discovery
315,0.4815471106820186,0.016638818175047948,0.9040546025280918,56432,2610,0.04625035440884605,35823,1317,0.036764090109706056,2768,888,0.3208092485549133,WinoGrande,0.5,validation,discovery
316,1.316239312073917,0.09403472373002661,0.897493554178873,56454,2801,0.049615616253941265,35834,1593,0.04445498688396495,2768,996,0.3598265895953757,WinoGrande,0.5,validation,discovery
317,0.553257209925208,0.011208012673598538,0.9067143795700919,56420,2533,0.04489542715349167,35805,1362,0.03803937997486385,2760,934,0.3384057971014493,WinoGrande,0.5,validation,discovery
318,0.44555280760609584,0.022514248033535862,0.8940662373546321,56415,2889,0.05120978463174688,35810,1434,0.04004468025691148,2764,955,0.3455137481910275,WinoGrande,0.5,validation,discovery
319,1.0268343394572574,0.039176779008146166,0.890993076354246,56407,2977,0.05277713758930629,35816,1663,0.04643176234085325,2766,978,0.35357917570498915,WinoGrande,0.5,validation,discovery
320,1.2770861194327328,0.10336300692383779,0.8981684284967072,56419,2773,0.04915010900583137,35817,1756,0.04902699835273753,2770,1045,0.37725631768953066,WinoGrande,0.5,validation,discovery
321,0.8930813584558748,0.06543871076692963,0.8916088414097574,56483,2978,0.0527238284085477,35831,1549,0.04323072200050236,2775,961,0.3463063063063063,WinoGrande,0.5,validation,discovery
322,1.0251854664051328,0.0409135869076522,0.9073439692065479,56472,2523,0.04467700807479813,35823,1322,0.03690366524300031,2763,913,0.33043792978646397,WinoGrande,0.5,validation,discovery
323,0.5126093166959041,0.0514716901957258,0.9069118897266198,56432,2528,0.044797278140062374,35815,1471,0.0410721764623761,2767,990,0.3577882182869534,WinoGrande,0.5,validation,discovery
324,1.0909655607586537,0.019010580583280878,0.9102899066292478,56431,2434,0.04313232088745548,35821,1206,0.033667401803411406,2764,910,0.329232995658466,WinoGrande,0.5,validation,discovery
325,0.856144262026793,0.011734556244942011,0.9190826500135492,56436,2190,0.03880501807357006,35824,1143,0.031905984814649395,2765,873,0.31573236889692585,WinoGrande,0.5,validation,discovery
326,1.1557307259803906,0.07168869705961692,0.8928631602542564,56370,2913,0.051676423629590205,35802,1636,0.045695771185967266,2764,965,0.34913169319826337,WinoGrande,0.5,validation,discovery
327,1.5669871463982947,0.03433444234631179,0.8934222468788,56465,2919,0.051695740724342513,35845,1367,0.03813642070023713,2781,901,0.3239841783531104,WinoGrande,0.5,validation,discovery
328,1.2713883159368875,0.05762371489374456,0.9126922909047854,56420,2363,0.041882311237149944,35815,1208,0.03372888454558146,2756,840,0.3047895500725689,WinoGrande,0.5,validation,discovery
329,1.7479934137442632,0.11611099048675946,0.8954181465696406,56448,2859,0.0506483843537415,35828,1733,0.048369989951992855,2776,1023,0.3685158501440922,WinoGrande,0.5,validation,discovery
330,2.467510770538955,0.0657882341858603,0.9004878677474156,56472,2721,0.04818317042073948,35841,1422,0.03967523227588516,2776,956,0.34438040345821325,WinoGrande,0.5,validation,discovery
331,0.7779224948127427,0.02412968917290939,0.8990311198414347,56449,2754,0.048787401016847066,35822,1340,0.03740717994528502,2766,887,0.32067968185104845,WinoGrande,0.5,validation,discovery
332,0.9968103401210605,0.021363858836443022,0.8830707859990887,56444,3211,0.0568882432145135,35836,1513,0.04222011385199241,2776,960,0.345821325648415,WinoGrande,0.5,validation,discovery
333,1.1927051473565888,0.10094448867337338,0.8953299729664693,56416,2854,0.05058848553601815,35799,1690,0.04720802257046286,2753,987,0.3585179803850345,WinoGrande,0.5,validation,discovery
334,0.8413732878090789,0.04494463342259536,0.9065051338109165,56441,2541,0.045020463847203276,35818,1494,0.041710871628789996,2774,1010,0.36409516943042536,WinoGrande,0.5,validation,discovery
335,0.9051859548397793,0.02366046657499217,0.8957594958773251,56473,2854,0.05053742496414216,35850,1363,0.03801952580195258,2786,956,0.3431442928930366,WinoGrande,0.5,validation,discovery
336,1.3365200233912353,0.05461066480101002,0.8965855645466125,56448,2830,0.05013463718820862,35805,1583,0.04421170227621841,2755,1040,0.37749546279491836,WinoGrande,0.5,validation,discovery
337,0.7303737826851323,0.024207296969112127,0.9203179728988156,56439,2151,0.0381119438686015,35812,1039,0.02901262146766447,2744,779,0.28389212827988336,WinoGrande,0.5,validation,discovery
338,0.5084934193546128,0.02923166674342763,0.9102385511682088,56448,2442,0.04326105442176871,35838,1239,0.034572241754562194,2772,879,0.3170995670995671,WinoGrande,0.5,validation,discovery
339,1.4683616963496653,0.04756017144741181,0.8748167433713965,56480,3454,0.06115439093484419,35845,1686,0.047035848793416095,2780,1038,0.3733812949640288,WinoGrande,0.5,validation,discovery
340,0.8192986583083804,0.02615739065402522,0.911782043605502,56419,2391,0.04237934029316365,35809,1319,0.036834315395570943,2760,929,0.33659420289855074,WinoGrande,0.5,validation,discovery
341,0.6598426954995339,0.029797286656354404,0.9150309209445452,56454,2307,0.04086512913168243,35816,1290,0.03601742238105875,2758,917,0.33248730964467005,WinoGrande,0.5,validation,discovery
342,0.9516439818528245,0.03656363848597108,0.9061386154518409,56499,2569,0.04546983132444822,35857,1319,0.03678500711158212,2788,920,0.3299856527977044,WinoGrande,0.5,validation,discovery
343,1.0628052419186698,0.06067002806526582,0.902178904636364,56448,2666,0.04722930839002268,35851,1441,0.04019413684416055,2788,988,0.35437589670014347,WinoGrande,0.5,validation,discovery
344,0.6948141403098301,0.035960495159308214,0.9098315811968972,56444,2449,0.043388136914463894,35831,1214,0.03388127599006447,2769,854,0.30841459010473093,WinoGrande,0.5,validation,discovery
345,0.9341351345909034,0.026921162116935432,0.8970122266434821,56448,2812,0.049815759637188206,35828,1418,0.03957798369989952,2770,928,0.33501805054151623,WinoGrande,0.5,validation,discovery
346,0.6644653805294398,0.03891743665211132,0.9017754085644232,56359,2655,0.047108713781294914,35795,1505,0.042044978348931415,2757,936,0.3394994559303591,WinoGrande,0.5,validation,discovery
347,1.2038212128225965,0.06711337884892202,0.8955545916474001,56392,2838,0.05032628741665485,35795,1614,0.04509009638217628,2747,989,0.3600291226792865,WinoGrande,0.5,validation,discovery
348,0.828649990429537,0.027141915124110967,0.8990805958658749,56402,2743,0.048633027197617106,35807,1299,0.03627782277208367,2754,900,0.32679738562091504,WinoGrande,0.5,validation,discovery
349,1.4032841918213408,0.04594197749368916,0.8995289455035475,56445,2740,0.04854282930286119,35828,1449,0.04044322875962934,2766,952,0.34417932031814896,WinoGrande,0.5,validation,discovery
350,0.3870606684989289,0.038433294368012474,0.8979297966161668,56488,2798,0.04953264410140207,35841,1432,0.03995424234814877,2782,942,0.3386053199137311,WinoGrande,0.5,validation,discovery
351,0.6482119132110722,0.028318576954315527,0.90665682008902,56425,2535,0.044926894107221976,35824,1296,0.036176864671728454,2772,901,0.325036075036075,WinoGrande,0.5,validation,discovery
352,1.0081464346558813,0.024781176460267437,0.8898038949288812,56413,3007,0.053303316611419356,35812,1494,0.04171785993521725,2765,974,0.35226039783001806,WinoGrande,0.5,validation,discovery
353,0.5914313353177837,0.028789377454065873,0.9023874247287037,56476,2672,0.04731213258729372,35844,1273,0.03551500948554849,2773,877,0.3162639740353408,WinoGrande,0.5,validation,discovery
354,1.3450622234453258,0.06159079394948252,0.8900761031070927,56428,3006,0.05327142553342312,35808,1838,0.051329311885612156,2775,1125,0.40540540540540543,WinoGrande,0.5,validation,discovery
355,0.7740074458026845,0.03215388304409075,0.8932056276579273,56440,2921,0.051754075124025516,35826,1492,0.041645732149835316,2777,970,0.34929780338494776,WinoGrande,0.5,validation,discovery
356,1.3196778379506238,0.06931312498336106,0.8979682231270345,56446,2786,0.04935690748680154,35837,1430,0.0399028936573932,2770,940,0.33935018050541516,WinoGrande,0.5,validation,discovery
357,0.4869759741326782,0.024719474822687312,0.898982251833583,56425,2755,0.04882587505538325,35822,1379,0.03849589637652839,2773,959,0.3458348359177786,WinoGrande,0.5,validation,discovery
358,0.8539518565194733,0.02464108261629274,0.9067246251402391,56448,2541,0.04501488095238095,35833,1363,0.03803756314012224,2780,937,0.33705035971223024,WinoGrande,0.5,validation,discovery
359,1.0106237844767072,0.03889820668300864,0.8968552484522792,56398,2804,0.04971807510904642,35798,1508,0.042125258394323704,2763,997,0.3608396670285921,WinoGrande,0.5,validation,discovery
360,1.4865039149954156,0.044056783251725844,0.9014499853452729,56461,2691,0.04766121747755087,35828,1326,0.03701015965166909,2772,927,0.3344155844155844,WinoGrande,0.5,validation,discovery
361,1.283344963993701,0.04922611112135045,0.9026682614733578,56429,2650,0.046961668645554594,35833,1306,0.036446850668378314,2772,922,0.33261183261183264,WinoGrande,0.5,validation,discovery
362,0.91403630986819,0.03098492341815784,0.9123863737136864,56411,2365,0.04192444735955753,35820,1175,0.03280290340591848,2765,871,0.3150090415913201,WinoGrande,0.5,validation,discovery
363,0.93996120193586,0.035821594390748335,0.9090223665191823,56444,2475,0.04384877046275955,35821,1232,0.03439323301973703,2758,852,0.30891950688905,WinoGrande,0.5,validation,discovery
364,1.52465277998532,0.027627911159068423,0.9002638789973527,56442,2718,0.048155628787073454,35832,1361,0.037982808662647916,2769,901,0.3253882267966775,WinoGrande,0.5,validation,discovery
365,1.0983447010441936,0.05332254293678626,0.9139707595550925,56436,2333,0.04133886171946984,35808,1202,0.033567917783735475,2751,858,0.311886586695747,WinoGrande,0.5,validation,discovery
366,0.7156753310330473,0.035322830973116844,0.890361932172892,56452,3004,0.05321334939417558,35830,1598,0.044599497627686294,2771,1015,0.36629375676651027,WinoGrande,0.5,validation,discovery
367,0.6821286074080989,0.012334022719779389,0.9117550168670564,56406,2385,0.042282735879161794,35818,1189,0.03319559997766486,2766,892,0.3224873463485177,WinoGrande,0.5,validation,discovery
368,0.2455995145294051,0.024922818691364684,0.9052805457757164,56436,2577,0.04566234318520094,35836,1366,0.03811809353722514,2771,969,0.3496932515337423,WinoGrande,0.5,validation,discovery
369,1.4314108426096446,0.07117719577402198,0.8988095634388914,56427,2755,0.048824144469845995,35822,1428,0.039863770867064934,2758,876,0.31762146482958664,WinoGrande,0.5,validation,discovery
370,0.6576275368255345,0.03981206726013847,0.91796871627909,56395,2205,0.03909921092295416,35802,1182,0.03301491536785654,2753,854,0.3102070468579731,WinoGrande,0.5,validation,discovery
371,1.4882679802536019,0.05719489793456645,0.8809508508628772,56402,3253,0.057675259742562324,35796,1963,0.05483852944463068,2771,1111,0.4009382894261999,WinoGrande,0.5,validation,discovery
372,0.5732558331141601,0.0323816071988613,0.8995764662931296,56441,2742,0.048581704789071777,35825,1388,0.038743893928820654,2764,953,0.34479015918958034,WinoGrande,0.5,validation,discovery
373,0.25235751002861173,0.02581024316929361,0.8920688146139136,56399,2941,0.052146314650968986,35807,1371,0.03828860278716452,2768,892,0.3222543352601156,WinoGrande,0.5,validation,discovery
374,0.6672722939095219,0.04050145370620149,0.8991904864089306,56440,2750,0.04872430900070872,35812,1551,0.04330950519378979,2767,1056,0.3816407661727503,WinoGrande,0.5,validation,discovery
375,0.574579277635435,0.034928425896074464,0.8930564957480774,56450,2926,0.05183348095659876,35832,1438,0.04013172583165885,2771,963,0.34752796824251175,WinoGrande,0.5,validation,discovery
376,1.4789142922478913,0.0856766049644388,0.880991629436628,56474,3277,0.0580267025533874,35849,1725,0.048118497029205835,2780,1027,0.36942446043165467,WinoGrande,0.5,validation,discovery
377,1.068410111043148,0.022387978425909023,0.9297811142236123,56428,1878,0.03328134968455377,35820,946,0.026409826912339476,2748,750,0.27292576419213976,WinoGrande,0.5,validation,discovery
378,1.1450338409437153,0.033954656132439635,0.8867204340021001,56409,3095,0.05486713113155702,35820,1580,0.044109436069235064,2762,986,0.3569876900796524,WinoGrande,0.5,validation,discovery
379,0.4031886991061066,0.01627900547394806,0.9196586685982499,56460,2175,0.03852284803400638,35840,1069,0.02982700892857143,2771,821,0.29628293035005415,WinoGrande,0.5,validation,discovery
380,1.5028761347185187,0.020406481088973673,0.9152505473429801,56411,2286,0.04052401127439684,35819,1179,0.03291549177810659,2766,893,0.3228488792480116,WinoGrande,0.5,validation,discovery
381,0.5759338558361453,0.0441816282069782,0.9004013474456285,56434,2713,0.04807385618598717,35813,1591,0.04442520872308938,2777,1038,0.3737846597047173,WinoGrande,0.5,validation,discovery
382,0.8586520418957393,0.05697319137520401,0.9013134289935517,56457,2695,0.04773544467470819,35842,1357,0.03786061045700575,2776,894,0.32204610951008644,WinoGrande,0.5,validation,discovery
383,1.6144017229288428,0.044257074618223945,0.90865098721758,56469,2491,0.04411269900299279,35844,1240,0.0345943533087825,2771,894,0.3226272103933598,WinoGrande,0.5,validation,discovery
384,0.32715770616717815,0.02373973400607257,0.898994502331174,56427,2755,0.048824144469845995,35824,1429,0.03988945958016972,2770,984,0.3552346570397112,WinoGrande,0.5,validation,discovery
385,1.2287390961017173,0.027721948432415374,0.9010878552220075,56462,2698,0.047784350536644114,35847,1340,0.03738109186263844,2783,915,0.32878189004671216,WinoGrande,0.5,validation,discovery
386,0.6259007282872181,0.047897371339507826,0.9050330252287686,56452,2590,0.04587968539644299,35829,1340,0.03739987161238103,2765,965,0.34900542495479203,WinoGrande,0.5,validation,discovery
387,0.6947427781052475,0.05255822318136857,0.8945021623717505,56399,2869,0.050869696271210484,35806,1477,0.04125006982070044,2763,986,0.35685848715164675,WinoGrande,0.5,validation,discovery
388,0.8917191912798661,0.048378406632731005,0.890512767399965,56447,3000,0.05314720002834517,35825,1551,0.04329378925331472,2765,957,0.3461121157323689,WinoGrande,0.5,validation,discovery
389,0.5490148255854438,0.022786335068621218,0.9036600592376145,56455,2627,0.04653263661323178,35825,1363,0.03804605722260991,2767,911,0.3292374412721359,WinoGrande,0.5,validation,discovery
390,0.9008090729589684,0.056468279816329306,0.9011328849046205,56425,2688,0.04763845813026141,35822,1532,0.04276701468371392,2761,1024,0.3708801159000362,WinoGrande,0.5,validation,discovery
391,1.1875661983561592,0.06390522062693396,0.898248888260593,56467,2781,0.04925000442736466,35836,1453,0.040545819845964955,2773,931,0.33573746844572666,WinoGrande,0.5,validation,discovery
392,0.9667511431663472,0.03328738642120709,0.9151326594738153,56467,2308,0.04087343049922964,35833,1223,0.034130550051628385,2776,901,0.3245677233429395,WinoGrande,0.5,validation,discovery
393,1.0153374821733265,0.032736175362933204,0.9044566376928863,56427,2594,0.045970900455455724,35821,1431,0.03994863348315234,2762,972,0.35191889934829834,WinoGrande,0.5,validation,discovery
394,0.4208625660675239,0.036245607263194285,0.8881508690682214,56436,3062,0.05425614855765823,35827,1622,0.04527311803946744,2778,1012,0.3642908567314615,WinoGrande,0.5,validation,discovery
395,1.5340232229013495,0.04030863750774007,0.9111820438133232,56473,2418,0.04281692136065022,35839,1273,0.035519964284717764,2769,944,0.3409172986637775,WinoGrande,0.5,validation,discovery
396,0.9143877146634558,0.06854478782176546,0.8943085466526737,56435,2886,0.051138477894923366,35808,1649,0.046051161751563895,2772,988,0.3564213564213564,WinoGrande,0.5,validation,discovery
397,1.9576198896930668,0.06904336847522778,0.9043456851449565,56454,2606,0.04616147660041804,35839,1452,0.040514523284689866,2779,938,0.33753148614609574,WinoGrande,0.5,validation,discovery
398,0.8467034257847296,0.06621003231983405,0.8731634185540634,56418,3482,0.061717891453082346,35810,2117,0.059117564925998324,2770,1043,0.3765342960288809,WinoGrande,0.5,validation,discovery
399,1.448829089981513,0.10182915466104732,0.877579519922768,56424,3355,0.05946051325677017,35832,1842,0.0514065639651708,2786,1028,0.36898779612347454,WinoGrande,0.5,validation,discovery
400,1.4426515589823998,0.04840133275173915,0.9009072819829861,56407,2692,0.04772457319127059,35813,1395,0.03895233574400357,2758,966,0.350253807106599,WinoGrande,0.5,validation,discovery
401,0.7700257459749439,0.028967389754825525,0.9176195954157584,56479,2241,0.03967846456204961,35850,1122,0.031297071129707116,2777,846,0.3046453006841916,WinoGrande,0.5,validation,discovery
402,1.7072661385949983,0.037624014626981984,0.908060136202782,56386,2482,0.04401801865711347,35795,1287,0.03595474228244168,2738,886,0.32359386413440466,WinoGrande,0.5,validation,discovery
403,0.5797196682965623,0.019994347887522967,0.9125268839707874,56431,2365,0.04190958870124577,35814,1161,0.032417490366895625,2759,862,0.31243204059441826,WinoGrande,0.5,validation,discovery
404,1.8512207766018807,0.03946426704623131,0.9074249614838282,56443,2514,0.044540509894938254,35823,1288,0.035954554336599394,2766,877,0.3170643528561099,WinoGrande,0.5,validation,discovery
405,0.6256721899040388,0.020407055490648168,0.8978740074576825,56450,2787,0.04937112488928255,35832,1316,0.036726947979459704,2782,867,0.31164629762760604,WinoGrande,0.5,validation,discovery
406,1.0263655096399682,0.025859485058298104,0.9128120161120161,56439,2362,0.041850493453108664,35827,1161,0.03240572752393446,2763,838,0.3032935215345639,WinoGrande,0.5,validation,discovery
407,0.7170117505006042,0.038936092219539524,0.8994176388591688,56488,2755,0.04877142047868574,35849,1275,0.035565845630282575,2781,897,0.3225458468176915,WinoGrande,0.5,validation,discovery
408,1.4321396548364467,0.037586547972304644,0.8895101763415248,56479,3039,0.053807609908107436,35839,1564,0.04363961048020313,2781,1033,0.37144911902193456,WinoGrande,0.5,validation,discovery
409,0.6032300588472079,0.046758105782747764,0.8970175946947373,56395,2799,0.049632059579749976,35782,1632,0.045609524341847854,2754,1033,0.37509077705156135,WinoGrande,0.5,validation,discovery
410,1.023293286738281,0.05939214099451488,0.9076242481958678,56471,2518,0.0445892582033256,35842,1367,0.03813961274482451,2782,951,0.34184040258806614,WinoGrande,0.5,validation,discovery
411,1.3714921890318779,0.0673950184335941,0.8984516052465508,56427,2771,0.04910769667003385,35817,1482,0.04137699974872267,2762,960,0.34757422157856627,WinoGrande,0.5,validation,discovery
412,1.4191643041812345,0.11510779796225264,0.8654197287650639,56440,3703,0.06560949681077251,35826,2192,0.06118461452576341,2787,1122,0.4025834230355221,WinoGrande,0.5,validation,discovery
413,0.34314050665800105,0.008790068824808631,0.9051363495140518,56472,2591,0.045881144638050715,35833,1318,0.03678173750453492,2777,956,0.34425639178970113,WinoGrande,0.5,validation,discovery
414,0.42239909430813216,0.012558822647843417,0.9149146600226744,56472,2312,0.0409406431505879,35838,1136,0.0316981974440538,2770,859,0.3101083032490975,WinoGrande,0.5,validation,discovery
415,1.0413201901093783,0.029380495806543117,0.9124048137499705,56444,2376,0.042094819644249167,35840,1260,0.03515625,2775,893,0.3218018018018018,WinoGrande,0.5,validation,discovery
416,0.7199213822054601,0.026429892030239426,0.9063148989558972,56404,2539,0.04501453797603007,35801,1287,0.035948716516298426,2759,921,0.3338166002174701,WinoGrande,0.5,validation,discovery
417,1.097300598157697,0.05953558475813668,0.8963651355990658,56462,2834,0.05019305019305019,35849,1479,0.04125638093112779,2787,964,0.34589163975601006,WinoGrande,0.5,validation,discovery
418,0.7788556100820844,0.029611642532555965,0.9010658858637317,56434,2695,0.04775489952865294,35822,1390,0.03880297024175088,2767,962,0.3476689555475244,WinoGrande,0.5,validation,discovery
419,0.5097695264194065,0.040777623987972925,0.8940744761820937,56407,2886,0.05116386264116156,35792,1612,0.045037997317836385,2763,989,0.35794426348172276,WinoGrande,0.5,validation,discovery
420,1.157630474365909,0.06101926428335925,0.8848296657545427,56447,3161,0.05599943309653303,35828,1655,0.046192921737188794,2771,967,0.3489714904366655,WinoGrande,0.5,validation,discovery
421,0.6910164456146719,0.05236339657704644,0.9120777705252784,56460,2388,0.042295430393198725,35839,1240,0.03459917966461118,2772,879,0.3170995670995671,WinoGrande,0.5,validation,discovery
422,1.8150115342226651,0.06711337884892202,0.9039403307365544,56448,2617,0.04636125283446712,35834,1463,0.0408271474019088,2763,895,0.32392327180600794,WinoGrande,0.5,validation,discovery
423,1.0144129645066922,0.0720408836135839,0.8762640524192147,56411,3392,0.06013011646664657,35795,1939,0.05416957675653024,2767,1032,0.37296711239609687,WinoGrande,0.5,validation,discovery
424,1.1896317377220142,0.020689086712825586,0.8987872720376421,56463,2769,0.0490409648796557,35829,1324,0.03695330598118842,2765,889,0.32151898734177214,WinoGrande,0.5,validation,discovery
425,0.9344206713153582,0.07409752880911598,0.9053426486136822,56422,2571,0.04556733189181525,35801,1535,0.042875897321303875,2758,1011,0.3665699782451051,WinoGrande,0.5,validation,discovery
426,0.9728140544959143,0.08256487130180848,0.9042700656691843,56478,2616,0.04631892064166578,35849,1416,0.03949900973527853,2776,904,0.3256484149855908,WinoGrande,0.5,validation,discovery
427,1.0027022140025341,0.041420209184557445,0.9000981464833498,56429,2717,0.048149001399989365,35834,1451,0.04049226991125746,2778,994,0.3578113750899928,WinoGrande,0.5,validation,discovery
428,1.1034251133458859,0.01327068908671283,0.8890143478950329,56374,3017,0.05351757902579203,35775,1448,0.040475192173305384,2734,931,0.3405267008046818,WinoGrande,0.5,validation,discovery
429,0.4933408824203447,0.025407371911048852,0.9118216231305253,56446,2394,0.04241221698614605,35820,1170,0.032663316582914576,2764,859,0.3107814761215629,WinoGrande,0.5,validation,discovery
430,1.2030597258835005,0.076230569427356,0.8858151811122374,56399,3115,0.05523147573538538,35793,1869,0.05221691392171654,2763,1089,0.3941368078175896,WinoGrande,0.5,validation,discovery
431,0.7162726016583233,0.04090484147188081,0.8815232721331061,56433,3248,0.05755497669803129,35806,1886,0.05267273641289169,2762,1072,0.388124547429399,WinoGrande,0.5,validation,discovery
432,0.668169147896042,0.0610181938075113,0.9045714030849188,56448,2600,0.046060090702947844,35833,1384,0.03862361510339631,2778,962,0.3462922966162707,WinoGrande,0.5,validation,discovery
433,1.3784600956031507,0.10474616615602357,0.8992170706734349,56450,2750,0.048715677590788306,35821,1600,0.04466653638926887,2766,964,0.3485177151120752,WinoGrande,0.5,validation,discovery
434,1.6293130217180822,0.11170308425501303,0.8937123720291142,56455,2909,0.05152776547692853,35834,1668,0.046547971200535804,2765,957,0.3461121157323689,WinoGrande,0.5,validation,discovery
435,1.757675967410913,0.05057578023851456,0.8944068126698972,56425,2881,0.05105892778023926,35823,1430,0.039918488122156155,2772,943,0.3401875901875902,WinoGrande,0.5,validation,discovery
436,1.6743445594857669,0.042338050842067626,0.9024313604026364,56475,2664,0.04717131474103586,35850,1450,0.040446304044630406,2787,978,0.35091496232508074,WinoGrande,0.5,validation,discovery
437,1.1696741078416142,0.02607094320201363,0.9186676870426039,56434,2199,0.03896587163766524,35816,1054,0.02942818851909761,2755,787,0.28566243194192376,WinoGrande,0.5,validation,discovery
438,0.8155434926038225,0.023090123173196628,0.9012262878259059,56431,2689,0.04765111374953483,35826,1425,0.03977558197956791,2775,953,0.3434234234234234,WinoGrande,0.5,validation,discovery
439,1.9027913796267022,0.06040848799847638,0.9137968132442466,56458,2340,0.04144673916893974,35825,1260,0.035170969993021634,2762,905,0.3276611151339609,WinoGrande,0.5,validation,discovery
440,2.004350239991097,0.05121049408883238,0.9074378917958046,56452,2521,0.044657408063487565,35821,1271,0.03548197984422546,2763,909,0.3289902280130293,WinoGrande,0.5,validation,discovery
441,0.4481676196980999,0.012164104260796739,0.8967453107858532,56429,2816,0.04990341845504971,35819,1330,0.03713113152237639,2772,916,0.33044733044733043,WinoGrande,0.5,validation,discovery
442,0.5992089694246688,0.03808860114498098,0.8968256967751767,56459,2825,0.05003630953435236,35835,1581,0.044118878191712015,2778,1024,0.36861051115910726,WinoGrande,0.5,validation,discovery
443,1.5527345283172411,0.029164044000839252,0.9001070205412276,56442,2727,0.04831508451153396,35829,1306,0.03645091964609674,2785,920,0.3303411131059246,WinoGrande,0.5,validation,discovery
444,0.8658110827875564,0.06439107703460689,0.9129799466477849,56452,2363,0.041858570112662086,35823,1211,0.03380509728386791,2761,827,0.2995291561028613,WinoGrande,0.5,validation,discovery
445,0.7203598756137847,0.0543292079805071,0.892878853936776,56427,2923,0.05180144257181846,35795,1639,0.04578851794943428,2768,1009,0.3645231213872832,WinoGrande,0.5,validation,discovery
446,0.6529544406818519,0.0178414381931788,0.8940954991118609,56422,2888,0.05118570770266917,35827,1392,0.03885337873670695,2771,919,0.33164922410682063,WinoGrande,0.5,validation,discovery
447,0.7678793681226028,0.020749033360309324,0.8860149217820033,56396,3113,0.05519895028016172,35804,1642,0.04586079767623729,2761,1018,0.36870699022093445,WinoGrande,0.5,validation,discovery
448,1.0138972455542417,0.055674169501338924,0.896020217171877,56431,2836,0.050256064928851166,35834,1576,0.04398057710554222,2788,990,0.3550932568149211,WinoGrande,0.5,validation,discovery
449,0.904345827067697,0.030312899568164818,0.9147349585772164,56473,2317,0.04102845607635507,35838,1171,0.03267481444277024,2777,861,0.3100468131076701,WinoGrande,0.5,validation,discovery
450,0.7760282936868738,0.05377835677466567,0.9109437360532,56426,2415,0.04279941870768795,35811,1332,0.03719527519477256,2753,921,0.3345441336723574,WinoGrande,0.5,validation,discovery
451,0.6761132781433886,0.018560249670476196,0.902889866099292,56410,2637,0.04674703066832122,35815,1426,0.03981571967052911,2767,987,0.3567040115648717,WinoGrande,0.5,validation,discovery
452,0.8397785297768329,0.04326795493474222,0.8993581665956841,56383,2728,0.04838337796853662,35784,1470,0.04107981220657277,2746,971,0.35360524399126003,WinoGrande,0.5,validation,discovery
453,1.2631665249730435,0.020105494611537884,0.9126142590571067,56469,2379,0.04212930988684057,35836,1224,0.03415559772296015,2776,916,0.329971181556196,WinoGrande,0.5,validation,discovery
454,0.6972371675758504,0.04249467973503583,0.9093925717998923,56453,2465,0.04366464138309745,35828,1323,0.03692642625879201,2763,948,0.34310532030401736,WinoGrande,0.5,validation,discovery
455,0.21229818662771255,0.02005964691424631,0.9021975217268406,56435,2663,0.04718702932577301,35834,1289,0.03597142378746442,2775,925,0.3333333333333333,WinoGrande,0.5,validation,discovery
456,0.7272814204867395,0.03627642516173029,0.8844547001955485,56385,3155,0.055954597854039195,35791,1581,0.04417311614651728,2753,986,0.3581547402833273,WinoGrande,0.5,validation,discovery
457,1.142846243902261,0.03939755812448872,0.900981265762963,56434,2696,0.04777261934294929,35818,1541,0.043023061030766654,2778,1017,0.36609071274298055,WinoGrande,0.5,validation,discovery
458,1.784113501716133,0.0852050211896778,0.887496688772145,56433,3073,0.054453954246628744,35800,1846,0.051564245810055864,2766,1069,0.38647866955892984,WinoGrande,0.5,validation,discovery
459,0.9655204579685691,0.049930065347430844,0.8979261338122312,56376,2767,0.049081169291897264,35781,1481,0.041390682205639864,2749,962,0.34994543470352857,WinoGrande,0.5,validation,discovery
460,1.4002303944288317,0.09724218268041093,0.8562995288133314,56428,3961,0.07019564755086127,35806,2737,0.07643970284309892,2783,1260,0.4527488321954725,WinoGrande,0.5,validation,discovery
461,1.488576328621426,0.1372604601416934,0.866864903270048,56414,3657,0.06482433438508171,35798,2324,0.06491982792334768,2771,1158,0.4178996752075063,WinoGrande,0.5,validation,discovery
462,0.8601643328847044,0.021776891101384244,0.9009953757879554,56430,2695,0.04775828460038986,35831,1389,0.03876531495074098,2768,969,0.3500722543352601,WinoGrande,0.5,validation,discovery
463,0.8101552857429871,0.03922842521087909,0.9057657388770736,56424,2558,0.04533531830426769,35835,1290,0.03599832565927166,2769,909,0.3282773564463705,WinoGrande,0.5,validation,discovery
464,1.4906223478555574,0.07223594293004693,0.8842188702546658,56408,3166,0.0561267905261665,35786,1969,0.055021516794277095,2764,1148,0.4153400868306802,WinoGrande,0.5,validation,discovery
465,0.6545830337874474,0.029688577166321978,0.9076696450623347,56418,2500,0.04431209897550427,35804,1358,0.037928723047704165,2769,963,0.3477789815817985,WinoGrande,0.5,validation,discovery
466,1.8052734766191232,0.041848608397063204,0.9014992687038028,56483,2696,0.047731175751996174,35836,1444,0.040294675745060834,2775,941,0.3390990990990991,WinoGrande,0.5,validation,discovery
467,0.3681377905849162,0.020622926083590478,0.8996788662143398,56456,2740,0.048533371120872894,35835,1362,0.03800753453327752,2772,948,0.341991341991342,WinoGrande,0.5,validation,discovery
468,0.9276264378475861,0.04093941795528687,0.9058328153163009,56463,2569,0.045498822237571505,35843,1267,0.03534860363250844,2774,871,0.31398702235039655,WinoGrande,0.5,validation,discovery
469,0.6698422035451318,0.01944519377753799,0.9076602189201702,56432,2507,0.04442514885171534,35807,1172,0.032731030245482726,2750,854,0.31054545454545457,WinoGrande,0.5,validation,discovery
470,0.3434007107438639,0.021238426992523235,0.9184099131517555,56428,2204,0.039058623378464594,35815,1188,0.03317045930476058,2768,913,0.32984104046242774,WinoGrande,0.5,validation,discovery
471,0.5950335752967124,0.032874918341309775,0.9008534896740944,56420,2695,0.047766749379652605,35826,1433,0.03999888349243566,2774,953,0.34354722422494594,WinoGrande,0.5,validation,discovery
472,0.5956147774439698,0.013454485135558539,0.9096136105081205,56420,2453,0.0434774902516838,35806,1269,0.03544098754398704,2750,885,0.32181818181818184,WinoGrande,0.5,validation,discovery
473,1.3415442892768097,0.05439595095768492,0.8888557207680525,56401,3035,0.05381110264002411,35794,1593,0.044504665586411134,2762,990,0.3584359160028964,WinoGrande,0.5,validation,discovery
474,0.604070719406933,0.06979288433294369,0.8873504361740178,56466,3092,0.05475861580420076,35828,1630,0.04549514346321313,2771,940,0.33922771562612775,WinoGrande,0.5,validation,discovery
475,0.8799844599806764,0.03204787982597928,0.8925541754386573,56411,2926,0.05186931626810374,35834,1410,0.039348105151532066,2776,917,0.3303314121037464,WinoGrande,0.5,validation,discovery
476,0.18963331631754624,0.022712286065401797,0.8927755010381431,56418,2925,0.05184515580134,35815,1368,0.03819628647214854,2763,932,0.33731451321027867,WinoGrande,0.5,validation,discovery
477,1.2645764691362262,0.04217246650481072,0.9124289128721138,56441,2374,0.04206162187062596,35823,1234,0.034447142897021464,2764,853,0.30861070911722144,WinoGrande,0.5,validation,discovery
478,1.1271890878856392,0.0737436973776266,0.9096009350250002,56466,2463,0.04361916905748592,35836,1382,0.03856457193883246,2769,935,0.3376670278078729,WinoGrande,0.5,validation,discovery
479,1.179498304671894,0.04326975306172325,0.892888083212741,56387,2914,0.051678578395729514,35778,1645,0.04597797529207893,2761,1056,0.38247011952191234,WinoGrande,0.5,validation,discovery
480,0.6193089632990503,0.024312275118622693,0.915215255006322,56483,2309,0.04087955668077121,35844,1121,0.03127441133802031,2772,774,0.2792207792207792,WinoGrande,0.5,validation,discovery
481,1.191329732725257,0.07178958288099199,0.8911825246520422,56445,2978,0.05275932323500753,35819,1740,0.04857757056310896,2764,1028,0.3719247467438495,WinoGrande,0.5,validation,discovery
482,0.6530029556984038,0.014338744728371877,0.9170312945993134,56437,2244,0.03976114960043943,35818,1125,0.0314087888771009,2752,823,0.29905523255813954,WinoGrande,0.5,validation,discovery
483,0.9656214525685908,0.03257234601577267,0.9082417650415257,56422,2486,0.044060827336854416,35811,1389,0.03878696489905337,2754,954,0.3464052287581699,WinoGrande,0.5,validation,discovery
484,0.3756768455164165,0.0430146437962896,0.9018202001406825,56447,2679,0.04746044962531224,35824,1402,0.03913577489950871,2762,937,0.3392469225199131,WinoGrande,0.5,validation,discovery
485,1.4577702898905622,0.10311572700296737,0.8817176681479456,56382,3228,0.057252314568479304,35789,1921,0.053675710413814304,2764,1108,0.40086830680173663,WinoGrande,0.5,validation,discovery
486,0.5709333177287976,0.02654539898514712,0.9008261476323558,56437,2705,0.04792954976345305,35824,1404,0.039191603394372485,2773,951,0.3429498737829066,WinoGrande,0.5,validation,discovery
487,0.44926751011433574,0.024142701754717194,0.9004365335432836,56404,2708,0.04801077937734913,35808,1407,0.03929289544235925,2758,944,0.34227701232777374,WinoGrande,0.5,validation,discovery
488,1.0653029190789107,0.031567392825263565,0.9104148424160841,56435,2426,0.042987507752281384,35852,1209,0.033721968091040944,2783,883,0.31728350700682717,WinoGrande,0.5,validation,discovery
489,0.3148307252121134,0.026740225589469275,0.9166664195246425,56461,2261,0.040045341031862705,35836,1225,0.03418350262306061,2774,874,0.3150684931506849,WinoGrande,0.5,validation,discovery
490,1.5306093615765632,0.08421005305278303,0.9126616884165755,56430,2367,0.04194577352472089,35810,1438,0.04015638089919017,2755,997,0.3618874773139746,WinoGrande,0.5,validation,discovery
491,0.7257410373707853,0.08357498162039512,0.8896863506973264,56451,3024,0.053568581601743104,35828,1672,0.046667410963492244,2778,1024,0.36861051115910726,WinoGrande,0.5,validation,discovery
492,2.8991648877654916,0.07751636757571477,0.9021453933570946,56449,2669,0.04728161703484561,35840,1348,0.03761160714285714,2774,863,0.31110310021629417,WinoGrande,0.5,validation,discovery
493,1.2425580166276975,0.05023110177283832,0.907539678216283,56413,2504,0.044386932090121074,35803,1383,0.0386280479289445,2760,936,0.3391304347826087,WinoGrande,0.5,validation,discovery
494,0.7811440354662944,0.028614106615843606,0.8914861475434275,56440,2968,0.05258681785967399,35835,1450,0.040463234268173574,2782,953,0.3425593098490295,WinoGrande,0.5,validation,discovery
495,0.8529072766466137,0.032494007162893315,0.9033641530825665,56488,2644,0.04680640135958079,35852,1400,0.03904942541559746,2787,974,0.34947972730534627,WinoGrande,0.5,validation,discovery
496,1.0544713618355117,0.062710590013912,0.9032592213795977,56448,2637,0.0467155612244898,35821,1381,0.03855280422098769,2758,942,0.34155184916606235,WinoGrande,0.5,validation,discovery
497,1.5276150323056736,0.051952908253118144,0.9003326118714287,56439,2716,0.04812275199773206,35824,1376,0.03841000446627959,2765,920,0.33273056057866185,WinoGrande,0.5,validation,discovery
498,0.688918829298278,0.0574319135472535,0.9024823034093125,56425,2653,0.0470181657066903,35815,1432,0.039983247242775376,2753,964,0.35016345804576826,WinoGrande,0.5,validation,discovery
499,0.9534152454772888,0.025361818225681596,0.9148294670909481,56440,2306,0.04085754783841247,35833,1183,0.033014260597773,2773,881,0.3177064551027768,WinoGrande,0.5,validation,discovery
500,0.6442285072398195,0.03382103282116184,0.8924453172985312,56387,2928,0.05192686257470694,35802,1515,0.042316071727836434,2764,1005,0.36360347322720693,WinoGrande,0.5,validation,discovery
501,0.5830259676682522,0.022444620560992654,0.913866145268445,56446,2338,0.04142011834319527,35814,1282,0.03579605740771765,2765,921,0.33309222423146473,WinoGrande,0.5,validation,discovery
502,0.716722211753571,0.0332757882751432,0.9182730994157353,56459,2215,0.039232009068527605,35831,1171,0.0326811978454411,2766,852,0.3080260303687636,WinoGrande,0.5,validation,discovery
503,1.224188740243929,0.09611458224540408,0.8921499944511943,56444,2953,0.052317341081425835,35821,1667,0.0465369476005695,2771,997,0.3597979068928185,WinoGrande,0.5,validation,discovery
504,0.9537439704883984,0.029934943266346603,0.9049625288099161,56454,2592,0.04591348708683176,35836,1399,0.03903895524054024,2776,960,0.345821325648415,WinoGrande,0.5,validation,discovery
505,0.603922259695434,0.021234796683125924,0.910769241430149,56410,2415,0.04281155823435561,35802,1279,0.03572426121445729,2759,932,0.3378035520115984,WinoGrande,0.5,validation,discovery
506,0.8283048797139027,0.030218410492710283,0.9040682880774076,56475,2618,0.046356795042054005,35845,1347,0.03757846282605663,2779,909,0.3270960777258006,WinoGrande,0.5,validation,discovery
507,0.39048063930045496,0.01715592952600923,0.9003060730118588,56410,2711,0.04805885481297642,35804,1390,0.03882247793542621,2762,979,0.35445329471397535,WinoGrande,0.5,validation,discovery
508,0.8519890091065473,0.043235788440970466,0.9152585353451318,56445,2294,0.04064133227035167,35822,1205,0.033638546144827204,2760,885,0.32065217391304346,WinoGrande,0.5,validation,discovery
509,0.697294605447829,0.0257831929370771,0.9063235402132057,56427,2546,0.04512024385489216,35813,1219,0.03403791919135509,2756,896,0.3251088534107402,WinoGrande,0.5,validation,discovery
510,1.2196355801802736,0.03188532415209696,0.9091872321710313,56409,2461,0.04362778989168395,35803,1367,0.03818115800351926,2752,924,0.33575581395348836,WinoGrande,0.5,validation,discovery
511,0.18505867887285277,0.020453163144428795,0.9156196540322554,56430,2283,0.04045720361509835,35818,1185,0.033083924283879615,2757,917,0.33260790714544797,WinoGrande,0.5,validation,discovery
512,1.0041081049282525,0.05080496650663835,0.8809120443358239,56412,3263,0.057842303056087355,35801,1892,0.052847685818831876,2781,1064,0.3825961884214311,WinoGrande,0.5,validation,discovery
513,1.0483407612492173,0.0579539697474126,0.8609708624719669,56430,3829,0.06785397838029417,35807,2201,0.06146842796101321,2788,1109,0.3977761836441894,WinoGrande,0.5,validation,discovery
514,1.5227299650286255,0.036252735065791436,0.9054601780849318,56439,2573,0.04558904303761583,35837,1316,0.036721823813377234,2771,877,0.31649224106820645,WinoGrande,0.5,validation,discovery
515,0.7575087467251145,0.009759528305522371,0.9127708469934621,56422,2361,0.04184537946191202,35816,1108,0.030935894572258208,2761,813,0.2944585295182905,WinoGrande,0.5,validation,discovery
516,0.4484607278166213,0.03232622965560651,0.9019426115774882,56458,2677,0.04741577810053491,35834,1406,0.03923647932131495,2776,984,0.35446685878962536,WinoGrande,0.5,validation,discovery
517,1.2425237458456582,0.07109398245317765,0.9006110869320396,56411,2704,0.047933913598411655,35800,1562,0.043631284916201114,2752,1004,0.3648255813953488,WinoGrande,0.5,validation,discovery
518,0.7391134375112434,0.039204487645444125,0.8680718471461564,56431,3628,0.06429090393577998,35803,1938,0.05412954221713264,2766,1062,0.3839479392624729,WinoGrande,0.5,validation,discovery
519,1.2120780519645216,0.02560765079055402,0.8944588157321818,56360,2862,0.05078069552874379,35788,1569,0.04384151112104616,2752,1020,0.3706395348837209,WinoGrande,0.5,validation,discovery
520,0.6215989316271266,0.02519183392619078,0.9047246808896776,56405,2584,0.0458115415300062,35795,1352,0.037770638357312473,2754,910,0.33042846768336964,WinoGrande,0.5,validation,discovery
521,1.476475362761118,0.08058309811584762,0.8969532893113057,56454,2818,0.04991674637758175,35823,1679,0.046869329760209924,2768,1061,0.3833092485549133,WinoGrande,0.5,validation,discovery
522,1.2933621083042097,0.05001049066330965,0.8978626179845722,56417,2783,0.049329102929967915,35833,1425,0.03976781179359808,2771,928,0.3348971490436665,WinoGrande,0.5,validation,discovery
523,1.584783914934266,0.0750174580648068,0.9013530972092538,56455,2693,0.047701709326011865,35836,1392,0.03884362093983704,2772,868,0.31313131313131315,WinoGrande,0.5,validation,discovery
524,0.6402064309753102,0.041337965308436454,0.8907282309721046,56437,2988,0.05294399064443539,35817,1653,0.04615126895049837,2771,993,0.35835438469866476,WinoGrande,0.5,validation,discovery
525,0.34613673202611434,0.024625461388145038,0.913138566382927,56447,2352,0.041667404822222615,35830,1179,0.03290538654758582,2771,857,0.3092746300974378,WinoGrande,0.5,validation,discovery
526,1.8185562174652294,0.046353745166801553,0.9086310182976758,56402,2470,0.04379277330591114,35821,1144,0.03193657351832724,2768,833,0.3009393063583815,WinoGrande,0.5,validation,discovery
527,1.3728596042044532,0.09247519707460362,0.8956500555729037,56438,2850,0.05049789149154825,35840,1540,0.04296875,2776,955,0.34402017291066284,WinoGrande,0.5,validation,discovery
528,0.42294057931466855,0.012527387210748281,0.902069166527862,56408,2657,0.04710324776627429,35807,1369,0.03823274778674561,2755,927,0.33647912885662434,WinoGrande,0.5,validation,discovery
529,1.0356506660188134,0.08750693590021952,0.8681958732168928,56429,3625,0.06424001843023977,35803,2262,0.06317906320699383,2784,1180,0.4238505747126437,WinoGrande,0.5,validation,discovery
530,0.7353737283815359,0.04059588829295963,0.8922655170228304,56444,2948,0.052228757706753594,35807,1557,0.04348311782612339,2757,1079,0.39136742836416394,WinoGrande,0.5,validation,discovery
531,0.9170858441950983,0.047686115258041464,0.9087022243487579,56471,2490,0.044093428485417294,35829,1329,0.03709285774093611,2778,892,0.3210943124550036,WinoGrande,0.5,validation,discovery
532,1.0014084114317288,0.05575699572540263,0.8863960155985713,56437,3115,0.0551942874355476,35819,1823,0.05089477651525726,2779,1067,0.3839510615329255,WinoGrande,0.5,validation,discovery
533,0.8466929278805945,0.029465232540524175,0.8930971890779743,56465,2930,0.0518905516691756,35847,1591,0.04438307250258041,2787,1038,0.37244348762109797,WinoGrande,0.5,validation,discovery
534,1.8310999226004356,0.028726689344044782,0.916101874321807,56466,2276,0.04030744164630043,35844,1136,0.031692891418368487,2774,836,0.3013698630136986,WinoGrande,0.5,validation,discovery
535,1.2221411864743583,0.03162178616643972,0.8880020370045834,56437,3063,0.054272906072257564,35815,1606,0.04484154683791707,2786,1008,0.36180904522613067,WinoGrande,0.5,validation,discovery
536,0.8346499273291051,0.032703272136578934,0.9095338127374862,56492,2472,0.04375840827019755,35852,1216,0.03391721521811893,2784,902,0.3239942528735632,WinoGrande,0.5,validation,discovery
537,1.063023293099319,0.040364991306805265,0.9016485503651762,56416,2673,0.047380175836642086,35806,1452,0.040551862816287775,2759,967,0.3504893077201885,WinoGrande,0.5,validation,discovery
538,0.9993768126265852,0.027344791298144287,0.9165732068985485,56458,2259,0.040012044351553366,35843,1169,0.03261445749518734,2782,856,0.3076923076923077,WinoGrande,0.5,validation,discovery
539,0.3666389805758455,0.01716284618490785,0.898973288622775,56412,2745,0.0486598596043395,35822,1345,0.03754675897493161,2777,929,0.3345336694274397,WinoGrande,0.5,validation,discovery
540,1.782366208949486,0.056175547241216185,0.9067921184771076,56453,2539,0.04497546631711335,35825,1453,0.0405582693649686,2761,958,0.3469757334299167,WinoGrande,0.5,validation,discovery
541,1.0074502348426722,0.07597725828890334,0.9005000132986192,56411,2707,0.04798709471556966,35798,1486,0.04151069892172747,2755,941,0.34156079854809435,WinoGrande,0.5,validation,discovery
542,1.4526490363961535,0.0355258819650511,0.9084291807861385,56417,2482,0.04399383164648953,35807,1262,0.035244505264333786,2747,898,0.3269020749908992,WinoGrande,0.5,validation,discovery
543,0.39766693988633367,0.024855378712945485,0.9031128286116903,56415,2632,0.04665425861916157,35821,1360,0.03796655593087853,2764,907,0.32814761215629523,WinoGrande,0.5,validation,discovery
544,0.5735931817176241,0.03831661250058875,0.9038345861082757,56454,2622,0.04644489318737379,35836,1361,0.03797856903672285,2781,908,0.3265012585400935,WinoGrande,0.5,validation,discovery
545,0.9631399940912073,0.019840757874559963,0.9014470205522724,56379,2665,0.047269373348232495,35799,1344,0.037542948127042654,2756,925,0.3356313497822932,WinoGrande,0.5,validation,discovery
546,0.5692545821964592,0.04799483118409707,0.9073370950166936,56459,2527,0.04475814307727732,35840,1333,0.03719308035714286,2780,944,0.339568345323741,WinoGrande,0.5,validation,discovery
547,0.594765296458573,0.056637153908631076,0.9112384122553044,56444,2412,0.04273261994188931,35825,1376,0.038408932309839494,2768,967,0.34934971098265893,WinoGrande,0.5,validation,discovery
548,0.8516960179414144,0.01878685113106479,0.9007495042158435,56400,2696,0.04780141843971631,35800,1302,0.03636871508379888,2757,874,0.31701124410591225,WinoGrande,0.5,validation,discovery
549,0.7649909393787598,0.03542335126615362,0.9126360976064843,56493,2384,0.042199918573982614,35847,1201,0.03350350099031997,2771,845,0.30494406351497655,WinoGrande,0.5,validation,discovery
550,0.6440345882056393,0.019911548907807455,0.9008552963511701,56407,2690,0.04768911659900367,35812,1459,0.04074053389925165,2774,986,0.3554434030281182,WinoGrande,0.5,validation,discovery
551,1.0244679764891822,0.043483068361840904,0.9010922649900409,56458,2700,0.04782316057954586,35846,1423,0.03969759526864922,2775,947,0.3412612612612613,WinoGrande,0.5,validation,discovery
552,1.0833708295177804,0.0644852789092242,0.8875146651439152,56452,3085,0.054648196698079785,35822,1886,0.0526492099826922,2779,1123,0.404102195034185,WinoGrande,0.5,validation,discovery
553,1.2253860746165317,0.06812059218515033,0.9019643763752303,56405,2659,0.04714121088555979,35793,1530,0.0427457882826251,2753,947,0.3439883763167454,WinoGrande,0.5,validation,discovery
554,0.6966398717253357,0.022136291731717654,0.8985272356648605,56460,2775,0.049149840595111585,35844,1420,0.039616114272960606,2784,955,0.3430316091954023,WinoGrande,0.5,validation,discovery
555,0.9480548169567402,0.0352079506382177,0.8903285628700457,56473,3009,0.05328209941033769,35841,1479,0.04126558968778773,2782,969,0.34831056793673615,WinoGrande,0.5,validation,discovery
556,1.360053965143427,0.05812318098852329,0.8709206917768625,56402,3539,0.06274600191482571,35794,2119,0.05919986589931273,2769,1139,0.41133983387504514,WinoGrande,0.5,validation,discovery
557,1.263985062997101,0.08050207001876494,0.8675671638637708,56415,3635,0.06443321811574935,35798,2458,0.06866305380188838,2784,1249,0.44863505747126436,WinoGrande,0.5,validation,discovery
558,1.663168700263227,0.10080979148070414,0.8606535643366633,56426,3837,0.06800056711445078,35798,2388,0.06670763729817308,2765,1175,0.42495479204339964,WinoGrande,0.5,validation,discovery
559,1.9410335921468416,0.09885969779579101,0.8777134253842386,56397,3348,0.05936485983296984,35789,2068,0.0577831177177345,2769,1143,0.41278439869989164,WinoGrande,0.5,validation,discovery
560,0.3721805519286035,0.03230722218201409,0.9039522703844113,56411,2606,0.046196663771250285,35807,1418,0.039601195297008965,2758,939,0.3404641044234953,WinoGrande,0.5,validation,discovery
561,1.4145574774190206,0.03942606933487734,0.8986653187557043,56444,2766,0.049004322868684,35838,1349,0.03764160946481388,2774,931,0.3356164383561644,WinoGrande,0.5,validation,discovery
562,1.666947029235712,0.04496875829292418,0.9085689620932736,56445,2487,0.04406058995482328,35831,1288,0.035946526750579105,2772,916,0.33044733044733043,WinoGrande,0.5,validation,discovery
563,1.0089840395217387,0.03262888711973175,0.9001377814475686,56425,2720,0.04820558263181214,35819,1423,0.03972751891454256,2764,976,0.35311143270622286,WinoGrande,0.5,validation,discovery
564,1.1132165563483474,0.05727152833977759,0.9050817944546342,56467,2592,0.04590291674783502,35835,1372,0.03828659132133389,2777,941,0.33885487936622255,WinoGrande,0.5,validation,discovery
565,0.7389826068028511,0.04808689778292441,0.9025787961790807,56455,2658,0.04708174652378,35820,1394,0.03891680625348967,2750,912,0.3316363636363636,WinoGrande,0.5,validation,discovery
566,2.065801027266861,0.1366935256889661,0.8962798915909864,56452,2833,0.0501842273081556,35834,1725,0.04813863928112965,2765,937,0.338878842676311,WinoGrande,0.5,validation,discovery
567,1.1244759764723167,0.0631935869002054,0.8919774036377351,56455,2958,0.05239571340005314,35854,1483,0.041362191108384,2788,926,0.3321377331420373,WinoGrande,0.5,validation,discovery
568,0.5591098188092711,0.02484459562696517,0.900662391150714,56490,2719,0.04813241281642769,35848,1347,0.03757531800937291,2786,898,0.3223259152907394,WinoGrande,0.5,validation,discovery
569,0.9099196477434713,0.01437434968592239,0.9109897272026777,56485,2430,0.04302027086837214,35840,1201,0.033510044642857145,2776,847,0.30511527377521613,WinoGrande,0.5,validation,discovery
570,1.4102440286089493,0.06279732466676087,0.9087178514288164,56432,2472,0.043804933371136945,35817,1347,0.037607839852583966,2771,942,0.33994947672320464,WinoGrande,0.5,validation,discovery
571,1.0099760339415498,0.050638102820197345,0.8956120555036358,56412,2845,0.050432532085371906,35818,1438,0.04014741191579653,2764,973,0.3520260492040521,WinoGrande,0.5,validation,discovery
572,1.3122161469198717,0.04340137277822738,0.9222458651899638,56416,2089,0.03702850255246738,35811,1047,0.029236826673368518,2749,808,0.29392506365951254,WinoGrande,0.5,validation,discovery
573,1.8974179409974115,0.11202529748523814,0.9022518949012602,56456,2667,0.04724032875159416,35835,1505,0.04199804660248361,2767,931,0.33646548608601373,WinoGrande,0.5,validation,discovery
574,1.221891418758332,0.033045041132903914,0.9065872720038798,56454,2541,0.045010096715910296,35833,1264,0.035274746741830156,2772,893,0.32215007215007213,WinoGrande,0.5,validation,discovery
575,1.1775512188299042,0.09688727736753011,0.8509940224213519,56434,4113,0.07288159620087181,35813,2855,0.07971965487392846,2796,1269,0.453862660944206,WinoGrande,0.5,validation,discovery
576,0.8565810588466085,0.030615609250624086,0.9109884880737626,56444,2419,0.04285663666643044,35824,1281,0.03575815096025011,2767,905,0.32706902782797254,WinoGrande,0.5,validation,discovery
577,1.2661568896770146,0.0176510762564175,0.9088669717672203,56443,2477,0.04388498130857679,35838,1226,0.03420949829789609,2775,901,0.3246846846846847,WinoGrande,0.5,validation,discovery
578,0.44940577768219014,0.010628289269754893,0.8867772090409329,56481,3112,0.055098174607390096,35839,1556,0.043416389966237895,2780,1011,0.36366906474820143,WinoGrande,0.5,validation,discovery
579,1.1563953315624291,0.043835985972484476,0.8990584537310168,56451,2759,0.04887424492037342,35841,1430,0.03989844033369604,2781,954,0.343042071197411,WinoGrande,0.5,validation,discovery
580,1.2582038541554745,0.018047047883481254,0.9079287262078499,56477,2512,0.04447828319492891,35846,1229,0.03428555487362607,2780,909,0.32697841726618704,WinoGrande,0.5,validation,discovery
581,1.0011969356303532,0.03244536578473034,0.8888675349949359,56409,3031,0.05373256040702725,35824,1474,0.041145600714604734,2773,944,0.3404255319148936,WinoGrande,0.5,validation,discovery
582,1.4667657779563685,0.04222706077305484,0.9063298592282621,56426,2543,0.045067876510828345,35816,1376,0.038418583873129325,2772,972,0.35064935064935066,WinoGrande,0.5,validation,discovery
583,0.8034122342876171,0.03731112236938393,0.9045714030849188,56444,2602,0.04609878817943448,35819,1408,0.03930874675451576,2769,968,0.3495846876128566,WinoGrande,0.5,validation,discovery
584,0.28404319225255553,0.01313857670157879,0.9128933759308256,56450,2366,0.04191319751992914,35835,1165,0.032510115808567046,2778,896,0.32253419726421884,WinoGrande,0.5,validation,discovery
585,0.7631506594970603,0.03408186226453577,0.8997849502439312,56387,2717,0.04818486530583291,35790,1486,0.04151997764738754,2756,990,0.35921625544267055,WinoGrande,0.5,validation,discovery
586,0.9005001971543084,0.040823301408088264,0.9098876869056605,56411,2439,0.04323624824945489,35797,1298,0.036260021789535433,2756,926,0.33599419448476053,WinoGrande,0.5,validation,discovery
587,1.260914650961909,0.03133389854458106,0.875136955979845,56439,3431,0.06079129679831322,35831,1755,0.04897993357707014,2785,1039,0.37307001795332134,WinoGrande,0.5,validation,discovery
588,1.0325113091978917,0.034986362137697444,0.8983159929084575,56434,2776,0.04919020448665698,35818,1368,0.03819308727455469,2773,948,0.3418680129823296,WinoGrande,0.5,validation,discovery
589,0.3806180748798051,0.01979056016300619,0.9052163246726268,56428,2572,0.04558020840717374,35810,1440,0.04021223122032952,2766,984,0.3557483731019523,WinoGrande,0.5,validation,discovery
590,1.5334984496164619,0.04700673543403514,0.9055319874166005,56468,2577,0.045636466671389105,35838,1320,0.03683241252302026,2770,923,0.3332129963898917,WinoGrande,0.5,validation,discovery
591,0.7690991009797149,0.08339327998081707,0.9023042889116165,56428,2661,0.047157439569008294,35821,1559,0.04352195639429385,2766,1033,0.3734634851771511,WinoGrande,0.5,validation,discovery
592,0.7755131900774043,0.02788835010011822,0.8978728391388567,56439,2790,0.049433902088981026,35838,1391,0.03881354986327362,2774,949,0.34210526315789475,WinoGrande,0.5,validation,discovery
593,0.5332104634753169,0.04613280826027569,0.9111053208143703,56451,2417,0.042815893429700096,35829,1275,0.03558569873566106,2767,871,0.3147813516443802,WinoGrande,0.5,validation,discovery
594,0.574394384650845,0.03829208464094286,0.9030756998489501,56459,2645,0.04684815529853522,35822,1506,0.042041203729551675,2778,1028,0.3700503959683225,WinoGrande,0.5,validation,discovery
595,1.9268054735070408,0.044571123625439205,0.8904425355362079,56413,2990,0.05300196763157428,35791,1755,0.0490346735212763,2762,1092,0.3953656770456191,WinoGrande,0.5,validation,discovery
596,0.3534292473079427,0.00794225195325289,0.9126078144078427,56401,2358,0.041807769365791385,35820,1207,0.0336962590731435,2761,828,0.2998913437160449,WinoGrande,0.5,validation,discovery
597,0.279172135303251,0.04147668331282718,0.9083930269683017,56467,2495,0.04418509926151558,35838,1360,0.037948546235839056,2771,926,0.3341753879465897,WinoGrande,0.5,validation,discovery
598,0.3333685386875886,0.026125224160253462,0.9059726443749161,56430,2556,0.04529505582137161,35825,1299,0.0362595952547104,2762,942,0.3410572049239681,WinoGrande,0.5,validation,discovery
599,0.6512351372302358,0.025628653912651886,0.8922852600735627,56434,2942,0.052131693659850445,35824,1403,0.0391636891469406,2770,927,0.3346570397111913,WinoGrande,0.5,validation,discovery
600,0.7554111040368837,0.03757649594300097,0.8918501949033457,56446,2960,0.0524394996988272,35819,1571,0.043859404226807,2765,997,0.3605786618444846,WinoGrande,0.5,validation,discovery
601,1.2692348264778097,0.043094146209873216,0.9031915104095349,56445,2637,0.04671804411373904,35826,1383,0.038603249037012226,2770,947,0.3418772563176895,WinoGrande,0.5,validation,discovery
602,1.899226143928567,0.10509195596407,0.888113511289777,56422,3057,0.054180993229591294,35800,1885,0.0526536312849162,2765,1086,0.39276672694394216,WinoGrande,0.5,validation,discovery
603,0.8040924959532112,0.05041948054808709,0.8956185856525031,56407,2843,0.05040154590742284,35792,1750,0.04889360751005811,2777,1140,0.4105149441843716,WinoGrande,0.5,validation,discovery
604,0.9920420473606026,0.034694122231214215,0.9113288892094585,56394,2395,0.04246905699187857,35798,1255,0.03505782445946701,2756,889,0.3225689404934688,WinoGrande,0.5,validation,discovery
605,0.711772641244086,0.02490947690701617,0.8818951931983748,56405,3225,0.05717578228880418,35800,1494,0.041731843575418995,2766,933,0.33731019522776573,WinoGrande,0.5,validation,discovery
606,1.0466555829612083,0.018695860683991247,0.9037676589018958,56482,2629,0.046545802202471585,35843,1304,0.036380883296599054,2777,866,0.3118473172488297,WinoGrande,0.5,validation,discovery
607,0.8981911050365492,0.021491338547202313,0.8922710639969315,56455,2950,0.05225400761668585,35836,1462,0.04079696394686907,2777,965,0.34749729924378825,WinoGrande,0.5,validation,discovery
608,0.8416442894443574,0.0404719923491695,0.8993134020872547,56468,2756,0.048806403626832896,35854,1424,0.03971662854911586,2787,955,0.34266236096160746,WinoGrande,0.5,validation,discovery
609,1.352060044476097,0.060709012457173986,0.9007318492028388,56439,2707,0.04796328779744503,35834,1425,0.039766702014846236,2773,959,0.3458348359177786,WinoGrande,0.5,validation,discovery
610,0.844035507682465,0.020351886820729546,0.8972212787241192,56401,2795,0.0495558589386713,35823,1355,0.03782486112274237,2772,961,0.3466810966810967,WinoGrande,0.5,validation,discovery
611,1.8573079339737082,0.14245333847997235,0.8619666494508542,56398,3796,0.06730735132451506,35792,2388,0.06671881984801073,2774,1204,0.43403028118240805,WinoGrande,0.5,validation,discovery
612,1.2689385739948724,0.017126560118652413,0.9056209137828145,56448,2569,0.045510912698412696,35842,1195,0.033340773394341834,2772,854,0.30808080808080807,WinoGrande,0.5,validation,discovery
613,1.4507038756986321,0.07246800347690557,0.9011989696072824,56433,2693,0.047720305495011786,35831,1399,0.03904440289135106,2773,967,0.3487197980526506,WinoGrande,0.5,validation,discovery
614,0.5321162430051157,0.03179054787580517,0.9122772286429557,56419,2375,0.04209574788635034,35805,1327,0.037061862868314484,2760,948,0.34347826086956523,WinoGrande,0.5,validation,discovery
615,0.4014568373068615,0.017844362419885323,0.904424933865158,56402,2588,0.04588489769866317,35810,1337,0.03733593968165317,2765,943,0.3410488245931284,WinoGrande,0.5,validation,discovery
616,1.4407236190977335,0.061263909448722724,0.8867880552220733,56449,3103,0.05496997289588832,35809,1910,0.05333854617554246,2774,1106,0.3987022350396539,WinoGrande,0.5,validation,discovery
617,1.7413902473297227,0.03579326594452888,0.9056285568296852,56398,2555,0.045303024929962056,35798,1303,0.03639868149058607,2749,895,0.32557293561295014,WinoGrande,0.5,validation,discovery
618,1.0739492791184702,0.02993836470240773,0.9044515480484371,56425,2599,0.04606114311032344,35814,1441,0.04023566203160775,2767,969,0.35019877123238163,WinoGrande,0.5,validation,discovery
619,1.4589739622958748,0.04806971795102359,0.911438741932671,56440,2401,0.04254075124025514,35837,1200,0.0334849457264838,2774,827,0.29812545061283346,WinoGrande,0.5,validation,discovery
620,1.1164143092181735,0.03949515419081896,0.9010367639562901,56485,2710,0.04797733911657962,35845,1427,0.03981029432277863,2779,938,0.33753148614609574,WinoGrande,0.5,validation,discovery
621,1.492251095370193,0.07350208314600006,0.9116917921201909,56449,2397,0.04246310829244097,35832,1283,0.03580598347845501,2775,891,0.3210810810810811,WinoGrande,0.5,validation,discovery
622,1.3310252654979156,0.06365584629679585,0.9055928215182062,56471,2575,0.045598625843353224,35841,1395,0.038921905080773415,2780,966,0.3474820143884892,WinoGrande,0.5,validation,discovery
623,0.9574890357774485,0.02688607139645716,0.9134224335408629,56439,2343,0.04151384680805826,35822,1188,0.03316397744402881,2765,845,0.30560578661844484,WinoGrande,0.5,validation,discovery
624,1.745377476453672,0.14231864128730307,0.8747831321447199,56411,3434,0.06087465210685859,35817,1946,0.054331741910266074,2774,983,0.35436193222782986,WinoGrande,0.5,validation,discovery
625,1.406659286538317,0.02443849364309668,0.9192069509471124,56424,2178,0.03860059549128031,35828,1085,0.03028357709054371,2761,773,0.2799710249909453,WinoGrande,0.5,validation,discovery
626,0.8335694377979916,0.060516140634835,0.9035657026046595,56459,2634,0.04665332365079084,35838,1520,0.04241308108711424,2775,1006,0.36252252252252254,WinoGrande,0.5,validation,discovery
627,2.131149467309766,0.055925470233930824,0.9057023280685649,56449,2570,0.04552782157345569,35860,1374,0.03831567205800335,2790,932,0.3340501792114695,WinoGrande,0.5,validation,discovery
628,1.0185170648439792,0.03907841896488523,0.9090862273784972,56398,2459,0.04360083690911025,35825,1293,0.03609211444521982,2775,932,0.33585585585585587,WinoGrande,0.5,validation,discovery
629,1.2115475032462224,0.03980408807166015,0.895719146536597,56462,2853,0.05052955970387163,35836,1644,0.04587565576515236,2782,1043,0.3749101365923796,WinoGrande,0.5,validation,discovery
630,1.5096793315549861,0.07145585550810997,0.9081763052147358,56436,2491,0.044138493160394074,35823,1353,0.03776903106942467,2761,910,0.3295907279971025,WinoGrande,0.5,validation,discovery
631,1.2903025438867095,0.05587027545484519,0.8985642076301028,56413,2763,0.04897807243011363,35805,1511,0.04220080994274543,2768,1038,0.375,WinoGrande,0.5,validation,discovery
632,1.0311792147124346,0.043866145465939047,0.8959366519037744,56459,2846,0.05040826086186436,35830,1497,0.04178063075634943,2782,967,0.34759166067577285,WinoGrande,0.5,validation,discovery
633,0.7848609883717238,0.04468273236819231,0.9002091375794758,56415,2717,0.04816095010192325,35792,1442,0.04028833258828789,2746,963,0.3506919155134741,WinoGrande,0.5,validation,discovery
634,0.43312359257443467,0.060958247160027575,0.9082916914118306,56437,2491,0.04413771107606712,35825,1404,0.039190509420795536,2760,969,0.35108695652173916,WinoGrande,0.5,validation,discovery
635,0.7914225136476759,0.04044055010098731,0.9027498386724034,56452,2650,0.04694253525118685,35837,1387,0.03870301643552753,2785,947,0.3400359066427289,WinoGrande,0.5,validation,discovery
636,1.0147582949876843,0.05134430356982285,0.910591042571674,56452,2432,0.043080847445617514,35817,1375,0.03838959153474607,2758,983,0.35641769398114576,WinoGrande,0.5,validation,discovery
637,0.6854887580812478,0.02998900854016323,0.9046783364072815,56439,2595,0.04597884441609525,35828,1324,0.036954337389751034,2771,926,0.3341753879465897,WinoGrande,0.5,validation,discovery
638,0.5987618875864525,0.020996313281179752,0.9164833796415189,56437,2260,0.040044651558374826,35823,1168,0.03260475113753734,2763,841,0.3043792978646399,WinoGrande,0.5,validation,discovery
639,0.9025931280734325,0.03618785492092162,0.8959492143414496,56443,2841,0.05033396523926793,35826,1374,0.038352034835036006,2763,969,0.3507057546145494,WinoGrande,0.5,validation,discovery
640,0.28205359767659033,0.022727272727272728,0.895793814503225,56455,2847,0.050429545655832075,35814,1453,0.040570726531523986,2759,925,0.3352664008698804,WinoGrande,0.5,validation,discovery
641,1.4231935990686566,0.0789326797741133,0.8733836350224904,56409,3475,0.061603644808452554,35797,2280,0.06369248819733497,2788,1236,0.4433285509325681,WinoGrande,0.5,validation,discovery
642,0.9385236376634396,0.07001768426100771,0.9021531204967365,56470,2677,0.047405702142730655,35844,1410,0.03933712755272849,2774,941,0.33922134102379237,WinoGrande,0.5,validation,discovery
643,1.5330417508465113,0.05543091039218998,0.9116233777691083,56422,2392,0.042394810534897735,35818,1294,0.03612708693952761,2760,892,0.32318840579710145,WinoGrande,0.5,validation,discovery
644,0.5752374740954497,0.009903623663138567,0.9076470974163585,56418,2505,0.04440072317345528,35802,1172,0.03273560136305234,2752,868,0.31540697674418605,WinoGrande,0.5,validation,discovery
645,1.59404531563424,0.10957516103350944,0.9033967819070283,56450,2636,0.046696191319751994,35823,1591,0.04441280741423108,2763,941,0.3405718422005067,WinoGrande,0.5,validation,discovery
646,0.9003567675850277,0.027649124289683653,0.903441075894151,56436,2631,0.046619179247288964,35835,1371,0.03825868564252825,2777,934,0.3363341735685992,WinoGrande,0.5,validation,discovery
647,0.725301633560615,0.03209594680246776,0.9036549173675075,56448,2626,0.04652069160997732,35832,1275,0.03558271935699933,2772,925,0.3336940836940837,WinoGrande,0.5,validation,discovery
648,1.4997758433862847,0.06814174515116328,0.8968139906226191,56426,2811,0.049817460036153546,35824,1438,0.04014068780705672,2761,896,0.3245201014125317,WinoGrande,0.5,validation,discovery
649,0.5309953048013176,0.03667236159817763,0.8907793550013117,56421,2981,0.052834937346023646,35819,1572,0.043887322370808786,2770,981,0.35415162454873644,WinoGrande,0.5,validation,discovery
650,0.5150129079143403,0.02443410730303689,0.9092274903846828,56437,2464,0.043659301522051136,35821,1191,0.03324865302476201,2761,849,0.3074972835929011,WinoGrande,0.5,validation,discovery
651,0.30598649685947293,0.05412432934688127,0.8983819604430915,56460,2771,0.04907899397803755,35838,1476,0.04118533400301356,2780,989,0.3557553956834532,WinoGrande,0.5,validation,discovery
652,1.2887657335820566,0.03751589656634167,0.8983512479463458,56430,2770,0.04908736487683856,35819,1324,0.03696362265836567,2764,924,0.3342981186685962,WinoGrande,0.5,validation,discovery
653,1.0199522380693846,0.052056170008692275,0.899701445101797,56426,2735,0.048470563215538935,35807,1468,0.04099757030748178,2757,981,0.3558215451577802,WinoGrande,0.5,validation,discovery
654,1.2212648448123364,0.04252549082248476,0.8992926615180463,56439,2747,0.04867201757649852,35831,1438,0.0401328458597304,2769,967,0.349223546406645,WinoGrande,0.5,validation,discovery
655,0.8341736663853627,0.050031946722696306,0.9012157653431109,56421,2686,0.047606387692525835,35812,1455,0.040628839495141296,2760,992,0.35942028985507246,WinoGrande,0.5,validation,discovery
656,0.6199908688094694,0.014493015850039804,0.9094245111849345,56426,2458,0.04356147875093042,35811,1185,0.03309039122057468,2753,838,0.30439520523065744,WinoGrande,0.5,validation,discovery
657,1.2766753516210163,0.029250543671184914,0.9094422764373121,56456,2466,0.043680034008785604,35834,1294,0.03611095607523581,2773,920,0.3317706455102777,WinoGrande,0.5,validation,discovery
658,0.7271491481176446,0.0616300405682421,0.890647633085967,56482,3005,0.05320279026946638,35842,1512,0.042185145918196526,2780,957,0.34424460431654674,WinoGrande,0.5,validation,discovery
659,0.47989951226891975,0.017028137640426856,0.9121752807780089,56469,2390,0.04232410703217695,35839,1137,0.0317252155473088,2772,839,0.30266955266955264,WinoGrande,0.5,validation,discovery
660,1.7380073905005708,0.06636843209543505,0.9027940691577677,56440,2650,0.04695251594613749,35819,1510,0.04215639744269801,2760,1018,0.36884057971014494,WinoGrande,0.5,validation,discovery
661,1.7614350976823865,0.04056140035368522,0.909522302162998,56434,2456,0.043519863911826204,35810,1233,0.03443172298240715,2757,855,0.3101196953210011,WinoGrande,0.5,validation,discovery
662,0.6321877811641551,0.03128763423579828,0.8977190217728188,56451,2795,0.049511966129917984,35817,1495,0.041739955886869365,2773,1025,0.3696357735304724,WinoGrande,0.5,validation,discovery
663,0.8072639255204687,0.018721573672783754,0.8969501972436621,56442,2812,0.04982105524254987,35820,1464,0.040871021775544386,2766,953,0.34454085321764283,WinoGrande,0.5,validation,discovery
664,1.4725688226832132,0.05586570748579742,0.893603568627306,56378,2890,0.05126113022810316,35774,1842,0.0514899088723654,2766,1091,0.3944323933477947,WinoGrande,0.5,validation,discovery
665,0.9110005955331093,0.016899996119042592,0.9053090724686381,56425,2572,0.045582631812140006,35809,1314,0.03669468569354073,2766,915,0.33080260303687636,WinoGrande,0.5,validation,discovery
666,1.314656604826886,0.09101283398148319,0.8914780281517011,56460,2973,0.0526567481402763,35863,1749,0.04876892619133926,2786,1028,0.36898779612347454,WinoGrande,0.5,validation,discovery
667,0.5356793250028157,0.03724879978770113,0.8985469521373355,56429,2765,0.048999627850927714,35812,1465,0.040908075505417175,2753,958,0.3479840174355249,WinoGrande,0.5,validation,discovery
668,1.239002876376463,0.03832497878584773,0.8890108055220952,56458,3042,0.05388076091962166,35839,1526,0.04257931303886827,2787,973,0.3491209185504126,WinoGrande,0.5,validation,discovery
669,0.8655236537878848,0.058914943748844026,0.8836473643135874,56418,3183,0.05641816441561204,35801,1982,0.05536158207871288,2782,1147,0.41229331416247306,WinoGrande,0.5,validation,discovery
670,0.24597310836325975,0.021190302121794832,0.9122816641148745,56373,2363,0.041917229879552265,35794,1190,0.03324579538470135,2755,896,0.3252268602540835,WinoGrande,0.5,validation,discovery
671,0.8685526356592242,0.01608497009090481,0.9074673048090831,56405,2504,0.044393227550749044,35812,1211,0.0338154808444097,2750,870,0.31636363636363635,WinoGrande,0.5,validation,discovery
672,0.4471151630528825,0.02319201703545501,0.9080527465665384,56428,2495,0.044215637626710144,35809,1401,0.03912424250886649,2753,937,0.3403559752996731,WinoGrande,0.5,validation,discovery
673,0.9869908286880499,0.03729854796750964,0.880520676325637,56438,3281,0.05813459016974379,35817,1714,0.047854370829494376,2770,1023,0.36931407942238265,WinoGrande,0.5,validation,discovery
674,0.8545183061054028,0.025303767330759903,0.9117190150627628,56450,2400,0.042515500442869794,35839,1282,0.03577108736292865,2785,896,0.32172351885098743,WinoGrande,0.5,validation,discovery
675,1.624463196777033,0.08478578288925341,0.8711478551218992,56380,3525,0.06252217098261795,35766,2242,0.06268523178437622,2761,1199,0.4342629482071713,WinoGrande,0.5,validation,discovery
676,1.139061752709355,0.04249924883926476,0.894423772413235,56490,2897,0.05128341299345017,35851,1570,0.043792362835067364,2788,1011,0.36262553802008607,WinoGrande,0.5,validation,discovery
677,0.7546473170145171,0.04729740765531583,0.8904857274128759,56399,2985,0.052926470327488075,35798,1796,0.05017040058103805,2760,1107,0.40108695652173915,WinoGrande,0.5,validation,discovery
678,0.46408640196904927,0.03532015875663116,0.902974579088595,56408,2634,0.046695504183803714,35802,1447,0.04041673649516787,2763,977,0.35360115816141874,WinoGrande,0.5,validation,discovery
679,0.42857852140447406,0.03463357393770779,0.8985451506547304,56428,2764,0.048982774509108956,35813,1529,0.042693993801133666,2765,988,0.3573236889692586,WinoGrande,0.5,validation,discovery
680,1.0794001982196981,0.036997786255946505,0.9124676283519642,56372,2357,0.04181153764280139,35804,1160,0.03239861467992403,2756,855,0.3102322206095791,WinoGrande,0.5,validation,discovery
681,1.1596421708387141,0.04987561070647124,0.8904248305204192,56422,2992,0.05302896033462125,35810,1792,0.05004188774085451,2774,1113,0.4012256669069935,WinoGrande,0.5,validation,discovery
682,0.31860207405486884,0.02080166944102675,0.9107560932255092,56448,2425,0.042959892290249435,35814,1322,0.036912939074105096,2754,926,0.33623819898329704,WinoGrande,0.5,validation,discovery
683,0.6317180577618372,0.06260677996583039,0.9029520303907466,56432,2641,0.04679968812021548,35819,1464,0.04087216281861582,2772,981,0.3538961038961039,WinoGrande,0.5,validation,discovery
684,1.8158786931328486,0.09529697140973103,0.8957901086398208,56454,2847,0.050430438941439046,35824,1568,0.04376953997320232,2772,986,0.3556998556998557,WinoGrande,0.5,validation,discovery
685,0.5759326366161968,0.02701382355069841,0.9056927791067007,56399,2551,0.04523129842727708,35801,1358,0.03793190134353789,2753,919,0.333817653468943,WinoGrande,0.5,validation,discovery
686,0.375827309870119,0.03366753589305517,0.9132375114955341,56465,2358,0.04176038253785531,35853,1190,0.03319108582266477,2790,872,0.3125448028673835,WinoGrande,0.5,validation,discovery
687,0.4934603365454018,0.009842466912522382,0.9030236058324362,56418,2631,0.046634052961820695,35821,1290,0.036012394963848025,2770,913,0.3296028880866426,WinoGrande,0.5,validation,discovery
688,0.5085674363246214,0.024862689279711796,0.9023541613123726,56452,2663,0.04717281938638135,35840,1289,0.035965401785714286,2776,896,0.3227665706051873,WinoGrande,0.5,validation,discovery
689,1.2163876329044192,0.03966345955735208,0.8963017212618916,56443,2833,0.05019222932870329,35823,1537,0.042905395974653156,2774,933,0.33633741888969,WinoGrande,0.5,validation,discovery
690,1.1236098047863086,0.03255102958367054,0.9071316704747342,56449,2528,0.044783787135290264,35834,1262,0.03521794943349891,2774,894,0.32227829848594086,WinoGrande,0.5,validation,discovery
691,0.6133549195198589,0.015233207329585139,0.9126215012905199,56433,2366,0.041925823542962454,35813,1204,0.0336190768715271,2758,850,0.30819434372733867,WinoGrande,0.5,validation,discovery
692,1.066329741911453,0.021445913137307794,0.9090767167699362,56416,2461,0.04362237663074305,35816,1237,0.034537636810364085,2755,892,0.3237749546279492,WinoGrande,0.5,validation,discovery
693,1.3773880978051813,0.02288221474101501,0.9145922701067892,56440,2313,0.04098157335223246,35825,1253,0.03497557571528263,2765,945,0.34177215189873417,WinoGrande,0.5,validation,discovery
694,0.33617614576177746,0.028585960933793314,0.8938785334719124,56462,2906,0.05146824412879459,35826,1602,0.044716127951766875,2773,1024,0.36927515326361343,WinoGrande,0.5,validation,discovery
695,0.8212195301571773,0.027902697654987686,0.9099277172475878,56432,2443,0.04329104054437199,35810,1293,0.03610723261658755,2760,892,0.32318840579710145,WinoGrande,0.5,validation,discovery
696,0.9946917142371722,0.0616401402751551,0.9065121280169772,56462,2550,0.04516311855761397,35834,1380,0.038510911424903725,2772,965,0.3481240981240981,WinoGrande,0.5,validation,discovery
697,1.4364443000376825,0.1035534585399119,0.8941158334308654,56457,2898,0.05133110154630958,35844,1614,0.04502845664546368,2778,981,0.3531317494600432,WinoGrande,0.5,validation,discovery
698,0.9732565491624153,0.06078066282257086,0.8669401370415941,56419,3657,0.06481858948226661,35820,2199,0.061390284757118926,2783,1139,0.4092705713259073,WinoGrande,0.5,validation,discovery
699,1.5049139221159231,0.034586935019137316,0.909762685082122,56399,2439,0.0432454476143194,35809,1307,0.03649920411069843,2767,972,0.35128297795446334,WinoGrande,0.5,validation,discovery
700,0.760348071099072,0.029283571767468417,0.9017524001596954,56436,2675,0.04739882344602736,35812,1331,0.03716631296772032,2757,917,0.33260790714544797,WinoGrande,0.5,validation,discovery
701,1.0711420492762844,0.02742683084165379,0.9029226280407004,56446,2647,0.04689437692662013,35812,1379,0.03850664581704456,2755,946,0.34337568058076223,WinoGrande,0.5,validation,discovery
702,0.9251688137823968,0.01964467462467721,0.9165192830716048,56423,2255,0.03996597132375095,35821,1143,0.031908656933083944,2762,862,0.3120926864590876,WinoGrande,0.5,validation,discovery
703,1.3868689420426314,0.06750741839762611,0.9107513292284479,56443,2423,0.04292826391226547,35810,1372,0.038313320301591736,2752,965,0.35065406976744184,WinoGrande,0.5,validation,discovery
704,1.5727581141745988,0.03970716062704193,0.9046141018804491,56435,2595,0.04598210330468681,35825,1431,0.03994417306350314,2771,967,0.3489714904366655,WinoGrande,0.5,validation,discovery
705,1.0269072950561773,0.06201185535087375,0.8591632300390075,56394,3872,0.06865978650211016,35789,2208,0.0616949341976585,2770,1102,0.39783393501805053,WinoGrande,0.5,validation,discovery
706,1.1990713715609527,0.047912358001378774,0.892055005074396,56406,2941,0.05213984327908378,35818,1664,0.046457088614663015,2767,1051,0.3798337549692808,WinoGrande,0.5,validation,discovery
707,1.6227376072719943,0.045087372238707554,0.8984441032798262,56447,2772,0.04910801282619094,35844,1560,0.04352192835621024,2785,1012,0.36337522441651704,WinoGrande,0.5,validation,discovery
708,0.8288590312308228,0.032461361622665746,0.9131902088793634,56440,2356,0.04174344436569809,35828,1391,0.038824383164005806,2779,980,0.3526448362720403,WinoGrande,0.5,validation,discovery
709,1.2007186974650157,0.04018161641017544,0.8982466097699757,56450,2781,0.04926483613817537,35829,1534,0.04281447989059142,2772,1017,0.36688311688311687,WinoGrande,0.5,validation,discovery
710,1.0417333313868828,0.042194946497617125,0.9093091689686571,56436,2461,0.04360691757034517,35827,1264,0.035280654255170685,2763,862,0.31197973217517194,WinoGrande,0.5,validation,discovery
711,0.8280815102117622,0.046303667784452315,0.9093060633412202,56452,2465,0.043665414865726636,35837,1299,0.03624745374891872,2767,936,0.3382724972894832,WinoGrande,0.5,validation,discovery
712,0.936746863088386,0.04283340758099326,0.8965056892239235,56407,2815,0.049905153615685996,35811,1627,0.045432967523945156,2766,989,0.35755603759942156,WinoGrande,0.5,validation,discovery
713,0.854841361170475,0.03465451462484104,0.9134727741497326,56474,2352,0.04164748379785388,35846,1166,0.032528036601015456,2776,855,0.3079971181556196,WinoGrande,0.5,validation,discovery
714,1.03268255914953,0.066202664994009,0.9094004476708242,56415,2451,0.04344589204998671,35817,1450,0.04048356925482313,2763,953,0.3449149475208107,WinoGrande,0.5,validation,discovery
715,0.8096710914612011,0.04422470833256538,0.9070887996871312,56393,2514,0.04458000106396184,35797,1405,0.03924909908651563,2753,963,0.349800217944061,WinoGrande,0.5,validation,discovery
716,1.602743575458946,0.08891824081445561,0.9059889757127336,56441,2558,0.04532166332984887,35809,1437,0.04012957636348404,2764,922,0.33357452966714907,WinoGrande,0.5,validation,discovery
717,1.7635292944499263,0.1328114319718865,0.8959413261799589,56448,2844,0.05038265306122449,35822,1782,0.049745966166043216,2761,993,0.35965229989134373,WinoGrande,0.5,validation,discovery
718,0.6418949076545793,0.04075494760882326,0.9019581666190071,56401,2657,0.04710909381039343,35789,1381,0.03858727541982173,2740,926,0.33795620437956203,WinoGrande,0.5,validation,discovery
719,1.0146302421133184,0.031668278646638647,0.9021411645193195,56432,2665,0.047224978735469235,35832,1436,0.04007590980129493,2775,907,0.32684684684684684,WinoGrande,0.5,validation,discovery
720,2.13125832148312,0.05286197723050877,0.9013812074460825,56487,2702,0.04783401490608458,35864,1594,0.04444568369395494,2799,1025,0.36620221507681316,WinoGrande,0.5,validation,discovery
721,1.6518962761457257,0.10510602880509518,0.8980716891099733,56428,2779,0.04924859998582264,35813,1588,0.04434144025912378,2756,914,0.3316400580551524,WinoGrande,0.5,validation,discovery
722,0.20451182420550468,0.020764020022180252,0.9050989322301126,56456,2587,0.04582329601813802,35842,1311,0.03657719993303945,2778,897,0.3228941684665227,WinoGrande,0.5,validation,discovery
723,0.525620715365989,0.02935801921928024,0.9046590156061698,56436,2593,0.04594585016656035,35825,1373,0.03832519190509421,2771,941,0.3395885961746662,WinoGrande,0.5,validation,discovery
724,0.8278791407221072,0.030723122259698175,0.9025396756187142,56421,2650,0.04696832739582779,35834,1413,0.0394318245241949,2775,938,0.338018018018018,WinoGrande,0.5,validation,discovery
725,0.29087544856575354,0.021397663396650154,0.8998571761664134,56369,2712,0.04811155067501641,35805,1351,0.03773216031280548,2759,920,0.3334541500543675,WinoGrande,0.5,validation,discovery
726,0.4645374418767769,0.02917032722864228,0.8889891741727263,56447,3041,0.053873545095399225,35830,1510,0.04214345520513536,2776,946,0.3407780979827089,WinoGrande,0.5,validation,discovery
727,0.7906989933705098,0.03621857292351422,0.9064060398468965,56452,2548,0.0451356904981223,35818,1421,0.03967279021720922,2774,965,0.3478731074260995,WinoGrande,0.5,validation,discovery
728,1.3640694912538918,0.07658038004712392,0.8887323498922715,56412,3039,0.05387151669857477,35809,1794,0.05009913708844145,2768,1047,0.3782514450867052,WinoGrande,0.5,validation,discovery
729,1.5977301124735992,0.055969699162866995,0.8731952718061398,56461,3492,0.06184800127521652,35848,1761,0.04912407944655211,2791,1050,0.3762092439985668,WinoGrande,0.5,validation,discovery
730,0.7136061875154496,0.03500116603539923,0.9090831104074221,56418,2463,0.043656279910666805,35813,1297,0.03621589925446067,2759,924,0.3349039507067778,WinoGrande,0.5,validation,discovery
731,1.2376822888047427,0.02738757173590129,0.9079933265296327,56417,2495,0.04422425864544375,35797,1313,0.036679051317149484,2756,929,0.33708272859216254,WinoGrande,0.5,validation,discovery
732,0.7664142189034002,0.0740130917629651,0.8978581985642398,56448,2789,0.04940830498866213,35813,1627,0.04543043029067657,2769,1083,0.39111592632719394,WinoGrande,0.5,validation,discovery
733,1.3143016971630286,0.023242776661690348,0.9105333922071379,56442,2429,0.04303532830161936,35836,1180,0.032927782118540014,2770,848,0.3061371841155235,WinoGrande,0.5,validation,discovery
734,0.8458724295496135,0.03637262836075892,0.8993358330266151,56436,2745,0.048639166489474805,35813,1475,0.04118616144975288,2759,947,0.343240304458137,WinoGrande,0.5,validation,discovery
735,1.0564836537768678,0.05754966589052514,0.8925913398762767,56420,2934,0.05200283587380362,35799,1733,0.0484091734405989,2756,1050,0.38098693759071117,WinoGrande,0.5,validation,discovery
736,0.47645594745937797,0.029589153458300155,0.9106087314650197,56438,2426,0.042985222722279316,35824,1246,0.03478115230013399,2766,870,0.31453362255965295,WinoGrande,0.5,validation,discovery
737,1.9257620715764614,0.06436815091559876,0.8805883435725358,56405,3269,0.057955854977395624,35787,2031,0.0567524520077123,2765,1127,0.40759493670886077,WinoGrande,0.5,validation,discovery
738,0.8726176017117153,0.0503852037525112,0.9057497837296978,56428,2558,0.04533210462890763,35829,1329,0.03709285774093611,2775,888,0.32,WinoGrande,0.5,validation,discovery
739,1.4509889641017681,0.06420984081931055,0.88191641344098,56400,3227,0.057216312056737585,35797,1872,0.052294885046232926,2778,1088,0.39164866810655147,WinoGrande,0.5,validation,discovery
740,1.0201346081477498,0.07263596374836152,0.8824085909804159,56406,3216,0.05701521114775024,35810,1747,0.048785255515219214,2767,1048,0.37874954824719914,WinoGrande,0.5,validation,discovery
741,0.4781817731643927,0.051508970680690463,0.9127198004066068,56418,2362,0.04186607111205644,35811,1260,0.035184719778838906,2753,921,0.3345441336723574,WinoGrande,0.5,validation,discovery
742,1.2695995754251566,0.07384421767066336,0.8929081464664994,56436,2928,0.051881777588773124,35815,1725,0.04816417702080134,2765,1054,0.3811934900542496,WinoGrande,0.5,validation,discovery
743,0.9133211582555685,0.02254291816928895,0.9148113685044562,56449,2310,0.0409218940990983,35816,1213,0.033867545231181594,2753,905,0.3287322920450418,WinoGrande,0.5,validation,discovery
744,0.8405873014287187,0.029049503085111394,0.9097354906254277,56372,2430,0.043106506776413825,35791,1265,0.03534408091419631,2748,923,0.3358806404657933,WinoGrande,0.5,validation,discovery
745,0.924334813068289,0.027177892421086848,0.8984402506779474,56474,2783,0.04927931437475652,35835,1607,0.04484442584065857,2775,1048,0.37765765765765763,WinoGrande,0.5,validation,discovery
746,0.8071569567427183,0.022938156469313742,0.9031515257855378,56416,2629,0.04660025524673851,35812,1405,0.03923265944376187,2763,960,0.3474484256243214,WinoGrande,0.5,validation,discovery
747,1.6446321083008975,0.03786300999563803,0.8944698379012038,56419,2875,0.050958010599266204,35813,1485,0.041465389662971544,2765,987,0.3569620253164557,WinoGrande,0.5,validation,discovery
748,1.2041625963178944,0.06733805731260031,0.8749472947621997,56411,3431,0.06082147098970059,35794,2221,0.062049505503715706,2787,1219,0.43738787226408327,WinoGrande,0.5,validation,discovery
749,0.7123204612257197,0.06373077960615052,0.9073349390046265,56434,2521,0.044671651841088705,35826,1338,0.03734717802713113,2765,920,0.33273056057866185,WinoGrande,0.5,validation,discovery
750,0.6937118940090333,0.011928824340126105,0.9096649046290642,56429,2450,0.04341739176664481,35833,1175,0.03279100270700193,2768,831,0.3002167630057804,WinoGrande,0.5,validation,discovery
751,1.413498938051101,0.06153520185698566,0.8919913649403568,56442,2956,0.052372346833918004,35810,1874,0.05233175090756772,2775,1106,0.39855855855855854,WinoGrande,0.5,validation,discovery
752,1.4355714226419805,0.1076753274951147,0.8651776280335173,56413,3706,0.06569407760622552,35822,2035,0.05680866506616046,2773,1054,0.3800937612693833,WinoGrande,0.5,validation,discovery
753,1.1441586722553692,0.05698394267611141,0.895249708620264,56417,2856,0.05062303915486467,35805,1638,0.04574780058651026,2767,1053,0.3805565594506686,WinoGrande,0.5,validation,discovery
754,0.6598509850485521,0.041830514744316566,0.9045264921662463,56457,2606,0.04615902368174009,35835,1364,0.0380633458908888,2774,938,0.33813987022350395,WinoGrande,0.5,validation,discovery
755,1.3723436391148127,0.03719780858450614,0.9077086041945188,56447,2510,0.04446649069038213,35839,1406,0.03923100532938977,2773,921,0.3321312657771367,WinoGrande,0.5,validation,discovery
756,0.7248360035268219,0.021619330224671475,0.8830992977597736,56422,3200,0.056715465598525396,35826,1575,0.043962485345838215,2770,991,0.35776173285198554,WinoGrande,0.5,validation,discovery
757,0.6535746227048566,0.03661645846603885,0.8950516126346475,56418,2863,0.050746215746747494,35812,1610,0.04495699765441751,2759,993,0.3599130119608554,WinoGrande,0.5,validation,discovery
758,2.4874089319155415,0.06478733926805143,0.8938131042133372,56434,2903,0.05144062090229294,35827,1542,0.04304016523850727,2774,988,0.3561643835616438,WinoGrande,0.5,validation,discovery
759,0.554845597437695,0.018613461288049304,0.8995596247823733,56432,2737,0.048500850581230506,35827,1368,0.038183492896418904,2773,946,0.34114677244861163,WinoGrande,0.5,validation,discovery
760,0.8443413858877411,0.022598972280524,0.9019428027554497,56436,2669,0.047292508328017575,35811,1444,0.04032280584178046,2759,995,0.36063791228706055,WinoGrande,0.5,validation,discovery
761,0.3035708537092231,0.030572790216707123,0.916773485703005,56435,2253,0.039922034198635596,35822,1276,0.03562056836580872,2763,928,0.335866811436844,WinoGrande,0.5,validation,discovery
762,0.9472164912605299,0.02054434997784558,0.8960642038396347,56454,2842,0.050341871258015376,35856,1342,0.037427487728692546,2786,899,0.3226848528356066,WinoGrande,0.5,validation,discovery
763,1.2980579576145688,0.04526814302972218,0.9016414008047878,56433,2677,0.04743678344231212,35798,1527,0.042656014302474995,2759,1003,0.36353751359188113,WinoGrande,0.5,validation,discovery
764,0.790818123771649,0.03214638971315529,0.8999261207789392,56406,2717,0.048168634542424565,35791,1496,0.041798217428962586,2756,1010,0.3664731494920174,WinoGrande,0.5,validation,discovery
765,0.40923807747649876,0.041055960195426074,0.9038652465932336,56428,2614,0.04632451974197207,35813,1413,0.03945494652779717,2769,954,0.3445287107258938,WinoGrande,0.5,validation,discovery
766,0.9264162107018272,0.03395977579953841,0.9068988004241264,56483,2543,0.045022396119186306,35846,1245,0.034731908720638284,2780,884,0.31798561151079136,WinoGrande,0.5,validation,discovery
767,1.2697556351957777,0.053868825038398745,0.9072902999855715,56444,2521,0.04466373750974417,35824,1362,0.03801920500223314,2758,924,0.3350253807106599,WinoGrande,0.5,validation,discovery
768,0.793551969568028,0.06742901256905744,0.8923657501928335,56430,2943,0.05215311004784689,35826,1650,0.04605593702897337,2775,1035,0.372972972972973,WinoGrande,0.5,validation,discovery
769,2.3475364880358214,0.11119353775140123,0.9016784016133259,56435,2679,0.04747054133073447,35809,1499,0.041860984668658716,2761,958,0.3469757334299167,WinoGrande,0.5,validation,discovery
770,0.9520106020543536,0.03207803591389029,0.9003115382965098,56451,2720,0.04818338027670015,35824,1444,0.040308173291648056,2765,946,0.34213381555153705,WinoGrande,0.5,validation,discovery
771,0.5568621994553193,0.015414852210104434,0.9087773355453479,56452,2483,0.04398426982214979,35814,1262,0.03523761657452393,2758,904,0.32777374909354606,WinoGrande,0.5,validation,discovery
772,0.5046655816439944,0.022200050317586685,0.9034768187539836,56417,2625,0.04652852863498591,35809,1373,0.038342316177497275,2762,928,0.33598841419261405,WinoGrande,0.5,validation,discovery
773,1.2176184858882624,0.031083127941597816,0.8975847320475602,56439,2793,0.04948705682241004,35825,1559,0.04351709699930216,2771,1028,0.37098520389750994,WinoGrande,0.5,validation,discovery
774,1.2866837557679942,0.05398893742333298,0.9106725854351573,56485,2434,0.04309108612906081,35842,1408,0.039283522124881426,2777,959,0.34533669427439684,WinoGrande,0.5,validation,discovery
775,1.17020531585596,0.031567392825263565,0.8957372367911169,56451,2849,0.050468547944234825,35838,1558,0.043473408114292095,2780,992,0.35683453237410073,WinoGrande,0.5,validation,discovery
776,1.1707949990347364,0.09044450439109192,0.8945470626149606,56445,2884,0.05109398529542032,35831,1487,0.04150037676871982,2776,956,0.34438040345821325,WinoGrande,0.5,validation,discovery
777,0.3740760223426995,0.025473852661375265,0.9117448414239876,56442,2393,0.042397505403777326,35818,1299,0.03626668155675917,2760,880,0.3188405797101449,WinoGrande,0.5,validation,discovery
778,1.0358950802509002,0.07100256517798237,0.8737819832961183,56440,3469,0.06146350106307583,35816,2184,0.06097833370560643,2798,1172,0.41887062187276625,WinoGrande,0.5,validation,discovery
779,0.9241506409140544,0.019217469622767436,0.9162979787798162,56398,2254,0.03996595623958296,35797,1175,0.03282397966310026,2755,861,0.31252268602540834,WinoGrande,0.5,validation,discovery
780,0.983113482239293,0.04413846067244056,0.905398528823592,56457,2577,0.04564535841436846,35827,1298,0.03622965919557875,2771,890,0.32118368819920606,WinoGrande,0.5,validation,discovery
781,0.8882791117576825,0.03347318265928296,0.8824273437944236,56421,3221,0.057088672657343895,35828,1673,0.04669532209445127,2769,1013,0.3658360418923799,WinoGrande,0.5,validation,discovery
782,1.0054294492571738,0.08744863413025822,0.898311010708411,56445,2780,0.04925148374523873,35826,1601,0.044688215262658405,2766,1011,0.36550976138828634,WinoGrande,0.5,validation,discovery
783,1.3531623664526162,0.0622966212245015,0.9071718759580615,56448,2524,0.04471371882086168,35850,1464,0.04083682008368201,2779,994,0.35768261964735515,WinoGrande,0.5,validation,discovery
784,1.1499792206235218,0.02764075686924352,0.9120421557016173,56476,2398,0.04246051420072243,35845,1173,0.03272422932068629,2780,838,0.3014388489208633,WinoGrande,0.5,validation,discovery
785,1.7090923622848944,0.05070415901276435,0.9048881592271442,56437,2588,0.045856441696050465,35823,1347,0.03760154090947157,2769,892,0.3221379559407728,WinoGrande,0.5,validation,discovery
786,1.2742855880384307,0.03129857284159955,0.9090835235648081,56468,2473,0.04379471559113126,35838,1239,0.034572241754562194,2777,878,0.3161685271876125,WinoGrande,0.5,validation,discovery
787,0.7770552888918927,0.05446591557903709,0.9180939468732187,56454,2218,0.03928862436674106,35825,1226,0.034221912072575016,2756,876,0.3178519593613933,WinoGrande,0.5,validation,discovery
788,0.38378061790069284,0.02167893745298392,0.9142067348738074,56460,2330,0.04126815444562522,35835,1205,0.03362634296079252,2770,874,0.3155234657039711,WinoGrande,0.5,validation,discovery
789,0.45398226803544245,0.045045153715632114,0.8935046753117343,56455,2915,0.05163404481445399,35835,1613,0.045011859913492394,2781,1023,0.36785329018338725,WinoGrande,0.5,validation,discovery
790,0.522631838568992,0.038141054461529246,0.907985881740843,56456,2504,0.04435312455717727,35843,1327,0.03702257065535809,2782,930,0.3342918763479511,WinoGrande,0.5,validation,discovery
791,0.5402713571616508,0.02575731988773894,0.9120311719602416,56461,2390,0.04233010396556915,35834,1190,0.03320868448959089,2771,839,0.30277878022374594,WinoGrande,0.5,validation,discovery
792,0.4641567180905583,0.03695710817372539,0.8984296701119677,56433,2770,0.049084755373628906,35836,1314,0.03666703873200134,2770,889,0.3209386281588448,WinoGrande,0.5,validation,discovery
793,0.7540839926829671,0.07289479413768646,0.8788792839940974,56435,3325,0.05891733853105342,35812,2123,0.05928180498157042,2783,1161,0.41717570966582823,WinoGrande,0.5,validation,discovery
794,0.8835803397592629,0.024192310307241185,0.8889088750331487,56442,3042,0.05389603486765175,35818,1510,0.04215757440393098,2770,993,0.35848375451263537,WinoGrande,0.5,validation,discovery
795,0.6394013884547667,0.02811497766987381,0.8961412478534041,56443,2838,0.050280814272806194,35839,1391,0.038812466865704956,2776,946,0.3407780979827089,WinoGrande,0.5,validation,discovery
796,1.5555057605950298,0.029537919326333727,0.8840340320622656,56435,3178,0.05631257198547001,35816,1555,0.04341635023453205,2772,1015,0.3661616161616162,WinoGrande,0.5,validation,discovery
797,0.9409834712303417,0.008943546454835328,0.9162521217947673,56446,2271,0.04023314318109344,35838,1137,0.03172610078687427,2769,842,0.3040808956301914,WinoGrande,0.5,validation,discovery
798,1.2852643001604442,0.044522448191840966,0.908163756246816,56453,2499,0.044266912298726376,35826,1312,0.03662144811031095,2762,934,0.3381607530774801,WinoGrande,0.5,validation,discovery
799,0.6515628776925817,0.020067140245181792,0.9083023874257465,56399,2479,0.043954680047518575,35807,1197,0.03342921775071913,2754,871,0.31626724763979663,WinoGrande,0.5,validation,discovery
800,1.4090081737657338,0.03727493506389071,0.9017195654236934,56472,2688,0.04759881002974926,35834,1435,0.04004576659038902,2775,1001,0.3607207207207207,WinoGrande,0.5,validation,discovery
801,0.9265530744468363,0.06507711242584162,0.9003254378171712,56376,2702,0.04792819639562935,35787,1408,0.039343895828094,2750,923,0.3356363636363636,WinoGrande,0.5,validation,discovery
802,0.43636402272870106,0.021253336462074272,0.9100959953822413,56426,2438,0.043207032219189735,35810,1240,0.03462719910639486,2772,886,0.31962481962481964,WinoGrande,0.5,validation,discovery
803,1.0128451485598038,0.043422756186018846,0.8832128452290673,56420,3194,0.056611130804679194,35813,1557,0.04347583279814592,2773,995,0.3588171655247025,WinoGrande,0.5,validation,discovery
804,1.5062456561862134,0.0448782900291911,0.901394622059284,56433,2687,0.047613984725249414,35836,1333,0.037197231833910036,2772,885,0.31926406926406925,WinoGrande,0.5,validation,discovery
805,1.3232945885578946,0.024852637250408125,0.9163274918268005,56415,2258,0.04002481609501019,35814,1066,0.029764896409225444,2753,778,0.2826007991282238,WinoGrande,0.5,validation,discovery
806,1.4080800959004234,0.011464470534267975,0.8973914590462031,56434,2801,0.04963319984406563,35822,1382,0.03857964379431634,2763,973,0.35215345638798407,WinoGrande,0.5,validation,discovery
807,0.9977364190771798,0.060428454700161574,0.9079461285054943,56470,2507,0.04439525411723039,35838,1325,0.03697192923712261,2769,907,0.3275550740339473,WinoGrande,0.5,validation,discovery
808,1.1046366445601277,0.03758654797230465,0.9222737705118901,56473,2102,0.03722132700582579,35843,1127,0.03144268057919259,2768,843,0.3045520231213873,WinoGrande,0.5,validation,discovery
809,0.6782190345683624,0.021468393130114196,0.9101457790150649,56404,2431,0.043099780157435645,35813,1264,0.03529444615083908,2758,888,0.32197244379985496,WinoGrande,0.5,validation,discovery
810,0.8080144196056359,0.046084533545632175,0.9048403553181927,56445,2592,0.04592080786606431,35821,1387,0.03872030373244745,2760,951,0.34456521739130436,WinoGrande,0.5,validation,discovery
811,1.914846177182197,0.09933894858420728,0.8945418321074661,56426,2875,0.05095168893772375,35830,1594,0.04448785933575216,2776,975,0.3512247838616715,WinoGrande,0.5,validation,discovery
812,0.8917150459320592,0.07029763696645391,0.908326794719456,56426,2488,0.044093148548541454,35828,1316,0.03673104834207882,2771,919,0.33164922410682063,WinoGrande,0.5,validation,discovery
813,1.346450182282859,0.04850935772752313,0.9012800953485492,56430,2689,0.047651958178273966,35817,1473,0.041125722422313424,2773,1000,0.36062026685899745,WinoGrande,0.5,validation,discovery
814,1.9857007853354127,0.0864353895764477,0.8578935734863942,56439,3919,0.06943780010276582,35807,2551,0.07124305303432289,2789,1209,0.4334887056292578,WinoGrande,0.5,validation,discovery
815,1.1921175211814894,0.07058534977041166,0.9016237737515376,56434,2678,0.04745366268561505,35817,1462,0.04081860569003546,2760,944,0.34202898550724636,WinoGrande,0.5,validation,discovery
816,1.0376976396078623,0.03228871645850101,0.9094694656215795,56447,2462,0.043616135489928605,35830,1335,0.037259279933017024,2773,942,0.33970429138117564,WinoGrande,0.5,validation,discovery
817,1.0968448411300475,0.05637143069921216,0.8776599322466083,56425,3355,0.05945945945945946,35804,1888,0.05273153837560049,2786,1035,0.37150035893754485,WinoGrande,0.5,validation,discovery
818,1.7642600318211996,0.021984362488813535,0.9176254562706785,56440,2227,0.0394578313253012,35825,1156,0.032267969295184926,2764,814,0.2945007235890014,WinoGrande,0.5,validation,discovery
819,1.282351064303848,0.03689094754449029,0.9032852355033061,56426,2625,0.04652110729096516,35825,1421,0.03966503838101884,2771,988,0.3565499819559726,WinoGrande,0.5,validation,discovery
820,1.3267430936925153,0.04354740134938442,0.9014633800629129,56430,2683,0.04754563175615807,35826,1397,0.03899402668453079,2773,948,0.3418680129823296,WinoGrande,0.5,validation,discovery
821,0.4926093336371772,0.024916349293848984,0.9079322691319295,56411,2498,0.04428214355356225,35809,1353,0.03778379736937641,2769,953,0.3441675695196822,WinoGrande,0.5,validation,discovery
822,0.3884957450275842,0.05878518118874203,0.8814342510723944,56484,3268,0.057857092273918276,35845,1652,0.04608732040730925,2781,1066,0.3833153541891406,WinoGrande,0.5,validation,discovery
823,2.247076885163462,0.06914187836240379,0.8897785598900604,56380,2999,0.05319262149698475,35780,1872,0.05231973169368362,2769,1119,0.40411700975081255,WinoGrande,0.5,validation,discovery
824,0.7656645553401522,0.05051254383598597,0.8914273489018235,56444,2972,0.052653957905180356,35824,1533,0.0427925413130862,2765,991,0.3584086799276673,WinoGrande,0.5,validation,discovery
825,0.835576018515642,0.01994482447358708,0.9102018608216779,56407,2430,0.04307975960430443,35809,1301,0.036331648468262166,2757,960,0.3482045701849837,WinoGrande,0.5,validation,discovery
826,1.5626935204228303,0.09076580380047124,0.8925201299764818,56446,2940,0.0520851787549162,35821,1689,0.04715111247592194,2771,1049,0.37856369541681706,WinoGrande,0.5,validation,discovery
827,0.8015160461007763,0.029462497889073836,0.8979481351340894,56452,2786,0.04935166158860625,35822,1405,0.039221707330690636,2776,911,0.3281700288184438,WinoGrande,0.5,validation,discovery
828,0.7970163505515646,0.050355183886341144,0.9084194340270225,56405,2479,0.04395000443223118,35797,1272,0.03553370394167109,2741,890,0.3246990149580445,WinoGrande,0.5,validation,discovery
829,1.6788217334818758,0.07355453646254834,0.9063821023301595,56451,2549,0.045154204531363484,35840,1448,0.040401785714285716,2783,991,0.3560905497664391,WinoGrande,0.5,validation,discovery
830,1.1396596287403917,0.09211679653888527,0.8912652576829044,56411,2966,0.05257839783021042,35810,1711,0.047779949734710975,2761,1014,0.36725823976819993,WinoGrande,0.5,validation,discovery
831,2.179917121521429,0.055113449030362985,0.8879938419668268,56409,3058,0.054211207431438244,35820,1486,0.041485203796761586,2775,951,0.3427027027027027,WinoGrande,0.5,validation,discovery
832,1.7962397757541901,0.04577611730740674,0.8666822289074305,56428,3667,0.06498546820727298,35815,1937,0.054083484573502726,2778,1010,0.36357091432685384,WinoGrande,0.5,validation,discovery
833,0.776788488405707,0.05414527457473922,0.8849762949767316,56391,3136,0.055611711088648895,35779,1893,0.05290813046759272,2768,1136,0.41040462427745666,WinoGrande,0.5,validation,discovery
834,0.9337110138365032,0.051866972767816405,0.8889284105385753,56436,3038,0.05383088808561911,35815,1794,0.050090744101633396,2775,1077,0.3881081081081081,WinoGrande,0.5,validation,discovery
835,0.7220877499140668,0.04134178632827116,0.9049666336323169,56435,2587,0.045840347302206076,35811,1526,0.04261260506548267,2771,1019,0.367737278960664,WinoGrande,0.5,validation,discovery
836,1.2320565683438218,0.057994564961407945,0.904065988118564,56461,2619,0.04638600095641239,35848,1270,0.035427359964293685,2782,869,0.3123652048885694,WinoGrande,0.5,validation,discovery
837,0.7326514131953424,0.029981730893650985,0.9122017965916104,56428,2379,0.042159920606790954,35836,1227,0.034239312423261524,2771,907,0.32731865752435946,WinoGrande,0.5,validation,discovery
838,0.9046045172569486,0.038399039140878916,0.906560005071437,56456,2548,0.04513249256057815,35832,1374,0.038345612860013395,2771,997,0.3597979068928185,WinoGrande,0.5,validation,discovery
839,0.6035209502021929,0.028455059786972894,0.8951420677672787,56410,2857,0.05064704839567453,35800,1488,0.04156424581005587,2770,1003,0.36209386281588446,WinoGrande,0.5,validation,discovery
840,0.8978296525694518,0.0348219277389707,0.9158186222259722,56429,2277,0.04035159226638785,35829,1171,0.03268302213290909,2763,851,0.3079985522982266,WinoGrande,0.5,validation,discovery
841,0.9327000492716373,0.051844346336638446,0.9160480906744762,56450,2273,0.04026572187776794,35824,1193,0.03330169718624386,2764,844,0.3053545586107091,WinoGrande,0.5,validation,discovery
842,1.4783296988346306,0.05514342235410485,0.913553857945665,56444,2344,0.04152788604634682,35831,1259,0.035137171722809855,2769,848,0.3062477428674612,WinoGrande,0.5,validation,discovery
843,1.4142806785648927,0.05104822561578733,0.9079548001375476,56419,2497,0.04425813998830181,35832,1259,0.035136191114087965,2772,890,0.32106782106782106,WinoGrande,0.5,validation,discovery
844,0.7023840499143232,0.047274494023300626,0.9170908685614458,56458,2244,0.03974636012611145,35853,1106,0.030848185646947256,2787,789,0.2831001076426265,WinoGrande,0.5,validation,discovery
845,0.9176790260382515,0.05001085619164796,0.9041519603979368,56392,2597,0.046052631578947366,35808,1424,0.039767649687220734,2761,956,0.34625135820354946,WinoGrande,0.5,validation,discovery
846,1.498585436017528,0.04950094415969787,0.9086265877293256,56438,2479,0.04392430631843793,35820,1398,0.039028475711892795,2767,975,0.352367184676545,WinoGrande,0.5,validation,discovery
847,0.8986476279942134,0.031048708113193883,0.9066467925232761,56461,2544,0.0450576504135598,35835,1325,0.03697502441746896,2773,895,0.32275513883880275,WinoGrande,0.5,validation,discovery
848,1.463813256845735,0.025221295283222776,0.9005220653031714,56425,2708,0.047992910943730614,35812,1341,0.0374455489779962,2763,921,0.3333333333333333,WinoGrande,0.5,validation,discovery
849,1.1779225343659172,0.03713420665363923,0.9091506800470492,56455,2473,0.04380480028341157,35851,1377,0.038408970461075005,2775,955,0.3441441441441441,WinoGrande,0.5,validation,discovery
850,0.4817335596052892,0.01688247459760813,0.9102321361191427,56453,2438,0.04318636742068623,35825,1258,0.03511514305652477,2760,876,0.3173913043478261,WinoGrande,0.5,validation,discovery
851,0.4320526045504762,0.016851384255590164,0.9056553406507702,56424,2562,0.04540621012335176,35803,1272,0.035527749071306874,2762,908,0.3287472845763939,WinoGrande,0.5,validation,discovery
852,1.0778468088170072,0.022290518581319772,0.9036873518671864,56459,2630,0.04658247577888379,35840,1325,0.03696986607142857,2771,881,0.31793576326236017,WinoGrande,0.5,validation,discovery
853,1.2107532097356162,0.019543886428883175,0.8966305457020215,56449,2824,0.05002745841378944,35851,1245,0.03472706479596106,2788,872,0.3127690100430416,WinoGrande,0.5,validation,discovery
854,1.0720347537107928,0.05312022300152864,0.8907127155023441,56423,2984,0.052886234337061126,35815,1535,0.042859137233002935,2761,971,0.3516841724013039,WinoGrande,0.5,validation,discovery
855,0.49933817066968755,0.024310227251783185,0.9075605899103346,56420,2503,0.04436370081531372,35800,1327,0.03706703910614525,2759,951,0.3446901051105473,WinoGrande,0.5,validation,discovery
856,0.9653854509541171,0.02101879327398615,0.9143825478290118,56471,2324,0.041153866586389476,35837,1168,0.03259201384044423,2781,892,0.3207479323984178,WinoGrande,0.5,validation,discovery
857,0.2689046805518492,0.008847796193095456,0.8988246664875188,56433,2754,0.04880123332092924,35822,1353,0.037770085422366144,2758,885,0.3208846990572879,WinoGrande,0.5,validation,discovery
858,1.1593867461714709,0.048606119435689814,0.9082355499379956,56436,2495,0.04420936990573393,35814,1414,0.03948176690679622,2761,986,0.35711698659905833,WinoGrande,0.5,validation,discovery
859,0.23931470440564534,0.018830740640829652,0.9093141386770608,56463,2472,0.04378088305616067,35827,1291,0.03603427582549474,2769,947,0.3420007222824124,WinoGrande,0.5,validation,discovery
860,0.7844870356515009,0.033405269310313825,0.9060702790885611,56467,2562,0.04537163298917952,35838,1382,0.03856241977788939,2773,931,0.33573746844572666,WinoGrande,0.5,validation,discovery
861,1.1480258319112802,0.08207682967037383,0.8935540876320289,56394,2896,0.051352980813561724,35785,1676,0.04683526617297751,2739,991,0.361810879883169,WinoGrande,0.5,validation,discovery
862,0.8922779051254709,0.030159534321074453,0.9061005029827948,56465,2561,0.04535552997432037,35829,1448,0.04041418962293115,2773,988,0.3562928236566895,WinoGrande,0.5,validation,discovery
863,1.5765676674080644,0.05030035463559383,0.896781274486923,56451,2818,0.049919399124904784,35851,1365,0.03807425176424646,2788,954,0.34218077474892394,WinoGrande,0.5,validation,discovery
864,0.801284296085878,0.04158700589530914,0.8873518585074187,56439,3084,0.05464306596502418,35811,1773,0.049509927117366175,2772,1049,0.37842712842712845,WinoGrande,0.5,validation,discovery
865,1.3183954394815995,0.061276622342700364,0.8843312164422011,56423,3162,0.056040976197649896,35850,1826,0.05093444909344491,2783,1068,0.38375853395616244,WinoGrande,0.5,validation,discovery
866,1.079289190345905,0.03134877055315331,0.9139064385313623,56483,2342,0.04146380326824,35851,1240,0.034587598672282505,2783,906,0.3255479698167445,WinoGrande,0.5,validation,discovery
867,0.9311062933693871,0.03906459586371856,0.9048864688044277,56442,2590,0.04588781403919067,35831,1299,0.036253523485250204,2762,902,0.3265749456915279,WinoGrande,0.5,validation,discovery
868,0.6082541993709829,0.048878997692054074,0.8966841717762629,56465,2829,0.05010183299389002,35840,1423,0.03970424107142857,2774,915,0.32984859408795963,WinoGrande,0.5,validation,discovery
869,0.9314366094816382,0.041336691635158226,0.8951958802839171,56395,2852,0.05057185920737654,35794,1580,0.04414147622506565,2766,972,0.351409978308026,WinoGrande,0.5,validation,discovery
870,1.0117099034405963,0.04558708920852593,0.8928666820201856,56445,2932,0.05194437062627336,35808,1792,0.050044682752457555,2772,1130,0.40764790764790765,WinoGrande,0.5,validation,discovery
871,0.3088928538695045,0.04428558582861254,0.8912104385009093,56409,2969,0.05263344501763903,35821,1521,0.04246112615504871,2772,991,0.3575036075036075,WinoGrande,0.5,validation,discovery
872,0.6169121240365856,0.029195963025114884,0.9043491711527759,56425,2598,0.04604342046964998,35808,1413,0.039460455764075066,2767,945,0.3415251174557282,WinoGrande,0.5,validation,discovery
873,0.7110054316152618,0.029743954709576772,0.9027353187040501,56427,2646,0.046892445106066244,35820,1352,0.03774427694025684,2764,933,0.33755426917510856,WinoGrande,0.5,validation,discovery
874,0.741703073284703,0.02439828552588196,0.9089741733744583,56420,2468,0.043743353420772776,35813,1325,0.03699773825147293,2755,933,0.3386569872958258,WinoGrande,0.5,validation,discovery
875,1.0485994778103087,0.024330193953468374,0.8939808272607668,56448,2897,0.05132157029478458,35818,1506,0.04204589871014574,2759,972,0.35230155853570133,WinoGrande,0.5,validation,discovery
876,1.1776673955847317,0.01853421883095474,0.8999852804350382,56423,2723,0.04826046115945625,35820,1347,0.03760469011725293,2769,913,0.329721921271217,WinoGrande,0.5,validation,discovery
877,1.6327290367433043,0.050872223720888406,0.9063222158652084,56439,2547,0.04512836868123107,35817,1375,0.03838959153474607,2771,934,0.33706243233489713,WinoGrande,0.5,validation,discovery
878,0.45269170920120194,0.03434669776227592,0.901199811237428,56440,2694,0.047732104890148834,35818,1516,0.042325087944608854,2775,1009,0.3636036036036036,WinoGrande,0.5,validation,discovery
879,0.7007118645360307,0.055046009051943776,0.8995602326797991,56407,2726,0.04832733525980818,35817,1328,0.03707736549683111,2760,905,0.3278985507246377,WinoGrande,0.5,validation,discovery
880,1.6333183155538347,0.06320587410124244,0.8813330849851753,56406,3248,0.0575825266815587,35800,1647,0.04600558659217877,2768,936,0.33815028901734107,WinoGrande,0.5,validation,discovery
881,0.8787859037127208,0.059334381841155165,0.9175358583951764,56439,2229,0.03949396693775581,35826,1271,0.03547702785686373,2768,926,0.3345375722543353,WinoGrande,0.5,validation,discovery
882,0.8507056119473291,0.037659784185802854,0.8781253450903409,56456,3349,0.05932053280430778,35848,1707,0.04761771925909395,2792,1046,0.3746418338108882,WinoGrande,0.5,validation,discovery
883,0.8825482307100938,0.03557594231968271,0.8957864036261353,56446,2846,0.05041987031853453,35820,1587,0.044304857621440534,2777,1027,0.3698235505941664,WinoGrande,0.5,validation,discovery
884,1.6458978863942264,0.0379109021542256,0.8957650742715175,56441,2846,0.05042433691819776,35820,1505,0.04201563372417644,2763,982,0.3554107853782121,WinoGrande,0.5,validation,discovery
885,0.9131824863194686,0.019024558069087323,0.9080502185640331,56466,2505,0.04436297949208373,35830,1461,0.04077588612894223,2771,1013,0.36557199566943344,WinoGrande,0.5,validation,discovery
886,0.819839852460249,0.020345045083788475,0.9257331989557698,56453,2000,0.03542770091934884,35836,1057,0.029495479406183727,2761,782,0.283230713509598,WinoGrande,0.5,validation,discovery
887,1.633671162009806,0.0994407050895435,0.8850265208871918,56425,3147,0.05577315019937971,35801,1814,0.050668975726935,2750,1044,0.37963636363636366,WinoGrande,0.5,validation,discovery
888,1.8989442992620045,0.14065773387151273,0.87742574627218,56469,3373,0.05973188829269156,35835,1978,0.05519743267754988,2774,1049,0.3781542898341745,WinoGrande,0.5,validation,discovery
889,0.8875785923131929,0.061683285106069255,0.906019975092704,56452,2560,0.04534826046907107,35838,1331,0.03713934929404543,2770,914,0.32996389891696754,WinoGrande,0.5,validation,discovery
890,0.9935709285314163,0.06069598057728621,0.8839100645949034,56389,3171,0.05623437195197645,35818,1718,0.04796471048076386,2768,1059,0.38258670520231214,WinoGrande,0.5,validation,discovery
891,0.9032614081321232,0.035348417956798946,0.9225227148753349,56443,2093,0.037081657601474055,35836,1097,0.03061167541020203,2767,810,0.29273581496205275,WinoGrande,0.5,validation,discovery
892,0.9718209539875375,0.04543704550155331,0.8977242310413434,56383,2776,0.0492346984020006,35785,1491,0.04166550230543524,2754,937,0.3402323892519971,WinoGrande,0.5,validation,discovery
893,0.6031360531675256,0.050722357102179066,0.9061712003794903,56429,2554,0.045260415743677895,35815,1395,0.03895016054725674,2762,937,0.3392469225199131,WinoGrande,0.5,validation,discovery
894,0.4559623186799911,0.058403021311033185,0.8935198315353008,56475,2918,0.0516688800354139,35833,1502,0.041916668992269694,2764,978,0.35383502170767006,WinoGrande,0.5,validation,discovery
895,1.3634502452401804,0.04745324532700512,0.8828774458008212,56450,3214,0.05693534100974314,35825,1908,0.053258897418004186,2772,1096,0.3953823953823954,WinoGrande,0.5,validation,discovery
896,1.0422302208441088,0.03529468529106655,0.9015429452307931,56409,2676,0.04743923841940116,35797,1527,0.04265720591110987,2751,1007,0.36604870956015995,WinoGrande,0.5,validation,discovery
897,0.5628762540809918,0.05316518298714143,0.9004418530627318,56420,2706,0.04796171570365119,35808,1384,0.03865058087578195,2758,908,0.3292240754169688,WinoGrande,0.5,validation,discovery
898,0.6184122503445525,0.0316377570303893,0.9117867443496003,56430,2390,0.04235335814283183,35805,1283,0.03583298422008099,2756,873,0.3167634252539913,WinoGrande,0.5,validation,discovery
899,0.6785008092922193,0.02631969658804905,0.9096088575085777,56442,2454,0.043478260869565216,35828,1338,0.0373450932231774,2774,943,0.33994232155731796,WinoGrande,0.5,validation,discovery
900,1.2824209848477266,0.05929290005066222,0.8794430644070373,56414,3304,0.05856702237033361,35808,1967,0.05493185880250223,2774,1071,0.386085075702956,WinoGrande,0.5,validation,discovery
901,0.9035129075991067,0.020653761009844104,0.8823750316022378,56434,3222,0.05709324166282737,35821,1541,0.043019457859914574,2774,980,0.35328046142754144,WinoGrande,0.5,validation,discovery
902,0.6157022542483965,0.0538440508444379,0.9102595320700699,56413,2431,0.04309290411784518,35822,1247,0.03481100999385852,2760,905,0.3278985507246377,WinoGrande,0.5,validation,discovery
903,1.557678343267747,0.06908939553114499,0.8946078157474456,56440,2881,0.051045357902197025,35818,1738,0.0485230889496901,2769,1022,0.3690863127482846,WinoGrande,0.5,validation,discovery
904,1.4581694372749547,0.07074970357127497,0.8761650373980758,56390,3390,0.0601170420287285,35792,2095,0.058532632990612427,2770,1128,0.4072202166064982,WinoGrande,0.5,validation,discovery
905,1.4182009144194343,0.0261062064700305,0.8922003881280437,56467,2955,0.052331450227566544,35832,1562,0.04359231971422192,2779,974,0.3504857862540482,WinoGrande,0.5,validation,discovery
906,0.6039324300536503,0.03215970084761209,0.8946231819947,56448,2879,0.05100269274376417,35836,1460,0.04074115414666815,2781,946,0.3401654081265732,WinoGrande,0.5,validation,discovery
907,1.9419519212212009,0.06850831331543498,0.9045747985062271,56451,2599,0.04603992843350871,35822,1404,0.039193791524761316,2765,956,0.345750452079566,WinoGrande,0.5,validation,discovery
908,0.6867560718566256,0.046890518990893124,0.877130709062365,56457,3378,0.059833147351081355,35856,1680,0.04685408299866131,2791,989,0.35435327839484054,WinoGrande,0.5,validation,discovery
909,0.1964244681018164,0.03293044799884201,0.911760898499646,56432,2394,0.042422738871562234,35816,1305,0.0364362296180478,2760,891,0.32282608695652176,WinoGrande,0.5,validation,discovery
910,0.9863287460122396,0.06961723320902782,0.8958866007064772,56445,2848,0.050456196297280535,35831,1441,0.040216572241913426,2774,908,0.32732516222062,WinoGrande,0.5,validation,discovery
911,1.2456698099050731,0.05355683752019708,0.8929162718076421,56426,2923,0.051802360613901394,35824,1517,0.04234591335417597,2777,982,0.35361901332373064,WinoGrande,0.5,validation,discovery
912,0.8284247626680371,0.05092788846498045,0.9100639050413737,56464,2447,0.043337347690563896,35842,1316,0.036716701076948834,2773,923,0.33285250631085467,WinoGrande,0.5,validation,discovery
913,1.290001518100365,0.05501238044481876,0.8988973190593014,56457,2761,0.048904475972864306,35849,1569,0.04376691121091244,2792,1021,0.3656876790830946,WinoGrande,0.5,validation,discovery
914,0.6218780026638676,0.028931750741839755,0.8985616901896006,56418,2758,0.048885107589776315,35801,1477,0.04125583084271389,2766,993,0.35900216919739697,WinoGrande,0.5,validation,discovery
915,1.1020742772713443,0.06414584498057599,0.904123408873248,56431,2606,0.04618029097481881,35822,1356,0.037853832840154096,2777,950,0.34209578682030967,WinoGrande,0.5,validation,discovery
916,0.6189911084554758,0.033246094205970356,0.9162563079694891,56481,2277,0.040314442024751686,35834,1114,0.03108779371546576,2769,808,0.29180209461899603,WinoGrande,0.5,validation,discovery
917,1.786651422307338,0.056485799067401435,0.9094388974247553,56412,2455,0.04351910940934553,35798,1310,0.036594223140957595,2746,919,0.33466860888565186,WinoGrande,0.5,validation,discovery
918,1.106292576475308,0.08190393476635062,0.9034752370928866,56444,2629,0.046577138402664586,35823,1529,0.04268207576138235,2777,958,0.34497659344616494,WinoGrande,0.5,validation,discovery
919,0.4449638578702902,0.031328154527836084,0.9004322935658524,56457,2715,0.04808969658324034,35826,1346,0.03757047953999888,2764,914,0.3306801736613603,WinoGrande,0.5,validation,discovery
920,1.417540273404318,0.045746785361028684,0.889891992774914,56434,3011,0.053354360846298333,35829,1602,0.04471238382316001,2776,979,0.3526657060518732,WinoGrande,0.5,validation,discovery
921,0.474249941343371,0.03991894343257346,0.8882409857287125,56437,3058,0.05418431171040275,35828,1703,0.04753265602322206,2782,1003,0.36053199137311287,WinoGrande,0.5,validation,discovery
922,0.5730273826371275,0.03416026809310447,0.9035541854846828,56425,2623,0.046486486486486484,35829,1392,0.03885120991375701,2775,951,0.3427027027027027,WinoGrande,0.5,validation,discovery
923,1.2379677376230525,0.09736834217546385,0.9003731761929968,56446,2717,0.048134500230308616,35819,1554,0.04338479577877663,2753,990,0.3596077006901562,WinoGrande,0.5,validation,discovery
924,0.9531294626156407,0.027176666425417963,0.9024115065061861,56447,2658,0.04708841922511382,35822,1358,0.03790966445201273,2765,963,0.3482820976491863,WinoGrande,0.5,validation,discovery
925,0.5283657626978343,0.034856466761397975,0.8806370127461317,56402,3265,0.05788801815538456,35794,1801,0.05031569536793876,2761,1098,0.39768199927562475,WinoGrande,0.5,validation,discovery
926,1.2786124776973284,0.04956838413811709,0.8940475594100937,56444,2898,0.05134292396003118,35819,1567,0.043747731650799856,2772,989,0.35678210678210676,WinoGrande,0.5,validation,discovery
927,1.2366750954132975,0.0293619775960371,0.9119592983810297,56452,2391,0.04235456671154255,35845,1200,0.033477472450829965,2780,885,0.3183453237410072,WinoGrande,0.5,validation,discovery
928,1.46776593006599,0.055645475526781174,0.909679323813444,56424,2447,0.04336807032468453,35822,1262,0.03522974708279828,2767,879,0.31767256956993134,WinoGrande,0.5,validation,discovery
929,0.4220511625697934,0.022505214261746075,0.9141041428180788,56419,2322,0.04115634803878126,35811,1233,0.03443076149786378,2757,901,0.3268044976423649,WinoGrande,0.5,validation,discovery
930,1.0415828184937037,0.039533045403255695,0.8960160210045897,56441,2842,0.05035346645169292,35832,1471,0.04105269033266354,2776,995,0.3584293948126801,WinoGrande,0.5,validation,discovery
931,0.42231221858081597,0.009765392651471872,0.9105494262532269,56442,2424,0.04294674178803019,35854,1190,0.033190160093713394,2787,880,0.31575170434158595,WinoGrande,0.5,validation,discovery
932,1.0690123120562791,0.05996035479642629,0.8973434524936688,56416,2795,0.04954268292682927,35808,1536,0.04289544235924933,2771,1016,0.3666546373150487,WinoGrande,0.5,validation,discovery
933,0.2537798577481686,0.021771646564356234,0.9096905445930459,56426,2445,0.04333108850529897,35814,1292,0.036075277824314515,2760,905,0.3278985507246377,WinoGrande,0.5,validation,discovery
934,1.8451938613079015,0.062338664929676005,0.9077008388649387,56461,2515,0.044544021536990136,35845,1363,0.03802482912540103,2781,931,0.33477166486875226,WinoGrande,0.5,validation,discovery
935,1.168770186583618,0.06768725834007733,0.9154780977339372,56443,2289,0.040554187410307745,35821,1387,0.03872030373244745,2758,944,0.34227701232777374,WinoGrande,0.5,validation,discovery
936,1.005610237025022,0.04735035818121872,0.8854685787467327,56457,3145,0.05570611261668172,35824,1627,0.045416480571683786,2773,992,0.3577353047241255,WinoGrande,0.5,validation,discovery
937,1.1602070121244843,0.05611755537571561,0.8951759949843142,56440,2863,0.050726435152374204,35831,1542,0.043035360442075295,2781,1026,0.36893203883495146,WinoGrande,0.5,validation,discovery
938,0.46472104378770945,0.02091602759258546,0.9094694656215795,56449,2465,0.043667735478042126,35817,1259,0.03515090599436022,2761,927,0.3357479174212242,WinoGrande,0.5,validation,discovery
939,0.8457570966937271,0.03354354686440869,0.9045483591105485,56401,2585,0.04583252069998759,35803,1393,0.03890735413233528,2762,949,0.3435916002896452,WinoGrande,0.5,validation,discovery
940,1.016542420427048,0.07967658783682524,0.8990573971026828,56441,2756,0.048829751421838735,35821,1572,0.04388487200245666,2761,1063,0.38500543281419775,WinoGrande,0.5,validation,discovery
941,0.5583699028903684,0.04073685395607665,0.8844902779922708,56430,3163,0.056051745525429734,35812,1767,0.04934100301574891,2778,1060,0.38156947444204464,WinoGrande,0.5,validation,discovery
942,0.8122882227464968,0.05769864820309925,0.9083060569092286,56436,2488,0.044085335601389185,35816,1325,0.03699463926736654,2772,938,0.3383838383838384,WinoGrande,0.5,validation,discovery
943,1.4594363749649322,0.05259568983604592,0.9027660779611161,56431,2645,0.046871400471372116,35818,1354,0.03780222234630633,2756,850,0.3084179970972424,WinoGrande,0.5,validation,discovery
944,0.5905124176544788,0.02526043746531425,0.9144497377575616,56439,2318,0.041070890696149824,35825,1118,0.031207257501744592,2762,810,0.2932657494569153,WinoGrande,0.5,validation,discovery
945,1.1584821354235826,0.027071263718147998,0.9142987253952335,56445,2325,0.04119053946319426,35827,1201,0.033522203924414545,2763,851,0.3079985522982266,WinoGrande,0.5,validation,discovery
946,0.8066232434033773,0.021070501911683692,0.9191098105758098,56436,2186,0.03873414132823021,35820,1137,0.031742043551088776,2766,853,0.3083875632682574,WinoGrande,0.5,validation,discovery
947,1.270798755826707,0.06049423617888426,0.8739160311178906,56423,3462,0.06135795686156355,35802,2084,0.058209038601195466,2781,1122,0.4034519956850054,WinoGrande,0.5,validation,discovery
948,1.0080545727394143,0.05176137026865965,0.9051718678225371,56440,2579,0.04569454287739192,35816,1300,0.036296627205718114,2761,914,0.331039478449837,WinoGrande,0.5,validation,discovery
949,1.007534195908139,0.025922410421184768,0.8974589150855451,56446,2800,0.04960493214753924,35836,1301,0.03630427503069539,2774,908,0.32732516222062,WinoGrande,0.5,validation,discovery
950,1.048257566878177,0.032595989569283335,0.9187284034725858,56456,2198,0.038932974351707526,35828,1153,0.03218153399575751,2755,846,0.30707803992740473,WinoGrande,0.5,validation,discovery
951,1.35214629798082,0.04926115756976289,0.8943160537875045,56443,2887,0.05114894672501462,35829,1488,0.04153060370091267,2773,992,0.3577353047241255,WinoGrande,0.5,validation,discovery
952,1.4852680513615837,0.03462522013944174,0.9010359045989905,56437,2698,0.04780551765685632,35821,1397,0.038999469584880375,2766,950,0.34345625451916123,WinoGrande,0.5,validation,discovery
953,1.9929369726558375,0.12310921328797855,0.8878647264059321,56423,3070,0.054410435460716375,35821,1889,0.05273442952458055,2766,1080,0.39045553145336226,WinoGrande,0.5,validation,discovery
954,0.9098178260613276,0.054870007157044855,0.9041604511964644,56397,2598,0.04606628012128305,35798,1595,0.044555561763226996,2760,1044,0.3782608695652174,WinoGrande,0.5,validation,discovery
955,1.3895648475489266,0.026301591583490706,0.9002938167399016,56435,2718,0.048161601842828035,35814,1442,0.04026358407326744,2761,951,0.3444404201376313,WinoGrande,0.5,validation,discovery
956,0.9692026787758218,0.037466654677337174,0.9091152713829042,56433,2467,0.04371555650062906,35810,1324,0.03697291259424742,2764,936,0.3386396526772793,WinoGrande,0.5,validation,discovery
957,0.690969199886341,0.05222029223259591,0.8870562246031907,56444,3091,0.0547622422223797,35826,1571,0.04385083458940434,2768,934,0.3374277456647399,WinoGrande,0.5,validation,discovery
958,1.5566884585952951,0.04107259173481943,0.9031835582050013,56443,2635,0.046684265542228445,35832,1338,0.03734092431346283,2769,875,0.31599855543517513,WinoGrande,0.5,validation,discovery
959,1.337095351497325,0.03739699541972104,0.8995871768724107,56451,2743,0.04859081327168695,35806,1554,0.04340054739429146,2760,997,0.361231884057971,WinoGrande,0.5,validation,discovery
960,1.8841406063789208,0.09663399574378805,0.8999923832324852,56435,2727,0.04832107734561886,35814,1535,0.04286033394761825,2760,960,0.34782608695652173,WinoGrande,0.5,validation,discovery
961,1.573822059770132,0.06251779084316822,0.8874591044942646,56418,3079,0.05457478109823106,35823,1631,0.0455294084805851,2764,985,0.35636758321273515,WinoGrande,0.5,validation,discovery
962,0.8641395406528852,0.06937069002073988,0.8765493496501167,56422,3384,0.05997660487044061,35800,2202,0.061508379888268155,2787,1200,0.43057050592034446,WinoGrande,0.5,validation,discovery
963,1.9896496258479606,0.14068016051080393,0.8791303448341874,56439,3317,0.05877141692801077,35820,2218,0.06192071468453378,2770,1198,0.43249097472924186,WinoGrande,0.5,validation,discovery
964,1.078049098426734,0.024350218549393475,0.9101985369409211,56434,2435,0.04314774781160294,35826,1290,0.03600736894992464,2774,888,0.3201153568853641,WinoGrande,0.5,validation,discovery
965,1.389435467291841,0.03638231486172428,0.9104547463103488,56490,2446,0.04329969906178085,35847,1191,0.03322453761821073,2777,870,0.3132877205617573,WinoGrande,0.5,validation,discovery
966,1.9973375979850918,0.12297652650117004,0.875520416439655,56467,3429,0.06072573361432341,35836,2006,0.055977229601518026,2777,1067,0.38422758372344257,WinoGrande,0.5,validation,discovery
967,1.411240391963931,0.03755122226932314,0.907230263857657,56478,2532,0.044831615850419636,35852,1351,0.037682695526051545,2789,911,0.3266403728935102,WinoGrande,0.5,validation,discovery
968,0.8777251051570133,0.026931031382069967,0.9189329822240371,56422,2188,0.03877919960299174,35815,1203,0.03358927823537624,2757,853,0.3093942691331157,WinoGrande,0.5,validation,discovery
969,1.1844851496780076,0.07271235917106945,0.8971233896265906,56399,2796,0.049575347080621994,35806,1570,0.04384739987711557,2756,1005,0.3646589259796807,WinoGrande,0.5,validation,discovery
970,1.7255348190139816,0.06083086053412463,0.8965084796449138,56455,2828,0.05009299442033478,35832,1535,0.042838803304308996,2780,1020,0.3669064748201439,WinoGrande,0.5,validation,discovery
971,1.005685924211695,0.05010132445538105,0.8930798218328827,56455,2926,0.05182889026658401,35848,1512,0.042178085248828386,2779,993,0.3573227779776898,WinoGrande,0.5,validation,discovery
972,0.49619775018447126,0.03642087810141659,0.90647952693018,56443,2545,0.04508973654837624,35836,1346,0.03755999553521598,2779,941,0.33861101115509173,WinoGrande,0.5,validation,discovery
973,1.1672294117120414,0.0546135368093825,0.9068480058213031,56442,2534,0.04489564508699195,35833,1324,0.036949180922613234,2777,898,0.3233705437522506,WinoGrande,0.5,validation,discovery
974,1.086087499600984,0.037506131737875245,0.9102257757376714,56438,2436,0.04316240830646018,35824,1226,0.034222867351496204,2761,873,0.3161897863093082,WinoGrande,0.5,validation,discovery
975,0.9389984978419477,0.028519617540389057,0.9021806437387829,56447,2669,0.047283292291884424,35833,1321,0.03686545921357408,2776,944,0.3400576368876081,WinoGrande,0.5,validation,discovery
976,0.979382824766616,0.021391505038776362,0.905751845250215,56477,2572,0.04554066257060396,35841,1402,0.039117212131357944,2780,938,0.33741007194244604,WinoGrande,0.5,validation,discovery
977,0.44505504290947434,0.039729640619848336,0.9139224715741023,56442,2335,0.04136990184614294,35832,1186,0.03309890600580487,2765,837,0.3027124773960217,WinoGrande,0.5,validation,discovery
978,1.2841319853733077,0.036068566677520356,0.8971233896265906,56403,2797,0.04958956083896247,35816,1416,0.039535403171766806,2763,859,0.31089395584509594,WinoGrande,0.5,validation,discovery
979,1.3199895814064617,0.016969104813788896,0.9083925621996428,56435,2487,0.04406839727119695,35816,1217,0.033979227161045344,2745,859,0.3129326047358834,WinoGrande,0.5,validation,discovery
980,0.9435960329251534,0.05392950274255913,0.9115699934465219,56446,2401,0.0425362293165149,35827,1271,0.0354760376252547,2766,893,0.3228488792480116,WinoGrande,0.5,validation,discovery
981,1.4351801203073,0.06494451304798357,0.8784880399594841,56363,3315,0.05881518017138903,35774,1929,0.05392184267904064,2763,1061,0.3840028954035469,WinoGrande,0.5,validation,discovery
982,1.0235837286253613,0.03703880375733891,0.9035276554695604,56464,2635,0.04666690280532729,35822,1341,0.037435095751214335,2765,940,0.3399638336347197,WinoGrande,0.5,validation,discovery
983,1.1111959721825704,0.04001963854351116,0.9022472241323899,56479,2669,0.047256502416827495,35857,1529,0.04264160414981733,2792,993,0.3556590257879656,WinoGrande,0.5,validation,discovery
984,0.9593836152819231,0.04155910995311733,0.9013673054937253,56433,2690,0.0476671451101306,35822,1499,0.04184579308804645,2776,1010,0.3638328530259366,WinoGrande,0.5,validation,discovery
985,0.6634042555744053,0.027578622727635758,0.9150968856410189,56442,2300,0.040749796251018745,35823,1213,0.033860927337185605,2765,884,0.3197106690777577,WinoGrande,0.5,validation,discovery
986,0.6294039110410141,0.028910806649163,0.9024912774077779,56416,2647,0.046919313669880884,35804,1371,0.03829181097084125,2751,928,0.3373318793166121,WinoGrande,0.5,validation,discovery
987,1.0162468096589394,0.07573509576476936,0.9025338706477721,56456,2661,0.047134051296584954,35827,1435,0.04005359086722304,2758,890,0.32269760696156635,WinoGrande,0.5,validation,discovery
988,1.4076864170423518,0.05241530160108722,0.8825750479446597,56403,3211,0.056929595943478184,35799,1780,0.04972205927539875,2766,1030,0.37237888647866957,WinoGrande,0.5,validation,discovery
989,1.3918841191977163,0.06863784089303376,0.8990617267885308,56440,2753,0.048777462792345856,35821,1450,0.04047904860277491,2759,966,0.3501268575570859,WinoGrande,0.5,validation,discovery
990,0.5911843882422582,0.03543943451303949,0.9052675249879255,56424,2573,0.045601162625832976,35819,1335,0.037270722242385326,2769,918,0.3315276273022752,WinoGrande,0.5,validation,discovery
991,1.4648000735938964,0.03393194342749239,0.900587309725782,56435,2708,0.04798440683972712,35841,1390,0.03878240004464161,2780,938,0.33741007194244604,WinoGrande,0.5,validation,discovery
992,1.308982956409545,0.022789686123449504,0.9089052763588846,56424,2468,0.043740252374875936,35811,1390,0.03881488927983022,2758,950,0.34445250181290793,WinoGrande,0.5,validation,discovery
993,2.213259850157534,0.051104516979887896,0.9139278552083325,56427,2326,0.04122140110230918,35817,1153,0.032191417483317976,2766,844,0.3051337671728127,WinoGrande,0.5,validation,discovery
994,0.23363520373257973,0.01679762775105311,0.912952452237524,56461,2367,0.04192274313242769,35835,1112,0.031031114831868285,2770,817,0.29494584837545124,WinoGrande,0.5,validation,discovery
995,1.5836736481536808,0.034777898601921306,0.9012967150295846,56453,2695,0.047738826988822564,35832,1318,0.036782764009823624,2767,862,0.31152873147813515,WinoGrande,0.5,validation,discovery
996,0.9800041805276901,0.02297714086122191,0.911831405470879,56440,2390,0.0423458540042523,35842,1220,0.034038279113888736,2779,865,0.31126304426052537,WinoGrande,0.5,validation,discovery
997,0.8055086409390807,0.02676110497681908,0.9150933807266971,56411,2292,0.04063037350871284,35797,1175,0.03282397966310026,2746,835,0.3040786598689002,WinoGrande,0.5,validation,discovery
998,0.9190579744964176,0.023279638264801478,0.894879672426572,56456,2878,0.05097775258608474,35828,1449,0.04044322875962934,2767,999,0.3610408384531984,WinoGrande,0.5,validation,discovery
999,0.5762962691555666,0.021621915032206698,0.9098011317943756,56419,2449,0.04340736276786189,35818,1278,0.03568038416438662,2755,905,0.32849364791288566,WinoGrande,0.5,validation,discovery
